<?xml version="1.0" encoding="UTF-8" standalone="no" ?>
<gpx xmlns="http://www.topografix.com/GPX/1/1" xmlns:gpxx="http://www.garmin.com/xmlschemas/GpxExtensions/v3" xmlns:gpxtpx="http://www.garmin.com/xmlschemas/TrackPointExtension/v1" xmlns:trp="http://www.garmin.com/xmlschemas/TripExtensions/v1" creator="Scenic Motorcycle Navigation App" version="1.1" xmlns:xsi="http://www.w3.org/2001/XMLSchema-instance" xsi:schemaLocation="http://www.topografix.com/GPX/1/1 http://www.topografix.com/GPX/1/1/gpx.xsd http://www.garmin.com/xmlschemas/GpxExtensions/v3 http://www.garmin.com/xmlschemas/GpxExtensionsv3.xsd http://www.garmin.com/xmlschemas/TrackPointExtension/v1 http://www.garmin.com/xmlschemas/TrackPointExtensionv1.xsd">

<metadata>
  <author>
    <name>Scenic Motorcycle Navigation App</name>
  </author>
  <copyright author="scenic.app"></copyright>
  <link href="https://scenic.app">
    <text>https://scenic.app</text>
  </link>
</metadata>

<wpt lat="40.558183" lon="8.318854">
  <name>Route Start</name>
  <desc>Scenic Motorcycle Navigation App</desc>
  <src>https://scenic.app</src>
  <link href="https://scenic.app">
    <text>https://scenic.app</text>
  </link>
</wpt>

<wpt lat="40.298521" lon="8.500518">
  <name>Route End</name>
  <desc>Scenic Motorcycle Navigation App</desc>
  <src>https://scenic.app</src>
  <link href="https://scenic.app">
    <text>https://scenic.app</text>
  </link>
</wpt>

<rte>
  <name>Alghero to Bosa — SP105/SP49, Sardinia (plain GPX)</name>
  <desc>Distance: 45 km
Best for: Coastal riding, Mediterranean views, a short ride worth the journey
Best time: April to November
Scenic Motorcycle Navigation App
  </desc>
  <src>https://scenic.app</src>
  <link href="https://scenic.app">
    <text>https://scenic.app</text>
  </link>
  <rtept lat="40.558000" lon="8.319000">
    <name>Route Start - Route Start</name>
  </rtept>
  <rtept lat="40.298500" lon="8.500600">
    <name>Route End - Route End</name>
  </rtept>
</rte>

<rte>
  <name>Alghero to Bosa — SP105/SP49, Sardinia (Garmin Trip Extension)</name>
  <desc>Distance: 45 km
Best for: Coastal riding, Mediterranean views, a short ride worth the journey
Best time: April to November
Scenic Motorcycle Navigation App
  </desc>
  <src>https://scenic.app</src>
  <link href="https://scenic.app">
    <text>https://scenic.app</text>
  </link>
  <rtept lat="40.558000" lon="8.319000">
    <name>Route Start - Route Start</name>
    <extensions>
      <trp:ViaPoint/>
    </extensions>
  </rtept>
  <rtept lat="40.298500" lon="8.500600">
    <name>Route End - Route End</name>
    <extensions>
      <trp:ViaPoint/>
    </extensions>
  </rtept>
</rte>

<rte>
  <name>Alghero to Bosa — SP105/SP49, Sardinia (Garmin RoutePoint Extension)</name>
  <desc>Distance: 45 km
Best for: Coastal riding, Mediterranean views, a short ride worth the journey
Best time: April to November
Scenic Motorcycle Navigation App
  </desc>
  <src>https://scenic.app</src>
  <link href="https://scenic.app">
    <text>https://scenic.app</text>
  </link>
  <rtept lat="40.558000" lon="8.319000">
    <name>Route Start - Route Start</name>
  </rtept>
  <rtept lat="40.298500" lon="8.500600">
    <name>Route End - Route End</name>
  </rtept>
</rte>

<trk>
  <name>Alghero to Bosa — SP105/SP49, Sardinia (Track)</name>
  <desc>Distance: 45 km
Best for: Coastal riding, Mediterranean views, a short ride worth the journey
Best time: April to November
Scenic Motorcycle Navigation App
  </desc>
  <src>https://scenic.app</src>
  <link href="https://scenic.app">
    <text>https://scenic.app</text>
  </link>
  <trkseg>
    <trkpt lat="40.558183" lon="8.318854">
      <ele>0</ele>
      <time>2026-04-13T11:07:19.000Z</time>
    </trkpt>
    <trkpt lat="40.557899" lon="8.318238">
      <ele>0</ele>
      <time>2026-04-13T11:07:21.143Z</time>
    </trkpt>
    <trkpt lat="40.557862" lon="8.318159">
      <ele>0</ele>
      <time>2026-04-13T11:07:23.287Z</time>
    </trkpt>
    <trkpt lat="40.557833" lon="8.318097">
      <ele>0</ele>
      <time>2026-04-13T11:07:25.430Z</time>
    </trkpt>
    <trkpt lat="40.557663" lon="8.317734">
      <ele>0</ele>
      <time>2026-04-13T11:07:27.574Z</time>
    </trkpt>
    <trkpt lat="40.557643" lon="8.317693">
      <ele>0</ele>
      <time>2026-04-13T11:07:29.717Z</time>
    </trkpt>
    <trkpt lat="40.557506" lon="8.317397">
      <ele>0</ele>
      <time>2026-04-13T11:07:31.861Z</time>
    </trkpt>
    <trkpt lat="40.557456" lon="8.317278">
      <ele>0</ele>
      <time>2026-04-13T11:07:34.004Z</time>
    </trkpt>
    <trkpt lat="40.557375" lon="8.317282">
      <ele>0</ele>
      <time>2026-04-13T11:07:36.148Z</time>
    </trkpt>
    <trkpt lat="40.556707" lon="8.317798">
      <ele>0</ele>
      <time>2026-04-13T11:07:38.291Z</time>
    </trkpt>
    <trkpt lat="40.556701" lon="8.317803">
      <ele>0</ele>
      <time>2026-04-13T11:07:40.435Z</time>
    </trkpt>
    <trkpt lat="40.556635" lon="8.317854">
      <ele>0</ele>
      <time>2026-04-13T11:07:42.578Z</time>
    </trkpt>
    <trkpt lat="40.556423" lon="8.318015">
      <ele>0</ele>
      <time>2026-04-13T11:07:44.722Z</time>
    </trkpt>
    <trkpt lat="40.556344" lon="8.318086">
      <ele>0</ele>
      <time>2026-04-13T11:07:46.865Z</time>
    </trkpt>
    <trkpt lat="40.556184" lon="8.318227">
      <ele>0</ele>
      <time>2026-04-13T11:07:49.009Z</time>
    </trkpt>
    <trkpt lat="40.555929" lon="8.318454">
      <ele>0</ele>
      <time>2026-04-13T11:07:51.152Z</time>
    </trkpt>
    <trkpt lat="40.555793" lon="8.318576">
      <ele>0</ele>
      <time>2026-04-13T11:07:53.296Z</time>
    </trkpt>
    <trkpt lat="40.555712" lon="8.318710">
      <ele>0</ele>
      <time>2026-04-13T11:07:55.439Z</time>
    </trkpt>
    <trkpt lat="40.555661" lon="8.318789">
      <ele>0</ele>
      <time>2026-04-13T11:07:57.583Z</time>
    </trkpt>
    <trkpt lat="40.555461" lon="8.319141">
      <ele>0</ele>
      <time>2026-04-13T11:07:59.726Z</time>
    </trkpt>
    <trkpt lat="40.555370" lon="8.319302">
      <ele>0</ele>
      <time>2026-04-13T11:08:01.870Z</time>
    </trkpt>
    <trkpt lat="40.555021" lon="8.319942">
      <ele>0</ele>
      <time>2026-04-13T11:08:04.013Z</time>
    </trkpt>
    <trkpt lat="40.554968" lon="8.320040">
      <ele>0</ele>
      <time>2026-04-13T11:08:06.157Z</time>
    </trkpt>
    <trkpt lat="40.554949" lon="8.320022">
      <ele>0</ele>
      <time>2026-04-13T11:08:08.300Z</time>
    </trkpt>
    <trkpt lat="40.554196" lon="8.319341">
      <ele>0</ele>
      <time>2026-04-13T11:08:10.444Z</time>
    </trkpt>
    <trkpt lat="40.554153" lon="8.319301">
      <ele>0</ele>
      <time>2026-04-13T11:08:12.588Z</time>
    </trkpt>
    <trkpt lat="40.553704" lon="8.318892">
      <ele>0</ele>
      <time>2026-04-13T11:08:14.731Z</time>
    </trkpt>
    <trkpt lat="40.553414" lon="8.318626">
      <ele>0</ele>
      <time>2026-04-13T11:08:16.875Z</time>
    </trkpt>
    <trkpt lat="40.553366" lon="8.318583">
      <ele>0</ele>
      <time>2026-04-13T11:08:19.018Z</time>
    </trkpt>
    <trkpt lat="40.552635" lon="8.317882">
      <ele>0</ele>
      <time>2026-04-13T11:08:21.162Z</time>
    </trkpt>
    <trkpt lat="40.552606" lon="8.317854">
      <ele>0</ele>
      <time>2026-04-13T11:08:23.305Z</time>
    </trkpt>
    <trkpt lat="40.552315" lon="8.318106">
      <ele>0</ele>
      <time>2026-04-13T11:08:25.449Z</time>
    </trkpt>
    <trkpt lat="40.552269" lon="8.318147">
      <ele>0</ele>
      <time>2026-04-13T11:08:27.592Z</time>
    </trkpt>
    <trkpt lat="40.552254" lon="8.318168">
      <ele>0</ele>
      <time>2026-04-13T11:08:29.736Z</time>
    </trkpt>
    <trkpt lat="40.552149" lon="8.318315">
      <ele>0</ele>
      <time>2026-04-13T11:08:31.879Z</time>
    </trkpt>
    <trkpt lat="40.552001" lon="8.318635">
      <ele>0</ele>
      <time>2026-04-13T11:08:34.023Z</time>
    </trkpt>
    <trkpt lat="40.551818" lon="8.318777">
      <ele>0</ele>
      <time>2026-04-13T11:08:36.166Z</time>
    </trkpt>
    <trkpt lat="40.551678" lon="8.318836">
      <ele>0</ele>
      <time>2026-04-13T11:08:38.310Z</time>
    </trkpt>
    <trkpt lat="40.551459" lon="8.318855">
      <ele>0</ele>
      <time>2026-04-13T11:08:40.453Z</time>
    </trkpt>
    <trkpt lat="40.551323" lon="8.318933">
      <ele>0</ele>
      <time>2026-04-13T11:08:42.597Z</time>
    </trkpt>
    <trkpt lat="40.551260" lon="8.319023">
      <ele>0</ele>
      <time>2026-04-13T11:08:44.740Z</time>
    </trkpt>
    <trkpt lat="40.551185" lon="8.319131">
      <ele>0</ele>
      <time>2026-04-13T11:08:46.884Z</time>
    </trkpt>
    <trkpt lat="40.551069" lon="8.319296">
      <ele>0</ele>
      <time>2026-04-13T11:08:49.027Z</time>
    </trkpt>
    <trkpt lat="40.550842" lon="8.319744">
      <ele>0</ele>
      <time>2026-04-13T11:08:51.171Z</time>
    </trkpt>
    <trkpt lat="40.550766" lon="8.319923">
      <ele>0</ele>
      <time>2026-04-13T11:08:53.314Z</time>
    </trkpt>
    <trkpt lat="40.550565" lon="8.320398">
      <ele>0</ele>
      <time>2026-04-13T11:08:55.458Z</time>
    </trkpt>
    <trkpt lat="40.550401" lon="8.320627">
      <ele>0</ele>
      <time>2026-04-13T11:08:57.601Z</time>
    </trkpt>
    <trkpt lat="40.550346" lon="8.320675">
      <ele>0</ele>
      <time>2026-04-13T11:08:59.745Z</time>
    </trkpt>
    <trkpt lat="40.550283" lon="8.320731">
      <ele>0</ele>
      <time>2026-04-13T11:09:01.888Z</time>
    </trkpt>
    <trkpt lat="40.549961" lon="8.320880">
      <ele>0</ele>
      <time>2026-04-13T11:09:04.032Z</time>
    </trkpt>
    <trkpt lat="40.549854" lon="8.320916">
      <ele>0</ele>
      <time>2026-04-13T11:09:06.175Z</time>
    </trkpt>
    <trkpt lat="40.549825" lon="8.320926">
      <ele>0</ele>
      <time>2026-04-13T11:09:08.319Z</time>
    </trkpt>
    <trkpt lat="40.549749" lon="8.320952">
      <ele>0</ele>
      <time>2026-04-13T11:09:10.463Z</time>
    </trkpt>
    <trkpt lat="40.549619" lon="8.320997">
      <ele>0</ele>
      <time>2026-04-13T11:09:12.606Z</time>
    </trkpt>
    <trkpt lat="40.549428" lon="8.321040">
      <ele>0</ele>
      <time>2026-04-13T11:09:14.750Z</time>
    </trkpt>
    <trkpt lat="40.549241" lon="8.321036">
      <ele>0</ele>
      <time>2026-04-13T11:09:16.893Z</time>
    </trkpt>
    <trkpt lat="40.549124" lon="8.321012">
      <ele>0</ele>
      <time>2026-04-13T11:09:19.037Z</time>
    </trkpt>
    <trkpt lat="40.548880" lon="8.320962">
      <ele>0</ele>
      <time>2026-04-13T11:09:21.180Z</time>
    </trkpt>
    <trkpt lat="40.548639" lon="8.320950">
      <ele>0</ele>
      <time>2026-04-13T11:09:23.324Z</time>
    </trkpt>
    <trkpt lat="40.548481" lon="8.321024">
      <ele>0</ele>
      <time>2026-04-13T11:09:25.467Z</time>
    </trkpt>
    <trkpt lat="40.548371" lon="8.321179">
      <ele>0</ele>
      <time>2026-04-13T11:09:27.611Z</time>
    </trkpt>
    <trkpt lat="40.548268" lon="8.321505">
      <ele>0</ele>
      <time>2026-04-13T11:09:29.754Z</time>
    </trkpt>
    <trkpt lat="40.548102" lon="8.322138">
      <ele>0</ele>
      <time>2026-04-13T11:09:31.898Z</time>
    </trkpt>
    <trkpt lat="40.548008" lon="8.322344">
      <ele>0</ele>
      <time>2026-04-13T11:09:34.041Z</time>
    </trkpt>
    <trkpt lat="40.547990" lon="8.322364">
      <ele>0</ele>
      <time>2026-04-13T11:09:36.185Z</time>
    </trkpt>
    <trkpt lat="40.547748" lon="8.322640">
      <ele>0</ele>
      <time>2026-04-13T11:09:38.328Z</time>
    </trkpt>
    <trkpt lat="40.547426" lon="8.322822">
      <ele>0</ele>
      <time>2026-04-13T11:09:40.472Z</time>
    </trkpt>
    <trkpt lat="40.547229" lon="8.322843">
      <ele>0</ele>
      <time>2026-04-13T11:09:42.615Z</time>
    </trkpt>
    <trkpt lat="40.547025" lon="8.322820">
      <ele>0</ele>
      <time>2026-04-13T11:09:44.759Z</time>
    </trkpt>
    <trkpt lat="40.546926" lon="8.322741">
      <ele>0</ele>
      <time>2026-04-13T11:09:46.902Z</time>
    </trkpt>
    <trkpt lat="40.546812" lon="8.322658">
      <ele>0</ele>
      <time>2026-04-13T11:09:49.046Z</time>
    </trkpt>
    <trkpt lat="40.546582" lon="8.322491">
      <ele>0</ele>
      <time>2026-04-13T11:09:51.189Z</time>
    </trkpt>
    <trkpt lat="40.546224" lon="8.322293">
      <ele>0</ele>
      <time>2026-04-13T11:09:53.333Z</time>
    </trkpt>
    <trkpt lat="40.545266" lon="8.321892">
      <ele>0</ele>
      <time>2026-04-13T11:09:55.476Z</time>
    </trkpt>
    <trkpt lat="40.545018" lon="8.321701">
      <ele>0</ele>
      <time>2026-04-13T11:09:57.620Z</time>
    </trkpt>
    <trkpt lat="40.544651" lon="8.321408">
      <ele>0</ele>
      <time>2026-04-13T11:09:59.763Z</time>
    </trkpt>
    <trkpt lat="40.544549" lon="8.321358">
      <ele>0</ele>
      <time>2026-04-13T11:10:01.907Z</time>
    </trkpt>
    <trkpt lat="40.544424" lon="8.321344">
      <ele>0</ele>
      <time>2026-04-13T11:10:04.050Z</time>
    </trkpt>
    <trkpt lat="40.544289" lon="8.321363">
      <ele>0</ele>
      <time>2026-04-13T11:10:06.194Z</time>
    </trkpt>
    <trkpt lat="40.544183" lon="8.321426">
      <ele>0</ele>
      <time>2026-04-13T11:10:08.338Z</time>
    </trkpt>
    <trkpt lat="40.544080" lon="8.321515">
      <ele>0</ele>
      <time>2026-04-13T11:10:10.481Z</time>
    </trkpt>
    <trkpt lat="40.543989" lon="8.321650">
      <ele>0</ele>
      <time>2026-04-13T11:10:12.625Z</time>
    </trkpt>
    <trkpt lat="40.543920" lon="8.321866">
      <ele>0</ele>
      <time>2026-04-13T11:10:14.768Z</time>
    </trkpt>
    <trkpt lat="40.543870" lon="8.322233">
      <ele>0</ele>
      <time>2026-04-13T11:10:16.912Z</time>
    </trkpt>
    <trkpt lat="40.543818" lon="8.322455">
      <ele>0</ele>
      <time>2026-04-13T11:10:19.055Z</time>
    </trkpt>
    <trkpt lat="40.543729" lon="8.322670">
      <ele>0</ele>
      <time>2026-04-13T11:10:21.199Z</time>
    </trkpt>
    <trkpt lat="40.543628" lon="8.322803">
      <ele>0</ele>
      <time>2026-04-13T11:10:23.342Z</time>
    </trkpt>
    <trkpt lat="40.543518" lon="8.322907">
      <ele>0</ele>
      <time>2026-04-13T11:10:25.486Z</time>
    </trkpt>
    <trkpt lat="40.543336" lon="8.323021">
      <ele>0</ele>
      <time>2026-04-13T11:10:27.629Z</time>
    </trkpt>
    <trkpt lat="40.543244" lon="8.323051">
      <ele>0</ele>
      <time>2026-04-13T11:10:29.773Z</time>
    </trkpt>
    <trkpt lat="40.543187" lon="8.323077">
      <ele>0</ele>
      <time>2026-04-13T11:10:31.916Z</time>
    </trkpt>
    <trkpt lat="40.542951" lon="8.323090">
      <ele>0</ele>
      <time>2026-04-13T11:10:34.060Z</time>
    </trkpt>
    <trkpt lat="40.542724" lon="8.323006">
      <ele>0</ele>
      <time>2026-04-13T11:10:36.203Z</time>
    </trkpt>
    <trkpt lat="40.542523" lon="8.322813">
      <ele>0</ele>
      <time>2026-04-13T11:10:38.347Z</time>
    </trkpt>
    <trkpt lat="40.542378" lon="8.322548">
      <ele>0</ele>
      <time>2026-04-13T11:10:40.490Z</time>
    </trkpt>
    <trkpt lat="40.542281" lon="8.322251">
      <ele>0</ele>
      <time>2026-04-13T11:10:42.634Z</time>
    </trkpt>
    <trkpt lat="40.542207" lon="8.322077">
      <ele>0</ele>
      <time>2026-04-13T11:10:44.777Z</time>
    </trkpt>
    <trkpt lat="40.542075" lon="8.321944">
      <ele>0</ele>
      <time>2026-04-13T11:10:46.921Z</time>
    </trkpt>
    <trkpt lat="40.541932" lon="8.321918">
      <ele>0</ele>
      <time>2026-04-13T11:10:49.064Z</time>
    </trkpt>
    <trkpt lat="40.541837" lon="8.321934">
      <ele>0</ele>
      <time>2026-04-13T11:10:51.208Z</time>
    </trkpt>
    <trkpt lat="40.541704" lon="8.321985">
      <ele>0</ele>
      <time>2026-04-13T11:10:53.351Z</time>
    </trkpt>
    <trkpt lat="40.541588" lon="8.322093">
      <ele>0</ele>
      <time>2026-04-13T11:10:55.495Z</time>
    </trkpt>
    <trkpt lat="40.541496" lon="8.322263">
      <ele>0</ele>
      <time>2026-04-13T11:10:57.638Z</time>
    </trkpt>
    <trkpt lat="40.540930" lon="8.323130">
      <ele>0</ele>
      <time>2026-04-13T11:10:59.782Z</time>
    </trkpt>
    <trkpt lat="40.540620" lon="8.323392">
      <ele>0</ele>
      <time>2026-04-13T11:11:01.925Z</time>
    </trkpt>
    <trkpt lat="40.540062" lon="8.323783">
      <ele>0</ele>
      <time>2026-04-13T11:11:04.069Z</time>
    </trkpt>
    <trkpt lat="40.539709" lon="8.324041">
      <ele>0</ele>
      <time>2026-04-13T11:11:06.213Z</time>
    </trkpt>
    <trkpt lat="40.539370" lon="8.324271">
      <ele>0</ele>
      <time>2026-04-13T11:11:08.356Z</time>
    </trkpt>
    <trkpt lat="40.539256" lon="8.324321">
      <ele>0</ele>
      <time>2026-04-13T11:11:10.500Z</time>
    </trkpt>
    <trkpt lat="40.539093" lon="8.324350">
      <ele>0</ele>
      <time>2026-04-13T11:11:12.643Z</time>
    </trkpt>
    <trkpt lat="40.538922" lon="8.324319">
      <ele>0</ele>
      <time>2026-04-13T11:11:14.787Z</time>
    </trkpt>
    <trkpt lat="40.538503" lon="8.324198">
      <ele>0</ele>
      <time>2026-04-13T11:11:16.930Z</time>
    </trkpt>
    <trkpt lat="40.538063" lon="8.324036">
      <ele>0</ele>
      <time>2026-04-13T11:11:19.074Z</time>
    </trkpt>
    <trkpt lat="40.537599" lon="8.323883">
      <ele>0</ele>
      <time>2026-04-13T11:11:21.217Z</time>
    </trkpt>
    <trkpt lat="40.537503" lon="8.323844">
      <ele>0</ele>
      <time>2026-04-13T11:11:23.361Z</time>
    </trkpt>
    <trkpt lat="40.537374" lon="8.323833">
      <ele>0</ele>
      <time>2026-04-13T11:11:25.504Z</time>
    </trkpt>
    <trkpt lat="40.537259" lon="8.323847">
      <ele>0</ele>
      <time>2026-04-13T11:11:27.648Z</time>
    </trkpt>
    <trkpt lat="40.537165" lon="8.323882">
      <ele>0</ele>
      <time>2026-04-13T11:11:29.791Z</time>
    </trkpt>
    <trkpt lat="40.537006" lon="8.323989">
      <ele>0</ele>
      <time>2026-04-13T11:11:31.935Z</time>
    </trkpt>
    <trkpt lat="40.536904" lon="8.324091">
      <ele>0</ele>
      <time>2026-04-13T11:11:34.078Z</time>
    </trkpt>
    <trkpt lat="40.536802" lon="8.324253">
      <ele>0</ele>
      <time>2026-04-13T11:11:36.222Z</time>
    </trkpt>
    <trkpt lat="40.536452" lon="8.325224">
      <ele>0</ele>
      <time>2026-04-13T11:11:38.365Z</time>
    </trkpt>
    <trkpt lat="40.536318" lon="8.325449">
      <ele>0</ele>
      <time>2026-04-13T11:11:40.509Z</time>
    </trkpt>
    <trkpt lat="40.536119" lon="8.325606">
      <ele>0</ele>
      <time>2026-04-13T11:11:42.652Z</time>
    </trkpt>
    <trkpt lat="40.532884" lon="8.326818">
      <ele>0</ele>
      <time>2026-04-13T11:11:44.796Z</time>
    </trkpt>
    <trkpt lat="40.532599" lon="8.326899">
      <ele>0</ele>
      <time>2026-04-13T11:11:46.939Z</time>
    </trkpt>
    <trkpt lat="40.532428" lon="8.326899">
      <ele>0</ele>
      <time>2026-04-13T11:11:49.083Z</time>
    </trkpt>
    <trkpt lat="40.531981" lon="8.326832">
      <ele>0</ele>
      <time>2026-04-13T11:11:51.226Z</time>
    </trkpt>
    <trkpt lat="40.531827" lon="8.326834">
      <ele>0</ele>
      <time>2026-04-13T11:11:53.370Z</time>
    </trkpt>
    <trkpt lat="40.531675" lon="8.326855">
      <ele>0</ele>
      <time>2026-04-13T11:11:55.513Z</time>
    </trkpt>
    <trkpt lat="40.531227" lon="8.326987">
      <ele>0</ele>
      <time>2026-04-13T11:11:57.657Z</time>
    </trkpt>
    <trkpt lat="40.530962" lon="8.327093">
      <ele>0</ele>
      <time>2026-04-13T11:11:59.800Z</time>
    </trkpt>
    <trkpt lat="40.530831" lon="8.327155">
      <ele>0</ele>
      <time>2026-04-13T11:12:01.944Z</time>
    </trkpt>
    <trkpt lat="40.530705" lon="8.327247">
      <ele>0</ele>
      <time>2026-04-13T11:12:04.088Z</time>
    </trkpt>
    <trkpt lat="40.530591" lon="8.327363">
      <ele>0</ele>
      <time>2026-04-13T11:12:06.231Z</time>
    </trkpt>
    <trkpt lat="40.530460" lon="8.327532">
      <ele>0</ele>
      <time>2026-04-13T11:12:08.375Z</time>
    </trkpt>
    <trkpt lat="40.529608" lon="8.328737">
      <ele>0</ele>
      <time>2026-04-13T11:12:10.518Z</time>
    </trkpt>
    <trkpt lat="40.529514" lon="8.328824">
      <ele>0</ele>
      <time>2026-04-13T11:12:12.662Z</time>
    </trkpt>
    <trkpt lat="40.529412" lon="8.328841">
      <ele>0</ele>
      <time>2026-04-13T11:12:14.805Z</time>
    </trkpt>
    <trkpt lat="40.529312" lon="8.328827">
      <ele>0</ele>
      <time>2026-04-13T11:12:16.949Z</time>
    </trkpt>
    <trkpt lat="40.529009" lon="8.328730">
      <ele>0</ele>
      <time>2026-04-13T11:12:19.092Z</time>
    </trkpt>
    <trkpt lat="40.528910" lon="8.328702">
      <ele>0</ele>
      <time>2026-04-13T11:12:21.236Z</time>
    </trkpt>
    <trkpt lat="40.528825" lon="8.328707">
      <ele>0</ele>
      <time>2026-04-13T11:12:23.379Z</time>
    </trkpt>
    <trkpt lat="40.528738" lon="8.328765">
      <ele>0</ele>
      <time>2026-04-13T11:12:25.523Z</time>
    </trkpt>
    <trkpt lat="40.528658" lon="8.328857">
      <ele>0</ele>
      <time>2026-04-13T11:12:27.666Z</time>
    </trkpt>
    <trkpt lat="40.528393" lon="8.329310">
      <ele>0</ele>
      <time>2026-04-13T11:12:29.810Z</time>
    </trkpt>
    <trkpt lat="40.528324" lon="8.329402">
      <ele>0</ele>
      <time>2026-04-13T11:12:31.953Z</time>
    </trkpt>
    <trkpt lat="40.528236" lon="8.329495">
      <ele>0</ele>
      <time>2026-04-13T11:12:34.097Z</time>
    </trkpt>
    <trkpt lat="40.527756" lon="8.329958">
      <ele>0</ele>
      <time>2026-04-13T11:12:36.240Z</time>
    </trkpt>
    <trkpt lat="40.527507" lon="8.330175">
      <ele>0</ele>
      <time>2026-04-13T11:12:38.384Z</time>
    </trkpt>
    <trkpt lat="40.527241" lon="8.330340">
      <ele>0</ele>
      <time>2026-04-13T11:12:40.527Z</time>
    </trkpt>
    <trkpt lat="40.526783" lon="8.330575">
      <ele>0</ele>
      <time>2026-04-13T11:12:42.671Z</time>
    </trkpt>
    <trkpt lat="40.526568" lon="8.330640">
      <ele>0</ele>
      <time>2026-04-13T11:12:44.814Z</time>
    </trkpt>
    <trkpt lat="40.526347" lon="8.330670">
      <ele>0</ele>
      <time>2026-04-13T11:12:46.958Z</time>
    </trkpt>
    <trkpt lat="40.526134" lon="8.330716">
      <ele>0</ele>
      <time>2026-04-13T11:12:49.101Z</time>
    </trkpt>
    <trkpt lat="40.525956" lon="8.330843">
      <ele>0</ele>
      <time>2026-04-13T11:12:51.245Z</time>
    </trkpt>
    <trkpt lat="40.525675" lon="8.331181">
      <ele>0</ele>
      <time>2026-04-13T11:12:53.388Z</time>
    </trkpt>
    <trkpt lat="40.525316" lon="8.331623">
      <ele>0</ele>
      <time>2026-04-13T11:12:55.532Z</time>
    </trkpt>
    <trkpt lat="40.525082" lon="8.331874">
      <ele>0</ele>
      <time>2026-04-13T11:12:57.675Z</time>
    </trkpt>
    <trkpt lat="40.524796" lon="8.332095">
      <ele>0</ele>
      <time>2026-04-13T11:12:59.819Z</time>
    </trkpt>
    <trkpt lat="40.524567" lon="8.332259">
      <ele>0</ele>
      <time>2026-04-13T11:13:01.963Z</time>
    </trkpt>
    <trkpt lat="40.524335" lon="8.332410">
      <ele>0</ele>
      <time>2026-04-13T11:13:04.106Z</time>
    </trkpt>
    <trkpt lat="40.524153" lon="8.332496">
      <ele>0</ele>
      <time>2026-04-13T11:13:06.250Z</time>
    </trkpt>
    <trkpt lat="40.523977" lon="8.332572">
      <ele>0</ele>
      <time>2026-04-13T11:13:08.393Z</time>
    </trkpt>
    <trkpt lat="40.523780" lon="8.332679">
      <ele>0</ele>
      <time>2026-04-13T11:13:10.537Z</time>
    </trkpt>
    <trkpt lat="40.523676" lon="8.332741">
      <ele>0</ele>
      <time>2026-04-13T11:13:12.680Z</time>
    </trkpt>
    <trkpt lat="40.523570" lon="8.332817">
      <ele>0</ele>
      <time>2026-04-13T11:13:14.824Z</time>
    </trkpt>
    <trkpt lat="40.523458" lon="8.332915">
      <ele>0</ele>
      <time>2026-04-13T11:13:16.967Z</time>
    </trkpt>
    <trkpt lat="40.523362" lon="8.333067">
      <ele>0</ele>
      <time>2026-04-13T11:13:19.111Z</time>
    </trkpt>
    <trkpt lat="40.523046" lon="8.333721">
      <ele>0</ele>
      <time>2026-04-13T11:13:21.254Z</time>
    </trkpt>
    <trkpt lat="40.523017" lon="8.333833">
      <ele>0</ele>
      <time>2026-04-13T11:13:23.398Z</time>
    </trkpt>
    <trkpt lat="40.523010" lon="8.333991">
      <ele>0</ele>
      <time>2026-04-13T11:13:25.541Z</time>
    </trkpt>
    <trkpt lat="40.523023" lon="8.334053">
      <ele>0</ele>
      <time>2026-04-13T11:13:27.685Z</time>
    </trkpt>
    <trkpt lat="40.523037" lon="8.334142">
      <ele>0</ele>
      <time>2026-04-13T11:13:29.828Z</time>
    </trkpt>
    <trkpt lat="40.523088" lon="8.334256">
      <ele>0</ele>
      <time>2026-04-13T11:13:31.972Z</time>
    </trkpt>
    <trkpt lat="40.523453" lon="8.334826">
      <ele>0</ele>
      <time>2026-04-13T11:13:34.115Z</time>
    </trkpt>
    <trkpt lat="40.523507" lon="8.334927">
      <ele>0</ele>
      <time>2026-04-13T11:13:36.259Z</time>
    </trkpt>
    <trkpt lat="40.523556" lon="8.335057">
      <ele>0</ele>
      <time>2026-04-13T11:13:38.402Z</time>
    </trkpt>
    <trkpt lat="40.523581" lon="8.335187">
      <ele>0</ele>
      <time>2026-04-13T11:13:40.546Z</time>
    </trkpt>
    <trkpt lat="40.523601" lon="8.335371">
      <ele>0</ele>
      <time>2026-04-13T11:13:42.689Z</time>
    </trkpt>
    <trkpt lat="40.523591" lon="8.336921">
      <ele>0</ele>
      <time>2026-04-13T11:13:44.833Z</time>
    </trkpt>
    <trkpt lat="40.523554" lon="8.337193">
      <ele>0</ele>
      <time>2026-04-13T11:13:46.976Z</time>
    </trkpt>
    <trkpt lat="40.523465" lon="8.337475">
      <ele>0</ele>
      <time>2026-04-13T11:13:49.120Z</time>
    </trkpt>
    <trkpt lat="40.523284" lon="8.337817">
      <ele>0</ele>
      <time>2026-04-13T11:13:51.263Z</time>
    </trkpt>
    <trkpt lat="40.523247" lon="8.337884">
      <ele>0</ele>
      <time>2026-04-13T11:13:53.407Z</time>
    </trkpt>
    <trkpt lat="40.522683" lon="8.338882">
      <ele>0</ele>
      <time>2026-04-13T11:13:55.550Z</time>
    </trkpt>
    <trkpt lat="40.522065" lon="8.339992">
      <ele>0</ele>
      <time>2026-04-13T11:13:57.694Z</time>
    </trkpt>
    <trkpt lat="40.521915" lon="8.340261">
      <ele>0</ele>
      <time>2026-04-13T11:13:59.838Z</time>
    </trkpt>
    <trkpt lat="40.521183" lon="8.341558">
      <ele>0</ele>
      <time>2026-04-13T11:14:01.981Z</time>
    </trkpt>
    <trkpt lat="40.521092" lon="8.341706">
      <ele>0</ele>
      <time>2026-04-13T11:14:04.125Z</time>
    </trkpt>
    <trkpt lat="40.520984" lon="8.341822">
      <ele>0</ele>
      <time>2026-04-13T11:14:06.268Z</time>
    </trkpt>
    <trkpt lat="40.520276" lon="8.342316">
      <ele>0</ele>
      <time>2026-04-13T11:14:08.412Z</time>
    </trkpt>
    <trkpt lat="40.520012" lon="8.342456">
      <ele>0</ele>
      <time>2026-04-13T11:14:10.555Z</time>
    </trkpt>
    <trkpt lat="40.519966" lon="8.342474">
      <ele>0</ele>
      <time>2026-04-13T11:14:12.699Z</time>
    </trkpt>
    <trkpt lat="40.519838" lon="8.342501">
      <ele>0</ele>
      <time>2026-04-13T11:14:14.842Z</time>
    </trkpt>
    <trkpt lat="40.519718" lon="8.342489">
      <ele>0</ele>
      <time>2026-04-13T11:14:16.986Z</time>
    </trkpt>
    <trkpt lat="40.519134" lon="8.342386">
      <ele>0</ele>
      <time>2026-04-13T11:14:19.129Z</time>
    </trkpt>
    <trkpt lat="40.518727" lon="8.342318">
      <ele>0</ele>
      <time>2026-04-13T11:14:21.273Z</time>
    </trkpt>
    <trkpt lat="40.518394" lon="8.342293">
      <ele>0</ele>
      <time>2026-04-13T11:14:23.416Z</time>
    </trkpt>
    <trkpt lat="40.517945" lon="8.342285">
      <ele>0</ele>
      <time>2026-04-13T11:14:25.560Z</time>
    </trkpt>
    <trkpt lat="40.516565" lon="8.342269">
      <ele>0</ele>
      <time>2026-04-13T11:14:27.703Z</time>
    </trkpt>
    <trkpt lat="40.515894" lon="8.342264">
      <ele>0</ele>
      <time>2026-04-13T11:14:29.847Z</time>
    </trkpt>
    <trkpt lat="40.515680" lon="8.342274">
      <ele>0</ele>
      <time>2026-04-13T11:14:31.990Z</time>
    </trkpt>
    <trkpt lat="40.515468" lon="8.342306">
      <ele>0</ele>
      <time>2026-04-13T11:14:34.134Z</time>
    </trkpt>
    <trkpt lat="40.515265" lon="8.342396">
      <ele>0</ele>
      <time>2026-04-13T11:14:36.277Z</time>
    </trkpt>
    <trkpt lat="40.515093" lon="8.342496">
      <ele>0</ele>
      <time>2026-04-13T11:14:38.421Z</time>
    </trkpt>
    <trkpt lat="40.514685" lon="8.342739">
      <ele>0</ele>
      <time>2026-04-13T11:14:40.564Z</time>
    </trkpt>
    <trkpt lat="40.514337" lon="8.342954">
      <ele>0</ele>
      <time>2026-04-13T11:14:42.708Z</time>
    </trkpt>
    <trkpt lat="40.514191" lon="8.343063">
      <ele>0</ele>
      <time>2026-04-13T11:14:44.851Z</time>
    </trkpt>
    <trkpt lat="40.514087" lon="8.343178">
      <ele>0</ele>
      <time>2026-04-13T11:14:46.995Z</time>
    </trkpt>
    <trkpt lat="40.514032" lon="8.343246">
      <ele>0</ele>
      <time>2026-04-13T11:14:49.138Z</time>
    </trkpt>
    <trkpt lat="40.513511" lon="8.344159">
      <ele>0</ele>
      <time>2026-04-13T11:14:51.282Z</time>
    </trkpt>
    <trkpt lat="40.512981" lon="8.345120">
      <ele>0</ele>
      <time>2026-04-13T11:14:53.425Z</time>
    </trkpt>
    <trkpt lat="40.512587" lon="8.345835">
      <ele>0</ele>
      <time>2026-04-13T11:14:55.569Z</time>
    </trkpt>
    <trkpt lat="40.512483" lon="8.346065">
      <ele>0</ele>
      <time>2026-04-13T11:14:57.713Z</time>
    </trkpt>
    <trkpt lat="40.512466" lon="8.346102">
      <ele>0</ele>
      <time>2026-04-13T11:14:59.856Z</time>
    </trkpt>
    <trkpt lat="40.512428" lon="8.346241">
      <ele>0</ele>
      <time>2026-04-13T11:15:02.000Z</time>
    </trkpt>
    <trkpt lat="40.512398" lon="8.346408">
      <ele>0</ele>
      <time>2026-04-13T11:15:04.143Z</time>
    </trkpt>
    <trkpt lat="40.512357" lon="8.346735">
      <ele>0</ele>
      <time>2026-04-13T11:15:06.287Z</time>
    </trkpt>
    <trkpt lat="40.512160" lon="8.348277">
      <ele>0</ele>
      <time>2026-04-13T11:15:08.430Z</time>
    </trkpt>
    <trkpt lat="40.512151" lon="8.348456">
      <ele>0</ele>
      <time>2026-04-13T11:15:10.574Z</time>
    </trkpt>
    <trkpt lat="40.512156" lon="8.348636">
      <ele>0</ele>
      <time>2026-04-13T11:15:12.717Z</time>
    </trkpt>
    <trkpt lat="40.512533" lon="8.351127">
      <ele>0</ele>
      <time>2026-04-13T11:15:14.861Z</time>
    </trkpt>
    <trkpt lat="40.512553" lon="8.351291">
      <ele>0</ele>
      <time>2026-04-13T11:15:17.004Z</time>
    </trkpt>
    <trkpt lat="40.512724" lon="8.352438">
      <ele>0</ele>
      <time>2026-04-13T11:15:19.148Z</time>
    </trkpt>
    <trkpt lat="40.512746" lon="8.352642">
      <ele>0</ele>
      <time>2026-04-13T11:15:21.291Z</time>
    </trkpt>
    <trkpt lat="40.512755" lon="8.352840">
      <ele>0</ele>
      <time>2026-04-13T11:15:23.435Z</time>
    </trkpt>
    <trkpt lat="40.512723" lon="8.353008">
      <ele>0</ele>
      <time>2026-04-13T11:15:25.578Z</time>
    </trkpt>
    <trkpt lat="40.512649" lon="8.353229">
      <ele>0</ele>
      <time>2026-04-13T11:15:27.722Z</time>
    </trkpt>
    <trkpt lat="40.512370" lon="8.353787">
      <ele>0</ele>
      <time>2026-04-13T11:15:29.865Z</time>
    </trkpt>
    <trkpt lat="40.512223" lon="8.354010">
      <ele>0</ele>
      <time>2026-04-13T11:15:32.009Z</time>
    </trkpt>
    <trkpt lat="40.512197" lon="8.354062">
      <ele>0</ele>
      <time>2026-04-13T11:15:34.152Z</time>
    </trkpt>
    <trkpt lat="40.511875" lon="8.354705">
      <ele>0</ele>
      <time>2026-04-13T11:15:36.296Z</time>
    </trkpt>
    <trkpt lat="40.511711" lon="8.354981">
      <ele>0</ele>
      <time>2026-04-13T11:15:38.439Z</time>
    </trkpt>
    <trkpt lat="40.511653" lon="8.355071">
      <ele>0</ele>
      <time>2026-04-13T11:15:40.583Z</time>
    </trkpt>
    <trkpt lat="40.510386" lon="8.356306">
      <ele>0</ele>
      <time>2026-04-13T11:15:42.726Z</time>
    </trkpt>
    <trkpt lat="40.510117" lon="8.356538">
      <ele>0</ele>
      <time>2026-04-13T11:15:44.870Z</time>
    </trkpt>
    <trkpt lat="40.509972" lon="8.356599">
      <ele>0</ele>
      <time>2026-04-13T11:15:47.013Z</time>
    </trkpt>
    <trkpt lat="40.509819" lon="8.356619">
      <ele>0</ele>
      <time>2026-04-13T11:15:49.157Z</time>
    </trkpt>
    <trkpt lat="40.509383" lon="8.356615">
      <ele>0</ele>
      <time>2026-04-13T11:15:51.300Z</time>
    </trkpt>
    <trkpt lat="40.507341" lon="8.356499">
      <ele>0</ele>
      <time>2026-04-13T11:15:53.444Z</time>
    </trkpt>
    <trkpt lat="40.506678" lon="8.356445">
      <ele>0</ele>
      <time>2026-04-13T11:15:55.588Z</time>
    </trkpt>
    <trkpt lat="40.506458" lon="8.356445">
      <ele>0</ele>
      <time>2026-04-13T11:15:57.731Z</time>
    </trkpt>
    <trkpt lat="40.506243" lon="8.356496">
      <ele>0</ele>
      <time>2026-04-13T11:15:59.875Z</time>
    </trkpt>
    <trkpt lat="40.506045" lon="8.356579">
      <ele>0</ele>
      <time>2026-04-13T11:16:02.018Z</time>
    </trkpt>
    <trkpt lat="40.505210" lon="8.357139">
      <ele>0</ele>
      <time>2026-04-13T11:16:04.162Z</time>
    </trkpt>
    <trkpt lat="40.504798" lon="8.357423">
      <ele>0</ele>
      <time>2026-04-13T11:16:06.305Z</time>
    </trkpt>
    <trkpt lat="40.503871" lon="8.357847">
      <ele>0</ele>
      <time>2026-04-13T11:16:08.449Z</time>
    </trkpt>
    <trkpt lat="40.503332" lon="8.358093">
      <ele>0</ele>
      <time>2026-04-13T11:16:10.592Z</time>
    </trkpt>
    <trkpt lat="40.503237" lon="8.358149">
      <ele>0</ele>
      <time>2026-04-13T11:16:12.736Z</time>
    </trkpt>
    <trkpt lat="40.503147" lon="8.358234">
      <ele>0</ele>
      <time>2026-04-13T11:16:14.879Z</time>
    </trkpt>
    <trkpt lat="40.503019" lon="8.358412">
      <ele>0</ele>
      <time>2026-04-13T11:16:17.023Z</time>
    </trkpt>
    <trkpt lat="40.502752" lon="8.358995">
      <ele>0</ele>
      <time>2026-04-13T11:16:19.166Z</time>
    </trkpt>
    <trkpt lat="40.502518" lon="8.359662">
      <ele>0</ele>
      <time>2026-04-13T11:16:21.310Z</time>
    </trkpt>
    <trkpt lat="40.502437" lon="8.360040">
      <ele>0</ele>
      <time>2026-04-13T11:16:23.453Z</time>
    </trkpt>
    <trkpt lat="40.502367" lon="8.360601">
      <ele>0</ele>
      <time>2026-04-13T11:16:25.597Z</time>
    </trkpt>
    <trkpt lat="40.502287" lon="8.361072">
      <ele>0</ele>
      <time>2026-04-13T11:16:27.740Z</time>
    </trkpt>
    <trkpt lat="40.501518" lon="8.364326">
      <ele>0</ele>
      <time>2026-04-13T11:16:29.884Z</time>
    </trkpt>
    <trkpt lat="40.501404" lon="8.364733">
      <ele>0</ele>
      <time>2026-04-13T11:16:32.027Z</time>
    </trkpt>
    <trkpt lat="40.501297" lon="8.364956">
      <ele>0</ele>
      <time>2026-04-13T11:16:34.171Z</time>
    </trkpt>
    <trkpt lat="40.501183" lon="8.365131">
      <ele>0</ele>
      <time>2026-04-13T11:16:36.314Z</time>
    </trkpt>
    <trkpt lat="40.500949" lon="8.365366">
      <ele>0</ele>
      <time>2026-04-13T11:16:38.458Z</time>
    </trkpt>
    <trkpt lat="40.500700" lon="8.365562">
      <ele>0</ele>
      <time>2026-04-13T11:16:40.601Z</time>
    </trkpt>
    <trkpt lat="40.499859" lon="8.366145">
      <ele>0</ele>
      <time>2026-04-13T11:16:42.745Z</time>
    </trkpt>
    <trkpt lat="40.499602" lon="8.366438">
      <ele>0</ele>
      <time>2026-04-13T11:16:44.888Z</time>
    </trkpt>
    <trkpt lat="40.499513" lon="8.366645">
      <ele>0</ele>
      <time>2026-04-13T11:16:47.032Z</time>
    </trkpt>
    <trkpt lat="40.499466" lon="8.366918">
      <ele>0</ele>
      <time>2026-04-13T11:16:49.175Z</time>
    </trkpt>
    <trkpt lat="40.499459" lon="8.367157">
      <ele>0</ele>
      <time>2026-04-13T11:16:51.319Z</time>
    </trkpt>
    <trkpt lat="40.499427" lon="8.367431">
      <ele>0</ele>
      <time>2026-04-13T11:16:53.463Z</time>
    </trkpt>
    <trkpt lat="40.499376" lon="8.367626">
      <ele>0</ele>
      <time>2026-04-13T11:16:55.606Z</time>
    </trkpt>
    <trkpt lat="40.499288" lon="8.367789">
      <ele>0</ele>
      <time>2026-04-13T11:16:57.750Z</time>
    </trkpt>
    <trkpt lat="40.499183" lon="8.367913">
      <ele>0</ele>
      <time>2026-04-13T11:16:59.893Z</time>
    </trkpt>
    <trkpt lat="40.499072" lon="8.368029">
      <ele>0</ele>
      <time>2026-04-13T11:17:02.037Z</time>
    </trkpt>
    <trkpt lat="40.498956" lon="8.368085">
      <ele>0</ele>
      <time>2026-04-13T11:17:04.180Z</time>
    </trkpt>
    <trkpt lat="40.498685" lon="8.368127">
      <ele>0</ele>
      <time>2026-04-13T11:17:06.324Z</time>
    </trkpt>
    <trkpt lat="40.498106" lon="8.367924">
      <ele>0</ele>
      <time>2026-04-13T11:17:08.467Z</time>
    </trkpt>
    <trkpt lat="40.497984" lon="8.367916">
      <ele>0</ele>
      <time>2026-04-13T11:17:10.611Z</time>
    </trkpt>
    <trkpt lat="40.497855" lon="8.367956">
      <ele>0</ele>
      <time>2026-04-13T11:17:12.754Z</time>
    </trkpt>
    <trkpt lat="40.497767" lon="8.368033">
      <ele>0</ele>
      <time>2026-04-13T11:17:14.898Z</time>
    </trkpt>
    <trkpt lat="40.497730" lon="8.368111">
      <ele>0</ele>
      <time>2026-04-13T11:17:17.041Z</time>
    </trkpt>
    <trkpt lat="40.497680" lon="8.368268">
      <ele>0</ele>
      <time>2026-04-13T11:17:19.185Z</time>
    </trkpt>
    <trkpt lat="40.497605" lon="8.368755">
      <ele>0</ele>
      <time>2026-04-13T11:17:21.328Z</time>
    </trkpt>
    <trkpt lat="40.497585" lon="8.368916">
      <ele>0</ele>
      <time>2026-04-13T11:17:23.472Z</time>
    </trkpt>
    <trkpt lat="40.497510" lon="8.369385">
      <ele>0</ele>
      <time>2026-04-13T11:17:25.615Z</time>
    </trkpt>
    <trkpt lat="40.497495" lon="8.369493">
      <ele>0</ele>
      <time>2026-04-13T11:17:27.759Z</time>
    </trkpt>
    <trkpt lat="40.497320" lon="8.370583">
      <ele>0</ele>
      <time>2026-04-13T11:17:29.902Z</time>
    </trkpt>
    <trkpt lat="40.497288" lon="8.370730">
      <ele>0</ele>
      <time>2026-04-13T11:17:32.046Z</time>
    </trkpt>
    <trkpt lat="40.497216" lon="8.370878">
      <ele>0</ele>
      <time>2026-04-13T11:17:34.189Z</time>
    </trkpt>
    <trkpt lat="40.497144" lon="8.370962">
      <ele>0</ele>
      <time>2026-04-13T11:17:36.333Z</time>
    </trkpt>
    <trkpt lat="40.496976" lon="8.371048">
      <ele>0</ele>
      <time>2026-04-13T11:17:38.476Z</time>
    </trkpt>
    <trkpt lat="40.496034" lon="8.371435">
      <ele>0</ele>
      <time>2026-04-13T11:17:40.620Z</time>
    </trkpt>
    <trkpt lat="40.495263" lon="8.371752">
      <ele>0</ele>
      <time>2026-04-13T11:17:42.763Z</time>
    </trkpt>
    <trkpt lat="40.494335" lon="8.372232">
      <ele>0</ele>
      <time>2026-04-13T11:17:44.907Z</time>
    </trkpt>
    <trkpt lat="40.494154" lon="8.372357">
      <ele>0</ele>
      <time>2026-04-13T11:17:47.050Z</time>
    </trkpt>
    <trkpt lat="40.494060" lon="8.372471">
      <ele>0</ele>
      <time>2026-04-13T11:17:49.194Z</time>
    </trkpt>
    <trkpt lat="40.493852" lon="8.372770">
      <ele>0</ele>
      <time>2026-04-13T11:17:51.338Z</time>
    </trkpt>
    <trkpt lat="40.493262" lon="8.373610">
      <ele>0</ele>
      <time>2026-04-13T11:17:53.481Z</time>
    </trkpt>
    <trkpt lat="40.493134" lon="8.373755">
      <ele>0</ele>
      <time>2026-04-13T11:17:55.625Z</time>
    </trkpt>
    <trkpt lat="40.493014" lon="8.373873">
      <ele>0</ele>
      <time>2026-04-13T11:17:57.768Z</time>
    </trkpt>
    <trkpt lat="40.492872" lon="8.373934">
      <ele>0</ele>
      <time>2026-04-13T11:17:59.912Z</time>
    </trkpt>
    <trkpt lat="40.492581" lon="8.374004">
      <ele>0</ele>
      <time>2026-04-13T11:18:02.055Z</time>
    </trkpt>
    <trkpt lat="40.492091" lon="8.374122">
      <ele>0</ele>
      <time>2026-04-13T11:18:04.199Z</time>
    </trkpt>
    <trkpt lat="40.491939" lon="8.374232">
      <ele>0</ele>
      <time>2026-04-13T11:18:06.342Z</time>
    </trkpt>
    <trkpt lat="40.490819" lon="8.375153">
      <ele>0</ele>
      <time>2026-04-13T11:18:08.486Z</time>
    </trkpt>
    <trkpt lat="40.490587" lon="8.375341">
      <ele>0</ele>
      <time>2026-04-13T11:18:10.629Z</time>
    </trkpt>
    <trkpt lat="40.490513" lon="8.375424">
      <ele>0</ele>
      <time>2026-04-13T11:18:12.773Z</time>
    </trkpt>
    <trkpt lat="40.490435" lon="8.375560">
      <ele>0</ele>
      <time>2026-04-13T11:18:14.916Z</time>
    </trkpt>
    <trkpt lat="40.490366" lon="8.375742">
      <ele>0</ele>
      <time>2026-04-13T11:18:17.060Z</time>
    </trkpt>
    <trkpt lat="40.490329" lon="8.375888">
      <ele>0</ele>
      <time>2026-04-13T11:18:19.203Z</time>
    </trkpt>
    <trkpt lat="40.490306" lon="8.376039">
      <ele>0</ele>
      <time>2026-04-13T11:18:21.347Z</time>
    </trkpt>
    <trkpt lat="40.490312" lon="8.376213">
      <ele>0</ele>
      <time>2026-04-13T11:18:23.490Z</time>
    </trkpt>
    <trkpt lat="40.490354" lon="8.376445">
      <ele>0</ele>
      <time>2026-04-13T11:18:25.634Z</time>
    </trkpt>
    <trkpt lat="40.490425" lon="8.376637">
      <ele>0</ele>
      <time>2026-04-13T11:18:27.777Z</time>
    </trkpt>
    <trkpt lat="40.490599" lon="8.377009">
      <ele>0</ele>
      <time>2026-04-13T11:18:29.921Z</time>
    </trkpt>
    <trkpt lat="40.490720" lon="8.377279">
      <ele>0</ele>
      <time>2026-04-13T11:18:32.064Z</time>
    </trkpt>
    <trkpt lat="40.490803" lon="8.377491">
      <ele>0</ele>
      <time>2026-04-13T11:18:34.208Z</time>
    </trkpt>
    <trkpt lat="40.490831" lon="8.377644">
      <ele>0</ele>
      <time>2026-04-13T11:18:36.351Z</time>
    </trkpt>
    <trkpt lat="40.490834" lon="8.377794">
      <ele>0</ele>
      <time>2026-04-13T11:18:38.495Z</time>
    </trkpt>
    <trkpt lat="40.490806" lon="8.378013">
      <ele>0</ele>
      <time>2026-04-13T11:18:40.638Z</time>
    </trkpt>
    <trkpt lat="40.490743" lon="8.378179">
      <ele>0</ele>
      <time>2026-04-13T11:18:42.782Z</time>
    </trkpt>
    <trkpt lat="40.490677" lon="8.378297">
      <ele>0</ele>
      <time>2026-04-13T11:18:44.925Z</time>
    </trkpt>
    <trkpt lat="40.490598" lon="8.378389">
      <ele>0</ele>
      <time>2026-04-13T11:18:47.069Z</time>
    </trkpt>
    <trkpt lat="40.490457" lon="8.378486">
      <ele>0</ele>
      <time>2026-04-13T11:18:49.213Z</time>
    </trkpt>
    <trkpt lat="40.490307" lon="8.378529">
      <ele>0</ele>
      <time>2026-04-13T11:18:51.356Z</time>
    </trkpt>
    <trkpt lat="40.490191" lon="8.378545">
      <ele>0</ele>
      <time>2026-04-13T11:18:53.500Z</time>
    </trkpt>
    <trkpt lat="40.490062" lon="8.378526">
      <ele>0</ele>
      <time>2026-04-13T11:18:55.643Z</time>
    </trkpt>
    <trkpt lat="40.489926" lon="8.378440">
      <ele>0</ele>
      <time>2026-04-13T11:18:57.787Z</time>
    </trkpt>
    <trkpt lat="40.489769" lon="8.378281">
      <ele>0</ele>
      <time>2026-04-13T11:18:59.930Z</time>
    </trkpt>
    <trkpt lat="40.489554" lon="8.377992">
      <ele>0</ele>
      <time>2026-04-13T11:19:02.074Z</time>
    </trkpt>
    <trkpt lat="40.489388" lon="8.377742">
      <ele>0</ele>
      <time>2026-04-13T11:19:04.217Z</time>
    </trkpt>
    <trkpt lat="40.489318" lon="8.377583">
      <ele>0</ele>
      <time>2026-04-13T11:19:06.361Z</time>
    </trkpt>
    <trkpt lat="40.489268" lon="8.377376">
      <ele>0</ele>
      <time>2026-04-13T11:19:08.504Z</time>
    </trkpt>
    <trkpt lat="40.489167" lon="8.376682">
      <ele>0</ele>
      <time>2026-04-13T11:19:10.648Z</time>
    </trkpt>
    <trkpt lat="40.489112" lon="8.376406">
      <ele>0</ele>
      <time>2026-04-13T11:19:12.791Z</time>
    </trkpt>
    <trkpt lat="40.489059" lon="8.376267">
      <ele>0</ele>
      <time>2026-04-13T11:19:14.935Z</time>
    </trkpt>
    <trkpt lat="40.489004" lon="8.376155">
      <ele>0</ele>
      <time>2026-04-13T11:19:17.078Z</time>
    </trkpt>
    <trkpt lat="40.488945" lon="8.376067">
      <ele>0</ele>
      <time>2026-04-13T11:19:19.222Z</time>
    </trkpt>
    <trkpt lat="40.488853" lon="8.375982">
      <ele>0</ele>
      <time>2026-04-13T11:19:21.365Z</time>
    </trkpt>
    <trkpt lat="40.488646" lon="8.375869">
      <ele>0</ele>
      <time>2026-04-13T11:19:23.509Z</time>
    </trkpt>
    <trkpt lat="40.488498" lon="8.375855">
      <ele>0</ele>
      <time>2026-04-13T11:19:25.652Z</time>
    </trkpt>
    <trkpt lat="40.488388" lon="8.375871">
      <ele>0</ele>
      <time>2026-04-13T11:19:27.796Z</time>
    </trkpt>
    <trkpt lat="40.488261" lon="8.375916">
      <ele>0</ele>
      <time>2026-04-13T11:19:29.939Z</time>
    </trkpt>
    <trkpt lat="40.488148" lon="8.375984">
      <ele>0</ele>
      <time>2026-04-13T11:19:32.083Z</time>
    </trkpt>
    <trkpt lat="40.487737" lon="8.376299">
      <ele>0</ele>
      <time>2026-04-13T11:19:34.226Z</time>
    </trkpt>
    <trkpt lat="40.487502" lon="8.376494">
      <ele>0</ele>
      <time>2026-04-13T11:19:36.370Z</time>
    </trkpt>
    <trkpt lat="40.487335" lon="8.376674">
      <ele>0</ele>
      <time>2026-04-13T11:19:38.513Z</time>
    </trkpt>
    <trkpt lat="40.487233" lon="8.376839">
      <ele>0</ele>
      <time>2026-04-13T11:19:40.657Z</time>
    </trkpt>
    <trkpt lat="40.487112" lon="8.377121">
      <ele>0</ele>
      <time>2026-04-13T11:19:42.800Z</time>
    </trkpt>
    <trkpt lat="40.486990" lon="8.377570">
      <ele>0</ele>
      <time>2026-04-13T11:19:44.944Z</time>
    </trkpt>
    <trkpt lat="40.486936" lon="8.377818">
      <ele>0</ele>
      <time>2026-04-13T11:19:47.088Z</time>
    </trkpt>
    <trkpt lat="40.486875" lon="8.377974">
      <ele>0</ele>
      <time>2026-04-13T11:19:49.231Z</time>
    </trkpt>
    <trkpt lat="40.486746" lon="8.378147">
      <ele>0</ele>
      <time>2026-04-13T11:19:51.375Z</time>
    </trkpt>
    <trkpt lat="40.486363" lon="8.378373">
      <ele>0</ele>
      <time>2026-04-13T11:19:53.518Z</time>
    </trkpt>
    <trkpt lat="40.486230" lon="8.378451">
      <ele>0</ele>
      <time>2026-04-13T11:19:55.662Z</time>
    </trkpt>
    <trkpt lat="40.486080" lon="8.378482">
      <ele>0</ele>
      <time>2026-04-13T11:19:57.805Z</time>
    </trkpt>
    <trkpt lat="40.485864" lon="8.378481">
      <ele>0</ele>
      <time>2026-04-13T11:19:59.949Z</time>
    </trkpt>
    <trkpt lat="40.485740" lon="8.378439">
      <ele>0</ele>
      <time>2026-04-13T11:20:02.092Z</time>
    </trkpt>
    <trkpt lat="40.485659" lon="8.378368">
      <ele>0</ele>
      <time>2026-04-13T11:20:04.236Z</time>
    </trkpt>
    <trkpt lat="40.485524" lon="8.378195">
      <ele>0</ele>
      <time>2026-04-13T11:20:06.379Z</time>
    </trkpt>
    <trkpt lat="40.485448" lon="8.378068">
      <ele>0</ele>
      <time>2026-04-13T11:20:08.523Z</time>
    </trkpt>
    <trkpt lat="40.485411" lon="8.377980">
      <ele>0</ele>
      <time>2026-04-13T11:20:10.666Z</time>
    </trkpt>
    <trkpt lat="40.485383" lon="8.377913">
      <ele>0</ele>
      <time>2026-04-13T11:20:12.810Z</time>
    </trkpt>
    <trkpt lat="40.485277" lon="8.377693">
      <ele>0</ele>
      <time>2026-04-13T11:20:14.953Z</time>
    </trkpt>
    <trkpt lat="40.485117" lon="8.377459">
      <ele>0</ele>
      <time>2026-04-13T11:20:17.097Z</time>
    </trkpt>
    <trkpt lat="40.485036" lon="8.377378">
      <ele>0</ele>
      <time>2026-04-13T11:20:19.240Z</time>
    </trkpt>
    <trkpt lat="40.484914" lon="8.377280">
      <ele>0</ele>
      <time>2026-04-13T11:20:21.384Z</time>
    </trkpt>
    <trkpt lat="40.484744" lon="8.377197">
      <ele>0</ele>
      <time>2026-04-13T11:20:23.527Z</time>
    </trkpt>
    <trkpt lat="40.484638" lon="8.377171">
      <ele>0</ele>
      <time>2026-04-13T11:20:25.671Z</time>
    </trkpt>
    <trkpt lat="40.484514" lon="8.377149">
      <ele>0</ele>
      <time>2026-04-13T11:20:27.814Z</time>
    </trkpt>
    <trkpt lat="40.484478" lon="8.377151">
      <ele>0</ele>
      <time>2026-04-13T11:20:29.958Z</time>
    </trkpt>
    <trkpt lat="40.484314" lon="8.377160">
      <ele>0</ele>
      <time>2026-04-13T11:20:32.101Z</time>
    </trkpt>
    <trkpt lat="40.484226" lon="8.377183">
      <ele>0</ele>
      <time>2026-04-13T11:20:34.245Z</time>
    </trkpt>
    <trkpt lat="40.484126" lon="8.377224">
      <ele>0</ele>
      <time>2026-04-13T11:20:36.388Z</time>
    </trkpt>
    <trkpt lat="40.483751" lon="8.377460">
      <ele>0</ele>
      <time>2026-04-13T11:20:38.532Z</time>
    </trkpt>
    <trkpt lat="40.483686" lon="8.377500">
      <ele>0</ele>
      <time>2026-04-13T11:20:40.675Z</time>
    </trkpt>
    <trkpt lat="40.483471" lon="8.377632">
      <ele>0</ele>
      <time>2026-04-13T11:20:42.819Z</time>
    </trkpt>
    <trkpt lat="40.483256" lon="8.377754">
      <ele>0</ele>
      <time>2026-04-13T11:20:44.963Z</time>
    </trkpt>
    <trkpt lat="40.483174" lon="8.377785">
      <ele>0</ele>
      <time>2026-04-13T11:20:47.106Z</time>
    </trkpt>
    <trkpt lat="40.482967" lon="8.377865">
      <ele>0</ele>
      <time>2026-04-13T11:20:49.250Z</time>
    </trkpt>
    <trkpt lat="40.482760" lon="8.377899">
      <ele>0</ele>
      <time>2026-04-13T11:20:51.393Z</time>
    </trkpt>
    <trkpt lat="40.482551" lon="8.377903">
      <ele>0</ele>
      <time>2026-04-13T11:20:53.537Z</time>
    </trkpt>
    <trkpt lat="40.482432" lon="8.377895">
      <ele>0</ele>
      <time>2026-04-13T11:20:55.680Z</time>
    </trkpt>
    <trkpt lat="40.482318" lon="8.377876">
      <ele>0</ele>
      <time>2026-04-13T11:20:57.824Z</time>
    </trkpt>
    <trkpt lat="40.481803" lon="8.377809">
      <ele>0</ele>
      <time>2026-04-13T11:20:59.967Z</time>
    </trkpt>
    <trkpt lat="40.481104" lon="8.377703">
      <ele>0</ele>
      <time>2026-04-13T11:21:02.111Z</time>
    </trkpt>
    <trkpt lat="40.480866" lon="8.377664">
      <ele>0</ele>
      <time>2026-04-13T11:21:04.254Z</time>
    </trkpt>
    <trkpt lat="40.480642" lon="8.377642">
      <ele>0</ele>
      <time>2026-04-13T11:21:06.398Z</time>
    </trkpt>
    <trkpt lat="40.480344" lon="8.377648">
      <ele>0</ele>
      <time>2026-04-13T11:21:08.541Z</time>
    </trkpt>
    <trkpt lat="40.480068" lon="8.377704">
      <ele>0</ele>
      <time>2026-04-13T11:21:10.685Z</time>
    </trkpt>
    <trkpt lat="40.479762" lon="8.377785">
      <ele>0</ele>
      <time>2026-04-13T11:21:12.828Z</time>
    </trkpt>
    <trkpt lat="40.479344" lon="8.377929">
      <ele>0</ele>
      <time>2026-04-13T11:21:14.972Z</time>
    </trkpt>
    <trkpt lat="40.479074" lon="8.378030">
      <ele>0</ele>
      <time>2026-04-13T11:21:17.115Z</time>
    </trkpt>
    <trkpt lat="40.478919" lon="8.378101">
      <ele>0</ele>
      <time>2026-04-13T11:21:19.259Z</time>
    </trkpt>
    <trkpt lat="40.478787" lon="8.378179">
      <ele>0</ele>
      <time>2026-04-13T11:21:21.402Z</time>
    </trkpt>
    <trkpt lat="40.478518" lon="8.378361">
      <ele>0</ele>
      <time>2026-04-13T11:21:23.546Z</time>
    </trkpt>
    <trkpt lat="40.478336" lon="8.378538">
      <ele>0</ele>
      <time>2026-04-13T11:21:25.689Z</time>
    </trkpt>
    <trkpt lat="40.477865" lon="8.379067">
      <ele>0</ele>
      <time>2026-04-13T11:21:27.833Z</time>
    </trkpt>
    <trkpt lat="40.477367" lon="8.379622">
      <ele>0</ele>
      <time>2026-04-13T11:21:29.976Z</time>
    </trkpt>
    <trkpt lat="40.477245" lon="8.379735">
      <ele>0</ele>
      <time>2026-04-13T11:21:32.120Z</time>
    </trkpt>
    <trkpt lat="40.477183" lon="8.379787">
      <ele>0</ele>
      <time>2026-04-13T11:21:34.263Z</time>
    </trkpt>
    <trkpt lat="40.477078" lon="8.379849">
      <ele>0</ele>
      <time>2026-04-13T11:21:36.407Z</time>
    </trkpt>
    <trkpt lat="40.476962" lon="8.379890">
      <ele>0</ele>
      <time>2026-04-13T11:21:38.550Z</time>
    </trkpt>
    <trkpt lat="40.476871" lon="8.379914">
      <ele>0</ele>
      <time>2026-04-13T11:21:40.694Z</time>
    </trkpt>
    <trkpt lat="40.476151" lon="8.380049">
      <ele>0</ele>
      <time>2026-04-13T11:21:42.838Z</time>
    </trkpt>
    <trkpt lat="40.476016" lon="8.380091">
      <ele>0</ele>
      <time>2026-04-13T11:21:44.981Z</time>
    </trkpt>
    <trkpt lat="40.475841" lon="8.380188">
      <ele>0</ele>
      <time>2026-04-13T11:21:47.125Z</time>
    </trkpt>
    <trkpt lat="40.475268" lon="8.380665">
      <ele>0</ele>
      <time>2026-04-13T11:21:49.268Z</time>
    </trkpt>
    <trkpt lat="40.475111" lon="8.380778">
      <ele>0</ele>
      <time>2026-04-13T11:21:51.412Z</time>
    </trkpt>
    <trkpt lat="40.474968" lon="8.380832">
      <ele>0</ele>
      <time>2026-04-13T11:21:53.555Z</time>
    </trkpt>
    <trkpt lat="40.474207" lon="8.381057">
      <ele>0</ele>
      <time>2026-04-13T11:21:55.699Z</time>
    </trkpt>
    <trkpt lat="40.473980" lon="8.381116">
      <ele>0</ele>
      <time>2026-04-13T11:21:57.842Z</time>
    </trkpt>
    <trkpt lat="40.473831" lon="8.381129">
      <ele>0</ele>
      <time>2026-04-13T11:21:59.986Z</time>
    </trkpt>
    <trkpt lat="40.473582" lon="8.381127">
      <ele>0</ele>
      <time>2026-04-13T11:22:02.129Z</time>
    </trkpt>
    <trkpt lat="40.473215" lon="8.381038">
      <ele>0</ele>
      <time>2026-04-13T11:22:04.273Z</time>
    </trkpt>
    <trkpt lat="40.473078" lon="8.381006">
      <ele>0</ele>
      <time>2026-04-13T11:22:06.416Z</time>
    </trkpt>
    <trkpt lat="40.472899" lon="8.381025">
      <ele>0</ele>
      <time>2026-04-13T11:22:08.560Z</time>
    </trkpt>
    <trkpt lat="40.471259" lon="8.381316">
      <ele>0</ele>
      <time>2026-04-13T11:22:10.703Z</time>
    </trkpt>
    <trkpt lat="40.471055" lon="8.381387">
      <ele>0</ele>
      <time>2026-04-13T11:22:12.847Z</time>
    </trkpt>
    <trkpt lat="40.470895" lon="8.381507">
      <ele>0</ele>
      <time>2026-04-13T11:22:14.990Z</time>
    </trkpt>
    <trkpt lat="40.470710" lon="8.381683">
      <ele>0</ele>
      <time>2026-04-13T11:22:17.134Z</time>
    </trkpt>
    <trkpt lat="40.470579" lon="8.381744">
      <ele>0</ele>
      <time>2026-04-13T11:22:19.277Z</time>
    </trkpt>
    <trkpt lat="40.470316" lon="8.381821">
      <ele>0</ele>
      <time>2026-04-13T11:22:21.421Z</time>
    </trkpt>
    <trkpt lat="40.470196" lon="8.381821">
      <ele>0</ele>
      <time>2026-04-13T11:22:23.564Z</time>
    </trkpt>
    <trkpt lat="40.470105" lon="8.381730">
      <ele>0</ele>
      <time>2026-04-13T11:22:25.708Z</time>
    </trkpt>
    <trkpt lat="40.469969" lon="8.381504">
      <ele>0</ele>
      <time>2026-04-13T11:22:27.851Z</time>
    </trkpt>
    <trkpt lat="40.469890" lon="8.381258">
      <ele>0</ele>
      <time>2026-04-13T11:22:29.995Z</time>
    </trkpt>
    <trkpt lat="40.469806" lon="8.381068">
      <ele>0</ele>
      <time>2026-04-13T11:22:32.138Z</time>
    </trkpt>
    <trkpt lat="40.469712" lon="8.380946">
      <ele>0</ele>
      <time>2026-04-13T11:22:34.282Z</time>
    </trkpt>
    <trkpt lat="40.469698" lon="8.380927">
      <ele>0</ele>
      <time>2026-04-13T11:22:36.425Z</time>
    </trkpt>
    <trkpt lat="40.469515" lon="8.380790">
      <ele>0</ele>
      <time>2026-04-13T11:22:38.569Z</time>
    </trkpt>
    <trkpt lat="40.469362" lon="8.380771">
      <ele>0</ele>
      <time>2026-04-13T11:22:40.713Z</time>
    </trkpt>
    <trkpt lat="40.469236" lon="8.380756">
      <ele>0</ele>
      <time>2026-04-13T11:22:42.856Z</time>
    </trkpt>
    <trkpt lat="40.469050" lon="8.380798">
      <ele>0</ele>
      <time>2026-04-13T11:22:45.000Z</time>
    </trkpt>
    <trkpt lat="40.468856" lon="8.380886">
      <ele>0</ele>
      <time>2026-04-13T11:22:47.143Z</time>
    </trkpt>
    <trkpt lat="40.468712" lon="8.380982">
      <ele>0</ele>
      <time>2026-04-13T11:22:49.287Z</time>
    </trkpt>
    <trkpt lat="40.468602" lon="8.381085">
      <ele>0</ele>
      <time>2026-04-13T11:22:51.430Z</time>
    </trkpt>
    <trkpt lat="40.468476" lon="8.381232">
      <ele>0</ele>
      <time>2026-04-13T11:22:53.574Z</time>
    </trkpt>
    <trkpt lat="40.468375" lon="8.381405">
      <ele>0</ele>
      <time>2026-04-13T11:22:55.717Z</time>
    </trkpt>
    <trkpt lat="40.467985" lon="8.382265">
      <ele>0</ele>
      <time>2026-04-13T11:22:57.861Z</time>
    </trkpt>
    <trkpt lat="40.467869" lon="8.382446">
      <ele>0</ele>
      <time>2026-04-13T11:23:00.004Z</time>
    </trkpt>
    <trkpt lat="40.467683" lon="8.382668">
      <ele>0</ele>
      <time>2026-04-13T11:23:02.148Z</time>
    </trkpt>
    <trkpt lat="40.467193" lon="8.383144">
      <ele>0</ele>
      <time>2026-04-13T11:23:04.291Z</time>
    </trkpt>
    <trkpt lat="40.466949" lon="8.383414">
      <ele>0</ele>
      <time>2026-04-13T11:23:06.435Z</time>
    </trkpt>
    <trkpt lat="40.466499" lon="8.384099">
      <ele>0</ele>
      <time>2026-04-13T11:23:08.578Z</time>
    </trkpt>
    <trkpt lat="40.466259" lon="8.384463">
      <ele>0</ele>
      <time>2026-04-13T11:23:10.722Z</time>
    </trkpt>
    <trkpt lat="40.466153" lon="8.384614">
      <ele>0</ele>
      <time>2026-04-13T11:23:12.865Z</time>
    </trkpt>
    <trkpt lat="40.466063" lon="8.384705">
      <ele>0</ele>
      <time>2026-04-13T11:23:15.009Z</time>
    </trkpt>
    <trkpt lat="40.465907" lon="8.384832">
      <ele>0</ele>
      <time>2026-04-13T11:23:17.152Z</time>
    </trkpt>
    <trkpt lat="40.465856" lon="8.384873">
      <ele>0</ele>
      <time>2026-04-13T11:23:19.296Z</time>
    </trkpt>
    <trkpt lat="40.465339" lon="8.385114">
      <ele>0</ele>
      <time>2026-04-13T11:23:21.439Z</time>
    </trkpt>
    <trkpt lat="40.464846" lon="8.385327">
      <ele>0</ele>
      <time>2026-04-13T11:23:23.583Z</time>
    </trkpt>
    <trkpt lat="40.464719" lon="8.385367">
      <ele>0</ele>
      <time>2026-04-13T11:23:25.726Z</time>
    </trkpt>
    <trkpt lat="40.464521" lon="8.385426">
      <ele>0</ele>
      <time>2026-04-13T11:23:27.870Z</time>
    </trkpt>
    <trkpt lat="40.463378" lon="8.385716">
      <ele>0</ele>
      <time>2026-04-13T11:23:30.013Z</time>
    </trkpt>
    <trkpt lat="40.463159" lon="8.385758">
      <ele>0</ele>
      <time>2026-04-13T11:23:32.157Z</time>
    </trkpt>
    <trkpt lat="40.462893" lon="8.385786">
      <ele>0</ele>
      <time>2026-04-13T11:23:34.300Z</time>
    </trkpt>
    <trkpt lat="40.461466" lon="8.385733">
      <ele>0</ele>
      <time>2026-04-13T11:23:36.444Z</time>
    </trkpt>
    <trkpt lat="40.461389" lon="8.385732">
      <ele>0</ele>
      <time>2026-04-13T11:23:38.588Z</time>
    </trkpt>
    <trkpt lat="40.461340" lon="8.385744">
      <ele>0</ele>
      <time>2026-04-13T11:23:40.731Z</time>
    </trkpt>
    <trkpt lat="40.461225" lon="8.385809">
      <ele>0</ele>
      <time>2026-04-13T11:23:42.875Z</time>
    </trkpt>
    <trkpt lat="40.460794" lon="8.386202">
      <ele>0</ele>
      <time>2026-04-13T11:23:45.018Z</time>
    </trkpt>
    <trkpt lat="40.460701" lon="8.386247">
      <ele>0</ele>
      <time>2026-04-13T11:23:47.162Z</time>
    </trkpt>
    <trkpt lat="40.460611" lon="8.386255">
      <ele>0</ele>
      <time>2026-04-13T11:23:49.305Z</time>
    </trkpt>
    <trkpt lat="40.460497" lon="8.386230">
      <ele>0</ele>
      <time>2026-04-13T11:23:51.449Z</time>
    </trkpt>
    <trkpt lat="40.460404" lon="8.386181">
      <ele>0</ele>
      <time>2026-04-13T11:23:53.592Z</time>
    </trkpt>
    <trkpt lat="40.460132" lon="8.385890">
      <ele>0</ele>
      <time>2026-04-13T11:23:55.736Z</time>
    </trkpt>
    <trkpt lat="40.460037" lon="8.385814">
      <ele>0</ele>
      <time>2026-04-13T11:23:57.879Z</time>
    </trkpt>
    <trkpt lat="40.459920" lon="8.385775">
      <ele>0</ele>
      <time>2026-04-13T11:24:00.023Z</time>
    </trkpt>
    <trkpt lat="40.459203" lon="8.385642">
      <ele>0</ele>
      <time>2026-04-13T11:24:02.166Z</time>
    </trkpt>
    <trkpt lat="40.459048" lon="8.385644">
      <ele>0</ele>
      <time>2026-04-13T11:24:04.310Z</time>
    </trkpt>
    <trkpt lat="40.458897" lon="8.385706">
      <ele>0</ele>
      <time>2026-04-13T11:24:06.453Z</time>
    </trkpt>
    <trkpt lat="40.458366" lon="8.386130">
      <ele>0</ele>
      <time>2026-04-13T11:24:08.597Z</time>
    </trkpt>
    <trkpt lat="40.458214" lon="8.386248">
      <ele>0</ele>
      <time>2026-04-13T11:24:10.740Z</time>
    </trkpt>
    <trkpt lat="40.458103" lon="8.386299">
      <ele>0</ele>
      <time>2026-04-13T11:24:12.884Z</time>
    </trkpt>
    <trkpt lat="40.457983" lon="8.386345">
      <ele>0</ele>
      <time>2026-04-13T11:24:15.027Z</time>
    </trkpt>
    <trkpt lat="40.457683" lon="8.386403">
      <ele>0</ele>
      <time>2026-04-13T11:24:17.171Z</time>
    </trkpt>
    <trkpt lat="40.457074" lon="8.386472">
      <ele>0</ele>
      <time>2026-04-13T11:24:19.314Z</time>
    </trkpt>
    <trkpt lat="40.456868" lon="8.386529">
      <ele>0</ele>
      <time>2026-04-13T11:24:21.458Z</time>
    </trkpt>
    <trkpt lat="40.455594" lon="8.387053">
      <ele>0</ele>
      <time>2026-04-13T11:24:23.601Z</time>
    </trkpt>
    <trkpt lat="40.454844" lon="8.387271">
      <ele>0</ele>
      <time>2026-04-13T11:24:25.745Z</time>
    </trkpt>
    <trkpt lat="40.454369" lon="8.387458">
      <ele>0</ele>
      <time>2026-04-13T11:24:27.888Z</time>
    </trkpt>
    <trkpt lat="40.454155" lon="8.387551">
      <ele>0</ele>
      <time>2026-04-13T11:24:30.032Z</time>
    </trkpt>
    <trkpt lat="40.453977" lon="8.387671">
      <ele>0</ele>
      <time>2026-04-13T11:24:32.175Z</time>
    </trkpt>
    <trkpt lat="40.453895" lon="8.387790">
      <ele>0</ele>
      <time>2026-04-13T11:24:34.319Z</time>
    </trkpt>
    <trkpt lat="40.453890" lon="8.387797">
      <ele>0</ele>
      <time>2026-04-13T11:24:36.463Z</time>
    </trkpt>
    <trkpt lat="40.453698" lon="8.388087">
      <ele>0</ele>
      <time>2026-04-13T11:24:38.606Z</time>
    </trkpt>
    <trkpt lat="40.453541" lon="8.388319">
      <ele>0</ele>
      <time>2026-04-13T11:24:40.750Z</time>
    </trkpt>
    <trkpt lat="40.453419" lon="8.388447">
      <ele>0</ele>
      <time>2026-04-13T11:24:42.893Z</time>
    </trkpt>
    <trkpt lat="40.453388" lon="8.388479">
      <ele>0</ele>
      <time>2026-04-13T11:24:45.037Z</time>
    </trkpt>
    <trkpt lat="40.453230" lon="8.388590">
      <ele>0</ele>
      <time>2026-04-13T11:24:47.180Z</time>
    </trkpt>
    <trkpt lat="40.453115" lon="8.388662">
      <ele>0</ele>
      <time>2026-04-13T11:24:49.324Z</time>
    </trkpt>
    <trkpt lat="40.452791" lon="8.388814">
      <ele>0</ele>
      <time>2026-04-13T11:24:51.467Z</time>
    </trkpt>
    <trkpt lat="40.452505" lon="8.388810">
      <ele>0</ele>
      <time>2026-04-13T11:24:53.611Z</time>
    </trkpt>
    <trkpt lat="40.452266" lon="8.388753">
      <ele>0</ele>
      <time>2026-04-13T11:24:55.754Z</time>
    </trkpt>
    <trkpt lat="40.452111" lon="8.388729">
      <ele>0</ele>
      <time>2026-04-13T11:24:57.898Z</time>
    </trkpt>
    <trkpt lat="40.452001" lon="8.388732">
      <ele>0</ele>
      <time>2026-04-13T11:25:00.041Z</time>
    </trkpt>
    <trkpt lat="40.451893" lon="8.388807">
      <ele>0</ele>
      <time>2026-04-13T11:25:02.185Z</time>
    </trkpt>
    <trkpt lat="40.451795" lon="8.388979">
      <ele>0</ele>
      <time>2026-04-13T11:25:04.328Z</time>
    </trkpt>
    <trkpt lat="40.451768" lon="8.389118">
      <ele>0</ele>
      <time>2026-04-13T11:25:06.472Z</time>
    </trkpt>
    <trkpt lat="40.451726" lon="8.389412">
      <ele>0</ele>
      <time>2026-04-13T11:25:08.615Z</time>
    </trkpt>
    <trkpt lat="40.451697" lon="8.389690">
      <ele>0</ele>
      <time>2026-04-13T11:25:10.759Z</time>
    </trkpt>
    <trkpt lat="40.451640" lon="8.389872">
      <ele>0</ele>
      <time>2026-04-13T11:25:12.902Z</time>
    </trkpt>
    <trkpt lat="40.451519" lon="8.390022">
      <ele>0</ele>
      <time>2026-04-13T11:25:15.046Z</time>
    </trkpt>
    <trkpt lat="40.451244" lon="8.390197">
      <ele>0</ele>
      <time>2026-04-13T11:25:17.189Z</time>
    </trkpt>
    <trkpt lat="40.450719" lon="8.390454">
      <ele>0</ele>
      <time>2026-04-13T11:25:19.333Z</time>
    </trkpt>
    <trkpt lat="40.450294" lon="8.390762">
      <ele>0</ele>
      <time>2026-04-13T11:25:21.476Z</time>
    </trkpt>
    <trkpt lat="40.449875" lon="8.391001">
      <ele>0</ele>
      <time>2026-04-13T11:25:23.620Z</time>
    </trkpt>
    <trkpt lat="40.449777" lon="8.391096">
      <ele>0</ele>
      <time>2026-04-13T11:25:25.763Z</time>
    </trkpt>
    <trkpt lat="40.449660" lon="8.391269">
      <ele>0</ele>
      <time>2026-04-13T11:25:27.907Z</time>
    </trkpt>
    <trkpt lat="40.449569" lon="8.391381">
      <ele>0</ele>
      <time>2026-04-13T11:25:30.050Z</time>
    </trkpt>
    <trkpt lat="40.449431" lon="8.391452">
      <ele>0</ele>
      <time>2026-04-13T11:25:32.194Z</time>
    </trkpt>
    <trkpt lat="40.449309" lon="8.391507">
      <ele>0</ele>
      <time>2026-04-13T11:25:34.338Z</time>
    </trkpt>
    <trkpt lat="40.449220" lon="8.391582">
      <ele>0</ele>
      <time>2026-04-13T11:25:36.481Z</time>
    </trkpt>
    <trkpt lat="40.449160" lon="8.391690">
      <ele>0</ele>
      <time>2026-04-13T11:25:38.625Z</time>
    </trkpt>
    <trkpt lat="40.448921" lon="8.392357">
      <ele>0</ele>
      <time>2026-04-13T11:25:40.768Z</time>
    </trkpt>
    <trkpt lat="40.448833" lon="8.392566">
      <ele>0</ele>
      <time>2026-04-13T11:25:42.912Z</time>
    </trkpt>
    <trkpt lat="40.448744" lon="8.392687">
      <ele>0</ele>
      <time>2026-04-13T11:25:45.055Z</time>
    </trkpt>
    <trkpt lat="40.448581" lon="8.392753">
      <ele>0</ele>
      <time>2026-04-13T11:25:47.199Z</time>
    </trkpt>
    <trkpt lat="40.448470" lon="8.392743">
      <ele>0</ele>
      <time>2026-04-13T11:25:49.342Z</time>
    </trkpt>
    <trkpt lat="40.448364" lon="8.392727">
      <ele>0</ele>
      <time>2026-04-13T11:25:51.486Z</time>
    </trkpt>
    <trkpt lat="40.448108" lon="8.392696">
      <ele>0</ele>
      <time>2026-04-13T11:25:53.629Z</time>
    </trkpt>
    <trkpt lat="40.447969" lon="8.392711">
      <ele>0</ele>
      <time>2026-04-13T11:25:55.773Z</time>
    </trkpt>
    <trkpt lat="40.447780" lon="8.392761">
      <ele>0</ele>
      <time>2026-04-13T11:25:57.916Z</time>
    </trkpt>
    <trkpt lat="40.447659" lon="8.392773">
      <ele>0</ele>
      <time>2026-04-13T11:26:00.060Z</time>
    </trkpt>
    <trkpt lat="40.447542" lon="8.392767">
      <ele>0</ele>
      <time>2026-04-13T11:26:02.203Z</time>
    </trkpt>
    <trkpt lat="40.447317" lon="8.392718">
      <ele>0</ele>
      <time>2026-04-13T11:26:04.347Z</time>
    </trkpt>
    <trkpt lat="40.447047" lon="8.392643">
      <ele>0</ele>
      <time>2026-04-13T11:26:06.490Z</time>
    </trkpt>
    <trkpt lat="40.446533" lon="8.392562">
      <ele>0</ele>
      <time>2026-04-13T11:26:08.634Z</time>
    </trkpt>
    <trkpt lat="40.446267" lon="8.392549">
      <ele>0</ele>
      <time>2026-04-13T11:26:10.777Z</time>
    </trkpt>
    <trkpt lat="40.446209" lon="8.392564">
      <ele>0</ele>
      <time>2026-04-13T11:26:12.921Z</time>
    </trkpt>
    <trkpt lat="40.446022" lon="8.392613">
      <ele>0</ele>
      <time>2026-04-13T11:26:15.064Z</time>
    </trkpt>
    <trkpt lat="40.445849" lon="8.392688">
      <ele>0</ele>
      <time>2026-04-13T11:26:17.208Z</time>
    </trkpt>
    <trkpt lat="40.445706" lon="8.392798">
      <ele>0</ele>
      <time>2026-04-13T11:26:19.351Z</time>
    </trkpt>
    <trkpt lat="40.445660" lon="8.392846">
      <ele>0</ele>
      <time>2026-04-13T11:26:21.495Z</time>
    </trkpt>
    <trkpt lat="40.445504" lon="8.393005">
      <ele>0</ele>
      <time>2026-04-13T11:26:23.638Z</time>
    </trkpt>
    <trkpt lat="40.445393" lon="8.393095">
      <ele>0</ele>
      <time>2026-04-13T11:26:25.782Z</time>
    </trkpt>
    <trkpt lat="40.445263" lon="8.393156">
      <ele>0</ele>
      <time>2026-04-13T11:26:27.925Z</time>
    </trkpt>
    <trkpt lat="40.445075" lon="8.393198">
      <ele>0</ele>
      <time>2026-04-13T11:26:30.069Z</time>
    </trkpt>
    <trkpt lat="40.444669" lon="8.393278">
      <ele>0</ele>
      <time>2026-04-13T11:26:32.213Z</time>
    </trkpt>
    <trkpt lat="40.444373" lon="8.393321">
      <ele>0</ele>
      <time>2026-04-13T11:26:34.356Z</time>
    </trkpt>
    <trkpt lat="40.444142" lon="8.393396">
      <ele>0</ele>
      <time>2026-04-13T11:26:36.500Z</time>
    </trkpt>
    <trkpt lat="40.443893" lon="8.393571">
      <ele>0</ele>
      <time>2026-04-13T11:26:38.643Z</time>
    </trkpt>
    <trkpt lat="40.443450" lon="8.393984">
      <ele>0</ele>
      <time>2026-04-13T11:26:40.787Z</time>
    </trkpt>
    <trkpt lat="40.443383" lon="8.394057">
      <ele>0</ele>
      <time>2026-04-13T11:26:42.930Z</time>
    </trkpt>
    <trkpt lat="40.443256" lon="8.394193">
      <ele>0</ele>
      <time>2026-04-13T11:26:45.074Z</time>
    </trkpt>
    <trkpt lat="40.443122" lon="8.394469">
      <ele>0</ele>
      <time>2026-04-13T11:26:47.217Z</time>
    </trkpt>
    <trkpt lat="40.443043" lon="8.394792">
      <ele>0</ele>
      <time>2026-04-13T11:26:49.361Z</time>
    </trkpt>
    <trkpt lat="40.442995" lon="8.394990">
      <ele>0</ele>
      <time>2026-04-13T11:26:51.504Z</time>
    </trkpt>
    <trkpt lat="40.442878" lon="8.395232">
      <ele>0</ele>
      <time>2026-04-13T11:26:53.648Z</time>
    </trkpt>
    <trkpt lat="40.442756" lon="8.395389">
      <ele>0</ele>
      <time>2026-04-13T11:26:55.791Z</time>
    </trkpt>
    <trkpt lat="40.442619" lon="8.395458">
      <ele>0</ele>
      <time>2026-04-13T11:26:57.935Z</time>
    </trkpt>
    <trkpt lat="40.442494" lon="8.395467">
      <ele>0</ele>
      <time>2026-04-13T11:27:00.078Z</time>
    </trkpt>
    <trkpt lat="40.442238" lon="8.395458">
      <ele>0</ele>
      <time>2026-04-13T11:27:02.222Z</time>
    </trkpt>
    <trkpt lat="40.442025" lon="8.395415">
      <ele>0</ele>
      <time>2026-04-13T11:27:04.365Z</time>
    </trkpt>
    <trkpt lat="40.441838" lon="8.395409">
      <ele>0</ele>
      <time>2026-04-13T11:27:06.509Z</time>
    </trkpt>
    <trkpt lat="40.441660" lon="8.395456">
      <ele>0</ele>
      <time>2026-04-13T11:27:08.652Z</time>
    </trkpt>
    <trkpt lat="40.441456" lon="8.395521">
      <ele>0</ele>
      <time>2026-04-13T11:27:10.796Z</time>
    </trkpt>
    <trkpt lat="40.441274" lon="8.395631">
      <ele>0</ele>
      <time>2026-04-13T11:27:12.939Z</time>
    </trkpt>
    <trkpt lat="40.441109" lon="8.395816">
      <ele>0</ele>
      <time>2026-04-13T11:27:15.083Z</time>
    </trkpt>
    <trkpt lat="40.441045" lon="8.395958">
      <ele>0</ele>
      <time>2026-04-13T11:27:17.226Z</time>
    </trkpt>
    <trkpt lat="40.440966" lon="8.396175">
      <ele>0</ele>
      <time>2026-04-13T11:27:19.370Z</time>
    </trkpt>
    <trkpt lat="40.440892" lon="8.396472">
      <ele>0</ele>
      <time>2026-04-13T11:27:21.513Z</time>
    </trkpt>
    <trkpt lat="40.440868" lon="8.396717">
      <ele>0</ele>
      <time>2026-04-13T11:27:23.657Z</time>
    </trkpt>
    <trkpt lat="40.440870" lon="8.396918">
      <ele>0</ele>
      <time>2026-04-13T11:27:25.800Z</time>
    </trkpt>
    <trkpt lat="40.440910" lon="8.397199">
      <ele>0</ele>
      <time>2026-04-13T11:27:27.944Z</time>
    </trkpt>
    <trkpt lat="40.441138" lon="8.398267">
      <ele>0</ele>
      <time>2026-04-13T11:27:30.088Z</time>
    </trkpt>
    <trkpt lat="40.441163" lon="8.398704">
      <ele>0</ele>
      <time>2026-04-13T11:27:32.231Z</time>
    </trkpt>
    <trkpt lat="40.441160" lon="8.398902">
      <ele>0</ele>
      <time>2026-04-13T11:27:34.375Z</time>
    </trkpt>
    <trkpt lat="40.441126" lon="8.399106">
      <ele>0</ele>
      <time>2026-04-13T11:27:36.518Z</time>
    </trkpt>
    <trkpt lat="40.441076" lon="8.399278">
      <ele>0</ele>
      <time>2026-04-13T11:27:38.662Z</time>
    </trkpt>
    <trkpt lat="40.440992" lon="8.399477">
      <ele>0</ele>
      <time>2026-04-13T11:27:40.805Z</time>
    </trkpt>
    <trkpt lat="40.440872" lon="8.399603">
      <ele>0</ele>
      <time>2026-04-13T11:27:42.949Z</time>
    </trkpt>
    <trkpt lat="40.440754" lon="8.399700">
      <ele>0</ele>
      <time>2026-04-13T11:27:45.092Z</time>
    </trkpt>
    <trkpt lat="40.440507" lon="8.399807">
      <ele>0</ele>
      <time>2026-04-13T11:27:47.236Z</time>
    </trkpt>
    <trkpt lat="40.440278" lon="8.399817">
      <ele>0</ele>
      <time>2026-04-13T11:27:49.379Z</time>
    </trkpt>
    <trkpt lat="40.439918" lon="8.399762">
      <ele>0</ele>
      <time>2026-04-13T11:27:51.523Z</time>
    </trkpt>
    <trkpt lat="40.438195" lon="8.399380">
      <ele>0</ele>
      <time>2026-04-13T11:27:53.666Z</time>
    </trkpt>
    <trkpt lat="40.437773" lon="8.399296">
      <ele>0</ele>
      <time>2026-04-13T11:27:55.810Z</time>
    </trkpt>
    <trkpt lat="40.437317" lon="8.399189">
      <ele>0</ele>
      <time>2026-04-13T11:27:57.953Z</time>
    </trkpt>
    <trkpt lat="40.437065" lon="8.399177">
      <ele>0</ele>
      <time>2026-04-13T11:28:00.097Z</time>
    </trkpt>
    <trkpt lat="40.436976" lon="8.399194">
      <ele>0</ele>
      <time>2026-04-13T11:28:02.240Z</time>
    </trkpt>
    <trkpt lat="40.436835" lon="8.399235">
      <ele>0</ele>
      <time>2026-04-13T11:28:04.384Z</time>
    </trkpt>
    <trkpt lat="40.436782" lon="8.399261">
      <ele>0</ele>
      <time>2026-04-13T11:28:06.527Z</time>
    </trkpt>
    <trkpt lat="40.436581" lon="8.399434">
      <ele>0</ele>
      <time>2026-04-13T11:28:08.671Z</time>
    </trkpt>
    <trkpt lat="40.436457" lon="8.399594">
      <ele>0</ele>
      <time>2026-04-13T11:28:10.814Z</time>
    </trkpt>
    <trkpt lat="40.436354" lon="8.399847">
      <ele>0</ele>
      <time>2026-04-13T11:28:12.958Z</time>
    </trkpt>
    <trkpt lat="40.435990" lon="8.401372">
      <ele>0</ele>
      <time>2026-04-13T11:28:15.101Z</time>
    </trkpt>
    <trkpt lat="40.435886" lon="8.401796">
      <ele>0</ele>
      <time>2026-04-13T11:28:17.245Z</time>
    </trkpt>
    <trkpt lat="40.435838" lon="8.402052">
      <ele>0</ele>
      <time>2026-04-13T11:28:19.388Z</time>
    </trkpt>
    <trkpt lat="40.435792" lon="8.402588">
      <ele>0</ele>
      <time>2026-04-13T11:28:21.532Z</time>
    </trkpt>
    <trkpt lat="40.435658" lon="8.404635">
      <ele>0</ele>
      <time>2026-04-13T11:28:23.675Z</time>
    </trkpt>
    <trkpt lat="40.435646" lon="8.404923">
      <ele>0</ele>
      <time>2026-04-13T11:28:25.819Z</time>
    </trkpt>
    <trkpt lat="40.435651" lon="8.405128">
      <ele>0</ele>
      <time>2026-04-13T11:28:27.963Z</time>
    </trkpt>
    <trkpt lat="40.435697" lon="8.405528">
      <ele>0</ele>
      <time>2026-04-13T11:28:30.106Z</time>
    </trkpt>
    <trkpt lat="40.435683" lon="8.405790">
      <ele>0</ele>
      <time>2026-04-13T11:28:32.250Z</time>
    </trkpt>
    <trkpt lat="40.435627" lon="8.406005">
      <ele>0</ele>
      <time>2026-04-13T11:28:34.393Z</time>
    </trkpt>
    <trkpt lat="40.435507" lon="8.406204">
      <ele>0</ele>
      <time>2026-04-13T11:28:36.537Z</time>
    </trkpt>
    <trkpt lat="40.435411" lon="8.406356">
      <ele>0</ele>
      <time>2026-04-13T11:28:38.680Z</time>
    </trkpt>
    <trkpt lat="40.435144" lon="8.406536">
      <ele>0</ele>
      <time>2026-04-13T11:28:40.824Z</time>
    </trkpt>
    <trkpt lat="40.434884" lon="8.406589">
      <ele>0</ele>
      <time>2026-04-13T11:28:42.967Z</time>
    </trkpt>
    <trkpt lat="40.434794" lon="8.406600">
      <ele>0</ele>
      <time>2026-04-13T11:28:45.111Z</time>
    </trkpt>
    <trkpt lat="40.434679" lon="8.406596">
      <ele>0</ele>
      <time>2026-04-13T11:28:47.254Z</time>
    </trkpt>
    <trkpt lat="40.434625" lon="8.406582">
      <ele>0</ele>
      <time>2026-04-13T11:28:49.398Z</time>
    </trkpt>
    <trkpt lat="40.434371" lon="8.406490">
      <ele>0</ele>
      <time>2026-04-13T11:28:51.541Z</time>
    </trkpt>
    <trkpt lat="40.434071" lon="8.406315">
      <ele>0</ele>
      <time>2026-04-13T11:28:53.685Z</time>
    </trkpt>
    <trkpt lat="40.433906" lon="8.406112">
      <ele>0</ele>
      <time>2026-04-13T11:28:55.828Z</time>
    </trkpt>
    <trkpt lat="40.433807" lon="8.405863">
      <ele>0</ele>
      <time>2026-04-13T11:28:57.972Z</time>
    </trkpt>
    <trkpt lat="40.433533" lon="8.404690">
      <ele>0</ele>
      <time>2026-04-13T11:29:00.115Z</time>
    </trkpt>
    <trkpt lat="40.433445" lon="8.404440">
      <ele>0</ele>
      <time>2026-04-13T11:29:02.259Z</time>
    </trkpt>
    <trkpt lat="40.433235" lon="8.404038">
      <ele>0</ele>
      <time>2026-04-13T11:29:04.402Z</time>
    </trkpt>
    <trkpt lat="40.432737" lon="8.403188">
      <ele>0</ele>
      <time>2026-04-13T11:29:06.546Z</time>
    </trkpt>
    <trkpt lat="40.432636" lon="8.403037">
      <ele>0</ele>
      <time>2026-04-13T11:29:08.689Z</time>
    </trkpt>
    <trkpt lat="40.432444" lon="8.402800">
      <ele>0</ele>
      <time>2026-04-13T11:29:10.833Z</time>
    </trkpt>
    <trkpt lat="40.432198" lon="8.402590">
      <ele>0</ele>
      <time>2026-04-13T11:29:12.976Z</time>
    </trkpt>
    <trkpt lat="40.431703" lon="8.402245">
      <ele>0</ele>
      <time>2026-04-13T11:29:15.120Z</time>
    </trkpt>
    <trkpt lat="40.431431" lon="8.402087">
      <ele>0</ele>
      <time>2026-04-13T11:29:17.263Z</time>
    </trkpt>
    <trkpt lat="40.431020" lon="8.401930">
      <ele>0</ele>
      <time>2026-04-13T11:29:19.407Z</time>
    </trkpt>
    <trkpt lat="40.430611" lon="8.401831">
      <ele>0</ele>
      <time>2026-04-13T11:29:21.550Z</time>
    </trkpt>
    <trkpt lat="40.428860" lon="8.401554">
      <ele>0</ele>
      <time>2026-04-13T11:29:23.694Z</time>
    </trkpt>
    <trkpt lat="40.428610" lon="8.401560">
      <ele>0</ele>
      <time>2026-04-13T11:29:25.838Z</time>
    </trkpt>
    <trkpt lat="40.428394" lon="8.401579">
      <ele>0</ele>
      <time>2026-04-13T11:29:27.981Z</time>
    </trkpt>
    <trkpt lat="40.428016" lon="8.401680">
      <ele>0</ele>
      <time>2026-04-13T11:29:30.125Z</time>
    </trkpt>
    <trkpt lat="40.427761" lon="8.401777">
      <ele>0</ele>
      <time>2026-04-13T11:29:32.268Z</time>
    </trkpt>
    <trkpt lat="40.427043" lon="8.402112">
      <ele>0</ele>
      <time>2026-04-13T11:29:34.412Z</time>
    </trkpt>
    <trkpt lat="40.426901" lon="8.402150">
      <ele>0</ele>
      <time>2026-04-13T11:29:36.555Z</time>
    </trkpt>
    <trkpt lat="40.426710" lon="8.402171">
      <ele>0</ele>
      <time>2026-04-13T11:29:38.699Z</time>
    </trkpt>
    <trkpt lat="40.425514" lon="8.402127">
      <ele>0</ele>
      <time>2026-04-13T11:29:40.842Z</time>
    </trkpt>
    <trkpt lat="40.425161" lon="8.402162">
      <ele>0</ele>
      <time>2026-04-13T11:29:42.986Z</time>
    </trkpt>
    <trkpt lat="40.424888" lon="8.402245">
      <ele>0</ele>
      <time>2026-04-13T11:29:45.129Z</time>
    </trkpt>
    <trkpt lat="40.424656" lon="8.402377">
      <ele>0</ele>
      <time>2026-04-13T11:29:47.273Z</time>
    </trkpt>
    <trkpt lat="40.424447" lon="8.402543">
      <ele>0</ele>
      <time>2026-04-13T11:29:49.416Z</time>
    </trkpt>
    <trkpt lat="40.423278" lon="8.404022">
      <ele>0</ele>
      <time>2026-04-13T11:29:51.560Z</time>
    </trkpt>
    <trkpt lat="40.423159" lon="8.404175">
      <ele>0</ele>
      <time>2026-04-13T11:29:53.703Z</time>
    </trkpt>
    <trkpt lat="40.423069" lon="8.404340">
      <ele>0</ele>
      <time>2026-04-13T11:29:55.847Z</time>
    </trkpt>
    <trkpt lat="40.422914" lon="8.404797">
      <ele>0</ele>
      <time>2026-04-13T11:29:57.990Z</time>
    </trkpt>
    <trkpt lat="40.422440" lon="8.406562">
      <ele>0</ele>
      <time>2026-04-13T11:30:00.134Z</time>
    </trkpt>
    <trkpt lat="40.422326" lon="8.406828">
      <ele>0</ele>
      <time>2026-04-13T11:30:02.277Z</time>
    </trkpt>
    <trkpt lat="40.422164" lon="8.407053">
      <ele>0</ele>
      <time>2026-04-13T11:30:04.421Z</time>
    </trkpt>
    <trkpt lat="40.421913" lon="8.407201">
      <ele>0</ele>
      <time>2026-04-13T11:30:06.564Z</time>
    </trkpt>
    <trkpt lat="40.421749" lon="8.407227">
      <ele>0</ele>
      <time>2026-04-13T11:30:08.708Z</time>
    </trkpt>
    <trkpt lat="40.420917" lon="8.407056">
      <ele>0</ele>
      <time>2026-04-13T11:30:10.851Z</time>
    </trkpt>
    <trkpt lat="40.420702" lon="8.406941">
      <ele>0</ele>
      <time>2026-04-13T11:30:12.995Z</time>
    </trkpt>
    <trkpt lat="40.420365" lon="8.406764">
      <ele>0</ele>
      <time>2026-04-13T11:30:15.138Z</time>
    </trkpt>
    <trkpt lat="40.420275" lon="8.406732">
      <ele>0</ele>
      <time>2026-04-13T11:30:17.282Z</time>
    </trkpt>
    <trkpt lat="40.420174" lon="8.406703">
      <ele>0</ele>
      <time>2026-04-13T11:30:19.425Z</time>
    </trkpt>
    <trkpt lat="40.420104" lon="8.406684">
      <ele>0</ele>
      <time>2026-04-13T11:30:21.569Z</time>
    </trkpt>
    <trkpt lat="40.419950" lon="8.406679">
      <ele>0</ele>
      <time>2026-04-13T11:30:23.713Z</time>
    </trkpt>
    <trkpt lat="40.419827" lon="8.406701">
      <ele>0</ele>
      <time>2026-04-13T11:30:25.856Z</time>
    </trkpt>
    <trkpt lat="40.419692" lon="8.406753">
      <ele>0</ele>
      <time>2026-04-13T11:30:28.000Z</time>
    </trkpt>
    <trkpt lat="40.419274" lon="8.406952">
      <ele>0</ele>
      <time>2026-04-13T11:30:30.143Z</time>
    </trkpt>
    <trkpt lat="40.419082" lon="8.406990">
      <ele>0</ele>
      <time>2026-04-13T11:30:32.287Z</time>
    </trkpt>
    <trkpt lat="40.418947" lon="8.406963">
      <ele>0</ele>
      <time>2026-04-13T11:30:34.430Z</time>
    </trkpt>
    <trkpt lat="40.418745" lon="8.406839">
      <ele>0</ele>
      <time>2026-04-13T11:30:36.574Z</time>
    </trkpt>
    <trkpt lat="40.418575" lon="8.406760">
      <ele>0</ele>
      <time>2026-04-13T11:30:38.717Z</time>
    </trkpt>
    <trkpt lat="40.418330" lon="8.406714">
      <ele>0</ele>
      <time>2026-04-13T11:30:40.861Z</time>
    </trkpt>
    <trkpt lat="40.418107" lon="8.406708">
      <ele>0</ele>
      <time>2026-04-13T11:30:43.004Z</time>
    </trkpt>
    <trkpt lat="40.417924" lon="8.406727">
      <ele>0</ele>
      <time>2026-04-13T11:30:45.148Z</time>
    </trkpt>
    <trkpt lat="40.417748" lon="8.406793">
      <ele>0</ele>
      <time>2026-04-13T11:30:47.291Z</time>
    </trkpt>
    <trkpt lat="40.417505" lon="8.406946">
      <ele>0</ele>
      <time>2026-04-13T11:30:49.435Z</time>
    </trkpt>
    <trkpt lat="40.417318" lon="8.407138">
      <ele>0</ele>
      <time>2026-04-13T11:30:51.578Z</time>
    </trkpt>
    <trkpt lat="40.417158" lon="8.407388">
      <ele>0</ele>
      <time>2026-04-13T11:30:53.722Z</time>
    </trkpt>
    <trkpt lat="40.416980" lon="8.407820">
      <ele>0</ele>
      <time>2026-04-13T11:30:55.865Z</time>
    </trkpt>
    <trkpt lat="40.416867" lon="8.408085">
      <ele>0</ele>
      <time>2026-04-13T11:30:58.009Z</time>
    </trkpt>
    <trkpt lat="40.416796" lon="8.408197">
      <ele>0</ele>
      <time>2026-04-13T11:31:00.152Z</time>
    </trkpt>
    <trkpt lat="40.416686" lon="8.408300">
      <ele>0</ele>
      <time>2026-04-13T11:31:02.296Z</time>
    </trkpt>
    <trkpt lat="40.416594" lon="8.408337">
      <ele>0</ele>
      <time>2026-04-13T11:31:04.439Z</time>
    </trkpt>
    <trkpt lat="40.416426" lon="8.408379">
      <ele>0</ele>
      <time>2026-04-13T11:31:06.583Z</time>
    </trkpt>
    <trkpt lat="40.416216" lon="8.408371">
      <ele>0</ele>
      <time>2026-04-13T11:31:08.726Z</time>
    </trkpt>
    <trkpt lat="40.415120" lon="8.408083">
      <ele>0</ele>
      <time>2026-04-13T11:31:10.870Z</time>
    </trkpt>
    <trkpt lat="40.414636" lon="8.407936">
      <ele>0</ele>
      <time>2026-04-13T11:31:13.013Z</time>
    </trkpt>
    <trkpt lat="40.414440" lon="8.407838">
      <ele>0</ele>
      <time>2026-04-13T11:31:15.157Z</time>
    </trkpt>
    <trkpt lat="40.413945" lon="8.407498">
      <ele>0</ele>
      <time>2026-04-13T11:31:17.300Z</time>
    </trkpt>
    <trkpt lat="40.413805" lon="8.407441">
      <ele>0</ele>
      <time>2026-04-13T11:31:19.444Z</time>
    </trkpt>
    <trkpt lat="40.413531" lon="8.407426">
      <ele>0</ele>
      <time>2026-04-13T11:31:21.588Z</time>
    </trkpt>
    <trkpt lat="40.412744" lon="8.407572">
      <ele>0</ele>
      <time>2026-04-13T11:31:23.731Z</time>
    </trkpt>
    <trkpt lat="40.412433" lon="8.407615">
      <ele>0</ele>
      <time>2026-04-13T11:31:25.875Z</time>
    </trkpt>
    <trkpt lat="40.412239" lon="8.407573">
      <ele>0</ele>
      <time>2026-04-13T11:31:28.018Z</time>
    </trkpt>
    <trkpt lat="40.410779" lon="8.407028">
      <ele>0</ele>
      <time>2026-04-13T11:31:30.162Z</time>
    </trkpt>
    <trkpt lat="40.410044" lon="8.406876">
      <ele>0</ele>
      <time>2026-04-13T11:31:32.305Z</time>
    </trkpt>
    <trkpt lat="40.409668" lon="8.406823">
      <ele>0</ele>
      <time>2026-04-13T11:31:34.449Z</time>
    </trkpt>
    <trkpt lat="40.409356" lon="8.406897">
      <ele>0</ele>
      <time>2026-04-13T11:31:36.592Z</time>
    </trkpt>
    <trkpt lat="40.408067" lon="8.407668">
      <ele>0</ele>
      <time>2026-04-13T11:31:38.736Z</time>
    </trkpt>
    <trkpt lat="40.407888" lon="8.407828">
      <ele>0</ele>
      <time>2026-04-13T11:31:40.879Z</time>
    </trkpt>
    <trkpt lat="40.407719" lon="8.408031">
      <ele>0</ele>
      <time>2026-04-13T11:31:43.023Z</time>
    </trkpt>
    <trkpt lat="40.407599" lon="8.408275">
      <ele>0</ele>
      <time>2026-04-13T11:31:45.166Z</time>
    </trkpt>
    <trkpt lat="40.407540" lon="8.408503">
      <ele>0</ele>
      <time>2026-04-13T11:31:47.310Z</time>
    </trkpt>
    <trkpt lat="40.407520" lon="8.408755">
      <ele>0</ele>
      <time>2026-04-13T11:31:49.453Z</time>
    </trkpt>
    <trkpt lat="40.407538" lon="8.408994">
      <ele>0</ele>
      <time>2026-04-13T11:31:51.597Z</time>
    </trkpt>
    <trkpt lat="40.407565" lon="8.409183">
      <ele>0</ele>
      <time>2026-04-13T11:31:53.740Z</time>
    </trkpt>
    <trkpt lat="40.407655" lon="8.409465">
      <ele>0</ele>
      <time>2026-04-13T11:31:55.884Z</time>
    </trkpt>
    <trkpt lat="40.407929" lon="8.410038">
      <ele>0</ele>
      <time>2026-04-13T11:31:58.027Z</time>
    </trkpt>
    <trkpt lat="40.407992" lon="8.410348">
      <ele>0</ele>
      <time>2026-04-13T11:32:00.171Z</time>
    </trkpt>
    <trkpt lat="40.408005" lon="8.410574">
      <ele>0</ele>
      <time>2026-04-13T11:32:02.314Z</time>
    </trkpt>
    <trkpt lat="40.407976" lon="8.410832">
      <ele>0</ele>
      <time>2026-04-13T11:32:04.458Z</time>
    </trkpt>
    <trkpt lat="40.407908" lon="8.411086">
      <ele>0</ele>
      <time>2026-04-13T11:32:06.601Z</time>
    </trkpt>
    <trkpt lat="40.406977" lon="8.412887">
      <ele>0</ele>
      <time>2026-04-13T11:32:08.745Z</time>
    </trkpt>
    <trkpt lat="40.406828" lon="8.413168">
      <ele>0</ele>
      <time>2026-04-13T11:32:10.888Z</time>
    </trkpt>
    <trkpt lat="40.406690" lon="8.413328">
      <ele>0</ele>
      <time>2026-04-13T11:32:13.032Z</time>
    </trkpt>
    <trkpt lat="40.406488" lon="8.413478">
      <ele>0</ele>
      <time>2026-04-13T11:32:15.175Z</time>
    </trkpt>
    <trkpt lat="40.406344" lon="8.413528">
      <ele>0</ele>
      <time>2026-04-13T11:32:17.319Z</time>
    </trkpt>
    <trkpt lat="40.406207" lon="8.413547">
      <ele>0</ele>
      <time>2026-04-13T11:32:19.463Z</time>
    </trkpt>
    <trkpt lat="40.406006" lon="8.413537">
      <ele>0</ele>
      <time>2026-04-13T11:32:21.606Z</time>
    </trkpt>
    <trkpt lat="40.405814" lon="8.413450">
      <ele>0</ele>
      <time>2026-04-13T11:32:23.750Z</time>
    </trkpt>
    <trkpt lat="40.405655" lon="8.413313">
      <ele>0</ele>
      <time>2026-04-13T11:32:25.893Z</time>
    </trkpt>
    <trkpt lat="40.405492" lon="8.413112">
      <ele>0</ele>
      <time>2026-04-13T11:32:28.037Z</time>
    </trkpt>
    <trkpt lat="40.405296" lon="8.412859">
      <ele>0</ele>
      <time>2026-04-13T11:32:30.180Z</time>
    </trkpt>
    <trkpt lat="40.404314" lon="8.411936">
      <ele>0</ele>
      <time>2026-04-13T11:32:32.324Z</time>
    </trkpt>
    <trkpt lat="40.404136" lon="8.411751">
      <ele>0</ele>
      <time>2026-04-13T11:32:34.467Z</time>
    </trkpt>
    <trkpt lat="40.403952" lon="8.411477">
      <ele>0</ele>
      <time>2026-04-13T11:32:36.611Z</time>
    </trkpt>
    <trkpt lat="40.403827" lon="8.411181">
      <ele>0</ele>
      <time>2026-04-13T11:32:38.754Z</time>
    </trkpt>
    <trkpt lat="40.403714" lon="8.410839">
      <ele>0</ele>
      <time>2026-04-13T11:32:40.898Z</time>
    </trkpt>
    <trkpt lat="40.403356" lon="8.410075">
      <ele>0</ele>
      <time>2026-04-13T11:32:43.041Z</time>
    </trkpt>
    <trkpt lat="40.403140" lon="8.409634">
      <ele>0</ele>
      <time>2026-04-13T11:32:45.185Z</time>
    </trkpt>
    <trkpt lat="40.403044" lon="8.409499">
      <ele>0</ele>
      <time>2026-04-13T11:32:47.328Z</time>
    </trkpt>
    <trkpt lat="40.402933" lon="8.409401">
      <ele>0</ele>
      <time>2026-04-13T11:32:49.472Z</time>
    </trkpt>
    <trkpt lat="40.402511" lon="8.409089">
      <ele>0</ele>
      <time>2026-04-13T11:32:51.615Z</time>
    </trkpt>
    <trkpt lat="40.402341" lon="8.409014">
      <ele>0</ele>
      <time>2026-04-13T11:32:53.759Z</time>
    </trkpt>
    <trkpt lat="40.402192" lon="8.409003">
      <ele>0</ele>
      <time>2026-04-13T11:32:55.902Z</time>
    </trkpt>
    <trkpt lat="40.402048" lon="8.409047">
      <ele>0</ele>
      <time>2026-04-13T11:32:58.046Z</time>
    </trkpt>
    <trkpt lat="40.401871" lon="8.409171">
      <ele>0</ele>
      <time>2026-04-13T11:33:00.189Z</time>
    </trkpt>
    <trkpt lat="40.401697" lon="8.409370">
      <ele>0</ele>
      <time>2026-04-13T11:33:02.333Z</time>
    </trkpt>
    <trkpt lat="40.401160" lon="8.409987">
      <ele>0</ele>
      <time>2026-04-13T11:33:04.476Z</time>
    </trkpt>
    <trkpt lat="40.401094" lon="8.410059">
      <ele>0</ele>
      <time>2026-04-13T11:33:06.620Z</time>
    </trkpt>
    <trkpt lat="40.400488" lon="8.410718">
      <ele>0</ele>
      <time>2026-04-13T11:33:08.763Z</time>
    </trkpt>
    <trkpt lat="40.400352" lon="8.410845">
      <ele>0</ele>
      <time>2026-04-13T11:33:10.907Z</time>
    </trkpt>
    <trkpt lat="40.400229" lon="8.410982">
      <ele>0</ele>
      <time>2026-04-13T11:33:13.050Z</time>
    </trkpt>
    <trkpt lat="40.400074" lon="8.411077">
      <ele>0</ele>
      <time>2026-04-13T11:33:15.194Z</time>
    </trkpt>
    <trkpt lat="40.399884" lon="8.411099">
      <ele>0</ele>
      <time>2026-04-13T11:33:17.338Z</time>
    </trkpt>
    <trkpt lat="40.399321" lon="8.411054">
      <ele>0</ele>
      <time>2026-04-13T11:33:19.481Z</time>
    </trkpt>
    <trkpt lat="40.399025" lon="8.410967">
      <ele>0</ele>
      <time>2026-04-13T11:33:21.625Z</time>
    </trkpt>
    <trkpt lat="40.398836" lon="8.410833">
      <ele>0</ele>
      <time>2026-04-13T11:33:23.768Z</time>
    </trkpt>
    <trkpt lat="40.398692" lon="8.410642">
      <ele>0</ele>
      <time>2026-04-13T11:33:25.912Z</time>
    </trkpt>
    <trkpt lat="40.398562" lon="8.410435">
      <ele>0</ele>
      <time>2026-04-13T11:33:28.055Z</time>
    </trkpt>
    <trkpt lat="40.398154" lon="8.409770">
      <ele>0</ele>
      <time>2026-04-13T11:33:30.199Z</time>
    </trkpt>
    <trkpt lat="40.398016" lon="8.409538">
      <ele>0</ele>
      <time>2026-04-13T11:33:32.342Z</time>
    </trkpt>
    <trkpt lat="40.397949" lon="8.409334">
      <ele>0</ele>
      <time>2026-04-13T11:33:34.486Z</time>
    </trkpt>
    <trkpt lat="40.397902" lon="8.409099">
      <ele>0</ele>
      <time>2026-04-13T11:33:36.629Z</time>
    </trkpt>
    <trkpt lat="40.397896" lon="8.408835">
      <ele>0</ele>
      <time>2026-04-13T11:33:38.773Z</time>
    </trkpt>
    <trkpt lat="40.397914" lon="8.408669">
      <ele>0</ele>
      <time>2026-04-13T11:33:40.916Z</time>
    </trkpt>
    <trkpt lat="40.398016" lon="8.408417">
      <ele>0</ele>
      <time>2026-04-13T11:33:43.060Z</time>
    </trkpt>
    <trkpt lat="40.398141" lon="8.408254">
      <ele>0</ele>
      <time>2026-04-13T11:33:45.203Z</time>
    </trkpt>
    <trkpt lat="40.398313" lon="8.408077">
      <ele>0</ele>
      <time>2026-04-13T11:33:47.347Z</time>
    </trkpt>
    <trkpt lat="40.398873" lon="8.407717">
      <ele>0</ele>
      <time>2026-04-13T11:33:49.490Z</time>
    </trkpt>
    <trkpt lat="40.399019" lon="8.407581">
      <ele>0</ele>
      <time>2026-04-13T11:33:51.634Z</time>
    </trkpt>
    <trkpt lat="40.399119" lon="8.407376">
      <ele>0</ele>
      <time>2026-04-13T11:33:53.777Z</time>
    </trkpt>
    <trkpt lat="40.399177" lon="8.407178">
      <ele>0</ele>
      <time>2026-04-13T11:33:55.921Z</time>
    </trkpt>
    <trkpt lat="40.399209" lon="8.407033">
      <ele>0</ele>
      <time>2026-04-13T11:33:58.064Z</time>
    </trkpt>
    <trkpt lat="40.399217" lon="8.406751">
      <ele>0</ele>
      <time>2026-04-13T11:34:00.208Z</time>
    </trkpt>
    <trkpt lat="40.399156" lon="8.406241">
      <ele>0</ele>
      <time>2026-04-13T11:34:02.351Z</time>
    </trkpt>
    <trkpt lat="40.398991" lon="8.405426">
      <ele>0</ele>
      <time>2026-04-13T11:34:04.495Z</time>
    </trkpt>
    <trkpt lat="40.398862" lon="8.404793">
      <ele>0</ele>
      <time>2026-04-13T11:34:06.638Z</time>
    </trkpt>
    <trkpt lat="40.398793" lon="8.404235">
      <ele>0</ele>
      <time>2026-04-13T11:34:08.782Z</time>
    </trkpt>
    <trkpt lat="40.398703" lon="8.403887">
      <ele>0</ele>
      <time>2026-04-13T11:34:10.925Z</time>
    </trkpt>
    <trkpt lat="40.398545" lon="8.403618">
      <ele>0</ele>
      <time>2026-04-13T11:34:13.069Z</time>
    </trkpt>
    <trkpt lat="40.398349" lon="8.403439">
      <ele>0</ele>
      <time>2026-04-13T11:34:15.213Z</time>
    </trkpt>
    <trkpt lat="40.398114" lon="8.403294">
      <ele>0</ele>
      <time>2026-04-13T11:34:17.356Z</time>
    </trkpt>
    <trkpt lat="40.397871" lon="8.403251">
      <ele>0</ele>
      <time>2026-04-13T11:34:19.500Z</time>
    </trkpt>
    <trkpt lat="40.397549" lon="8.403248">
      <ele>0</ele>
      <time>2026-04-13T11:34:21.643Z</time>
    </trkpt>
    <trkpt lat="40.397222" lon="8.403366">
      <ele>0</ele>
      <time>2026-04-13T11:34:23.787Z</time>
    </trkpt>
    <trkpt lat="40.396934" lon="8.403613">
      <ele>0</ele>
      <time>2026-04-13T11:34:25.930Z</time>
    </trkpt>
    <trkpt lat="40.396717" lon="8.403916">
      <ele>0</ele>
      <time>2026-04-13T11:34:28.074Z</time>
    </trkpt>
    <trkpt lat="40.396513" lon="8.404251">
      <ele>0</ele>
      <time>2026-04-13T11:34:30.217Z</time>
    </trkpt>
    <trkpt lat="40.396325" lon="8.404616">
      <ele>0</ele>
      <time>2026-04-13T11:34:32.361Z</time>
    </trkpt>
    <trkpt lat="40.396129" lon="8.404823">
      <ele>0</ele>
      <time>2026-04-13T11:34:34.504Z</time>
    </trkpt>
    <trkpt lat="40.395995" lon="8.404901">
      <ele>0</ele>
      <time>2026-04-13T11:34:36.648Z</time>
    </trkpt>
    <trkpt lat="40.395822" lon="8.404939">
      <ele>0</ele>
      <time>2026-04-13T11:34:38.791Z</time>
    </trkpt>
    <trkpt lat="40.395577" lon="8.404898">
      <ele>0</ele>
      <time>2026-04-13T11:34:40.935Z</time>
    </trkpt>
    <trkpt lat="40.395394" lon="8.404836">
      <ele>0</ele>
      <time>2026-04-13T11:34:43.078Z</time>
    </trkpt>
    <trkpt lat="40.395148" lon="8.404825">
      <ele>0</ele>
      <time>2026-04-13T11:34:45.222Z</time>
    </trkpt>
    <trkpt lat="40.394209" lon="8.404855">
      <ele>0</ele>
      <time>2026-04-13T11:34:47.365Z</time>
    </trkpt>
    <trkpt lat="40.393951" lon="8.404864">
      <ele>0</ele>
      <time>2026-04-13T11:34:49.509Z</time>
    </trkpt>
    <trkpt lat="40.393503" lon="8.404892">
      <ele>0</ele>
      <time>2026-04-13T11:34:51.652Z</time>
    </trkpt>
    <trkpt lat="40.393188" lon="8.404907">
      <ele>0</ele>
      <time>2026-04-13T11:34:53.796Z</time>
    </trkpt>
    <trkpt lat="40.392951" lon="8.404898">
      <ele>0</ele>
      <time>2026-04-13T11:34:55.939Z</time>
    </trkpt>
    <trkpt lat="40.392712" lon="8.404824">
      <ele>0</ele>
      <time>2026-04-13T11:34:58.083Z</time>
    </trkpt>
    <trkpt lat="40.392341" lon="8.404680">
      <ele>0</ele>
      <time>2026-04-13T11:35:00.226Z</time>
    </trkpt>
    <trkpt lat="40.391835" lon="8.404461">
      <ele>0</ele>
      <time>2026-04-13T11:35:02.370Z</time>
    </trkpt>
    <trkpt lat="40.391680" lon="8.404413">
      <ele>0</ele>
      <time>2026-04-13T11:35:04.513Z</time>
    </trkpt>
    <trkpt lat="40.391529" lon="8.404410">
      <ele>0</ele>
      <time>2026-04-13T11:35:06.657Z</time>
    </trkpt>
    <trkpt lat="40.391353" lon="8.404468">
      <ele>0</ele>
      <time>2026-04-13T11:35:08.800Z</time>
    </trkpt>
    <trkpt lat="40.391201" lon="8.404555">
      <ele>0</ele>
      <time>2026-04-13T11:35:10.944Z</time>
    </trkpt>
    <trkpt lat="40.391090" lon="8.404739">
      <ele>0</ele>
      <time>2026-04-13T11:35:13.088Z</time>
    </trkpt>
    <trkpt lat="40.390991" lon="8.404861">
      <ele>0</ele>
      <time>2026-04-13T11:35:15.231Z</time>
    </trkpt>
    <trkpt lat="40.390897" lon="8.404951">
      <ele>0</ele>
      <time>2026-04-13T11:35:17.375Z</time>
    </trkpt>
    <trkpt lat="40.390750" lon="8.405040">
      <ele>0</ele>
      <time>2026-04-13T11:35:19.518Z</time>
    </trkpt>
    <trkpt lat="40.390606" lon="8.405058">
      <ele>0</ele>
      <time>2026-04-13T11:35:21.662Z</time>
    </trkpt>
    <trkpt lat="40.390441" lon="8.405037">
      <ele>0</ele>
      <time>2026-04-13T11:35:23.805Z</time>
    </trkpt>
    <trkpt lat="40.390311" lon="8.404992">
      <ele>0</ele>
      <time>2026-04-13T11:35:25.949Z</time>
    </trkpt>
    <trkpt lat="40.390184" lon="8.404893">
      <ele>0</ele>
      <time>2026-04-13T11:35:28.092Z</time>
    </trkpt>
    <trkpt lat="40.390072" lon="8.404729">
      <ele>0</ele>
      <time>2026-04-13T11:35:30.236Z</time>
    </trkpt>
    <trkpt lat="40.390021" lon="8.404630">
      <ele>0</ele>
      <time>2026-04-13T11:35:32.379Z</time>
    </trkpt>
    <trkpt lat="40.389956" lon="8.404413">
      <ele>0</ele>
      <time>2026-04-13T11:35:34.523Z</time>
    </trkpt>
    <trkpt lat="40.389924" lon="8.404105">
      <ele>0</ele>
      <time>2026-04-13T11:35:36.666Z</time>
    </trkpt>
    <trkpt lat="40.389957" lon="8.403519">
      <ele>0</ele>
      <time>2026-04-13T11:35:38.810Z</time>
    </trkpt>
    <trkpt lat="40.389940" lon="8.403324">
      <ele>0</ele>
      <time>2026-04-13T11:35:40.953Z</time>
    </trkpt>
    <trkpt lat="40.389895" lon="8.403171">
      <ele>0</ele>
      <time>2026-04-13T11:35:43.097Z</time>
    </trkpt>
    <trkpt lat="40.389809" lon="8.403037">
      <ele>0</ele>
      <time>2026-04-13T11:35:45.240Z</time>
    </trkpt>
    <trkpt lat="40.389733" lon="8.402972">
      <ele>0</ele>
      <time>2026-04-13T11:35:47.384Z</time>
    </trkpt>
    <trkpt lat="40.389636" lon="8.402890">
      <ele>0</ele>
      <time>2026-04-13T11:35:49.527Z</time>
    </trkpt>
    <trkpt lat="40.389456" lon="8.402809">
      <ele>0</ele>
      <time>2026-04-13T11:35:51.671Z</time>
    </trkpt>
    <trkpt lat="40.389203" lon="8.402778">
      <ele>0</ele>
      <time>2026-04-13T11:35:53.814Z</time>
    </trkpt>
    <trkpt lat="40.388397" lon="8.402759">
      <ele>0</ele>
      <time>2026-04-13T11:35:55.958Z</time>
    </trkpt>
    <trkpt lat="40.387521" lon="8.402742">
      <ele>0</ele>
      <time>2026-04-13T11:35:58.101Z</time>
    </trkpt>
    <trkpt lat="40.387074" lon="8.402733">
      <ele>0</ele>
      <time>2026-04-13T11:36:00.245Z</time>
    </trkpt>
    <trkpt lat="40.386669" lon="8.402784">
      <ele>0</ele>
      <time>2026-04-13T11:36:02.388Z</time>
    </trkpt>
    <trkpt lat="40.385521" lon="8.402914">
      <ele>0</ele>
      <time>2026-04-13T11:36:04.532Z</time>
    </trkpt>
    <trkpt lat="40.385192" lon="8.402963">
      <ele>0</ele>
      <time>2026-04-13T11:36:06.675Z</time>
    </trkpt>
    <trkpt lat="40.385058" lon="8.403026">
      <ele>0</ele>
      <time>2026-04-13T11:36:08.819Z</time>
    </trkpt>
    <trkpt lat="40.384932" lon="8.403177">
      <ele>0</ele>
      <time>2026-04-13T11:36:10.963Z</time>
    </trkpt>
    <trkpt lat="40.384806" lon="8.403439">
      <ele>0</ele>
      <time>2026-04-13T11:36:13.106Z</time>
    </trkpt>
    <trkpt lat="40.384538" lon="8.404110">
      <ele>0</ele>
      <time>2026-04-13T11:36:15.250Z</time>
    </trkpt>
    <trkpt lat="40.384434" lon="8.404275">
      <ele>0</ele>
      <time>2026-04-13T11:36:17.393Z</time>
    </trkpt>
    <trkpt lat="40.384279" lon="8.404429">
      <ele>0</ele>
      <time>2026-04-13T11:36:19.537Z</time>
    </trkpt>
    <trkpt lat="40.384132" lon="8.404512">
      <ele>0</ele>
      <time>2026-04-13T11:36:21.680Z</time>
    </trkpt>
    <trkpt lat="40.383991" lon="8.404545">
      <ele>0</ele>
      <time>2026-04-13T11:36:23.824Z</time>
    </trkpt>
    <trkpt lat="40.383888" lon="8.404538">
      <ele>0</ele>
      <time>2026-04-13T11:36:25.967Z</time>
    </trkpt>
    <trkpt lat="40.383794" lon="8.404519">
      <ele>0</ele>
      <time>2026-04-13T11:36:28.111Z</time>
    </trkpt>
    <trkpt lat="40.383617" lon="8.404435">
      <ele>0</ele>
      <time>2026-04-13T11:36:30.254Z</time>
    </trkpt>
    <trkpt lat="40.383488" lon="8.404314">
      <ele>0</ele>
      <time>2026-04-13T11:36:32.398Z</time>
    </trkpt>
    <trkpt lat="40.383307" lon="8.404009">
      <ele>0</ele>
      <time>2026-04-13T11:36:34.541Z</time>
    </trkpt>
    <trkpt lat="40.383208" lon="8.403846">
      <ele>0</ele>
      <time>2026-04-13T11:36:36.685Z</time>
    </trkpt>
    <trkpt lat="40.383128" lon="8.403756">
      <ele>0</ele>
      <time>2026-04-13T11:36:38.828Z</time>
    </trkpt>
    <trkpt lat="40.382929" lon="8.403646">
      <ele>0</ele>
      <time>2026-04-13T11:36:40.972Z</time>
    </trkpt>
    <trkpt lat="40.382734" lon="8.403607">
      <ele>0</ele>
      <time>2026-04-13T11:36:43.115Z</time>
    </trkpt>
    <trkpt lat="40.382580" lon="8.403628">
      <ele>0</ele>
      <time>2026-04-13T11:36:45.259Z</time>
    </trkpt>
    <trkpt lat="40.382409" lon="8.403713">
      <ele>0</ele>
      <time>2026-04-13T11:36:47.402Z</time>
    </trkpt>
    <trkpt lat="40.382287" lon="8.403835">
      <ele>0</ele>
      <time>2026-04-13T11:36:49.546Z</time>
    </trkpt>
    <trkpt lat="40.382180" lon="8.403994">
      <ele>0</ele>
      <time>2026-04-13T11:36:51.689Z</time>
    </trkpt>
    <trkpt lat="40.381479" lon="8.405405">
      <ele>0</ele>
      <time>2026-04-13T11:36:53.833Z</time>
    </trkpt>
    <trkpt lat="40.381174" lon="8.406107">
      <ele>0</ele>
      <time>2026-04-13T11:36:55.976Z</time>
    </trkpt>
    <trkpt lat="40.380837" lon="8.407013">
      <ele>0</ele>
      <time>2026-04-13T11:36:58.120Z</time>
    </trkpt>
    <trkpt lat="40.380722" lon="8.407279">
      <ele>0</ele>
      <time>2026-04-13T11:37:00.263Z</time>
    </trkpt>
    <trkpt lat="40.380645" lon="8.407377">
      <ele>0</ele>
      <time>2026-04-13T11:37:02.407Z</time>
    </trkpt>
    <trkpt lat="40.380545" lon="8.407480">
      <ele>0</ele>
      <time>2026-04-13T11:37:04.550Z</time>
    </trkpt>
    <trkpt lat="40.380325" lon="8.407567">
      <ele>0</ele>
      <time>2026-04-13T11:37:06.694Z</time>
    </trkpt>
    <trkpt lat="40.380203" lon="8.407575">
      <ele>0</ele>
      <time>2026-04-13T11:37:08.838Z</time>
    </trkpt>
    <trkpt lat="40.380065" lon="8.407548">
      <ele>0</ele>
      <time>2026-04-13T11:37:10.981Z</time>
    </trkpt>
    <trkpt lat="40.379958" lon="8.407486">
      <ele>0</ele>
      <time>2026-04-13T11:37:13.125Z</time>
    </trkpt>
    <trkpt lat="40.379827" lon="8.407367">
      <ele>0</ele>
      <time>2026-04-13T11:37:15.268Z</time>
    </trkpt>
    <trkpt lat="40.379351" lon="8.406664">
      <ele>0</ele>
      <time>2026-04-13T11:37:17.412Z</time>
    </trkpt>
    <trkpt lat="40.379228" lon="8.406483">
      <ele>0</ele>
      <time>2026-04-13T11:37:19.555Z</time>
    </trkpt>
    <trkpt lat="40.379025" lon="8.406321">
      <ele>0</ele>
      <time>2026-04-13T11:37:21.699Z</time>
    </trkpt>
    <trkpt lat="40.378656" lon="8.406241">
      <ele>0</ele>
      <time>2026-04-13T11:37:23.842Z</time>
    </trkpt>
    <trkpt lat="40.378552" lon="8.406222">
      <ele>0</ele>
      <time>2026-04-13T11:37:25.986Z</time>
    </trkpt>
    <trkpt lat="40.378423" lon="8.406172">
      <ele>0</ele>
      <time>2026-04-13T11:37:28.129Z</time>
    </trkpt>
    <trkpt lat="40.378226" lon="8.405994">
      <ele>0</ele>
      <time>2026-04-13T11:37:30.273Z</time>
    </trkpt>
    <trkpt lat="40.378139" lon="8.405858">
      <ele>0</ele>
      <time>2026-04-13T11:37:32.416Z</time>
    </trkpt>
    <trkpt lat="40.378048" lon="8.405608">
      <ele>0</ele>
      <time>2026-04-13T11:37:34.560Z</time>
    </trkpt>
    <trkpt lat="40.377957" lon="8.405324">
      <ele>0</ele>
      <time>2026-04-13T11:37:36.703Z</time>
    </trkpt>
    <trkpt lat="40.377836" lon="8.404770">
      <ele>0</ele>
      <time>2026-04-13T11:37:38.847Z</time>
    </trkpt>
    <trkpt lat="40.377741" lon="8.404510">
      <ele>0</ele>
      <time>2026-04-13T11:37:40.990Z</time>
    </trkpt>
    <trkpt lat="40.377592" lon="8.404277">
      <ele>0</ele>
      <time>2026-04-13T11:37:43.134Z</time>
    </trkpt>
    <trkpt lat="40.377322" lon="8.404124">
      <ele>0</ele>
      <time>2026-04-13T11:37:45.277Z</time>
    </trkpt>
    <trkpt lat="40.376809" lon="8.404076">
      <ele>0</ele>
      <time>2026-04-13T11:37:47.421Z</time>
    </trkpt>
    <trkpt lat="40.376015" lon="8.404071">
      <ele>0</ele>
      <time>2026-04-13T11:37:49.564Z</time>
    </trkpt>
    <trkpt lat="40.375760" lon="8.404133">
      <ele>0</ele>
      <time>2026-04-13T11:37:51.708Z</time>
    </trkpt>
    <trkpt lat="40.375617" lon="8.404230">
      <ele>0</ele>
      <time>2026-04-13T11:37:53.851Z</time>
    </trkpt>
    <trkpt lat="40.375453" lon="8.404399">
      <ele>0</ele>
      <time>2026-04-13T11:37:55.995Z</time>
    </trkpt>
    <trkpt lat="40.375359" lon="8.404589">
      <ele>0</ele>
      <time>2026-04-13T11:37:58.138Z</time>
    </trkpt>
    <trkpt lat="40.375266" lon="8.404858">
      <ele>0</ele>
      <time>2026-04-13T11:38:00.282Z</time>
    </trkpt>
    <trkpt lat="40.375161" lon="8.405079">
      <ele>0</ele>
      <time>2026-04-13T11:38:02.425Z</time>
    </trkpt>
    <trkpt lat="40.375075" lon="8.405187">
      <ele>0</ele>
      <time>2026-04-13T11:38:04.569Z</time>
    </trkpt>
    <trkpt lat="40.374960" lon="8.405269">
      <ele>0</ele>
      <time>2026-04-13T11:38:06.713Z</time>
    </trkpt>
    <trkpt lat="40.374761" lon="8.405338">
      <ele>0</ele>
      <time>2026-04-13T11:38:08.856Z</time>
    </trkpt>
    <trkpt lat="40.374647" lon="8.405338">
      <ele>0</ele>
      <time>2026-04-13T11:38:11.000Z</time>
    </trkpt>
    <trkpt lat="40.374373" lon="8.405283">
      <ele>0</ele>
      <time>2026-04-13T11:38:13.143Z</time>
    </trkpt>
    <trkpt lat="40.373628" lon="8.405138">
      <ele>0</ele>
      <time>2026-04-13T11:38:15.287Z</time>
    </trkpt>
    <trkpt lat="40.373396" lon="8.405067">
      <ele>0</ele>
      <time>2026-04-13T11:38:17.430Z</time>
    </trkpt>
    <trkpt lat="40.373169" lon="8.404921">
      <ele>0</ele>
      <time>2026-04-13T11:38:19.574Z</time>
    </trkpt>
    <trkpt lat="40.373044" lon="8.404702">
      <ele>0</ele>
      <time>2026-04-13T11:38:21.717Z</time>
    </trkpt>
    <trkpt lat="40.372969" lon="8.404447">
      <ele>0</ele>
      <time>2026-04-13T11:38:23.861Z</time>
    </trkpt>
    <trkpt lat="40.372961" lon="8.404088">
      <ele>0</ele>
      <time>2026-04-13T11:38:26.004Z</time>
    </trkpt>
    <trkpt lat="40.373008" lon="8.403586">
      <ele>0</ele>
      <time>2026-04-13T11:38:28.148Z</time>
    </trkpt>
    <trkpt lat="40.372994" lon="8.403298">
      <ele>0</ele>
      <time>2026-04-13T11:38:30.291Z</time>
    </trkpt>
    <trkpt lat="40.372952" lon="8.402918">
      <ele>0</ele>
      <time>2026-04-13T11:38:32.435Z</time>
    </trkpt>
    <trkpt lat="40.372859" lon="8.402502">
      <ele>0</ele>
      <time>2026-04-13T11:38:34.578Z</time>
    </trkpt>
    <trkpt lat="40.372641" lon="8.402168">
      <ele>0</ele>
      <time>2026-04-13T11:38:36.722Z</time>
    </trkpt>
    <trkpt lat="40.372581" lon="8.402133">
      <ele>0</ele>
      <time>2026-04-13T11:38:38.865Z</time>
    </trkpt>
    <trkpt lat="40.372398" lon="8.402056">
      <ele>0</ele>
      <time>2026-04-13T11:38:41.009Z</time>
    </trkpt>
    <trkpt lat="40.370273" lon="8.401790">
      <ele>0</ele>
      <time>2026-04-13T11:38:43.152Z</time>
    </trkpt>
    <trkpt lat="40.368941" lon="8.401649">
      <ele>0</ele>
      <time>2026-04-13T11:38:45.296Z</time>
    </trkpt>
    <trkpt lat="40.367943" lon="8.401700">
      <ele>0</ele>
      <time>2026-04-13T11:38:47.439Z</time>
    </trkpt>
    <trkpt lat="40.367630" lon="8.401649">
      <ele>0</ele>
      <time>2026-04-13T11:38:49.583Z</time>
    </trkpt>
    <trkpt lat="40.366925" lon="8.401305">
      <ele>0</ele>
      <time>2026-04-13T11:38:51.726Z</time>
    </trkpt>
    <trkpt lat="40.366682" lon="8.401238">
      <ele>0</ele>
      <time>2026-04-13T11:38:53.870Z</time>
    </trkpt>
    <trkpt lat="40.366409" lon="8.401291">
      <ele>0</ele>
      <time>2026-04-13T11:38:56.013Z</time>
    </trkpt>
    <trkpt lat="40.366243" lon="8.401447">
      <ele>0</ele>
      <time>2026-04-13T11:38:58.157Z</time>
    </trkpt>
    <trkpt lat="40.366117" lon="8.401674">
      <ele>0</ele>
      <time>2026-04-13T11:39:00.300Z</time>
    </trkpt>
    <trkpt lat="40.366009" lon="8.401798">
      <ele>0</ele>
      <time>2026-04-13T11:39:02.444Z</time>
    </trkpt>
    <trkpt lat="40.365741" lon="8.401928">
      <ele>0</ele>
      <time>2026-04-13T11:39:04.588Z</time>
    </trkpt>
    <trkpt lat="40.365157" lon="8.401993">
      <ele>0</ele>
      <time>2026-04-13T11:39:06.731Z</time>
    </trkpt>
    <trkpt lat="40.364980" lon="8.402073">
      <ele>0</ele>
      <time>2026-04-13T11:39:08.875Z</time>
    </trkpt>
    <trkpt lat="40.364831" lon="8.402178">
      <ele>0</ele>
      <time>2026-04-13T11:39:11.018Z</time>
    </trkpt>
    <trkpt lat="40.364719" lon="8.402395">
      <ele>0</ele>
      <time>2026-04-13T11:39:13.162Z</time>
    </trkpt>
    <trkpt lat="40.364662" lon="8.402599">
      <ele>0</ele>
      <time>2026-04-13T11:39:15.305Z</time>
    </trkpt>
    <trkpt lat="40.364637" lon="8.402835">
      <ele>0</ele>
      <time>2026-04-13T11:39:17.449Z</time>
    </trkpt>
    <trkpt lat="40.364661" lon="8.403016">
      <ele>0</ele>
      <time>2026-04-13T11:39:19.592Z</time>
    </trkpt>
    <trkpt lat="40.364736" lon="8.403223">
      <ele>0</ele>
      <time>2026-04-13T11:39:21.736Z</time>
    </trkpt>
    <trkpt lat="40.364866" lon="8.403379">
      <ele>0</ele>
      <time>2026-04-13T11:39:23.879Z</time>
    </trkpt>
    <trkpt lat="40.365148" lon="8.403558">
      <ele>0</ele>
      <time>2026-04-13T11:39:26.023Z</time>
    </trkpt>
    <trkpt lat="40.365716" lon="8.403833">
      <ele>0</ele>
      <time>2026-04-13T11:39:28.166Z</time>
    </trkpt>
    <trkpt lat="40.365921" lon="8.403983">
      <ele>0</ele>
      <time>2026-04-13T11:39:30.310Z</time>
    </trkpt>
    <trkpt lat="40.366084" lon="8.404176">
      <ele>0</ele>
      <time>2026-04-13T11:39:32.453Z</time>
    </trkpt>
    <trkpt lat="40.366526" lon="8.404744">
      <ele>0</ele>
      <time>2026-04-13T11:39:34.597Z</time>
    </trkpt>
    <trkpt lat="40.366707" lon="8.404913">
      <ele>0</ele>
      <time>2026-04-13T11:39:36.740Z</time>
    </trkpt>
    <trkpt lat="40.366885" lon="8.405056">
      <ele>0</ele>
      <time>2026-04-13T11:39:38.884Z</time>
    </trkpt>
    <trkpt lat="40.367091" lon="8.405185">
      <ele>0</ele>
      <time>2026-04-13T11:39:41.027Z</time>
    </trkpt>
    <trkpt lat="40.367188" lon="8.405281">
      <ele>0</ele>
      <time>2026-04-13T11:39:43.171Z</time>
    </trkpt>
    <trkpt lat="40.367311" lon="8.405477">
      <ele>0</ele>
      <time>2026-04-13T11:39:45.314Z</time>
    </trkpt>
    <trkpt lat="40.367351" lon="8.405656">
      <ele>0</ele>
      <time>2026-04-13T11:39:47.458Z</time>
    </trkpt>
    <trkpt lat="40.367371" lon="8.405926">
      <ele>0</ele>
      <time>2026-04-13T11:39:49.601Z</time>
    </trkpt>
    <trkpt lat="40.367324" lon="8.406129">
      <ele>0</ele>
      <time>2026-04-13T11:39:51.745Z</time>
    </trkpt>
    <trkpt lat="40.367253" lon="8.406279">
      <ele>0</ele>
      <time>2026-04-13T11:39:53.888Z</time>
    </trkpt>
    <trkpt lat="40.366724" lon="8.407129">
      <ele>0</ele>
      <time>2026-04-13T11:39:56.032Z</time>
    </trkpt>
    <trkpt lat="40.366461" lon="8.407544">
      <ele>0</ele>
      <time>2026-04-13T11:39:58.175Z</time>
    </trkpt>
    <trkpt lat="40.366357" lon="8.407820">
      <ele>0</ele>
      <time>2026-04-13T11:40:00.319Z</time>
    </trkpt>
    <trkpt lat="40.366318" lon="8.408146">
      <ele>0</ele>
      <time>2026-04-13T11:40:02.463Z</time>
    </trkpt>
    <trkpt lat="40.366374" lon="8.409068">
      <ele>0</ele>
      <time>2026-04-13T11:40:04.606Z</time>
    </trkpt>
    <trkpt lat="40.366342" lon="8.409368">
      <ele>0</ele>
      <time>2026-04-13T11:40:06.750Z</time>
    </trkpt>
    <trkpt lat="40.366249" lon="8.409644">
      <ele>0</ele>
      <time>2026-04-13T11:40:08.893Z</time>
    </trkpt>
    <trkpt lat="40.366098" lon="8.409868">
      <ele>0</ele>
      <time>2026-04-13T11:40:11.037Z</time>
    </trkpt>
    <trkpt lat="40.365899" lon="8.410029">
      <ele>0</ele>
      <time>2026-04-13T11:40:13.180Z</time>
    </trkpt>
    <trkpt lat="40.365643" lon="8.410167">
      <ele>0</ele>
      <time>2026-04-13T11:40:15.324Z</time>
    </trkpt>
    <trkpt lat="40.365097" lon="8.410472">
      <ele>0</ele>
      <time>2026-04-13T11:40:17.467Z</time>
    </trkpt>
    <trkpt lat="40.364897" lon="8.410609">
      <ele>0</ele>
      <time>2026-04-13T11:40:19.611Z</time>
    </trkpt>
    <trkpt lat="40.364757" lon="8.410748">
      <ele>0</ele>
      <time>2026-04-13T11:40:21.754Z</time>
    </trkpt>
    <trkpt lat="40.364400" lon="8.411229">
      <ele>0</ele>
      <time>2026-04-13T11:40:23.898Z</time>
    </trkpt>
    <trkpt lat="40.364124" lon="8.411617">
      <ele>0</ele>
      <time>2026-04-13T11:40:26.041Z</time>
    </trkpt>
    <trkpt lat="40.363263" lon="8.412807">
      <ele>0</ele>
      <time>2026-04-13T11:40:28.185Z</time>
    </trkpt>
    <trkpt lat="40.362215" lon="8.414283">
      <ele>0</ele>
      <time>2026-04-13T11:40:30.328Z</time>
    </trkpt>
    <trkpt lat="40.361270" lon="8.415592">
      <ele>0</ele>
      <time>2026-04-13T11:40:32.472Z</time>
    </trkpt>
    <trkpt lat="40.360531" lon="8.416629">
      <ele>0</ele>
      <time>2026-04-13T11:40:34.615Z</time>
    </trkpt>
    <trkpt lat="40.360313" lon="8.417003">
      <ele>0</ele>
      <time>2026-04-13T11:40:36.759Z</time>
    </trkpt>
    <trkpt lat="40.359499" lon="8.418658">
      <ele>0</ele>
      <time>2026-04-13T11:40:38.902Z</time>
    </trkpt>
    <trkpt lat="40.358470" lon="8.420758">
      <ele>0</ele>
      <time>2026-04-13T11:40:41.046Z</time>
    </trkpt>
    <trkpt lat="40.358369" lon="8.420895">
      <ele>0</ele>
      <time>2026-04-13T11:40:43.189Z</time>
    </trkpt>
    <trkpt lat="40.358271" lon="8.420998">
      <ele>0</ele>
      <time>2026-04-13T11:40:45.333Z</time>
    </trkpt>
    <trkpt lat="40.358017" lon="8.421169">
      <ele>0</ele>
      <time>2026-04-13T11:40:47.476Z</time>
    </trkpt>
    <trkpt lat="40.357815" lon="8.421217">
      <ele>0</ele>
      <time>2026-04-13T11:40:49.620Z</time>
    </trkpt>
    <trkpt lat="40.357522" lon="8.421227">
      <ele>0</ele>
      <time>2026-04-13T11:40:51.763Z</time>
    </trkpt>
    <trkpt lat="40.357400" lon="8.421225">
      <ele>0</ele>
      <time>2026-04-13T11:40:53.907Z</time>
    </trkpt>
    <trkpt lat="40.357215" lon="8.421246">
      <ele>0</ele>
      <time>2026-04-13T11:40:56.050Z</time>
    </trkpt>
    <trkpt lat="40.357056" lon="8.421330">
      <ele>0</ele>
      <time>2026-04-13T11:40:58.194Z</time>
    </trkpt>
    <trkpt lat="40.356858" lon="8.421459">
      <ele>0</ele>
      <time>2026-04-13T11:41:00.338Z</time>
    </trkpt>
    <trkpt lat="40.356654" lon="8.421661">
      <ele>0</ele>
      <time>2026-04-13T11:41:02.481Z</time>
    </trkpt>
    <trkpt lat="40.356489" lon="8.421900">
      <ele>0</ele>
      <time>2026-04-13T11:41:04.625Z</time>
    </trkpt>
    <trkpt lat="40.356358" lon="8.422123">
      <ele>0</ele>
      <time>2026-04-13T11:41:06.768Z</time>
    </trkpt>
    <trkpt lat="40.355433" lon="8.423775">
      <ele>0</ele>
      <time>2026-04-13T11:41:08.912Z</time>
    </trkpt>
    <trkpt lat="40.354397" lon="8.425675">
      <ele>0</ele>
      <time>2026-04-13T11:41:11.055Z</time>
    </trkpt>
    <trkpt lat="40.352279" lon="8.429531">
      <ele>0</ele>
      <time>2026-04-13T11:41:13.199Z</time>
    </trkpt>
    <trkpt lat="40.352166" lon="8.429698">
      <ele>0</ele>
      <time>2026-04-13T11:41:15.342Z</time>
    </trkpt>
    <trkpt lat="40.351995" lon="8.429833">
      <ele>0</ele>
      <time>2026-04-13T11:41:17.486Z</time>
    </trkpt>
    <trkpt lat="40.351902" lon="8.429889">
      <ele>0</ele>
      <time>2026-04-13T11:41:19.629Z</time>
    </trkpt>
    <trkpt lat="40.351737" lon="8.429944">
      <ele>0</ele>
      <time>2026-04-13T11:41:21.773Z</time>
    </trkpt>
    <trkpt lat="40.351560" lon="8.429968">
      <ele>0</ele>
      <time>2026-04-13T11:41:23.916Z</time>
    </trkpt>
    <trkpt lat="40.351366" lon="8.429966">
      <ele>0</ele>
      <time>2026-04-13T11:41:26.060Z</time>
    </trkpt>
    <trkpt lat="40.351024" lon="8.429902">
      <ele>0</ele>
      <time>2026-04-13T11:41:28.203Z</time>
    </trkpt>
    <trkpt lat="40.349387" lon="8.429558">
      <ele>0</ele>
      <time>2026-04-13T11:41:30.347Z</time>
    </trkpt>
    <trkpt lat="40.349213" lon="8.429526">
      <ele>0</ele>
      <time>2026-04-13T11:41:32.490Z</time>
    </trkpt>
    <trkpt lat="40.349051" lon="8.429474">
      <ele>0</ele>
      <time>2026-04-13T11:41:34.634Z</time>
    </trkpt>
    <trkpt lat="40.348837" lon="8.429282">
      <ele>0</ele>
      <time>2026-04-13T11:41:36.777Z</time>
    </trkpt>
    <trkpt lat="40.348746" lon="8.429157">
      <ele>0</ele>
      <time>2026-04-13T11:41:38.921Z</time>
    </trkpt>
    <trkpt lat="40.348622" lon="8.428910">
      <ele>0</ele>
      <time>2026-04-13T11:41:41.064Z</time>
    </trkpt>
    <trkpt lat="40.348513" lon="8.428557">
      <ele>0</ele>
      <time>2026-04-13T11:41:43.208Z</time>
    </trkpt>
    <trkpt lat="40.348128" lon="8.427410">
      <ele>0</ele>
      <time>2026-04-13T11:41:45.351Z</time>
    </trkpt>
    <trkpt lat="40.347578" lon="8.426247">
      <ele>0</ele>
      <time>2026-04-13T11:41:47.495Z</time>
    </trkpt>
    <trkpt lat="40.347302" lon="8.425785">
      <ele>0</ele>
      <time>2026-04-13T11:41:49.638Z</time>
    </trkpt>
    <trkpt lat="40.345432" lon="8.423072">
      <ele>0</ele>
      <time>2026-04-13T11:41:51.782Z</time>
    </trkpt>
    <trkpt lat="40.345216" lon="8.422876">
      <ele>0</ele>
      <time>2026-04-13T11:41:53.925Z</time>
    </trkpt>
    <trkpt lat="40.345067" lon="8.422812">
      <ele>0</ele>
      <time>2026-04-13T11:41:56.069Z</time>
    </trkpt>
    <trkpt lat="40.344920" lon="8.422794">
      <ele>0</ele>
      <time>2026-04-13T11:41:58.213Z</time>
    </trkpt>
    <trkpt lat="40.344730" lon="8.422816">
      <ele>0</ele>
      <time>2026-04-13T11:42:00.356Z</time>
    </trkpt>
    <trkpt lat="40.344510" lon="8.422875">
      <ele>0</ele>
      <time>2026-04-13T11:42:02.500Z</time>
    </trkpt>
    <trkpt lat="40.344213" lon="8.423046">
      <ele>0</ele>
      <time>2026-04-13T11:42:04.643Z</time>
    </trkpt>
    <trkpt lat="40.343968" lon="8.423217">
      <ele>0</ele>
      <time>2026-04-13T11:42:06.787Z</time>
    </trkpt>
    <trkpt lat="40.343721" lon="8.423481">
      <ele>0</ele>
      <time>2026-04-13T11:42:08.930Z</time>
    </trkpt>
    <trkpt lat="40.343638" lon="8.423654">
      <ele>0</ele>
      <time>2026-04-13T11:42:11.074Z</time>
    </trkpt>
    <trkpt lat="40.343596" lon="8.423865">
      <ele>0</ele>
      <time>2026-04-13T11:42:13.217Z</time>
    </trkpt>
    <trkpt lat="40.343534" lon="8.424674">
      <ele>0</ele>
      <time>2026-04-13T11:42:15.361Z</time>
    </trkpt>
    <trkpt lat="40.343610" lon="8.425173">
      <ele>0</ele>
      <time>2026-04-13T11:42:17.504Z</time>
    </trkpt>
    <trkpt lat="40.343809" lon="8.425646">
      <ele>0</ele>
      <time>2026-04-13T11:42:19.648Z</time>
    </trkpt>
    <trkpt lat="40.343929" lon="8.425981">
      <ele>0</ele>
      <time>2026-04-13T11:42:21.791Z</time>
    </trkpt>
    <trkpt lat="40.343976" lon="8.426244">
      <ele>0</ele>
      <time>2026-04-13T11:42:23.935Z</time>
    </trkpt>
    <trkpt lat="40.343964" lon="8.426442">
      <ele>0</ele>
      <time>2026-04-13T11:42:26.078Z</time>
    </trkpt>
    <trkpt lat="40.343806" lon="8.427038">
      <ele>0</ele>
      <time>2026-04-13T11:42:28.222Z</time>
    </trkpt>
    <trkpt lat="40.343657" lon="8.427391">
      <ele>0</ele>
      <time>2026-04-13T11:42:30.365Z</time>
    </trkpt>
    <trkpt lat="40.343542" lon="8.427574">
      <ele>0</ele>
      <time>2026-04-13T11:42:32.509Z</time>
    </trkpt>
    <trkpt lat="40.343430" lon="8.427668">
      <ele>0</ele>
      <time>2026-04-13T11:42:34.652Z</time>
    </trkpt>
    <trkpt lat="40.343228" lon="8.427788">
      <ele>0</ele>
      <time>2026-04-13T11:42:36.796Z</time>
    </trkpt>
    <trkpt lat="40.342565" lon="8.428022">
      <ele>0</ele>
      <time>2026-04-13T11:42:38.939Z</time>
    </trkpt>
    <trkpt lat="40.342380" lon="8.428125">
      <ele>0</ele>
      <time>2026-04-13T11:42:41.083Z</time>
    </trkpt>
    <trkpt lat="40.342212" lon="8.428279">
      <ele>0</ele>
      <time>2026-04-13T11:42:43.226Z</time>
    </trkpt>
    <trkpt lat="40.341958" lon="8.428575">
      <ele>0</ele>
      <time>2026-04-13T11:42:45.370Z</time>
    </trkpt>
    <trkpt lat="40.341813" lon="8.428805">
      <ele>0</ele>
      <time>2026-04-13T11:42:47.513Z</time>
    </trkpt>
    <trkpt lat="40.341712" lon="8.428936">
      <ele>0</ele>
      <time>2026-04-13T11:42:49.657Z</time>
    </trkpt>
    <trkpt lat="40.341621" lon="8.429009">
      <ele>0</ele>
      <time>2026-04-13T11:42:51.800Z</time>
    </trkpt>
    <trkpt lat="40.341451" lon="8.429069">
      <ele>0</ele>
      <time>2026-04-13T11:42:53.944Z</time>
    </trkpt>
    <trkpt lat="40.341285" lon="8.429067">
      <ele>0</ele>
      <time>2026-04-13T11:42:56.088Z</time>
    </trkpt>
    <trkpt lat="40.341191" lon="8.429046">
      <ele>0</ele>
      <time>2026-04-13T11:42:58.231Z</time>
    </trkpt>
    <trkpt lat="40.340799" lon="8.428890">
      <ele>0</ele>
      <time>2026-04-13T11:43:00.375Z</time>
    </trkpt>
    <trkpt lat="40.340603" lon="8.428833">
      <ele>0</ele>
      <time>2026-04-13T11:43:02.518Z</time>
    </trkpt>
    <trkpt lat="40.340418" lon="8.428860">
      <ele>0</ele>
      <time>2026-04-13T11:43:04.662Z</time>
    </trkpt>
    <trkpt lat="40.340238" lon="8.428949">
      <ele>0</ele>
      <time>2026-04-13T11:43:06.805Z</time>
    </trkpt>
    <trkpt lat="40.340075" lon="8.429121">
      <ele>0</ele>
      <time>2026-04-13T11:43:08.949Z</time>
    </trkpt>
    <trkpt lat="40.339990" lon="8.429360">
      <ele>0</ele>
      <time>2026-04-13T11:43:11.092Z</time>
    </trkpt>
    <trkpt lat="40.339972" lon="8.429693">
      <ele>0</ele>
      <time>2026-04-13T11:43:13.236Z</time>
    </trkpt>
    <trkpt lat="40.340101" lon="8.430508">
      <ele>0</ele>
      <time>2026-04-13T11:43:15.379Z</time>
    </trkpt>
    <trkpt lat="40.340107" lon="8.430676">
      <ele>0</ele>
      <time>2026-04-13T11:43:17.523Z</time>
    </trkpt>
    <trkpt lat="40.340083" lon="8.430883">
      <ele>0</ele>
      <time>2026-04-13T11:43:19.666Z</time>
    </trkpt>
    <trkpt lat="40.340037" lon="8.431028">
      <ele>0</ele>
      <time>2026-04-13T11:43:21.810Z</time>
    </trkpt>
    <trkpt lat="40.339928" lon="8.431191">
      <ele>0</ele>
      <time>2026-04-13T11:43:23.953Z</time>
    </trkpt>
    <trkpt lat="40.339819" lon="8.431287">
      <ele>0</ele>
      <time>2026-04-13T11:43:26.097Z</time>
    </trkpt>
    <trkpt lat="40.339681" lon="8.431338">
      <ele>0</ele>
      <time>2026-04-13T11:43:28.240Z</time>
    </trkpt>
    <trkpt lat="40.339354" lon="8.431366">
      <ele>0</ele>
      <time>2026-04-13T11:43:30.384Z</time>
    </trkpt>
    <trkpt lat="40.339223" lon="8.431362">
      <ele>0</ele>
      <time>2026-04-13T11:43:32.527Z</time>
    </trkpt>
    <trkpt lat="40.339057" lon="8.431350">
      <ele>0</ele>
      <time>2026-04-13T11:43:34.671Z</time>
    </trkpt>
    <trkpt lat="40.338882" lon="8.431281">
      <ele>0</ele>
      <time>2026-04-13T11:43:36.814Z</time>
    </trkpt>
    <trkpt lat="40.338733" lon="8.431123">
      <ele>0</ele>
      <time>2026-04-13T11:43:38.958Z</time>
    </trkpt>
    <trkpt lat="40.338311" lon="8.430559">
      <ele>0</ele>
      <time>2026-04-13T11:43:41.101Z</time>
    </trkpt>
    <trkpt lat="40.338104" lon="8.430303">
      <ele>0</ele>
      <time>2026-04-13T11:43:43.245Z</time>
    </trkpt>
    <trkpt lat="40.337886" lon="8.430078">
      <ele>0</ele>
      <time>2026-04-13T11:43:45.388Z</time>
    </trkpt>
    <trkpt lat="40.337744" lon="8.429940">
      <ele>0</ele>
      <time>2026-04-13T11:43:47.532Z</time>
    </trkpt>
    <trkpt lat="40.337635" lon="8.429857">
      <ele>0</ele>
      <time>2026-04-13T11:43:49.675Z</time>
    </trkpt>
    <trkpt lat="40.337481" lon="8.429788">
      <ele>0</ele>
      <time>2026-04-13T11:43:51.819Z</time>
    </trkpt>
    <trkpt lat="40.337369" lon="8.429752">
      <ele>0</ele>
      <time>2026-04-13T11:43:53.963Z</time>
    </trkpt>
    <trkpt lat="40.337244" lon="8.429743">
      <ele>0</ele>
      <time>2026-04-13T11:43:56.106Z</time>
    </trkpt>
    <trkpt lat="40.337076" lon="8.429774">
      <ele>0</ele>
      <time>2026-04-13T11:43:58.250Z</time>
    </trkpt>
    <trkpt lat="40.336236" lon="8.430031">
      <ele>0</ele>
      <time>2026-04-13T11:44:00.393Z</time>
    </trkpt>
    <trkpt lat="40.336067" lon="8.430107">
      <ele>0</ele>
      <time>2026-04-13T11:44:02.537Z</time>
    </trkpt>
    <trkpt lat="40.335886" lon="8.430249">
      <ele>0</ele>
      <time>2026-04-13T11:44:04.680Z</time>
    </trkpt>
    <trkpt lat="40.335696" lon="8.430554">
      <ele>0</ele>
      <time>2026-04-13T11:44:06.824Z</time>
    </trkpt>
    <trkpt lat="40.335002" lon="8.432226">
      <ele>0</ele>
      <time>2026-04-13T11:44:08.967Z</time>
    </trkpt>
    <trkpt lat="40.334898" lon="8.432546">
      <ele>0</ele>
      <time>2026-04-13T11:44:11.111Z</time>
    </trkpt>
    <trkpt lat="40.334842" lon="8.432883">
      <ele>0</ele>
      <time>2026-04-13T11:44:13.254Z</time>
    </trkpt>
    <trkpt lat="40.334831" lon="8.433158">
      <ele>0</ele>
      <time>2026-04-13T11:44:15.398Z</time>
    </trkpt>
    <trkpt lat="40.334793" lon="8.433324">
      <ele>0</ele>
      <time>2026-04-13T11:44:17.541Z</time>
    </trkpt>
    <trkpt lat="40.334764" lon="8.433413">
      <ele>0</ele>
      <time>2026-04-13T11:44:19.685Z</time>
    </trkpt>
    <trkpt lat="40.334709" lon="8.433525">
      <ele>0</ele>
      <time>2026-04-13T11:44:21.828Z</time>
    </trkpt>
    <trkpt lat="40.334592" lon="8.433667">
      <ele>0</ele>
      <time>2026-04-13T11:44:23.972Z</time>
    </trkpt>
    <trkpt lat="40.334480" lon="8.433768">
      <ele>0</ele>
      <time>2026-04-13T11:44:26.115Z</time>
    </trkpt>
    <trkpt lat="40.333890" lon="8.434302">
      <ele>0</ele>
      <time>2026-04-13T11:44:28.259Z</time>
    </trkpt>
    <trkpt lat="40.333402" lon="8.434747">
      <ele>0</ele>
      <time>2026-04-13T11:44:30.402Z</time>
    </trkpt>
    <trkpt lat="40.333211" lon="8.434951">
      <ele>0</ele>
      <time>2026-04-13T11:44:32.546Z</time>
    </trkpt>
    <trkpt lat="40.333031" lon="8.435158">
      <ele>0</ele>
      <time>2026-04-13T11:44:34.689Z</time>
    </trkpt>
    <trkpt lat="40.332729" lon="8.435527">
      <ele>0</ele>
      <time>2026-04-13T11:44:36.833Z</time>
    </trkpt>
    <trkpt lat="40.332419" lon="8.435897">
      <ele>0</ele>
      <time>2026-04-13T11:44:38.976Z</time>
    </trkpt>
    <trkpt lat="40.331942" lon="8.436493">
      <ele>0</ele>
      <time>2026-04-13T11:44:41.120Z</time>
    </trkpt>
    <trkpt lat="40.331762" lon="8.436668">
      <ele>0</ele>
      <time>2026-04-13T11:44:43.263Z</time>
    </trkpt>
    <trkpt lat="40.331620" lon="8.436763">
      <ele>0</ele>
      <time>2026-04-13T11:44:45.407Z</time>
    </trkpt>
    <trkpt lat="40.331344" lon="8.436878">
      <ele>0</ele>
      <time>2026-04-13T11:44:47.550Z</time>
    </trkpt>
    <trkpt lat="40.331069" lon="8.436885">
      <ele>0</ele>
      <time>2026-04-13T11:44:49.694Z</time>
    </trkpt>
    <trkpt lat="40.330840" lon="8.436848">
      <ele>0</ele>
      <time>2026-04-13T11:44:51.838Z</time>
    </trkpt>
    <trkpt lat="40.330650" lon="8.436771">
      <ele>0</ele>
      <time>2026-04-13T11:44:53.981Z</time>
    </trkpt>
    <trkpt lat="40.330479" lon="8.436640">
      <ele>0</ele>
      <time>2026-04-13T11:44:56.125Z</time>
    </trkpt>
    <trkpt lat="40.329970" lon="8.436179">
      <ele>0</ele>
      <time>2026-04-13T11:44:58.268Z</time>
    </trkpt>
    <trkpt lat="40.329800" lon="8.436062">
      <ele>0</ele>
      <time>2026-04-13T11:45:00.412Z</time>
    </trkpt>
    <trkpt lat="40.329607" lon="8.435995">
      <ele>0</ele>
      <time>2026-04-13T11:45:02.555Z</time>
    </trkpt>
    <trkpt lat="40.329404" lon="8.435980">
      <ele>0</ele>
      <time>2026-04-13T11:45:04.699Z</time>
    </trkpt>
    <trkpt lat="40.329171" lon="8.436037">
      <ele>0</ele>
      <time>2026-04-13T11:45:06.842Z</time>
    </trkpt>
    <trkpt lat="40.328961" lon="8.436199">
      <ele>0</ele>
      <time>2026-04-13T11:45:08.986Z</time>
    </trkpt>
    <trkpt lat="40.328759" lon="8.436459">
      <ele>0</ele>
      <time>2026-04-13T11:45:11.129Z</time>
    </trkpt>
    <trkpt lat="40.328626" lon="8.436666">
      <ele>0</ele>
      <time>2026-04-13T11:45:13.273Z</time>
    </trkpt>
    <trkpt lat="40.328052" lon="8.437503">
      <ele>0</ele>
      <time>2026-04-13T11:45:15.416Z</time>
    </trkpt>
    <trkpt lat="40.327670" lon="8.438086">
      <ele>0</ele>
      <time>2026-04-13T11:45:17.560Z</time>
    </trkpt>
    <trkpt lat="40.326936" lon="8.439571">
      <ele>0</ele>
      <time>2026-04-13T11:45:19.703Z</time>
    </trkpt>
    <trkpt lat="40.326841" lon="8.439784">
      <ele>0</ele>
      <time>2026-04-13T11:45:21.847Z</time>
    </trkpt>
    <trkpt lat="40.326806" lon="8.439933">
      <ele>0</ele>
      <time>2026-04-13T11:45:23.990Z</time>
    </trkpt>
    <trkpt lat="40.326766" lon="8.440444">
      <ele>0</ele>
      <time>2026-04-13T11:45:26.134Z</time>
    </trkpt>
    <trkpt lat="40.326732" lon="8.440878">
      <ele>0</ele>
      <time>2026-04-13T11:45:28.277Z</time>
    </trkpt>
    <trkpt lat="40.326660" lon="8.441969">
      <ele>0</ele>
      <time>2026-04-13T11:45:30.421Z</time>
    </trkpt>
    <trkpt lat="40.326634" lon="8.442437">
      <ele>0</ele>
      <time>2026-04-13T11:45:32.564Z</time>
    </trkpt>
    <trkpt lat="40.326647" lon="8.442604">
      <ele>0</ele>
      <time>2026-04-13T11:45:34.708Z</time>
    </trkpt>
    <trkpt lat="40.326866" lon="8.443784">
      <ele>0</ele>
      <time>2026-04-13T11:45:36.851Z</time>
    </trkpt>
    <trkpt lat="40.327095" lon="8.444962">
      <ele>0</ele>
      <time>2026-04-13T11:45:38.995Z</time>
    </trkpt>
    <trkpt lat="40.327119" lon="8.445128">
      <ele>0</ele>
      <time>2026-04-13T11:45:41.138Z</time>
    </trkpt>
    <trkpt lat="40.327113" lon="8.445312">
      <ele>0</ele>
      <time>2026-04-13T11:45:43.282Z</time>
    </trkpt>
    <trkpt lat="40.327065" lon="8.445594">
      <ele>0</ele>
      <time>2026-04-13T11:45:45.425Z</time>
    </trkpt>
    <trkpt lat="40.326916" lon="8.446080">
      <ele>0</ele>
      <time>2026-04-13T11:45:47.569Z</time>
    </trkpt>
    <trkpt lat="40.326875" lon="8.446217">
      <ele>0</ele>
      <time>2026-04-13T11:45:49.713Z</time>
    </trkpt>
    <trkpt lat="40.326670" lon="8.446885">
      <ele>0</ele>
      <time>2026-04-13T11:45:51.856Z</time>
    </trkpt>
    <trkpt lat="40.326162" lon="8.448524">
      <ele>0</ele>
      <time>2026-04-13T11:45:54.000Z</time>
    </trkpt>
    <trkpt lat="40.326108" lon="8.448783">
      <ele>0</ele>
      <time>2026-04-13T11:45:56.143Z</time>
    </trkpt>
    <trkpt lat="40.326096" lon="8.449118">
      <ele>0</ele>
      <time>2026-04-13T11:45:58.287Z</time>
    </trkpt>
    <trkpt lat="40.326096" lon="8.449447">
      <ele>0</ele>
      <time>2026-04-13T11:46:00.430Z</time>
    </trkpt>
    <trkpt lat="40.326097" lon="8.450802">
      <ele>0</ele>
      <time>2026-04-13T11:46:02.574Z</time>
    </trkpt>
    <trkpt lat="40.326077" lon="8.450976">
      <ele>0</ele>
      <time>2026-04-13T11:46:04.717Z</time>
    </trkpt>
    <trkpt lat="40.326029" lon="8.451111">
      <ele>0</ele>
      <time>2026-04-13T11:46:06.861Z</time>
    </trkpt>
    <trkpt lat="40.325946" lon="8.451227">
      <ele>0</ele>
      <time>2026-04-13T11:46:09.004Z</time>
    </trkpt>
    <trkpt lat="40.325894" lon="8.451267">
      <ele>0</ele>
      <time>2026-04-13T11:46:11.148Z</time>
    </trkpt>
    <trkpt lat="40.325830" lon="8.451314">
      <ele>0</ele>
      <time>2026-04-13T11:46:13.291Z</time>
    </trkpt>
    <trkpt lat="40.325593" lon="8.451438">
      <ele>0</ele>
      <time>2026-04-13T11:46:15.435Z</time>
    </trkpt>
    <trkpt lat="40.324940" lon="8.451789">
      <ele>0</ele>
      <time>2026-04-13T11:46:17.578Z</time>
    </trkpt>
    <trkpt lat="40.324112" lon="8.452172">
      <ele>0</ele>
      <time>2026-04-13T11:46:19.722Z</time>
    </trkpt>
    <trkpt lat="40.324032" lon="8.452266">
      <ele>0</ele>
      <time>2026-04-13T11:46:21.865Z</time>
    </trkpt>
    <trkpt lat="40.323883" lon="8.452530">
      <ele>0</ele>
      <time>2026-04-13T11:46:24.009Z</time>
    </trkpt>
    <trkpt lat="40.323716" lon="8.452912">
      <ele>0</ele>
      <time>2026-04-13T11:46:26.152Z</time>
    </trkpt>
    <trkpt lat="40.323427" lon="8.454122">
      <ele>0</ele>
      <time>2026-04-13T11:46:28.296Z</time>
    </trkpt>
    <trkpt lat="40.323265" lon="8.454757">
      <ele>0</ele>
      <time>2026-04-13T11:46:30.439Z</time>
    </trkpt>
    <trkpt lat="40.323152" lon="8.455089">
      <ele>0</ele>
      <time>2026-04-13T11:46:32.583Z</time>
    </trkpt>
    <trkpt lat="40.323073" lon="8.455271">
      <ele>0</ele>
      <time>2026-04-13T11:46:34.726Z</time>
    </trkpt>
    <trkpt lat="40.322785" lon="8.455639">
      <ele>0</ele>
      <time>2026-04-13T11:46:36.870Z</time>
    </trkpt>
    <trkpt lat="40.322566" lon="8.455899">
      <ele>0</ele>
      <time>2026-04-13T11:46:39.013Z</time>
    </trkpt>
    <trkpt lat="40.322494" lon="8.455992">
      <ele>0</ele>
      <time>2026-04-13T11:46:41.157Z</time>
    </trkpt>
    <trkpt lat="40.322277" lon="8.456276">
      <ele>0</ele>
      <time>2026-04-13T11:46:43.300Z</time>
    </trkpt>
    <trkpt lat="40.321968" lon="8.456533">
      <ele>0</ele>
      <time>2026-04-13T11:46:45.444Z</time>
    </trkpt>
    <trkpt lat="40.321736" lon="8.456721">
      <ele>0</ele>
      <time>2026-04-13T11:46:47.588Z</time>
    </trkpt>
    <trkpt lat="40.321612" lon="8.456915">
      <ele>0</ele>
      <time>2026-04-13T11:46:49.731Z</time>
    </trkpt>
    <trkpt lat="40.321327" lon="8.457559">
      <ele>0</ele>
      <time>2026-04-13T11:46:51.875Z</time>
    </trkpt>
    <trkpt lat="40.321240" lon="8.457883">
      <ele>0</ele>
      <time>2026-04-13T11:46:54.018Z</time>
    </trkpt>
    <trkpt lat="40.321176" lon="8.458056">
      <ele>0</ele>
      <time>2026-04-13T11:46:56.162Z</time>
    </trkpt>
    <trkpt lat="40.321026" lon="8.458275">
      <ele>0</ele>
      <time>2026-04-13T11:46:58.305Z</time>
    </trkpt>
    <trkpt lat="40.320902" lon="8.458468">
      <ele>0</ele>
      <time>2026-04-13T11:47:00.449Z</time>
    </trkpt>
    <trkpt lat="40.320617" lon="8.459192">
      <ele>0</ele>
      <time>2026-04-13T11:47:02.592Z</time>
    </trkpt>
    <trkpt lat="40.320479" lon="8.459566">
      <ele>0</ele>
      <time>2026-04-13T11:47:04.736Z</time>
    </trkpt>
    <trkpt lat="40.320387" lon="8.459726">
      <ele>0</ele>
      <time>2026-04-13T11:47:06.879Z</time>
    </trkpt>
    <trkpt lat="40.320197" lon="8.459894">
      <ele>0</ele>
      <time>2026-04-13T11:47:09.023Z</time>
    </trkpt>
    <trkpt lat="40.319988" lon="8.460088">
      <ele>0</ele>
      <time>2026-04-13T11:47:11.166Z</time>
    </trkpt>
    <trkpt lat="40.319918" lon="8.460187">
      <ele>0</ele>
      <time>2026-04-13T11:47:13.310Z</time>
    </trkpt>
    <trkpt lat="40.319689" lon="8.460708">
      <ele>0</ele>
      <time>2026-04-13T11:47:15.453Z</time>
    </trkpt>
    <trkpt lat="40.319599" lon="8.460960">
      <ele>0</ele>
      <time>2026-04-13T11:47:17.597Z</time>
    </trkpt>
    <trkpt lat="40.319461" lon="8.461343">
      <ele>0</ele>
      <time>2026-04-13T11:47:19.740Z</time>
    </trkpt>
    <trkpt lat="40.319270" lon="8.461978">
      <ele>0</ele>
      <time>2026-04-13T11:47:21.884Z</time>
    </trkpt>
    <trkpt lat="40.319162" lon="8.462321">
      <ele>0</ele>
      <time>2026-04-13T11:47:24.027Z</time>
    </trkpt>
    <trkpt lat="40.318843" lon="8.463019">
      <ele>0</ele>
      <time>2026-04-13T11:47:26.171Z</time>
    </trkpt>
    <trkpt lat="40.318821" lon="8.463072">
      <ele>0</ele>
      <time>2026-04-13T11:47:28.314Z</time>
    </trkpt>
    <trkpt lat="40.318698" lon="8.463363">
      <ele>0</ele>
      <time>2026-04-13T11:47:30.458Z</time>
    </trkpt>
    <trkpt lat="40.318600" lon="8.463755">
      <ele>0</ele>
      <time>2026-04-13T11:47:32.601Z</time>
    </trkpt>
    <trkpt lat="40.318462" lon="8.464668">
      <ele>0</ele>
      <time>2026-04-13T11:47:34.745Z</time>
    </trkpt>
    <trkpt lat="40.318368" lon="8.465294">
      <ele>0</ele>
      <time>2026-04-13T11:47:36.888Z</time>
    </trkpt>
    <trkpt lat="40.318320" lon="8.465648">
      <ele>0</ele>
      <time>2026-04-13T11:47:39.032Z</time>
    </trkpt>
    <trkpt lat="40.318214" lon="8.466178">
      <ele>0</ele>
      <time>2026-04-13T11:47:41.175Z</time>
    </trkpt>
    <trkpt lat="40.317916" lon="8.466968">
      <ele>0</ele>
      <time>2026-04-13T11:47:43.319Z</time>
    </trkpt>
    <trkpt lat="40.317645" lon="8.467661">
      <ele>0</ele>
      <time>2026-04-13T11:47:45.463Z</time>
    </trkpt>
    <trkpt lat="40.317477" lon="8.468301">
      <ele>0</ele>
      <time>2026-04-13T11:47:47.606Z</time>
    </trkpt>
    <trkpt lat="40.317346" lon="8.468877">
      <ele>0</ele>
      <time>2026-04-13T11:47:49.750Z</time>
    </trkpt>
    <trkpt lat="40.316955" lon="8.470566">
      <ele>0</ele>
      <time>2026-04-13T11:47:51.893Z</time>
    </trkpt>
    <trkpt lat="40.316783" lon="8.471333">
      <ele>0</ele>
      <time>2026-04-13T11:47:54.037Z</time>
    </trkpt>
    <trkpt lat="40.316774" lon="8.471581">
      <ele>0</ele>
      <time>2026-04-13T11:47:56.180Z</time>
    </trkpt>
    <trkpt lat="40.316823" lon="8.471945">
      <ele>0</ele>
      <time>2026-04-13T11:47:58.324Z</time>
    </trkpt>
    <trkpt lat="40.316827" lon="8.471988">
      <ele>0</ele>
      <time>2026-04-13T11:48:00.467Z</time>
    </trkpt>
    <trkpt lat="40.316850" lon="8.472251">
      <ele>0</ele>
      <time>2026-04-13T11:48:02.611Z</time>
    </trkpt>
    <trkpt lat="40.316853" lon="8.472433">
      <ele>0</ele>
      <time>2026-04-13T11:48:04.754Z</time>
    </trkpt>
    <trkpt lat="40.316713" lon="8.472992">
      <ele>0</ele>
      <time>2026-04-13T11:48:06.898Z</time>
    </trkpt>
    <trkpt lat="40.316546" lon="8.473528">
      <ele>0</ele>
      <time>2026-04-13T11:48:09.041Z</time>
    </trkpt>
    <trkpt lat="40.316533" lon="8.473568">
      <ele>0</ele>
      <time>2026-04-13T11:48:11.185Z</time>
    </trkpt>
    <trkpt lat="40.316469" lon="8.473898">
      <ele>0</ele>
      <time>2026-04-13T11:48:13.328Z</time>
    </trkpt>
    <trkpt lat="40.316453" lon="8.474327">
      <ele>0</ele>
      <time>2026-04-13T11:48:15.472Z</time>
    </trkpt>
    <trkpt lat="40.316438" lon="8.474677">
      <ele>0</ele>
      <time>2026-04-13T11:48:17.615Z</time>
    </trkpt>
    <trkpt lat="40.316433" lon="8.474978">
      <ele>0</ele>
      <time>2026-04-13T11:48:19.759Z</time>
    </trkpt>
    <trkpt lat="40.316366" lon="8.475359">
      <ele>0</ele>
      <time>2026-04-13T11:48:21.902Z</time>
    </trkpt>
    <trkpt lat="40.316275" lon="8.475768">
      <ele>0</ele>
      <time>2026-04-13T11:48:24.046Z</time>
    </trkpt>
    <trkpt lat="40.316225" lon="8.475978">
      <ele>0</ele>
      <time>2026-04-13T11:48:26.189Z</time>
    </trkpt>
    <trkpt lat="40.316166" lon="8.476274">
      <ele>0</ele>
      <time>2026-04-13T11:48:28.333Z</time>
    </trkpt>
    <trkpt lat="40.316124" lon="8.476633">
      <ele>0</ele>
      <time>2026-04-13T11:48:30.476Z</time>
    </trkpt>
    <trkpt lat="40.316092" lon="8.476904">
      <ele>0</ele>
      <time>2026-04-13T11:48:32.620Z</time>
    </trkpt>
    <trkpt lat="40.316055" lon="8.477217">
      <ele>0</ele>
      <time>2026-04-13T11:48:34.763Z</time>
    </trkpt>
    <trkpt lat="40.316036" lon="8.477319">
      <ele>0</ele>
      <time>2026-04-13T11:48:36.907Z</time>
    </trkpt>
    <trkpt lat="40.315964" lon="8.477508">
      <ele>0</ele>
      <time>2026-04-13T11:48:39.050Z</time>
    </trkpt>
    <trkpt lat="40.315531" lon="8.478526">
      <ele>0</ele>
      <time>2026-04-13T11:48:41.194Z</time>
    </trkpt>
    <trkpt lat="40.315410" lon="8.478809">
      <ele>0</ele>
      <time>2026-04-13T11:48:43.338Z</time>
    </trkpt>
    <trkpt lat="40.314833" lon="8.480119">
      <ele>0</ele>
      <time>2026-04-13T11:48:45.481Z</time>
    </trkpt>
    <trkpt lat="40.314670" lon="8.480540">
      <ele>0</ele>
      <time>2026-04-13T11:48:47.625Z</time>
    </trkpt>
    <trkpt lat="40.314604" lon="8.480908">
      <ele>0</ele>
      <time>2026-04-13T11:48:49.768Z</time>
    </trkpt>
    <trkpt lat="40.314569" lon="8.481039">
      <ele>0</ele>
      <time>2026-04-13T11:48:51.912Z</time>
    </trkpt>
    <trkpt lat="40.314436" lon="8.481799">
      <ele>0</ele>
      <time>2026-04-13T11:48:54.055Z</time>
    </trkpt>
    <trkpt lat="40.314211" lon="8.483127">
      <ele>0</ele>
      <time>2026-04-13T11:48:56.199Z</time>
    </trkpt>
    <trkpt lat="40.314043" lon="8.484007">
      <ele>0</ele>
      <time>2026-04-13T11:48:58.342Z</time>
    </trkpt>
    <trkpt lat="40.313889" lon="8.484914">
      <ele>0</ele>
      <time>2026-04-13T11:49:00.486Z</time>
    </trkpt>
    <trkpt lat="40.313794" lon="8.485324">
      <ele>0</ele>
      <time>2026-04-13T11:49:02.629Z</time>
    </trkpt>
    <trkpt lat="40.313598" lon="8.485766">
      <ele>0</ele>
      <time>2026-04-13T11:49:04.773Z</time>
    </trkpt>
    <trkpt lat="40.313452" lon="8.486063">
      <ele>0</ele>
      <time>2026-04-13T11:49:06.916Z</time>
    </trkpt>
    <trkpt lat="40.312512" lon="8.487975">
      <ele>0</ele>
      <time>2026-04-13T11:49:09.060Z</time>
    </trkpt>
    <trkpt lat="40.312385" lon="8.488149">
      <ele>0</ele>
      <time>2026-04-13T11:49:11.203Z</time>
    </trkpt>
    <trkpt lat="40.312079" lon="8.488415">
      <ele>0</ele>
      <time>2026-04-13T11:49:13.347Z</time>
    </trkpt>
    <trkpt lat="40.311844" lon="8.488592">
      <ele>0</ele>
      <time>2026-04-13T11:49:15.490Z</time>
    </trkpt>
    <trkpt lat="40.311654" lon="8.488670">
      <ele>0</ele>
      <time>2026-04-13T11:49:17.634Z</time>
    </trkpt>
    <trkpt lat="40.310857" lon="8.488562">
      <ele>0</ele>
      <time>2026-04-13T11:49:19.777Z</time>
    </trkpt>
    <trkpt lat="40.310729" lon="8.488514">
      <ele>0</ele>
      <time>2026-04-13T11:49:21.921Z</time>
    </trkpt>
    <trkpt lat="40.310638" lon="8.488459">
      <ele>0</ele>
      <time>2026-04-13T11:49:24.064Z</time>
    </trkpt>
    <trkpt lat="40.310517" lon="8.488316">
      <ele>0</ele>
      <time>2026-04-13T11:49:26.208Z</time>
    </trkpt>
    <trkpt lat="40.310147" lon="8.487782">
      <ele>0</ele>
      <time>2026-04-13T11:49:28.351Z</time>
    </trkpt>
    <trkpt lat="40.309575" lon="8.486959">
      <ele>0</ele>
      <time>2026-04-13T11:49:30.495Z</time>
    </trkpt>
    <trkpt lat="40.309436" lon="8.486767">
      <ele>0</ele>
      <time>2026-04-13T11:49:32.638Z</time>
    </trkpt>
    <trkpt lat="40.309266" lon="8.486615">
      <ele>0</ele>
      <time>2026-04-13T11:49:34.782Z</time>
    </trkpt>
    <trkpt lat="40.308138" lon="8.485850">
      <ele>0</ele>
      <time>2026-04-13T11:49:36.925Z</time>
    </trkpt>
    <trkpt lat="40.307939" lon="8.485672">
      <ele>0</ele>
      <time>2026-04-13T11:49:39.069Z</time>
    </trkpt>
    <trkpt lat="40.307598" lon="8.485028">
      <ele>0</ele>
      <time>2026-04-13T11:49:41.213Z</time>
    </trkpt>
    <trkpt lat="40.307404" lon="8.484770">
      <ele>0</ele>
      <time>2026-04-13T11:49:43.356Z</time>
    </trkpt>
    <trkpt lat="40.307199" lon="8.484653">
      <ele>0</ele>
      <time>2026-04-13T11:49:45.500Z</time>
    </trkpt>
    <trkpt lat="40.306842" lon="8.484495">
      <ele>0</ele>
      <time>2026-04-13T11:49:47.643Z</time>
    </trkpt>
    <trkpt lat="40.306376" lon="8.484308">
      <ele>0</ele>
      <time>2026-04-13T11:49:49.787Z</time>
    </trkpt>
    <trkpt lat="40.306099" lon="8.484237">
      <ele>0</ele>
      <time>2026-04-13T11:49:51.930Z</time>
    </trkpt>
    <trkpt lat="40.304580" lon="8.484056">
      <ele>0</ele>
      <time>2026-04-13T11:49:54.074Z</time>
    </trkpt>
    <trkpt lat="40.303958" lon="8.483998">
      <ele>0</ele>
      <time>2026-04-13T11:49:56.217Z</time>
    </trkpt>
    <trkpt lat="40.303606" lon="8.484041">
      <ele>0</ele>
      <time>2026-04-13T11:49:58.361Z</time>
    </trkpt>
    <trkpt lat="40.302881" lon="8.484216">
      <ele>0</ele>
      <time>2026-04-13T11:50:00.504Z</time>
    </trkpt>
    <trkpt lat="40.302729" lon="8.484276">
      <ele>0</ele>
      <time>2026-04-13T11:50:02.648Z</time>
    </trkpt>
    <trkpt lat="40.302515" lon="8.484366">
      <ele>0</ele>
      <time>2026-04-13T11:50:04.791Z</time>
    </trkpt>
    <trkpt lat="40.302304" lon="8.484516">
      <ele>0</ele>
      <time>2026-04-13T11:50:06.935Z</time>
    </trkpt>
    <trkpt lat="40.302067" lon="8.484720">
      <ele>0</ele>
      <time>2026-04-13T11:50:09.078Z</time>
    </trkpt>
    <trkpt lat="40.301932" lon="8.484769">
      <ele>0</ele>
      <time>2026-04-13T11:50:11.222Z</time>
    </trkpt>
    <trkpt lat="40.301778" lon="8.484810">
      <ele>0</ele>
      <time>2026-04-13T11:50:13.365Z</time>
    </trkpt>
    <trkpt lat="40.301576" lon="8.484836">
      <ele>0</ele>
      <time>2026-04-13T11:50:15.509Z</time>
    </trkpt>
    <trkpt lat="40.300572" lon="8.484777">
      <ele>0</ele>
      <time>2026-04-13T11:50:17.652Z</time>
    </trkpt>
    <trkpt lat="40.299887" lon="8.484775">
      <ele>0</ele>
      <time>2026-04-13T11:50:19.796Z</time>
    </trkpt>
    <trkpt lat="40.299404" lon="8.484813">
      <ele>0</ele>
      <time>2026-04-13T11:50:21.939Z</time>
    </trkpt>
    <trkpt lat="40.299200" lon="8.484822">
      <ele>0</ele>
      <time>2026-04-13T11:50:24.083Z</time>
    </trkpt>
    <trkpt lat="40.299168" lon="8.484823">
      <ele>0</ele>
      <time>2026-04-13T11:50:26.226Z</time>
    </trkpt>
    <trkpt lat="40.299103" lon="8.484828">
      <ele>0</ele>
      <time>2026-04-13T11:50:28.370Z</time>
    </trkpt>
    <trkpt lat="40.297713" lon="8.484933">
      <ele>0</ele>
      <time>2026-04-13T11:50:30.513Z</time>
    </trkpt>
    <trkpt lat="40.297382" lon="8.484954">
      <ele>0</ele>
      <time>2026-04-13T11:50:32.657Z</time>
    </trkpt>
    <trkpt lat="40.297259" lon="8.484938">
      <ele>0</ele>
      <time>2026-04-13T11:50:34.800Z</time>
    </trkpt>
    <trkpt lat="40.297233" lon="8.484935">
      <ele>0</ele>
      <time>2026-04-13T11:50:36.944Z</time>
    </trkpt>
    <trkpt lat="40.297220" lon="8.484909">
      <ele>0</ele>
      <time>2026-04-13T11:50:39.088Z</time>
    </trkpt>
    <trkpt lat="40.297202" lon="8.484889">
      <ele>0</ele>
      <time>2026-04-13T11:50:41.231Z</time>
    </trkpt>
    <trkpt lat="40.297181" lon="8.484879">
      <ele>0</ele>
      <time>2026-04-13T11:50:43.375Z</time>
    </trkpt>
    <trkpt lat="40.297159" lon="8.484877">
      <ele>0</ele>
      <time>2026-04-13T11:50:45.518Z</time>
    </trkpt>
    <trkpt lat="40.297137" lon="8.484884">
      <ele>0</ele>
      <time>2026-04-13T11:50:47.662Z</time>
    </trkpt>
    <trkpt lat="40.297121" lon="8.484896">
      <ele>0</ele>
      <time>2026-04-13T11:50:49.805Z</time>
    </trkpt>
    <trkpt lat="40.297108" lon="8.484913">
      <ele>0</ele>
      <time>2026-04-13T11:50:51.949Z</time>
    </trkpt>
    <trkpt lat="40.297098" lon="8.484933">
      <ele>0</ele>
      <time>2026-04-13T11:50:54.092Z</time>
    </trkpt>
    <trkpt lat="40.297091" lon="8.484961">
      <ele>0</ele>
      <time>2026-04-13T11:50:56.236Z</time>
    </trkpt>
    <trkpt lat="40.297092" lon="8.484991">
      <ele>0</ele>
      <time>2026-04-13T11:50:58.379Z</time>
    </trkpt>
    <trkpt lat="40.297099" lon="8.485019">
      <ele>0</ele>
      <time>2026-04-13T11:51:00.523Z</time>
    </trkpt>
    <trkpt lat="40.297110" lon="8.485040">
      <ele>0</ele>
      <time>2026-04-13T11:51:02.666Z</time>
    </trkpt>
    <trkpt lat="40.297124" lon="8.485056">
      <ele>0</ele>
      <time>2026-04-13T11:51:04.810Z</time>
    </trkpt>
    <trkpt lat="40.297141" lon="8.485067">
      <ele>0</ele>
      <time>2026-04-13T11:51:06.953Z</time>
    </trkpt>
    <trkpt lat="40.297174" lon="8.485271">
      <ele>0</ele>
      <time>2026-04-13T11:51:09.097Z</time>
    </trkpt>
    <trkpt lat="40.297185" lon="8.485574">
      <ele>0</ele>
      <time>2026-04-13T11:51:11.240Z</time>
    </trkpt>
    <trkpt lat="40.297192" lon="8.485767">
      <ele>0</ele>
      <time>2026-04-13T11:51:13.384Z</time>
    </trkpt>
    <trkpt lat="40.297203" lon="8.486163">
      <ele>0</ele>
      <time>2026-04-13T11:51:15.527Z</time>
    </trkpt>
    <trkpt lat="40.297211" lon="8.486488">
      <ele>0</ele>
      <time>2026-04-13T11:51:17.671Z</time>
    </trkpt>
    <trkpt lat="40.297227" lon="8.487152">
      <ele>0</ele>
      <time>2026-04-13T11:51:19.814Z</time>
    </trkpt>
    <trkpt lat="40.297231" lon="8.487239">
      <ele>0</ele>
      <time>2026-04-13T11:51:21.958Z</time>
    </trkpt>
    <trkpt lat="40.297289" lon="8.488625">
      <ele>0</ele>
      <time>2026-04-13T11:51:24.101Z</time>
    </trkpt>
    <trkpt lat="40.297294" lon="8.488767">
      <ele>0</ele>
      <time>2026-04-13T11:51:26.245Z</time>
    </trkpt>
    <trkpt lat="40.297321" lon="8.489479">
      <ele>0</ele>
      <time>2026-04-13T11:51:28.388Z</time>
    </trkpt>
    <trkpt lat="40.297332" lon="8.489775">
      <ele>0</ele>
      <time>2026-04-13T11:51:30.532Z</time>
    </trkpt>
    <trkpt lat="40.297346" lon="8.490166">
      <ele>0</ele>
      <time>2026-04-13T11:51:32.675Z</time>
    </trkpt>
    <trkpt lat="40.297349" lon="8.490225">
      <ele>0</ele>
      <time>2026-04-13T11:51:34.819Z</time>
    </trkpt>
    <trkpt lat="40.297355" lon="8.490398">
      <ele>0</ele>
      <time>2026-04-13T11:51:36.963Z</time>
    </trkpt>
    <trkpt lat="40.297373" lon="8.490899">
      <ele>0</ele>
      <time>2026-04-13T11:51:39.106Z</time>
    </trkpt>
    <trkpt lat="40.297378" lon="8.491026">
      <ele>0</ele>
      <time>2026-04-13T11:51:41.250Z</time>
    </trkpt>
    <trkpt lat="40.297396" lon="8.491516">
      <ele>0</ele>
      <time>2026-04-13T11:51:43.393Z</time>
    </trkpt>
    <trkpt lat="40.297399" lon="8.491591">
      <ele>0</ele>
      <time>2026-04-13T11:51:45.537Z</time>
    </trkpt>
    <trkpt lat="40.297401" lon="8.491692">
      <ele>0</ele>
      <time>2026-04-13T11:51:47.680Z</time>
    </trkpt>
    <trkpt lat="40.297405" lon="8.491818">
      <ele>0</ele>
      <time>2026-04-13T11:51:49.824Z</time>
    </trkpt>
    <trkpt lat="40.297408" lon="8.491934">
      <ele>0</ele>
      <time>2026-04-13T11:51:51.967Z</time>
    </trkpt>
    <trkpt lat="40.297424" lon="8.492310">
      <ele>0</ele>
      <time>2026-04-13T11:51:54.111Z</time>
    </trkpt>
    <trkpt lat="40.297428" lon="8.492396">
      <ele>0</ele>
      <time>2026-04-13T11:51:56.254Z</time>
    </trkpt>
    <trkpt lat="40.297439" lon="8.492696">
      <ele>0</ele>
      <time>2026-04-13T11:51:58.398Z</time>
    </trkpt>
    <trkpt lat="40.297445" lon="8.492843">
      <ele>0</ele>
      <time>2026-04-13T11:52:00.541Z</time>
    </trkpt>
    <trkpt lat="40.297452" lon="8.493044">
      <ele>0</ele>
      <time>2026-04-13T11:52:02.685Z</time>
    </trkpt>
    <trkpt lat="40.297460" lon="8.493287">
      <ele>0</ele>
      <time>2026-04-13T11:52:04.828Z</time>
    </trkpt>
    <trkpt lat="40.297466" lon="8.493505">
      <ele>0</ele>
      <time>2026-04-13T11:52:06.972Z</time>
    </trkpt>
    <trkpt lat="40.297470" lon="8.493720">
      <ele>0</ele>
      <time>2026-04-13T11:52:09.115Z</time>
    </trkpt>
    <trkpt lat="40.297477" lon="8.493895">
      <ele>0</ele>
      <time>2026-04-13T11:52:11.259Z</time>
    </trkpt>
    <trkpt lat="40.297483" lon="8.494038">
      <ele>0</ele>
      <time>2026-04-13T11:52:13.402Z</time>
    </trkpt>
    <trkpt lat="40.297509" lon="8.494614">
      <ele>0</ele>
      <time>2026-04-13T11:52:15.546Z</time>
    </trkpt>
    <trkpt lat="40.297512" lon="8.494673">
      <ele>0</ele>
      <time>2026-04-13T11:52:17.689Z</time>
    </trkpt>
    <trkpt lat="40.297496" lon="8.494832">
      <ele>0</ele>
      <time>2026-04-13T11:52:19.833Z</time>
    </trkpt>
    <trkpt lat="40.297452" lon="8.495009">
      <ele>0</ele>
      <time>2026-04-13T11:52:21.976Z</time>
    </trkpt>
    <trkpt lat="40.297420" lon="8.495140">
      <ele>0</ele>
      <time>2026-04-13T11:52:24.120Z</time>
    </trkpt>
    <trkpt lat="40.297321" lon="8.495524">
      <ele>0</ele>
      <time>2026-04-13T11:52:26.263Z</time>
    </trkpt>
    <trkpt lat="40.297306" lon="8.495580">
      <ele>0</ele>
      <time>2026-04-13T11:52:28.407Z</time>
    </trkpt>
    <trkpt lat="40.297370" lon="8.495606">
      <ele>0</ele>
      <time>2026-04-13T11:52:30.550Z</time>
    </trkpt>
    <trkpt lat="40.297585" lon="8.495695">
      <ele>0</ele>
      <time>2026-04-13T11:52:32.694Z</time>
    </trkpt>
    <trkpt lat="40.298269" lon="8.495981">
      <ele>0</ele>
      <time>2026-04-13T11:52:34.838Z</time>
    </trkpt>
    <trkpt lat="40.298816" lon="8.496208">
      <ele>0</ele>
      <time>2026-04-13T11:52:36.981Z</time>
    </trkpt>
    <trkpt lat="40.299100" lon="8.496327">
      <ele>0</ele>
      <time>2026-04-13T11:52:39.125Z</time>
    </trkpt>
    <trkpt lat="40.299193" lon="8.496365">
      <ele>0</ele>
      <time>2026-04-13T11:52:41.268Z</time>
    </trkpt>
    <trkpt lat="40.299180" lon="8.496418">
      <ele>0</ele>
      <time>2026-04-13T11:52:43.412Z</time>
    </trkpt>
    <trkpt lat="40.299168" lon="8.496466">
      <ele>0</ele>
      <time>2026-04-13T11:52:45.555Z</time>
    </trkpt>
    <trkpt lat="40.298938" lon="8.497429">
      <ele>0</ele>
      <time>2026-04-13T11:52:47.699Z</time>
    </trkpt>
    <trkpt lat="40.298923" lon="8.497491">
      <ele>0</ele>
      <time>2026-04-13T11:52:49.842Z</time>
    </trkpt>
    <trkpt lat="40.298914" lon="8.497527">
      <ele>0</ele>
      <time>2026-04-13T11:52:51.986Z</time>
    </trkpt>
    <trkpt lat="40.298901" lon="8.497582">
      <ele>0</ele>
      <time>2026-04-13T11:52:54.129Z</time>
    </trkpt>
    <trkpt lat="40.298855" lon="8.497778">
      <ele>0</ele>
      <time>2026-04-13T11:52:56.273Z</time>
    </trkpt>
    <trkpt lat="40.298813" lon="8.497949">
      <ele>0</ele>
      <time>2026-04-13T11:52:58.416Z</time>
    </trkpt>
    <trkpt lat="40.298644" lon="8.498659">
      <ele>0</ele>
      <time>2026-04-13T11:53:00.560Z</time>
    </trkpt>
    <trkpt lat="40.298632" lon="8.498705">
      <ele>0</ele>
      <time>2026-04-13T11:53:02.703Z</time>
    </trkpt>
    <trkpt lat="40.298628" lon="8.498722">
      <ele>0</ele>
      <time>2026-04-13T11:53:04.847Z</time>
    </trkpt>
    <trkpt lat="40.298624" lon="8.498741">
      <ele>0</ele>
      <time>2026-04-13T11:53:06.990Z</time>
    </trkpt>
    <trkpt lat="40.298619" lon="8.498763">
      <ele>0</ele>
      <time>2026-04-13T11:53:09.134Z</time>
    </trkpt>
    <trkpt lat="40.298351" lon="8.499883">
      <ele>0</ele>
      <time>2026-04-13T11:53:11.277Z</time>
    </trkpt>
    <trkpt lat="40.298334" lon="8.499953">
      <ele>0</ele>
      <time>2026-04-13T11:53:13.421Z</time>
    </trkpt>
    <trkpt lat="40.298316" lon="8.500029">
      <ele>0</ele>
      <time>2026-04-13T11:53:15.564Z</time>
    </trkpt>
    <trkpt lat="40.298500" lon="8.500105">
      <ele>0</ele>
      <time>2026-04-13T11:53:17.708Z</time>
    </trkpt>
    <trkpt lat="40.298597" lon="8.500145">
      <ele>0</ele>
      <time>2026-04-13T11:53:19.851Z</time>
    </trkpt>
    <trkpt lat="40.299525" lon="8.500527">
      <ele>0</ele>
      <time>2026-04-13T11:53:21.995Z</time>
    </trkpt>
    <trkpt lat="40.299733" lon="8.500613">
      <ele>0</ele>
      <time>2026-04-13T11:53:24.138Z</time>
    </trkpt>
    <trkpt lat="40.299793" lon="8.500666">
      <ele>0</ele>
      <time>2026-04-13T11:53:26.282Z</time>
    </trkpt>
    <trkpt lat="40.299522" lon="8.500800">
      <ele>0</ele>
      <time>2026-04-13T11:53:28.425Z</time>
    </trkpt>
    <trkpt lat="40.299322" lon="8.500903">
      <ele>0</ele>
      <time>2026-04-13T11:53:30.569Z</time>
    </trkpt>
    <trkpt lat="40.299266" lon="8.500841">
      <ele>0</ele>
      <time>2026-04-13T11:53:32.713Z</time>
    </trkpt>
    <trkpt lat="40.298521" lon="8.500518">
      <ele>0</ele>
      <time>2026-04-13T11:53:34.856Z</time>
    </trkpt>
  </trkseg>
</trk>
</gpx>