<?xml version="1.0" encoding="UTF-8" standalone="no" ?>
<gpx xmlns="http://www.topografix.com/GPX/1/1" xmlns:gpxx="http://www.garmin.com/xmlschemas/GpxExtensions/v3" xmlns:gpxtpx="http://www.garmin.com/xmlschemas/TrackPointExtension/v1" xmlns:trp="http://www.garmin.com/xmlschemas/TripExtensions/v1" creator="Scenic Motorcycle Navigation App" version="1.1" xmlns:xsi="http://www.w3.org/2001/XMLSchema-instance" xsi:schemaLocation="http://www.topografix.com/GPX/1/1 http://www.topografix.com/GPX/1/1/gpx.xsd http://www.garmin.com/xmlschemas/GpxExtensions/v3 http://www.garmin.com/xmlschemas/GpxExtensionsv3.xsd http://www.garmin.com/xmlschemas/TrackPointExtension/v1 http://www.garmin.com/xmlschemas/TrackPointExtensionv1.xsd">

<metadata>
  <author>
    <name>Scenic Motorcycle Navigation App</name>
  </author>
  <copyright author="scenic.app"></copyright>
  <link href="https://scenic.app">
    <text>https://scenic.app</text>
  </link>
</metadata>

<wpt lat="40.667861" lon="14.725994">
  <name>Route Start</name>
  <desc>Scenic Motorcycle Navigation App</desc>
  <src>https://scenic.app</src>
  <link href="https://scenic.app">
    <text>https://scenic.app</text>
  </link>
</wpt>

<wpt lat="40.628092" lon="14.485267">
  <name>Route End</name>
  <desc>Scenic Motorcycle Navigation App</desc>
  <src>https://scenic.app</src>
  <link href="https://scenic.app">
    <text>https://scenic.app</text>
  </link>
</wpt>

<rte>
  <name>Amalfi Coast — SS163, Campania (plain GPX)</name>
  <desc>Distance: 50 km (Vietri sul Mare to Positano)
Best for: Coastal scenery, iconic Mediterranean riding, photography
Best time: April to May, September to October
Scenic Motorcycle Navigation App
  </desc>
  <src>https://scenic.app</src>
  <link href="https://scenic.app">
    <text>https://scenic.app</text>
  </link>
  <rtept lat="40.667400" lon="14.726000">
    <name>Route Start - Route Start</name>
  </rtept>
  <rtept lat="40.634000" lon="14.602600">
    <name>Via 1</name>
  </rtept>
  <rtept lat="40.628100" lon="14.484900">
    <name>Route End - Route End</name>
  </rtept>
</rte>

<rte>
  <name>Amalfi Coast — SS163, Campania (Garmin Trip Extension)</name>
  <desc>Distance: 50 km (Vietri sul Mare to Positano)
Best for: Coastal scenery, iconic Mediterranean riding, photography
Best time: April to May, September to October
Scenic Motorcycle Navigation App
  </desc>
  <src>https://scenic.app</src>
  <link href="https://scenic.app">
    <text>https://scenic.app</text>
  </link>
  <rtept lat="40.667400" lon="14.726000">
    <name>Route Start - Route Start</name>
    <extensions>
      <trp:ViaPoint/>
    </extensions>
  </rtept>
  <rtept lat="40.634000" lon="14.602600">
    <name>Via 1</name>
    <extensions>
      <trp:ShapingPoint/>
    </extensions>
  </rtept>
  <rtept lat="40.628100" lon="14.484900">
    <name>Route End - Route End</name>
    <extensions>
      <trp:ViaPoint/>
    </extensions>
  </rtept>
</rte>

<rte>
  <name>Amalfi Coast — SS163, Campania (Garmin RoutePoint Extension)</name>
  <desc>Distance: 50 km (Vietri sul Mare to Positano)
Best for: Coastal scenery, iconic Mediterranean riding, photography
Best time: April to May, September to October
Scenic Motorcycle Navigation App
  </desc>
  <src>https://scenic.app</src>
  <link href="https://scenic.app">
    <text>https://scenic.app</text>
  </link>
  <rtept lat="40.667400" lon="14.726000">
    <name>Route Start - Route Start</name>
    <extensions>
      <gpxx:RoutePointExtension>
        <gpxx:rpt lat="40.634000" lon="14.602600"/>
      </gpxx:RoutePointExtension>
    </extensions>
  </rtept>
  <rtept lat="40.628100" lon="14.484900">
    <name>Route End - Route End</name>
  </rtept>
</rte>

<trk>
  <name>Amalfi Coast — SS163, Campania (Track)</name>
  <desc>Distance: 50 km (Vietri sul Mare to Positano)
Best for: Coastal scenery, iconic Mediterranean riding, photography
Best time: April to May, September to October
Scenic Motorcycle Navigation App
  </desc>
  <src>https://scenic.app</src>
  <link href="https://scenic.app">
    <text>https://scenic.app</text>
  </link>
  <trkseg>
    <trkpt lat="40.667861" lon="14.725994">
      <ele>0</ele>
      <time>2026-04-13T10:50:51.000Z</time>
    </trkpt>
    <trkpt lat="40.667864" lon="14.726417">
      <ele>0</ele>
      <time>2026-04-13T10:50:52.097Z</time>
    </trkpt>
    <trkpt lat="40.667863" lon="14.726435">
      <ele>0</ele>
      <time>2026-04-13T10:50:53.195Z</time>
    </trkpt>
    <trkpt lat="40.667863" lon="14.726524">
      <ele>0</ele>
      <time>2026-04-13T10:50:54.293Z</time>
    </trkpt>
    <trkpt lat="40.667855" lon="14.726570">
      <ele>0</ele>
      <time>2026-04-13T10:50:55.391Z</time>
    </trkpt>
    <trkpt lat="40.667835" lon="14.726602">
      <ele>0</ele>
      <time>2026-04-13T10:50:56.489Z</time>
    </trkpt>
    <trkpt lat="40.667821" lon="14.726631">
      <ele>0</ele>
      <time>2026-04-13T10:50:57.587Z</time>
    </trkpt>
    <trkpt lat="40.667809" lon="14.726666">
      <ele>0</ele>
      <time>2026-04-13T10:50:58.685Z</time>
    </trkpt>
    <trkpt lat="40.667807" lon="14.726709">
      <ele>0</ele>
      <time>2026-04-13T10:50:59.783Z</time>
    </trkpt>
    <trkpt lat="40.667807" lon="14.726838">
      <ele>0</ele>
      <time>2026-04-13T10:51:00.881Z</time>
    </trkpt>
    <trkpt lat="40.667807" lon="14.727245">
      <ele>0</ele>
      <time>2026-04-13T10:51:01.979Z</time>
    </trkpt>
    <trkpt lat="40.667809" lon="14.727326">
      <ele>0</ele>
      <time>2026-04-13T10:51:03.077Z</time>
    </trkpt>
    <trkpt lat="40.667815" lon="14.727358">
      <ele>0</ele>
      <time>2026-04-13T10:51:04.175Z</time>
    </trkpt>
    <trkpt lat="40.667829" lon="14.727382">
      <ele>0</ele>
      <time>2026-04-13T10:51:05.272Z</time>
    </trkpt>
    <trkpt lat="40.667844" lon="14.727391">
      <ele>0</ele>
      <time>2026-04-13T10:51:06.370Z</time>
    </trkpt>
    <trkpt lat="40.667868" lon="14.727389">
      <ele>0</ele>
      <time>2026-04-13T10:51:07.468Z</time>
    </trkpt>
    <trkpt lat="40.667894" lon="14.727376">
      <ele>0</ele>
      <time>2026-04-13T10:51:08.566Z</time>
    </trkpt>
    <trkpt lat="40.667913" lon="14.727342">
      <ele>0</ele>
      <time>2026-04-13T10:51:09.664Z</time>
    </trkpt>
    <trkpt lat="40.667926" lon="14.727232">
      <ele>0</ele>
      <time>2026-04-13T10:51:10.762Z</time>
    </trkpt>
    <trkpt lat="40.667938" lon="14.726924">
      <ele>0</ele>
      <time>2026-04-13T10:51:11.860Z</time>
    </trkpt>
    <trkpt lat="40.667944" lon="14.726749">
      <ele>0</ele>
      <time>2026-04-13T10:51:12.958Z</time>
    </trkpt>
    <trkpt lat="40.667947" lon="14.726554">
      <ele>0</ele>
      <time>2026-04-13T10:51:14.056Z</time>
    </trkpt>
    <trkpt lat="40.667950" lon="14.726417">
      <ele>0</ele>
      <time>2026-04-13T10:51:15.154Z</time>
    </trkpt>
    <trkpt lat="40.667950" lon="14.726387">
      <ele>0</ele>
      <time>2026-04-13T10:51:16.252Z</time>
    </trkpt>
    <trkpt lat="40.667951" lon="14.726342">
      <ele>0</ele>
      <time>2026-04-13T10:51:17.349Z</time>
    </trkpt>
    <trkpt lat="40.667959" lon="14.726024">
      <ele>0</ele>
      <time>2026-04-13T10:51:18.447Z</time>
    </trkpt>
    <trkpt lat="40.667953" lon="14.725488">
      <ele>0</ele>
      <time>2026-04-13T10:51:19.545Z</time>
    </trkpt>
    <trkpt lat="40.668002" lon="14.725483">
      <ele>0</ele>
      <time>2026-04-13T10:51:20.643Z</time>
    </trkpt>
    <trkpt lat="40.668012" lon="14.725484">
      <ele>0</ele>
      <time>2026-04-13T10:51:21.741Z</time>
    </trkpt>
    <trkpt lat="40.668054" lon="14.725488">
      <ele>0</ele>
      <time>2026-04-13T10:51:22.839Z</time>
    </trkpt>
    <trkpt lat="40.668058" lon="14.725572">
      <ele>0</ele>
      <time>2026-04-13T10:51:23.937Z</time>
    </trkpt>
    <trkpt lat="40.668060" lon="14.725630">
      <ele>0</ele>
      <time>2026-04-13T10:51:25.035Z</time>
    </trkpt>
    <trkpt lat="40.668075" lon="14.725820">
      <ele>0</ele>
      <time>2026-04-13T10:51:26.133Z</time>
    </trkpt>
    <trkpt lat="40.668092" lon="14.726019">
      <ele>0</ele>
      <time>2026-04-13T10:51:27.231Z</time>
    </trkpt>
    <trkpt lat="40.668112" lon="14.726263">
      <ele>0</ele>
      <time>2026-04-13T10:51:28.329Z</time>
    </trkpt>
    <trkpt lat="40.668122" lon="14.726390">
      <ele>0</ele>
      <time>2026-04-13T10:51:29.427Z</time>
    </trkpt>
    <trkpt lat="40.668169" lon="14.727113">
      <ele>0</ele>
      <time>2026-04-13T10:51:30.524Z</time>
    </trkpt>
    <trkpt lat="40.668160" lon="14.727223">
      <ele>0</ele>
      <time>2026-04-13T10:51:31.622Z</time>
    </trkpt>
    <trkpt lat="40.668141" lon="14.727310">
      <ele>0</ele>
      <time>2026-04-13T10:51:32.720Z</time>
    </trkpt>
    <trkpt lat="40.668109" lon="14.727386">
      <ele>0</ele>
      <time>2026-04-13T10:51:33.818Z</time>
    </trkpt>
    <trkpt lat="40.668082" lon="14.727446">
      <ele>0</ele>
      <time>2026-04-13T10:51:34.916Z</time>
    </trkpt>
    <trkpt lat="40.668050" lon="14.727502">
      <ele>0</ele>
      <time>2026-04-13T10:51:36.014Z</time>
    </trkpt>
    <trkpt lat="40.668012" lon="14.727578">
      <ele>0</ele>
      <time>2026-04-13T10:51:37.112Z</time>
    </trkpt>
    <trkpt lat="40.667978" lon="14.727633">
      <ele>0</ele>
      <time>2026-04-13T10:51:38.210Z</time>
    </trkpt>
    <trkpt lat="40.667946" lon="14.727722">
      <ele>0</ele>
      <time>2026-04-13T10:51:39.308Z</time>
    </trkpt>
    <trkpt lat="40.667916" lon="14.727836">
      <ele>0</ele>
      <time>2026-04-13T10:51:40.406Z</time>
    </trkpt>
    <trkpt lat="40.667906" lon="14.727969">
      <ele>0</ele>
      <time>2026-04-13T10:51:41.504Z</time>
    </trkpt>
    <trkpt lat="40.667915" lon="14.728079">
      <ele>0</ele>
      <time>2026-04-13T10:51:42.602Z</time>
    </trkpt>
    <trkpt lat="40.667934" lon="14.728194">
      <ele>0</ele>
      <time>2026-04-13T10:51:43.699Z</time>
    </trkpt>
    <trkpt lat="40.667959" lon="14.728281">
      <ele>0</ele>
      <time>2026-04-13T10:51:44.797Z</time>
    </trkpt>
    <trkpt lat="40.668031" lon="14.728503">
      <ele>0</ele>
      <time>2026-04-13T10:51:45.895Z</time>
    </trkpt>
    <trkpt lat="40.668063" lon="14.728599">
      <ele>0</ele>
      <time>2026-04-13T10:51:46.993Z</time>
    </trkpt>
    <trkpt lat="40.668148" lon="14.728854">
      <ele>0</ele>
      <time>2026-04-13T10:51:48.091Z</time>
    </trkpt>
    <trkpt lat="40.668192" lon="14.728988">
      <ele>0</ele>
      <time>2026-04-13T10:51:49.189Z</time>
    </trkpt>
    <trkpt lat="40.668228" lon="14.729118">
      <ele>0</ele>
      <time>2026-04-13T10:51:50.287Z</time>
    </trkpt>
    <trkpt lat="40.668243" lon="14.729164">
      <ele>0</ele>
      <time>2026-04-13T10:51:51.385Z</time>
    </trkpt>
    <trkpt lat="40.668256" lon="14.729203">
      <ele>0</ele>
      <time>2026-04-13T10:51:52.483Z</time>
    </trkpt>
    <trkpt lat="40.668275" lon="14.729244">
      <ele>0</ele>
      <time>2026-04-13T10:51:53.581Z</time>
    </trkpt>
    <trkpt lat="40.668292" lon="14.729276">
      <ele>0</ele>
      <time>2026-04-13T10:51:54.679Z</time>
    </trkpt>
    <trkpt lat="40.668311" lon="14.729306">
      <ele>0</ele>
      <time>2026-04-13T10:51:55.776Z</time>
    </trkpt>
    <trkpt lat="40.668342" lon="14.729346">
      <ele>0</ele>
      <time>2026-04-13T10:51:56.874Z</time>
    </trkpt>
    <trkpt lat="40.668407" lon="14.729408">
      <ele>0</ele>
      <time>2026-04-13T10:51:57.972Z</time>
    </trkpt>
    <trkpt lat="40.668436" lon="14.729435">
      <ele>0</ele>
      <time>2026-04-13T10:51:59.070Z</time>
    </trkpt>
    <trkpt lat="40.668662" lon="14.729646">
      <ele>0</ele>
      <time>2026-04-13T10:52:00.168Z</time>
    </trkpt>
    <trkpt lat="40.668715" lon="14.729695">
      <ele>0</ele>
      <time>2026-04-13T10:52:01.266Z</time>
    </trkpt>
    <trkpt lat="40.668741" lon="14.729720">
      <ele>0</ele>
      <time>2026-04-13T10:52:02.364Z</time>
    </trkpt>
    <trkpt lat="40.668870" lon="14.729847">
      <ele>0</ele>
      <time>2026-04-13T10:52:03.462Z</time>
    </trkpt>
    <trkpt lat="40.668948" lon="14.729926">
      <ele>0</ele>
      <time>2026-04-13T10:52:04.560Z</time>
    </trkpt>
    <trkpt lat="40.668986" lon="14.729981">
      <ele>0</ele>
      <time>2026-04-13T10:52:05.658Z</time>
    </trkpt>
    <trkpt lat="40.669010" lon="14.730057">
      <ele>0</ele>
      <time>2026-04-13T10:52:06.756Z</time>
    </trkpt>
    <trkpt lat="40.669055" lon="14.730222">
      <ele>0</ele>
      <time>2026-04-13T10:52:07.854Z</time>
    </trkpt>
    <trkpt lat="40.669120" lon="14.730463">
      <ele>0</ele>
      <time>2026-04-13T10:52:08.951Z</time>
    </trkpt>
    <trkpt lat="40.669144" lon="14.730539">
      <ele>0</ele>
      <time>2026-04-13T10:52:10.049Z</time>
    </trkpt>
    <trkpt lat="40.669148" lon="14.730554">
      <ele>0</ele>
      <time>2026-04-13T10:52:11.147Z</time>
    </trkpt>
    <trkpt lat="40.669183" lon="14.730607">
      <ele>0</ele>
      <time>2026-04-13T10:52:12.245Z</time>
    </trkpt>
    <trkpt lat="40.669287" lon="14.730774">
      <ele>0</ele>
      <time>2026-04-13T10:52:13.343Z</time>
    </trkpt>
    <trkpt lat="40.669355" lon="14.730894">
      <ele>0</ele>
      <time>2026-04-13T10:52:14.441Z</time>
    </trkpt>
    <trkpt lat="40.669396" lon="14.731015">
      <ele>0</ele>
      <time>2026-04-13T10:52:15.539Z</time>
    </trkpt>
    <trkpt lat="40.669428" lon="14.731085">
      <ele>0</ele>
      <time>2026-04-13T10:52:16.637Z</time>
    </trkpt>
    <trkpt lat="40.669451" lon="14.731137">
      <ele>0</ele>
      <time>2026-04-13T10:52:17.735Z</time>
    </trkpt>
    <trkpt lat="40.669470" lon="14.731167">
      <ele>0</ele>
      <time>2026-04-13T10:52:18.833Z</time>
    </trkpt>
    <trkpt lat="40.669489" lon="14.731191">
      <ele>0</ele>
      <time>2026-04-13T10:52:19.931Z</time>
    </trkpt>
    <trkpt lat="40.669529" lon="14.731212">
      <ele>0</ele>
      <time>2026-04-13T10:52:21.028Z</time>
    </trkpt>
    <trkpt lat="40.669579" lon="14.731229">
      <ele>0</ele>
      <time>2026-04-13T10:52:22.126Z</time>
    </trkpt>
    <trkpt lat="40.669637" lon="14.731233">
      <ele>0</ele>
      <time>2026-04-13T10:52:23.224Z</time>
    </trkpt>
    <trkpt lat="40.669708" lon="14.731185">
      <ele>0</ele>
      <time>2026-04-13T10:52:24.322Z</time>
    </trkpt>
    <trkpt lat="40.669795" lon="14.731072">
      <ele>0</ele>
      <time>2026-04-13T10:52:25.420Z</time>
    </trkpt>
    <trkpt lat="40.670021" lon="14.730778">
      <ele>0</ele>
      <time>2026-04-13T10:52:26.518Z</time>
    </trkpt>
    <trkpt lat="40.670066" lon="14.730731">
      <ele>0</ele>
      <time>2026-04-13T10:52:27.616Z</time>
    </trkpt>
    <trkpt lat="40.670097" lon="14.730710">
      <ele>0</ele>
      <time>2026-04-13T10:52:28.714Z</time>
    </trkpt>
    <trkpt lat="40.670142" lon="14.730697">
      <ele>0</ele>
      <time>2026-04-13T10:52:29.812Z</time>
    </trkpt>
    <trkpt lat="40.670194" lon="14.730698">
      <ele>0</ele>
      <time>2026-04-13T10:52:30.910Z</time>
    </trkpt>
    <trkpt lat="40.670251" lon="14.730730">
      <ele>0</ele>
      <time>2026-04-13T10:52:32.008Z</time>
    </trkpt>
    <trkpt lat="40.670287" lon="14.730783">
      <ele>0</ele>
      <time>2026-04-13T10:52:33.106Z</time>
    </trkpt>
    <trkpt lat="40.670324" lon="14.730844">
      <ele>0</ele>
      <time>2026-04-13T10:52:34.203Z</time>
    </trkpt>
    <trkpt lat="40.670364" lon="14.730925">
      <ele>0</ele>
      <time>2026-04-13T10:52:35.301Z</time>
    </trkpt>
    <trkpt lat="40.670420" lon="14.731063">
      <ele>0</ele>
      <time>2026-04-13T10:52:36.399Z</time>
    </trkpt>
    <trkpt lat="40.670443" lon="14.731154">
      <ele>0</ele>
      <time>2026-04-13T10:52:37.497Z</time>
    </trkpt>
    <trkpt lat="40.670451" lon="14.731244">
      <ele>0</ele>
      <time>2026-04-13T10:52:38.595Z</time>
    </trkpt>
    <trkpt lat="40.670452" lon="14.731324">
      <ele>0</ele>
      <time>2026-04-13T10:52:39.693Z</time>
    </trkpt>
    <trkpt lat="40.670442" lon="14.731574">
      <ele>0</ele>
      <time>2026-04-13T10:52:40.791Z</time>
    </trkpt>
    <trkpt lat="40.670422" lon="14.731827">
      <ele>0</ele>
      <time>2026-04-13T10:52:41.889Z</time>
    </trkpt>
    <trkpt lat="40.670417" lon="14.731883">
      <ele>0</ele>
      <time>2026-04-13T10:52:42.987Z</time>
    </trkpt>
    <trkpt lat="40.670414" lon="14.731936">
      <ele>0</ele>
      <time>2026-04-13T10:52:44.085Z</time>
    </trkpt>
    <trkpt lat="40.670413" lon="14.731967">
      <ele>0</ele>
      <time>2026-04-13T10:52:45.183Z</time>
    </trkpt>
    <trkpt lat="40.670418" lon="14.732000">
      <ele>0</ele>
      <time>2026-04-13T10:52:46.281Z</time>
    </trkpt>
    <trkpt lat="40.670429" lon="14.732021">
      <ele>0</ele>
      <time>2026-04-13T10:52:47.378Z</time>
    </trkpt>
    <trkpt lat="40.670440" lon="14.732038">
      <ele>0</ele>
      <time>2026-04-13T10:52:48.476Z</time>
    </trkpt>
    <trkpt lat="40.670462" lon="14.732049">
      <ele>0</ele>
      <time>2026-04-13T10:52:49.574Z</time>
    </trkpt>
    <trkpt lat="40.670488" lon="14.732054">
      <ele>0</ele>
      <time>2026-04-13T10:52:50.672Z</time>
    </trkpt>
    <trkpt lat="40.670506" lon="14.732042">
      <ele>0</ele>
      <time>2026-04-13T10:52:51.770Z</time>
    </trkpt>
    <trkpt lat="40.670535" lon="14.731993">
      <ele>0</ele>
      <time>2026-04-13T10:52:52.868Z</time>
    </trkpt>
    <trkpt lat="40.670544" lon="14.731924">
      <ele>0</ele>
      <time>2026-04-13T10:52:53.966Z</time>
    </trkpt>
    <trkpt lat="40.670537" lon="14.731753">
      <ele>0</ele>
      <time>2026-04-13T10:52:55.064Z</time>
    </trkpt>
    <trkpt lat="40.670567" lon="14.731095">
      <ele>0</ele>
      <time>2026-04-13T10:52:56.162Z</time>
    </trkpt>
    <trkpt lat="40.670581" lon="14.730913">
      <ele>0</ele>
      <time>2026-04-13T10:52:57.260Z</time>
    </trkpt>
    <trkpt lat="40.670604" lon="14.730729">
      <ele>0</ele>
      <time>2026-04-13T10:52:58.358Z</time>
    </trkpt>
    <trkpt lat="40.670631" lon="14.730537">
      <ele>0</ele>
      <time>2026-04-13T10:52:59.455Z</time>
    </trkpt>
    <trkpt lat="40.670682" lon="14.730286">
      <ele>0</ele>
      <time>2026-04-13T10:53:00.553Z</time>
    </trkpt>
    <trkpt lat="40.670694" lon="14.730174">
      <ele>0</ele>
      <time>2026-04-13T10:53:01.651Z</time>
    </trkpt>
    <trkpt lat="40.670694" lon="14.730080">
      <ele>0</ele>
      <time>2026-04-13T10:53:02.749Z</time>
    </trkpt>
    <trkpt lat="40.670684" lon="14.729999">
      <ele>0</ele>
      <time>2026-04-13T10:53:03.847Z</time>
    </trkpt>
    <trkpt lat="40.670652" lon="14.729908">
      <ele>0</ele>
      <time>2026-04-13T10:53:04.945Z</time>
    </trkpt>
    <trkpt lat="40.670616" lon="14.729845">
      <ele>0</ele>
      <time>2026-04-13T10:53:06.043Z</time>
    </trkpt>
    <trkpt lat="40.670577" lon="14.729785">
      <ele>0</ele>
      <time>2026-04-13T10:53:07.141Z</time>
    </trkpt>
    <trkpt lat="40.670526" lon="14.729730">
      <ele>0</ele>
      <time>2026-04-13T10:53:08.239Z</time>
    </trkpt>
    <trkpt lat="40.670442" lon="14.729669">
      <ele>0</ele>
      <time>2026-04-13T10:53:09.337Z</time>
    </trkpt>
    <trkpt lat="40.670341" lon="14.729621">
      <ele>0</ele>
      <time>2026-04-13T10:53:10.435Z</time>
    </trkpt>
    <trkpt lat="40.670295" lon="14.729606">
      <ele>0</ele>
      <time>2026-04-13T10:53:11.533Z</time>
    </trkpt>
    <trkpt lat="40.670265" lon="14.729593">
      <ele>0</ele>
      <time>2026-04-13T10:53:12.630Z</time>
    </trkpt>
    <trkpt lat="40.670240" lon="14.729559">
      <ele>0</ele>
      <time>2026-04-13T10:53:13.728Z</time>
    </trkpt>
    <trkpt lat="40.670217" lon="14.729508">
      <ele>0</ele>
      <time>2026-04-13T10:53:14.826Z</time>
    </trkpt>
    <trkpt lat="40.670200" lon="14.729454">
      <ele>0</ele>
      <time>2026-04-13T10:53:15.924Z</time>
    </trkpt>
    <trkpt lat="40.670380" lon="14.729345">
      <ele>0</ele>
      <time>2026-04-13T10:53:17.022Z</time>
    </trkpt>
    <trkpt lat="40.670435" lon="14.729321">
      <ele>0</ele>
      <time>2026-04-13T10:53:18.120Z</time>
    </trkpt>
    <trkpt lat="40.670467" lon="14.729319">
      <ele>0</ele>
      <time>2026-04-13T10:53:19.218Z</time>
    </trkpt>
    <trkpt lat="40.670502" lon="14.729327">
      <ele>0</ele>
      <time>2026-04-13T10:53:20.316Z</time>
    </trkpt>
    <trkpt lat="40.670565" lon="14.729345">
      <ele>0</ele>
      <time>2026-04-13T10:53:21.414Z</time>
    </trkpt>
    <trkpt lat="40.670636" lon="14.729370">
      <ele>0</ele>
      <time>2026-04-13T10:53:22.512Z</time>
    </trkpt>
    <trkpt lat="40.670670" lon="14.729378">
      <ele>0</ele>
      <time>2026-04-13T10:53:23.610Z</time>
    </trkpt>
    <trkpt lat="40.670706" lon="14.729379">
      <ele>0</ele>
      <time>2026-04-13T10:53:24.708Z</time>
    </trkpt>
    <trkpt lat="40.670762" lon="14.729367">
      <ele>0</ele>
      <time>2026-04-13T10:53:25.805Z</time>
    </trkpt>
    <trkpt lat="40.670804" lon="14.729373">
      <ele>0</ele>
      <time>2026-04-13T10:53:26.903Z</time>
    </trkpt>
    <trkpt lat="40.670859" lon="14.729396">
      <ele>0</ele>
      <time>2026-04-13T10:53:28.001Z</time>
    </trkpt>
    <trkpt lat="40.670898" lon="14.729426">
      <ele>0</ele>
      <time>2026-04-13T10:53:29.099Z</time>
    </trkpt>
    <trkpt lat="40.670937" lon="14.729466">
      <ele>0</ele>
      <time>2026-04-13T10:53:30.197Z</time>
    </trkpt>
    <trkpt lat="40.670969" lon="14.729505">
      <ele>0</ele>
      <time>2026-04-13T10:53:31.295Z</time>
    </trkpt>
    <trkpt lat="40.670989" lon="14.729538">
      <ele>0</ele>
      <time>2026-04-13T10:53:32.393Z</time>
    </trkpt>
    <trkpt lat="40.670996" lon="14.729588">
      <ele>0</ele>
      <time>2026-04-13T10:53:33.491Z</time>
    </trkpt>
    <trkpt lat="40.671003" lon="14.729634">
      <ele>0</ele>
      <time>2026-04-13T10:53:34.589Z</time>
    </trkpt>
    <trkpt lat="40.671003" lon="14.729688">
      <ele>0</ele>
      <time>2026-04-13T10:53:35.687Z</time>
    </trkpt>
    <trkpt lat="40.670976" lon="14.729938">
      <ele>0</ele>
      <time>2026-04-13T10:53:36.785Z</time>
    </trkpt>
    <trkpt lat="40.670928" lon="14.730331">
      <ele>0</ele>
      <time>2026-04-13T10:53:37.882Z</time>
    </trkpt>
    <trkpt lat="40.670922" lon="14.730437">
      <ele>0</ele>
      <time>2026-04-13T10:53:38.980Z</time>
    </trkpt>
    <trkpt lat="40.670929" lon="14.730462">
      <ele>0</ele>
      <time>2026-04-13T10:53:40.078Z</time>
    </trkpt>
    <trkpt lat="40.670936" lon="14.730490">
      <ele>0</ele>
      <time>2026-04-13T10:53:41.176Z</time>
    </trkpt>
    <trkpt lat="40.670945" lon="14.730507">
      <ele>0</ele>
      <time>2026-04-13T10:53:42.274Z</time>
    </trkpt>
    <trkpt lat="40.670988" lon="14.730528">
      <ele>0</ele>
      <time>2026-04-13T10:53:43.372Z</time>
    </trkpt>
    <trkpt lat="40.671054" lon="14.730549">
      <ele>0</ele>
      <time>2026-04-13T10:53:44.470Z</time>
    </trkpt>
    <trkpt lat="40.671075" lon="14.730556">
      <ele>0</ele>
      <time>2026-04-13T10:53:45.568Z</time>
    </trkpt>
    <trkpt lat="40.671084" lon="14.730587">
      <ele>0</ele>
      <time>2026-04-13T10:53:46.666Z</time>
    </trkpt>
    <trkpt lat="40.671054" lon="14.730747">
      <ele>0</ele>
      <time>2026-04-13T10:53:47.764Z</time>
    </trkpt>
    <trkpt lat="40.671019" lon="14.730914">
      <ele>0</ele>
      <time>2026-04-13T10:53:48.862Z</time>
    </trkpt>
    <trkpt lat="40.671012" lon="14.730961">
      <ele>0</ele>
      <time>2026-04-13T10:53:49.960Z</time>
    </trkpt>
    <trkpt lat="40.670992" lon="14.731098">
      <ele>0</ele>
      <time>2026-04-13T10:53:51.057Z</time>
    </trkpt>
    <trkpt lat="40.670987" lon="14.731156">
      <ele>0</ele>
      <time>2026-04-13T10:53:52.155Z</time>
    </trkpt>
    <trkpt lat="40.670985" lon="14.731193">
      <ele>0</ele>
      <time>2026-04-13T10:53:53.253Z</time>
    </trkpt>
    <trkpt lat="40.670984" lon="14.731233">
      <ele>0</ele>
      <time>2026-04-13T10:53:54.351Z</time>
    </trkpt>
    <trkpt lat="40.671000" lon="14.731380">
      <ele>0</ele>
      <time>2026-04-13T10:53:55.449Z</time>
    </trkpt>
    <trkpt lat="40.671044" lon="14.731243">
      <ele>0</ele>
      <time>2026-04-13T10:53:56.547Z</time>
    </trkpt>
    <trkpt lat="40.671114" lon="14.731114">
      <ele>0</ele>
      <time>2026-04-13T10:53:57.645Z</time>
    </trkpt>
    <trkpt lat="40.671124" lon="14.731096">
      <ele>0</ele>
      <time>2026-04-13T10:53:58.743Z</time>
    </trkpt>
    <trkpt lat="40.671167" lon="14.731034">
      <ele>0</ele>
      <time>2026-04-13T10:53:59.841Z</time>
    </trkpt>
    <trkpt lat="40.671254" lon="14.730908">
      <ele>0</ele>
      <time>2026-04-13T10:54:00.939Z</time>
    </trkpt>
    <trkpt lat="40.671319" lon="14.730803">
      <ele>0</ele>
      <time>2026-04-13T10:54:02.037Z</time>
    </trkpt>
    <trkpt lat="40.671356" lon="14.730728">
      <ele>0</ele>
      <time>2026-04-13T10:54:03.135Z</time>
    </trkpt>
    <trkpt lat="40.671399" lon="14.730568">
      <ele>0</ele>
      <time>2026-04-13T10:54:04.232Z</time>
    </trkpt>
    <trkpt lat="40.671454" lon="14.730247">
      <ele>0</ele>
      <time>2026-04-13T10:54:05.330Z</time>
    </trkpt>
    <trkpt lat="40.671505" lon="14.729933">
      <ele>0</ele>
      <time>2026-04-13T10:54:06.428Z</time>
    </trkpt>
    <trkpt lat="40.671539" lon="14.729758">
      <ele>0</ele>
      <time>2026-04-13T10:54:07.526Z</time>
    </trkpt>
    <trkpt lat="40.671580" lon="14.729627">
      <ele>0</ele>
      <time>2026-04-13T10:54:08.624Z</time>
    </trkpt>
    <trkpt lat="40.671601" lon="14.729570">
      <ele>0</ele>
      <time>2026-04-13T10:54:09.722Z</time>
    </trkpt>
    <trkpt lat="40.671652" lon="14.729475">
      <ele>0</ele>
      <time>2026-04-13T10:54:10.820Z</time>
    </trkpt>
    <trkpt lat="40.671704" lon="14.729388">
      <ele>0</ele>
      <time>2026-04-13T10:54:11.918Z</time>
    </trkpt>
    <trkpt lat="40.671761" lon="14.729307">
      <ele>0</ele>
      <time>2026-04-13T10:54:13.016Z</time>
    </trkpt>
    <trkpt lat="40.671813" lon="14.729239">
      <ele>0</ele>
      <time>2026-04-13T10:54:14.114Z</time>
    </trkpt>
    <trkpt lat="40.671881" lon="14.729191">
      <ele>0</ele>
      <time>2026-04-13T10:54:15.212Z</time>
    </trkpt>
    <trkpt lat="40.671956" lon="14.729146">
      <ele>0</ele>
      <time>2026-04-13T10:54:16.309Z</time>
    </trkpt>
    <trkpt lat="40.672235" lon="14.729043">
      <ele>0</ele>
      <time>2026-04-13T10:54:17.407Z</time>
    </trkpt>
    <trkpt lat="40.672505" lon="14.728949">
      <ele>0</ele>
      <time>2026-04-13T10:54:18.505Z</time>
    </trkpt>
    <trkpt lat="40.672497" lon="14.728876">
      <ele>0</ele>
      <time>2026-04-13T10:54:19.603Z</time>
    </trkpt>
    <trkpt lat="40.672481" lon="14.728744">
      <ele>0</ele>
      <time>2026-04-13T10:54:20.701Z</time>
    </trkpt>
    <trkpt lat="40.672646" lon="14.728708">
      <ele>0</ele>
      <time>2026-04-13T10:54:21.799Z</time>
    </trkpt>
    <trkpt lat="40.672869" lon="14.728652">
      <ele>0</ele>
      <time>2026-04-13T10:54:22.897Z</time>
    </trkpt>
    <trkpt lat="40.673005" lon="14.728612">
      <ele>0</ele>
      <time>2026-04-13T10:54:23.995Z</time>
    </trkpt>
    <trkpt lat="40.673091" lon="14.728578">
      <ele>0</ele>
      <time>2026-04-13T10:54:25.093Z</time>
    </trkpt>
    <trkpt lat="40.673126" lon="14.728560">
      <ele>0</ele>
      <time>2026-04-13T10:54:26.191Z</time>
    </trkpt>
    <trkpt lat="40.673183" lon="14.728522">
      <ele>0</ele>
      <time>2026-04-13T10:54:27.289Z</time>
    </trkpt>
    <trkpt lat="40.673213" lon="14.728489">
      <ele>0</ele>
      <time>2026-04-13T10:54:28.387Z</time>
    </trkpt>
    <trkpt lat="40.673250" lon="14.728444">
      <ele>0</ele>
      <time>2026-04-13T10:54:29.484Z</time>
    </trkpt>
    <trkpt lat="40.673282" lon="14.728391">
      <ele>0</ele>
      <time>2026-04-13T10:54:30.582Z</time>
    </trkpt>
    <trkpt lat="40.673303" lon="14.728344">
      <ele>0</ele>
      <time>2026-04-13T10:54:31.680Z</time>
    </trkpt>
    <trkpt lat="40.673322" lon="14.728296">
      <ele>0</ele>
      <time>2026-04-13T10:54:32.778Z</time>
    </trkpt>
    <trkpt lat="40.673336" lon="14.728221">
      <ele>0</ele>
      <time>2026-04-13T10:54:33.876Z</time>
    </trkpt>
    <trkpt lat="40.673336" lon="14.728169">
      <ele>0</ele>
      <time>2026-04-13T10:54:34.974Z</time>
    </trkpt>
    <trkpt lat="40.673330" lon="14.728102">
      <ele>0</ele>
      <time>2026-04-13T10:54:36.072Z</time>
    </trkpt>
    <trkpt lat="40.673321" lon="14.728057">
      <ele>0</ele>
      <time>2026-04-13T10:54:37.170Z</time>
    </trkpt>
    <trkpt lat="40.673298" lon="14.728009">
      <ele>0</ele>
      <time>2026-04-13T10:54:38.268Z</time>
    </trkpt>
    <trkpt lat="40.673281" lon="14.727980">
      <ele>0</ele>
      <time>2026-04-13T10:54:39.366Z</time>
    </trkpt>
    <trkpt lat="40.673271" lon="14.727967">
      <ele>0</ele>
      <time>2026-04-13T10:54:40.464Z</time>
    </trkpt>
    <trkpt lat="40.673236" lon="14.727916">
      <ele>0</ele>
      <time>2026-04-13T10:54:41.561Z</time>
    </trkpt>
    <trkpt lat="40.673224" lon="14.727889">
      <ele>0</ele>
      <time>2026-04-13T10:54:42.659Z</time>
    </trkpt>
    <trkpt lat="40.673211" lon="14.727856">
      <ele>0</ele>
      <time>2026-04-13T10:54:43.757Z</time>
    </trkpt>
    <trkpt lat="40.673202" lon="14.727835">
      <ele>0</ele>
      <time>2026-04-13T10:54:44.855Z</time>
    </trkpt>
    <trkpt lat="40.673196" lon="14.727743">
      <ele>0</ele>
      <time>2026-04-13T10:54:45.953Z</time>
    </trkpt>
    <trkpt lat="40.673204" lon="14.727708">
      <ele>0</ele>
      <time>2026-04-13T10:54:47.051Z</time>
    </trkpt>
    <trkpt lat="40.673277" lon="14.727497">
      <ele>0</ele>
      <time>2026-04-13T10:54:48.149Z</time>
    </trkpt>
    <trkpt lat="40.673372" lon="14.727209">
      <ele>0</ele>
      <time>2026-04-13T10:54:49.247Z</time>
    </trkpt>
    <trkpt lat="40.673391" lon="14.727154">
      <ele>0</ele>
      <time>2026-04-13T10:54:50.345Z</time>
    </trkpt>
    <trkpt lat="40.673498" lon="14.726814">
      <ele>0</ele>
      <time>2026-04-13T10:54:51.443Z</time>
    </trkpt>
    <trkpt lat="40.673598" lon="14.726504">
      <ele>0</ele>
      <time>2026-04-13T10:54:52.541Z</time>
    </trkpt>
    <trkpt lat="40.673651" lon="14.726328">
      <ele>0</ele>
      <time>2026-04-13T10:54:53.639Z</time>
    </trkpt>
    <trkpt lat="40.673709" lon="14.726167">
      <ele>0</ele>
      <time>2026-04-13T10:54:54.736Z</time>
    </trkpt>
    <trkpt lat="40.673733" lon="14.726104">
      <ele>0</ele>
      <time>2026-04-13T10:54:55.834Z</time>
    </trkpt>
    <trkpt lat="40.673757" lon="14.726047">
      <ele>0</ele>
      <time>2026-04-13T10:54:56.932Z</time>
    </trkpt>
    <trkpt lat="40.673782" lon="14.725994">
      <ele>0</ele>
      <time>2026-04-13T10:54:58.030Z</time>
    </trkpt>
    <trkpt lat="40.673814" lon="14.725944">
      <ele>0</ele>
      <time>2026-04-13T10:54:59.128Z</time>
    </trkpt>
    <trkpt lat="40.673955" lon="14.725752">
      <ele>0</ele>
      <time>2026-04-13T10:55:00.226Z</time>
    </trkpt>
    <trkpt lat="40.674002" lon="14.725692">
      <ele>0</ele>
      <time>2026-04-13T10:55:01.324Z</time>
    </trkpt>
    <trkpt lat="40.674020" lon="14.725658">
      <ele>0</ele>
      <time>2026-04-13T10:55:02.422Z</time>
    </trkpt>
    <trkpt lat="40.674034" lon="14.725629">
      <ele>0</ele>
      <time>2026-04-13T10:55:03.520Z</time>
    </trkpt>
    <trkpt lat="40.674045" lon="14.725590">
      <ele>0</ele>
      <time>2026-04-13T10:55:04.618Z</time>
    </trkpt>
    <trkpt lat="40.674046" lon="14.725544">
      <ele>0</ele>
      <time>2026-04-13T10:55:05.716Z</time>
    </trkpt>
    <trkpt lat="40.674042" lon="14.725509">
      <ele>0</ele>
      <time>2026-04-13T10:55:06.814Z</time>
    </trkpt>
    <trkpt lat="40.674026" lon="14.725448">
      <ele>0</ele>
      <time>2026-04-13T10:55:07.911Z</time>
    </trkpt>
    <trkpt lat="40.673799" lon="14.724878">
      <ele>0</ele>
      <time>2026-04-13T10:55:09.009Z</time>
    </trkpt>
    <trkpt lat="40.673759" lon="14.724781">
      <ele>0</ele>
      <time>2026-04-13T10:55:10.107Z</time>
    </trkpt>
    <trkpt lat="40.673733" lon="14.724737">
      <ele>0</ele>
      <time>2026-04-13T10:55:11.205Z</time>
    </trkpt>
    <trkpt lat="40.673707" lon="14.724705">
      <ele>0</ele>
      <time>2026-04-13T10:55:12.303Z</time>
    </trkpt>
    <trkpt lat="40.673689" lon="14.724689">
      <ele>0</ele>
      <time>2026-04-13T10:55:13.401Z</time>
    </trkpt>
    <trkpt lat="40.673638" lon="14.724673">
      <ele>0</ele>
      <time>2026-04-13T10:55:14.499Z</time>
    </trkpt>
    <trkpt lat="40.673556" lon="14.724657">
      <ele>0</ele>
      <time>2026-04-13T10:55:15.597Z</time>
    </trkpt>
    <trkpt lat="40.673372" lon="14.724685">
      <ele>0</ele>
      <time>2026-04-13T10:55:16.695Z</time>
    </trkpt>
    <trkpt lat="40.673184" lon="14.724727">
      <ele>0</ele>
      <time>2026-04-13T10:55:17.793Z</time>
    </trkpt>
    <trkpt lat="40.672933" lon="14.724780">
      <ele>0</ele>
      <time>2026-04-13T10:55:18.891Z</time>
    </trkpt>
    <trkpt lat="40.672748" lon="14.724824">
      <ele>0</ele>
      <time>2026-04-13T10:55:19.988Z</time>
    </trkpt>
    <trkpt lat="40.672605" lon="14.724866">
      <ele>0</ele>
      <time>2026-04-13T10:55:21.086Z</time>
    </trkpt>
    <trkpt lat="40.672497" lon="14.724910">
      <ele>0</ele>
      <time>2026-04-13T10:55:22.184Z</time>
    </trkpt>
    <trkpt lat="40.672389" lon="14.724969">
      <ele>0</ele>
      <time>2026-04-13T10:55:23.282Z</time>
    </trkpt>
    <trkpt lat="40.672289" lon="14.725042">
      <ele>0</ele>
      <time>2026-04-13T10:55:24.380Z</time>
    </trkpt>
    <trkpt lat="40.672182" lon="14.725118">
      <ele>0</ele>
      <time>2026-04-13T10:55:25.478Z</time>
    </trkpt>
    <trkpt lat="40.672110" lon="14.725160">
      <ele>0</ele>
      <time>2026-04-13T10:55:26.576Z</time>
    </trkpt>
    <trkpt lat="40.672062" lon="14.725172">
      <ele>0</ele>
      <time>2026-04-13T10:55:27.674Z</time>
    </trkpt>
    <trkpt lat="40.672024" lon="14.725171">
      <ele>0</ele>
      <time>2026-04-13T10:55:28.772Z</time>
    </trkpt>
    <trkpt lat="40.671966" lon="14.725160">
      <ele>0</ele>
      <time>2026-04-13T10:55:29.870Z</time>
    </trkpt>
    <trkpt lat="40.671908" lon="14.725128">
      <ele>0</ele>
      <time>2026-04-13T10:55:30.968Z</time>
    </trkpt>
    <trkpt lat="40.671715" lon="14.724976">
      <ele>0</ele>
      <time>2026-04-13T10:55:32.066Z</time>
    </trkpt>
    <trkpt lat="40.671687" lon="14.724958">
      <ele>0</ele>
      <time>2026-04-13T10:55:33.163Z</time>
    </trkpt>
    <trkpt lat="40.671661" lon="14.724942">
      <ele>0</ele>
      <time>2026-04-13T10:55:34.261Z</time>
    </trkpt>
    <trkpt lat="40.671635" lon="14.724931">
      <ele>0</ele>
      <time>2026-04-13T10:55:35.359Z</time>
    </trkpt>
    <trkpt lat="40.671603" lon="14.724920">
      <ele>0</ele>
      <time>2026-04-13T10:55:36.457Z</time>
    </trkpt>
    <trkpt lat="40.671546" lon="14.724919">
      <ele>0</ele>
      <time>2026-04-13T10:55:37.555Z</time>
    </trkpt>
    <trkpt lat="40.671413" lon="14.724928">
      <ele>0</ele>
      <time>2026-04-13T10:55:38.653Z</time>
    </trkpt>
    <trkpt lat="40.671298" lon="14.724940">
      <ele>0</ele>
      <time>2026-04-13T10:55:39.751Z</time>
    </trkpt>
    <trkpt lat="40.671247" lon="14.724940">
      <ele>0</ele>
      <time>2026-04-13T10:55:40.849Z</time>
    </trkpt>
    <trkpt lat="40.671198" lon="14.724920">
      <ele>0</ele>
      <time>2026-04-13T10:55:41.947Z</time>
    </trkpt>
    <trkpt lat="40.671157" lon="14.724887">
      <ele>0</ele>
      <time>2026-04-13T10:55:43.045Z</time>
    </trkpt>
    <trkpt lat="40.671128" lon="14.724852">
      <ele>0</ele>
      <time>2026-04-13T10:55:44.143Z</time>
    </trkpt>
    <trkpt lat="40.671089" lon="14.724790">
      <ele>0</ele>
      <time>2026-04-13T10:55:45.241Z</time>
    </trkpt>
    <trkpt lat="40.671045" lon="14.724673">
      <ele>0</ele>
      <time>2026-04-13T10:55:46.338Z</time>
    </trkpt>
    <trkpt lat="40.671001" lon="14.724559">
      <ele>0</ele>
      <time>2026-04-13T10:55:47.436Z</time>
    </trkpt>
    <trkpt lat="40.670950" lon="14.724449">
      <ele>0</ele>
      <time>2026-04-13T10:55:48.534Z</time>
    </trkpt>
    <trkpt lat="40.670901" lon="14.724328">
      <ele>0</ele>
      <time>2026-04-13T10:55:49.632Z</time>
    </trkpt>
    <trkpt lat="40.670838" lon="14.724198">
      <ele>0</ele>
      <time>2026-04-13T10:55:50.730Z</time>
    </trkpt>
    <trkpt lat="40.670774" lon="14.724064">
      <ele>0</ele>
      <time>2026-04-13T10:55:51.828Z</time>
    </trkpt>
    <trkpt lat="40.670716" lon="14.723925">
      <ele>0</ele>
      <time>2026-04-13T10:55:52.926Z</time>
    </trkpt>
    <trkpt lat="40.670682" lon="14.723845">
      <ele>0</ele>
      <time>2026-04-13T10:55:54.024Z</time>
    </trkpt>
    <trkpt lat="40.670655" lon="14.723762">
      <ele>0</ele>
      <time>2026-04-13T10:55:55.122Z</time>
    </trkpt>
    <trkpt lat="40.670626" lon="14.723672">
      <ele>0</ele>
      <time>2026-04-13T10:55:56.220Z</time>
    </trkpt>
    <trkpt lat="40.670591" lon="14.723546">
      <ele>0</ele>
      <time>2026-04-13T10:55:57.318Z</time>
    </trkpt>
    <trkpt lat="40.670564" lon="14.723443">
      <ele>0</ele>
      <time>2026-04-13T10:55:58.415Z</time>
    </trkpt>
    <trkpt lat="40.670548" lon="14.723369">
      <ele>0</ele>
      <time>2026-04-13T10:55:59.513Z</time>
    </trkpt>
    <trkpt lat="40.670540" lon="14.723302">
      <ele>0</ele>
      <time>2026-04-13T10:56:00.611Z</time>
    </trkpt>
    <trkpt lat="40.670553" lon="14.723234">
      <ele>0</ele>
      <time>2026-04-13T10:56:01.709Z</time>
    </trkpt>
    <trkpt lat="40.670571" lon="14.723180">
      <ele>0</ele>
      <time>2026-04-13T10:56:02.807Z</time>
    </trkpt>
    <trkpt lat="40.670596" lon="14.723147">
      <ele>0</ele>
      <time>2026-04-13T10:56:03.905Z</time>
    </trkpt>
    <trkpt lat="40.670634" lon="14.723102">
      <ele>0</ele>
      <time>2026-04-13T10:56:05.003Z</time>
    </trkpt>
    <trkpt lat="40.670669" lon="14.723075">
      <ele>0</ele>
      <time>2026-04-13T10:56:06.101Z</time>
    </trkpt>
    <trkpt lat="40.670706" lon="14.723060">
      <ele>0</ele>
      <time>2026-04-13T10:56:07.199Z</time>
    </trkpt>
    <trkpt lat="40.670789" lon="14.723021">
      <ele>0</ele>
      <time>2026-04-13T10:56:08.297Z</time>
    </trkpt>
    <trkpt lat="40.670886" lon="14.722955">
      <ele>0</ele>
      <time>2026-04-13T10:56:09.395Z</time>
    </trkpt>
    <trkpt lat="40.670964" lon="14.722892">
      <ele>0</ele>
      <time>2026-04-13T10:56:10.493Z</time>
    </trkpt>
    <trkpt lat="40.671038" lon="14.722816">
      <ele>0</ele>
      <time>2026-04-13T10:56:11.590Z</time>
    </trkpt>
    <trkpt lat="40.671079" lon="14.722767">
      <ele>0</ele>
      <time>2026-04-13T10:56:12.688Z</time>
    </trkpt>
    <trkpt lat="40.671116" lon="14.722711">
      <ele>0</ele>
      <time>2026-04-13T10:56:13.786Z</time>
    </trkpt>
    <trkpt lat="40.671149" lon="14.722627">
      <ele>0</ele>
      <time>2026-04-13T10:56:14.884Z</time>
    </trkpt>
    <trkpt lat="40.671193" lon="14.722503">
      <ele>0</ele>
      <time>2026-04-13T10:56:15.982Z</time>
    </trkpt>
    <trkpt lat="40.671225" lon="14.722418">
      <ele>0</ele>
      <time>2026-04-13T10:56:17.080Z</time>
    </trkpt>
    <trkpt lat="40.671324" lon="14.722237">
      <ele>0</ele>
      <time>2026-04-13T10:56:18.178Z</time>
    </trkpt>
    <trkpt lat="40.671341" lon="14.722195">
      <ele>0</ele>
      <time>2026-04-13T10:56:19.276Z</time>
    </trkpt>
    <trkpt lat="40.671353" lon="14.722155">
      <ele>0</ele>
      <time>2026-04-13T10:56:20.374Z</time>
    </trkpt>
    <trkpt lat="40.671358" lon="14.722104">
      <ele>0</ele>
      <time>2026-04-13T10:56:21.472Z</time>
    </trkpt>
    <trkpt lat="40.671360" lon="14.722058">
      <ele>0</ele>
      <time>2026-04-13T10:56:22.570Z</time>
    </trkpt>
    <trkpt lat="40.671358" lon="14.722010">
      <ele>0</ele>
      <time>2026-04-13T10:56:23.667Z</time>
    </trkpt>
    <trkpt lat="40.671327" lon="14.721783">
      <ele>0</ele>
      <time>2026-04-13T10:56:24.765Z</time>
    </trkpt>
    <trkpt lat="40.671314" lon="14.721706">
      <ele>0</ele>
      <time>2026-04-13T10:56:25.863Z</time>
    </trkpt>
    <trkpt lat="40.671296" lon="14.721636">
      <ele>0</ele>
      <time>2026-04-13T10:56:26.961Z</time>
    </trkpt>
    <trkpt lat="40.671270" lon="14.721585">
      <ele>0</ele>
      <time>2026-04-13T10:56:28.059Z</time>
    </trkpt>
    <trkpt lat="40.671231" lon="14.721539">
      <ele>0</ele>
      <time>2026-04-13T10:56:29.157Z</time>
    </trkpt>
    <trkpt lat="40.671199" lon="14.721523">
      <ele>0</ele>
      <time>2026-04-13T10:56:30.255Z</time>
    </trkpt>
    <trkpt lat="40.671163" lon="14.721514">
      <ele>0</ele>
      <time>2026-04-13T10:56:31.353Z</time>
    </trkpt>
    <trkpt lat="40.671114" lon="14.721517">
      <ele>0</ele>
      <time>2026-04-13T10:56:32.451Z</time>
    </trkpt>
    <trkpt lat="40.671069" lon="14.721532">
      <ele>0</ele>
      <time>2026-04-13T10:56:33.549Z</time>
    </trkpt>
    <trkpt lat="40.671010" lon="14.721576">
      <ele>0</ele>
      <time>2026-04-13T10:56:34.647Z</time>
    </trkpt>
    <trkpt lat="40.670971" lon="14.721616">
      <ele>0</ele>
      <time>2026-04-13T10:56:35.745Z</time>
    </trkpt>
    <trkpt lat="40.670932" lon="14.721669">
      <ele>0</ele>
      <time>2026-04-13T10:56:36.842Z</time>
    </trkpt>
    <trkpt lat="40.670893" lon="14.721756">
      <ele>0</ele>
      <time>2026-04-13T10:56:37.940Z</time>
    </trkpt>
    <trkpt lat="40.670863" lon="14.721832">
      <ele>0</ele>
      <time>2026-04-13T10:56:39.038Z</time>
    </trkpt>
    <trkpt lat="40.670828" lon="14.721899">
      <ele>0</ele>
      <time>2026-04-13T10:56:40.136Z</time>
    </trkpt>
    <trkpt lat="40.670787" lon="14.721956">
      <ele>0</ele>
      <time>2026-04-13T10:56:41.234Z</time>
    </trkpt>
    <trkpt lat="40.670753" lon="14.721990">
      <ele>0</ele>
      <time>2026-04-13T10:56:42.332Z</time>
    </trkpt>
    <trkpt lat="40.670707" lon="14.722022">
      <ele>0</ele>
      <time>2026-04-13T10:56:43.430Z</time>
    </trkpt>
    <trkpt lat="40.670644" lon="14.722056">
      <ele>0</ele>
      <time>2026-04-13T10:56:44.528Z</time>
    </trkpt>
    <trkpt lat="40.670548" lon="14.722105">
      <ele>0</ele>
      <time>2026-04-13T10:56:45.626Z</time>
    </trkpt>
    <trkpt lat="40.670503" lon="14.722119">
      <ele>0</ele>
      <time>2026-04-13T10:56:46.724Z</time>
    </trkpt>
    <trkpt lat="40.670437" lon="14.722132">
      <ele>0</ele>
      <time>2026-04-13T10:56:47.822Z</time>
    </trkpt>
    <trkpt lat="40.670391" lon="14.722137">
      <ele>0</ele>
      <time>2026-04-13T10:56:48.920Z</time>
    </trkpt>
    <trkpt lat="40.670346" lon="14.722120">
      <ele>0</ele>
      <time>2026-04-13T10:56:50.017Z</time>
    </trkpt>
    <trkpt lat="40.670284" lon="14.722090">
      <ele>0</ele>
      <time>2026-04-13T10:56:51.115Z</time>
    </trkpt>
    <trkpt lat="40.670254" lon="14.722046">
      <ele>0</ele>
      <time>2026-04-13T10:56:52.213Z</time>
    </trkpt>
    <trkpt lat="40.670219" lon="14.721984">
      <ele>0</ele>
      <time>2026-04-13T10:56:53.311Z</time>
    </trkpt>
    <trkpt lat="40.670155" lon="14.721837">
      <ele>0</ele>
      <time>2026-04-13T10:56:54.409Z</time>
    </trkpt>
    <trkpt lat="40.670099" lon="14.721717">
      <ele>0</ele>
      <time>2026-04-13T10:56:55.507Z</time>
    </trkpt>
    <trkpt lat="40.670056" lon="14.721638">
      <ele>0</ele>
      <time>2026-04-13T10:56:56.605Z</time>
    </trkpt>
    <trkpt lat="40.670031" lon="14.721603">
      <ele>0</ele>
      <time>2026-04-13T10:56:57.703Z</time>
    </trkpt>
    <trkpt lat="40.670007" lon="14.721577">
      <ele>0</ele>
      <time>2026-04-13T10:56:58.801Z</time>
    </trkpt>
    <trkpt lat="40.669978" lon="14.721562">
      <ele>0</ele>
      <time>2026-04-13T10:56:59.899Z</time>
    </trkpt>
    <trkpt lat="40.669928" lon="14.721545">
      <ele>0</ele>
      <time>2026-04-13T10:57:00.997Z</time>
    </trkpt>
    <trkpt lat="40.669831" lon="14.721536">
      <ele>0</ele>
      <time>2026-04-13T10:57:02.094Z</time>
    </trkpt>
    <trkpt lat="40.669783" lon="14.721531">
      <ele>0</ele>
      <time>2026-04-13T10:57:03.192Z</time>
    </trkpt>
    <trkpt lat="40.669738" lon="14.721513">
      <ele>0</ele>
      <time>2026-04-13T10:57:04.290Z</time>
    </trkpt>
    <trkpt lat="40.669689" lon="14.721486">
      <ele>0</ele>
      <time>2026-04-13T10:57:05.388Z</time>
    </trkpt>
    <trkpt lat="40.669646" lon="14.721451">
      <ele>0</ele>
      <time>2026-04-13T10:57:06.486Z</time>
    </trkpt>
    <trkpt lat="40.669602" lon="14.721410">
      <ele>0</ele>
      <time>2026-04-13T10:57:07.584Z</time>
    </trkpt>
    <trkpt lat="40.669537" lon="14.721313">
      <ele>0</ele>
      <time>2026-04-13T10:57:08.682Z</time>
    </trkpt>
    <trkpt lat="40.669483" lon="14.721198">
      <ele>0</ele>
      <time>2026-04-13T10:57:09.780Z</time>
    </trkpt>
    <trkpt lat="40.669454" lon="14.721140">
      <ele>0</ele>
      <time>2026-04-13T10:57:10.878Z</time>
    </trkpt>
    <trkpt lat="40.669430" lon="14.721106">
      <ele>0</ele>
      <time>2026-04-13T10:57:11.976Z</time>
    </trkpt>
    <trkpt lat="40.669408" lon="14.721083">
      <ele>0</ele>
      <time>2026-04-13T10:57:13.074Z</time>
    </trkpt>
    <trkpt lat="40.669388" lon="14.721064">
      <ele>0</ele>
      <time>2026-04-13T10:57:14.172Z</time>
    </trkpt>
    <trkpt lat="40.669292" lon="14.721028">
      <ele>0</ele>
      <time>2026-04-13T10:57:15.269Z</time>
    </trkpt>
    <trkpt lat="40.669237" lon="14.721021">
      <ele>0</ele>
      <time>2026-04-13T10:57:16.367Z</time>
    </trkpt>
    <trkpt lat="40.669201" lon="14.721019">
      <ele>0</ele>
      <time>2026-04-13T10:57:17.465Z</time>
    </trkpt>
    <trkpt lat="40.669164" lon="14.721000">
      <ele>0</ele>
      <time>2026-04-13T10:57:18.563Z</time>
    </trkpt>
    <trkpt lat="40.669129" lon="14.720974">
      <ele>0</ele>
      <time>2026-04-13T10:57:19.661Z</time>
    </trkpt>
    <trkpt lat="40.669087" lon="14.720924">
      <ele>0</ele>
      <time>2026-04-13T10:57:20.759Z</time>
    </trkpt>
    <trkpt lat="40.669004" lon="14.720775">
      <ele>0</ele>
      <time>2026-04-13T10:57:21.857Z</time>
    </trkpt>
    <trkpt lat="40.668874" lon="14.720536">
      <ele>0</ele>
      <time>2026-04-13T10:57:22.955Z</time>
    </trkpt>
    <trkpt lat="40.668830" lon="14.720451">
      <ele>0</ele>
      <time>2026-04-13T10:57:24.053Z</time>
    </trkpt>
    <trkpt lat="40.668786" lon="14.720364">
      <ele>0</ele>
      <time>2026-04-13T10:57:25.151Z</time>
    </trkpt>
    <trkpt lat="40.668751" lon="14.720297">
      <ele>0</ele>
      <time>2026-04-13T10:57:26.249Z</time>
    </trkpt>
    <trkpt lat="40.668725" lon="14.720227">
      <ele>0</ele>
      <time>2026-04-13T10:57:27.347Z</time>
    </trkpt>
    <trkpt lat="40.668702" lon="14.720162">
      <ele>0</ele>
      <time>2026-04-13T10:57:28.444Z</time>
    </trkpt>
    <trkpt lat="40.668696" lon="14.720085">
      <ele>0</ele>
      <time>2026-04-13T10:57:29.542Z</time>
    </trkpt>
    <trkpt lat="40.668702" lon="14.719995">
      <ele>0</ele>
      <time>2026-04-13T10:57:30.640Z</time>
    </trkpt>
    <trkpt lat="40.668715" lon="14.719923">
      <ele>0</ele>
      <time>2026-04-13T10:57:31.738Z</time>
    </trkpt>
    <trkpt lat="40.668738" lon="14.719834">
      <ele>0</ele>
      <time>2026-04-13T10:57:32.836Z</time>
    </trkpt>
    <trkpt lat="40.668763" lon="14.719733">
      <ele>0</ele>
      <time>2026-04-13T10:57:33.934Z</time>
    </trkpt>
    <trkpt lat="40.668778" lon="14.719656">
      <ele>0</ele>
      <time>2026-04-13T10:57:35.032Z</time>
    </trkpt>
    <trkpt lat="40.668779" lon="14.719596">
      <ele>0</ele>
      <time>2026-04-13T10:57:36.130Z</time>
    </trkpt>
    <trkpt lat="40.668758" lon="14.719504">
      <ele>0</ele>
      <time>2026-04-13T10:57:37.228Z</time>
    </trkpt>
    <trkpt lat="40.668722" lon="14.719392">
      <ele>0</ele>
      <time>2026-04-13T10:57:38.326Z</time>
    </trkpt>
    <trkpt lat="40.668682" lon="14.719302">
      <ele>0</ele>
      <time>2026-04-13T10:57:39.424Z</time>
    </trkpt>
    <trkpt lat="40.668652" lon="14.719254">
      <ele>0</ele>
      <time>2026-04-13T10:57:40.521Z</time>
    </trkpt>
    <trkpt lat="40.668624" lon="14.719218">
      <ele>0</ele>
      <time>2026-04-13T10:57:41.619Z</time>
    </trkpt>
    <trkpt lat="40.668584" lon="14.719185">
      <ele>0</ele>
      <time>2026-04-13T10:57:42.717Z</time>
    </trkpt>
    <trkpt lat="40.668535" lon="14.719155">
      <ele>0</ele>
      <time>2026-04-13T10:57:43.815Z</time>
    </trkpt>
    <trkpt lat="40.668466" lon="14.719123">
      <ele>0</ele>
      <time>2026-04-13T10:57:44.913Z</time>
    </trkpt>
    <trkpt lat="40.668412" lon="14.719103">
      <ele>0</ele>
      <time>2026-04-13T10:57:46.011Z</time>
    </trkpt>
    <trkpt lat="40.668345" lon="14.719065">
      <ele>0</ele>
      <time>2026-04-13T10:57:47.109Z</time>
    </trkpt>
    <trkpt lat="40.668238" lon="14.718964">
      <ele>0</ele>
      <time>2026-04-13T10:57:48.207Z</time>
    </trkpt>
    <trkpt lat="40.668171" lon="14.718900">
      <ele>0</ele>
      <time>2026-04-13T10:57:49.305Z</time>
    </trkpt>
    <trkpt lat="40.668126" lon="14.718864">
      <ele>0</ele>
      <time>2026-04-13T10:57:50.403Z</time>
    </trkpt>
    <trkpt lat="40.668079" lon="14.718835">
      <ele>0</ele>
      <time>2026-04-13T10:57:51.501Z</time>
    </trkpt>
    <trkpt lat="40.668017" lon="14.718807">
      <ele>0</ele>
      <time>2026-04-13T10:57:52.599Z</time>
    </trkpt>
    <trkpt lat="40.667964" lon="14.718790">
      <ele>0</ele>
      <time>2026-04-13T10:57:53.696Z</time>
    </trkpt>
    <trkpt lat="40.667885" lon="14.718789">
      <ele>0</ele>
      <time>2026-04-13T10:57:54.794Z</time>
    </trkpt>
    <trkpt lat="40.667805" lon="14.718784">
      <ele>0</ele>
      <time>2026-04-13T10:57:55.892Z</time>
    </trkpt>
    <trkpt lat="40.667751" lon="14.718778">
      <ele>0</ele>
      <time>2026-04-13T10:57:56.990Z</time>
    </trkpt>
    <trkpt lat="40.667701" lon="14.718763">
      <ele>0</ele>
      <time>2026-04-13T10:57:58.088Z</time>
    </trkpt>
    <trkpt lat="40.667670" lon="14.718730">
      <ele>0</ele>
      <time>2026-04-13T10:57:59.186Z</time>
    </trkpt>
    <trkpt lat="40.667594" lon="14.718607">
      <ele>0</ele>
      <time>2026-04-13T10:58:00.284Z</time>
    </trkpt>
    <trkpt lat="40.667510" lon="14.718440">
      <ele>0</ele>
      <time>2026-04-13T10:58:01.382Z</time>
    </trkpt>
    <trkpt lat="40.667476" lon="14.718383">
      <ele>0</ele>
      <time>2026-04-13T10:58:02.480Z</time>
    </trkpt>
    <trkpt lat="40.667446" lon="14.718346">
      <ele>0</ele>
      <time>2026-04-13T10:58:03.578Z</time>
    </trkpt>
    <trkpt lat="40.667406" lon="14.718311">
      <ele>0</ele>
      <time>2026-04-13T10:58:04.676Z</time>
    </trkpt>
    <trkpt lat="40.667367" lon="14.718287">
      <ele>0</ele>
      <time>2026-04-13T10:58:05.773Z</time>
    </trkpt>
    <trkpt lat="40.667327" lon="14.718271">
      <ele>0</ele>
      <time>2026-04-13T10:58:06.871Z</time>
    </trkpt>
    <trkpt lat="40.667274" lon="14.718258">
      <ele>0</ele>
      <time>2026-04-13T10:58:07.969Z</time>
    </trkpt>
    <trkpt lat="40.667210" lon="14.718249">
      <ele>0</ele>
      <time>2026-04-13T10:58:09.067Z</time>
    </trkpt>
    <trkpt lat="40.667120" lon="14.718243">
      <ele>0</ele>
      <time>2026-04-13T10:58:10.165Z</time>
    </trkpt>
    <trkpt lat="40.667073" lon="14.718237">
      <ele>0</ele>
      <time>2026-04-13T10:58:11.263Z</time>
    </trkpt>
    <trkpt lat="40.667026" lon="14.718219">
      <ele>0</ele>
      <time>2026-04-13T10:58:12.361Z</time>
    </trkpt>
    <trkpt lat="40.666984" lon="14.718194">
      <ele>0</ele>
      <time>2026-04-13T10:58:13.459Z</time>
    </trkpt>
    <trkpt lat="40.666939" lon="14.718145">
      <ele>0</ele>
      <time>2026-04-13T10:58:14.557Z</time>
    </trkpt>
    <trkpt lat="40.666906" lon="14.718096">
      <ele>0</ele>
      <time>2026-04-13T10:58:15.655Z</time>
    </trkpt>
    <trkpt lat="40.666856" lon="14.718002">
      <ele>0</ele>
      <time>2026-04-13T10:58:16.753Z</time>
    </trkpt>
    <trkpt lat="40.666828" lon="14.717936">
      <ele>0</ele>
      <time>2026-04-13T10:58:17.851Z</time>
    </trkpt>
    <trkpt lat="40.666798" lon="14.717886">
      <ele>0</ele>
      <time>2026-04-13T10:58:18.948Z</time>
    </trkpt>
    <trkpt lat="40.666770" lon="14.717847">
      <ele>0</ele>
      <time>2026-04-13T10:58:20.046Z</time>
    </trkpt>
    <trkpt lat="40.666735" lon="14.717815">
      <ele>0</ele>
      <time>2026-04-13T10:58:21.144Z</time>
    </trkpt>
    <trkpt lat="40.666692" lon="14.717782">
      <ele>0</ele>
      <time>2026-04-13T10:58:22.242Z</time>
    </trkpt>
    <trkpt lat="40.666593" lon="14.717723">
      <ele>0</ele>
      <time>2026-04-13T10:58:23.340Z</time>
    </trkpt>
    <trkpt lat="40.666390" lon="14.717597">
      <ele>0</ele>
      <time>2026-04-13T10:58:24.438Z</time>
    </trkpt>
    <trkpt lat="40.666246" lon="14.717506">
      <ele>0</ele>
      <time>2026-04-13T10:58:25.536Z</time>
    </trkpt>
    <trkpt lat="40.666135" lon="14.717455">
      <ele>0</ele>
      <time>2026-04-13T10:58:26.634Z</time>
    </trkpt>
    <trkpt lat="40.666005" lon="14.717407">
      <ele>0</ele>
      <time>2026-04-13T10:58:27.732Z</time>
    </trkpt>
    <trkpt lat="40.665903" lon="14.717351">
      <ele>0</ele>
      <time>2026-04-13T10:58:28.830Z</time>
    </trkpt>
    <trkpt lat="40.665744" lon="14.717251">
      <ele>0</ele>
      <time>2026-04-13T10:58:29.928Z</time>
    </trkpt>
    <trkpt lat="40.665711" lon="14.717224">
      <ele>0</ele>
      <time>2026-04-13T10:58:31.026Z</time>
    </trkpt>
    <trkpt lat="40.665684" lon="14.717205">
      <ele>0</ele>
      <time>2026-04-13T10:58:32.123Z</time>
    </trkpt>
    <trkpt lat="40.665573" lon="14.717121">
      <ele>0</ele>
      <time>2026-04-13T10:58:33.221Z</time>
    </trkpt>
    <trkpt lat="40.665452" lon="14.716999">
      <ele>0</ele>
      <time>2026-04-13T10:58:34.319Z</time>
    </trkpt>
    <trkpt lat="40.665241" lon="14.716818">
      <ele>0</ele>
      <time>2026-04-13T10:58:35.417Z</time>
    </trkpt>
    <trkpt lat="40.664918" lon="14.716543">
      <ele>0</ele>
      <time>2026-04-13T10:58:36.515Z</time>
    </trkpt>
    <trkpt lat="40.664807" lon="14.716454">
      <ele>0</ele>
      <time>2026-04-13T10:58:37.613Z</time>
    </trkpt>
    <trkpt lat="40.664739" lon="14.716396">
      <ele>0</ele>
      <time>2026-04-13T10:58:38.711Z</time>
    </trkpt>
    <trkpt lat="40.664696" lon="14.716307">
      <ele>0</ele>
      <time>2026-04-13T10:58:39.809Z</time>
    </trkpt>
    <trkpt lat="40.664671" lon="14.716238">
      <ele>0</ele>
      <time>2026-04-13T10:58:40.907Z</time>
    </trkpt>
    <trkpt lat="40.664649" lon="14.716172">
      <ele>0</ele>
      <time>2026-04-13T10:58:42.005Z</time>
    </trkpt>
    <trkpt lat="40.664638" lon="14.716114">
      <ele>0</ele>
      <time>2026-04-13T10:58:43.103Z</time>
    </trkpt>
    <trkpt lat="40.664634" lon="14.716037">
      <ele>0</ele>
      <time>2026-04-13T10:58:44.200Z</time>
    </trkpt>
    <trkpt lat="40.664638" lon="14.715984">
      <ele>0</ele>
      <time>2026-04-13T10:58:45.298Z</time>
    </trkpt>
    <trkpt lat="40.664647" lon="14.715917">
      <ele>0</ele>
      <time>2026-04-13T10:58:46.396Z</time>
    </trkpt>
    <trkpt lat="40.664702" lon="14.715774">
      <ele>0</ele>
      <time>2026-04-13T10:58:47.494Z</time>
    </trkpt>
    <trkpt lat="40.664838" lon="14.715483">
      <ele>0</ele>
      <time>2026-04-13T10:58:48.592Z</time>
    </trkpt>
    <trkpt lat="40.665180" lon="14.714663">
      <ele>0</ele>
      <time>2026-04-13T10:58:49.690Z</time>
    </trkpt>
    <trkpt lat="40.665273" lon="14.714433">
      <ele>0</ele>
      <time>2026-04-13T10:58:50.788Z</time>
    </trkpt>
    <trkpt lat="40.665559" lon="14.713594">
      <ele>0</ele>
      <time>2026-04-13T10:58:51.886Z</time>
    </trkpt>
    <trkpt lat="40.665697" lon="14.713188">
      <ele>0</ele>
      <time>2026-04-13T10:58:52.984Z</time>
    </trkpt>
    <trkpt lat="40.665711" lon="14.713135">
      <ele>0</ele>
      <time>2026-04-13T10:58:54.082Z</time>
    </trkpt>
    <trkpt lat="40.665723" lon="14.713079">
      <ele>0</ele>
      <time>2026-04-13T10:58:55.180Z</time>
    </trkpt>
    <trkpt lat="40.665732" lon="14.713028">
      <ele>0</ele>
      <time>2026-04-13T10:58:56.278Z</time>
    </trkpt>
    <trkpt lat="40.665736" lon="14.712972">
      <ele>0</ele>
      <time>2026-04-13T10:58:57.375Z</time>
    </trkpt>
    <trkpt lat="40.665736" lon="14.712921">
      <ele>0</ele>
      <time>2026-04-13T10:58:58.473Z</time>
    </trkpt>
    <trkpt lat="40.665729" lon="14.712867">
      <ele>0</ele>
      <time>2026-04-13T10:58:59.571Z</time>
    </trkpt>
    <trkpt lat="40.665716" lon="14.712817">
      <ele>0</ele>
      <time>2026-04-13T10:59:00.669Z</time>
    </trkpt>
    <trkpt lat="40.665701" lon="14.712771">
      <ele>0</ele>
      <time>2026-04-13T10:59:01.767Z</time>
    </trkpt>
    <trkpt lat="40.665673" lon="14.712729">
      <ele>0</ele>
      <time>2026-04-13T10:59:02.865Z</time>
    </trkpt>
    <trkpt lat="40.665616" lon="14.712679">
      <ele>0</ele>
      <time>2026-04-13T10:59:03.963Z</time>
    </trkpt>
    <trkpt lat="40.665534" lon="14.712594">
      <ele>0</ele>
      <time>2026-04-13T10:59:05.061Z</time>
    </trkpt>
    <trkpt lat="40.665447" lon="14.712554">
      <ele>0</ele>
      <time>2026-04-13T10:59:06.159Z</time>
    </trkpt>
    <trkpt lat="40.665428" lon="14.712549">
      <ele>0</ele>
      <time>2026-04-13T10:59:07.257Z</time>
    </trkpt>
    <trkpt lat="40.665385" lon="14.712538">
      <ele>0</ele>
      <time>2026-04-13T10:59:08.355Z</time>
    </trkpt>
    <trkpt lat="40.665285" lon="14.712482">
      <ele>0</ele>
      <time>2026-04-13T10:59:09.453Z</time>
    </trkpt>
    <trkpt lat="40.665239" lon="14.712470">
      <ele>0</ele>
      <time>2026-04-13T10:59:10.550Z</time>
    </trkpt>
    <trkpt lat="40.665205" lon="14.712469">
      <ele>0</ele>
      <time>2026-04-13T10:59:11.648Z</time>
    </trkpt>
    <trkpt lat="40.665189" lon="14.712473">
      <ele>0</ele>
      <time>2026-04-13T10:59:12.746Z</time>
    </trkpt>
    <trkpt lat="40.665151" lon="14.712484">
      <ele>0</ele>
      <time>2026-04-13T10:59:13.844Z</time>
    </trkpt>
    <trkpt lat="40.665122" lon="14.712508">
      <ele>0</ele>
      <time>2026-04-13T10:59:14.942Z</time>
    </trkpt>
    <trkpt lat="40.665061" lon="14.712576">
      <ele>0</ele>
      <time>2026-04-13T10:59:16.040Z</time>
    </trkpt>
    <trkpt lat="40.664926" lon="14.712751">
      <ele>0</ele>
      <time>2026-04-13T10:59:17.138Z</time>
    </trkpt>
    <trkpt lat="40.664786" lon="14.712942">
      <ele>0</ele>
      <time>2026-04-13T10:59:18.236Z</time>
    </trkpt>
    <trkpt lat="40.664686" lon="14.713075">
      <ele>0</ele>
      <time>2026-04-13T10:59:19.334Z</time>
    </trkpt>
    <trkpt lat="40.664620" lon="14.713157">
      <ele>0</ele>
      <time>2026-04-13T10:59:20.432Z</time>
    </trkpt>
    <trkpt lat="40.664575" lon="14.713194">
      <ele>0</ele>
      <time>2026-04-13T10:59:21.530Z</time>
    </trkpt>
    <trkpt lat="40.664517" lon="14.713233">
      <ele>0</ele>
      <time>2026-04-13T10:59:22.627Z</time>
    </trkpt>
    <trkpt lat="40.664430" lon="14.713266">
      <ele>0</ele>
      <time>2026-04-13T10:59:23.725Z</time>
    </trkpt>
    <trkpt lat="40.664321" lon="14.713314">
      <ele>0</ele>
      <time>2026-04-13T10:59:24.823Z</time>
    </trkpt>
    <trkpt lat="40.664271" lon="14.713342">
      <ele>0</ele>
      <time>2026-04-13T10:59:25.921Z</time>
    </trkpt>
    <trkpt lat="40.664205" lon="14.713381">
      <ele>0</ele>
      <time>2026-04-13T10:59:27.019Z</time>
    </trkpt>
    <trkpt lat="40.664158" lon="14.713429">
      <ele>0</ele>
      <time>2026-04-13T10:59:28.117Z</time>
    </trkpt>
    <trkpt lat="40.664101" lon="14.713492">
      <ele>0</ele>
      <time>2026-04-13T10:59:29.215Z</time>
    </trkpt>
    <trkpt lat="40.664039" lon="14.713586">
      <ele>0</ele>
      <time>2026-04-13T10:59:30.313Z</time>
    </trkpt>
    <trkpt lat="40.663943" lon="14.713757">
      <ele>0</ele>
      <time>2026-04-13T10:59:31.411Z</time>
    </trkpt>
    <trkpt lat="40.663874" lon="14.713798">
      <ele>0</ele>
      <time>2026-04-13T10:59:32.509Z</time>
    </trkpt>
    <trkpt lat="40.663772" lon="14.713831">
      <ele>0</ele>
      <time>2026-04-13T10:59:33.607Z</time>
    </trkpt>
    <trkpt lat="40.663652" lon="14.713849">
      <ele>0</ele>
      <time>2026-04-13T10:59:34.705Z</time>
    </trkpt>
    <trkpt lat="40.663505" lon="14.713875">
      <ele>0</ele>
      <time>2026-04-13T10:59:35.802Z</time>
    </trkpt>
    <trkpt lat="40.663407" lon="14.713890">
      <ele>0</ele>
      <time>2026-04-13T10:59:36.900Z</time>
    </trkpt>
    <trkpt lat="40.663345" lon="14.713904">
      <ele>0</ele>
      <time>2026-04-13T10:59:37.998Z</time>
    </trkpt>
    <trkpt lat="40.663288" lon="14.713903">
      <ele>0</ele>
      <time>2026-04-13T10:59:39.096Z</time>
    </trkpt>
    <trkpt lat="40.663242" lon="14.713898">
      <ele>0</ele>
      <time>2026-04-13T10:59:40.194Z</time>
    </trkpt>
    <trkpt lat="40.663196" lon="14.713881">
      <ele>0</ele>
      <time>2026-04-13T10:59:41.292Z</time>
    </trkpt>
    <trkpt lat="40.663159" lon="14.713860">
      <ele>0</ele>
      <time>2026-04-13T10:59:42.390Z</time>
    </trkpt>
    <trkpt lat="40.663113" lon="14.713824">
      <ele>0</ele>
      <time>2026-04-13T10:59:43.488Z</time>
    </trkpt>
    <trkpt lat="40.663074" lon="14.713778">
      <ele>0</ele>
      <time>2026-04-13T10:59:44.586Z</time>
    </trkpt>
    <trkpt lat="40.663045" lon="14.713735">
      <ele>0</ele>
      <time>2026-04-13T10:59:45.684Z</time>
    </trkpt>
    <trkpt lat="40.663019" lon="14.713697">
      <ele>0</ele>
      <time>2026-04-13T10:59:46.782Z</time>
    </trkpt>
    <trkpt lat="40.662991" lon="14.713653">
      <ele>0</ele>
      <time>2026-04-13T10:59:47.879Z</time>
    </trkpt>
    <trkpt lat="40.662964" lon="14.713610">
      <ele>0</ele>
      <time>2026-04-13T10:59:48.977Z</time>
    </trkpt>
    <trkpt lat="40.662929" lon="14.713550">
      <ele>0</ele>
      <time>2026-04-13T10:59:50.075Z</time>
    </trkpt>
    <trkpt lat="40.662884" lon="14.713499">
      <ele>0</ele>
      <time>2026-04-13T10:59:51.173Z</time>
    </trkpt>
    <trkpt lat="40.662847" lon="14.713464">
      <ele>0</ele>
      <time>2026-04-13T10:59:52.271Z</time>
    </trkpt>
    <trkpt lat="40.662799" lon="14.713429">
      <ele>0</ele>
      <time>2026-04-13T10:59:53.369Z</time>
    </trkpt>
    <trkpt lat="40.662732" lon="14.713399">
      <ele>0</ele>
      <time>2026-04-13T10:59:54.467Z</time>
    </trkpt>
    <trkpt lat="40.662664" lon="14.713384">
      <ele>0</ele>
      <time>2026-04-13T10:59:55.565Z</time>
    </trkpt>
    <trkpt lat="40.662599" lon="14.713379">
      <ele>0</ele>
      <time>2026-04-13T10:59:56.663Z</time>
    </trkpt>
    <trkpt lat="40.662542" lon="14.713371">
      <ele>0</ele>
      <time>2026-04-13T10:59:57.761Z</time>
    </trkpt>
    <trkpt lat="40.662495" lon="14.713359">
      <ele>0</ele>
      <time>2026-04-13T10:59:58.859Z</time>
    </trkpt>
    <trkpt lat="40.662456" lon="14.713341">
      <ele>0</ele>
      <time>2026-04-13T10:59:59.957Z</time>
    </trkpt>
    <trkpt lat="40.662425" lon="14.713312">
      <ele>0</ele>
      <time>2026-04-13T11:00:01.054Z</time>
    </trkpt>
    <trkpt lat="40.662402" lon="14.713277">
      <ele>0</ele>
      <time>2026-04-13T11:00:02.152Z</time>
    </trkpt>
    <trkpt lat="40.662388" lon="14.713244">
      <ele>0</ele>
      <time>2026-04-13T11:00:03.250Z</time>
    </trkpt>
    <trkpt lat="40.662377" lon="14.713221">
      <ele>0</ele>
      <time>2026-04-13T11:00:04.348Z</time>
    </trkpt>
    <trkpt lat="40.662367" lon="14.713177">
      <ele>0</ele>
      <time>2026-04-13T11:00:05.446Z</time>
    </trkpt>
    <trkpt lat="40.662360" lon="14.713127">
      <ele>0</ele>
      <time>2026-04-13T11:00:06.544Z</time>
    </trkpt>
    <trkpt lat="40.662339" lon="14.712982">
      <ele>0</ele>
      <time>2026-04-13T11:00:07.642Z</time>
    </trkpt>
    <trkpt lat="40.662306" lon="14.712757">
      <ele>0</ele>
      <time>2026-04-13T11:00:08.740Z</time>
    </trkpt>
    <trkpt lat="40.662285" lon="14.712613">
      <ele>0</ele>
      <time>2026-04-13T11:00:09.838Z</time>
    </trkpt>
    <trkpt lat="40.662264" lon="14.712424">
      <ele>0</ele>
      <time>2026-04-13T11:00:10.936Z</time>
    </trkpt>
    <trkpt lat="40.662245" lon="14.712283">
      <ele>0</ele>
      <time>2026-04-13T11:00:12.034Z</time>
    </trkpt>
    <trkpt lat="40.662232" lon="14.712135">
      <ele>0</ele>
      <time>2026-04-13T11:00:13.132Z</time>
    </trkpt>
    <trkpt lat="40.662214" lon="14.712026">
      <ele>0</ele>
      <time>2026-04-13T11:00:14.229Z</time>
    </trkpt>
    <trkpt lat="40.662182" lon="14.711951">
      <ele>0</ele>
      <time>2026-04-13T11:00:15.327Z</time>
    </trkpt>
    <trkpt lat="40.662139" lon="14.711896">
      <ele>0</ele>
      <time>2026-04-13T11:00:16.425Z</time>
    </trkpt>
    <trkpt lat="40.662095" lon="14.711869">
      <ele>0</ele>
      <time>2026-04-13T11:00:17.523Z</time>
    </trkpt>
    <trkpt lat="40.662048" lon="14.711859">
      <ele>0</ele>
      <time>2026-04-13T11:00:18.621Z</time>
    </trkpt>
    <trkpt lat="40.662009" lon="14.711862">
      <ele>0</ele>
      <time>2026-04-13T11:00:19.719Z</time>
    </trkpt>
    <trkpt lat="40.661972" lon="14.711882">
      <ele>0</ele>
      <time>2026-04-13T11:00:20.817Z</time>
    </trkpt>
    <trkpt lat="40.661941" lon="14.711911">
      <ele>0</ele>
      <time>2026-04-13T11:00:21.915Z</time>
    </trkpt>
    <trkpt lat="40.661844" lon="14.712033">
      <ele>0</ele>
      <time>2026-04-13T11:00:23.013Z</time>
    </trkpt>
    <trkpt lat="40.661754" lon="14.712163">
      <ele>0</ele>
      <time>2026-04-13T11:00:24.111Z</time>
    </trkpt>
    <trkpt lat="40.661662" lon="14.712295">
      <ele>0</ele>
      <time>2026-04-13T11:00:25.209Z</time>
    </trkpt>
    <trkpt lat="40.661576" lon="14.712381">
      <ele>0</ele>
      <time>2026-04-13T11:00:26.306Z</time>
    </trkpt>
    <trkpt lat="40.661546" lon="14.712400">
      <ele>0</ele>
      <time>2026-04-13T11:00:27.404Z</time>
    </trkpt>
    <trkpt lat="40.661481" lon="14.712418">
      <ele>0</ele>
      <time>2026-04-13T11:00:28.502Z</time>
    </trkpt>
    <trkpt lat="40.661427" lon="14.712414">
      <ele>0</ele>
      <time>2026-04-13T11:00:29.600Z</time>
    </trkpt>
    <trkpt lat="40.661383" lon="14.712398">
      <ele>0</ele>
      <time>2026-04-13T11:00:30.698Z</time>
    </trkpt>
    <trkpt lat="40.661337" lon="14.712375">
      <ele>0</ele>
      <time>2026-04-13T11:00:31.796Z</time>
    </trkpt>
    <trkpt lat="40.661289" lon="14.712354">
      <ele>0</ele>
      <time>2026-04-13T11:00:32.894Z</time>
    </trkpt>
    <trkpt lat="40.661178" lon="14.712304">
      <ele>0</ele>
      <time>2026-04-13T11:00:33.992Z</time>
    </trkpt>
    <trkpt lat="40.661083" lon="14.712261">
      <ele>0</ele>
      <time>2026-04-13T11:00:35.090Z</time>
    </trkpt>
    <trkpt lat="40.660975" lon="14.712213">
      <ele>0</ele>
      <time>2026-04-13T11:00:36.188Z</time>
    </trkpt>
    <trkpt lat="40.660845" lon="14.712166">
      <ele>0</ele>
      <time>2026-04-13T11:00:37.286Z</time>
    </trkpt>
    <trkpt lat="40.660693" lon="14.712093">
      <ele>0</ele>
      <time>2026-04-13T11:00:38.384Z</time>
    </trkpt>
    <trkpt lat="40.660580" lon="14.712052">
      <ele>0</ele>
      <time>2026-04-13T11:00:39.481Z</time>
    </trkpt>
    <trkpt lat="40.660404" lon="14.712000">
      <ele>0</ele>
      <time>2026-04-13T11:00:40.579Z</time>
    </trkpt>
    <trkpt lat="40.660250" lon="14.711953">
      <ele>0</ele>
      <time>2026-04-13T11:00:41.677Z</time>
    </trkpt>
    <trkpt lat="40.660110" lon="14.711927">
      <ele>0</ele>
      <time>2026-04-13T11:00:42.775Z</time>
    </trkpt>
    <trkpt lat="40.660096" lon="14.711924">
      <ele>0</ele>
      <time>2026-04-13T11:00:43.873Z</time>
    </trkpt>
    <trkpt lat="40.659892" lon="14.711903">
      <ele>0</ele>
      <time>2026-04-13T11:00:44.971Z</time>
    </trkpt>
    <trkpt lat="40.659797" lon="14.711883">
      <ele>0</ele>
      <time>2026-04-13T11:00:46.069Z</time>
    </trkpt>
    <trkpt lat="40.659729" lon="14.711862">
      <ele>0</ele>
      <time>2026-04-13T11:00:47.167Z</time>
    </trkpt>
    <trkpt lat="40.659665" lon="14.711837">
      <ele>0</ele>
      <time>2026-04-13T11:00:48.265Z</time>
    </trkpt>
    <trkpt lat="40.659530" lon="14.711755">
      <ele>0</ele>
      <time>2026-04-13T11:00:49.363Z</time>
    </trkpt>
    <trkpt lat="40.659350" lon="14.711643">
      <ele>0</ele>
      <time>2026-04-13T11:00:50.461Z</time>
    </trkpt>
    <trkpt lat="40.659298" lon="14.711599">
      <ele>0</ele>
      <time>2026-04-13T11:00:51.559Z</time>
    </trkpt>
    <trkpt lat="40.659254" lon="14.711550">
      <ele>0</ele>
      <time>2026-04-13T11:00:52.656Z</time>
    </trkpt>
    <trkpt lat="40.659212" lon="14.711490">
      <ele>0</ele>
      <time>2026-04-13T11:00:53.754Z</time>
    </trkpt>
    <trkpt lat="40.659138" lon="14.711371">
      <ele>0</ele>
      <time>2026-04-13T11:00:54.852Z</time>
    </trkpt>
    <trkpt lat="40.659086" lon="14.711312">
      <ele>0</ele>
      <time>2026-04-13T11:00:55.950Z</time>
    </trkpt>
    <trkpt lat="40.659041" lon="14.711274">
      <ele>0</ele>
      <time>2026-04-13T11:00:57.048Z</time>
    </trkpt>
    <trkpt lat="40.658994" lon="14.711246">
      <ele>0</ele>
      <time>2026-04-13T11:00:58.146Z</time>
    </trkpt>
    <trkpt lat="40.658942" lon="14.711228">
      <ele>0</ele>
      <time>2026-04-13T11:00:59.244Z</time>
    </trkpt>
    <trkpt lat="40.658894" lon="14.711221">
      <ele>0</ele>
      <time>2026-04-13T11:01:00.342Z</time>
    </trkpt>
    <trkpt lat="40.658837" lon="14.711213">
      <ele>0</ele>
      <time>2026-04-13T11:01:01.440Z</time>
    </trkpt>
    <trkpt lat="40.658783" lon="14.711215">
      <ele>0</ele>
      <time>2026-04-13T11:01:02.538Z</time>
    </trkpt>
    <trkpt lat="40.658725" lon="14.711221">
      <ele>0</ele>
      <time>2026-04-13T11:01:03.636Z</time>
    </trkpt>
    <trkpt lat="40.658559" lon="14.711238">
      <ele>0</ele>
      <time>2026-04-13T11:01:04.733Z</time>
    </trkpt>
    <trkpt lat="40.658455" lon="14.711256">
      <ele>0</ele>
      <time>2026-04-13T11:01:05.831Z</time>
    </trkpt>
    <trkpt lat="40.658381" lon="14.711257">
      <ele>0</ele>
      <time>2026-04-13T11:01:06.929Z</time>
    </trkpt>
    <trkpt lat="40.658330" lon="14.711242">
      <ele>0</ele>
      <time>2026-04-13T11:01:08.027Z</time>
    </trkpt>
    <trkpt lat="40.658296" lon="14.711219">
      <ele>0</ele>
      <time>2026-04-13T11:01:09.125Z</time>
    </trkpt>
    <trkpt lat="40.658251" lon="14.711183">
      <ele>0</ele>
      <time>2026-04-13T11:01:10.223Z</time>
    </trkpt>
    <trkpt lat="40.658212" lon="14.711140">
      <ele>0</ele>
      <time>2026-04-13T11:01:11.321Z</time>
    </trkpt>
    <trkpt lat="40.658184" lon="14.711096">
      <ele>0</ele>
      <time>2026-04-13T11:01:12.419Z</time>
    </trkpt>
    <trkpt lat="40.658168" lon="14.711056">
      <ele>0</ele>
      <time>2026-04-13T11:01:13.517Z</time>
    </trkpt>
    <trkpt lat="40.658159" lon="14.711011">
      <ele>0</ele>
      <time>2026-04-13T11:01:14.615Z</time>
    </trkpt>
    <trkpt lat="40.658163" lon="14.710957">
      <ele>0</ele>
      <time>2026-04-13T11:01:15.713Z</time>
    </trkpt>
    <trkpt lat="40.658174" lon="14.710895">
      <ele>0</ele>
      <time>2026-04-13T11:01:16.811Z</time>
    </trkpt>
    <trkpt lat="40.658226" lon="14.710769">
      <ele>0</ele>
      <time>2026-04-13T11:01:17.908Z</time>
    </trkpt>
    <trkpt lat="40.658285" lon="14.710641">
      <ele>0</ele>
      <time>2026-04-13T11:01:19.006Z</time>
    </trkpt>
    <trkpt lat="40.658302" lon="14.710587">
      <ele>0</ele>
      <time>2026-04-13T11:01:20.104Z</time>
    </trkpt>
    <trkpt lat="40.658307" lon="14.710534">
      <ele>0</ele>
      <time>2026-04-13T11:01:21.202Z</time>
    </trkpt>
    <trkpt lat="40.658305" lon="14.710468">
      <ele>0</ele>
      <time>2026-04-13T11:01:22.300Z</time>
    </trkpt>
    <trkpt lat="40.658291" lon="14.710407">
      <ele>0</ele>
      <time>2026-04-13T11:01:23.398Z</time>
    </trkpt>
    <trkpt lat="40.658281" lon="14.710382">
      <ele>0</ele>
      <time>2026-04-13T11:01:24.496Z</time>
    </trkpt>
    <trkpt lat="40.658242" lon="14.710322">
      <ele>0</ele>
      <time>2026-04-13T11:01:25.594Z</time>
    </trkpt>
    <trkpt lat="40.658204" lon="14.710281">
      <ele>0</ele>
      <time>2026-04-13T11:01:26.692Z</time>
    </trkpt>
    <trkpt lat="40.658156" lon="14.710249">
      <ele>0</ele>
      <time>2026-04-13T11:01:27.790Z</time>
    </trkpt>
    <trkpt lat="40.658090" lon="14.710221">
      <ele>0</ele>
      <time>2026-04-13T11:01:28.888Z</time>
    </trkpt>
    <trkpt lat="40.657971" lon="14.710182">
      <ele>0</ele>
      <time>2026-04-13T11:01:29.986Z</time>
    </trkpt>
    <trkpt lat="40.657857" lon="14.710142">
      <ele>0</ele>
      <time>2026-04-13T11:01:31.083Z</time>
    </trkpt>
    <trkpt lat="40.657795" lon="14.710112">
      <ele>0</ele>
      <time>2026-04-13T11:01:32.181Z</time>
    </trkpt>
    <trkpt lat="40.657743" lon="14.710086">
      <ele>0</ele>
      <time>2026-04-13T11:01:33.279Z</time>
    </trkpt>
    <trkpt lat="40.657689" lon="14.710046">
      <ele>0</ele>
      <time>2026-04-13T11:01:34.377Z</time>
    </trkpt>
    <trkpt lat="40.657641" lon="14.709995">
      <ele>0</ele>
      <time>2026-04-13T11:01:35.475Z</time>
    </trkpt>
    <trkpt lat="40.657588" lon="14.709926">
      <ele>0</ele>
      <time>2026-04-13T11:01:36.573Z</time>
    </trkpt>
    <trkpt lat="40.657556" lon="14.709876">
      <ele>0</ele>
      <time>2026-04-13T11:01:37.671Z</time>
    </trkpt>
    <trkpt lat="40.657474" lon="14.709754">
      <ele>0</ele>
      <time>2026-04-13T11:01:38.769Z</time>
    </trkpt>
    <trkpt lat="40.657388" lon="14.709618">
      <ele>0</ele>
      <time>2026-04-13T11:01:39.867Z</time>
    </trkpt>
    <trkpt lat="40.657277" lon="14.709435">
      <ele>0</ele>
      <time>2026-04-13T11:01:40.965Z</time>
    </trkpt>
    <trkpt lat="40.657227" lon="14.709350">
      <ele>0</ele>
      <time>2026-04-13T11:01:42.063Z</time>
    </trkpt>
    <trkpt lat="40.657185" lon="14.709292">
      <ele>0</ele>
      <time>2026-04-13T11:01:43.160Z</time>
    </trkpt>
    <trkpt lat="40.657128" lon="14.709225">
      <ele>0</ele>
      <time>2026-04-13T11:01:44.258Z</time>
    </trkpt>
    <trkpt lat="40.657069" lon="14.709170">
      <ele>0</ele>
      <time>2026-04-13T11:01:45.356Z</time>
    </trkpt>
    <trkpt lat="40.657019" lon="14.709128">
      <ele>0</ele>
      <time>2026-04-13T11:01:46.454Z</time>
    </trkpt>
    <trkpt lat="40.656958" lon="14.709089">
      <ele>0</ele>
      <time>2026-04-13T11:01:47.552Z</time>
    </trkpt>
    <trkpt lat="40.656881" lon="14.709052">
      <ele>0</ele>
      <time>2026-04-13T11:01:48.650Z</time>
    </trkpt>
    <trkpt lat="40.656789" lon="14.709008">
      <ele>0</ele>
      <time>2026-04-13T11:01:49.748Z</time>
    </trkpt>
    <trkpt lat="40.656747" lon="14.708987">
      <ele>0</ele>
      <time>2026-04-13T11:01:50.846Z</time>
    </trkpt>
    <trkpt lat="40.656697" lon="14.708957">
      <ele>0</ele>
      <time>2026-04-13T11:01:51.944Z</time>
    </trkpt>
    <trkpt lat="40.656573" lon="14.708874">
      <ele>0</ele>
      <time>2026-04-13T11:01:53.042Z</time>
    </trkpt>
    <trkpt lat="40.656484" lon="14.708814">
      <ele>0</ele>
      <time>2026-04-13T11:01:54.140Z</time>
    </trkpt>
    <trkpt lat="40.656424" lon="14.708769">
      <ele>0</ele>
      <time>2026-04-13T11:01:55.238Z</time>
    </trkpt>
    <trkpt lat="40.656371" lon="14.708722">
      <ele>0</ele>
      <time>2026-04-13T11:01:56.335Z</time>
    </trkpt>
    <trkpt lat="40.656329" lon="14.708682">
      <ele>0</ele>
      <time>2026-04-13T11:01:57.433Z</time>
    </trkpt>
    <trkpt lat="40.656303" lon="14.708622">
      <ele>0</ele>
      <time>2026-04-13T11:01:58.531Z</time>
    </trkpt>
    <trkpt lat="40.656285" lon="14.708534">
      <ele>0</ele>
      <time>2026-04-13T11:01:59.629Z</time>
    </trkpt>
    <trkpt lat="40.656272" lon="14.708448">
      <ele>0</ele>
      <time>2026-04-13T11:02:00.727Z</time>
    </trkpt>
    <trkpt lat="40.656263" lon="14.708397">
      <ele>0</ele>
      <time>2026-04-13T11:02:01.825Z</time>
    </trkpt>
    <trkpt lat="40.656235" lon="14.708325">
      <ele>0</ele>
      <time>2026-04-13T11:02:02.923Z</time>
    </trkpt>
    <trkpt lat="40.656193" lon="14.708277">
      <ele>0</ele>
      <time>2026-04-13T11:02:04.021Z</time>
    </trkpt>
    <trkpt lat="40.656145" lon="14.708242">
      <ele>0</ele>
      <time>2026-04-13T11:02:05.119Z</time>
    </trkpt>
    <trkpt lat="40.656094" lon="14.708222">
      <ele>0</ele>
      <time>2026-04-13T11:02:06.217Z</time>
    </trkpt>
    <trkpt lat="40.656039" lon="14.708228">
      <ele>0</ele>
      <time>2026-04-13T11:02:07.315Z</time>
    </trkpt>
    <trkpt lat="40.655978" lon="14.708235">
      <ele>0</ele>
      <time>2026-04-13T11:02:08.412Z</time>
    </trkpt>
    <trkpt lat="40.655817" lon="14.708286">
      <ele>0</ele>
      <time>2026-04-13T11:02:09.510Z</time>
    </trkpt>
    <trkpt lat="40.655761" lon="14.708303">
      <ele>0</ele>
      <time>2026-04-13T11:02:10.608Z</time>
    </trkpt>
    <trkpt lat="40.655696" lon="14.708306">
      <ele>0</ele>
      <time>2026-04-13T11:02:11.706Z</time>
    </trkpt>
    <trkpt lat="40.655623" lon="14.708293">
      <ele>0</ele>
      <time>2026-04-13T11:02:12.804Z</time>
    </trkpt>
    <trkpt lat="40.655550" lon="14.708268">
      <ele>0</ele>
      <time>2026-04-13T11:02:13.902Z</time>
    </trkpt>
    <trkpt lat="40.655450" lon="14.708236">
      <ele>0</ele>
      <time>2026-04-13T11:02:15.000Z</time>
    </trkpt>
    <trkpt lat="40.655368" lon="14.708224">
      <ele>0</ele>
      <time>2026-04-13T11:02:16.098Z</time>
    </trkpt>
    <trkpt lat="40.655308" lon="14.708220">
      <ele>0</ele>
      <time>2026-04-13T11:02:17.196Z</time>
    </trkpt>
    <trkpt lat="40.655222" lon="14.708221">
      <ele>0</ele>
      <time>2026-04-13T11:02:18.294Z</time>
    </trkpt>
    <trkpt lat="40.655167" lon="14.708221">
      <ele>0</ele>
      <time>2026-04-13T11:02:19.392Z</time>
    </trkpt>
    <trkpt lat="40.655122" lon="14.708205">
      <ele>0</ele>
      <time>2026-04-13T11:02:20.490Z</time>
    </trkpt>
    <trkpt lat="40.655094" lon="14.708194">
      <ele>0</ele>
      <time>2026-04-13T11:02:21.587Z</time>
    </trkpt>
    <trkpt lat="40.655060" lon="14.708177">
      <ele>0</ele>
      <time>2026-04-13T11:02:22.685Z</time>
    </trkpt>
    <trkpt lat="40.655036" lon="14.708163">
      <ele>0</ele>
      <time>2026-04-13T11:02:23.783Z</time>
    </trkpt>
    <trkpt lat="40.655001" lon="14.708142">
      <ele>0</ele>
      <time>2026-04-13T11:02:24.881Z</time>
    </trkpt>
    <trkpt lat="40.654958" lon="14.708105">
      <ele>0</ele>
      <time>2026-04-13T11:02:25.979Z</time>
    </trkpt>
    <trkpt lat="40.654924" lon="14.708081">
      <ele>0</ele>
      <time>2026-04-13T11:02:27.077Z</time>
    </trkpt>
    <trkpt lat="40.654889" lon="14.708070">
      <ele>0</ele>
      <time>2026-04-13T11:02:28.175Z</time>
    </trkpt>
    <trkpt lat="40.654850" lon="14.708063">
      <ele>0</ele>
      <time>2026-04-13T11:02:29.273Z</time>
    </trkpt>
    <trkpt lat="40.654766" lon="14.708043">
      <ele>0</ele>
      <time>2026-04-13T11:02:30.371Z</time>
    </trkpt>
    <trkpt lat="40.654705" lon="14.708020">
      <ele>0</ele>
      <time>2026-04-13T11:02:31.469Z</time>
    </trkpt>
    <trkpt lat="40.654644" lon="14.707993">
      <ele>0</ele>
      <time>2026-04-13T11:02:32.567Z</time>
    </trkpt>
    <trkpt lat="40.654604" lon="14.707962">
      <ele>0</ele>
      <time>2026-04-13T11:02:33.665Z</time>
    </trkpt>
    <trkpt lat="40.654553" lon="14.707909">
      <ele>0</ele>
      <time>2026-04-13T11:02:34.762Z</time>
    </trkpt>
    <trkpt lat="40.654505" lon="14.707866">
      <ele>0</ele>
      <time>2026-04-13T11:02:35.860Z</time>
    </trkpt>
    <trkpt lat="40.654454" lon="14.707831">
      <ele>0</ele>
      <time>2026-04-13T11:02:36.958Z</time>
    </trkpt>
    <trkpt lat="40.654381" lon="14.707796">
      <ele>0</ele>
      <time>2026-04-13T11:02:38.056Z</time>
    </trkpt>
    <trkpt lat="40.654287" lon="14.707757">
      <ele>0</ele>
      <time>2026-04-13T11:02:39.154Z</time>
    </trkpt>
    <trkpt lat="40.654203" lon="14.707727">
      <ele>0</ele>
      <time>2026-04-13T11:02:40.252Z</time>
    </trkpt>
    <trkpt lat="40.654125" lon="14.707696">
      <ele>0</ele>
      <time>2026-04-13T11:02:41.350Z</time>
    </trkpt>
    <trkpt lat="40.654056" lon="14.707663">
      <ele>0</ele>
      <time>2026-04-13T11:02:42.448Z</time>
    </trkpt>
    <trkpt lat="40.654016" lon="14.707630">
      <ele>0</ele>
      <time>2026-04-13T11:02:43.546Z</time>
    </trkpt>
    <trkpt lat="40.653977" lon="14.707580">
      <ele>0</ele>
      <time>2026-04-13T11:02:44.644Z</time>
    </trkpt>
    <trkpt lat="40.653884" lon="14.707433">
      <ele>0</ele>
      <time>2026-04-13T11:02:45.742Z</time>
    </trkpt>
    <trkpt lat="40.653833" lon="14.707346">
      <ele>0</ele>
      <time>2026-04-13T11:02:46.839Z</time>
    </trkpt>
    <trkpt lat="40.653823" lon="14.707307">
      <ele>0</ele>
      <time>2026-04-13T11:02:47.937Z</time>
    </trkpt>
    <trkpt lat="40.653819" lon="14.707255">
      <ele>0</ele>
      <time>2026-04-13T11:02:49.035Z</time>
    </trkpt>
    <trkpt lat="40.653822" lon="14.707207">
      <ele>0</ele>
      <time>2026-04-13T11:02:50.133Z</time>
    </trkpt>
    <trkpt lat="40.653824" lon="14.707152">
      <ele>0</ele>
      <time>2026-04-13T11:02:51.231Z</time>
    </trkpt>
    <trkpt lat="40.653808" lon="14.707104">
      <ele>0</ele>
      <time>2026-04-13T11:02:52.329Z</time>
    </trkpt>
    <trkpt lat="40.653774" lon="14.707077">
      <ele>0</ele>
      <time>2026-04-13T11:02:53.427Z</time>
    </trkpt>
    <trkpt lat="40.653740" lon="14.707054">
      <ele>0</ele>
      <time>2026-04-13T11:02:54.525Z</time>
    </trkpt>
    <trkpt lat="40.653673" lon="14.707027">
      <ele>0</ele>
      <time>2026-04-13T11:02:55.623Z</time>
    </trkpt>
    <trkpt lat="40.653414" lon="14.706971">
      <ele>0</ele>
      <time>2026-04-13T11:02:56.721Z</time>
    </trkpt>
    <trkpt lat="40.653294" lon="14.706936">
      <ele>0</ele>
      <time>2026-04-13T11:02:57.819Z</time>
    </trkpt>
    <trkpt lat="40.653205" lon="14.706915">
      <ele>0</ele>
      <time>2026-04-13T11:02:58.917Z</time>
    </trkpt>
    <trkpt lat="40.653165" lon="14.706897">
      <ele>0</ele>
      <time>2026-04-13T11:03:00.014Z</time>
    </trkpt>
    <trkpt lat="40.653120" lon="14.706873">
      <ele>0</ele>
      <time>2026-04-13T11:03:01.112Z</time>
    </trkpt>
    <trkpt lat="40.653082" lon="14.706836">
      <ele>0</ele>
      <time>2026-04-13T11:03:02.210Z</time>
    </trkpt>
    <trkpt lat="40.653048" lon="14.706783">
      <ele>0</ele>
      <time>2026-04-13T11:03:03.308Z</time>
    </trkpt>
    <trkpt lat="40.652995" lon="14.706699">
      <ele>0</ele>
      <time>2026-04-13T11:03:04.406Z</time>
    </trkpt>
    <trkpt lat="40.652913" lon="14.706600">
      <ele>0</ele>
      <time>2026-04-13T11:03:05.504Z</time>
    </trkpt>
    <trkpt lat="40.652852" lon="14.706525">
      <ele>0</ele>
      <time>2026-04-13T11:03:06.602Z</time>
    </trkpt>
    <trkpt lat="40.652797" lon="14.706444">
      <ele>0</ele>
      <time>2026-04-13T11:03:07.700Z</time>
    </trkpt>
    <trkpt lat="40.652734" lon="14.706332">
      <ele>0</ele>
      <time>2026-04-13T11:03:08.798Z</time>
    </trkpt>
    <trkpt lat="40.652698" lon="14.706261">
      <ele>0</ele>
      <time>2026-04-13T11:03:09.896Z</time>
    </trkpt>
    <trkpt lat="40.652667" lon="14.706212">
      <ele>0</ele>
      <time>2026-04-13T11:03:10.994Z</time>
    </trkpt>
    <trkpt lat="40.652633" lon="14.706180">
      <ele>0</ele>
      <time>2026-04-13T11:03:12.092Z</time>
    </trkpt>
    <trkpt lat="40.652584" lon="14.706161">
      <ele>0</ele>
      <time>2026-04-13T11:03:13.189Z</time>
    </trkpt>
    <trkpt lat="40.652526" lon="14.706155">
      <ele>0</ele>
      <time>2026-04-13T11:03:14.287Z</time>
    </trkpt>
    <trkpt lat="40.652466" lon="14.706148">
      <ele>0</ele>
      <time>2026-04-13T11:03:15.385Z</time>
    </trkpt>
    <trkpt lat="40.652399" lon="14.706124">
      <ele>0</ele>
      <time>2026-04-13T11:03:16.483Z</time>
    </trkpt>
    <trkpt lat="40.652355" lon="14.706100">
      <ele>0</ele>
      <time>2026-04-13T11:03:17.581Z</time>
    </trkpt>
    <trkpt lat="40.652322" lon="14.706074">
      <ele>0</ele>
      <time>2026-04-13T11:03:18.679Z</time>
    </trkpt>
    <trkpt lat="40.652260" lon="14.706033">
      <ele>0</ele>
      <time>2026-04-13T11:03:19.777Z</time>
    </trkpt>
    <trkpt lat="40.652200" lon="14.705990">
      <ele>0</ele>
      <time>2026-04-13T11:03:20.875Z</time>
    </trkpt>
    <trkpt lat="40.652172" lon="14.705982">
      <ele>0</ele>
      <time>2026-04-13T11:03:21.973Z</time>
    </trkpt>
    <trkpt lat="40.652132" lon="14.705981">
      <ele>0</ele>
      <time>2026-04-13T11:03:23.071Z</time>
    </trkpt>
    <trkpt lat="40.652085" lon="14.705984">
      <ele>0</ele>
      <time>2026-04-13T11:03:24.169Z</time>
    </trkpt>
    <trkpt lat="40.652001" lon="14.705998">
      <ele>0</ele>
      <time>2026-04-13T11:03:25.266Z</time>
    </trkpt>
    <trkpt lat="40.651944" lon="14.706004">
      <ele>0</ele>
      <time>2026-04-13T11:03:26.364Z</time>
    </trkpt>
    <trkpt lat="40.651884" lon="14.705991">
      <ele>0</ele>
      <time>2026-04-13T11:03:27.462Z</time>
    </trkpt>
    <trkpt lat="40.651823" lon="14.705964">
      <ele>0</ele>
      <time>2026-04-13T11:03:28.560Z</time>
    </trkpt>
    <trkpt lat="40.651785" lon="14.705941">
      <ele>0</ele>
      <time>2026-04-13T11:03:29.658Z</time>
    </trkpt>
    <trkpt lat="40.651749" lon="14.705915">
      <ele>0</ele>
      <time>2026-04-13T11:03:30.756Z</time>
    </trkpt>
    <trkpt lat="40.651695" lon="14.705857">
      <ele>0</ele>
      <time>2026-04-13T11:03:31.854Z</time>
    </trkpt>
    <trkpt lat="40.651641" lon="14.705773">
      <ele>0</ele>
      <time>2026-04-13T11:03:32.952Z</time>
    </trkpt>
    <trkpt lat="40.651586" lon="14.705680">
      <ele>0</ele>
      <time>2026-04-13T11:03:34.050Z</time>
    </trkpt>
    <trkpt lat="40.651558" lon="14.705612">
      <ele>0</ele>
      <time>2026-04-13T11:03:35.148Z</time>
    </trkpt>
    <trkpt lat="40.651544" lon="14.705549">
      <ele>0</ele>
      <time>2026-04-13T11:03:36.246Z</time>
    </trkpt>
    <trkpt lat="40.651541" lon="14.705507">
      <ele>0</ele>
      <time>2026-04-13T11:03:37.344Z</time>
    </trkpt>
    <trkpt lat="40.651544" lon="14.705448">
      <ele>0</ele>
      <time>2026-04-13T11:03:38.441Z</time>
    </trkpt>
    <trkpt lat="40.651550" lon="14.705386">
      <ele>0</ele>
      <time>2026-04-13T11:03:39.539Z</time>
    </trkpt>
    <trkpt lat="40.651557" lon="14.705311">
      <ele>0</ele>
      <time>2026-04-13T11:03:40.637Z</time>
    </trkpt>
    <trkpt lat="40.651554" lon="14.705252">
      <ele>0</ele>
      <time>2026-04-13T11:03:41.735Z</time>
    </trkpt>
    <trkpt lat="40.651537" lon="14.705197">
      <ele>0</ele>
      <time>2026-04-13T11:03:42.833Z</time>
    </trkpt>
    <trkpt lat="40.651526" lon="14.705173">
      <ele>0</ele>
      <time>2026-04-13T11:03:43.931Z</time>
    </trkpt>
    <trkpt lat="40.651503" lon="14.705154">
      <ele>0</ele>
      <time>2026-04-13T11:03:45.029Z</time>
    </trkpt>
    <trkpt lat="40.651474" lon="14.705142">
      <ele>0</ele>
      <time>2026-04-13T11:03:46.127Z</time>
    </trkpt>
    <trkpt lat="40.651433" lon="14.705130">
      <ele>0</ele>
      <time>2026-04-13T11:03:47.225Z</time>
    </trkpt>
    <trkpt lat="40.651368" lon="14.705122">
      <ele>0</ele>
      <time>2026-04-13T11:03:48.323Z</time>
    </trkpt>
    <trkpt lat="40.651308" lon="14.705111">
      <ele>0</ele>
      <time>2026-04-13T11:03:49.421Z</time>
    </trkpt>
    <trkpt lat="40.651229" lon="14.705081">
      <ele>0</ele>
      <time>2026-04-13T11:03:50.518Z</time>
    </trkpt>
    <trkpt lat="40.651171" lon="14.705049">
      <ele>0</ele>
      <time>2026-04-13T11:03:51.616Z</time>
    </trkpt>
    <trkpt lat="40.651000" lon="14.704953">
      <ele>0</ele>
      <time>2026-04-13T11:03:52.714Z</time>
    </trkpt>
    <trkpt lat="40.650866" lon="14.704873">
      <ele>0</ele>
      <time>2026-04-13T11:03:53.812Z</time>
    </trkpt>
    <trkpt lat="40.650767" lon="14.704810">
      <ele>0</ele>
      <time>2026-04-13T11:03:54.910Z</time>
    </trkpt>
    <trkpt lat="40.650736" lon="14.704787">
      <ele>0</ele>
      <time>2026-04-13T11:03:56.008Z</time>
    </trkpt>
    <trkpt lat="40.650718" lon="14.704770">
      <ele>0</ele>
      <time>2026-04-13T11:03:57.106Z</time>
    </trkpt>
    <trkpt lat="40.650691" lon="14.704737">
      <ele>0</ele>
      <time>2026-04-13T11:03:58.204Z</time>
    </trkpt>
    <trkpt lat="40.650666" lon="14.704692">
      <ele>0</ele>
      <time>2026-04-13T11:03:59.302Z</time>
    </trkpt>
    <trkpt lat="40.650655" lon="14.704661">
      <ele>0</ele>
      <time>2026-04-13T11:04:00.400Z</time>
    </trkpt>
    <trkpt lat="40.650647" lon="14.704634">
      <ele>0</ele>
      <time>2026-04-13T11:04:01.498Z</time>
    </trkpt>
    <trkpt lat="40.650642" lon="14.704600">
      <ele>0</ele>
      <time>2026-04-13T11:04:02.596Z</time>
    </trkpt>
    <trkpt lat="40.650645" lon="14.704565">
      <ele>0</ele>
      <time>2026-04-13T11:04:03.693Z</time>
    </trkpt>
    <trkpt lat="40.650659" lon="14.704522">
      <ele>0</ele>
      <time>2026-04-13T11:04:04.791Z</time>
    </trkpt>
    <trkpt lat="40.650680" lon="14.704481">
      <ele>0</ele>
      <time>2026-04-13T11:04:05.889Z</time>
    </trkpt>
    <trkpt lat="40.650705" lon="14.704432">
      <ele>0</ele>
      <time>2026-04-13T11:04:06.987Z</time>
    </trkpt>
    <trkpt lat="40.650734" lon="14.704373">
      <ele>0</ele>
      <time>2026-04-13T11:04:08.085Z</time>
    </trkpt>
    <trkpt lat="40.650745" lon="14.704329">
      <ele>0</ele>
      <time>2026-04-13T11:04:09.183Z</time>
    </trkpt>
    <trkpt lat="40.650753" lon="14.704283">
      <ele>0</ele>
      <time>2026-04-13T11:04:10.281Z</time>
    </trkpt>
    <trkpt lat="40.650757" lon="14.704247">
      <ele>0</ele>
      <time>2026-04-13T11:04:11.379Z</time>
    </trkpt>
    <trkpt lat="40.650755" lon="14.704206">
      <ele>0</ele>
      <time>2026-04-13T11:04:12.477Z</time>
    </trkpt>
    <trkpt lat="40.650745" lon="14.704169">
      <ele>0</ele>
      <time>2026-04-13T11:04:13.575Z</time>
    </trkpt>
    <trkpt lat="40.650733" lon="14.704143">
      <ele>0</ele>
      <time>2026-04-13T11:04:14.673Z</time>
    </trkpt>
    <trkpt lat="40.650717" lon="14.704124">
      <ele>0</ele>
      <time>2026-04-13T11:04:15.771Z</time>
    </trkpt>
    <trkpt lat="40.650693" lon="14.704112">
      <ele>0</ele>
      <time>2026-04-13T11:04:16.868Z</time>
    </trkpt>
    <trkpt lat="40.650657" lon="14.704108">
      <ele>0</ele>
      <time>2026-04-13T11:04:17.966Z</time>
    </trkpt>
    <trkpt lat="40.650609" lon="14.704107">
      <ele>0</ele>
      <time>2026-04-13T11:04:19.064Z</time>
    </trkpt>
    <trkpt lat="40.650573" lon="14.704110">
      <ele>0</ele>
      <time>2026-04-13T11:04:20.162Z</time>
    </trkpt>
    <trkpt lat="40.650536" lon="14.704116">
      <ele>0</ele>
      <time>2026-04-13T11:04:21.260Z</time>
    </trkpt>
    <trkpt lat="40.650471" lon="14.704139">
      <ele>0</ele>
      <time>2026-04-13T11:04:22.358Z</time>
    </trkpt>
    <trkpt lat="40.650350" lon="14.704183">
      <ele>0</ele>
      <time>2026-04-13T11:04:23.456Z</time>
    </trkpt>
    <trkpt lat="40.650236" lon="14.704218">
      <ele>0</ele>
      <time>2026-04-13T11:04:24.554Z</time>
    </trkpt>
    <trkpt lat="40.650164" lon="14.704246">
      <ele>0</ele>
      <time>2026-04-13T11:04:25.652Z</time>
    </trkpt>
    <trkpt lat="40.650087" lon="14.704291">
      <ele>0</ele>
      <time>2026-04-13T11:04:26.750Z</time>
    </trkpt>
    <trkpt lat="40.650035" lon="14.704322">
      <ele>0</ele>
      <time>2026-04-13T11:04:27.848Z</time>
    </trkpt>
    <trkpt lat="40.649971" lon="14.704353">
      <ele>0</ele>
      <time>2026-04-13T11:04:28.945Z</time>
    </trkpt>
    <trkpt lat="40.649910" lon="14.704383">
      <ele>0</ele>
      <time>2026-04-13T11:04:30.043Z</time>
    </trkpt>
    <trkpt lat="40.649873" lon="14.704397">
      <ele>0</ele>
      <time>2026-04-13T11:04:31.141Z</time>
    </trkpt>
    <trkpt lat="40.649829" lon="14.704404">
      <ele>0</ele>
      <time>2026-04-13T11:04:32.239Z</time>
    </trkpt>
    <trkpt lat="40.649787" lon="14.704407">
      <ele>0</ele>
      <time>2026-04-13T11:04:33.337Z</time>
    </trkpt>
    <trkpt lat="40.649768" lon="14.704404">
      <ele>0</ele>
      <time>2026-04-13T11:04:34.435Z</time>
    </trkpt>
    <trkpt lat="40.649740" lon="14.704396">
      <ele>0</ele>
      <time>2026-04-13T11:04:35.533Z</time>
    </trkpt>
    <trkpt lat="40.649713" lon="14.704381">
      <ele>0</ele>
      <time>2026-04-13T11:04:36.631Z</time>
    </trkpt>
    <trkpt lat="40.649687" lon="14.704365">
      <ele>0</ele>
      <time>2026-04-13T11:04:37.729Z</time>
    </trkpt>
    <trkpt lat="40.649638" lon="14.704335">
      <ele>0</ele>
      <time>2026-04-13T11:04:38.827Z</time>
    </trkpt>
    <trkpt lat="40.649586" lon="14.704305">
      <ele>0</ele>
      <time>2026-04-13T11:04:39.925Z</time>
    </trkpt>
    <trkpt lat="40.649540" lon="14.704290">
      <ele>0</ele>
      <time>2026-04-13T11:04:41.023Z</time>
    </trkpt>
    <trkpt lat="40.649496" lon="14.704285">
      <ele>0</ele>
      <time>2026-04-13T11:04:42.120Z</time>
    </trkpt>
    <trkpt lat="40.649444" lon="14.704282">
      <ele>0</ele>
      <time>2026-04-13T11:04:43.218Z</time>
    </trkpt>
    <trkpt lat="40.649335" lon="14.704265">
      <ele>0</ele>
      <time>2026-04-13T11:04:44.316Z</time>
    </trkpt>
    <trkpt lat="40.649257" lon="14.704237">
      <ele>0</ele>
      <time>2026-04-13T11:04:45.414Z</time>
    </trkpt>
    <trkpt lat="40.649180" lon="14.704196">
      <ele>0</ele>
      <time>2026-04-13T11:04:46.512Z</time>
    </trkpt>
    <trkpt lat="40.649069" lon="14.704122">
      <ele>0</ele>
      <time>2026-04-13T11:04:47.610Z</time>
    </trkpt>
    <trkpt lat="40.649041" lon="14.704097">
      <ele>0</ele>
      <time>2026-04-13T11:04:48.708Z</time>
    </trkpt>
    <trkpt lat="40.649016" lon="14.704066">
      <ele>0</ele>
      <time>2026-04-13T11:04:49.806Z</time>
    </trkpt>
    <trkpt lat="40.648981" lon="14.704016">
      <ele>0</ele>
      <time>2026-04-13T11:04:50.904Z</time>
    </trkpt>
    <trkpt lat="40.648938" lon="14.703944">
      <ele>0</ele>
      <time>2026-04-13T11:04:52.002Z</time>
    </trkpt>
    <trkpt lat="40.648909" lon="14.703880">
      <ele>0</ele>
      <time>2026-04-13T11:04:53.100Z</time>
    </trkpt>
    <trkpt lat="40.648891" lon="14.703833">
      <ele>0</ele>
      <time>2026-04-13T11:04:54.198Z</time>
    </trkpt>
    <trkpt lat="40.648874" lon="14.703773">
      <ele>0</ele>
      <time>2026-04-13T11:04:55.295Z</time>
    </trkpt>
    <trkpt lat="40.648838" lon="14.703634">
      <ele>0</ele>
      <time>2026-04-13T11:04:56.393Z</time>
    </trkpt>
    <trkpt lat="40.648796" lon="14.703492">
      <ele>0</ele>
      <time>2026-04-13T11:04:57.491Z</time>
    </trkpt>
    <trkpt lat="40.648771" lon="14.703432">
      <ele>0</ele>
      <time>2026-04-13T11:04:58.589Z</time>
    </trkpt>
    <trkpt lat="40.648748" lon="14.703395">
      <ele>0</ele>
      <time>2026-04-13T11:04:59.687Z</time>
    </trkpt>
    <trkpt lat="40.648738" lon="14.703381">
      <ele>0</ele>
      <time>2026-04-13T11:05:00.785Z</time>
    </trkpt>
    <trkpt lat="40.648724" lon="14.703367">
      <ele>0</ele>
      <time>2026-04-13T11:05:01.883Z</time>
    </trkpt>
    <trkpt lat="40.648707" lon="14.703357">
      <ele>0</ele>
      <time>2026-04-13T11:05:02.981Z</time>
    </trkpt>
    <trkpt lat="40.648687" lon="14.703350">
      <ele>0</ele>
      <time>2026-04-13T11:05:04.079Z</time>
    </trkpt>
    <trkpt lat="40.648625" lon="14.703346">
      <ele>0</ele>
      <time>2026-04-13T11:05:05.177Z</time>
    </trkpt>
    <trkpt lat="40.648552" lon="14.703342">
      <ele>0</ele>
      <time>2026-04-13T11:05:06.275Z</time>
    </trkpt>
    <trkpt lat="40.648484" lon="14.703350">
      <ele>0</ele>
      <time>2026-04-13T11:05:07.372Z</time>
    </trkpt>
    <trkpt lat="40.648338" lon="14.703371">
      <ele>0</ele>
      <time>2026-04-13T11:05:08.470Z</time>
    </trkpt>
    <trkpt lat="40.648281" lon="14.703385">
      <ele>0</ele>
      <time>2026-04-13T11:05:09.568Z</time>
    </trkpt>
    <trkpt lat="40.648201" lon="14.703413">
      <ele>0</ele>
      <time>2026-04-13T11:05:10.666Z</time>
    </trkpt>
    <trkpt lat="40.648135" lon="14.703441">
      <ele>0</ele>
      <time>2026-04-13T11:05:11.764Z</time>
    </trkpt>
    <trkpt lat="40.648091" lon="14.703464">
      <ele>0</ele>
      <time>2026-04-13T11:05:12.862Z</time>
    </trkpt>
    <trkpt lat="40.648031" lon="14.703505">
      <ele>0</ele>
      <time>2026-04-13T11:05:13.960Z</time>
    </trkpt>
    <trkpt lat="40.647926" lon="14.703592">
      <ele>0</ele>
      <time>2026-04-13T11:05:15.058Z</time>
    </trkpt>
    <trkpt lat="40.647843" lon="14.703667">
      <ele>0</ele>
      <time>2026-04-13T11:05:16.156Z</time>
    </trkpt>
    <trkpt lat="40.647790" lon="14.703718">
      <ele>0</ele>
      <time>2026-04-13T11:05:17.254Z</time>
    </trkpt>
    <trkpt lat="40.647730" lon="14.703755">
      <ele>0</ele>
      <time>2026-04-13T11:05:18.352Z</time>
    </trkpt>
    <trkpt lat="40.647676" lon="14.703780">
      <ele>0</ele>
      <time>2026-04-13T11:05:19.450Z</time>
    </trkpt>
    <trkpt lat="40.647611" lon="14.703792">
      <ele>0</ele>
      <time>2026-04-13T11:05:20.547Z</time>
    </trkpt>
    <trkpt lat="40.647574" lon="14.703792">
      <ele>0</ele>
      <time>2026-04-13T11:05:21.645Z</time>
    </trkpt>
    <trkpt lat="40.647537" lon="14.703789">
      <ele>0</ele>
      <time>2026-04-13T11:05:22.743Z</time>
    </trkpt>
    <trkpt lat="40.647499" lon="14.703778">
      <ele>0</ele>
      <time>2026-04-13T11:05:23.841Z</time>
    </trkpt>
    <trkpt lat="40.647462" lon="14.703762">
      <ele>0</ele>
      <time>2026-04-13T11:05:24.939Z</time>
    </trkpt>
    <trkpt lat="40.647377" lon="14.703719">
      <ele>0</ele>
      <time>2026-04-13T11:05:26.037Z</time>
    </trkpt>
    <trkpt lat="40.647322" lon="14.703683">
      <ele>0</ele>
      <time>2026-04-13T11:05:27.135Z</time>
    </trkpt>
    <trkpt lat="40.647287" lon="14.703654">
      <ele>0</ele>
      <time>2026-04-13T11:05:28.233Z</time>
    </trkpt>
    <trkpt lat="40.647256" lon="14.703624">
      <ele>0</ele>
      <time>2026-04-13T11:05:29.331Z</time>
    </trkpt>
    <trkpt lat="40.647220" lon="14.703581">
      <ele>0</ele>
      <time>2026-04-13T11:05:30.429Z</time>
    </trkpt>
    <trkpt lat="40.647197" lon="14.703545">
      <ele>0</ele>
      <time>2026-04-13T11:05:31.527Z</time>
    </trkpt>
    <trkpt lat="40.647170" lon="14.703496">
      <ele>0</ele>
      <time>2026-04-13T11:05:32.624Z</time>
    </trkpt>
    <trkpt lat="40.647111" lon="14.703358">
      <ele>0</ele>
      <time>2026-04-13T11:05:33.722Z</time>
    </trkpt>
    <trkpt lat="40.647099" lon="14.703286">
      <ele>0</ele>
      <time>2026-04-13T11:05:34.820Z</time>
    </trkpt>
    <trkpt lat="40.647094" lon="14.703230">
      <ele>0</ele>
      <time>2026-04-13T11:05:35.918Z</time>
    </trkpt>
    <trkpt lat="40.647091" lon="14.703174">
      <ele>0</ele>
      <time>2026-04-13T11:05:37.016Z</time>
    </trkpt>
    <trkpt lat="40.647086" lon="14.703091">
      <ele>0</ele>
      <time>2026-04-13T11:05:38.114Z</time>
    </trkpt>
    <trkpt lat="40.647076" lon="14.702972">
      <ele>0</ele>
      <time>2026-04-13T11:05:39.212Z</time>
    </trkpt>
    <trkpt lat="40.647086" lon="14.702913">
      <ele>0</ele>
      <time>2026-04-13T11:05:40.310Z</time>
    </trkpt>
    <trkpt lat="40.647104" lon="14.702847">
      <ele>0</ele>
      <time>2026-04-13T11:05:41.408Z</time>
    </trkpt>
    <trkpt lat="40.647143" lon="14.702749">
      <ele>0</ele>
      <time>2026-04-13T11:05:42.506Z</time>
    </trkpt>
    <trkpt lat="40.647172" lon="14.702685">
      <ele>0</ele>
      <time>2026-04-13T11:05:43.604Z</time>
    </trkpt>
    <trkpt lat="40.647202" lon="14.702626">
      <ele>0</ele>
      <time>2026-04-13T11:05:44.702Z</time>
    </trkpt>
    <trkpt lat="40.647237" lon="14.702556">
      <ele>0</ele>
      <time>2026-04-13T11:05:45.799Z</time>
    </trkpt>
    <trkpt lat="40.647271" lon="14.702492">
      <ele>0</ele>
      <time>2026-04-13T11:05:46.897Z</time>
    </trkpt>
    <trkpt lat="40.647305" lon="14.702422">
      <ele>0</ele>
      <time>2026-04-13T11:05:47.995Z</time>
    </trkpt>
    <trkpt lat="40.647319" lon="14.702337">
      <ele>0</ele>
      <time>2026-04-13T11:05:49.093Z</time>
    </trkpt>
    <trkpt lat="40.647322" lon="14.702222">
      <ele>0</ele>
      <time>2026-04-13T11:05:50.191Z</time>
    </trkpt>
    <trkpt lat="40.647321" lon="14.702106">
      <ele>0</ele>
      <time>2026-04-13T11:05:51.289Z</time>
    </trkpt>
    <trkpt lat="40.647331" lon="14.702002">
      <ele>0</ele>
      <time>2026-04-13T11:05:52.387Z</time>
    </trkpt>
    <trkpt lat="40.647351" lon="14.701907">
      <ele>0</ele>
      <time>2026-04-13T11:05:53.485Z</time>
    </trkpt>
    <trkpt lat="40.647377" lon="14.701827">
      <ele>0</ele>
      <time>2026-04-13T11:05:54.583Z</time>
    </trkpt>
    <trkpt lat="40.647419" lon="14.701725">
      <ele>0</ele>
      <time>2026-04-13T11:05:55.681Z</time>
    </trkpt>
    <trkpt lat="40.647452" lon="14.701647">
      <ele>0</ele>
      <time>2026-04-13T11:05:56.779Z</time>
    </trkpt>
    <trkpt lat="40.647497" lon="14.701551">
      <ele>0</ele>
      <time>2026-04-13T11:05:57.877Z</time>
    </trkpt>
    <trkpt lat="40.647546" lon="14.701411">
      <ele>0</ele>
      <time>2026-04-13T11:05:58.974Z</time>
    </trkpt>
    <trkpt lat="40.647577" lon="14.701295">
      <ele>0</ele>
      <time>2026-04-13T11:06:00.072Z</time>
    </trkpt>
    <trkpt lat="40.647604" lon="14.701174">
      <ele>0</ele>
      <time>2026-04-13T11:06:01.170Z</time>
    </trkpt>
    <trkpt lat="40.647651" lon="14.701061">
      <ele>0</ele>
      <time>2026-04-13T11:06:02.268Z</time>
    </trkpt>
    <trkpt lat="40.647706" lon="14.700951">
      <ele>0</ele>
      <time>2026-04-13T11:06:03.366Z</time>
    </trkpt>
    <trkpt lat="40.647743" lon="14.700867">
      <ele>0</ele>
      <time>2026-04-13T11:06:04.464Z</time>
    </trkpt>
    <trkpt lat="40.647757" lon="14.700826">
      <ele>0</ele>
      <time>2026-04-13T11:06:05.562Z</time>
    </trkpt>
    <trkpt lat="40.647761" lon="14.700795">
      <ele>0</ele>
      <time>2026-04-13T11:06:06.660Z</time>
    </trkpt>
    <trkpt lat="40.647761" lon="14.700768">
      <ele>0</ele>
      <time>2026-04-13T11:06:07.758Z</time>
    </trkpt>
    <trkpt lat="40.647742" lon="14.700727">
      <ele>0</ele>
      <time>2026-04-13T11:06:08.856Z</time>
    </trkpt>
    <trkpt lat="40.647726" lon="14.700695">
      <ele>0</ele>
      <time>2026-04-13T11:06:09.954Z</time>
    </trkpt>
    <trkpt lat="40.647710" lon="14.700671">
      <ele>0</ele>
      <time>2026-04-13T11:06:11.051Z</time>
    </trkpt>
    <trkpt lat="40.647681" lon="14.700629">
      <ele>0</ele>
      <time>2026-04-13T11:06:12.149Z</time>
    </trkpt>
    <trkpt lat="40.647605" lon="14.700519">
      <ele>0</ele>
      <time>2026-04-13T11:06:13.247Z</time>
    </trkpt>
    <trkpt lat="40.647517" lon="14.700405">
      <ele>0</ele>
      <time>2026-04-13T11:06:14.345Z</time>
    </trkpt>
    <trkpt lat="40.647488" lon="14.700376">
      <ele>0</ele>
      <time>2026-04-13T11:06:15.443Z</time>
    </trkpt>
    <trkpt lat="40.647456" lon="14.700349">
      <ele>0</ele>
      <time>2026-04-13T11:06:16.541Z</time>
    </trkpt>
    <trkpt lat="40.647424" lon="14.700333">
      <ele>0</ele>
      <time>2026-04-13T11:06:17.639Z</time>
    </trkpt>
    <trkpt lat="40.647387" lon="14.700324">
      <ele>0</ele>
      <time>2026-04-13T11:06:18.737Z</time>
    </trkpt>
    <trkpt lat="40.647340" lon="14.700323">
      <ele>0</ele>
      <time>2026-04-13T11:06:19.835Z</time>
    </trkpt>
    <trkpt lat="40.647290" lon="14.700328">
      <ele>0</ele>
      <time>2026-04-13T11:06:20.933Z</time>
    </trkpt>
    <trkpt lat="40.647248" lon="14.700340">
      <ele>0</ele>
      <time>2026-04-13T11:06:22.031Z</time>
    </trkpt>
    <trkpt lat="40.647191" lon="14.700368">
      <ele>0</ele>
      <time>2026-04-13T11:06:23.129Z</time>
    </trkpt>
    <trkpt lat="40.647123" lon="14.700403">
      <ele>0</ele>
      <time>2026-04-13T11:06:24.226Z</time>
    </trkpt>
    <trkpt lat="40.647072" lon="14.700425">
      <ele>0</ele>
      <time>2026-04-13T11:06:25.324Z</time>
    </trkpt>
    <trkpt lat="40.647014" lon="14.700452">
      <ele>0</ele>
      <time>2026-04-13T11:06:26.422Z</time>
    </trkpt>
    <trkpt lat="40.646928" lon="14.700494">
      <ele>0</ele>
      <time>2026-04-13T11:06:27.520Z</time>
    </trkpt>
    <trkpt lat="40.646789" lon="14.700572">
      <ele>0</ele>
      <time>2026-04-13T11:06:28.618Z</time>
    </trkpt>
    <trkpt lat="40.646711" lon="14.700626">
      <ele>0</ele>
      <time>2026-04-13T11:06:29.716Z</time>
    </trkpt>
    <trkpt lat="40.646622" lon="14.700689">
      <ele>0</ele>
      <time>2026-04-13T11:06:30.814Z</time>
    </trkpt>
    <trkpt lat="40.646520" lon="14.700768">
      <ele>0</ele>
      <time>2026-04-13T11:06:31.912Z</time>
    </trkpt>
    <trkpt lat="40.646455" lon="14.700833">
      <ele>0</ele>
      <time>2026-04-13T11:06:33.010Z</time>
    </trkpt>
    <trkpt lat="40.646398" lon="14.700902">
      <ele>0</ele>
      <time>2026-04-13T11:06:34.108Z</time>
    </trkpt>
    <trkpt lat="40.646331" lon="14.700999">
      <ele>0</ele>
      <time>2026-04-13T11:06:35.206Z</time>
    </trkpt>
    <trkpt lat="40.646267" lon="14.701109">
      <ele>0</ele>
      <time>2026-04-13T11:06:36.304Z</time>
    </trkpt>
    <trkpt lat="40.646229" lon="14.701177">
      <ele>0</ele>
      <time>2026-04-13T11:06:37.401Z</time>
    </trkpt>
    <trkpt lat="40.646167" lon="14.701304">
      <ele>0</ele>
      <time>2026-04-13T11:06:38.499Z</time>
    </trkpt>
    <trkpt lat="40.646135" lon="14.701354">
      <ele>0</ele>
      <time>2026-04-13T11:06:39.597Z</time>
    </trkpt>
    <trkpt lat="40.646105" lon="14.701393">
      <ele>0</ele>
      <time>2026-04-13T11:06:40.695Z</time>
    </trkpt>
    <trkpt lat="40.646073" lon="14.701421">
      <ele>0</ele>
      <time>2026-04-13T11:06:41.793Z</time>
    </trkpt>
    <trkpt lat="40.646029" lon="14.701442">
      <ele>0</ele>
      <time>2026-04-13T11:06:42.891Z</time>
    </trkpt>
    <trkpt lat="40.645977" lon="14.701456">
      <ele>0</ele>
      <time>2026-04-13T11:06:43.989Z</time>
    </trkpt>
    <trkpt lat="40.645948" lon="14.701454">
      <ele>0</ele>
      <time>2026-04-13T11:06:45.087Z</time>
    </trkpt>
    <trkpt lat="40.645906" lon="14.701437">
      <ele>0</ele>
      <time>2026-04-13T11:06:46.185Z</time>
    </trkpt>
    <trkpt lat="40.645867" lon="14.701410">
      <ele>0</ele>
      <time>2026-04-13T11:06:47.283Z</time>
    </trkpt>
    <trkpt lat="40.645834" lon="14.701369">
      <ele>0</ele>
      <time>2026-04-13T11:06:48.381Z</time>
    </trkpt>
    <trkpt lat="40.645795" lon="14.701303">
      <ele>0</ele>
      <time>2026-04-13T11:06:49.478Z</time>
    </trkpt>
    <trkpt lat="40.645762" lon="14.701239">
      <ele>0</ele>
      <time>2026-04-13T11:06:50.576Z</time>
    </trkpt>
    <trkpt lat="40.645727" lon="14.701185">
      <ele>0</ele>
      <time>2026-04-13T11:06:51.674Z</time>
    </trkpt>
    <trkpt lat="40.645686" lon="14.701146">
      <ele>0</ele>
      <time>2026-04-13T11:06:52.772Z</time>
    </trkpt>
    <trkpt lat="40.645650" lon="14.701121">
      <ele>0</ele>
      <time>2026-04-13T11:06:53.870Z</time>
    </trkpt>
    <trkpt lat="40.645613" lon="14.701098">
      <ele>0</ele>
      <time>2026-04-13T11:06:54.968Z</time>
    </trkpt>
    <trkpt lat="40.645564" lon="14.701077">
      <ele>0</ele>
      <time>2026-04-13T11:06:56.066Z</time>
    </trkpt>
    <trkpt lat="40.645499" lon="14.701050">
      <ele>0</ele>
      <time>2026-04-13T11:06:57.164Z</time>
    </trkpt>
    <trkpt lat="40.645455" lon="14.701024">
      <ele>0</ele>
      <time>2026-04-13T11:06:58.262Z</time>
    </trkpt>
    <trkpt lat="40.645424" lon="14.700998">
      <ele>0</ele>
      <time>2026-04-13T11:06:59.360Z</time>
    </trkpt>
    <trkpt lat="40.645394" lon="14.700965">
      <ele>0</ele>
      <time>2026-04-13T11:07:00.458Z</time>
    </trkpt>
    <trkpt lat="40.645369" lon="14.700916">
      <ele>0</ele>
      <time>2026-04-13T11:07:01.556Z</time>
    </trkpt>
    <trkpt lat="40.645343" lon="14.700845">
      <ele>0</ele>
      <time>2026-04-13T11:07:02.653Z</time>
    </trkpt>
    <trkpt lat="40.645267" lon="14.700605">
      <ele>0</ele>
      <time>2026-04-13T11:07:03.751Z</time>
    </trkpt>
    <trkpt lat="40.645191" lon="14.700362">
      <ele>0</ele>
      <time>2026-04-13T11:07:04.849Z</time>
    </trkpt>
    <trkpt lat="40.645152" lon="14.700231">
      <ele>0</ele>
      <time>2026-04-13T11:07:05.947Z</time>
    </trkpt>
    <trkpt lat="40.645117" lon="14.700124">
      <ele>0</ele>
      <time>2026-04-13T11:07:07.045Z</time>
    </trkpt>
    <trkpt lat="40.645077" lon="14.700008">
      <ele>0</ele>
      <time>2026-04-13T11:07:08.143Z</time>
    </trkpt>
    <trkpt lat="40.645034" lon="14.699899">
      <ele>0</ele>
      <time>2026-04-13T11:07:09.241Z</time>
    </trkpt>
    <trkpt lat="40.645008" lon="14.699832">
      <ele>0</ele>
      <time>2026-04-13T11:07:10.339Z</time>
    </trkpt>
    <trkpt lat="40.644979" lon="14.699769">
      <ele>0</ele>
      <time>2026-04-13T11:07:11.437Z</time>
    </trkpt>
    <trkpt lat="40.644907" lon="14.699615">
      <ele>0</ele>
      <time>2026-04-13T11:07:12.535Z</time>
    </trkpt>
    <trkpt lat="40.644803" lon="14.699415">
      <ele>0</ele>
      <time>2026-04-13T11:07:13.633Z</time>
    </trkpt>
    <trkpt lat="40.644709" lon="14.699239">
      <ele>0</ele>
      <time>2026-04-13T11:07:14.730Z</time>
    </trkpt>
    <trkpt lat="40.644638" lon="14.699093">
      <ele>0</ele>
      <time>2026-04-13T11:07:15.828Z</time>
    </trkpt>
    <trkpt lat="40.644554" lon="14.698932">
      <ele>0</ele>
      <time>2026-04-13T11:07:16.926Z</time>
    </trkpt>
    <trkpt lat="40.644483" lon="14.698800">
      <ele>0</ele>
      <time>2026-04-13T11:07:18.024Z</time>
    </trkpt>
    <trkpt lat="40.644401" lon="14.698661">
      <ele>0</ele>
      <time>2026-04-13T11:07:19.122Z</time>
    </trkpt>
    <trkpt lat="40.644291" lon="14.698480">
      <ele>0</ele>
      <time>2026-04-13T11:07:20.220Z</time>
    </trkpt>
    <trkpt lat="40.644201" lon="14.698338">
      <ele>0</ele>
      <time>2026-04-13T11:07:21.318Z</time>
    </trkpt>
    <trkpt lat="40.644142" lon="14.698246">
      <ele>0</ele>
      <time>2026-04-13T11:07:22.416Z</time>
    </trkpt>
    <trkpt lat="40.644083" lon="14.698149">
      <ele>0</ele>
      <time>2026-04-13T11:07:23.514Z</time>
    </trkpt>
    <trkpt lat="40.644020" lon="14.698035">
      <ele>0</ele>
      <time>2026-04-13T11:07:24.612Z</time>
    </trkpt>
    <trkpt lat="40.643963" lon="14.697942">
      <ele>0</ele>
      <time>2026-04-13T11:07:25.710Z</time>
    </trkpt>
    <trkpt lat="40.643918" lon="14.697880">
      <ele>0</ele>
      <time>2026-04-13T11:07:26.808Z</time>
    </trkpt>
    <trkpt lat="40.643874" lon="14.697828">
      <ele>0</ele>
      <time>2026-04-13T11:07:27.905Z</time>
    </trkpt>
    <trkpt lat="40.643845" lon="14.697797">
      <ele>0</ele>
      <time>2026-04-13T11:07:29.003Z</time>
    </trkpt>
    <trkpt lat="40.643803" lon="14.697760">
      <ele>0</ele>
      <time>2026-04-13T11:07:30.101Z</time>
    </trkpt>
    <trkpt lat="40.643765" lon="14.697734">
      <ele>0</ele>
      <time>2026-04-13T11:07:31.199Z</time>
    </trkpt>
    <trkpt lat="40.643745" lon="14.697729">
      <ele>0</ele>
      <time>2026-04-13T11:07:32.297Z</time>
    </trkpt>
    <trkpt lat="40.643720" lon="14.697727">
      <ele>0</ele>
      <time>2026-04-13T11:07:33.395Z</time>
    </trkpt>
    <trkpt lat="40.643683" lon="14.697735">
      <ele>0</ele>
      <time>2026-04-13T11:07:34.493Z</time>
    </trkpt>
    <trkpt lat="40.643628" lon="14.697754">
      <ele>0</ele>
      <time>2026-04-13T11:07:35.591Z</time>
    </trkpt>
    <trkpt lat="40.643584" lon="14.697775">
      <ele>0</ele>
      <time>2026-04-13T11:07:36.689Z</time>
    </trkpt>
    <trkpt lat="40.643524" lon="14.697804">
      <ele>0</ele>
      <time>2026-04-13T11:07:37.787Z</time>
    </trkpt>
    <trkpt lat="40.643460" lon="14.697839">
      <ele>0</ele>
      <time>2026-04-13T11:07:38.885Z</time>
    </trkpt>
    <trkpt lat="40.643409" lon="14.697871">
      <ele>0</ele>
      <time>2026-04-13T11:07:39.983Z</time>
    </trkpt>
    <trkpt lat="40.643325" lon="14.697932">
      <ele>0</ele>
      <time>2026-04-13T11:07:41.080Z</time>
    </trkpt>
    <trkpt lat="40.643266" lon="14.697986">
      <ele>0</ele>
      <time>2026-04-13T11:07:42.178Z</time>
    </trkpt>
    <trkpt lat="40.643197" lon="14.698057">
      <ele>0</ele>
      <time>2026-04-13T11:07:43.276Z</time>
    </trkpt>
    <trkpt lat="40.643135" lon="14.698106">
      <ele>0</ele>
      <time>2026-04-13T11:07:44.374Z</time>
    </trkpt>
    <trkpt lat="40.643078" lon="14.698145">
      <ele>0</ele>
      <time>2026-04-13T11:07:45.472Z</time>
    </trkpt>
    <trkpt lat="40.643020" lon="14.698174">
      <ele>0</ele>
      <time>2026-04-13T11:07:46.570Z</time>
    </trkpt>
    <trkpt lat="40.642965" lon="14.698197">
      <ele>0</ele>
      <time>2026-04-13T11:07:47.668Z</time>
    </trkpt>
    <trkpt lat="40.642898" lon="14.698213">
      <ele>0</ele>
      <time>2026-04-13T11:07:48.766Z</time>
    </trkpt>
    <trkpt lat="40.642806" lon="14.698231">
      <ele>0</ele>
      <time>2026-04-13T11:07:49.864Z</time>
    </trkpt>
    <trkpt lat="40.642743" lon="14.698222">
      <ele>0</ele>
      <time>2026-04-13T11:07:50.962Z</time>
    </trkpt>
    <trkpt lat="40.642689" lon="14.698210">
      <ele>0</ele>
      <time>2026-04-13T11:07:52.060Z</time>
    </trkpt>
    <trkpt lat="40.642611" lon="14.698178">
      <ele>0</ele>
      <time>2026-04-13T11:07:53.157Z</time>
    </trkpt>
    <trkpt lat="40.642369" lon="14.698071">
      <ele>0</ele>
      <time>2026-04-13T11:07:54.255Z</time>
    </trkpt>
    <trkpt lat="40.642201" lon="14.697997">
      <ele>0</ele>
      <time>2026-04-13T11:07:55.353Z</time>
    </trkpt>
    <trkpt lat="40.642126" lon="14.697953">
      <ele>0</ele>
      <time>2026-04-13T11:07:56.451Z</time>
    </trkpt>
    <trkpt lat="40.642089" lon="14.697936">
      <ele>0</ele>
      <time>2026-04-13T11:07:57.549Z</time>
    </trkpt>
    <trkpt lat="40.642061" lon="14.697906">
      <ele>0</ele>
      <time>2026-04-13T11:07:58.647Z</time>
    </trkpt>
    <trkpt lat="40.642042" lon="14.697878">
      <ele>0</ele>
      <time>2026-04-13T11:07:59.745Z</time>
    </trkpt>
    <trkpt lat="40.642033" lon="14.697841">
      <ele>0</ele>
      <time>2026-04-13T11:08:00.843Z</time>
    </trkpt>
    <trkpt lat="40.642034" lon="14.697806">
      <ele>0</ele>
      <time>2026-04-13T11:08:01.941Z</time>
    </trkpt>
    <trkpt lat="40.642035" lon="14.697741">
      <ele>0</ele>
      <time>2026-04-13T11:08:03.039Z</time>
    </trkpt>
    <trkpt lat="40.642044" lon="14.697673">
      <ele>0</ele>
      <time>2026-04-13T11:08:04.137Z</time>
    </trkpt>
    <trkpt lat="40.642077" lon="14.697555">
      <ele>0</ele>
      <time>2026-04-13T11:08:05.235Z</time>
    </trkpt>
    <trkpt lat="40.642116" lon="14.697429">
      <ele>0</ele>
      <time>2026-04-13T11:08:06.332Z</time>
    </trkpt>
    <trkpt lat="40.642133" lon="14.697371">
      <ele>0</ele>
      <time>2026-04-13T11:08:07.430Z</time>
    </trkpt>
    <trkpt lat="40.642136" lon="14.697340">
      <ele>0</ele>
      <time>2026-04-13T11:08:08.528Z</time>
    </trkpt>
    <trkpt lat="40.642134" lon="14.697314">
      <ele>0</ele>
      <time>2026-04-13T11:08:09.626Z</time>
    </trkpt>
    <trkpt lat="40.642123" lon="14.697280">
      <ele>0</ele>
      <time>2026-04-13T11:08:10.724Z</time>
    </trkpt>
    <trkpt lat="40.642092" lon="14.697242">
      <ele>0</ele>
      <time>2026-04-13T11:08:11.822Z</time>
    </trkpt>
    <trkpt lat="40.642053" lon="14.697211">
      <ele>0</ele>
      <time>2026-04-13T11:08:12.920Z</time>
    </trkpt>
    <trkpt lat="40.642017" lon="14.697205">
      <ele>0</ele>
      <time>2026-04-13T11:08:14.018Z</time>
    </trkpt>
    <trkpt lat="40.641956" lon="14.697198">
      <ele>0</ele>
      <time>2026-04-13T11:08:15.116Z</time>
    </trkpt>
    <trkpt lat="40.641867" lon="14.697196">
      <ele>0</ele>
      <time>2026-04-13T11:08:16.214Z</time>
    </trkpt>
    <trkpt lat="40.641786" lon="14.697203">
      <ele>0</ele>
      <time>2026-04-13T11:08:17.312Z</time>
    </trkpt>
    <trkpt lat="40.641711" lon="14.697210">
      <ele>0</ele>
      <time>2026-04-13T11:08:18.410Z</time>
    </trkpt>
    <trkpt lat="40.641663" lon="14.697207">
      <ele>0</ele>
      <time>2026-04-13T11:08:19.507Z</time>
    </trkpt>
    <trkpt lat="40.641578" lon="14.697197">
      <ele>0</ele>
      <time>2026-04-13T11:08:20.605Z</time>
    </trkpt>
    <trkpt lat="40.641503" lon="14.697182">
      <ele>0</ele>
      <time>2026-04-13T11:08:21.703Z</time>
    </trkpt>
    <trkpt lat="40.641426" lon="14.697174">
      <ele>0</ele>
      <time>2026-04-13T11:08:22.801Z</time>
    </trkpt>
    <trkpt lat="40.641340" lon="14.697175">
      <ele>0</ele>
      <time>2026-04-13T11:08:23.899Z</time>
    </trkpt>
    <trkpt lat="40.641272" lon="14.697189">
      <ele>0</ele>
      <time>2026-04-13T11:08:24.997Z</time>
    </trkpt>
    <trkpt lat="40.641175" lon="14.697224">
      <ele>0</ele>
      <time>2026-04-13T11:08:26.095Z</time>
    </trkpt>
    <trkpt lat="40.641110" lon="14.697255">
      <ele>0</ele>
      <time>2026-04-13T11:08:27.193Z</time>
    </trkpt>
    <trkpt lat="40.641059" lon="14.697283">
      <ele>0</ele>
      <time>2026-04-13T11:08:28.291Z</time>
    </trkpt>
    <trkpt lat="40.640927" lon="14.697365">
      <ele>0</ele>
      <time>2026-04-13T11:08:29.389Z</time>
    </trkpt>
    <trkpt lat="40.640783" lon="14.697449">
      <ele>0</ele>
      <time>2026-04-13T11:08:30.487Z</time>
    </trkpt>
    <trkpt lat="40.640708" lon="14.697489">
      <ele>0</ele>
      <time>2026-04-13T11:08:31.584Z</time>
    </trkpt>
    <trkpt lat="40.640626" lon="14.697533">
      <ele>0</ele>
      <time>2026-04-13T11:08:32.682Z</time>
    </trkpt>
    <trkpt lat="40.640559" lon="14.697576">
      <ele>0</ele>
      <time>2026-04-13T11:08:33.780Z</time>
    </trkpt>
    <trkpt lat="40.640499" lon="14.697606">
      <ele>0</ele>
      <time>2026-04-13T11:08:34.878Z</time>
    </trkpt>
    <trkpt lat="40.640439" lon="14.697624">
      <ele>0</ele>
      <time>2026-04-13T11:08:35.976Z</time>
    </trkpt>
    <trkpt lat="40.640388" lon="14.697627">
      <ele>0</ele>
      <time>2026-04-13T11:08:37.074Z</time>
    </trkpt>
    <trkpt lat="40.640349" lon="14.697606">
      <ele>0</ele>
      <time>2026-04-13T11:08:38.172Z</time>
    </trkpt>
    <trkpt lat="40.640314" lon="14.697563">
      <ele>0</ele>
      <time>2026-04-13T11:08:39.270Z</time>
    </trkpt>
    <trkpt lat="40.640293" lon="14.697499">
      <ele>0</ele>
      <time>2026-04-13T11:08:40.368Z</time>
    </trkpt>
    <trkpt lat="40.640287" lon="14.697440">
      <ele>0</ele>
      <time>2026-04-13T11:08:41.466Z</time>
    </trkpt>
    <trkpt lat="40.640296" lon="14.697375">
      <ele>0</ele>
      <time>2026-04-13T11:08:42.564Z</time>
    </trkpt>
    <trkpt lat="40.640313" lon="14.697323">
      <ele>0</ele>
      <time>2026-04-13T11:08:43.662Z</time>
    </trkpt>
    <trkpt lat="40.640346" lon="14.697249">
      <ele>0</ele>
      <time>2026-04-13T11:08:44.759Z</time>
    </trkpt>
    <trkpt lat="40.640413" lon="14.697120">
      <ele>0</ele>
      <time>2026-04-13T11:08:45.857Z</time>
    </trkpt>
    <trkpt lat="40.640467" lon="14.697016">
      <ele>0</ele>
      <time>2026-04-13T11:08:46.955Z</time>
    </trkpt>
    <trkpt lat="40.640501" lon="14.696942">
      <ele>0</ele>
      <time>2026-04-13T11:08:48.053Z</time>
    </trkpt>
    <trkpt lat="40.640543" lon="14.696834">
      <ele>0</ele>
      <time>2026-04-13T11:08:49.151Z</time>
    </trkpt>
    <trkpt lat="40.640581" lon="14.696731">
      <ele>0</ele>
      <time>2026-04-13T11:08:50.249Z</time>
    </trkpt>
    <trkpt lat="40.640608" lon="14.696665">
      <ele>0</ele>
      <time>2026-04-13T11:08:51.347Z</time>
    </trkpt>
    <trkpt lat="40.640635" lon="14.696626">
      <ele>0</ele>
      <time>2026-04-13T11:08:52.445Z</time>
    </trkpt>
    <trkpt lat="40.640664" lon="14.696598">
      <ele>0</ele>
      <time>2026-04-13T11:08:53.543Z</time>
    </trkpt>
    <trkpt lat="40.640696" lon="14.696571">
      <ele>0</ele>
      <time>2026-04-13T11:08:54.641Z</time>
    </trkpt>
    <trkpt lat="40.640753" lon="14.696542">
      <ele>0</ele>
      <time>2026-04-13T11:08:55.739Z</time>
    </trkpt>
    <trkpt lat="40.640804" lon="14.696519">
      <ele>0</ele>
      <time>2026-04-13T11:08:56.837Z</time>
    </trkpt>
    <trkpt lat="40.640839" lon="14.696498">
      <ele>0</ele>
      <time>2026-04-13T11:08:57.934Z</time>
    </trkpt>
    <trkpt lat="40.640913" lon="14.696446">
      <ele>0</ele>
      <time>2026-04-13T11:08:59.032Z</time>
    </trkpt>
    <trkpt lat="40.640990" lon="14.696360">
      <ele>0</ele>
      <time>2026-04-13T11:09:00.130Z</time>
    </trkpt>
    <trkpt lat="40.641036" lon="14.696298">
      <ele>0</ele>
      <time>2026-04-13T11:09:01.228Z</time>
    </trkpt>
    <trkpt lat="40.641099" lon="14.696189">
      <ele>0</ele>
      <time>2026-04-13T11:09:02.326Z</time>
    </trkpt>
    <trkpt lat="40.641133" lon="14.696116">
      <ele>0</ele>
      <time>2026-04-13T11:09:03.424Z</time>
    </trkpt>
    <trkpt lat="40.641151" lon="14.696065">
      <ele>0</ele>
      <time>2026-04-13T11:09:04.522Z</time>
    </trkpt>
    <trkpt lat="40.641155" lon="14.696016">
      <ele>0</ele>
      <time>2026-04-13T11:09:05.620Z</time>
    </trkpt>
    <trkpt lat="40.641150" lon="14.695972">
      <ele>0</ele>
      <time>2026-04-13T11:09:06.718Z</time>
    </trkpt>
    <trkpt lat="40.641138" lon="14.695930">
      <ele>0</ele>
      <time>2026-04-13T11:09:07.816Z</time>
    </trkpt>
    <trkpt lat="40.641113" lon="14.695885">
      <ele>0</ele>
      <time>2026-04-13T11:09:08.914Z</time>
    </trkpt>
    <trkpt lat="40.641077" lon="14.695847">
      <ele>0</ele>
      <time>2026-04-13T11:09:10.011Z</time>
    </trkpt>
    <trkpt lat="40.641039" lon="14.695821">
      <ele>0</ele>
      <time>2026-04-13T11:09:11.109Z</time>
    </trkpt>
    <trkpt lat="40.640957" lon="14.695798">
      <ele>0</ele>
      <time>2026-04-13T11:09:12.207Z</time>
    </trkpt>
    <trkpt lat="40.640920" lon="14.695781">
      <ele>0</ele>
      <time>2026-04-13T11:09:13.305Z</time>
    </trkpt>
    <trkpt lat="40.640895" lon="14.695766">
      <ele>0</ele>
      <time>2026-04-13T11:09:14.403Z</time>
    </trkpt>
    <trkpt lat="40.640872" lon="14.695741">
      <ele>0</ele>
      <time>2026-04-13T11:09:15.501Z</time>
    </trkpt>
    <trkpt lat="40.640850" lon="14.695706">
      <ele>0</ele>
      <time>2026-04-13T11:09:16.599Z</time>
    </trkpt>
    <trkpt lat="40.640781" lon="14.695571">
      <ele>0</ele>
      <time>2026-04-13T11:09:17.697Z</time>
    </trkpt>
    <trkpt lat="40.640736" lon="14.695488">
      <ele>0</ele>
      <time>2026-04-13T11:09:18.795Z</time>
    </trkpt>
    <trkpt lat="40.640698" lon="14.695438">
      <ele>0</ele>
      <time>2026-04-13T11:09:19.893Z</time>
    </trkpt>
    <trkpt lat="40.640653" lon="14.695397">
      <ele>0</ele>
      <time>2026-04-13T11:09:20.991Z</time>
    </trkpt>
    <trkpt lat="40.640602" lon="14.695362">
      <ele>0</ele>
      <time>2026-04-13T11:09:22.089Z</time>
    </trkpt>
    <trkpt lat="40.640533" lon="14.695323">
      <ele>0</ele>
      <time>2026-04-13T11:09:23.186Z</time>
    </trkpt>
    <trkpt lat="40.640432" lon="14.695289">
      <ele>0</ele>
      <time>2026-04-13T11:09:24.284Z</time>
    </trkpt>
    <trkpt lat="40.640324" lon="14.695302">
      <ele>0</ele>
      <time>2026-04-13T11:09:25.382Z</time>
    </trkpt>
    <trkpt lat="40.640170" lon="14.695337">
      <ele>0</ele>
      <time>2026-04-13T11:09:26.480Z</time>
    </trkpt>
    <trkpt lat="40.640063" lon="14.695372">
      <ele>0</ele>
      <time>2026-04-13T11:09:27.578Z</time>
    </trkpt>
    <trkpt lat="40.639938" lon="14.695416">
      <ele>0</ele>
      <time>2026-04-13T11:09:28.676Z</time>
    </trkpt>
    <trkpt lat="40.639837" lon="14.695469">
      <ele>0</ele>
      <time>2026-04-13T11:09:29.774Z</time>
    </trkpt>
    <trkpt lat="40.639768" lon="14.695533">
      <ele>0</ele>
      <time>2026-04-13T11:09:30.872Z</time>
    </trkpt>
    <trkpt lat="40.639665" lon="14.695663">
      <ele>0</ele>
      <time>2026-04-13T11:09:31.970Z</time>
    </trkpt>
    <trkpt lat="40.639583" lon="14.695752">
      <ele>0</ele>
      <time>2026-04-13T11:09:33.068Z</time>
    </trkpt>
    <trkpt lat="40.639529" lon="14.695799">
      <ele>0</ele>
      <time>2026-04-13T11:09:34.166Z</time>
    </trkpt>
    <trkpt lat="40.639386" lon="14.695914">
      <ele>0</ele>
      <time>2026-04-13T11:09:35.263Z</time>
    </trkpt>
    <trkpt lat="40.639312" lon="14.695966">
      <ele>0</ele>
      <time>2026-04-13T11:09:36.361Z</time>
    </trkpt>
    <trkpt lat="40.639243" lon="14.695985">
      <ele>0</ele>
      <time>2026-04-13T11:09:37.459Z</time>
    </trkpt>
    <trkpt lat="40.639190" lon="14.695979">
      <ele>0</ele>
      <time>2026-04-13T11:09:38.557Z</time>
    </trkpt>
    <trkpt lat="40.639137" lon="14.695936">
      <ele>0</ele>
      <time>2026-04-13T11:09:39.655Z</time>
    </trkpt>
    <trkpt lat="40.639112" lon="14.695894">
      <ele>0</ele>
      <time>2026-04-13T11:09:40.753Z</time>
    </trkpt>
    <trkpt lat="40.639077" lon="14.695825">
      <ele>0</ele>
      <time>2026-04-13T11:09:41.851Z</time>
    </trkpt>
    <trkpt lat="40.639037" lon="14.695724">
      <ele>0</ele>
      <time>2026-04-13T11:09:42.949Z</time>
    </trkpt>
    <trkpt lat="40.638998" lon="14.695617">
      <ele>0</ele>
      <time>2026-04-13T11:09:44.047Z</time>
    </trkpt>
    <trkpt lat="40.638965" lon="14.695529">
      <ele>0</ele>
      <time>2026-04-13T11:09:45.145Z</time>
    </trkpt>
    <trkpt lat="40.638943" lon="14.695480">
      <ele>0</ele>
      <time>2026-04-13T11:09:46.243Z</time>
    </trkpt>
    <trkpt lat="40.638908" lon="14.695421">
      <ele>0</ele>
      <time>2026-04-13T11:09:47.341Z</time>
    </trkpt>
    <trkpt lat="40.638869" lon="14.695359">
      <ele>0</ele>
      <time>2026-04-13T11:09:48.438Z</time>
    </trkpt>
    <trkpt lat="40.638828" lon="14.695310">
      <ele>0</ele>
      <time>2026-04-13T11:09:49.536Z</time>
    </trkpt>
    <trkpt lat="40.638771" lon="14.695246">
      <ele>0</ele>
      <time>2026-04-13T11:09:50.634Z</time>
    </trkpt>
    <trkpt lat="40.638730" lon="14.695209">
      <ele>0</ele>
      <time>2026-04-13T11:09:51.732Z</time>
    </trkpt>
    <trkpt lat="40.638672" lon="14.695157">
      <ele>0</ele>
      <time>2026-04-13T11:09:52.830Z</time>
    </trkpt>
    <trkpt lat="40.638637" lon="14.695129">
      <ele>0</ele>
      <time>2026-04-13T11:09:53.928Z</time>
    </trkpt>
    <trkpt lat="40.638612" lon="14.695101">
      <ele>0</ele>
      <time>2026-04-13T11:09:55.026Z</time>
    </trkpt>
    <trkpt lat="40.638597" lon="14.695068">
      <ele>0</ele>
      <time>2026-04-13T11:09:56.124Z</time>
    </trkpt>
    <trkpt lat="40.638581" lon="14.695015">
      <ele>0</ele>
      <time>2026-04-13T11:09:57.222Z</time>
    </trkpt>
    <trkpt lat="40.638580" lon="14.694960">
      <ele>0</ele>
      <time>2026-04-13T11:09:58.320Z</time>
    </trkpt>
    <trkpt lat="40.638587" lon="14.694907">
      <ele>0</ele>
      <time>2026-04-13T11:09:59.418Z</time>
    </trkpt>
    <trkpt lat="40.638600" lon="14.694854">
      <ele>0</ele>
      <time>2026-04-13T11:10:00.516Z</time>
    </trkpt>
    <trkpt lat="40.638615" lon="14.694812">
      <ele>0</ele>
      <time>2026-04-13T11:10:01.613Z</time>
    </trkpt>
    <trkpt lat="40.638632" lon="14.694772">
      <ele>0</ele>
      <time>2026-04-13T11:10:02.711Z</time>
    </trkpt>
    <trkpt lat="40.638650" lon="14.694733">
      <ele>0</ele>
      <time>2026-04-13T11:10:03.809Z</time>
    </trkpt>
    <trkpt lat="40.638679" lon="14.694683">
      <ele>0</ele>
      <time>2026-04-13T11:10:04.907Z</time>
    </trkpt>
    <trkpt lat="40.638704" lon="14.694640">
      <ele>0</ele>
      <time>2026-04-13T11:10:06.005Z</time>
    </trkpt>
    <trkpt lat="40.638732" lon="14.694602">
      <ele>0</ele>
      <time>2026-04-13T11:10:07.103Z</time>
    </trkpt>
    <trkpt lat="40.638783" lon="14.694533">
      <ele>0</ele>
      <time>2026-04-13T11:10:08.201Z</time>
    </trkpt>
    <trkpt lat="40.638932" lon="14.694364">
      <ele>0</ele>
      <time>2026-04-13T11:10:09.299Z</time>
    </trkpt>
    <trkpt lat="40.639121" lon="14.694162">
      <ele>0</ele>
      <time>2026-04-13T11:10:10.397Z</time>
    </trkpt>
    <trkpt lat="40.639224" lon="14.694030">
      <ele>0</ele>
      <time>2026-04-13T11:10:11.495Z</time>
    </trkpt>
    <trkpt lat="40.639297" lon="14.693931">
      <ele>0</ele>
      <time>2026-04-13T11:10:12.593Z</time>
    </trkpt>
    <trkpt lat="40.639363" lon="14.693814">
      <ele>0</ele>
      <time>2026-04-13T11:10:13.690Z</time>
    </trkpt>
    <trkpt lat="40.639437" lon="14.693652">
      <ele>0</ele>
      <time>2026-04-13T11:10:14.788Z</time>
    </trkpt>
    <trkpt lat="40.639553" lon="14.693391">
      <ele>0</ele>
      <time>2026-04-13T11:10:15.886Z</time>
    </trkpt>
    <trkpt lat="40.639571" lon="14.693346">
      <ele>0</ele>
      <time>2026-04-13T11:10:16.984Z</time>
    </trkpt>
    <trkpt lat="40.639582" lon="14.693297">
      <ele>0</ele>
      <time>2026-04-13T11:10:18.082Z</time>
    </trkpt>
    <trkpt lat="40.639585" lon="14.693231">
      <ele>0</ele>
      <time>2026-04-13T11:10:19.180Z</time>
    </trkpt>
    <trkpt lat="40.639577" lon="14.693166">
      <ele>0</ele>
      <time>2026-04-13T11:10:20.278Z</time>
    </trkpt>
    <trkpt lat="40.639585" lon="14.693102">
      <ele>0</ele>
      <time>2026-04-13T11:10:21.376Z</time>
    </trkpt>
    <trkpt lat="40.639600" lon="14.693061">
      <ele>0</ele>
      <time>2026-04-13T11:10:22.474Z</time>
    </trkpt>
    <trkpt lat="40.639622" lon="14.693014">
      <ele>0</ele>
      <time>2026-04-13T11:10:23.572Z</time>
    </trkpt>
    <trkpt lat="40.639726" lon="14.692848">
      <ele>0</ele>
      <time>2026-04-13T11:10:24.670Z</time>
    </trkpt>
    <trkpt lat="40.639739" lon="14.692818">
      <ele>0</ele>
      <time>2026-04-13T11:10:25.768Z</time>
    </trkpt>
    <trkpt lat="40.639744" lon="14.692795">
      <ele>0</ele>
      <time>2026-04-13T11:10:26.865Z</time>
    </trkpt>
    <trkpt lat="40.639750" lon="14.692741">
      <ele>0</ele>
      <time>2026-04-13T11:10:27.963Z</time>
    </trkpt>
    <trkpt lat="40.639750" lon="14.692686">
      <ele>0</ele>
      <time>2026-04-13T11:10:29.061Z</time>
    </trkpt>
    <trkpt lat="40.639746" lon="14.692631">
      <ele>0</ele>
      <time>2026-04-13T11:10:30.159Z</time>
    </trkpt>
    <trkpt lat="40.639731" lon="14.692558">
      <ele>0</ele>
      <time>2026-04-13T11:10:31.257Z</time>
    </trkpt>
    <trkpt lat="40.639689" lon="14.692375">
      <ele>0</ele>
      <time>2026-04-13T11:10:32.355Z</time>
    </trkpt>
    <trkpt lat="40.639675" lon="14.692304">
      <ele>0</ele>
      <time>2026-04-13T11:10:33.453Z</time>
    </trkpt>
    <trkpt lat="40.639669" lon="14.692252">
      <ele>0</ele>
      <time>2026-04-13T11:10:34.551Z</time>
    </trkpt>
    <trkpt lat="40.639671" lon="14.692197">
      <ele>0</ele>
      <time>2026-04-13T11:10:35.649Z</time>
    </trkpt>
    <trkpt lat="40.639681" lon="14.692128">
      <ele>0</ele>
      <time>2026-04-13T11:10:36.747Z</time>
    </trkpt>
    <trkpt lat="40.639692" lon="14.692074">
      <ele>0</ele>
      <time>2026-04-13T11:10:37.845Z</time>
    </trkpt>
    <trkpt lat="40.639721" lon="14.691967">
      <ele>0</ele>
      <time>2026-04-13T11:10:38.943Z</time>
    </trkpt>
    <trkpt lat="40.639762" lon="14.691810">
      <ele>0</ele>
      <time>2026-04-13T11:10:40.040Z</time>
    </trkpt>
    <trkpt lat="40.639786" lon="14.691708">
      <ele>0</ele>
      <time>2026-04-13T11:10:41.138Z</time>
    </trkpt>
    <trkpt lat="40.639810" lon="14.691622">
      <ele>0</ele>
      <time>2026-04-13T11:10:42.236Z</time>
    </trkpt>
    <trkpt lat="40.639845" lon="14.691539">
      <ele>0</ele>
      <time>2026-04-13T11:10:43.334Z</time>
    </trkpt>
    <trkpt lat="40.639901" lon="14.691429">
      <ele>0</ele>
      <time>2026-04-13T11:10:44.432Z</time>
    </trkpt>
    <trkpt lat="40.639957" lon="14.691325">
      <ele>0</ele>
      <time>2026-04-13T11:10:45.530Z</time>
    </trkpt>
    <trkpt lat="40.639985" lon="14.691264">
      <ele>0</ele>
      <time>2026-04-13T11:10:46.628Z</time>
    </trkpt>
    <trkpt lat="40.640007" lon="14.691201">
      <ele>0</ele>
      <time>2026-04-13T11:10:47.726Z</time>
    </trkpt>
    <trkpt lat="40.640053" lon="14.691037">
      <ele>0</ele>
      <time>2026-04-13T11:10:48.824Z</time>
    </trkpt>
    <trkpt lat="40.640071" lon="14.690964">
      <ele>0</ele>
      <time>2026-04-13T11:10:49.922Z</time>
    </trkpt>
    <trkpt lat="40.640089" lon="14.690909">
      <ele>0</ele>
      <time>2026-04-13T11:10:51.020Z</time>
    </trkpt>
    <trkpt lat="40.640115" lon="14.690860">
      <ele>0</ele>
      <time>2026-04-13T11:10:52.117Z</time>
    </trkpt>
    <trkpt lat="40.640145" lon="14.690814">
      <ele>0</ele>
      <time>2026-04-13T11:10:53.215Z</time>
    </trkpt>
    <trkpt lat="40.640173" lon="14.690786">
      <ele>0</ele>
      <time>2026-04-13T11:10:54.313Z</time>
    </trkpt>
    <trkpt lat="40.640207" lon="14.690769">
      <ele>0</ele>
      <time>2026-04-13T11:10:55.411Z</time>
    </trkpt>
    <trkpt lat="40.640255" lon="14.690760">
      <ele>0</ele>
      <time>2026-04-13T11:10:56.509Z</time>
    </trkpt>
    <trkpt lat="40.640342" lon="14.690743">
      <ele>0</ele>
      <time>2026-04-13T11:10:57.607Z</time>
    </trkpt>
    <trkpt lat="40.640387" lon="14.690740">
      <ele>0</ele>
      <time>2026-04-13T11:10:58.705Z</time>
    </trkpt>
    <trkpt lat="40.640412" lon="14.690730">
      <ele>0</ele>
      <time>2026-04-13T11:10:59.803Z</time>
    </trkpt>
    <trkpt lat="40.640442" lon="14.690708">
      <ele>0</ele>
      <time>2026-04-13T11:11:00.901Z</time>
    </trkpt>
    <trkpt lat="40.640462" lon="14.690671">
      <ele>0</ele>
      <time>2026-04-13T11:11:01.999Z</time>
    </trkpt>
    <trkpt lat="40.640482" lon="14.690615">
      <ele>0</ele>
      <time>2026-04-13T11:11:03.097Z</time>
    </trkpt>
    <trkpt lat="40.640498" lon="14.690516">
      <ele>0</ele>
      <time>2026-04-13T11:11:04.195Z</time>
    </trkpt>
    <trkpt lat="40.640516" lon="14.690371">
      <ele>0</ele>
      <time>2026-04-13T11:11:05.292Z</time>
    </trkpt>
    <trkpt lat="40.640531" lon="14.690279">
      <ele>0</ele>
      <time>2026-04-13T11:11:06.390Z</time>
    </trkpt>
    <trkpt lat="40.640543" lon="14.690226">
      <ele>0</ele>
      <time>2026-04-13T11:11:07.488Z</time>
    </trkpt>
    <trkpt lat="40.640572" lon="14.690146">
      <ele>0</ele>
      <time>2026-04-13T11:11:08.586Z</time>
    </trkpt>
    <trkpt lat="40.640673" lon="14.689913">
      <ele>0</ele>
      <time>2026-04-13T11:11:09.684Z</time>
    </trkpt>
    <trkpt lat="40.640725" lon="14.689780">
      <ele>0</ele>
      <time>2026-04-13T11:11:10.782Z</time>
    </trkpt>
    <trkpt lat="40.640743" lon="14.689742">
      <ele>0</ele>
      <time>2026-04-13T11:11:11.880Z</time>
    </trkpt>
    <trkpt lat="40.640760" lon="14.689707">
      <ele>0</ele>
      <time>2026-04-13T11:11:12.978Z</time>
    </trkpt>
    <trkpt lat="40.640780" lon="14.689684">
      <ele>0</ele>
      <time>2026-04-13T11:11:14.076Z</time>
    </trkpt>
    <trkpt lat="40.640834" lon="14.689625">
      <ele>0</ele>
      <time>2026-04-13T11:11:15.174Z</time>
    </trkpt>
    <trkpt lat="40.640858" lon="14.689591">
      <ele>0</ele>
      <time>2026-04-13T11:11:16.272Z</time>
    </trkpt>
    <trkpt lat="40.640884" lon="14.689551">
      <ele>0</ele>
      <time>2026-04-13T11:11:17.369Z</time>
    </trkpt>
    <trkpt lat="40.640942" lon="14.689468">
      <ele>0</ele>
      <time>2026-04-13T11:11:18.467Z</time>
    </trkpt>
    <trkpt lat="40.640963" lon="14.689433">
      <ele>0</ele>
      <time>2026-04-13T11:11:19.565Z</time>
    </trkpt>
    <trkpt lat="40.640998" lon="14.689402">
      <ele>0</ele>
      <time>2026-04-13T11:11:20.663Z</time>
    </trkpt>
    <trkpt lat="40.641050" lon="14.689377">
      <ele>0</ele>
      <time>2026-04-13T11:11:21.761Z</time>
    </trkpt>
    <trkpt lat="40.641096" lon="14.689356">
      <ele>0</ele>
      <time>2026-04-13T11:11:22.859Z</time>
    </trkpt>
    <trkpt lat="40.641132" lon="14.689335">
      <ele>0</ele>
      <time>2026-04-13T11:11:23.957Z</time>
    </trkpt>
    <trkpt lat="40.641164" lon="14.689320">
      <ele>0</ele>
      <time>2026-04-13T11:11:25.055Z</time>
    </trkpt>
    <trkpt lat="40.641186" lon="14.689303">
      <ele>0</ele>
      <time>2026-04-13T11:11:26.153Z</time>
    </trkpt>
    <trkpt lat="40.641205" lon="14.689285">
      <ele>0</ele>
      <time>2026-04-13T11:11:27.251Z</time>
    </trkpt>
    <trkpt lat="40.641224" lon="14.689257">
      <ele>0</ele>
      <time>2026-04-13T11:11:28.349Z</time>
    </trkpt>
    <trkpt lat="40.641238" lon="14.689215">
      <ele>0</ele>
      <time>2026-04-13T11:11:29.447Z</time>
    </trkpt>
    <trkpt lat="40.641250" lon="14.689157">
      <ele>0</ele>
      <time>2026-04-13T11:11:30.544Z</time>
    </trkpt>
    <trkpt lat="40.641254" lon="14.689061">
      <ele>0</ele>
      <time>2026-04-13T11:11:31.642Z</time>
    </trkpt>
    <trkpt lat="40.641243" lon="14.688729">
      <ele>0</ele>
      <time>2026-04-13T11:11:32.740Z</time>
    </trkpt>
    <trkpt lat="40.641241" lon="14.688656">
      <ele>0</ele>
      <time>2026-04-13T11:11:33.838Z</time>
    </trkpt>
    <trkpt lat="40.641232" lon="14.688592">
      <ele>0</ele>
      <time>2026-04-13T11:11:34.936Z</time>
    </trkpt>
    <trkpt lat="40.641213" lon="14.688514">
      <ele>0</ele>
      <time>2026-04-13T11:11:36.034Z</time>
    </trkpt>
    <trkpt lat="40.641188" lon="14.688450">
      <ele>0</ele>
      <time>2026-04-13T11:11:37.132Z</time>
    </trkpt>
    <trkpt lat="40.641165" lon="14.688392">
      <ele>0</ele>
      <time>2026-04-13T11:11:38.230Z</time>
    </trkpt>
    <trkpt lat="40.641134" lon="14.688330">
      <ele>0</ele>
      <time>2026-04-13T11:11:39.328Z</time>
    </trkpt>
    <trkpt lat="40.641104" lon="14.688279">
      <ele>0</ele>
      <time>2026-04-13T11:11:40.426Z</time>
    </trkpt>
    <trkpt lat="40.641077" lon="14.688241">
      <ele>0</ele>
      <time>2026-04-13T11:11:41.524Z</time>
    </trkpt>
    <trkpt lat="40.641045" lon="14.688205">
      <ele>0</ele>
      <time>2026-04-13T11:11:42.622Z</time>
    </trkpt>
    <trkpt lat="40.641013" lon="14.688182">
      <ele>0</ele>
      <time>2026-04-13T11:11:43.719Z</time>
    </trkpt>
    <trkpt lat="40.640979" lon="14.688163">
      <ele>0</ele>
      <time>2026-04-13T11:11:44.817Z</time>
    </trkpt>
    <trkpt lat="40.640870" lon="14.688129">
      <ele>0</ele>
      <time>2026-04-13T11:11:45.915Z</time>
    </trkpt>
    <trkpt lat="40.640762" lon="14.688098">
      <ele>0</ele>
      <time>2026-04-13T11:11:47.013Z</time>
    </trkpt>
    <trkpt lat="40.640664" lon="14.688074">
      <ele>0</ele>
      <time>2026-04-13T11:11:48.111Z</time>
    </trkpt>
    <trkpt lat="40.640596" lon="14.688060">
      <ele>0</ele>
      <time>2026-04-13T11:11:49.209Z</time>
    </trkpt>
    <trkpt lat="40.640564" lon="14.688052">
      <ele>0</ele>
      <time>2026-04-13T11:11:50.307Z</time>
    </trkpt>
    <trkpt lat="40.640526" lon="14.688067">
      <ele>0</ele>
      <time>2026-04-13T11:11:51.405Z</time>
    </trkpt>
    <trkpt lat="40.640510" lon="14.688095">
      <ele>0</ele>
      <time>2026-04-13T11:11:52.503Z</time>
    </trkpt>
    <trkpt lat="40.640500" lon="14.688119">
      <ele>0</ele>
      <time>2026-04-13T11:11:53.601Z</time>
    </trkpt>
    <trkpt lat="40.640492" lon="14.688182">
      <ele>0</ele>
      <time>2026-04-13T11:11:54.699Z</time>
    </trkpt>
    <trkpt lat="40.640479" lon="14.688302">
      <ele>0</ele>
      <time>2026-04-13T11:11:55.796Z</time>
    </trkpt>
    <trkpt lat="40.640459" lon="14.688506">
      <ele>0</ele>
      <time>2026-04-13T11:11:56.894Z</time>
    </trkpt>
    <trkpt lat="40.640434" lon="14.688644">
      <ele>0</ele>
      <time>2026-04-13T11:11:57.992Z</time>
    </trkpt>
    <trkpt lat="40.640421" lon="14.688690">
      <ele>0</ele>
      <time>2026-04-13T11:11:59.090Z</time>
    </trkpt>
    <trkpt lat="40.640408" lon="14.688719">
      <ele>0</ele>
      <time>2026-04-13T11:12:00.188Z</time>
    </trkpt>
    <trkpt lat="40.640391" lon="14.688745">
      <ele>0</ele>
      <time>2026-04-13T11:12:01.286Z</time>
    </trkpt>
    <trkpt lat="40.640371" lon="14.688769">
      <ele>0</ele>
      <time>2026-04-13T11:12:02.384Z</time>
    </trkpt>
    <trkpt lat="40.640350" lon="14.688785">
      <ele>0</ele>
      <time>2026-04-13T11:12:03.482Z</time>
    </trkpt>
    <trkpt lat="40.640320" lon="14.688800">
      <ele>0</ele>
      <time>2026-04-13T11:12:04.580Z</time>
    </trkpt>
    <trkpt lat="40.640294" lon="14.688806">
      <ele>0</ele>
      <time>2026-04-13T11:12:05.678Z</time>
    </trkpt>
    <trkpt lat="40.640245" lon="14.688812">
      <ele>0</ele>
      <time>2026-04-13T11:12:06.776Z</time>
    </trkpt>
    <trkpt lat="40.640196" lon="14.688818">
      <ele>0</ele>
      <time>2026-04-13T11:12:07.874Z</time>
    </trkpt>
    <trkpt lat="40.640154" lon="14.688829">
      <ele>0</ele>
      <time>2026-04-13T11:12:08.971Z</time>
    </trkpt>
    <trkpt lat="40.640119" lon="14.688841">
      <ele>0</ele>
      <time>2026-04-13T11:12:10.069Z</time>
    </trkpt>
    <trkpt lat="40.640050" lon="14.688875">
      <ele>0</ele>
      <time>2026-04-13T11:12:11.167Z</time>
    </trkpt>
    <trkpt lat="40.639815" lon="14.689008">
      <ele>0</ele>
      <time>2026-04-13T11:12:12.265Z</time>
    </trkpt>
    <trkpt lat="40.639630" lon="14.689131">
      <ele>0</ele>
      <time>2026-04-13T11:12:13.363Z</time>
    </trkpt>
    <trkpt lat="40.639530" lon="14.689206">
      <ele>0</ele>
      <time>2026-04-13T11:12:14.461Z</time>
    </trkpt>
    <trkpt lat="40.639437" lon="14.689293">
      <ele>0</ele>
      <time>2026-04-13T11:12:15.559Z</time>
    </trkpt>
    <trkpt lat="40.639398" lon="14.689322">
      <ele>0</ele>
      <time>2026-04-13T11:12:16.657Z</time>
    </trkpt>
    <trkpt lat="40.639341" lon="14.689349">
      <ele>0</ele>
      <time>2026-04-13T11:12:17.755Z</time>
    </trkpt>
    <trkpt lat="40.639299" lon="14.689361">
      <ele>0</ele>
      <time>2026-04-13T11:12:18.853Z</time>
    </trkpt>
    <trkpt lat="40.639254" lon="14.689374">
      <ele>0</ele>
      <time>2026-04-13T11:12:19.951Z</time>
    </trkpt>
    <trkpt lat="40.639202" lon="14.689389">
      <ele>0</ele>
      <time>2026-04-13T11:12:21.049Z</time>
    </trkpt>
    <trkpt lat="40.639144" lon="14.689398">
      <ele>0</ele>
      <time>2026-04-13T11:12:22.146Z</time>
    </trkpt>
    <trkpt lat="40.639085" lon="14.689401">
      <ele>0</ele>
      <time>2026-04-13T11:12:23.244Z</time>
    </trkpt>
    <trkpt lat="40.639009" lon="14.689408">
      <ele>0</ele>
      <time>2026-04-13T11:12:24.342Z</time>
    </trkpt>
    <trkpt lat="40.638950" lon="14.689421">
      <ele>0</ele>
      <time>2026-04-13T11:12:25.440Z</time>
    </trkpt>
    <trkpt lat="40.638919" lon="14.689436">
      <ele>0</ele>
      <time>2026-04-13T11:12:26.538Z</time>
    </trkpt>
    <trkpt lat="40.638878" lon="14.689462">
      <ele>0</ele>
      <time>2026-04-13T11:12:27.636Z</time>
    </trkpt>
    <trkpt lat="40.638851" lon="14.689490">
      <ele>0</ele>
      <time>2026-04-13T11:12:28.734Z</time>
    </trkpt>
    <trkpt lat="40.638760" lon="14.689588">
      <ele>0</ele>
      <time>2026-04-13T11:12:29.832Z</time>
    </trkpt>
    <trkpt lat="40.638736" lon="14.689613">
      <ele>0</ele>
      <time>2026-04-13T11:12:30.930Z</time>
    </trkpt>
    <trkpt lat="40.638648" lon="14.689711">
      <ele>0</ele>
      <time>2026-04-13T11:12:32.028Z</time>
    </trkpt>
    <trkpt lat="40.638468" lon="14.689920">
      <ele>0</ele>
      <time>2026-04-13T11:12:33.126Z</time>
    </trkpt>
    <trkpt lat="40.638426" lon="14.689975">
      <ele>0</ele>
      <time>2026-04-13T11:12:34.223Z</time>
    </trkpt>
    <trkpt lat="40.638391" lon="14.690026">
      <ele>0</ele>
      <time>2026-04-13T11:12:35.321Z</time>
    </trkpt>
    <trkpt lat="40.638345" lon="14.690087">
      <ele>0</ele>
      <time>2026-04-13T11:12:36.419Z</time>
    </trkpt>
    <trkpt lat="40.638302" lon="14.690111">
      <ele>0</ele>
      <time>2026-04-13T11:12:37.517Z</time>
    </trkpt>
    <trkpt lat="40.638260" lon="14.690112">
      <ele>0</ele>
      <time>2026-04-13T11:12:38.615Z</time>
    </trkpt>
    <trkpt lat="40.638209" lon="14.690105">
      <ele>0</ele>
      <time>2026-04-13T11:12:39.713Z</time>
    </trkpt>
    <trkpt lat="40.638151" lon="14.690097">
      <ele>0</ele>
      <time>2026-04-13T11:12:40.811Z</time>
    </trkpt>
    <trkpt lat="40.638058" lon="14.690078">
      <ele>0</ele>
      <time>2026-04-13T11:12:41.909Z</time>
    </trkpt>
    <trkpt lat="40.637975" lon="14.690049">
      <ele>0</ele>
      <time>2026-04-13T11:12:43.007Z</time>
    </trkpt>
    <trkpt lat="40.637845" lon="14.690010">
      <ele>0</ele>
      <time>2026-04-13T11:12:44.105Z</time>
    </trkpt>
    <trkpt lat="40.637774" lon="14.689986">
      <ele>0</ele>
      <time>2026-04-13T11:12:45.203Z</time>
    </trkpt>
    <trkpt lat="40.637700" lon="14.689971">
      <ele>0</ele>
      <time>2026-04-13T11:12:46.301Z</time>
    </trkpt>
    <trkpt lat="40.637633" lon="14.689961">
      <ele>0</ele>
      <time>2026-04-13T11:12:47.398Z</time>
    </trkpt>
    <trkpt lat="40.637583" lon="14.689960">
      <ele>0</ele>
      <time>2026-04-13T11:12:48.496Z</time>
    </trkpt>
    <trkpt lat="40.637531" lon="14.689964">
      <ele>0</ele>
      <time>2026-04-13T11:12:49.594Z</time>
    </trkpt>
    <trkpt lat="40.637485" lon="14.689985">
      <ele>0</ele>
      <time>2026-04-13T11:12:50.692Z</time>
    </trkpt>
    <trkpt lat="40.637441" lon="14.690027">
      <ele>0</ele>
      <time>2026-04-13T11:12:51.790Z</time>
    </trkpt>
    <trkpt lat="40.637401" lon="14.690069">
      <ele>0</ele>
      <time>2026-04-13T11:12:52.888Z</time>
    </trkpt>
    <trkpt lat="40.637321" lon="14.690151">
      <ele>0</ele>
      <time>2026-04-13T11:12:53.986Z</time>
    </trkpt>
    <trkpt lat="40.637278" lon="14.690202">
      <ele>0</ele>
      <time>2026-04-13T11:12:55.084Z</time>
    </trkpt>
    <trkpt lat="40.637229" lon="14.690286">
      <ele>0</ele>
      <time>2026-04-13T11:12:56.182Z</time>
    </trkpt>
    <trkpt lat="40.637201" lon="14.690348">
      <ele>0</ele>
      <time>2026-04-13T11:12:57.280Z</time>
    </trkpt>
    <trkpt lat="40.637183" lon="14.690389">
      <ele>0</ele>
      <time>2026-04-13T11:12:58.378Z</time>
    </trkpt>
    <trkpt lat="40.637167" lon="14.690435">
      <ele>0</ele>
      <time>2026-04-13T11:12:59.475Z</time>
    </trkpt>
    <trkpt lat="40.637103" lon="14.690613">
      <ele>0</ele>
      <time>2026-04-13T11:13:00.573Z</time>
    </trkpt>
    <trkpt lat="40.637074" lon="14.690687">
      <ele>0</ele>
      <time>2026-04-13T11:13:01.671Z</time>
    </trkpt>
    <trkpt lat="40.637020" lon="14.690795">
      <ele>0</ele>
      <time>2026-04-13T11:13:02.769Z</time>
    </trkpt>
    <trkpt lat="40.636961" lon="14.690907">
      <ele>0</ele>
      <time>2026-04-13T11:13:03.867Z</time>
    </trkpt>
    <trkpt lat="40.636928" lon="14.690971">
      <ele>0</ele>
      <time>2026-04-13T11:13:04.965Z</time>
    </trkpt>
    <trkpt lat="40.636910" lon="14.691026">
      <ele>0</ele>
      <time>2026-04-13T11:13:06.063Z</time>
    </trkpt>
    <trkpt lat="40.636898" lon="14.691087">
      <ele>0</ele>
      <time>2026-04-13T11:13:07.161Z</time>
    </trkpt>
    <trkpt lat="40.636892" lon="14.691155">
      <ele>0</ele>
      <time>2026-04-13T11:13:08.259Z</time>
    </trkpt>
    <trkpt lat="40.636887" lon="14.691239">
      <ele>0</ele>
      <time>2026-04-13T11:13:09.357Z</time>
    </trkpt>
    <trkpt lat="40.636881" lon="14.691323">
      <ele>0</ele>
      <time>2026-04-13T11:13:10.455Z</time>
    </trkpt>
    <trkpt lat="40.636871" lon="14.691404">
      <ele>0</ele>
      <time>2026-04-13T11:13:11.553Z</time>
    </trkpt>
    <trkpt lat="40.636849" lon="14.691469">
      <ele>0</ele>
      <time>2026-04-13T11:13:12.650Z</time>
    </trkpt>
    <trkpt lat="40.636824" lon="14.691521">
      <ele>0</ele>
      <time>2026-04-13T11:13:13.748Z</time>
    </trkpt>
    <trkpt lat="40.636795" lon="14.691559">
      <ele>0</ele>
      <time>2026-04-13T11:13:14.846Z</time>
    </trkpt>
    <trkpt lat="40.636762" lon="14.691596">
      <ele>0</ele>
      <time>2026-04-13T11:13:15.944Z</time>
    </trkpt>
    <trkpt lat="40.636717" lon="14.691634">
      <ele>0</ele>
      <time>2026-04-13T11:13:17.042Z</time>
    </trkpt>
    <trkpt lat="40.636681" lon="14.691657">
      <ele>0</ele>
      <time>2026-04-13T11:13:18.140Z</time>
    </trkpt>
    <trkpt lat="40.636644" lon="14.691674">
      <ele>0</ele>
      <time>2026-04-13T11:13:19.238Z</time>
    </trkpt>
    <trkpt lat="40.636590" lon="14.691691">
      <ele>0</ele>
      <time>2026-04-13T11:13:20.336Z</time>
    </trkpt>
    <trkpt lat="40.636541" lon="14.691692">
      <ele>0</ele>
      <time>2026-04-13T11:13:21.434Z</time>
    </trkpt>
    <trkpt lat="40.636494" lon="14.691686">
      <ele>0</ele>
      <time>2026-04-13T11:13:22.532Z</time>
    </trkpt>
    <trkpt lat="40.636453" lon="14.691680">
      <ele>0</ele>
      <time>2026-04-13T11:13:23.630Z</time>
    </trkpt>
    <trkpt lat="40.636408" lon="14.691663">
      <ele>0</ele>
      <time>2026-04-13T11:13:24.728Z</time>
    </trkpt>
    <trkpt lat="40.636370" lon="14.691647">
      <ele>0</ele>
      <time>2026-04-13T11:13:25.825Z</time>
    </trkpt>
    <trkpt lat="40.636310" lon="14.691622">
      <ele>0</ele>
      <time>2026-04-13T11:13:26.923Z</time>
    </trkpt>
    <trkpt lat="40.636237" lon="14.691592">
      <ele>0</ele>
      <time>2026-04-13T11:13:28.021Z</time>
    </trkpt>
    <trkpt lat="40.636131" lon="14.691539">
      <ele>0</ele>
      <time>2026-04-13T11:13:29.119Z</time>
    </trkpt>
    <trkpt lat="40.636037" lon="14.691489">
      <ele>0</ele>
      <time>2026-04-13T11:13:30.217Z</time>
    </trkpt>
    <trkpt lat="40.635943" lon="14.691451">
      <ele>0</ele>
      <time>2026-04-13T11:13:31.315Z</time>
    </trkpt>
    <trkpt lat="40.635871" lon="14.691424">
      <ele>0</ele>
      <time>2026-04-13T11:13:32.413Z</time>
    </trkpt>
    <trkpt lat="40.635792" lon="14.691401">
      <ele>0</ele>
      <time>2026-04-13T11:13:33.511Z</time>
    </trkpt>
    <trkpt lat="40.635698" lon="14.691386">
      <ele>0</ele>
      <time>2026-04-13T11:13:34.609Z</time>
    </trkpt>
    <trkpt lat="40.635640" lon="14.691376">
      <ele>0</ele>
      <time>2026-04-13T11:13:35.707Z</time>
    </trkpt>
    <trkpt lat="40.635593" lon="14.691362">
      <ele>0</ele>
      <time>2026-04-13T11:13:36.805Z</time>
    </trkpt>
    <trkpt lat="40.635551" lon="14.691348">
      <ele>0</ele>
      <time>2026-04-13T11:13:37.902Z</time>
    </trkpt>
    <trkpt lat="40.635515" lon="14.691314">
      <ele>0</ele>
      <time>2026-04-13T11:13:39.000Z</time>
    </trkpt>
    <trkpt lat="40.635480" lon="14.691278">
      <ele>0</ele>
      <time>2026-04-13T11:13:40.098Z</time>
    </trkpt>
    <trkpt lat="40.635448" lon="14.691216">
      <ele>0</ele>
      <time>2026-04-13T11:13:41.196Z</time>
    </trkpt>
    <trkpt lat="40.635421" lon="14.691150">
      <ele>0</ele>
      <time>2026-04-13T11:13:42.294Z</time>
    </trkpt>
    <trkpt lat="40.635400" lon="14.691085">
      <ele>0</ele>
      <time>2026-04-13T11:13:43.392Z</time>
    </trkpt>
    <trkpt lat="40.635358" lon="14.690937">
      <ele>0</ele>
      <time>2026-04-13T11:13:44.490Z</time>
    </trkpt>
    <trkpt lat="40.635316" lon="14.690792">
      <ele>0</ele>
      <time>2026-04-13T11:13:45.588Z</time>
    </trkpt>
    <trkpt lat="40.635272" lon="14.690655">
      <ele>0</ele>
      <time>2026-04-13T11:13:46.686Z</time>
    </trkpt>
    <trkpt lat="40.635232" lon="14.690544">
      <ele>0</ele>
      <time>2026-04-13T11:13:47.784Z</time>
    </trkpt>
    <trkpt lat="40.635176" lon="14.690417">
      <ele>0</ele>
      <time>2026-04-13T11:13:48.882Z</time>
    </trkpt>
    <trkpt lat="40.635118" lon="14.690296">
      <ele>0</ele>
      <time>2026-04-13T11:13:49.980Z</time>
    </trkpt>
    <trkpt lat="40.635067" lon="14.690193">
      <ele>0</ele>
      <time>2026-04-13T11:13:51.077Z</time>
    </trkpt>
    <trkpt lat="40.635032" lon="14.690119">
      <ele>0</ele>
      <time>2026-04-13T11:13:52.175Z</time>
    </trkpt>
    <trkpt lat="40.635012" lon="14.690053">
      <ele>0</ele>
      <time>2026-04-13T11:13:53.273Z</time>
    </trkpt>
    <trkpt lat="40.635000" lon="14.689979">
      <ele>0</ele>
      <time>2026-04-13T11:13:54.371Z</time>
    </trkpt>
    <trkpt lat="40.634994" lon="14.689900">
      <ele>0</ele>
      <time>2026-04-13T11:13:55.469Z</time>
    </trkpt>
    <trkpt lat="40.634983" lon="14.689728">
      <ele>0</ele>
      <time>2026-04-13T11:13:56.567Z</time>
    </trkpt>
    <trkpt lat="40.634975" lon="14.689621">
      <ele>0</ele>
      <time>2026-04-13T11:13:57.665Z</time>
    </trkpt>
    <trkpt lat="40.634964" lon="14.689528">
      <ele>0</ele>
      <time>2026-04-13T11:13:58.763Z</time>
    </trkpt>
    <trkpt lat="40.634949" lon="14.689449">
      <ele>0</ele>
      <time>2026-04-13T11:13:59.861Z</time>
    </trkpt>
    <trkpt lat="40.634925" lon="14.689356">
      <ele>0</ele>
      <time>2026-04-13T11:14:00.959Z</time>
    </trkpt>
    <trkpt lat="40.634899" lon="14.689278">
      <ele>0</ele>
      <time>2026-04-13T11:14:02.057Z</time>
    </trkpt>
    <trkpt lat="40.634860" lon="14.689189">
      <ele>0</ele>
      <time>2026-04-13T11:14:03.155Z</time>
    </trkpt>
    <trkpt lat="40.634813" lon="14.689109">
      <ele>0</ele>
      <time>2026-04-13T11:14:04.252Z</time>
    </trkpt>
    <trkpt lat="40.634747" lon="14.689013">
      <ele>0</ele>
      <time>2026-04-13T11:14:05.350Z</time>
    </trkpt>
    <trkpt lat="40.634667" lon="14.688906">
      <ele>0</ele>
      <time>2026-04-13T11:14:06.448Z</time>
    </trkpt>
    <trkpt lat="40.634602" lon="14.688837">
      <ele>0</ele>
      <time>2026-04-13T11:14:07.546Z</time>
    </trkpt>
    <trkpt lat="40.634551" lon="14.688786">
      <ele>0</ele>
      <time>2026-04-13T11:14:08.644Z</time>
    </trkpt>
    <trkpt lat="40.634504" lon="14.688739">
      <ele>0</ele>
      <time>2026-04-13T11:14:09.742Z</time>
    </trkpt>
    <trkpt lat="40.634461" lon="14.688684">
      <ele>0</ele>
      <time>2026-04-13T11:14:10.840Z</time>
    </trkpt>
    <trkpt lat="40.634422" lon="14.688617">
      <ele>0</ele>
      <time>2026-04-13T11:14:11.938Z</time>
    </trkpt>
    <trkpt lat="40.634398" lon="14.688558">
      <ele>0</ele>
      <time>2026-04-13T11:14:13.036Z</time>
    </trkpt>
    <trkpt lat="40.634372" lon="14.688474">
      <ele>0</ele>
      <time>2026-04-13T11:14:14.134Z</time>
    </trkpt>
    <trkpt lat="40.634344" lon="14.688386">
      <ele>0</ele>
      <time>2026-04-13T11:14:15.232Z</time>
    </trkpt>
    <trkpt lat="40.634307" lon="14.688300">
      <ele>0</ele>
      <time>2026-04-13T11:14:16.329Z</time>
    </trkpt>
    <trkpt lat="40.634266" lon="14.688232">
      <ele>0</ele>
      <time>2026-04-13T11:14:17.427Z</time>
    </trkpt>
    <trkpt lat="40.634206" lon="14.688146">
      <ele>0</ele>
      <time>2026-04-13T11:14:18.525Z</time>
    </trkpt>
    <trkpt lat="40.634158" lon="14.688088">
      <ele>0</ele>
      <time>2026-04-13T11:14:19.623Z</time>
    </trkpt>
    <trkpt lat="40.634129" lon="14.688041">
      <ele>0</ele>
      <time>2026-04-13T11:14:20.721Z</time>
    </trkpt>
    <trkpt lat="40.634107" lon="14.687991">
      <ele>0</ele>
      <time>2026-04-13T11:14:21.819Z</time>
    </trkpt>
    <trkpt lat="40.634096" lon="14.687943">
      <ele>0</ele>
      <time>2026-04-13T11:14:22.917Z</time>
    </trkpt>
    <trkpt lat="40.634094" lon="14.687893">
      <ele>0</ele>
      <time>2026-04-13T11:14:24.015Z</time>
    </trkpt>
    <trkpt lat="40.634101" lon="14.687830">
      <ele>0</ele>
      <time>2026-04-13T11:14:25.113Z</time>
    </trkpt>
    <trkpt lat="40.634115" lon="14.687778">
      <ele>0</ele>
      <time>2026-04-13T11:14:26.211Z</time>
    </trkpt>
    <trkpt lat="40.634124" lon="14.687725">
      <ele>0</ele>
      <time>2026-04-13T11:14:27.309Z</time>
    </trkpt>
    <trkpt lat="40.634138" lon="14.687652">
      <ele>0</ele>
      <time>2026-04-13T11:14:28.407Z</time>
    </trkpt>
    <trkpt lat="40.634147" lon="14.687589">
      <ele>0</ele>
      <time>2026-04-13T11:14:29.504Z</time>
    </trkpt>
    <trkpt lat="40.634151" lon="14.687523">
      <ele>0</ele>
      <time>2026-04-13T11:14:30.602Z</time>
    </trkpt>
    <trkpt lat="40.634146" lon="14.687448">
      <ele>0</ele>
      <time>2026-04-13T11:14:31.700Z</time>
    </trkpt>
    <trkpt lat="40.634141" lon="14.687324">
      <ele>0</ele>
      <time>2026-04-13T11:14:32.798Z</time>
    </trkpt>
    <trkpt lat="40.634135" lon="14.687232">
      <ele>0</ele>
      <time>2026-04-13T11:14:33.896Z</time>
    </trkpt>
    <trkpt lat="40.634136" lon="14.687164">
      <ele>0</ele>
      <time>2026-04-13T11:14:34.994Z</time>
    </trkpt>
    <trkpt lat="40.634147" lon="14.687068">
      <ele>0</ele>
      <time>2026-04-13T11:14:36.092Z</time>
    </trkpt>
    <trkpt lat="40.634165" lon="14.686989">
      <ele>0</ele>
      <time>2026-04-13T11:14:37.190Z</time>
    </trkpt>
    <trkpt lat="40.634190" lon="14.686901">
      <ele>0</ele>
      <time>2026-04-13T11:14:38.288Z</time>
    </trkpt>
    <trkpt lat="40.634222" lon="14.686827">
      <ele>0</ele>
      <time>2026-04-13T11:14:39.386Z</time>
    </trkpt>
    <trkpt lat="40.634258" lon="14.686762">
      <ele>0</ele>
      <time>2026-04-13T11:14:40.484Z</time>
    </trkpt>
    <trkpt lat="40.634302" lon="14.686694">
      <ele>0</ele>
      <time>2026-04-13T11:14:41.581Z</time>
    </trkpt>
    <trkpt lat="40.634335" lon="14.686661">
      <ele>0</ele>
      <time>2026-04-13T11:14:42.679Z</time>
    </trkpt>
    <trkpt lat="40.634368" lon="14.686625">
      <ele>0</ele>
      <time>2026-04-13T11:14:43.777Z</time>
    </trkpt>
    <trkpt lat="40.634415" lon="14.686593">
      <ele>0</ele>
      <time>2026-04-13T11:14:44.875Z</time>
    </trkpt>
    <trkpt lat="40.634494" lon="14.686549">
      <ele>0</ele>
      <time>2026-04-13T11:14:45.973Z</time>
    </trkpt>
    <trkpt lat="40.634578" lon="14.686498">
      <ele>0</ele>
      <time>2026-04-13T11:14:47.071Z</time>
    </trkpt>
    <trkpt lat="40.634648" lon="14.686434">
      <ele>0</ele>
      <time>2026-04-13T11:14:48.169Z</time>
    </trkpt>
    <trkpt lat="40.634686" lon="14.686389">
      <ele>0</ele>
      <time>2026-04-13T11:14:49.267Z</time>
    </trkpt>
    <trkpt lat="40.634717" lon="14.686346">
      <ele>0</ele>
      <time>2026-04-13T11:14:50.365Z</time>
    </trkpt>
    <trkpt lat="40.634743" lon="14.686295">
      <ele>0</ele>
      <time>2026-04-13T11:14:51.463Z</time>
    </trkpt>
    <trkpt lat="40.634763" lon="14.686236">
      <ele>0</ele>
      <time>2026-04-13T11:14:52.561Z</time>
    </trkpt>
    <trkpt lat="40.634777" lon="14.686175">
      <ele>0</ele>
      <time>2026-04-13T11:14:53.659Z</time>
    </trkpt>
    <trkpt lat="40.634781" lon="14.686116">
      <ele>0</ele>
      <time>2026-04-13T11:14:54.756Z</time>
    </trkpt>
    <trkpt lat="40.634773" lon="14.686056">
      <ele>0</ele>
      <time>2026-04-13T11:14:55.854Z</time>
    </trkpt>
    <trkpt lat="40.634750" lon="14.685997">
      <ele>0</ele>
      <time>2026-04-13T11:14:56.952Z</time>
    </trkpt>
    <trkpt lat="40.634718" lon="14.685941">
      <ele>0</ele>
      <time>2026-04-13T11:14:58.050Z</time>
    </trkpt>
    <trkpt lat="40.634611" lon="14.685788">
      <ele>0</ele>
      <time>2026-04-13T11:14:59.148Z</time>
    </trkpt>
    <trkpt lat="40.634577" lon="14.685736">
      <ele>0</ele>
      <time>2026-04-13T11:15:00.246Z</time>
    </trkpt>
    <trkpt lat="40.634558" lon="14.685691">
      <ele>0</ele>
      <time>2026-04-13T11:15:01.344Z</time>
    </trkpt>
    <trkpt lat="40.634553" lon="14.685644">
      <ele>0</ele>
      <time>2026-04-13T11:15:02.442Z</time>
    </trkpt>
    <trkpt lat="40.634553" lon="14.685601">
      <ele>0</ele>
      <time>2026-04-13T11:15:03.540Z</time>
    </trkpt>
    <trkpt lat="40.634560" lon="14.685554">
      <ele>0</ele>
      <time>2026-04-13T11:15:04.638Z</time>
    </trkpt>
    <trkpt lat="40.634572" lon="14.685503">
      <ele>0</ele>
      <time>2026-04-13T11:15:05.736Z</time>
    </trkpt>
    <trkpt lat="40.634591" lon="14.685423">
      <ele>0</ele>
      <time>2026-04-13T11:15:06.834Z</time>
    </trkpt>
    <trkpt lat="40.634607" lon="14.685351">
      <ele>0</ele>
      <time>2026-04-13T11:15:07.931Z</time>
    </trkpt>
    <trkpt lat="40.634622" lon="14.685300">
      <ele>0</ele>
      <time>2026-04-13T11:15:09.029Z</time>
    </trkpt>
    <trkpt lat="40.634638" lon="14.685251">
      <ele>0</ele>
      <time>2026-04-13T11:15:10.127Z</time>
    </trkpt>
    <trkpt lat="40.634661" lon="14.685209">
      <ele>0</ele>
      <time>2026-04-13T11:15:11.225Z</time>
    </trkpt>
    <trkpt lat="40.634696" lon="14.685162">
      <ele>0</ele>
      <time>2026-04-13T11:15:12.323Z</time>
    </trkpt>
    <trkpt lat="40.634728" lon="14.685111">
      <ele>0</ele>
      <time>2026-04-13T11:15:13.421Z</time>
    </trkpt>
    <trkpt lat="40.634747" lon="14.685073">
      <ele>0</ele>
      <time>2026-04-13T11:15:14.519Z</time>
    </trkpt>
    <trkpt lat="40.634763" lon="14.685035">
      <ele>0</ele>
      <time>2026-04-13T11:15:15.617Z</time>
    </trkpt>
    <trkpt lat="40.634780" lon="14.684978">
      <ele>0</ele>
      <time>2026-04-13T11:15:16.715Z</time>
    </trkpt>
    <trkpt lat="40.634798" lon="14.684909">
      <ele>0</ele>
      <time>2026-04-13T11:15:17.813Z</time>
    </trkpt>
    <trkpt lat="40.634810" lon="14.684854">
      <ele>0</ele>
      <time>2026-04-13T11:15:18.911Z</time>
    </trkpt>
    <trkpt lat="40.634817" lon="14.684799">
      <ele>0</ele>
      <time>2026-04-13T11:15:20.008Z</time>
    </trkpt>
    <trkpt lat="40.634816" lon="14.684747">
      <ele>0</ele>
      <time>2026-04-13T11:15:21.106Z</time>
    </trkpt>
    <trkpt lat="40.634805" lon="14.684674">
      <ele>0</ele>
      <time>2026-04-13T11:15:22.204Z</time>
    </trkpt>
    <trkpt lat="40.634790" lon="14.684601">
      <ele>0</ele>
      <time>2026-04-13T11:15:23.302Z</time>
    </trkpt>
    <trkpt lat="40.634785" lon="14.684545">
      <ele>0</ele>
      <time>2026-04-13T11:15:24.400Z</time>
    </trkpt>
    <trkpt lat="40.634788" lon="14.684500">
      <ele>0</ele>
      <time>2026-04-13T11:15:25.498Z</time>
    </trkpt>
    <trkpt lat="40.634796" lon="14.684457">
      <ele>0</ele>
      <time>2026-04-13T11:15:26.596Z</time>
    </trkpt>
    <trkpt lat="40.634807" lon="14.684423">
      <ele>0</ele>
      <time>2026-04-13T11:15:27.694Z</time>
    </trkpt>
    <trkpt lat="40.634839" lon="14.684359">
      <ele>0</ele>
      <time>2026-04-13T11:15:28.792Z</time>
    </trkpt>
    <trkpt lat="40.634886" lon="14.684272">
      <ele>0</ele>
      <time>2026-04-13T11:15:29.890Z</time>
    </trkpt>
    <trkpt lat="40.635027" lon="14.684045">
      <ele>0</ele>
      <time>2026-04-13T11:15:30.988Z</time>
    </trkpt>
    <trkpt lat="40.635085" lon="14.683971">
      <ele>0</ele>
      <time>2026-04-13T11:15:32.086Z</time>
    </trkpt>
    <trkpt lat="40.635146" lon="14.683900">
      <ele>0</ele>
      <time>2026-04-13T11:15:33.183Z</time>
    </trkpt>
    <trkpt lat="40.635196" lon="14.683842">
      <ele>0</ele>
      <time>2026-04-13T11:15:34.281Z</time>
    </trkpt>
    <trkpt lat="40.635233" lon="14.683795">
      <ele>0</ele>
      <time>2026-04-13T11:15:35.379Z</time>
    </trkpt>
    <trkpt lat="40.635255" lon="14.683762">
      <ele>0</ele>
      <time>2026-04-13T11:15:36.477Z</time>
    </trkpt>
    <trkpt lat="40.635278" lon="14.683710">
      <ele>0</ele>
      <time>2026-04-13T11:15:37.575Z</time>
    </trkpt>
    <trkpt lat="40.635295" lon="14.683654">
      <ele>0</ele>
      <time>2026-04-13T11:15:38.673Z</time>
    </trkpt>
    <trkpt lat="40.635304" lon="14.683602">
      <ele>0</ele>
      <time>2026-04-13T11:15:39.771Z</time>
    </trkpt>
    <trkpt lat="40.635307" lon="14.683552">
      <ele>0</ele>
      <time>2026-04-13T11:15:40.869Z</time>
    </trkpt>
    <trkpt lat="40.635300" lon="14.683499">
      <ele>0</ele>
      <time>2026-04-13T11:15:41.967Z</time>
    </trkpt>
    <trkpt lat="40.635274" lon="14.683401">
      <ele>0</ele>
      <time>2026-04-13T11:15:43.065Z</time>
    </trkpt>
    <trkpt lat="40.635265" lon="14.683373">
      <ele>0</ele>
      <time>2026-04-13T11:15:44.163Z</time>
    </trkpt>
    <trkpt lat="40.635206" lon="14.683174">
      <ele>0</ele>
      <time>2026-04-13T11:15:45.261Z</time>
    </trkpt>
    <trkpt lat="40.634848" lon="14.682004">
      <ele>0</ele>
      <time>2026-04-13T11:15:46.358Z</time>
    </trkpt>
    <trkpt lat="40.634821" lon="14.681916">
      <ele>0</ele>
      <time>2026-04-13T11:15:47.456Z</time>
    </trkpt>
    <trkpt lat="40.634764" lon="14.681724">
      <ele>0</ele>
      <time>2026-04-13T11:15:48.554Z</time>
    </trkpt>
    <trkpt lat="40.634739" lon="14.681625">
      <ele>0</ele>
      <time>2026-04-13T11:15:49.652Z</time>
    </trkpt>
    <trkpt lat="40.634724" lon="14.681545">
      <ele>0</ele>
      <time>2026-04-13T11:15:50.750Z</time>
    </trkpt>
    <trkpt lat="40.634724" lon="14.681480">
      <ele>0</ele>
      <time>2026-04-13T11:15:51.848Z</time>
    </trkpt>
    <trkpt lat="40.634731" lon="14.681426">
      <ele>0</ele>
      <time>2026-04-13T11:15:52.946Z</time>
    </trkpt>
    <trkpt lat="40.634755" lon="14.681362">
      <ele>0</ele>
      <time>2026-04-13T11:15:54.044Z</time>
    </trkpt>
    <trkpt lat="40.634791" lon="14.681305">
      <ele>0</ele>
      <time>2026-04-13T11:15:55.142Z</time>
    </trkpt>
    <trkpt lat="40.635000" lon="14.681075">
      <ele>0</ele>
      <time>2026-04-13T11:15:56.240Z</time>
    </trkpt>
    <trkpt lat="40.635089" lon="14.680980">
      <ele>0</ele>
      <time>2026-04-13T11:15:57.338Z</time>
    </trkpt>
    <trkpt lat="40.635123" lon="14.680931">
      <ele>0</ele>
      <time>2026-04-13T11:15:58.435Z</time>
    </trkpt>
    <trkpt lat="40.635156" lon="14.680876">
      <ele>0</ele>
      <time>2026-04-13T11:15:59.533Z</time>
    </trkpt>
    <trkpt lat="40.635182" lon="14.680802">
      <ele>0</ele>
      <time>2026-04-13T11:16:00.631Z</time>
    </trkpt>
    <trkpt lat="40.635214" lon="14.680679">
      <ele>0</ele>
      <time>2026-04-13T11:16:01.729Z</time>
    </trkpt>
    <trkpt lat="40.635229" lon="14.680605">
      <ele>0</ele>
      <time>2026-04-13T11:16:02.827Z</time>
    </trkpt>
    <trkpt lat="40.635237" lon="14.680494">
      <ele>0</ele>
      <time>2026-04-13T11:16:03.925Z</time>
    </trkpt>
    <trkpt lat="40.635238" lon="14.680395">
      <ele>0</ele>
      <time>2026-04-13T11:16:05.023Z</time>
    </trkpt>
    <trkpt lat="40.635230" lon="14.680284">
      <ele>0</ele>
      <time>2026-04-13T11:16:06.121Z</time>
    </trkpt>
    <trkpt lat="40.635215" lon="14.680182">
      <ele>0</ele>
      <time>2026-04-13T11:16:07.219Z</time>
    </trkpt>
    <trkpt lat="40.635187" lon="14.680051">
      <ele>0</ele>
      <time>2026-04-13T11:16:08.317Z</time>
    </trkpt>
    <trkpt lat="40.635152" lon="14.679938">
      <ele>0</ele>
      <time>2026-04-13T11:16:09.415Z</time>
    </trkpt>
    <trkpt lat="40.635108" lon="14.679834">
      <ele>0</ele>
      <time>2026-04-13T11:16:10.513Z</time>
    </trkpt>
    <trkpt lat="40.635074" lon="14.679773">
      <ele>0</ele>
      <time>2026-04-13T11:16:11.610Z</time>
    </trkpt>
    <trkpt lat="40.635035" lon="14.679718">
      <ele>0</ele>
      <time>2026-04-13T11:16:12.708Z</time>
    </trkpt>
    <trkpt lat="40.634971" lon="14.679648">
      <ele>0</ele>
      <time>2026-04-13T11:16:13.806Z</time>
    </trkpt>
    <trkpt lat="40.634920" lon="14.679598">
      <ele>0</ele>
      <time>2026-04-13T11:16:14.904Z</time>
    </trkpt>
    <trkpt lat="40.634830" lon="14.679513">
      <ele>0</ele>
      <time>2026-04-13T11:16:16.002Z</time>
    </trkpt>
    <trkpt lat="40.634767" lon="14.679459">
      <ele>0</ele>
      <time>2026-04-13T11:16:17.100Z</time>
    </trkpt>
    <trkpt lat="40.634731" lon="14.679418">
      <ele>0</ele>
      <time>2026-04-13T11:16:18.198Z</time>
    </trkpt>
    <trkpt lat="40.634708" lon="14.679385">
      <ele>0</ele>
      <time>2026-04-13T11:16:19.296Z</time>
    </trkpt>
    <trkpt lat="40.634684" lon="14.679344">
      <ele>0</ele>
      <time>2026-04-13T11:16:20.394Z</time>
    </trkpt>
    <trkpt lat="40.634672" lon="14.679319">
      <ele>0</ele>
      <time>2026-04-13T11:16:21.492Z</time>
    </trkpt>
    <trkpt lat="40.634661" lon="14.679292">
      <ele>0</ele>
      <time>2026-04-13T11:16:22.590Z</time>
    </trkpt>
    <trkpt lat="40.634649" lon="14.679245">
      <ele>0</ele>
      <time>2026-04-13T11:16:23.688Z</time>
    </trkpt>
    <trkpt lat="40.634649" lon="14.679199">
      <ele>0</ele>
      <time>2026-04-13T11:16:24.785Z</time>
    </trkpt>
    <trkpt lat="40.634663" lon="14.679125">
      <ele>0</ele>
      <time>2026-04-13T11:16:25.883Z</time>
    </trkpt>
    <trkpt lat="40.634688" lon="14.679055">
      <ele>0</ele>
      <time>2026-04-13T11:16:26.981Z</time>
    </trkpt>
    <trkpt lat="40.634727" lon="14.678990">
      <ele>0</ele>
      <time>2026-04-13T11:16:28.079Z</time>
    </trkpt>
    <trkpt lat="40.634786" lon="14.678922">
      <ele>0</ele>
      <time>2026-04-13T11:16:29.177Z</time>
    </trkpt>
    <trkpt lat="40.634832" lon="14.678875">
      <ele>0</ele>
      <time>2026-04-13T11:16:30.275Z</time>
    </trkpt>
    <trkpt lat="40.634888" lon="14.678831">
      <ele>0</ele>
      <time>2026-04-13T11:16:31.373Z</time>
    </trkpt>
    <trkpt lat="40.634949" lon="14.678798">
      <ele>0</ele>
      <time>2026-04-13T11:16:32.471Z</time>
    </trkpt>
    <trkpt lat="40.634995" lon="14.678776">
      <ele>0</ele>
      <time>2026-04-13T11:16:33.569Z</time>
    </trkpt>
    <trkpt lat="40.635111" lon="14.678738">
      <ele>0</ele>
      <time>2026-04-13T11:16:34.667Z</time>
    </trkpt>
    <trkpt lat="40.635245" lon="14.678693">
      <ele>0</ele>
      <time>2026-04-13T11:16:35.765Z</time>
    </trkpt>
    <trkpt lat="40.635306" lon="14.678657">
      <ele>0</ele>
      <time>2026-04-13T11:16:36.862Z</time>
    </trkpt>
    <trkpt lat="40.635367" lon="14.678616">
      <ele>0</ele>
      <time>2026-04-13T11:16:37.960Z</time>
    </trkpt>
    <trkpt lat="40.635411" lon="14.678575">
      <ele>0</ele>
      <time>2026-04-13T11:16:39.058Z</time>
    </trkpt>
    <trkpt lat="40.635448" lon="14.678522">
      <ele>0</ele>
      <time>2026-04-13T11:16:40.156Z</time>
    </trkpt>
    <trkpt lat="40.635477" lon="14.678464">
      <ele>0</ele>
      <time>2026-04-13T11:16:41.254Z</time>
    </trkpt>
    <trkpt lat="40.635509" lon="14.678389">
      <ele>0</ele>
      <time>2026-04-13T11:16:42.352Z</time>
    </trkpt>
    <trkpt lat="40.635536" lon="14.678329">
      <ele>0</ele>
      <time>2026-04-13T11:16:43.450Z</time>
    </trkpt>
    <trkpt lat="40.635578" lon="14.678256">
      <ele>0</ele>
      <time>2026-04-13T11:16:44.548Z</time>
    </trkpt>
    <trkpt lat="40.635621" lon="14.678209">
      <ele>0</ele>
      <time>2026-04-13T11:16:45.646Z</time>
    </trkpt>
    <trkpt lat="40.635668" lon="14.678180">
      <ele>0</ele>
      <time>2026-04-13T11:16:46.744Z</time>
    </trkpt>
    <trkpt lat="40.635708" lon="14.678157">
      <ele>0</ele>
      <time>2026-04-13T11:16:47.842Z</time>
    </trkpt>
    <trkpt lat="40.635749" lon="14.678153">
      <ele>0</ele>
      <time>2026-04-13T11:16:48.940Z</time>
    </trkpt>
    <trkpt lat="40.635794" lon="14.678164">
      <ele>0</ele>
      <time>2026-04-13T11:16:50.037Z</time>
    </trkpt>
    <trkpt lat="40.635839" lon="14.678191">
      <ele>0</ele>
      <time>2026-04-13T11:16:51.135Z</time>
    </trkpt>
    <trkpt lat="40.636074" lon="14.678396">
      <ele>0</ele>
      <time>2026-04-13T11:16:52.233Z</time>
    </trkpt>
    <trkpt lat="40.636133" lon="14.678435">
      <ele>0</ele>
      <time>2026-04-13T11:16:53.331Z</time>
    </trkpt>
    <trkpt lat="40.636257" lon="14.678508">
      <ele>0</ele>
      <time>2026-04-13T11:16:54.429Z</time>
    </trkpt>
    <trkpt lat="40.636372" lon="14.678539">
      <ele>0</ele>
      <time>2026-04-13T11:16:55.527Z</time>
    </trkpt>
    <trkpt lat="40.636449" lon="14.678561">
      <ele>0</ele>
      <time>2026-04-13T11:16:56.625Z</time>
    </trkpt>
    <trkpt lat="40.636519" lon="14.678571">
      <ele>0</ele>
      <time>2026-04-13T11:16:57.723Z</time>
    </trkpt>
    <trkpt lat="40.636594" lon="14.678562">
      <ele>0</ele>
      <time>2026-04-13T11:16:58.821Z</time>
    </trkpt>
    <trkpt lat="40.636654" lon="14.678539">
      <ele>0</ele>
      <time>2026-04-13T11:16:59.919Z</time>
    </trkpt>
    <trkpt lat="40.636710" lon="14.678496">
      <ele>0</ele>
      <time>2026-04-13T11:17:01.017Z</time>
    </trkpt>
    <trkpt lat="40.636764" lon="14.678441">
      <ele>0</ele>
      <time>2026-04-13T11:17:02.114Z</time>
    </trkpt>
    <trkpt lat="40.636781" lon="14.678418">
      <ele>0</ele>
      <time>2026-04-13T11:17:03.212Z</time>
    </trkpt>
    <trkpt lat="40.636795" lon="14.678377">
      <ele>0</ele>
      <time>2026-04-13T11:17:04.310Z</time>
    </trkpt>
    <trkpt lat="40.636807" lon="14.678317">
      <ele>0</ele>
      <time>2026-04-13T11:17:05.408Z</time>
    </trkpt>
    <trkpt lat="40.636813" lon="14.678239">
      <ele>0</ele>
      <time>2026-04-13T11:17:06.506Z</time>
    </trkpt>
    <trkpt lat="40.636800" lon="14.678106">
      <ele>0</ele>
      <time>2026-04-13T11:17:07.604Z</time>
    </trkpt>
    <trkpt lat="40.636784" lon="14.677993">
      <ele>0</ele>
      <time>2026-04-13T11:17:08.702Z</time>
    </trkpt>
    <trkpt lat="40.636765" lon="14.677880">
      <ele>0</ele>
      <time>2026-04-13T11:17:09.800Z</time>
    </trkpt>
    <trkpt lat="40.636756" lon="14.677809">
      <ele>0</ele>
      <time>2026-04-13T11:17:10.898Z</time>
    </trkpt>
    <trkpt lat="40.636755" lon="14.677758">
      <ele>0</ele>
      <time>2026-04-13T11:17:11.996Z</time>
    </trkpt>
    <trkpt lat="40.636760" lon="14.677709">
      <ele>0</ele>
      <time>2026-04-13T11:17:13.094Z</time>
    </trkpt>
    <trkpt lat="40.636790" lon="14.677600">
      <ele>0</ele>
      <time>2026-04-13T11:17:14.192Z</time>
    </trkpt>
    <trkpt lat="40.636831" lon="14.677500">
      <ele>0</ele>
      <time>2026-04-13T11:17:15.289Z</time>
    </trkpt>
    <trkpt lat="40.636913" lon="14.677327">
      <ele>0</ele>
      <time>2026-04-13T11:17:16.387Z</time>
    </trkpt>
    <trkpt lat="40.636992" lon="14.677196">
      <ele>0</ele>
      <time>2026-04-13T11:17:17.485Z</time>
    </trkpt>
    <trkpt lat="40.637122" lon="14.677017">
      <ele>0</ele>
      <time>2026-04-13T11:17:18.583Z</time>
    </trkpt>
    <trkpt lat="40.637237" lon="14.676892">
      <ele>0</ele>
      <time>2026-04-13T11:17:19.681Z</time>
    </trkpt>
    <trkpt lat="40.637269" lon="14.676855">
      <ele>0</ele>
      <time>2026-04-13T11:17:20.779Z</time>
    </trkpt>
    <trkpt lat="40.637288" lon="14.676832">
      <ele>0</ele>
      <time>2026-04-13T11:17:21.877Z</time>
    </trkpt>
    <trkpt lat="40.637302" lon="14.676805">
      <ele>0</ele>
      <time>2026-04-13T11:17:22.975Z</time>
    </trkpt>
    <trkpt lat="40.637312" lon="14.676775">
      <ele>0</ele>
      <time>2026-04-13T11:17:24.073Z</time>
    </trkpt>
    <trkpt lat="40.637319" lon="14.676727">
      <ele>0</ele>
      <time>2026-04-13T11:17:25.171Z</time>
    </trkpt>
    <trkpt lat="40.637319" lon="14.676627">
      <ele>0</ele>
      <time>2026-04-13T11:17:26.269Z</time>
    </trkpt>
    <trkpt lat="40.637321" lon="14.676243">
      <ele>0</ele>
      <time>2026-04-13T11:17:27.367Z</time>
    </trkpt>
    <trkpt lat="40.637329" lon="14.676054">
      <ele>0</ele>
      <time>2026-04-13T11:17:28.464Z</time>
    </trkpt>
    <trkpt lat="40.637331" lon="14.675916">
      <ele>0</ele>
      <time>2026-04-13T11:17:29.562Z</time>
    </trkpt>
    <trkpt lat="40.637308" lon="14.675693">
      <ele>0</ele>
      <time>2026-04-13T11:17:30.660Z</time>
    </trkpt>
    <trkpt lat="40.637301" lon="14.675451">
      <ele>0</ele>
      <time>2026-04-13T11:17:31.758Z</time>
    </trkpt>
    <trkpt lat="40.637295" lon="14.675198">
      <ele>0</ele>
      <time>2026-04-13T11:17:32.856Z</time>
    </trkpt>
    <trkpt lat="40.637295" lon="14.675078">
      <ele>0</ele>
      <time>2026-04-13T11:17:33.954Z</time>
    </trkpt>
    <trkpt lat="40.637291" lon="14.674995">
      <ele>0</ele>
      <time>2026-04-13T11:17:35.052Z</time>
    </trkpt>
    <trkpt lat="40.637277" lon="14.674921">
      <ele>0</ele>
      <time>2026-04-13T11:17:36.150Z</time>
    </trkpt>
    <trkpt lat="40.637254" lon="14.674838">
      <ele>0</ele>
      <time>2026-04-13T11:17:37.248Z</time>
    </trkpt>
    <trkpt lat="40.637175" lon="14.674635">
      <ele>0</ele>
      <time>2026-04-13T11:17:38.346Z</time>
    </trkpt>
    <trkpt lat="40.637153" lon="14.674569">
      <ele>0</ele>
      <time>2026-04-13T11:17:39.444Z</time>
    </trkpt>
    <trkpt lat="40.637140" lon="14.674502">
      <ele>0</ele>
      <time>2026-04-13T11:17:40.541Z</time>
    </trkpt>
    <trkpt lat="40.637133" lon="14.674422">
      <ele>0</ele>
      <time>2026-04-13T11:17:41.639Z</time>
    </trkpt>
    <trkpt lat="40.637129" lon="14.674186">
      <ele>0</ele>
      <time>2026-04-13T11:17:42.737Z</time>
    </trkpt>
    <trkpt lat="40.637127" lon="14.674110">
      <ele>0</ele>
      <time>2026-04-13T11:17:43.835Z</time>
    </trkpt>
    <trkpt lat="40.637134" lon="14.674049">
      <ele>0</ele>
      <time>2026-04-13T11:17:44.933Z</time>
    </trkpt>
    <trkpt lat="40.637154" lon="14.673997">
      <ele>0</ele>
      <time>2026-04-13T11:17:46.031Z</time>
    </trkpt>
    <trkpt lat="40.637175" lon="14.673957">
      <ele>0</ele>
      <time>2026-04-13T11:17:47.129Z</time>
    </trkpt>
    <trkpt lat="40.637216" lon="14.673921">
      <ele>0</ele>
      <time>2026-04-13T11:17:48.227Z</time>
    </trkpt>
    <trkpt lat="40.637265" lon="14.673907">
      <ele>0</ele>
      <time>2026-04-13T11:17:49.325Z</time>
    </trkpt>
    <trkpt lat="40.637311" lon="14.673900">
      <ele>0</ele>
      <time>2026-04-13T11:17:50.423Z</time>
    </trkpt>
    <trkpt lat="40.637423" lon="14.673894">
      <ele>0</ele>
      <time>2026-04-13T11:17:51.521Z</time>
    </trkpt>
    <trkpt lat="40.637483" lon="14.673890">
      <ele>0</ele>
      <time>2026-04-13T11:17:52.619Z</time>
    </trkpt>
    <trkpt lat="40.637526" lon="14.673874">
      <ele>0</ele>
      <time>2026-04-13T11:17:53.716Z</time>
    </trkpt>
    <trkpt lat="40.637562" lon="14.673851">
      <ele>0</ele>
      <time>2026-04-13T11:17:54.814Z</time>
    </trkpt>
    <trkpt lat="40.637609" lon="14.673817">
      <ele>0</ele>
      <time>2026-04-13T11:17:55.912Z</time>
    </trkpt>
    <trkpt lat="40.637721" lon="14.673705">
      <ele>0</ele>
      <time>2026-04-13T11:17:57.010Z</time>
    </trkpt>
    <trkpt lat="40.637759" lon="14.673668">
      <ele>0</ele>
      <time>2026-04-13T11:17:58.108Z</time>
    </trkpt>
    <trkpt lat="40.637802" lon="14.673640">
      <ele>0</ele>
      <time>2026-04-13T11:17:59.206Z</time>
    </trkpt>
    <trkpt lat="40.637836" lon="14.673626">
      <ele>0</ele>
      <time>2026-04-13T11:18:00.304Z</time>
    </trkpt>
    <trkpt lat="40.637867" lon="14.673615">
      <ele>0</ele>
      <time>2026-04-13T11:18:01.402Z</time>
    </trkpt>
    <trkpt lat="40.637931" lon="14.673619">
      <ele>0</ele>
      <time>2026-04-13T11:18:02.500Z</time>
    </trkpt>
    <trkpt lat="40.638002" lon="14.673623">
      <ele>0</ele>
      <time>2026-04-13T11:18:03.598Z</time>
    </trkpt>
    <trkpt lat="40.638113" lon="14.673623">
      <ele>0</ele>
      <time>2026-04-13T11:18:04.696Z</time>
    </trkpt>
    <trkpt lat="40.638298" lon="14.673636">
      <ele>0</ele>
      <time>2026-04-13T11:18:05.794Z</time>
    </trkpt>
    <trkpt lat="40.638331" lon="14.673635">
      <ele>0</ele>
      <time>2026-04-13T11:18:06.891Z</time>
    </trkpt>
    <trkpt lat="40.638353" lon="14.673630">
      <ele>0</ele>
      <time>2026-04-13T11:18:07.989Z</time>
    </trkpt>
    <trkpt lat="40.638376" lon="14.673620">
      <ele>0</ele>
      <time>2026-04-13T11:18:09.087Z</time>
    </trkpt>
    <trkpt lat="40.638404" lon="14.673596">
      <ele>0</ele>
      <time>2026-04-13T11:18:10.185Z</time>
    </trkpt>
    <trkpt lat="40.638430" lon="14.673551">
      <ele>0</ele>
      <time>2026-04-13T11:18:11.283Z</time>
    </trkpt>
    <trkpt lat="40.638443" lon="14.673496">
      <ele>0</ele>
      <time>2026-04-13T11:18:12.381Z</time>
    </trkpt>
    <trkpt lat="40.638457" lon="14.673383">
      <ele>0</ele>
      <time>2026-04-13T11:18:13.479Z</time>
    </trkpt>
    <trkpt lat="40.638456" lon="14.673243">
      <ele>0</ele>
      <time>2026-04-13T11:18:14.577Z</time>
    </trkpt>
    <trkpt lat="40.638457" lon="14.672975">
      <ele>0</ele>
      <time>2026-04-13T11:18:15.675Z</time>
    </trkpt>
    <trkpt lat="40.638454" lon="14.672794">
      <ele>0</ele>
      <time>2026-04-13T11:18:16.773Z</time>
    </trkpt>
    <trkpt lat="40.638452" lon="14.672670">
      <ele>0</ele>
      <time>2026-04-13T11:18:17.871Z</time>
    </trkpt>
    <trkpt lat="40.638428" lon="14.672399">
      <ele>0</ele>
      <time>2026-04-13T11:18:18.968Z</time>
    </trkpt>
    <trkpt lat="40.638426" lon="14.672287">
      <ele>0</ele>
      <time>2026-04-13T11:18:20.066Z</time>
    </trkpt>
    <trkpt lat="40.638435" lon="14.672200">
      <ele>0</ele>
      <time>2026-04-13T11:18:21.164Z</time>
    </trkpt>
    <trkpt lat="40.638454" lon="14.672125">
      <ele>0</ele>
      <time>2026-04-13T11:18:22.262Z</time>
    </trkpt>
    <trkpt lat="40.638481" lon="14.672084">
      <ele>0</ele>
      <time>2026-04-13T11:18:23.360Z</time>
    </trkpt>
    <trkpt lat="40.638517" lon="14.672054">
      <ele>0</ele>
      <time>2026-04-13T11:18:24.458Z</time>
    </trkpt>
    <trkpt lat="40.638578" lon="14.672035">
      <ele>0</ele>
      <time>2026-04-13T11:18:25.556Z</time>
    </trkpt>
    <trkpt lat="40.638639" lon="14.672028">
      <ele>0</ele>
      <time>2026-04-13T11:18:26.654Z</time>
    </trkpt>
    <trkpt lat="40.638752" lon="14.672050">
      <ele>0</ele>
      <time>2026-04-13T11:18:27.752Z</time>
    </trkpt>
    <trkpt lat="40.638906" lon="14.672052">
      <ele>0</ele>
      <time>2026-04-13T11:18:28.850Z</time>
    </trkpt>
    <trkpt lat="40.638943" lon="14.672050">
      <ele>0</ele>
      <time>2026-04-13T11:18:29.948Z</time>
    </trkpt>
    <trkpt lat="40.638977" lon="14.672047">
      <ele>0</ele>
      <time>2026-04-13T11:18:31.046Z</time>
    </trkpt>
    <trkpt lat="40.639017" lon="14.672032">
      <ele>0</ele>
      <time>2026-04-13T11:18:32.143Z</time>
    </trkpt>
    <trkpt lat="40.639033" lon="14.672021">
      <ele>0</ele>
      <time>2026-04-13T11:18:33.241Z</time>
    </trkpt>
    <trkpt lat="40.639060" lon="14.671991">
      <ele>0</ele>
      <time>2026-04-13T11:18:34.339Z</time>
    </trkpt>
    <trkpt lat="40.639070" lon="14.671960">
      <ele>0</ele>
      <time>2026-04-13T11:18:35.437Z</time>
    </trkpt>
    <trkpt lat="40.639079" lon="14.671918">
      <ele>0</ele>
      <time>2026-04-13T11:18:36.535Z</time>
    </trkpt>
    <trkpt lat="40.639081" lon="14.671833">
      <ele>0</ele>
      <time>2026-04-13T11:18:37.633Z</time>
    </trkpt>
    <trkpt lat="40.639075" lon="14.671705">
      <ele>0</ele>
      <time>2026-04-13T11:18:38.731Z</time>
    </trkpt>
    <trkpt lat="40.639072" lon="14.671628">
      <ele>0</ele>
      <time>2026-04-13T11:18:39.829Z</time>
    </trkpt>
    <trkpt lat="40.639085" lon="14.671525">
      <ele>0</ele>
      <time>2026-04-13T11:18:40.927Z</time>
    </trkpt>
    <trkpt lat="40.639101" lon="14.671432">
      <ele>0</ele>
      <time>2026-04-13T11:18:42.025Z</time>
    </trkpt>
    <trkpt lat="40.639234" lon="14.670733">
      <ele>0</ele>
      <time>2026-04-13T11:18:43.123Z</time>
    </trkpt>
    <trkpt lat="40.639253" lon="14.670622">
      <ele>0</ele>
      <time>2026-04-13T11:18:44.220Z</time>
    </trkpt>
    <trkpt lat="40.639263" lon="14.670558">
      <ele>0</ele>
      <time>2026-04-13T11:18:45.318Z</time>
    </trkpt>
    <trkpt lat="40.639270" lon="14.670510">
      <ele>0</ele>
      <time>2026-04-13T11:18:46.416Z</time>
    </trkpt>
    <trkpt lat="40.639268" lon="14.670458">
      <ele>0</ele>
      <time>2026-04-13T11:18:47.514Z</time>
    </trkpt>
    <trkpt lat="40.639259" lon="14.670417">
      <ele>0</ele>
      <time>2026-04-13T11:18:48.612Z</time>
    </trkpt>
    <trkpt lat="40.639245" lon="14.670381">
      <ele>0</ele>
      <time>2026-04-13T11:18:49.710Z</time>
    </trkpt>
    <trkpt lat="40.639181" lon="14.670261">
      <ele>0</ele>
      <time>2026-04-13T11:18:50.808Z</time>
    </trkpt>
    <trkpt lat="40.639143" lon="14.670217">
      <ele>0</ele>
      <time>2026-04-13T11:18:51.906Z</time>
    </trkpt>
    <trkpt lat="40.639072" lon="14.670129">
      <ele>0</ele>
      <time>2026-04-13T11:18:53.004Z</time>
    </trkpt>
    <trkpt lat="40.639025" lon="14.670066">
      <ele>0</ele>
      <time>2026-04-13T11:18:54.102Z</time>
    </trkpt>
    <trkpt lat="40.638995" lon="14.670013">
      <ele>0</ele>
      <time>2026-04-13T11:18:55.200Z</time>
    </trkpt>
    <trkpt lat="40.638971" lon="14.669966">
      <ele>0</ele>
      <time>2026-04-13T11:18:56.298Z</time>
    </trkpt>
    <trkpt lat="40.638951" lon="14.669912">
      <ele>0</ele>
      <time>2026-04-13T11:18:57.395Z</time>
    </trkpt>
    <trkpt lat="40.638911" lon="14.669736">
      <ele>0</ele>
      <time>2026-04-13T11:18:58.493Z</time>
    </trkpt>
    <trkpt lat="40.638887" lon="14.669609">
      <ele>0</ele>
      <time>2026-04-13T11:18:59.591Z</time>
    </trkpt>
    <trkpt lat="40.638862" lon="14.669494">
      <ele>0</ele>
      <time>2026-04-13T11:19:00.689Z</time>
    </trkpt>
    <trkpt lat="40.638849" lon="14.669413">
      <ele>0</ele>
      <time>2026-04-13T11:19:01.787Z</time>
    </trkpt>
    <trkpt lat="40.638850" lon="14.669344">
      <ele>0</ele>
      <time>2026-04-13T11:19:02.885Z</time>
    </trkpt>
    <trkpt lat="40.638857" lon="14.669280">
      <ele>0</ele>
      <time>2026-04-13T11:19:03.983Z</time>
    </trkpt>
    <trkpt lat="40.638877" lon="14.669163">
      <ele>0</ele>
      <time>2026-04-13T11:19:05.081Z</time>
    </trkpt>
    <trkpt lat="40.638906" lon="14.669037">
      <ele>0</ele>
      <time>2026-04-13T11:19:06.179Z</time>
    </trkpt>
    <trkpt lat="40.638929" lon="14.668942">
      <ele>0</ele>
      <time>2026-04-13T11:19:07.277Z</time>
    </trkpt>
    <trkpt lat="40.638953" lon="14.668857">
      <ele>0</ele>
      <time>2026-04-13T11:19:08.375Z</time>
    </trkpt>
    <trkpt lat="40.638974" lon="14.668781">
      <ele>0</ele>
      <time>2026-04-13T11:19:09.473Z</time>
    </trkpt>
    <trkpt lat="40.639002" lon="14.668699">
      <ele>0</ele>
      <time>2026-04-13T11:19:10.570Z</time>
    </trkpt>
    <trkpt lat="40.639018" lon="14.668662">
      <ele>0</ele>
      <time>2026-04-13T11:19:11.668Z</time>
    </trkpt>
    <trkpt lat="40.639034" lon="14.668637">
      <ele>0</ele>
      <time>2026-04-13T11:19:12.766Z</time>
    </trkpt>
    <trkpt lat="40.639058" lon="14.668607">
      <ele>0</ele>
      <time>2026-04-13T11:19:13.864Z</time>
    </trkpt>
    <trkpt lat="40.639079" lon="14.668585">
      <ele>0</ele>
      <time>2026-04-13T11:19:14.962Z</time>
    </trkpt>
    <trkpt lat="40.639114" lon="14.668558">
      <ele>0</ele>
      <time>2026-04-13T11:19:16.060Z</time>
    </trkpt>
    <trkpt lat="40.639164" lon="14.668537">
      <ele>0</ele>
      <time>2026-04-13T11:19:17.158Z</time>
    </trkpt>
    <trkpt lat="40.639255" lon="14.668513">
      <ele>0</ele>
      <time>2026-04-13T11:19:18.256Z</time>
    </trkpt>
    <trkpt lat="40.639352" lon="14.668487">
      <ele>0</ele>
      <time>2026-04-13T11:19:19.354Z</time>
    </trkpt>
    <trkpt lat="40.639493" lon="14.668470">
      <ele>0</ele>
      <time>2026-04-13T11:19:20.452Z</time>
    </trkpt>
    <trkpt lat="40.639629" lon="14.668448">
      <ele>0</ele>
      <time>2026-04-13T11:19:21.550Z</time>
    </trkpt>
    <trkpt lat="40.639722" lon="14.668421">
      <ele>0</ele>
      <time>2026-04-13T11:19:22.647Z</time>
    </trkpt>
    <trkpt lat="40.639787" lon="14.668389">
      <ele>0</ele>
      <time>2026-04-13T11:19:23.745Z</time>
    </trkpt>
    <trkpt lat="40.639874" lon="14.668320">
      <ele>0</ele>
      <time>2026-04-13T11:19:24.843Z</time>
    </trkpt>
    <trkpt lat="40.639934" lon="14.668262">
      <ele>0</ele>
      <time>2026-04-13T11:19:25.941Z</time>
    </trkpt>
    <trkpt lat="40.639994" lon="14.668179">
      <ele>0</ele>
      <time>2026-04-13T11:19:27.039Z</time>
    </trkpt>
    <trkpt lat="40.640058" lon="14.668084">
      <ele>0</ele>
      <time>2026-04-13T11:19:28.137Z</time>
    </trkpt>
    <trkpt lat="40.640124" lon="14.667977">
      <ele>0</ele>
      <time>2026-04-13T11:19:29.235Z</time>
    </trkpt>
    <trkpt lat="40.640187" lon="14.667904">
      <ele>0</ele>
      <time>2026-04-13T11:19:30.333Z</time>
    </trkpt>
    <trkpt lat="40.640249" lon="14.667842">
      <ele>0</ele>
      <time>2026-04-13T11:19:31.431Z</time>
    </trkpt>
    <trkpt lat="40.640332" lon="14.667797">
      <ele>0</ele>
      <time>2026-04-13T11:19:32.529Z</time>
    </trkpt>
    <trkpt lat="40.640546" lon="14.667746">
      <ele>0</ele>
      <time>2026-04-13T11:19:33.627Z</time>
    </trkpt>
    <trkpt lat="40.640647" lon="14.667703">
      <ele>0</ele>
      <time>2026-04-13T11:19:34.725Z</time>
    </trkpt>
    <trkpt lat="40.640703" lon="14.667653">
      <ele>0</ele>
      <time>2026-04-13T11:19:35.822Z</time>
    </trkpt>
    <trkpt lat="40.640758" lon="14.667587">
      <ele>0</ele>
      <time>2026-04-13T11:19:36.920Z</time>
    </trkpt>
    <trkpt lat="40.640807" lon="14.667534">
      <ele>0</ele>
      <time>2026-04-13T11:19:38.018Z</time>
    </trkpt>
    <trkpt lat="40.640844" lon="14.667504">
      <ele>0</ele>
      <time>2026-04-13T11:19:39.116Z</time>
    </trkpt>
    <trkpt lat="40.640895" lon="14.667480">
      <ele>0</ele>
      <time>2026-04-13T11:19:40.214Z</time>
    </trkpt>
    <trkpt lat="40.640954" lon="14.667464">
      <ele>0</ele>
      <time>2026-04-13T11:19:41.312Z</time>
    </trkpt>
    <trkpt lat="40.641036" lon="14.667442">
      <ele>0</ele>
      <time>2026-04-13T11:19:42.410Z</time>
    </trkpt>
    <trkpt lat="40.641103" lon="14.667439">
      <ele>0</ele>
      <time>2026-04-13T11:19:43.508Z</time>
    </trkpt>
    <trkpt lat="40.641154" lon="14.667453">
      <ele>0</ele>
      <time>2026-04-13T11:19:44.606Z</time>
    </trkpt>
    <trkpt lat="40.641221" lon="14.667506">
      <ele>0</ele>
      <time>2026-04-13T11:19:45.704Z</time>
    </trkpt>
    <trkpt lat="40.641465" lon="14.667900">
      <ele>0</ele>
      <time>2026-04-13T11:19:46.802Z</time>
    </trkpt>
    <trkpt lat="40.641553" lon="14.668009">
      <ele>0</ele>
      <time>2026-04-13T11:19:47.900Z</time>
    </trkpt>
    <trkpt lat="40.641624" lon="14.668078">
      <ele>0</ele>
      <time>2026-04-13T11:19:48.997Z</time>
    </trkpt>
    <trkpt lat="40.641700" lon="14.668131">
      <ele>0</ele>
      <time>2026-04-13T11:19:50.095Z</time>
    </trkpt>
    <trkpt lat="40.641761" lon="14.668162">
      <ele>0</ele>
      <time>2026-04-13T11:19:51.193Z</time>
    </trkpt>
    <trkpt lat="40.641808" lon="14.668174">
      <ele>0</ele>
      <time>2026-04-13T11:19:52.291Z</time>
    </trkpt>
    <trkpt lat="40.641849" lon="14.668166">
      <ele>0</ele>
      <time>2026-04-13T11:19:53.389Z</time>
    </trkpt>
    <trkpt lat="40.641876" lon="14.668151">
      <ele>0</ele>
      <time>2026-04-13T11:19:54.487Z</time>
    </trkpt>
    <trkpt lat="40.641893" lon="14.668137">
      <ele>0</ele>
      <time>2026-04-13T11:19:55.585Z</time>
    </trkpt>
    <trkpt lat="40.641929" lon="14.668052">
      <ele>0</ele>
      <time>2026-04-13T11:19:56.683Z</time>
    </trkpt>
    <trkpt lat="40.641954" lon="14.667953">
      <ele>0</ele>
      <time>2026-04-13T11:19:57.781Z</time>
    </trkpt>
    <trkpt lat="40.642033" lon="14.667623">
      <ele>0</ele>
      <time>2026-04-13T11:19:58.879Z</time>
    </trkpt>
    <trkpt lat="40.642110" lon="14.667284">
      <ele>0</ele>
      <time>2026-04-13T11:19:59.977Z</time>
    </trkpt>
    <trkpt lat="40.642128" lon="14.667169">
      <ele>0</ele>
      <time>2026-04-13T11:20:01.074Z</time>
    </trkpt>
    <trkpt lat="40.642135" lon="14.667092">
      <ele>0</ele>
      <time>2026-04-13T11:20:02.172Z</time>
    </trkpt>
    <trkpt lat="40.642133" lon="14.667017">
      <ele>0</ele>
      <time>2026-04-13T11:20:03.270Z</time>
    </trkpt>
    <trkpt lat="40.642122" lon="14.666949">
      <ele>0</ele>
      <time>2026-04-13T11:20:04.368Z</time>
    </trkpt>
    <trkpt lat="40.642104" lon="14.666880">
      <ele>0</ele>
      <time>2026-04-13T11:20:05.466Z</time>
    </trkpt>
    <trkpt lat="40.642064" lon="14.666801">
      <ele>0</ele>
      <time>2026-04-13T11:20:06.564Z</time>
    </trkpt>
    <trkpt lat="40.641950" lon="14.666602">
      <ele>0</ele>
      <time>2026-04-13T11:20:07.662Z</time>
    </trkpt>
    <trkpt lat="40.641794" lon="14.666355">
      <ele>0</ele>
      <time>2026-04-13T11:20:08.760Z</time>
    </trkpt>
    <trkpt lat="40.641633" lon="14.666110">
      <ele>0</ele>
      <time>2026-04-13T11:20:09.858Z</time>
    </trkpt>
    <trkpt lat="40.641488" lon="14.665896">
      <ele>0</ele>
      <time>2026-04-13T11:20:10.956Z</time>
    </trkpt>
    <trkpt lat="40.641406" lon="14.665783">
      <ele>0</ele>
      <time>2026-04-13T11:20:12.054Z</time>
    </trkpt>
    <trkpt lat="40.641351" lon="14.665718">
      <ele>0</ele>
      <time>2026-04-13T11:20:13.152Z</time>
    </trkpt>
    <trkpt lat="40.641300" lon="14.665670">
      <ele>0</ele>
      <time>2026-04-13T11:20:14.249Z</time>
    </trkpt>
    <trkpt lat="40.641225" lon="14.665620">
      <ele>0</ele>
      <time>2026-04-13T11:20:15.347Z</time>
    </trkpt>
    <trkpt lat="40.641163" lon="14.665596">
      <ele>0</ele>
      <time>2026-04-13T11:20:16.445Z</time>
    </trkpt>
    <trkpt lat="40.641085" lon="14.665585">
      <ele>0</ele>
      <time>2026-04-13T11:20:17.543Z</time>
    </trkpt>
    <trkpt lat="40.641030" lon="14.665594">
      <ele>0</ele>
      <time>2026-04-13T11:20:18.641Z</time>
    </trkpt>
    <trkpt lat="40.640990" lon="14.665619">
      <ele>0</ele>
      <time>2026-04-13T11:20:19.739Z</time>
    </trkpt>
    <trkpt lat="40.640932" lon="14.665686">
      <ele>0</ele>
      <time>2026-04-13T11:20:20.837Z</time>
    </trkpt>
    <trkpt lat="40.640855" lon="14.665792">
      <ele>0</ele>
      <time>2026-04-13T11:20:21.935Z</time>
    </trkpt>
    <trkpt lat="40.640801" lon="14.665834">
      <ele>0</ele>
      <time>2026-04-13T11:20:23.033Z</time>
    </trkpt>
    <trkpt lat="40.640764" lon="14.665849">
      <ele>0</ele>
      <time>2026-04-13T11:20:24.131Z</time>
    </trkpt>
    <trkpt lat="40.640704" lon="14.665851">
      <ele>0</ele>
      <time>2026-04-13T11:20:25.229Z</time>
    </trkpt>
    <trkpt lat="40.640431" lon="14.665861">
      <ele>0</ele>
      <time>2026-04-13T11:20:26.326Z</time>
    </trkpt>
    <trkpt lat="40.640387" lon="14.665854">
      <ele>0</ele>
      <time>2026-04-13T11:20:27.424Z</time>
    </trkpt>
    <trkpt lat="40.640358" lon="14.665830">
      <ele>0</ele>
      <time>2026-04-13T11:20:28.522Z</time>
    </trkpt>
    <trkpt lat="40.640338" lon="14.665800">
      <ele>0</ele>
      <time>2026-04-13T11:20:29.620Z</time>
    </trkpt>
    <trkpt lat="40.640316" lon="14.665731">
      <ele>0</ele>
      <time>2026-04-13T11:20:30.718Z</time>
    </trkpt>
    <trkpt lat="40.640303" lon="14.665648">
      <ele>0</ele>
      <time>2026-04-13T11:20:31.816Z</time>
    </trkpt>
    <trkpt lat="40.640293" lon="14.665566">
      <ele>0</ele>
      <time>2026-04-13T11:20:32.914Z</time>
    </trkpt>
    <trkpt lat="40.640289" lon="14.665526">
      <ele>0</ele>
      <time>2026-04-13T11:20:34.012Z</time>
    </trkpt>
    <trkpt lat="40.640281" lon="14.665383">
      <ele>0</ele>
      <time>2026-04-13T11:20:35.110Z</time>
    </trkpt>
    <trkpt lat="40.640287" lon="14.665287">
      <ele>0</ele>
      <time>2026-04-13T11:20:36.208Z</time>
    </trkpt>
    <trkpt lat="40.640310" lon="14.665141">
      <ele>0</ele>
      <time>2026-04-13T11:20:37.306Z</time>
    </trkpt>
    <trkpt lat="40.640359" lon="14.664749">
      <ele>0</ele>
      <time>2026-04-13T11:20:38.404Z</time>
    </trkpt>
    <trkpt lat="40.640376" lon="14.664611">
      <ele>0</ele>
      <time>2026-04-13T11:20:39.501Z</time>
    </trkpt>
    <trkpt lat="40.640387" lon="14.664510">
      <ele>0</ele>
      <time>2026-04-13T11:20:40.599Z</time>
    </trkpt>
    <trkpt lat="40.640381" lon="14.664343">
      <ele>0</ele>
      <time>2026-04-13T11:20:41.697Z</time>
    </trkpt>
    <trkpt lat="40.640358" lon="14.664120">
      <ele>0</ele>
      <time>2026-04-13T11:20:42.795Z</time>
    </trkpt>
    <trkpt lat="40.640354" lon="14.664005">
      <ele>0</ele>
      <time>2026-04-13T11:20:43.893Z</time>
    </trkpt>
    <trkpt lat="40.640368" lon="14.663909">
      <ele>0</ele>
      <time>2026-04-13T11:20:44.991Z</time>
    </trkpt>
    <trkpt lat="40.640408" lon="14.663810">
      <ele>0</ele>
      <time>2026-04-13T11:20:46.089Z</time>
    </trkpt>
    <trkpt lat="40.640459" lon="14.663739">
      <ele>0</ele>
      <time>2026-04-13T11:20:47.187Z</time>
    </trkpt>
    <trkpt lat="40.640527" lon="14.663679">
      <ele>0</ele>
      <time>2026-04-13T11:20:48.285Z</time>
    </trkpt>
    <trkpt lat="40.640593" lon="14.663635">
      <ele>0</ele>
      <time>2026-04-13T11:20:49.383Z</time>
    </trkpt>
    <trkpt lat="40.640653" lon="14.663628">
      <ele>0</ele>
      <time>2026-04-13T11:20:50.481Z</time>
    </trkpt>
    <trkpt lat="40.640736" lon="14.663630">
      <ele>0</ele>
      <time>2026-04-13T11:20:51.579Z</time>
    </trkpt>
    <trkpt lat="40.640822" lon="14.663655">
      <ele>0</ele>
      <time>2026-04-13T11:20:52.676Z</time>
    </trkpt>
    <trkpt lat="40.640955" lon="14.663707">
      <ele>0</ele>
      <time>2026-04-13T11:20:53.774Z</time>
    </trkpt>
    <trkpt lat="40.641010" lon="14.663753">
      <ele>0</ele>
      <time>2026-04-13T11:20:54.872Z</time>
    </trkpt>
    <trkpt lat="40.641071" lon="14.663815">
      <ele>0</ele>
      <time>2026-04-13T11:20:55.970Z</time>
    </trkpt>
    <trkpt lat="40.641144" lon="14.663897">
      <ele>0</ele>
      <time>2026-04-13T11:20:57.068Z</time>
    </trkpt>
    <trkpt lat="40.641218" lon="14.663973">
      <ele>0</ele>
      <time>2026-04-13T11:20:58.166Z</time>
    </trkpt>
    <trkpt lat="40.641278" lon="14.664032">
      <ele>0</ele>
      <time>2026-04-13T11:20:59.264Z</time>
    </trkpt>
    <trkpt lat="40.641345" lon="14.664075">
      <ele>0</ele>
      <time>2026-04-13T11:21:00.362Z</time>
    </trkpt>
    <trkpt lat="40.641421" lon="14.664077">
      <ele>0</ele>
      <time>2026-04-13T11:21:01.460Z</time>
    </trkpt>
    <trkpt lat="40.641484" lon="14.664060">
      <ele>0</ele>
      <time>2026-04-13T11:21:02.558Z</time>
    </trkpt>
    <trkpt lat="40.641541" lon="14.664039">
      <ele>0</ele>
      <time>2026-04-13T11:21:03.656Z</time>
    </trkpt>
    <trkpt lat="40.641593" lon="14.664015">
      <ele>0</ele>
      <time>2026-04-13T11:21:04.753Z</time>
    </trkpt>
    <trkpt lat="40.641634" lon="14.663982">
      <ele>0</ele>
      <time>2026-04-13T11:21:05.851Z</time>
    </trkpt>
    <trkpt lat="40.641658" lon="14.663942">
      <ele>0</ele>
      <time>2026-04-13T11:21:06.949Z</time>
    </trkpt>
    <trkpt lat="40.641688" lon="14.663846">
      <ele>0</ele>
      <time>2026-04-13T11:21:08.047Z</time>
    </trkpt>
    <trkpt lat="40.641732" lon="14.663703">
      <ele>0</ele>
      <time>2026-04-13T11:21:09.145Z</time>
    </trkpt>
    <trkpt lat="40.641764" lon="14.663640">
      <ele>0</ele>
      <time>2026-04-13T11:21:10.243Z</time>
    </trkpt>
    <trkpt lat="40.641803" lon="14.663592">
      <ele>0</ele>
      <time>2026-04-13T11:21:11.341Z</time>
    </trkpt>
    <trkpt lat="40.641840" lon="14.663568">
      <ele>0</ele>
      <time>2026-04-13T11:21:12.439Z</time>
    </trkpt>
    <trkpt lat="40.641884" lon="14.663542">
      <ele>0</ele>
      <time>2026-04-13T11:21:13.537Z</time>
    </trkpt>
    <trkpt lat="40.641983" lon="14.663481">
      <ele>0</ele>
      <time>2026-04-13T11:21:14.635Z</time>
    </trkpt>
    <trkpt lat="40.642041" lon="14.663435">
      <ele>0</ele>
      <time>2026-04-13T11:21:15.733Z</time>
    </trkpt>
    <trkpt lat="40.642102" lon="14.663383">
      <ele>0</ele>
      <time>2026-04-13T11:21:16.831Z</time>
    </trkpt>
    <trkpt lat="40.642167" lon="14.663325">
      <ele>0</ele>
      <time>2026-04-13T11:21:17.928Z</time>
    </trkpt>
    <trkpt lat="40.642199" lon="14.663298">
      <ele>0</ele>
      <time>2026-04-13T11:21:19.026Z</time>
    </trkpt>
    <trkpt lat="40.642233" lon="14.663250">
      <ele>0</ele>
      <time>2026-04-13T11:21:20.124Z</time>
    </trkpt>
    <trkpt lat="40.642271" lon="14.663189">
      <ele>0</ele>
      <time>2026-04-13T11:21:21.222Z</time>
    </trkpt>
    <trkpt lat="40.642315" lon="14.663119">
      <ele>0</ele>
      <time>2026-04-13T11:21:22.320Z</time>
    </trkpt>
    <trkpt lat="40.642357" lon="14.663050">
      <ele>0</ele>
      <time>2026-04-13T11:21:23.418Z</time>
    </trkpt>
    <trkpt lat="40.642392" lon="14.662966">
      <ele>0</ele>
      <time>2026-04-13T11:21:24.516Z</time>
    </trkpt>
    <trkpt lat="40.642418" lon="14.662873">
      <ele>0</ele>
      <time>2026-04-13T11:21:25.614Z</time>
    </trkpt>
    <trkpt lat="40.642446" lon="14.662729">
      <ele>0</ele>
      <time>2026-04-13T11:21:26.712Z</time>
    </trkpt>
    <trkpt lat="40.642482" lon="14.662537">
      <ele>0</ele>
      <time>2026-04-13T11:21:27.810Z</time>
    </trkpt>
    <trkpt lat="40.642487" lon="14.662437">
      <ele>0</ele>
      <time>2026-04-13T11:21:28.908Z</time>
    </trkpt>
    <trkpt lat="40.642469" lon="14.662357">
      <ele>0</ele>
      <time>2026-04-13T11:21:30.006Z</time>
    </trkpt>
    <trkpt lat="40.642446" lon="14.662285">
      <ele>0</ele>
      <time>2026-04-13T11:21:31.103Z</time>
    </trkpt>
    <trkpt lat="40.642441" lon="14.662223">
      <ele>0</ele>
      <time>2026-04-13T11:21:32.201Z</time>
    </trkpt>
    <trkpt lat="40.642447" lon="14.662167">
      <ele>0</ele>
      <time>2026-04-13T11:21:33.299Z</time>
    </trkpt>
    <trkpt lat="40.642460" lon="14.662110">
      <ele>0</ele>
      <time>2026-04-13T11:21:34.397Z</time>
    </trkpt>
    <trkpt lat="40.642479" lon="14.662058">
      <ele>0</ele>
      <time>2026-04-13T11:21:35.495Z</time>
    </trkpt>
    <trkpt lat="40.642506" lon="14.661998">
      <ele>0</ele>
      <time>2026-04-13T11:21:36.593Z</time>
    </trkpt>
    <trkpt lat="40.642537" lon="14.661949">
      <ele>0</ele>
      <time>2026-04-13T11:21:37.691Z</time>
    </trkpt>
    <trkpt lat="40.642607" lon="14.661866">
      <ele>0</ele>
      <time>2026-04-13T11:21:38.789Z</time>
    </trkpt>
    <trkpt lat="40.642734" lon="14.661766">
      <ele>0</ele>
      <time>2026-04-13T11:21:39.887Z</time>
    </trkpt>
    <trkpt lat="40.642791" lon="14.661722">
      <ele>0</ele>
      <time>2026-04-13T11:21:40.985Z</time>
    </trkpt>
    <trkpt lat="40.642845" lon="14.661667">
      <ele>0</ele>
      <time>2026-04-13T11:21:42.083Z</time>
    </trkpt>
    <trkpt lat="40.642887" lon="14.661608">
      <ele>0</ele>
      <time>2026-04-13T11:21:43.180Z</time>
    </trkpt>
    <trkpt lat="40.643002" lon="14.661406">
      <ele>0</ele>
      <time>2026-04-13T11:21:44.278Z</time>
    </trkpt>
    <trkpt lat="40.643203" lon="14.661049">
      <ele>0</ele>
      <time>2026-04-13T11:21:45.376Z</time>
    </trkpt>
    <trkpt lat="40.643237" lon="14.660986">
      <ele>0</ele>
      <time>2026-04-13T11:21:46.474Z</time>
    </trkpt>
    <trkpt lat="40.643252" lon="14.660932">
      <ele>0</ele>
      <time>2026-04-13T11:21:47.572Z</time>
    </trkpt>
    <trkpt lat="40.643251" lon="14.660871">
      <ele>0</ele>
      <time>2026-04-13T11:21:48.670Z</time>
    </trkpt>
    <trkpt lat="40.643241" lon="14.660811">
      <ele>0</ele>
      <time>2026-04-13T11:21:49.768Z</time>
    </trkpt>
    <trkpt lat="40.643218" lon="14.660746">
      <ele>0</ele>
      <time>2026-04-13T11:21:50.866Z</time>
    </trkpt>
    <trkpt lat="40.643189" lon="14.660690">
      <ele>0</ele>
      <time>2026-04-13T11:21:51.964Z</time>
    </trkpt>
    <trkpt lat="40.643155" lon="14.660639">
      <ele>0</ele>
      <time>2026-04-13T11:21:53.062Z</time>
    </trkpt>
    <trkpt lat="40.643111" lon="14.660602">
      <ele>0</ele>
      <time>2026-04-13T11:21:54.160Z</time>
    </trkpt>
    <trkpt lat="40.643054" lon="14.660582">
      <ele>0</ele>
      <time>2026-04-13T11:21:55.258Z</time>
    </trkpt>
    <trkpt lat="40.642972" lon="14.660584">
      <ele>0</ele>
      <time>2026-04-13T11:21:56.355Z</time>
    </trkpt>
    <trkpt lat="40.642748" lon="14.660611">
      <ele>0</ele>
      <time>2026-04-13T11:21:57.453Z</time>
    </trkpt>
    <trkpt lat="40.642689" lon="14.660614">
      <ele>0</ele>
      <time>2026-04-13T11:21:58.551Z</time>
    </trkpt>
    <trkpt lat="40.642650" lon="14.660585">
      <ele>0</ele>
      <time>2026-04-13T11:21:59.649Z</time>
    </trkpt>
    <trkpt lat="40.642624" lon="14.660547">
      <ele>0</ele>
      <time>2026-04-13T11:22:00.747Z</time>
    </trkpt>
    <trkpt lat="40.642596" lon="14.660502">
      <ele>0</ele>
      <time>2026-04-13T11:22:01.845Z</time>
    </trkpt>
    <trkpt lat="40.642579" lon="14.660447">
      <ele>0</ele>
      <time>2026-04-13T11:22:02.943Z</time>
    </trkpt>
    <trkpt lat="40.642578" lon="14.660383">
      <ele>0</ele>
      <time>2026-04-13T11:22:04.041Z</time>
    </trkpt>
    <trkpt lat="40.642585" lon="14.660297">
      <ele>0</ele>
      <time>2026-04-13T11:22:05.139Z</time>
    </trkpt>
    <trkpt lat="40.642602" lon="14.660189">
      <ele>0</ele>
      <time>2026-04-13T11:22:06.237Z</time>
    </trkpt>
    <trkpt lat="40.642625" lon="14.660097">
      <ele>0</ele>
      <time>2026-04-13T11:22:07.335Z</time>
    </trkpt>
    <trkpt lat="40.642711" lon="14.659919">
      <ele>0</ele>
      <time>2026-04-13T11:22:08.433Z</time>
    </trkpt>
    <trkpt lat="40.642814" lon="14.659722">
      <ele>0</ele>
      <time>2026-04-13T11:22:09.530Z</time>
    </trkpt>
    <trkpt lat="40.642851" lon="14.659665">
      <ele>0</ele>
      <time>2026-04-13T11:22:10.628Z</time>
    </trkpt>
    <trkpt lat="40.642875" lon="14.659636">
      <ele>0</ele>
      <time>2026-04-13T11:22:11.726Z</time>
    </trkpt>
    <trkpt lat="40.642903" lon="14.659615">
      <ele>0</ele>
      <time>2026-04-13T11:22:12.824Z</time>
    </trkpt>
    <trkpt lat="40.642934" lon="14.659596">
      <ele>0</ele>
      <time>2026-04-13T11:22:13.922Z</time>
    </trkpt>
    <trkpt lat="40.643055" lon="14.659564">
      <ele>0</ele>
      <time>2026-04-13T11:22:15.020Z</time>
    </trkpt>
    <trkpt lat="40.643112" lon="14.659546">
      <ele>0</ele>
      <time>2026-04-13T11:22:16.118Z</time>
    </trkpt>
    <trkpt lat="40.643173" lon="14.659498">
      <ele>0</ele>
      <time>2026-04-13T11:22:17.216Z</time>
    </trkpt>
    <trkpt lat="40.643210" lon="14.659445">
      <ele>0</ele>
      <time>2026-04-13T11:22:18.314Z</time>
    </trkpt>
    <trkpt lat="40.643227" lon="14.659384">
      <ele>0</ele>
      <time>2026-04-13T11:22:19.412Z</time>
    </trkpt>
    <trkpt lat="40.643224" lon="14.659319">
      <ele>0</ele>
      <time>2026-04-13T11:22:20.510Z</time>
    </trkpt>
    <trkpt lat="40.643204" lon="14.659260">
      <ele>0</ele>
      <time>2026-04-13T11:22:21.607Z</time>
    </trkpt>
    <trkpt lat="40.643164" lon="14.659222">
      <ele>0</ele>
      <time>2026-04-13T11:22:22.705Z</time>
    </trkpt>
    <trkpt lat="40.643115" lon="14.659182">
      <ele>0</ele>
      <time>2026-04-13T11:22:23.803Z</time>
    </trkpt>
    <trkpt lat="40.643018" lon="14.659110">
      <ele>0</ele>
      <time>2026-04-13T11:22:24.901Z</time>
    </trkpt>
    <trkpt lat="40.642950" lon="14.659055">
      <ele>0</ele>
      <time>2026-04-13T11:22:25.999Z</time>
    </trkpt>
    <trkpt lat="40.642889" lon="14.658970">
      <ele>0</ele>
      <time>2026-04-13T11:22:27.097Z</time>
    </trkpt>
    <trkpt lat="40.642858" lon="14.658890">
      <ele>0</ele>
      <time>2026-04-13T11:22:28.195Z</time>
    </trkpt>
    <trkpt lat="40.642844" lon="14.658840">
      <ele>0</ele>
      <time>2026-04-13T11:22:29.293Z</time>
    </trkpt>
    <trkpt lat="40.642838" lon="14.658784">
      <ele>0</ele>
      <time>2026-04-13T11:22:30.391Z</time>
    </trkpt>
    <trkpt lat="40.642846" lon="14.658605">
      <ele>0</ele>
      <time>2026-04-13T11:22:31.489Z</time>
    </trkpt>
    <trkpt lat="40.642845" lon="14.658583">
      <ele>0</ele>
      <time>2026-04-13T11:22:32.587Z</time>
    </trkpt>
    <trkpt lat="40.642842" lon="14.658538">
      <ele>0</ele>
      <time>2026-04-13T11:22:33.685Z</time>
    </trkpt>
    <trkpt lat="40.642829" lon="14.658469">
      <ele>0</ele>
      <time>2026-04-13T11:22:34.782Z</time>
    </trkpt>
    <trkpt lat="40.642805" lon="14.658406">
      <ele>0</ele>
      <time>2026-04-13T11:22:35.880Z</time>
    </trkpt>
    <trkpt lat="40.642638" lon="14.658142">
      <ele>0</ele>
      <time>2026-04-13T11:22:36.978Z</time>
    </trkpt>
    <trkpt lat="40.642569" lon="14.658040">
      <ele>0</ele>
      <time>2026-04-13T11:22:38.076Z</time>
    </trkpt>
    <trkpt lat="40.642542" lon="14.657984">
      <ele>0</ele>
      <time>2026-04-13T11:22:39.174Z</time>
    </trkpt>
    <trkpt lat="40.642510" lon="14.657843">
      <ele>0</ele>
      <time>2026-04-13T11:22:40.272Z</time>
    </trkpt>
    <trkpt lat="40.642467" lon="14.657446">
      <ele>0</ele>
      <time>2026-04-13T11:22:41.370Z</time>
    </trkpt>
    <trkpt lat="40.642456" lon="14.657331">
      <ele>0</ele>
      <time>2026-04-13T11:22:42.468Z</time>
    </trkpt>
    <trkpt lat="40.642462" lon="14.657254">
      <ele>0</ele>
      <time>2026-04-13T11:22:43.566Z</time>
    </trkpt>
    <trkpt lat="40.642487" lon="14.657173">
      <ele>0</ele>
      <time>2026-04-13T11:22:44.664Z</time>
    </trkpt>
    <trkpt lat="40.642534" lon="14.657060">
      <ele>0</ele>
      <time>2026-04-13T11:22:45.762Z</time>
    </trkpt>
    <trkpt lat="40.642590" lon="14.656941">
      <ele>0</ele>
      <time>2026-04-13T11:22:46.859Z</time>
    </trkpt>
    <trkpt lat="40.642639" lon="14.656844">
      <ele>0</ele>
      <time>2026-04-13T11:22:47.957Z</time>
    </trkpt>
    <trkpt lat="40.642664" lon="14.656786">
      <ele>0</ele>
      <time>2026-04-13T11:22:49.055Z</time>
    </trkpt>
    <trkpt lat="40.642676" lon="14.656738">
      <ele>0</ele>
      <time>2026-04-13T11:22:50.153Z</time>
    </trkpt>
    <trkpt lat="40.642674" lon="14.656684">
      <ele>0</ele>
      <time>2026-04-13T11:22:51.251Z</time>
    </trkpt>
    <trkpt lat="40.642655" lon="14.656615">
      <ele>0</ele>
      <time>2026-04-13T11:22:52.349Z</time>
    </trkpt>
    <trkpt lat="40.642644" lon="14.656564">
      <ele>0</ele>
      <time>2026-04-13T11:22:53.447Z</time>
    </trkpt>
    <trkpt lat="40.642649" lon="14.656497">
      <ele>0</ele>
      <time>2026-04-13T11:22:54.545Z</time>
    </trkpt>
    <trkpt lat="40.642674" lon="14.656433">
      <ele>0</ele>
      <time>2026-04-13T11:22:55.643Z</time>
    </trkpt>
    <trkpt lat="40.642727" lon="14.656354">
      <ele>0</ele>
      <time>2026-04-13T11:22:56.741Z</time>
    </trkpt>
    <trkpt lat="40.642778" lon="14.656299">
      <ele>0</ele>
      <time>2026-04-13T11:22:57.839Z</time>
    </trkpt>
    <trkpt lat="40.642821" lon="14.656259">
      <ele>0</ele>
      <time>2026-04-13T11:22:58.937Z</time>
    </trkpt>
    <trkpt lat="40.642851" lon="14.656239">
      <ele>0</ele>
      <time>2026-04-13T11:23:00.034Z</time>
    </trkpt>
    <trkpt lat="40.642958" lon="14.656211">
      <ele>0</ele>
      <time>2026-04-13T11:23:01.132Z</time>
    </trkpt>
    <trkpt lat="40.642997" lon="14.656178">
      <ele>0</ele>
      <time>2026-04-13T11:23:02.230Z</time>
    </trkpt>
    <trkpt lat="40.643038" lon="14.656096">
      <ele>0</ele>
      <time>2026-04-13T11:23:03.328Z</time>
    </trkpt>
    <trkpt lat="40.643049" lon="14.656031">
      <ele>0</ele>
      <time>2026-04-13T11:23:04.426Z</time>
    </trkpt>
    <trkpt lat="40.643038" lon="14.655905">
      <ele>0</ele>
      <time>2026-04-13T11:23:05.524Z</time>
    </trkpt>
    <trkpt lat="40.643027" lon="14.655812">
      <ele>0</ele>
      <time>2026-04-13T11:23:06.622Z</time>
    </trkpt>
    <trkpt lat="40.643028" lon="14.655767">
      <ele>0</ele>
      <time>2026-04-13T11:23:07.720Z</time>
    </trkpt>
    <trkpt lat="40.643041" lon="14.655679">
      <ele>0</ele>
      <time>2026-04-13T11:23:08.818Z</time>
    </trkpt>
    <trkpt lat="40.643068" lon="14.655525">
      <ele>0</ele>
      <time>2026-04-13T11:23:09.916Z</time>
    </trkpt>
    <trkpt lat="40.643079" lon="14.655433">
      <ele>0</ele>
      <time>2026-04-13T11:23:11.014Z</time>
    </trkpt>
    <trkpt lat="40.643076" lon="14.655386">
      <ele>0</ele>
      <time>2026-04-13T11:23:12.112Z</time>
    </trkpt>
    <trkpt lat="40.643061" lon="14.655336">
      <ele>0</ele>
      <time>2026-04-13T11:23:13.209Z</time>
    </trkpt>
    <trkpt lat="40.642966" lon="14.655085">
      <ele>0</ele>
      <time>2026-04-13T11:23:14.307Z</time>
    </trkpt>
    <trkpt lat="40.642942" lon="14.655014">
      <ele>0</ele>
      <time>2026-04-13T11:23:15.405Z</time>
    </trkpt>
    <trkpt lat="40.642933" lon="14.654970">
      <ele>0</ele>
      <time>2026-04-13T11:23:16.503Z</time>
    </trkpt>
    <trkpt lat="40.642931" lon="14.654916">
      <ele>0</ele>
      <time>2026-04-13T11:23:17.601Z</time>
    </trkpt>
    <trkpt lat="40.642942" lon="14.654848">
      <ele>0</ele>
      <time>2026-04-13T11:23:18.699Z</time>
    </trkpt>
    <trkpt lat="40.642972" lon="14.654751">
      <ele>0</ele>
      <time>2026-04-13T11:23:19.797Z</time>
    </trkpt>
    <trkpt lat="40.643036" lon="14.654646">
      <ele>0</ele>
      <time>2026-04-13T11:23:20.895Z</time>
    </trkpt>
    <trkpt lat="40.643055" lon="14.654598">
      <ele>0</ele>
      <time>2026-04-13T11:23:21.993Z</time>
    </trkpt>
    <trkpt lat="40.643064" lon="14.654549">
      <ele>0</ele>
      <time>2026-04-13T11:23:23.091Z</time>
    </trkpt>
    <trkpt lat="40.643082" lon="14.654437">
      <ele>0</ele>
      <time>2026-04-13T11:23:24.189Z</time>
    </trkpt>
    <trkpt lat="40.643107" lon="14.654353">
      <ele>0</ele>
      <time>2026-04-13T11:23:25.286Z</time>
    </trkpt>
    <trkpt lat="40.643147" lon="14.654238">
      <ele>0</ele>
      <time>2026-04-13T11:23:26.384Z</time>
    </trkpt>
    <trkpt lat="40.643171" lon="14.654159">
      <ele>0</ele>
      <time>2026-04-13T11:23:27.482Z</time>
    </trkpt>
    <trkpt lat="40.643184" lon="14.654085">
      <ele>0</ele>
      <time>2026-04-13T11:23:28.580Z</time>
    </trkpt>
    <trkpt lat="40.643174" lon="14.654006">
      <ele>0</ele>
      <time>2026-04-13T11:23:29.678Z</time>
    </trkpt>
    <trkpt lat="40.643150" lon="14.653936">
      <ele>0</ele>
      <time>2026-04-13T11:23:30.776Z</time>
    </trkpt>
    <trkpt lat="40.643122" lon="14.653875">
      <ele>0</ele>
      <time>2026-04-13T11:23:31.874Z</time>
    </trkpt>
    <trkpt lat="40.643092" lon="14.653827">
      <ele>0</ele>
      <time>2026-04-13T11:23:32.972Z</time>
    </trkpt>
    <trkpt lat="40.643059" lon="14.653790">
      <ele>0</ele>
      <time>2026-04-13T11:23:34.070Z</time>
    </trkpt>
    <trkpt lat="40.642999" lon="14.653734">
      <ele>0</ele>
      <time>2026-04-13T11:23:35.168Z</time>
    </trkpt>
    <trkpt lat="40.642929" lon="14.653657">
      <ele>0</ele>
      <time>2026-04-13T11:23:36.266Z</time>
    </trkpt>
    <trkpt lat="40.642894" lon="14.653596">
      <ele>0</ele>
      <time>2026-04-13T11:23:37.364Z</time>
    </trkpt>
    <trkpt lat="40.642882" lon="14.653568">
      <ele>0</ele>
      <time>2026-04-13T11:23:38.461Z</time>
    </trkpt>
    <trkpt lat="40.642803" lon="14.653384">
      <ele>0</ele>
      <time>2026-04-13T11:23:39.559Z</time>
    </trkpt>
    <trkpt lat="40.642760" lon="14.653276">
      <ele>0</ele>
      <time>2026-04-13T11:23:40.657Z</time>
    </trkpt>
    <trkpt lat="40.642745" lon="14.653213">
      <ele>0</ele>
      <time>2026-04-13T11:23:41.755Z</time>
    </trkpt>
    <trkpt lat="40.642746" lon="14.653160">
      <ele>0</ele>
      <time>2026-04-13T11:23:42.853Z</time>
    </trkpt>
    <trkpt lat="40.642756" lon="14.653116">
      <ele>0</ele>
      <time>2026-04-13T11:23:43.951Z</time>
    </trkpt>
    <trkpt lat="40.642787" lon="14.653039">
      <ele>0</ele>
      <time>2026-04-13T11:23:45.049Z</time>
    </trkpt>
    <trkpt lat="40.642824" lon="14.652950">
      <ele>0</ele>
      <time>2026-04-13T11:23:46.147Z</time>
    </trkpt>
    <trkpt lat="40.642866" lon="14.652846">
      <ele>0</ele>
      <time>2026-04-13T11:23:47.245Z</time>
    </trkpt>
    <trkpt lat="40.642965" lon="14.652611">
      <ele>0</ele>
      <time>2026-04-13T11:23:48.343Z</time>
    </trkpt>
    <trkpt lat="40.643019" lon="14.652482">
      <ele>0</ele>
      <time>2026-04-13T11:23:49.441Z</time>
    </trkpt>
    <trkpt lat="40.643062" lon="14.652407">
      <ele>0</ele>
      <time>2026-04-13T11:23:50.539Z</time>
    </trkpt>
    <trkpt lat="40.643149" lon="14.652310">
      <ele>0</ele>
      <time>2026-04-13T11:23:51.636Z</time>
    </trkpt>
    <trkpt lat="40.643239" lon="14.652215">
      <ele>0</ele>
      <time>2026-04-13T11:23:52.734Z</time>
    </trkpt>
    <trkpt lat="40.643285" lon="14.652151">
      <ele>0</ele>
      <time>2026-04-13T11:23:53.832Z</time>
    </trkpt>
    <trkpt lat="40.643318" lon="14.652079">
      <ele>0</ele>
      <time>2026-04-13T11:23:54.930Z</time>
    </trkpt>
    <trkpt lat="40.643333" lon="14.652012">
      <ele>0</ele>
      <time>2026-04-13T11:23:56.028Z</time>
    </trkpt>
    <trkpt lat="40.643342" lon="14.651958">
      <ele>0</ele>
      <time>2026-04-13T11:23:57.126Z</time>
    </trkpt>
    <trkpt lat="40.643344" lon="14.651907">
      <ele>0</ele>
      <time>2026-04-13T11:23:58.224Z</time>
    </trkpt>
    <trkpt lat="40.643340" lon="14.651848">
      <ele>0</ele>
      <time>2026-04-13T11:23:59.322Z</time>
    </trkpt>
    <trkpt lat="40.643326" lon="14.651768">
      <ele>0</ele>
      <time>2026-04-13T11:24:00.420Z</time>
    </trkpt>
    <trkpt lat="40.643306" lon="14.651639">
      <ele>0</ele>
      <time>2026-04-13T11:24:01.518Z</time>
    </trkpt>
    <trkpt lat="40.643289" lon="14.651558">
      <ele>0</ele>
      <time>2026-04-13T11:24:02.616Z</time>
    </trkpt>
    <trkpt lat="40.643288" lon="14.651500">
      <ele>0</ele>
      <time>2026-04-13T11:24:03.713Z</time>
    </trkpt>
    <trkpt lat="40.643311" lon="14.651447">
      <ele>0</ele>
      <time>2026-04-13T11:24:04.811Z</time>
    </trkpt>
    <trkpt lat="40.643343" lon="14.651418">
      <ele>0</ele>
      <time>2026-04-13T11:24:05.909Z</time>
    </trkpt>
    <trkpt lat="40.643390" lon="14.651393">
      <ele>0</ele>
      <time>2026-04-13T11:24:07.007Z</time>
    </trkpt>
    <trkpt lat="40.643459" lon="14.651367">
      <ele>0</ele>
      <time>2026-04-13T11:24:08.105Z</time>
    </trkpt>
    <trkpt lat="40.643522" lon="14.651347">
      <ele>0</ele>
      <time>2026-04-13T11:24:09.203Z</time>
    </trkpt>
    <trkpt lat="40.643610" lon="14.651330">
      <ele>0</ele>
      <time>2026-04-13T11:24:10.301Z</time>
    </trkpt>
    <trkpt lat="40.643690" lon="14.651328">
      <ele>0</ele>
      <time>2026-04-13T11:24:11.399Z</time>
    </trkpt>
    <trkpt lat="40.643758" lon="14.651317">
      <ele>0</ele>
      <time>2026-04-13T11:24:12.497Z</time>
    </trkpt>
    <trkpt lat="40.643833" lon="14.651298">
      <ele>0</ele>
      <time>2026-04-13T11:24:13.595Z</time>
    </trkpt>
    <trkpt lat="40.643899" lon="14.651265">
      <ele>0</ele>
      <time>2026-04-13T11:24:14.693Z</time>
    </trkpt>
    <trkpt lat="40.643978" lon="14.651204">
      <ele>0</ele>
      <time>2026-04-13T11:24:15.791Z</time>
    </trkpt>
    <trkpt lat="40.644117" lon="14.651091">
      <ele>0</ele>
      <time>2026-04-13T11:24:16.888Z</time>
    </trkpt>
    <trkpt lat="40.644242" lon="14.650990">
      <ele>0</ele>
      <time>2026-04-13T11:24:17.986Z</time>
    </trkpt>
    <trkpt lat="40.644311" lon="14.650940">
      <ele>0</ele>
      <time>2026-04-13T11:24:19.084Z</time>
    </trkpt>
    <trkpt lat="40.644354" lon="14.650927">
      <ele>0</ele>
      <time>2026-04-13T11:24:20.182Z</time>
    </trkpt>
    <trkpt lat="40.644400" lon="14.650918">
      <ele>0</ele>
      <time>2026-04-13T11:24:21.280Z</time>
    </trkpt>
    <trkpt lat="40.644441" lon="14.650917">
      <ele>0</ele>
      <time>2026-04-13T11:24:22.378Z</time>
    </trkpt>
    <trkpt lat="40.644482" lon="14.650926">
      <ele>0</ele>
      <time>2026-04-13T11:24:23.476Z</time>
    </trkpt>
    <trkpt lat="40.644515" lon="14.650949">
      <ele>0</ele>
      <time>2026-04-13T11:24:24.574Z</time>
    </trkpt>
    <trkpt lat="40.644551" lon="14.651000">
      <ele>0</ele>
      <time>2026-04-13T11:24:25.672Z</time>
    </trkpt>
    <trkpt lat="40.644589" lon="14.651061">
      <ele>0</ele>
      <time>2026-04-13T11:24:26.770Z</time>
    </trkpt>
    <trkpt lat="40.644882" lon="14.651576">
      <ele>0</ele>
      <time>2026-04-13T11:24:27.868Z</time>
    </trkpt>
    <trkpt lat="40.644957" lon="14.651664">
      <ele>0</ele>
      <time>2026-04-13T11:24:28.965Z</time>
    </trkpt>
    <trkpt lat="40.645042" lon="14.651719">
      <ele>0</ele>
      <time>2026-04-13T11:24:30.063Z</time>
    </trkpt>
    <trkpt lat="40.645112" lon="14.651744">
      <ele>0</ele>
      <time>2026-04-13T11:24:31.161Z</time>
    </trkpt>
    <trkpt lat="40.645180" lon="14.651759">
      <ele>0</ele>
      <time>2026-04-13T11:24:32.259Z</time>
    </trkpt>
    <trkpt lat="40.645271" lon="14.651776">
      <ele>0</ele>
      <time>2026-04-13T11:24:33.357Z</time>
    </trkpt>
    <trkpt lat="40.645473" lon="14.651814">
      <ele>0</ele>
      <time>2026-04-13T11:24:34.455Z</time>
    </trkpt>
    <trkpt lat="40.645530" lon="14.651818">
      <ele>0</ele>
      <time>2026-04-13T11:24:35.553Z</time>
    </trkpt>
    <trkpt lat="40.645591" lon="14.651810">
      <ele>0</ele>
      <time>2026-04-13T11:24:36.651Z</time>
    </trkpt>
    <trkpt lat="40.645634" lon="14.651797">
      <ele>0</ele>
      <time>2026-04-13T11:24:37.749Z</time>
    </trkpt>
    <trkpt lat="40.645680" lon="14.651771">
      <ele>0</ele>
      <time>2026-04-13T11:24:38.847Z</time>
    </trkpt>
    <trkpt lat="40.645692" lon="14.651758">
      <ele>0</ele>
      <time>2026-04-13T11:24:39.945Z</time>
    </trkpt>
    <trkpt lat="40.645762" lon="14.651496">
      <ele>0</ele>
      <time>2026-04-13T11:24:41.043Z</time>
    </trkpt>
    <trkpt lat="40.645759" lon="14.651466">
      <ele>0</ele>
      <time>2026-04-13T11:24:42.140Z</time>
    </trkpt>
    <trkpt lat="40.645750" lon="14.651425">
      <ele>0</ele>
      <time>2026-04-13T11:24:43.238Z</time>
    </trkpt>
    <trkpt lat="40.645737" lon="14.651398">
      <ele>0</ele>
      <time>2026-04-13T11:24:44.336Z</time>
    </trkpt>
    <trkpt lat="40.645691" lon="14.651349">
      <ele>0</ele>
      <time>2026-04-13T11:24:45.434Z</time>
    </trkpt>
    <trkpt lat="40.645632" lon="14.651291">
      <ele>0</ele>
      <time>2026-04-13T11:24:46.532Z</time>
    </trkpt>
    <trkpt lat="40.645480" lon="14.651142">
      <ele>0</ele>
      <time>2026-04-13T11:24:47.630Z</time>
    </trkpt>
    <trkpt lat="40.645447" lon="14.651105">
      <ele>0</ele>
      <time>2026-04-13T11:24:48.728Z</time>
    </trkpt>
    <trkpt lat="40.645423" lon="14.651066">
      <ele>0</ele>
      <time>2026-04-13T11:24:49.826Z</time>
    </trkpt>
    <trkpt lat="40.645406" lon="14.651017">
      <ele>0</ele>
      <time>2026-04-13T11:24:50.924Z</time>
    </trkpt>
    <trkpt lat="40.645403" lon="14.650953">
      <ele>0</ele>
      <time>2026-04-13T11:24:52.022Z</time>
    </trkpt>
    <trkpt lat="40.645415" lon="14.650889">
      <ele>0</ele>
      <time>2026-04-13T11:24:53.120Z</time>
    </trkpt>
    <trkpt lat="40.645531" lon="14.650534">
      <ele>0</ele>
      <time>2026-04-13T11:24:54.218Z</time>
    </trkpt>
    <trkpt lat="40.645605" lon="14.650314">
      <ele>0</ele>
      <time>2026-04-13T11:24:55.315Z</time>
    </trkpt>
    <trkpt lat="40.645635" lon="14.650219">
      <ele>0</ele>
      <time>2026-04-13T11:24:56.413Z</time>
    </trkpt>
    <trkpt lat="40.645648" lon="14.650167">
      <ele>0</ele>
      <time>2026-04-13T11:24:57.511Z</time>
    </trkpt>
    <trkpt lat="40.645653" lon="14.650118">
      <ele>0</ele>
      <time>2026-04-13T11:24:58.609Z</time>
    </trkpt>
    <trkpt lat="40.645645" lon="14.650057">
      <ele>0</ele>
      <time>2026-04-13T11:24:59.707Z</time>
    </trkpt>
    <trkpt lat="40.645624" lon="14.650016">
      <ele>0</ele>
      <time>2026-04-13T11:25:00.805Z</time>
    </trkpt>
    <trkpt lat="40.645599" lon="14.649979">
      <ele>0</ele>
      <time>2026-04-13T11:25:01.903Z</time>
    </trkpt>
    <trkpt lat="40.645423" lon="14.649742">
      <ele>0</ele>
      <time>2026-04-13T11:25:03.001Z</time>
    </trkpt>
    <trkpt lat="40.645369" lon="14.649669">
      <ele>0</ele>
      <time>2026-04-13T11:25:04.099Z</time>
    </trkpt>
    <trkpt lat="40.645333" lon="14.649620">
      <ele>0</ele>
      <time>2026-04-13T11:25:05.197Z</time>
    </trkpt>
    <trkpt lat="40.645280" lon="14.649580">
      <ele>0</ele>
      <time>2026-04-13T11:25:06.295Z</time>
    </trkpt>
    <trkpt lat="40.645212" lon="14.649562">
      <ele>0</ele>
      <time>2026-04-13T11:25:07.392Z</time>
    </trkpt>
    <trkpt lat="40.645087" lon="14.649542">
      <ele>0</ele>
      <time>2026-04-13T11:25:08.490Z</time>
    </trkpt>
    <trkpt lat="40.644925" lon="14.649460">
      <ele>0</ele>
      <time>2026-04-13T11:25:09.588Z</time>
    </trkpt>
    <trkpt lat="40.644842" lon="14.649416">
      <ele>0</ele>
      <time>2026-04-13T11:25:10.686Z</time>
    </trkpt>
    <trkpt lat="40.644766" lon="14.649349">
      <ele>0</ele>
      <time>2026-04-13T11:25:11.784Z</time>
    </trkpt>
    <trkpt lat="40.644731" lon="14.649315">
      <ele>0</ele>
      <time>2026-04-13T11:25:12.882Z</time>
    </trkpt>
    <trkpt lat="40.644698" lon="14.649293">
      <ele>0</ele>
      <time>2026-04-13T11:25:13.980Z</time>
    </trkpt>
    <trkpt lat="40.644664" lon="14.649273">
      <ele>0</ele>
      <time>2026-04-13T11:25:15.078Z</time>
    </trkpt>
    <trkpt lat="40.644609" lon="14.649255">
      <ele>0</ele>
      <time>2026-04-13T11:25:16.176Z</time>
    </trkpt>
    <trkpt lat="40.644546" lon="14.649260">
      <ele>0</ele>
      <time>2026-04-13T11:25:17.274Z</time>
    </trkpt>
    <trkpt lat="40.644497" lon="14.649271">
      <ele>0</ele>
      <time>2026-04-13T11:25:18.372Z</time>
    </trkpt>
    <trkpt lat="40.644294" lon="14.649314">
      <ele>0</ele>
      <time>2026-04-13T11:25:19.470Z</time>
    </trkpt>
    <trkpt lat="40.644251" lon="14.649318">
      <ele>0</ele>
      <time>2026-04-13T11:25:20.567Z</time>
    </trkpt>
    <trkpt lat="40.644213" lon="14.649293">
      <ele>0</ele>
      <time>2026-04-13T11:25:21.665Z</time>
    </trkpt>
    <trkpt lat="40.644179" lon="14.649258">
      <ele>0</ele>
      <time>2026-04-13T11:25:22.763Z</time>
    </trkpt>
    <trkpt lat="40.644126" lon="14.649159">
      <ele>0</ele>
      <time>2026-04-13T11:25:23.861Z</time>
    </trkpt>
    <trkpt lat="40.644070" lon="14.649026">
      <ele>0</ele>
      <time>2026-04-13T11:25:24.959Z</time>
    </trkpt>
    <trkpt lat="40.644042" lon="14.648902">
      <ele>0</ele>
      <time>2026-04-13T11:25:26.057Z</time>
    </trkpt>
    <trkpt lat="40.644040" lon="14.648835">
      <ele>0</ele>
      <time>2026-04-13T11:25:27.155Z</time>
    </trkpt>
    <trkpt lat="40.644046" lon="14.648790">
      <ele>0</ele>
      <time>2026-04-13T11:25:28.253Z</time>
    </trkpt>
    <trkpt lat="40.644061" lon="14.648729">
      <ele>0</ele>
      <time>2026-04-13T11:25:29.351Z</time>
    </trkpt>
    <trkpt lat="40.644086" lon="14.648670">
      <ele>0</ele>
      <time>2026-04-13T11:25:30.449Z</time>
    </trkpt>
    <trkpt lat="40.644207" lon="14.648432">
      <ele>0</ele>
      <time>2026-04-13T11:25:31.547Z</time>
    </trkpt>
    <trkpt lat="40.644242" lon="14.648337">
      <ele>0</ele>
      <time>2026-04-13T11:25:32.645Z</time>
    </trkpt>
    <trkpt lat="40.644301" lon="14.648150">
      <ele>0</ele>
      <time>2026-04-13T11:25:33.742Z</time>
    </trkpt>
    <trkpt lat="40.644352" lon="14.648010">
      <ele>0</ele>
      <time>2026-04-13T11:25:34.840Z</time>
    </trkpt>
    <trkpt lat="40.644488" lon="14.647815">
      <ele>0</ele>
      <time>2026-04-13T11:25:35.938Z</time>
    </trkpt>
    <trkpt lat="40.644613" lon="14.647618">
      <ele>0</ele>
      <time>2026-04-13T11:25:37.036Z</time>
    </trkpt>
    <trkpt lat="40.644717" lon="14.647411">
      <ele>0</ele>
      <time>2026-04-13T11:25:38.134Z</time>
    </trkpt>
    <trkpt lat="40.644905" lon="14.646995">
      <ele>0</ele>
      <time>2026-04-13T11:25:39.232Z</time>
    </trkpt>
    <trkpt lat="40.644943" lon="14.646937">
      <ele>0</ele>
      <time>2026-04-13T11:25:40.330Z</time>
    </trkpt>
    <trkpt lat="40.644969" lon="14.646903">
      <ele>0</ele>
      <time>2026-04-13T11:25:41.428Z</time>
    </trkpt>
    <trkpt lat="40.645006" lon="14.646864">
      <ele>0</ele>
      <time>2026-04-13T11:25:42.526Z</time>
    </trkpt>
    <trkpt lat="40.645109" lon="14.646765">
      <ele>0</ele>
      <time>2026-04-13T11:25:43.624Z</time>
    </trkpt>
    <trkpt lat="40.645271" lon="14.646624">
      <ele>0</ele>
      <time>2026-04-13T11:25:44.722Z</time>
    </trkpt>
    <trkpt lat="40.645442" lon="14.646437">
      <ele>0</ele>
      <time>2026-04-13T11:25:45.819Z</time>
    </trkpt>
    <trkpt lat="40.645606" lon="14.646265">
      <ele>0</ele>
      <time>2026-04-13T11:25:46.917Z</time>
    </trkpt>
    <trkpt lat="40.645807" lon="14.646052">
      <ele>0</ele>
      <time>2026-04-13T11:25:48.015Z</time>
    </trkpt>
    <trkpt lat="40.645889" lon="14.645974">
      <ele>0</ele>
      <time>2026-04-13T11:25:49.113Z</time>
    </trkpt>
    <trkpt lat="40.645979" lon="14.645909">
      <ele>0</ele>
      <time>2026-04-13T11:25:50.211Z</time>
    </trkpt>
    <trkpt lat="40.646071" lon="14.645865">
      <ele>0</ele>
      <time>2026-04-13T11:25:51.309Z</time>
    </trkpt>
    <trkpt lat="40.646122" lon="14.645847">
      <ele>0</ele>
      <time>2026-04-13T11:25:52.407Z</time>
    </trkpt>
    <trkpt lat="40.646190" lon="14.645837">
      <ele>0</ele>
      <time>2026-04-13T11:25:53.505Z</time>
    </trkpt>
    <trkpt lat="40.646268" lon="14.645845">
      <ele>0</ele>
      <time>2026-04-13T11:25:54.603Z</time>
    </trkpt>
    <trkpt lat="40.646351" lon="14.645865">
      <ele>0</ele>
      <time>2026-04-13T11:25:55.701Z</time>
    </trkpt>
    <trkpt lat="40.646430" lon="14.645888">
      <ele>0</ele>
      <time>2026-04-13T11:25:56.799Z</time>
    </trkpt>
    <trkpt lat="40.646514" lon="14.645902">
      <ele>0</ele>
      <time>2026-04-13T11:25:57.897Z</time>
    </trkpt>
    <trkpt lat="40.646574" lon="14.645899">
      <ele>0</ele>
      <time>2026-04-13T11:25:58.994Z</time>
    </trkpt>
    <trkpt lat="40.646632" lon="14.645884">
      <ele>0</ele>
      <time>2026-04-13T11:26:00.092Z</time>
    </trkpt>
    <trkpt lat="40.646686" lon="14.645861">
      <ele>0</ele>
      <time>2026-04-13T11:26:01.190Z</time>
    </trkpt>
    <trkpt lat="40.646750" lon="14.645810">
      <ele>0</ele>
      <time>2026-04-13T11:26:02.288Z</time>
    </trkpt>
    <trkpt lat="40.646795" lon="14.645750">
      <ele>0</ele>
      <time>2026-04-13T11:26:03.386Z</time>
    </trkpt>
    <trkpt lat="40.646838" lon="14.645667">
      <ele>0</ele>
      <time>2026-04-13T11:26:04.484Z</time>
    </trkpt>
    <trkpt lat="40.646856" lon="14.645604">
      <ele>0</ele>
      <time>2026-04-13T11:26:05.582Z</time>
    </trkpt>
    <trkpt lat="40.646866" lon="14.645512">
      <ele>0</ele>
      <time>2026-04-13T11:26:06.680Z</time>
    </trkpt>
    <trkpt lat="40.646864" lon="14.645443">
      <ele>0</ele>
      <time>2026-04-13T11:26:07.778Z</time>
    </trkpt>
    <trkpt lat="40.646852" lon="14.645372">
      <ele>0</ele>
      <time>2026-04-13T11:26:08.876Z</time>
    </trkpt>
    <trkpt lat="40.646821" lon="14.645284">
      <ele>0</ele>
      <time>2026-04-13T11:26:09.974Z</time>
    </trkpt>
    <trkpt lat="40.646754" lon="14.645190">
      <ele>0</ele>
      <time>2026-04-13T11:26:11.071Z</time>
    </trkpt>
    <trkpt lat="40.646673" lon="14.645099">
      <ele>0</ele>
      <time>2026-04-13T11:26:12.169Z</time>
    </trkpt>
    <trkpt lat="40.646662" lon="14.645089">
      <ele>0</ele>
      <time>2026-04-13T11:26:13.267Z</time>
    </trkpt>
    <trkpt lat="40.646641" lon="14.645040">
      <ele>0</ele>
      <time>2026-04-13T11:26:14.365Z</time>
    </trkpt>
    <trkpt lat="40.646621" lon="14.644974">
      <ele>0</ele>
      <time>2026-04-13T11:26:15.463Z</time>
    </trkpt>
    <trkpt lat="40.646619" lon="14.644937">
      <ele>0</ele>
      <time>2026-04-13T11:26:16.561Z</time>
    </trkpt>
    <trkpt lat="40.646615" lon="14.644876">
      <ele>0</ele>
      <time>2026-04-13T11:26:17.659Z</time>
    </trkpt>
    <trkpt lat="40.646615" lon="14.644821">
      <ele>0</ele>
      <time>2026-04-13T11:26:18.757Z</time>
    </trkpt>
    <trkpt lat="40.646653" lon="14.644743">
      <ele>0</ele>
      <time>2026-04-13T11:26:19.855Z</time>
    </trkpt>
    <trkpt lat="40.646672" lon="14.644688">
      <ele>0</ele>
      <time>2026-04-13T11:26:20.953Z</time>
    </trkpt>
    <trkpt lat="40.646769" lon="14.644452">
      <ele>0</ele>
      <time>2026-04-13T11:26:22.051Z</time>
    </trkpt>
    <trkpt lat="40.646936" lon="14.644053">
      <ele>0</ele>
      <time>2026-04-13T11:26:23.149Z</time>
    </trkpt>
    <trkpt lat="40.647097" lon="14.643668">
      <ele>0</ele>
      <time>2026-04-13T11:26:24.246Z</time>
    </trkpt>
    <trkpt lat="40.647133" lon="14.643579">
      <ele>0</ele>
      <time>2026-04-13T11:26:25.344Z</time>
    </trkpt>
    <trkpt lat="40.647299" lon="14.643177">
      <ele>0</ele>
      <time>2026-04-13T11:26:26.442Z</time>
    </trkpt>
    <trkpt lat="40.647348" lon="14.643059">
      <ele>0</ele>
      <time>2026-04-13T11:26:27.540Z</time>
    </trkpt>
    <trkpt lat="40.647397" lon="14.642941">
      <ele>0</ele>
      <time>2026-04-13T11:26:28.638Z</time>
    </trkpt>
    <trkpt lat="40.647550" lon="14.642575">
      <ele>0</ele>
      <time>2026-04-13T11:26:29.736Z</time>
    </trkpt>
    <trkpt lat="40.647648" lon="14.642340">
      <ele>0</ele>
      <time>2026-04-13T11:26:30.834Z</time>
    </trkpt>
    <trkpt lat="40.647692" lon="14.642225">
      <ele>0</ele>
      <time>2026-04-13T11:26:31.932Z</time>
    </trkpt>
    <trkpt lat="40.647711" lon="14.642128">
      <ele>0</ele>
      <time>2026-04-13T11:26:33.030Z</time>
    </trkpt>
    <trkpt lat="40.647905" lon="14.641603">
      <ele>0</ele>
      <time>2026-04-13T11:26:34.128Z</time>
    </trkpt>
    <trkpt lat="40.648129" lon="14.640991">
      <ele>0</ele>
      <time>2026-04-13T11:26:35.226Z</time>
    </trkpt>
    <trkpt lat="40.648156" lon="14.640915">
      <ele>0</ele>
      <time>2026-04-13T11:26:36.324Z</time>
    </trkpt>
    <trkpt lat="40.648183" lon="14.640849">
      <ele>0</ele>
      <time>2026-04-13T11:26:37.421Z</time>
    </trkpt>
    <trkpt lat="40.648311" lon="14.640497">
      <ele>0</ele>
      <time>2026-04-13T11:26:38.519Z</time>
    </trkpt>
    <trkpt lat="40.648343" lon="14.640410">
      <ele>0</ele>
      <time>2026-04-13T11:26:39.617Z</time>
    </trkpt>
    <trkpt lat="40.648369" lon="14.640342">
      <ele>0</ele>
      <time>2026-04-13T11:26:40.715Z</time>
    </trkpt>
    <trkpt lat="40.648451" lon="14.640113">
      <ele>0</ele>
      <time>2026-04-13T11:26:41.813Z</time>
    </trkpt>
    <trkpt lat="40.648619" lon="14.639668">
      <ele>0</ele>
      <time>2026-04-13T11:26:42.911Z</time>
    </trkpt>
    <trkpt lat="40.648632" lon="14.639631">
      <ele>0</ele>
      <time>2026-04-13T11:26:44.009Z</time>
    </trkpt>
    <trkpt lat="40.648747" lon="14.639322">
      <ele>0</ele>
      <time>2026-04-13T11:26:45.107Z</time>
    </trkpt>
    <trkpt lat="40.648824" lon="14.639109">
      <ele>0</ele>
      <time>2026-04-13T11:26:46.205Z</time>
    </trkpt>
    <trkpt lat="40.648835" lon="14.639068">
      <ele>0</ele>
      <time>2026-04-13T11:26:47.303Z</time>
    </trkpt>
    <trkpt lat="40.648900" lon="14.638802">
      <ele>0</ele>
      <time>2026-04-13T11:26:48.401Z</time>
    </trkpt>
    <trkpt lat="40.648934" lon="14.638574">
      <ele>0</ele>
      <time>2026-04-13T11:26:49.498Z</time>
    </trkpt>
    <trkpt lat="40.649013" lon="14.638081">
      <ele>0</ele>
      <time>2026-04-13T11:26:50.596Z</time>
    </trkpt>
    <trkpt lat="40.649022" lon="14.638041">
      <ele>0</ele>
      <time>2026-04-13T11:26:51.694Z</time>
    </trkpt>
    <trkpt lat="40.649097" lon="14.637643">
      <ele>0</ele>
      <time>2026-04-13T11:26:52.792Z</time>
    </trkpt>
    <trkpt lat="40.649175" lon="14.637192">
      <ele>0</ele>
      <time>2026-04-13T11:26:53.890Z</time>
    </trkpt>
    <trkpt lat="40.649252" lon="14.636741">
      <ele>0</ele>
      <time>2026-04-13T11:26:54.988Z</time>
    </trkpt>
    <trkpt lat="40.649262" lon="14.636686">
      <ele>0</ele>
      <time>2026-04-13T11:26:56.086Z</time>
    </trkpt>
    <trkpt lat="40.649325" lon="14.636302">
      <ele>0</ele>
      <time>2026-04-13T11:26:57.184Z</time>
    </trkpt>
    <trkpt lat="40.649347" lon="14.636175">
      <ele>0</ele>
      <time>2026-04-13T11:26:58.282Z</time>
    </trkpt>
    <trkpt lat="40.649417" lon="14.635707">
      <ele>0</ele>
      <time>2026-04-13T11:26:59.380Z</time>
    </trkpt>
    <trkpt lat="40.649451" lon="14.635472">
      <ele>0</ele>
      <time>2026-04-13T11:27:00.478Z</time>
    </trkpt>
    <trkpt lat="40.649462" lon="14.635353">
      <ele>0</ele>
      <time>2026-04-13T11:27:01.576Z</time>
    </trkpt>
    <trkpt lat="40.649469" lon="14.635232">
      <ele>0</ele>
      <time>2026-04-13T11:27:02.673Z</time>
    </trkpt>
    <trkpt lat="40.649470" lon="14.635055">
      <ele>0</ele>
      <time>2026-04-13T11:27:03.771Z</time>
    </trkpt>
    <trkpt lat="40.649466" lon="14.634921">
      <ele>0</ele>
      <time>2026-04-13T11:27:04.869Z</time>
    </trkpt>
    <trkpt lat="40.649455" lon="14.634801">
      <ele>0</ele>
      <time>2026-04-13T11:27:05.967Z</time>
    </trkpt>
    <trkpt lat="40.649430" lon="14.634588">
      <ele>0</ele>
      <time>2026-04-13T11:27:07.065Z</time>
    </trkpt>
    <trkpt lat="40.649410" lon="14.634492">
      <ele>0</ele>
      <time>2026-04-13T11:27:08.163Z</time>
    </trkpt>
    <trkpt lat="40.649384" lon="14.634398">
      <ele>0</ele>
      <time>2026-04-13T11:27:09.261Z</time>
    </trkpt>
    <trkpt lat="40.649358" lon="14.634320">
      <ele>0</ele>
      <time>2026-04-13T11:27:10.359Z</time>
    </trkpt>
    <trkpt lat="40.649315" lon="14.634224">
      <ele>0</ele>
      <time>2026-04-13T11:27:11.457Z</time>
    </trkpt>
    <trkpt lat="40.649234" lon="14.634095">
      <ele>0</ele>
      <time>2026-04-13T11:27:12.555Z</time>
    </trkpt>
    <trkpt lat="40.649048" lon="14.633878">
      <ele>0</ele>
      <time>2026-04-13T11:27:13.653Z</time>
    </trkpt>
    <trkpt lat="40.648917" lon="14.633743">
      <ele>0</ele>
      <time>2026-04-13T11:27:14.751Z</time>
    </trkpt>
    <trkpt lat="40.648792" lon="14.633619">
      <ele>0</ele>
      <time>2026-04-13T11:27:15.848Z</time>
    </trkpt>
    <trkpt lat="40.648671" lon="14.633505">
      <ele>0</ele>
      <time>2026-04-13T11:27:16.946Z</time>
    </trkpt>
    <trkpt lat="40.648603" lon="14.633459">
      <ele>0</ele>
      <time>2026-04-13T11:27:18.044Z</time>
    </trkpt>
    <trkpt lat="40.648538" lon="14.633443">
      <ele>0</ele>
      <time>2026-04-13T11:27:19.142Z</time>
    </trkpt>
    <trkpt lat="40.648468" lon="14.633448">
      <ele>0</ele>
      <time>2026-04-13T11:27:20.240Z</time>
    </trkpt>
    <trkpt lat="40.648409" lon="14.633479">
      <ele>0</ele>
      <time>2026-04-13T11:27:21.338Z</time>
    </trkpt>
    <trkpt lat="40.648266" lon="14.633588">
      <ele>0</ele>
      <time>2026-04-13T11:27:22.436Z</time>
    </trkpt>
    <trkpt lat="40.648213" lon="14.633619">
      <ele>0</ele>
      <time>2026-04-13T11:27:23.534Z</time>
    </trkpt>
    <trkpt lat="40.648160" lon="14.633644">
      <ele>0</ele>
      <time>2026-04-13T11:27:24.632Z</time>
    </trkpt>
    <trkpt lat="40.648123" lon="14.633657">
      <ele>0</ele>
      <time>2026-04-13T11:27:25.730Z</time>
    </trkpt>
    <trkpt lat="40.648062" lon="14.633663">
      <ele>0</ele>
      <time>2026-04-13T11:27:26.828Z</time>
    </trkpt>
    <trkpt lat="40.648010" lon="14.633650">
      <ele>0</ele>
      <time>2026-04-13T11:27:27.925Z</time>
    </trkpt>
    <trkpt lat="40.647958" lon="14.633596">
      <ele>0</ele>
      <time>2026-04-13T11:27:29.023Z</time>
    </trkpt>
    <trkpt lat="40.647927" lon="14.633549">
      <ele>0</ele>
      <time>2026-04-13T11:27:30.121Z</time>
    </trkpt>
    <trkpt lat="40.647892" lon="14.633479">
      <ele>0</ele>
      <time>2026-04-13T11:27:31.219Z</time>
    </trkpt>
    <trkpt lat="40.647869" lon="14.633413">
      <ele>0</ele>
      <time>2026-04-13T11:27:32.317Z</time>
    </trkpt>
    <trkpt lat="40.647850" lon="14.633323">
      <ele>0</ele>
      <time>2026-04-13T11:27:33.415Z</time>
    </trkpt>
    <trkpt lat="40.647861" lon="14.633233">
      <ele>0</ele>
      <time>2026-04-13T11:27:34.513Z</time>
    </trkpt>
    <trkpt lat="40.647894" lon="14.633094">
      <ele>0</ele>
      <time>2026-04-13T11:27:35.611Z</time>
    </trkpt>
    <trkpt lat="40.647930" lon="14.632938">
      <ele>0</ele>
      <time>2026-04-13T11:27:36.709Z</time>
    </trkpt>
    <trkpt lat="40.647950" lon="14.632812">
      <ele>0</ele>
      <time>2026-04-13T11:27:37.807Z</time>
    </trkpt>
    <trkpt lat="40.647955" lon="14.632730">
      <ele>0</ele>
      <time>2026-04-13T11:27:38.905Z</time>
    </trkpt>
    <trkpt lat="40.647960" lon="14.632621">
      <ele>0</ele>
      <time>2026-04-13T11:27:40.003Z</time>
    </trkpt>
    <trkpt lat="40.647976" lon="14.632533">
      <ele>0</ele>
      <time>2026-04-13T11:27:41.100Z</time>
    </trkpt>
    <trkpt lat="40.648050" lon="14.632283">
      <ele>0</ele>
      <time>2026-04-13T11:27:42.198Z</time>
    </trkpt>
    <trkpt lat="40.648124" lon="14.632023">
      <ele>0</ele>
      <time>2026-04-13T11:27:43.296Z</time>
    </trkpt>
    <trkpt lat="40.648279" lon="14.631426">
      <ele>0</ele>
      <time>2026-04-13T11:27:44.394Z</time>
    </trkpt>
    <trkpt lat="40.648303" lon="14.631254">
      <ele>0</ele>
      <time>2026-04-13T11:27:45.492Z</time>
    </trkpt>
    <trkpt lat="40.648318" lon="14.631105">
      <ele>0</ele>
      <time>2026-04-13T11:27:46.590Z</time>
    </trkpt>
    <trkpt lat="40.648322" lon="14.630970">
      <ele>0</ele>
      <time>2026-04-13T11:27:47.688Z</time>
    </trkpt>
    <trkpt lat="40.648317" lon="14.630841">
      <ele>0</ele>
      <time>2026-04-13T11:27:48.786Z</time>
    </trkpt>
    <trkpt lat="40.648324" lon="14.630749">
      <ele>0</ele>
      <time>2026-04-13T11:27:49.884Z</time>
    </trkpt>
    <trkpt lat="40.648338" lon="14.630677">
      <ele>0</ele>
      <time>2026-04-13T11:27:50.982Z</time>
    </trkpt>
    <trkpt lat="40.648383" lon="14.630432">
      <ele>0</ele>
      <time>2026-04-13T11:27:52.080Z</time>
    </trkpt>
    <trkpt lat="40.648455" lon="14.630126">
      <ele>0</ele>
      <time>2026-04-13T11:27:53.177Z</time>
    </trkpt>
    <trkpt lat="40.648482" lon="14.630003">
      <ele>0</ele>
      <time>2026-04-13T11:27:54.275Z</time>
    </trkpt>
    <trkpt lat="40.648508" lon="14.629938">
      <ele>0</ele>
      <time>2026-04-13T11:27:55.373Z</time>
    </trkpt>
    <trkpt lat="40.648542" lon="14.629893">
      <ele>0</ele>
      <time>2026-04-13T11:27:56.471Z</time>
    </trkpt>
    <trkpt lat="40.649089" lon="14.629516">
      <ele>0</ele>
      <time>2026-04-13T11:27:57.569Z</time>
    </trkpt>
    <trkpt lat="40.649200" lon="14.629449">
      <ele>0</ele>
      <time>2026-04-13T11:27:58.667Z</time>
    </trkpt>
    <trkpt lat="40.649426" lon="14.629277">
      <ele>0</ele>
      <time>2026-04-13T11:27:59.765Z</time>
    </trkpt>
    <trkpt lat="40.649548" lon="14.629149">
      <ele>0</ele>
      <time>2026-04-13T11:28:00.863Z</time>
    </trkpt>
    <trkpt lat="40.649599" lon="14.629081">
      <ele>0</ele>
      <time>2026-04-13T11:28:01.961Z</time>
    </trkpt>
    <trkpt lat="40.649630" lon="14.629014">
      <ele>0</ele>
      <time>2026-04-13T11:28:03.059Z</time>
    </trkpt>
    <trkpt lat="40.649636" lon="14.628930">
      <ele>0</ele>
      <time>2026-04-13T11:28:04.157Z</time>
    </trkpt>
    <trkpt lat="40.649599" lon="14.628592">
      <ele>0</ele>
      <time>2026-04-13T11:28:05.255Z</time>
    </trkpt>
    <trkpt lat="40.649591" lon="14.628518">
      <ele>0</ele>
      <time>2026-04-13T11:28:06.352Z</time>
    </trkpt>
    <trkpt lat="40.649537" lon="14.628055">
      <ele>0</ele>
      <time>2026-04-13T11:28:07.450Z</time>
    </trkpt>
    <trkpt lat="40.649533" lon="14.628019">
      <ele>0</ele>
      <time>2026-04-13T11:28:08.548Z</time>
    </trkpt>
    <trkpt lat="40.649516" lon="14.627874">
      <ele>0</ele>
      <time>2026-04-13T11:28:09.646Z</time>
    </trkpt>
    <trkpt lat="40.649482" lon="14.627579">
      <ele>0</ele>
      <time>2026-04-13T11:28:10.744Z</time>
    </trkpt>
    <trkpt lat="40.649445" lon="14.627260">
      <ele>0</ele>
      <time>2026-04-13T11:28:11.842Z</time>
    </trkpt>
    <trkpt lat="40.649443" lon="14.627231">
      <ele>0</ele>
      <time>2026-04-13T11:28:12.940Z</time>
    </trkpt>
    <trkpt lat="40.649420" lon="14.626983">
      <ele>0</ele>
      <time>2026-04-13T11:28:14.038Z</time>
    </trkpt>
    <trkpt lat="40.649407" lon="14.626891">
      <ele>0</ele>
      <time>2026-04-13T11:28:15.136Z</time>
    </trkpt>
    <trkpt lat="40.649381" lon="14.626729">
      <ele>0</ele>
      <time>2026-04-13T11:28:16.234Z</time>
    </trkpt>
    <trkpt lat="40.649356" lon="14.626606">
      <ele>0</ele>
      <time>2026-04-13T11:28:17.332Z</time>
    </trkpt>
    <trkpt lat="40.649332" lon="14.626471">
      <ele>0</ele>
      <time>2026-04-13T11:28:18.430Z</time>
    </trkpt>
    <trkpt lat="40.649323" lon="14.626373">
      <ele>0</ele>
      <time>2026-04-13T11:28:19.527Z</time>
    </trkpt>
    <trkpt lat="40.649350" lon="14.626300">
      <ele>0</ele>
      <time>2026-04-13T11:28:20.625Z</time>
    </trkpt>
    <trkpt lat="40.649382" lon="14.626249">
      <ele>0</ele>
      <time>2026-04-13T11:28:21.723Z</time>
    </trkpt>
    <trkpt lat="40.649407" lon="14.626223">
      <ele>0</ele>
      <time>2026-04-13T11:28:22.821Z</time>
    </trkpt>
    <trkpt lat="40.649463" lon="14.626181">
      <ele>0</ele>
      <time>2026-04-13T11:28:23.919Z</time>
    </trkpt>
    <trkpt lat="40.649508" lon="14.626150">
      <ele>0</ele>
      <time>2026-04-13T11:28:25.017Z</time>
    </trkpt>
    <trkpt lat="40.649574" lon="14.626103">
      <ele>0</ele>
      <time>2026-04-13T11:28:26.115Z</time>
    </trkpt>
    <trkpt lat="40.649585" lon="14.626095">
      <ele>0</ele>
      <time>2026-04-13T11:28:27.213Z</time>
    </trkpt>
    <trkpt lat="40.649972" lon="14.625889">
      <ele>0</ele>
      <time>2026-04-13T11:28:28.311Z</time>
    </trkpt>
    <trkpt lat="40.650335" lon="14.625711">
      <ele>0</ele>
      <time>2026-04-13T11:28:29.409Z</time>
    </trkpt>
    <trkpt lat="40.650675" lon="14.625581">
      <ele>0</ele>
      <time>2026-04-13T11:28:30.507Z</time>
    </trkpt>
    <trkpt lat="40.650911" lon="14.625484">
      <ele>0</ele>
      <time>2026-04-13T11:28:31.604Z</time>
    </trkpt>
    <trkpt lat="40.650947" lon="14.625453">
      <ele>0</ele>
      <time>2026-04-13T11:28:32.702Z</time>
    </trkpt>
    <trkpt lat="40.650966" lon="14.625406">
      <ele>0</ele>
      <time>2026-04-13T11:28:33.800Z</time>
    </trkpt>
    <trkpt lat="40.650975" lon="14.625360">
      <ele>0</ele>
      <time>2026-04-13T11:28:34.898Z</time>
    </trkpt>
    <trkpt lat="40.650963" lon="14.625305">
      <ele>0</ele>
      <time>2026-04-13T11:28:35.996Z</time>
    </trkpt>
    <trkpt lat="40.650939" lon="14.625277">
      <ele>0</ele>
      <time>2026-04-13T11:28:37.094Z</time>
    </trkpt>
    <trkpt lat="40.650909" lon="14.625259">
      <ele>0</ele>
      <time>2026-04-13T11:28:38.192Z</time>
    </trkpt>
    <trkpt lat="40.650869" lon="14.625256">
      <ele>0</ele>
      <time>2026-04-13T11:28:39.290Z</time>
    </trkpt>
    <trkpt lat="40.650836" lon="14.625266">
      <ele>0</ele>
      <time>2026-04-13T11:28:40.388Z</time>
    </trkpt>
    <trkpt lat="40.650622" lon="14.625323">
      <ele>0</ele>
      <time>2026-04-13T11:28:41.486Z</time>
    </trkpt>
    <trkpt lat="40.650514" lon="14.625373">
      <ele>0</ele>
      <time>2026-04-13T11:28:42.584Z</time>
    </trkpt>
    <trkpt lat="40.650378" lon="14.625424">
      <ele>0</ele>
      <time>2026-04-13T11:28:43.682Z</time>
    </trkpt>
    <trkpt lat="40.650253" lon="14.625475">
      <ele>0</ele>
      <time>2026-04-13T11:28:44.779Z</time>
    </trkpt>
    <trkpt lat="40.650027" lon="14.625595">
      <ele>0</ele>
      <time>2026-04-13T11:28:45.877Z</time>
    </trkpt>
    <trkpt lat="40.649987" lon="14.625598">
      <ele>0</ele>
      <time>2026-04-13T11:28:46.975Z</time>
    </trkpt>
    <trkpt lat="40.649957" lon="14.625587">
      <ele>0</ele>
      <time>2026-04-13T11:28:48.073Z</time>
    </trkpt>
    <trkpt lat="40.649927" lon="14.625560">
      <ele>0</ele>
      <time>2026-04-13T11:28:49.171Z</time>
    </trkpt>
    <trkpt lat="40.649907" lon="14.625529">
      <ele>0</ele>
      <time>2026-04-13T11:28:50.269Z</time>
    </trkpt>
    <trkpt lat="40.649867" lon="14.625446">
      <ele>0</ele>
      <time>2026-04-13T11:28:51.367Z</time>
    </trkpt>
    <trkpt lat="40.649839" lon="14.625420">
      <ele>0</ele>
      <time>2026-04-13T11:28:52.465Z</time>
    </trkpt>
    <trkpt lat="40.649808" lon="14.625415">
      <ele>0</ele>
      <time>2026-04-13T11:28:53.563Z</time>
    </trkpt>
    <trkpt lat="40.649773" lon="14.625415">
      <ele>0</ele>
      <time>2026-04-13T11:28:54.661Z</time>
    </trkpt>
    <trkpt lat="40.649738" lon="14.625429">
      <ele>0</ele>
      <time>2026-04-13T11:28:55.759Z</time>
    </trkpt>
    <trkpt lat="40.649584" lon="14.625496">
      <ele>0</ele>
      <time>2026-04-13T11:28:56.857Z</time>
    </trkpt>
    <trkpt lat="40.649480" lon="14.625563">
      <ele>0</ele>
      <time>2026-04-13T11:28:57.954Z</time>
    </trkpt>
    <trkpt lat="40.649404" lon="14.625638">
      <ele>0</ele>
      <time>2026-04-13T11:28:59.052Z</time>
    </trkpt>
    <trkpt lat="40.649363" lon="14.625709">
      <ele>0</ele>
      <time>2026-04-13T11:29:00.150Z</time>
    </trkpt>
    <trkpt lat="40.649354" lon="14.625725">
      <ele>0</ele>
      <time>2026-04-13T11:29:01.248Z</time>
    </trkpt>
    <trkpt lat="40.649346" lon="14.625738">
      <ele>0</ele>
      <time>2026-04-13T11:29:02.346Z</time>
    </trkpt>
    <trkpt lat="40.649280" lon="14.625818">
      <ele>0</ele>
      <time>2026-04-13T11:29:03.444Z</time>
    </trkpt>
    <trkpt lat="40.649211" lon="14.625846">
      <ele>0</ele>
      <time>2026-04-13T11:29:04.542Z</time>
    </trkpt>
    <trkpt lat="40.649139" lon="14.625841">
      <ele>0</ele>
      <time>2026-04-13T11:29:05.640Z</time>
    </trkpt>
    <trkpt lat="40.649009" lon="14.625800">
      <ele>0</ele>
      <time>2026-04-13T11:29:06.738Z</time>
    </trkpt>
    <trkpt lat="40.648895" lon="14.625785">
      <ele>0</ele>
      <time>2026-04-13T11:29:07.836Z</time>
    </trkpt>
    <trkpt lat="40.648774" lon="14.625772">
      <ele>0</ele>
      <time>2026-04-13T11:29:08.934Z</time>
    </trkpt>
    <trkpt lat="40.648730" lon="14.625747">
      <ele>0</ele>
      <time>2026-04-13T11:29:10.031Z</time>
    </trkpt>
    <trkpt lat="40.648437" lon="14.625565">
      <ele>0</ele>
      <time>2026-04-13T11:29:11.129Z</time>
    </trkpt>
    <trkpt lat="40.648387" lon="14.625528">
      <ele>0</ele>
      <time>2026-04-13T11:29:12.227Z</time>
    </trkpt>
    <trkpt lat="40.648357" lon="14.625489">
      <ele>0</ele>
      <time>2026-04-13T11:29:13.325Z</time>
    </trkpt>
    <trkpt lat="40.648328" lon="14.625432">
      <ele>0</ele>
      <time>2026-04-13T11:29:14.423Z</time>
    </trkpt>
    <trkpt lat="40.648311" lon="14.625365">
      <ele>0</ele>
      <time>2026-04-13T11:29:15.521Z</time>
    </trkpt>
    <trkpt lat="40.648335" lon="14.625122">
      <ele>0</ele>
      <time>2026-04-13T11:29:16.619Z</time>
    </trkpt>
    <trkpt lat="40.648337" lon="14.625016">
      <ele>0</ele>
      <time>2026-04-13T11:29:17.717Z</time>
    </trkpt>
    <trkpt lat="40.648327" lon="14.624938">
      <ele>0</ele>
      <time>2026-04-13T11:29:18.815Z</time>
    </trkpt>
    <trkpt lat="40.648294" lon="14.624874">
      <ele>0</ele>
      <time>2026-04-13T11:29:19.913Z</time>
    </trkpt>
    <trkpt lat="40.648259" lon="14.624831">
      <ele>0</ele>
      <time>2026-04-13T11:29:21.011Z</time>
    </trkpt>
    <trkpt lat="40.648212" lon="14.624791">
      <ele>0</ele>
      <time>2026-04-13T11:29:22.109Z</time>
    </trkpt>
    <trkpt lat="40.648154" lon="14.624750">
      <ele>0</ele>
      <time>2026-04-13T11:29:23.206Z</time>
    </trkpt>
    <trkpt lat="40.648069" lon="14.624685">
      <ele>0</ele>
      <time>2026-04-13T11:29:24.304Z</time>
    </trkpt>
    <trkpt lat="40.648026" lon="14.624652">
      <ele>0</ele>
      <time>2026-04-13T11:29:25.402Z</time>
    </trkpt>
    <trkpt lat="40.647999" lon="14.624629">
      <ele>0</ele>
      <time>2026-04-13T11:29:26.500Z</time>
    </trkpt>
    <trkpt lat="40.647965" lon="14.624592">
      <ele>0</ele>
      <time>2026-04-13T11:29:27.598Z</time>
    </trkpt>
    <trkpt lat="40.647920" lon="14.624535">
      <ele>0</ele>
      <time>2026-04-13T11:29:28.696Z</time>
    </trkpt>
    <trkpt lat="40.647894" lon="14.624489">
      <ele>0</ele>
      <time>2026-04-13T11:29:29.794Z</time>
    </trkpt>
    <trkpt lat="40.647868" lon="14.624444">
      <ele>0</ele>
      <time>2026-04-13T11:29:30.892Z</time>
    </trkpt>
    <trkpt lat="40.647844" lon="14.624383">
      <ele>0</ele>
      <time>2026-04-13T11:29:31.990Z</time>
    </trkpt>
    <trkpt lat="40.647827" lon="14.624342">
      <ele>0</ele>
      <time>2026-04-13T11:29:33.088Z</time>
    </trkpt>
    <trkpt lat="40.647815" lon="14.624230">
      <ele>0</ele>
      <time>2026-04-13T11:29:34.186Z</time>
    </trkpt>
    <trkpt lat="40.647816" lon="14.624177">
      <ele>0</ele>
      <time>2026-04-13T11:29:35.284Z</time>
    </trkpt>
    <trkpt lat="40.647821" lon="14.624114">
      <ele>0</ele>
      <time>2026-04-13T11:29:36.381Z</time>
    </trkpt>
    <trkpt lat="40.647828" lon="14.624047">
      <ele>0</ele>
      <time>2026-04-13T11:29:37.479Z</time>
    </trkpt>
    <trkpt lat="40.647852" lon="14.623990">
      <ele>0</ele>
      <time>2026-04-13T11:29:38.577Z</time>
    </trkpt>
    <trkpt lat="40.647963" lon="14.623907">
      <ele>0</ele>
      <time>2026-04-13T11:29:39.675Z</time>
    </trkpt>
    <trkpt lat="40.647994" lon="14.623880">
      <ele>0</ele>
      <time>2026-04-13T11:29:40.773Z</time>
    </trkpt>
    <trkpt lat="40.648048" lon="14.623778">
      <ele>0</ele>
      <time>2026-04-13T11:29:41.871Z</time>
    </trkpt>
    <trkpt lat="40.648061" lon="14.623707">
      <ele>0</ele>
      <time>2026-04-13T11:29:42.969Z</time>
    </trkpt>
    <trkpt lat="40.648057" lon="14.623628">
      <ele>0</ele>
      <time>2026-04-13T11:29:44.067Z</time>
    </trkpt>
    <trkpt lat="40.648010" lon="14.623513">
      <ele>0</ele>
      <time>2026-04-13T11:29:45.165Z</time>
    </trkpt>
    <trkpt lat="40.647955" lon="14.623413">
      <ele>0</ele>
      <time>2026-04-13T11:29:46.263Z</time>
    </trkpt>
    <trkpt lat="40.647901" lon="14.623311">
      <ele>0</ele>
      <time>2026-04-13T11:29:47.361Z</time>
    </trkpt>
    <trkpt lat="40.647894" lon="14.623274">
      <ele>0</ele>
      <time>2026-04-13T11:29:48.458Z</time>
    </trkpt>
    <trkpt lat="40.647890" lon="14.623216">
      <ele>0</ele>
      <time>2026-04-13T11:29:49.556Z</time>
    </trkpt>
    <trkpt lat="40.647889" lon="14.623132">
      <ele>0</ele>
      <time>2026-04-13T11:29:50.654Z</time>
    </trkpt>
    <trkpt lat="40.647885" lon="14.623089">
      <ele>0</ele>
      <time>2026-04-13T11:29:51.752Z</time>
    </trkpt>
    <trkpt lat="40.647873" lon="14.623048">
      <ele>0</ele>
      <time>2026-04-13T11:29:52.850Z</time>
    </trkpt>
    <trkpt lat="40.647683" lon="14.622687">
      <ele>0</ele>
      <time>2026-04-13T11:29:53.948Z</time>
    </trkpt>
    <trkpt lat="40.647653" lon="14.622613">
      <ele>0</ele>
      <time>2026-04-13T11:29:55.046Z</time>
    </trkpt>
    <trkpt lat="40.647629" lon="14.622495">
      <ele>0</ele>
      <time>2026-04-13T11:29:56.144Z</time>
    </trkpt>
    <trkpt lat="40.647575" lon="14.622282">
      <ele>0</ele>
      <time>2026-04-13T11:29:57.242Z</time>
    </trkpt>
    <trkpt lat="40.647546" lon="14.622192">
      <ele>0</ele>
      <time>2026-04-13T11:29:58.340Z</time>
    </trkpt>
    <trkpt lat="40.647512" lon="14.622130">
      <ele>0</ele>
      <time>2026-04-13T11:29:59.438Z</time>
    </trkpt>
    <trkpt lat="40.647483" lon="14.621962">
      <ele>0</ele>
      <time>2026-04-13T11:30:00.536Z</time>
    </trkpt>
    <trkpt lat="40.647466" lon="14.621895">
      <ele>0</ele>
      <time>2026-04-13T11:30:01.633Z</time>
    </trkpt>
    <trkpt lat="40.647424" lon="14.621817">
      <ele>0</ele>
      <time>2026-04-13T11:30:02.731Z</time>
    </trkpt>
    <trkpt lat="40.647366" lon="14.621745">
      <ele>0</ele>
      <time>2026-04-13T11:30:03.829Z</time>
    </trkpt>
    <trkpt lat="40.647299" lon="14.621699">
      <ele>0</ele>
      <time>2026-04-13T11:30:04.927Z</time>
    </trkpt>
    <trkpt lat="40.647143" lon="14.621611">
      <ele>0</ele>
      <time>2026-04-13T11:30:06.025Z</time>
    </trkpt>
    <trkpt lat="40.646949" lon="14.621537">
      <ele>0</ele>
      <time>2026-04-13T11:30:07.123Z</time>
    </trkpt>
    <trkpt lat="40.646858" lon="14.621516">
      <ele>0</ele>
      <time>2026-04-13T11:30:08.221Z</time>
    </trkpt>
    <trkpt lat="40.646657" lon="14.621529">
      <ele>0</ele>
      <time>2026-04-13T11:30:09.319Z</time>
    </trkpt>
    <trkpt lat="40.646609" lon="14.621522">
      <ele>0</ele>
      <time>2026-04-13T11:30:10.417Z</time>
    </trkpt>
    <trkpt lat="40.646564" lon="14.621496">
      <ele>0</ele>
      <time>2026-04-13T11:30:11.515Z</time>
    </trkpt>
    <trkpt lat="40.646530" lon="14.621424">
      <ele>0</ele>
      <time>2026-04-13T11:30:12.613Z</time>
    </trkpt>
    <trkpt lat="40.646499" lon="14.621334">
      <ele>0</ele>
      <time>2026-04-13T11:30:13.710Z</time>
    </trkpt>
    <trkpt lat="40.646460" lon="14.621139">
      <ele>0</ele>
      <time>2026-04-13T11:30:14.808Z</time>
    </trkpt>
    <trkpt lat="40.646432" lon="14.620987">
      <ele>0</ele>
      <time>2026-04-13T11:30:15.906Z</time>
    </trkpt>
    <trkpt lat="40.646422" lon="14.620907">
      <ele>0</ele>
      <time>2026-04-13T11:30:17.004Z</time>
    </trkpt>
    <trkpt lat="40.646428" lon="14.620808">
      <ele>0</ele>
      <time>2026-04-13T11:30:18.102Z</time>
    </trkpt>
    <trkpt lat="40.646441" lon="14.620704">
      <ele>0</ele>
      <time>2026-04-13T11:30:19.200Z</time>
    </trkpt>
    <trkpt lat="40.646497" lon="14.620436">
      <ele>0</ele>
      <time>2026-04-13T11:30:20.298Z</time>
    </trkpt>
    <trkpt lat="40.646538" lon="14.620255">
      <ele>0</ele>
      <time>2026-04-13T11:30:21.396Z</time>
    </trkpt>
    <trkpt lat="40.646561" lon="14.620188">
      <ele>0</ele>
      <time>2026-04-13T11:30:22.494Z</time>
    </trkpt>
    <trkpt lat="40.646616" lon="14.620049">
      <ele>0</ele>
      <time>2026-04-13T11:30:23.592Z</time>
    </trkpt>
    <trkpt lat="40.646648" lon="14.619973">
      <ele>0</ele>
      <time>2026-04-13T11:30:24.690Z</time>
    </trkpt>
    <trkpt lat="40.646659" lon="14.619911">
      <ele>0</ele>
      <time>2026-04-13T11:30:25.788Z</time>
    </trkpt>
    <trkpt lat="40.646654" lon="14.619854">
      <ele>0</ele>
      <time>2026-04-13T11:30:26.885Z</time>
    </trkpt>
    <trkpt lat="40.646645" lon="14.619808">
      <ele>0</ele>
      <time>2026-04-13T11:30:27.983Z</time>
    </trkpt>
    <trkpt lat="40.646621" lon="14.619757">
      <ele>0</ele>
      <time>2026-04-13T11:30:29.081Z</time>
    </trkpt>
    <trkpt lat="40.646561" lon="14.619665">
      <ele>0</ele>
      <time>2026-04-13T11:30:30.179Z</time>
    </trkpt>
    <trkpt lat="40.646510" lon="14.619593">
      <ele>0</ele>
      <time>2026-04-13T11:30:31.277Z</time>
    </trkpt>
    <trkpt lat="40.646455" lon="14.619541">
      <ele>0</ele>
      <time>2026-04-13T11:30:32.375Z</time>
    </trkpt>
    <trkpt lat="40.646391" lon="14.619508">
      <ele>0</ele>
      <time>2026-04-13T11:30:33.473Z</time>
    </trkpt>
    <trkpt lat="40.646248" lon="14.619476">
      <ele>0</ele>
      <time>2026-04-13T11:30:34.571Z</time>
    </trkpt>
    <trkpt lat="40.646201" lon="14.619457">
      <ele>0</ele>
      <time>2026-04-13T11:30:35.669Z</time>
    </trkpt>
    <trkpt lat="40.646159" lon="14.619429">
      <ele>0</ele>
      <time>2026-04-13T11:30:36.767Z</time>
    </trkpt>
    <trkpt lat="40.646131" lon="14.619393">
      <ele>0</ele>
      <time>2026-04-13T11:30:37.865Z</time>
    </trkpt>
    <trkpt lat="40.646104" lon="14.619330">
      <ele>0</ele>
      <time>2026-04-13T11:30:38.963Z</time>
    </trkpt>
    <trkpt lat="40.646091" lon="14.619275">
      <ele>0</ele>
      <time>2026-04-13T11:30:40.060Z</time>
    </trkpt>
    <trkpt lat="40.646090" lon="14.619219">
      <ele>0</ele>
      <time>2026-04-13T11:30:41.158Z</time>
    </trkpt>
    <trkpt lat="40.646124" lon="14.619058">
      <ele>0</ele>
      <time>2026-04-13T11:30:42.256Z</time>
    </trkpt>
    <trkpt lat="40.646156" lon="14.618898">
      <ele>0</ele>
      <time>2026-04-13T11:30:43.354Z</time>
    </trkpt>
    <trkpt lat="40.646162" lon="14.618813">
      <ele>0</ele>
      <time>2026-04-13T11:30:44.452Z</time>
    </trkpt>
    <trkpt lat="40.646144" lon="14.618744">
      <ele>0</ele>
      <time>2026-04-13T11:30:45.550Z</time>
    </trkpt>
    <trkpt lat="40.646126" lon="14.618701">
      <ele>0</ele>
      <time>2026-04-13T11:30:46.648Z</time>
    </trkpt>
    <trkpt lat="40.646105" lon="14.618680">
      <ele>0</ele>
      <time>2026-04-13T11:30:47.746Z</time>
    </trkpt>
    <trkpt lat="40.646077" lon="14.618664">
      <ele>0</ele>
      <time>2026-04-13T11:30:48.844Z</time>
    </trkpt>
    <trkpt lat="40.646025" lon="14.618663">
      <ele>0</ele>
      <time>2026-04-13T11:30:49.942Z</time>
    </trkpt>
    <trkpt lat="40.645946" lon="14.618708">
      <ele>0</ele>
      <time>2026-04-13T11:30:51.040Z</time>
    </trkpt>
    <trkpt lat="40.645853" lon="14.618782">
      <ele>0</ele>
      <time>2026-04-13T11:30:52.137Z</time>
    </trkpt>
    <trkpt lat="40.645798" lon="14.618824">
      <ele>0</ele>
      <time>2026-04-13T11:30:53.235Z</time>
    </trkpt>
    <trkpt lat="40.645759" lon="14.618844">
      <ele>0</ele>
      <time>2026-04-13T11:30:54.333Z</time>
    </trkpt>
    <trkpt lat="40.645674" lon="14.618863">
      <ele>0</ele>
      <time>2026-04-13T11:30:55.431Z</time>
    </trkpt>
    <trkpt lat="40.645583" lon="14.618873">
      <ele>0</ele>
      <time>2026-04-13T11:30:56.529Z</time>
    </trkpt>
    <trkpt lat="40.645476" lon="14.618871">
      <ele>0</ele>
      <time>2026-04-13T11:30:57.627Z</time>
    </trkpt>
    <trkpt lat="40.645383" lon="14.618849">
      <ele>0</ele>
      <time>2026-04-13T11:30:58.725Z</time>
    </trkpt>
    <trkpt lat="40.645283" lon="14.618821">
      <ele>0</ele>
      <time>2026-04-13T11:30:59.823Z</time>
    </trkpt>
    <trkpt lat="40.645217" lon="14.618799">
      <ele>0</ele>
      <time>2026-04-13T11:31:00.921Z</time>
    </trkpt>
    <trkpt lat="40.645165" lon="14.618779">
      <ele>0</ele>
      <time>2026-04-13T11:31:02.019Z</time>
    </trkpt>
    <trkpt lat="40.645050" lon="14.618673">
      <ele>0</ele>
      <time>2026-04-13T11:31:03.117Z</time>
    </trkpt>
    <trkpt lat="40.644965" lon="14.618571">
      <ele>0</ele>
      <time>2026-04-13T11:31:04.215Z</time>
    </trkpt>
    <trkpt lat="40.644923" lon="14.618533">
      <ele>0</ele>
      <time>2026-04-13T11:31:05.312Z</time>
    </trkpt>
    <trkpt lat="40.644878" lon="14.618505">
      <ele>0</ele>
      <time>2026-04-13T11:31:06.410Z</time>
    </trkpt>
    <trkpt lat="40.644827" lon="14.618496">
      <ele>0</ele>
      <time>2026-04-13T11:31:07.508Z</time>
    </trkpt>
    <trkpt lat="40.644625" lon="14.618504">
      <ele>0</ele>
      <time>2026-04-13T11:31:08.606Z</time>
    </trkpt>
    <trkpt lat="40.644499" lon="14.618493">
      <ele>0</ele>
      <time>2026-04-13T11:31:09.704Z</time>
    </trkpt>
    <trkpt lat="40.644441" lon="14.618500">
      <ele>0</ele>
      <time>2026-04-13T11:31:10.802Z</time>
    </trkpt>
    <trkpt lat="40.644355" lon="14.618520">
      <ele>0</ele>
      <time>2026-04-13T11:31:11.900Z</time>
    </trkpt>
    <trkpt lat="40.644279" lon="14.618553">
      <ele>0</ele>
      <time>2026-04-13T11:31:12.998Z</time>
    </trkpt>
    <trkpt lat="40.644200" lon="14.618546">
      <ele>0</ele>
      <time>2026-04-13T11:31:14.096Z</time>
    </trkpt>
    <trkpt lat="40.644148" lon="14.618503">
      <ele>0</ele>
      <time>2026-04-13T11:31:15.194Z</time>
    </trkpt>
    <trkpt lat="40.644113" lon="14.618432">
      <ele>0</ele>
      <time>2026-04-13T11:31:16.292Z</time>
    </trkpt>
    <trkpt lat="40.644098" lon="14.618363">
      <ele>0</ele>
      <time>2026-04-13T11:31:17.390Z</time>
    </trkpt>
    <trkpt lat="40.644084" lon="14.618214">
      <ele>0</ele>
      <time>2026-04-13T11:31:18.487Z</time>
    </trkpt>
    <trkpt lat="40.644065" lon="14.618115">
      <ele>0</ele>
      <time>2026-04-13T11:31:19.585Z</time>
    </trkpt>
    <trkpt lat="40.644037" lon="14.618028">
      <ele>0</ele>
      <time>2026-04-13T11:31:20.683Z</time>
    </trkpt>
    <trkpt lat="40.644022" lon="14.617990">
      <ele>0</ele>
      <time>2026-04-13T11:31:21.781Z</time>
    </trkpt>
    <trkpt lat="40.644002" lon="14.617959">
      <ele>0</ele>
      <time>2026-04-13T11:31:22.879Z</time>
    </trkpt>
    <trkpt lat="40.643992" lon="14.617952">
      <ele>0</ele>
      <time>2026-04-13T11:31:23.977Z</time>
    </trkpt>
    <trkpt lat="40.643977" lon="14.617942">
      <ele>0</ele>
      <time>2026-04-13T11:31:25.075Z</time>
    </trkpt>
    <trkpt lat="40.643940" lon="14.617938">
      <ele>0</ele>
      <time>2026-04-13T11:31:26.173Z</time>
    </trkpt>
    <trkpt lat="40.643801" lon="14.617955">
      <ele>0</ele>
      <time>2026-04-13T11:31:27.271Z</time>
    </trkpt>
    <trkpt lat="40.643752" lon="14.617959">
      <ele>0</ele>
      <time>2026-04-13T11:31:28.369Z</time>
    </trkpt>
    <trkpt lat="40.643701" lon="14.617932">
      <ele>0</ele>
      <time>2026-04-13T11:31:29.467Z</time>
    </trkpt>
    <trkpt lat="40.643668" lon="14.617901">
      <ele>0</ele>
      <time>2026-04-13T11:31:30.564Z</time>
    </trkpt>
    <trkpt lat="40.643644" lon="14.617852">
      <ele>0</ele>
      <time>2026-04-13T11:31:31.662Z</time>
    </trkpt>
    <trkpt lat="40.643572" lon="14.617617">
      <ele>0</ele>
      <time>2026-04-13T11:31:32.760Z</time>
    </trkpt>
    <trkpt lat="40.643554" lon="14.617585">
      <ele>0</ele>
      <time>2026-04-13T11:31:33.858Z</time>
    </trkpt>
    <trkpt lat="40.643540" lon="14.617575">
      <ele>0</ele>
      <time>2026-04-13T11:31:34.956Z</time>
    </trkpt>
    <trkpt lat="40.643522" lon="14.617568">
      <ele>0</ele>
      <time>2026-04-13T11:31:36.054Z</time>
    </trkpt>
    <trkpt lat="40.643501" lon="14.617566">
      <ele>0</ele>
      <time>2026-04-13T11:31:37.152Z</time>
    </trkpt>
    <trkpt lat="40.643471" lon="14.617577">
      <ele>0</ele>
      <time>2026-04-13T11:31:38.250Z</time>
    </trkpt>
    <trkpt lat="40.643439" lon="14.617606">
      <ele>0</ele>
      <time>2026-04-13T11:31:39.348Z</time>
    </trkpt>
    <trkpt lat="40.643376" lon="14.617700">
      <ele>0</ele>
      <time>2026-04-13T11:31:40.446Z</time>
    </trkpt>
    <trkpt lat="40.643264" lon="14.617848">
      <ele>0</ele>
      <time>2026-04-13T11:31:41.544Z</time>
    </trkpt>
    <trkpt lat="40.643190" lon="14.617919">
      <ele>0</ele>
      <time>2026-04-13T11:31:42.642Z</time>
    </trkpt>
    <trkpt lat="40.643131" lon="14.617967">
      <ele>0</ele>
      <time>2026-04-13T11:31:43.739Z</time>
    </trkpt>
    <trkpt lat="40.643081" lon="14.618000">
      <ele>0</ele>
      <time>2026-04-13T11:31:44.837Z</time>
    </trkpt>
    <trkpt lat="40.643022" lon="14.618016">
      <ele>0</ele>
      <time>2026-04-13T11:31:45.935Z</time>
    </trkpt>
    <trkpt lat="40.642979" lon="14.618032">
      <ele>0</ele>
      <time>2026-04-13T11:31:47.033Z</time>
    </trkpt>
    <trkpt lat="40.642771" lon="14.618140">
      <ele>0</ele>
      <time>2026-04-13T11:31:48.131Z</time>
    </trkpt>
    <trkpt lat="40.642721" lon="14.618150">
      <ele>0</ele>
      <time>2026-04-13T11:31:49.229Z</time>
    </trkpt>
    <trkpt lat="40.642664" lon="14.618151">
      <ele>0</ele>
      <time>2026-04-13T11:31:50.327Z</time>
    </trkpt>
    <trkpt lat="40.642580" lon="14.618143">
      <ele>0</ele>
      <time>2026-04-13T11:31:51.425Z</time>
    </trkpt>
    <trkpt lat="40.642476" lon="14.618122">
      <ele>0</ele>
      <time>2026-04-13T11:31:52.523Z</time>
    </trkpt>
    <trkpt lat="40.642306" lon="14.618101">
      <ele>0</ele>
      <time>2026-04-13T11:31:53.621Z</time>
    </trkpt>
    <trkpt lat="40.642251" lon="14.618071">
      <ele>0</ele>
      <time>2026-04-13T11:31:54.719Z</time>
    </trkpt>
    <trkpt lat="40.642213" lon="14.618038">
      <ele>0</ele>
      <time>2026-04-13T11:31:55.816Z</time>
    </trkpt>
    <trkpt lat="40.642178" lon="14.617983">
      <ele>0</ele>
      <time>2026-04-13T11:31:56.914Z</time>
    </trkpt>
    <trkpt lat="40.642086" lon="14.617643">
      <ele>0</ele>
      <time>2026-04-13T11:31:58.012Z</time>
    </trkpt>
    <trkpt lat="40.642029" lon="14.617417">
      <ele>0</ele>
      <time>2026-04-13T11:31:59.110Z</time>
    </trkpt>
    <trkpt lat="40.641992" lon="14.617273">
      <ele>0</ele>
      <time>2026-04-13T11:32:00.208Z</time>
    </trkpt>
    <trkpt lat="40.641945" lon="14.617022">
      <ele>0</ele>
      <time>2026-04-13T11:32:01.306Z</time>
    </trkpt>
    <trkpt lat="40.641939" lon="14.616948">
      <ele>0</ele>
      <time>2026-04-13T11:32:02.404Z</time>
    </trkpt>
    <trkpt lat="40.641941" lon="14.616868">
      <ele>0</ele>
      <time>2026-04-13T11:32:03.502Z</time>
    </trkpt>
    <trkpt lat="40.641979" lon="14.616734">
      <ele>0</ele>
      <time>2026-04-13T11:32:04.600Z</time>
    </trkpt>
    <trkpt lat="40.641986" lon="14.616683">
      <ele>0</ele>
      <time>2026-04-13T11:32:05.698Z</time>
    </trkpt>
    <trkpt lat="40.641984" lon="14.616637">
      <ele>0</ele>
      <time>2026-04-13T11:32:06.796Z</time>
    </trkpt>
    <trkpt lat="40.641965" lon="14.616572">
      <ele>0</ele>
      <time>2026-04-13T11:32:07.894Z</time>
    </trkpt>
    <trkpt lat="40.641909" lon="14.616397">
      <ele>0</ele>
      <time>2026-04-13T11:32:08.991Z</time>
    </trkpt>
    <trkpt lat="40.641874" lon="14.616350">
      <ele>0</ele>
      <time>2026-04-13T11:32:10.089Z</time>
    </trkpt>
    <trkpt lat="40.641853" lon="14.616331">
      <ele>0</ele>
      <time>2026-04-13T11:32:11.187Z</time>
    </trkpt>
    <trkpt lat="40.641823" lon="14.616325">
      <ele>0</ele>
      <time>2026-04-13T11:32:12.285Z</time>
    </trkpt>
    <trkpt lat="40.641794" lon="14.616329">
      <ele>0</ele>
      <time>2026-04-13T11:32:13.383Z</time>
    </trkpt>
    <trkpt lat="40.641714" lon="14.616359">
      <ele>0</ele>
      <time>2026-04-13T11:32:14.481Z</time>
    </trkpt>
    <trkpt lat="40.641674" lon="14.616367">
      <ele>0</ele>
      <time>2026-04-13T11:32:15.579Z</time>
    </trkpt>
    <trkpt lat="40.641627" lon="14.616360">
      <ele>0</ele>
      <time>2026-04-13T11:32:16.677Z</time>
    </trkpt>
    <trkpt lat="40.641567" lon="14.616328">
      <ele>0</ele>
      <time>2026-04-13T11:32:17.775Z</time>
    </trkpt>
    <trkpt lat="40.641518" lon="14.616286">
      <ele>0</ele>
      <time>2026-04-13T11:32:18.873Z</time>
    </trkpt>
    <trkpt lat="40.641387" lon="14.616107">
      <ele>0</ele>
      <time>2026-04-13T11:32:19.971Z</time>
    </trkpt>
    <trkpt lat="40.641335" lon="14.616053">
      <ele>0</ele>
      <time>2026-04-13T11:32:21.069Z</time>
    </trkpt>
    <trkpt lat="40.641183" lon="14.615961">
      <ele>0</ele>
      <time>2026-04-13T11:32:22.166Z</time>
    </trkpt>
    <trkpt lat="40.640746" lon="14.615496">
      <ele>0</ele>
      <time>2026-04-13T11:32:23.264Z</time>
    </trkpt>
    <trkpt lat="40.640697" lon="14.615445">
      <ele>0</ele>
      <time>2026-04-13T11:32:24.362Z</time>
    </trkpt>
    <trkpt lat="40.640619" lon="14.615376">
      <ele>0</ele>
      <time>2026-04-13T11:32:25.460Z</time>
    </trkpt>
    <trkpt lat="40.640552" lon="14.615316">
      <ele>0</ele>
      <time>2026-04-13T11:32:26.558Z</time>
    </trkpt>
    <trkpt lat="40.640454" lon="14.615267">
      <ele>0</ele>
      <time>2026-04-13T11:32:27.656Z</time>
    </trkpt>
    <trkpt lat="40.640355" lon="14.615216">
      <ele>0</ele>
      <time>2026-04-13T11:32:28.754Z</time>
    </trkpt>
    <trkpt lat="40.640299" lon="14.615160">
      <ele>0</ele>
      <time>2026-04-13T11:32:29.852Z</time>
    </trkpt>
    <trkpt lat="40.640210" lon="14.615020">
      <ele>0</ele>
      <time>2026-04-13T11:32:30.950Z</time>
    </trkpt>
    <trkpt lat="40.640180" lon="14.614938">
      <ele>0</ele>
      <time>2026-04-13T11:32:32.048Z</time>
    </trkpt>
    <trkpt lat="40.640139" lon="14.614770">
      <ele>0</ele>
      <time>2026-04-13T11:32:33.146Z</time>
    </trkpt>
    <trkpt lat="40.640111" lon="14.614691">
      <ele>0</ele>
      <time>2026-04-13T11:32:34.243Z</time>
    </trkpt>
    <trkpt lat="40.640073" lon="14.614631">
      <ele>0</ele>
      <time>2026-04-13T11:32:35.341Z</time>
    </trkpt>
    <trkpt lat="40.639807" lon="14.614281">
      <ele>0</ele>
      <time>2026-04-13T11:32:36.439Z</time>
    </trkpt>
    <trkpt lat="40.639774" lon="14.614205">
      <ele>0</ele>
      <time>2026-04-13T11:32:37.537Z</time>
    </trkpt>
    <trkpt lat="40.639757" lon="14.614127">
      <ele>0</ele>
      <time>2026-04-13T11:32:38.635Z</time>
    </trkpt>
    <trkpt lat="40.639760" lon="14.614055">
      <ele>0</ele>
      <time>2026-04-13T11:32:39.733Z</time>
    </trkpt>
    <trkpt lat="40.639777" lon="14.613998">
      <ele>0</ele>
      <time>2026-04-13T11:32:40.831Z</time>
    </trkpt>
    <trkpt lat="40.639835" lon="14.613833">
      <ele>0</ele>
      <time>2026-04-13T11:32:41.929Z</time>
    </trkpt>
    <trkpt lat="40.639839" lon="14.613772">
      <ele>0</ele>
      <time>2026-04-13T11:32:43.027Z</time>
    </trkpt>
    <trkpt lat="40.639832" lon="14.613729">
      <ele>0</ele>
      <time>2026-04-13T11:32:44.125Z</time>
    </trkpt>
    <trkpt lat="40.639822" lon="14.613693">
      <ele>0</ele>
      <time>2026-04-13T11:32:45.223Z</time>
    </trkpt>
    <trkpt lat="40.639777" lon="14.613629">
      <ele>0</ele>
      <time>2026-04-13T11:32:46.321Z</time>
    </trkpt>
    <trkpt lat="40.639738" lon="14.613581">
      <ele>0</ele>
      <time>2026-04-13T11:32:47.418Z</time>
    </trkpt>
    <trkpt lat="40.639651" lon="14.613503">
      <ele>0</ele>
      <time>2026-04-13T11:32:48.516Z</time>
    </trkpt>
    <trkpt lat="40.639592" lon="14.613453">
      <ele>0</ele>
      <time>2026-04-13T11:32:49.614Z</time>
    </trkpt>
    <trkpt lat="40.639534" lon="14.613399">
      <ele>0</ele>
      <time>2026-04-13T11:32:50.712Z</time>
    </trkpt>
    <trkpt lat="40.639470" lon="14.613322">
      <ele>0</ele>
      <time>2026-04-13T11:32:51.810Z</time>
    </trkpt>
    <trkpt lat="40.639451" lon="14.613275">
      <ele>0</ele>
      <time>2026-04-13T11:32:52.908Z</time>
    </trkpt>
    <trkpt lat="40.639433" lon="14.613215">
      <ele>0</ele>
      <time>2026-04-13T11:32:54.006Z</time>
    </trkpt>
    <trkpt lat="40.639402" lon="14.613164">
      <ele>0</ele>
      <time>2026-04-13T11:32:55.104Z</time>
    </trkpt>
    <trkpt lat="40.639352" lon="14.613097">
      <ele>0</ele>
      <time>2026-04-13T11:32:56.202Z</time>
    </trkpt>
    <trkpt lat="40.639327" lon="14.613068">
      <ele>0</ele>
      <time>2026-04-13T11:32:57.300Z</time>
    </trkpt>
    <trkpt lat="40.639298" lon="14.613039">
      <ele>0</ele>
      <time>2026-04-13T11:32:58.398Z</time>
    </trkpt>
    <trkpt lat="40.639267" lon="14.613018">
      <ele>0</ele>
      <time>2026-04-13T11:32:59.496Z</time>
    </trkpt>
    <trkpt lat="40.639225" lon="14.612994">
      <ele>0</ele>
      <time>2026-04-13T11:33:00.593Z</time>
    </trkpt>
    <trkpt lat="40.639175" lon="14.612971">
      <ele>0</ele>
      <time>2026-04-13T11:33:01.691Z</time>
    </trkpt>
    <trkpt lat="40.639153" lon="14.612961">
      <ele>0</ele>
      <time>2026-04-13T11:33:02.789Z</time>
    </trkpt>
    <trkpt lat="40.639111" lon="14.612958">
      <ele>0</ele>
      <time>2026-04-13T11:33:03.887Z</time>
    </trkpt>
    <trkpt lat="40.639029" lon="14.612953">
      <ele>0</ele>
      <time>2026-04-13T11:33:04.985Z</time>
    </trkpt>
    <trkpt lat="40.638963" lon="14.612950">
      <ele>0</ele>
      <time>2026-04-13T11:33:06.083Z</time>
    </trkpt>
    <trkpt lat="40.638898" lon="14.612945">
      <ele>0</ele>
      <time>2026-04-13T11:33:07.181Z</time>
    </trkpt>
    <trkpt lat="40.638837" lon="14.612933">
      <ele>0</ele>
      <time>2026-04-13T11:33:08.279Z</time>
    </trkpt>
    <trkpt lat="40.638789" lon="14.612918">
      <ele>0</ele>
      <time>2026-04-13T11:33:09.377Z</time>
    </trkpt>
    <trkpt lat="40.638754" lon="14.612904">
      <ele>0</ele>
      <time>2026-04-13T11:33:10.475Z</time>
    </trkpt>
    <trkpt lat="40.638725" lon="14.612880">
      <ele>0</ele>
      <time>2026-04-13T11:33:11.573Z</time>
    </trkpt>
    <trkpt lat="40.638701" lon="14.612854">
      <ele>0</ele>
      <time>2026-04-13T11:33:12.670Z</time>
    </trkpt>
    <trkpt lat="40.638641" lon="14.612762">
      <ele>0</ele>
      <time>2026-04-13T11:33:13.768Z</time>
    </trkpt>
    <trkpt lat="40.638623" lon="14.612743">
      <ele>0</ele>
      <time>2026-04-13T11:33:14.866Z</time>
    </trkpt>
    <trkpt lat="40.638594" lon="14.612724">
      <ele>0</ele>
      <time>2026-04-13T11:33:15.964Z</time>
    </trkpt>
    <trkpt lat="40.638570" lon="14.612712">
      <ele>0</ele>
      <time>2026-04-13T11:33:17.062Z</time>
    </trkpt>
    <trkpt lat="40.638525" lon="14.612701">
      <ele>0</ele>
      <time>2026-04-13T11:33:18.160Z</time>
    </trkpt>
    <trkpt lat="40.638451" lon="14.612700">
      <ele>0</ele>
      <time>2026-04-13T11:33:19.258Z</time>
    </trkpt>
    <trkpt lat="40.638274" lon="14.612706">
      <ele>0</ele>
      <time>2026-04-13T11:33:20.356Z</time>
    </trkpt>
    <trkpt lat="40.638142" lon="14.612714">
      <ele>0</ele>
      <time>2026-04-13T11:33:21.454Z</time>
    </trkpt>
    <trkpt lat="40.638102" lon="14.612713">
      <ele>0</ele>
      <time>2026-04-13T11:33:22.552Z</time>
    </trkpt>
    <trkpt lat="40.638048" lon="14.612703">
      <ele>0</ele>
      <time>2026-04-13T11:33:23.650Z</time>
    </trkpt>
    <trkpt lat="40.637985" lon="14.612726">
      <ele>0</ele>
      <time>2026-04-13T11:33:24.748Z</time>
    </trkpt>
    <trkpt lat="40.637943" lon="14.612715">
      <ele>0</ele>
      <time>2026-04-13T11:33:25.845Z</time>
    </trkpt>
    <trkpt lat="40.637853" lon="14.612666">
      <ele>0</ele>
      <time>2026-04-13T11:33:26.943Z</time>
    </trkpt>
    <trkpt lat="40.637796" lon="14.612631">
      <ele>0</ele>
      <time>2026-04-13T11:33:28.041Z</time>
    </trkpt>
    <trkpt lat="40.637756" lon="14.612601">
      <ele>0</ele>
      <time>2026-04-13T11:33:29.139Z</time>
    </trkpt>
    <trkpt lat="40.637708" lon="14.612521">
      <ele>0</ele>
      <time>2026-04-13T11:33:30.237Z</time>
    </trkpt>
    <trkpt lat="40.637642" lon="14.612412">
      <ele>0</ele>
      <time>2026-04-13T11:33:31.335Z</time>
    </trkpt>
    <trkpt lat="40.637579" lon="14.612330">
      <ele>0</ele>
      <time>2026-04-13T11:33:32.433Z</time>
    </trkpt>
    <trkpt lat="40.637531" lon="14.612295">
      <ele>0</ele>
      <time>2026-04-13T11:33:33.531Z</time>
    </trkpt>
    <trkpt lat="40.637487" lon="14.612277">
      <ele>0</ele>
      <time>2026-04-13T11:33:34.629Z</time>
    </trkpt>
    <trkpt lat="40.637422" lon="14.612236">
      <ele>0</ele>
      <time>2026-04-13T11:33:35.727Z</time>
    </trkpt>
    <trkpt lat="40.637344" lon="14.612145">
      <ele>0</ele>
      <time>2026-04-13T11:33:36.825Z</time>
    </trkpt>
    <trkpt lat="40.637305" lon="14.612082">
      <ele>0</ele>
      <time>2026-04-13T11:33:37.922Z</time>
    </trkpt>
    <trkpt lat="40.637268" lon="14.612014">
      <ele>0</ele>
      <time>2026-04-13T11:33:39.020Z</time>
    </trkpt>
    <trkpt lat="40.637203" lon="14.611888">
      <ele>0</ele>
      <time>2026-04-13T11:33:40.118Z</time>
    </trkpt>
    <trkpt lat="40.637182" lon="14.611849">
      <ele>0</ele>
      <time>2026-04-13T11:33:41.216Z</time>
    </trkpt>
    <trkpt lat="40.637169" lon="14.611808">
      <ele>0</ele>
      <time>2026-04-13T11:33:42.314Z</time>
    </trkpt>
    <trkpt lat="40.637157" lon="14.611769">
      <ele>0</ele>
      <time>2026-04-13T11:33:43.412Z</time>
    </trkpt>
    <trkpt lat="40.637175" lon="14.611713">
      <ele>0</ele>
      <time>2026-04-13T11:33:44.510Z</time>
    </trkpt>
    <trkpt lat="40.637201" lon="14.611690">
      <ele>0</ele>
      <time>2026-04-13T11:33:45.608Z</time>
    </trkpt>
    <trkpt lat="40.637283" lon="14.611597">
      <ele>0</ele>
      <time>2026-04-13T11:33:46.706Z</time>
    </trkpt>
    <trkpt lat="40.637366" lon="14.611523">
      <ele>0</ele>
      <time>2026-04-13T11:33:47.804Z</time>
    </trkpt>
    <trkpt lat="40.637422" lon="14.611466">
      <ele>0</ele>
      <time>2026-04-13T11:33:48.902Z</time>
    </trkpt>
    <trkpt lat="40.637445" lon="14.611418">
      <ele>0</ele>
      <time>2026-04-13T11:33:50.000Z</time>
    </trkpt>
    <trkpt lat="40.637460" lon="14.611343">
      <ele>0</ele>
      <time>2026-04-13T11:33:51.097Z</time>
    </trkpt>
    <trkpt lat="40.637464" lon="14.611260">
      <ele>0</ele>
      <time>2026-04-13T11:33:52.195Z</time>
    </trkpt>
    <trkpt lat="40.637466" lon="14.611167">
      <ele>0</ele>
      <time>2026-04-13T11:33:53.293Z</time>
    </trkpt>
    <trkpt lat="40.637467" lon="14.611092">
      <ele>0</ele>
      <time>2026-04-13T11:33:54.391Z</time>
    </trkpt>
    <trkpt lat="40.637460" lon="14.611039">
      <ele>0</ele>
      <time>2026-04-13T11:33:55.489Z</time>
    </trkpt>
    <trkpt lat="40.637449" lon="14.610996">
      <ele>0</ele>
      <time>2026-04-13T11:33:56.587Z</time>
    </trkpt>
    <trkpt lat="40.637428" lon="14.610952">
      <ele>0</ele>
      <time>2026-04-13T11:33:57.685Z</time>
    </trkpt>
    <trkpt lat="40.637403" lon="14.610906">
      <ele>0</ele>
      <time>2026-04-13T11:33:58.783Z</time>
    </trkpt>
    <trkpt lat="40.637375" lon="14.610859">
      <ele>0</ele>
      <time>2026-04-13T11:33:59.881Z</time>
    </trkpt>
    <trkpt lat="40.637353" lon="14.610830">
      <ele>0</ele>
      <time>2026-04-13T11:34:00.979Z</time>
    </trkpt>
    <trkpt lat="40.637210" lon="14.610666">
      <ele>0</ele>
      <time>2026-04-13T11:34:02.077Z</time>
    </trkpt>
    <trkpt lat="40.637039" lon="14.610440">
      <ele>0</ele>
      <time>2026-04-13T11:34:03.175Z</time>
    </trkpt>
    <trkpt lat="40.637008" lon="14.610403">
      <ele>0</ele>
      <time>2026-04-13T11:34:04.272Z</time>
    </trkpt>
    <trkpt lat="40.636977" lon="14.610368">
      <ele>0</ele>
      <time>2026-04-13T11:34:05.370Z</time>
    </trkpt>
    <trkpt lat="40.636883" lon="14.610273">
      <ele>0</ele>
      <time>2026-04-13T11:34:06.468Z</time>
    </trkpt>
    <trkpt lat="40.636797" lon="14.610199">
      <ele>0</ele>
      <time>2026-04-13T11:34:07.566Z</time>
    </trkpt>
    <trkpt lat="40.636755" lon="14.610169">
      <ele>0</ele>
      <time>2026-04-13T11:34:08.664Z</time>
    </trkpt>
    <trkpt lat="40.636731" lon="14.610154">
      <ele>0</ele>
      <time>2026-04-13T11:34:09.762Z</time>
    </trkpt>
    <trkpt lat="40.636679" lon="14.610133">
      <ele>0</ele>
      <time>2026-04-13T11:34:10.860Z</time>
    </trkpt>
    <trkpt lat="40.636643" lon="14.610126">
      <ele>0</ele>
      <time>2026-04-13T11:34:11.958Z</time>
    </trkpt>
    <trkpt lat="40.636613" lon="14.610125">
      <ele>0</ele>
      <time>2026-04-13T11:34:13.056Z</time>
    </trkpt>
    <trkpt lat="40.636579" lon="14.610136">
      <ele>0</ele>
      <time>2026-04-13T11:34:14.154Z</time>
    </trkpt>
    <trkpt lat="40.636518" lon="14.610167">
      <ele>0</ele>
      <time>2026-04-13T11:34:15.252Z</time>
    </trkpt>
    <trkpt lat="40.636454" lon="14.610186">
      <ele>0</ele>
      <time>2026-04-13T11:34:16.349Z</time>
    </trkpt>
    <trkpt lat="40.636383" lon="14.610196">
      <ele>0</ele>
      <time>2026-04-13T11:34:17.447Z</time>
    </trkpt>
    <trkpt lat="40.636297" lon="14.610209">
      <ele>0</ele>
      <time>2026-04-13T11:34:18.545Z</time>
    </trkpt>
    <trkpt lat="40.636240" lon="14.610211">
      <ele>0</ele>
      <time>2026-04-13T11:34:19.643Z</time>
    </trkpt>
    <trkpt lat="40.636120" lon="14.610218">
      <ele>0</ele>
      <time>2026-04-13T11:34:20.741Z</time>
    </trkpt>
    <trkpt lat="40.636087" lon="14.610220">
      <ele>0</ele>
      <time>2026-04-13T11:34:21.839Z</time>
    </trkpt>
    <trkpt lat="40.636051" lon="14.610223">
      <ele>0</ele>
      <time>2026-04-13T11:34:22.937Z</time>
    </trkpt>
    <trkpt lat="40.636016" lon="14.610225">
      <ele>0</ele>
      <time>2026-04-13T11:34:24.035Z</time>
    </trkpt>
    <trkpt lat="40.635990" lon="14.610224">
      <ele>0</ele>
      <time>2026-04-13T11:34:25.133Z</time>
    </trkpt>
    <trkpt lat="40.635966" lon="14.610222">
      <ele>0</ele>
      <time>2026-04-13T11:34:26.231Z</time>
    </trkpt>
    <trkpt lat="40.635928" lon="14.610220">
      <ele>0</ele>
      <time>2026-04-13T11:34:27.329Z</time>
    </trkpt>
    <trkpt lat="40.635880" lon="14.610211">
      <ele>0</ele>
      <time>2026-04-13T11:34:28.427Z</time>
    </trkpt>
    <trkpt lat="40.635840" lon="14.610197">
      <ele>0</ele>
      <time>2026-04-13T11:34:29.524Z</time>
    </trkpt>
    <trkpt lat="40.635811" lon="14.610178">
      <ele>0</ele>
      <time>2026-04-13T11:34:30.622Z</time>
    </trkpt>
    <trkpt lat="40.635797" lon="14.610166">
      <ele>0</ele>
      <time>2026-04-13T11:34:31.720Z</time>
    </trkpt>
    <trkpt lat="40.635787" lon="14.610150">
      <ele>0</ele>
      <time>2026-04-13T11:34:32.818Z</time>
    </trkpt>
    <trkpt lat="40.635770" lon="14.610127">
      <ele>0</ele>
      <time>2026-04-13T11:34:33.916Z</time>
    </trkpt>
    <trkpt lat="40.635756" lon="14.610107">
      <ele>0</ele>
      <time>2026-04-13T11:34:35.014Z</time>
    </trkpt>
    <trkpt lat="40.635741" lon="14.610082">
      <ele>0</ele>
      <time>2026-04-13T11:34:36.112Z</time>
    </trkpt>
    <trkpt lat="40.635726" lon="14.610052">
      <ele>0</ele>
      <time>2026-04-13T11:34:37.210Z</time>
    </trkpt>
    <trkpt lat="40.635717" lon="14.610027">
      <ele>0</ele>
      <time>2026-04-13T11:34:38.308Z</time>
    </trkpt>
    <trkpt lat="40.635705" lon="14.609994">
      <ele>0</ele>
      <time>2026-04-13T11:34:39.406Z</time>
    </trkpt>
    <trkpt lat="40.635696" lon="14.609953">
      <ele>0</ele>
      <time>2026-04-13T11:34:40.504Z</time>
    </trkpt>
    <trkpt lat="40.635689" lon="14.609916">
      <ele>0</ele>
      <time>2026-04-13T11:34:41.602Z</time>
    </trkpt>
    <trkpt lat="40.635686" lon="14.609877">
      <ele>0</ele>
      <time>2026-04-13T11:34:42.699Z</time>
    </trkpt>
    <trkpt lat="40.635689" lon="14.609839">
      <ele>0</ele>
      <time>2026-04-13T11:34:43.797Z</time>
    </trkpt>
    <trkpt lat="40.635694" lon="14.609813">
      <ele>0</ele>
      <time>2026-04-13T11:34:44.895Z</time>
    </trkpt>
    <trkpt lat="40.635698" lon="14.609787">
      <ele>0</ele>
      <time>2026-04-13T11:34:45.993Z</time>
    </trkpt>
    <trkpt lat="40.635713" lon="14.609755">
      <ele>0</ele>
      <time>2026-04-13T11:34:47.091Z</time>
    </trkpt>
    <trkpt lat="40.635728" lon="14.609728">
      <ele>0</ele>
      <time>2026-04-13T11:34:48.189Z</time>
    </trkpt>
    <trkpt lat="40.635752" lon="14.609696">
      <ele>0</ele>
      <time>2026-04-13T11:34:49.287Z</time>
    </trkpt>
    <trkpt lat="40.635763" lon="14.609677">
      <ele>0</ele>
      <time>2026-04-13T11:34:50.385Z</time>
    </trkpt>
    <trkpt lat="40.635842" lon="14.609568">
      <ele>0</ele>
      <time>2026-04-13T11:34:51.483Z</time>
    </trkpt>
    <trkpt lat="40.635852" lon="14.609544">
      <ele>0</ele>
      <time>2026-04-13T11:34:52.581Z</time>
    </trkpt>
    <trkpt lat="40.635860" lon="14.609520">
      <ele>0</ele>
      <time>2026-04-13T11:34:53.679Z</time>
    </trkpt>
    <trkpt lat="40.635863" lon="14.609485">
      <ele>0</ele>
      <time>2026-04-13T11:34:54.776Z</time>
    </trkpt>
    <trkpt lat="40.635859" lon="14.609446">
      <ele>0</ele>
      <time>2026-04-13T11:34:55.874Z</time>
    </trkpt>
    <trkpt lat="40.635844" lon="14.609353">
      <ele>0</ele>
      <time>2026-04-13T11:34:56.972Z</time>
    </trkpt>
    <trkpt lat="40.635800" lon="14.609101">
      <ele>0</ele>
      <time>2026-04-13T11:34:58.070Z</time>
    </trkpt>
    <trkpt lat="40.635761" lon="14.608870">
      <ele>0</ele>
      <time>2026-04-13T11:34:59.168Z</time>
    </trkpt>
    <trkpt lat="40.635738" lon="14.608739">
      <ele>0</ele>
      <time>2026-04-13T11:35:00.266Z</time>
    </trkpt>
    <trkpt lat="40.635722" lon="14.608677">
      <ele>0</ele>
      <time>2026-04-13T11:35:01.364Z</time>
    </trkpt>
    <trkpt lat="40.635715" lon="14.608653">
      <ele>0</ele>
      <time>2026-04-13T11:35:02.462Z</time>
    </trkpt>
    <trkpt lat="40.635703" lon="14.608620">
      <ele>0</ele>
      <time>2026-04-13T11:35:03.560Z</time>
    </trkpt>
    <trkpt lat="40.635693" lon="14.608593">
      <ele>0</ele>
      <time>2026-04-13T11:35:04.658Z</time>
    </trkpt>
    <trkpt lat="40.635685" lon="14.608577">
      <ele>0</ele>
      <time>2026-04-13T11:35:05.756Z</time>
    </trkpt>
    <trkpt lat="40.635668" lon="14.608552">
      <ele>0</ele>
      <time>2026-04-13T11:35:06.854Z</time>
    </trkpt>
    <trkpt lat="40.635641" lon="14.608517">
      <ele>0</ele>
      <time>2026-04-13T11:35:07.951Z</time>
    </trkpt>
    <trkpt lat="40.635613" lon="14.608486">
      <ele>0</ele>
      <time>2026-04-13T11:35:09.049Z</time>
    </trkpt>
    <trkpt lat="40.635573" lon="14.608445">
      <ele>0</ele>
      <time>2026-04-13T11:35:10.147Z</time>
    </trkpt>
    <trkpt lat="40.635554" lon="14.608426">
      <ele>0</ele>
      <time>2026-04-13T11:35:11.245Z</time>
    </trkpt>
    <trkpt lat="40.635542" lon="14.608416">
      <ele>0</ele>
      <time>2026-04-13T11:35:12.343Z</time>
    </trkpt>
    <trkpt lat="40.635530" lon="14.608408">
      <ele>0</ele>
      <time>2026-04-13T11:35:13.441Z</time>
    </trkpt>
    <trkpt lat="40.635505" lon="14.608395">
      <ele>0</ele>
      <time>2026-04-13T11:35:14.539Z</time>
    </trkpt>
    <trkpt lat="40.635472" lon="14.608381">
      <ele>0</ele>
      <time>2026-04-13T11:35:15.637Z</time>
    </trkpt>
    <trkpt lat="40.635437" lon="14.608366">
      <ele>0</ele>
      <time>2026-04-13T11:35:16.735Z</time>
    </trkpt>
    <trkpt lat="40.635394" lon="14.608349">
      <ele>0</ele>
      <time>2026-04-13T11:35:17.833Z</time>
    </trkpt>
    <trkpt lat="40.635344" lon="14.608331">
      <ele>0</ele>
      <time>2026-04-13T11:35:18.931Z</time>
    </trkpt>
    <trkpt lat="40.635307" lon="14.608320">
      <ele>0</ele>
      <time>2026-04-13T11:35:20.028Z</time>
    </trkpt>
    <trkpt lat="40.635239" lon="14.608305">
      <ele>0</ele>
      <time>2026-04-13T11:35:21.126Z</time>
    </trkpt>
    <trkpt lat="40.635128" lon="14.608275">
      <ele>0</ele>
      <time>2026-04-13T11:35:22.224Z</time>
    </trkpt>
    <trkpt lat="40.635074" lon="14.608257">
      <ele>0</ele>
      <time>2026-04-13T11:35:23.322Z</time>
    </trkpt>
    <trkpt lat="40.635034" lon="14.608244">
      <ele>0</ele>
      <time>2026-04-13T11:35:24.420Z</time>
    </trkpt>
    <trkpt lat="40.635001" lon="14.608234">
      <ele>0</ele>
      <time>2026-04-13T11:35:25.518Z</time>
    </trkpt>
    <trkpt lat="40.634967" lon="14.608219">
      <ele>0</ele>
      <time>2026-04-13T11:35:26.616Z</time>
    </trkpt>
    <trkpt lat="40.634916" lon="14.608190">
      <ele>0</ele>
      <time>2026-04-13T11:35:27.714Z</time>
    </trkpt>
    <trkpt lat="40.634787" lon="14.608117">
      <ele>0</ele>
      <time>2026-04-13T11:35:28.812Z</time>
    </trkpt>
    <trkpt lat="40.634743" lon="14.608088">
      <ele>0</ele>
      <time>2026-04-13T11:35:29.910Z</time>
    </trkpt>
    <trkpt lat="40.634710" lon="14.608066">
      <ele>0</ele>
      <time>2026-04-13T11:35:31.008Z</time>
    </trkpt>
    <trkpt lat="40.634685" lon="14.608046">
      <ele>0</ele>
      <time>2026-04-13T11:35:32.106Z</time>
    </trkpt>
    <trkpt lat="40.634635" lon="14.607994">
      <ele>0</ele>
      <time>2026-04-13T11:35:33.203Z</time>
    </trkpt>
    <trkpt lat="40.634604" lon="14.607947">
      <ele>0</ele>
      <time>2026-04-13T11:35:34.301Z</time>
    </trkpt>
    <trkpt lat="40.634572" lon="14.607885">
      <ele>0</ele>
      <time>2026-04-13T11:35:35.399Z</time>
    </trkpt>
    <trkpt lat="40.634557" lon="14.607851">
      <ele>0</ele>
      <time>2026-04-13T11:35:36.497Z</time>
    </trkpt>
    <trkpt lat="40.634505" lon="14.607731">
      <ele>0</ele>
      <time>2026-04-13T11:35:37.595Z</time>
    </trkpt>
    <trkpt lat="40.634467" lon="14.607629">
      <ele>0</ele>
      <time>2026-04-13T11:35:38.693Z</time>
    </trkpt>
    <trkpt lat="40.634389" lon="14.607406">
      <ele>0</ele>
      <time>2026-04-13T11:35:39.791Z</time>
    </trkpt>
    <trkpt lat="40.634371" lon="14.607361">
      <ele>0</ele>
      <time>2026-04-13T11:35:40.889Z</time>
    </trkpt>
    <trkpt lat="40.634350" lon="14.607322">
      <ele>0</ele>
      <time>2026-04-13T11:35:41.987Z</time>
    </trkpt>
    <trkpt lat="40.634331" lon="14.607291">
      <ele>0</ele>
      <time>2026-04-13T11:35:43.085Z</time>
    </trkpt>
    <trkpt lat="40.634300" lon="14.607251">
      <ele>0</ele>
      <time>2026-04-13T11:35:44.183Z</time>
    </trkpt>
    <trkpt lat="40.634268" lon="14.607222">
      <ele>0</ele>
      <time>2026-04-13T11:35:45.281Z</time>
    </trkpt>
    <trkpt lat="40.634233" lon="14.607201">
      <ele>0</ele>
      <time>2026-04-13T11:35:46.378Z</time>
    </trkpt>
    <trkpt lat="40.634176" lon="14.607173">
      <ele>0</ele>
      <time>2026-04-13T11:35:47.476Z</time>
    </trkpt>
    <trkpt lat="40.634139" lon="14.607158">
      <ele>0</ele>
      <time>2026-04-13T11:35:48.574Z</time>
    </trkpt>
    <trkpt lat="40.634055" lon="14.607132">
      <ele>0</ele>
      <time>2026-04-13T11:35:49.672Z</time>
    </trkpt>
    <trkpt lat="40.633923" lon="14.607095">
      <ele>0</ele>
      <time>2026-04-13T11:35:50.770Z</time>
    </trkpt>
    <trkpt lat="40.633815" lon="14.607070">
      <ele>0</ele>
      <time>2026-04-13T11:35:51.868Z</time>
    </trkpt>
    <trkpt lat="40.633782" lon="14.607066">
      <ele>0</ele>
      <time>2026-04-13T11:35:52.966Z</time>
    </trkpt>
    <trkpt lat="40.633747" lon="14.607070">
      <ele>0</ele>
      <time>2026-04-13T11:35:54.064Z</time>
    </trkpt>
    <trkpt lat="40.633604" lon="14.607093">
      <ele>0</ele>
      <time>2026-04-13T11:35:55.162Z</time>
    </trkpt>
    <trkpt lat="40.633517" lon="14.607101">
      <ele>0</ele>
      <time>2026-04-13T11:35:56.260Z</time>
    </trkpt>
    <trkpt lat="40.633479" lon="14.607100">
      <ele>0</ele>
      <time>2026-04-13T11:35:57.358Z</time>
    </trkpt>
    <trkpt lat="40.633440" lon="14.607091">
      <ele>0</ele>
      <time>2026-04-13T11:35:58.455Z</time>
    </trkpt>
    <trkpt lat="40.633300" lon="14.607042">
      <ele>0</ele>
      <time>2026-04-13T11:35:59.553Z</time>
    </trkpt>
    <trkpt lat="40.633161" lon="14.606981">
      <ele>0</ele>
      <time>2026-04-13T11:36:00.651Z</time>
    </trkpt>
    <trkpt lat="40.633113" lon="14.606954">
      <ele>0</ele>
      <time>2026-04-13T11:36:01.749Z</time>
    </trkpt>
    <trkpt lat="40.633093" lon="14.606936">
      <ele>0</ele>
      <time>2026-04-13T11:36:02.847Z</time>
    </trkpt>
    <trkpt lat="40.633075" lon="14.606914">
      <ele>0</ele>
      <time>2026-04-13T11:36:03.945Z</time>
    </trkpt>
    <trkpt lat="40.633056" lon="14.606882">
      <ele>0</ele>
      <time>2026-04-13T11:36:05.043Z</time>
    </trkpt>
    <trkpt lat="40.633047" lon="14.606857">
      <ele>0</ele>
      <time>2026-04-13T11:36:06.141Z</time>
    </trkpt>
    <trkpt lat="40.633043" lon="14.606834">
      <ele>0</ele>
      <time>2026-04-13T11:36:07.239Z</time>
    </trkpt>
    <trkpt lat="40.633044" lon="14.606810">
      <ele>0</ele>
      <time>2026-04-13T11:36:08.337Z</time>
    </trkpt>
    <trkpt lat="40.633048" lon="14.606774">
      <ele>0</ele>
      <time>2026-04-13T11:36:09.435Z</time>
    </trkpt>
    <trkpt lat="40.633057" lon="14.606731">
      <ele>0</ele>
      <time>2026-04-13T11:36:10.533Z</time>
    </trkpt>
    <trkpt lat="40.633080" lon="14.606657">
      <ele>0</ele>
      <time>2026-04-13T11:36:11.630Z</time>
    </trkpt>
    <trkpt lat="40.633122" lon="14.606535">
      <ele>0</ele>
      <time>2026-04-13T11:36:12.728Z</time>
    </trkpt>
    <trkpt lat="40.633140" lon="14.606493">
      <ele>0</ele>
      <time>2026-04-13T11:36:13.826Z</time>
    </trkpt>
    <trkpt lat="40.633162" lon="14.606462">
      <ele>0</ele>
      <time>2026-04-13T11:36:14.924Z</time>
    </trkpt>
    <trkpt lat="40.633180" lon="14.606441">
      <ele>0</ele>
      <time>2026-04-13T11:36:16.022Z</time>
    </trkpt>
    <trkpt lat="40.633219" lon="14.606407">
      <ele>0</ele>
      <time>2026-04-13T11:36:17.120Z</time>
    </trkpt>
    <trkpt lat="40.633260" lon="14.606363">
      <ele>0</ele>
      <time>2026-04-13T11:36:18.218Z</time>
    </trkpt>
    <trkpt lat="40.633283" lon="14.606336">
      <ele>0</ele>
      <time>2026-04-13T11:36:19.316Z</time>
    </trkpt>
    <trkpt lat="40.633299" lon="14.606312">
      <ele>0</ele>
      <time>2026-04-13T11:36:20.414Z</time>
    </trkpt>
    <trkpt lat="40.633313" lon="14.606284">
      <ele>0</ele>
      <time>2026-04-13T11:36:21.512Z</time>
    </trkpt>
    <trkpt lat="40.633323" lon="14.606248">
      <ele>0</ele>
      <time>2026-04-13T11:36:22.610Z</time>
    </trkpt>
    <trkpt lat="40.633339" lon="14.606171">
      <ele>0</ele>
      <time>2026-04-13T11:36:23.708Z</time>
    </trkpt>
    <trkpt lat="40.633414" lon="14.605777">
      <ele>0</ele>
      <time>2026-04-13T11:36:24.805Z</time>
    </trkpt>
    <trkpt lat="40.633429" lon="14.605696">
      <ele>0</ele>
      <time>2026-04-13T11:36:25.903Z</time>
    </trkpt>
    <trkpt lat="40.633435" lon="14.605619">
      <ele>0</ele>
      <time>2026-04-13T11:36:27.001Z</time>
    </trkpt>
    <trkpt lat="40.633438" lon="14.605544">
      <ele>0</ele>
      <time>2026-04-13T11:36:28.099Z</time>
    </trkpt>
    <trkpt lat="40.633437" lon="14.605433">
      <ele>0</ele>
      <time>2026-04-13T11:36:29.197Z</time>
    </trkpt>
    <trkpt lat="40.633438" lon="14.605297">
      <ele>0</ele>
      <time>2026-04-13T11:36:30.295Z</time>
    </trkpt>
    <trkpt lat="40.633445" lon="14.605149">
      <ele>0</ele>
      <time>2026-04-13T11:36:31.393Z</time>
    </trkpt>
    <trkpt lat="40.633452" lon="14.605083">
      <ele>0</ele>
      <time>2026-04-13T11:36:32.491Z</time>
    </trkpt>
    <trkpt lat="40.633461" lon="14.605036">
      <ele>0</ele>
      <time>2026-04-13T11:36:33.589Z</time>
    </trkpt>
    <trkpt lat="40.633477" lon="14.604994">
      <ele>0</ele>
      <time>2026-04-13T11:36:34.687Z</time>
    </trkpt>
    <trkpt lat="40.633489" lon="14.604976">
      <ele>0</ele>
      <time>2026-04-13T11:36:35.785Z</time>
    </trkpt>
    <trkpt lat="40.633503" lon="14.604959">
      <ele>0</ele>
      <time>2026-04-13T11:36:36.882Z</time>
    </trkpt>
    <trkpt lat="40.633542" lon="14.604929">
      <ele>0</ele>
      <time>2026-04-13T11:36:37.980Z</time>
    </trkpt>
    <trkpt lat="40.633579" lon="14.604905">
      <ele>0</ele>
      <time>2026-04-13T11:36:39.078Z</time>
    </trkpt>
    <trkpt lat="40.633663" lon="14.604857">
      <ele>0</ele>
      <time>2026-04-13T11:36:40.176Z</time>
    </trkpt>
    <trkpt lat="40.633741" lon="14.604819">
      <ele>0</ele>
      <time>2026-04-13T11:36:41.274Z</time>
    </trkpt>
    <trkpt lat="40.633825" lon="14.604779">
      <ele>0</ele>
      <time>2026-04-13T11:36:42.372Z</time>
    </trkpt>
    <trkpt lat="40.633883" lon="14.604746">
      <ele>0</ele>
      <time>2026-04-13T11:36:43.470Z</time>
    </trkpt>
    <trkpt lat="40.633917" lon="14.604722">
      <ele>0</ele>
      <time>2026-04-13T11:36:44.568Z</time>
    </trkpt>
    <trkpt lat="40.633939" lon="14.604693">
      <ele>0</ele>
      <time>2026-04-13T11:36:45.666Z</time>
    </trkpt>
    <trkpt lat="40.633952" lon="14.604674">
      <ele>0</ele>
      <time>2026-04-13T11:36:46.764Z</time>
    </trkpt>
    <trkpt lat="40.633969" lon="14.604647">
      <ele>0</ele>
      <time>2026-04-13T11:36:47.862Z</time>
    </trkpt>
    <trkpt lat="40.633996" lon="14.604596">
      <ele>0</ele>
      <time>2026-04-13T11:36:48.960Z</time>
    </trkpt>
    <trkpt lat="40.634014" lon="14.604549">
      <ele>0</ele>
      <time>2026-04-13T11:36:50.057Z</time>
    </trkpt>
    <trkpt lat="40.634026" lon="14.604509">
      <ele>0</ele>
      <time>2026-04-13T11:36:51.155Z</time>
    </trkpt>
    <trkpt lat="40.634035" lon="14.604467">
      <ele>0</ele>
      <time>2026-04-13T11:36:52.253Z</time>
    </trkpt>
    <trkpt lat="40.634039" lon="14.604427">
      <ele>0</ele>
      <time>2026-04-13T11:36:53.351Z</time>
    </trkpt>
    <trkpt lat="40.634043" lon="14.604362">
      <ele>0</ele>
      <time>2026-04-13T11:36:54.449Z</time>
    </trkpt>
    <trkpt lat="40.634032" lon="14.604251">
      <ele>0</ele>
      <time>2026-04-13T11:36:55.547Z</time>
    </trkpt>
    <trkpt lat="40.634010" lon="14.604084">
      <ele>0</ele>
      <time>2026-04-13T11:36:56.645Z</time>
    </trkpt>
    <trkpt lat="40.633967" lon="14.603785">
      <ele>0</ele>
      <time>2026-04-13T11:36:57.743Z</time>
    </trkpt>
    <trkpt lat="40.633916" lon="14.603387">
      <ele>0</ele>
      <time>2026-04-13T11:36:58.841Z</time>
    </trkpt>
    <trkpt lat="40.633885" lon="14.603158">
      <ele>0</ele>
      <time>2026-04-13T11:36:59.939Z</time>
    </trkpt>
    <trkpt lat="40.633871" lon="14.602943">
      <ele>0</ele>
      <time>2026-04-13T11:37:01.037Z</time>
    </trkpt>
    <trkpt lat="40.633865" lon="14.602873">
      <ele>0</ele>
      <time>2026-04-13T11:37:02.135Z</time>
    </trkpt>
    <trkpt lat="40.633865" lon="14.602832">
      <ele>0</ele>
      <time>2026-04-13T11:37:03.232Z</time>
    </trkpt>
    <trkpt lat="40.633869" lon="14.602791">
      <ele>0</ele>
      <time>2026-04-13T11:37:04.330Z</time>
    </trkpt>
    <trkpt lat="40.633873" lon="14.602723">
      <ele>0</ele>
      <time>2026-04-13T11:37:05.428Z</time>
    </trkpt>
    <trkpt lat="40.633871" lon="14.602604">
      <ele>0</ele>
      <time>2026-04-13T11:37:06.526Z</time>
    </trkpt>
    <trkpt lat="40.633870" lon="14.602564">
      <ele>0</ele>
      <time>2026-04-13T11:37:07.624Z</time>
    </trkpt>
    <trkpt lat="40.633872" lon="14.602453">
      <ele>0</ele>
      <time>2026-04-13T11:37:08.722Z</time>
    </trkpt>
    <trkpt lat="40.633866" lon="14.602342">
      <ele>0</ele>
      <time>2026-04-13T11:37:09.820Z</time>
    </trkpt>
    <trkpt lat="40.633861" lon="14.602255">
      <ele>0</ele>
      <time>2026-04-13T11:37:10.918Z</time>
    </trkpt>
    <trkpt lat="40.633853" lon="14.602139">
      <ele>0</ele>
      <time>2026-04-13T11:37:12.016Z</time>
    </trkpt>
    <trkpt lat="40.633846" lon="14.602004">
      <ele>0</ele>
      <time>2026-04-13T11:37:13.114Z</time>
    </trkpt>
    <trkpt lat="40.633834" lon="14.601809">
      <ele>0</ele>
      <time>2026-04-13T11:37:14.212Z</time>
    </trkpt>
    <trkpt lat="40.633832" lon="14.601788">
      <ele>0</ele>
      <time>2026-04-13T11:37:15.309Z</time>
    </trkpt>
    <trkpt lat="40.633831" lon="14.601769">
      <ele>0</ele>
      <time>2026-04-13T11:37:16.407Z</time>
    </trkpt>
    <trkpt lat="40.633828" lon="14.601743">
      <ele>0</ele>
      <time>2026-04-13T11:37:17.505Z</time>
    </trkpt>
    <trkpt lat="40.633822" lon="14.601705">
      <ele>0</ele>
      <time>2026-04-13T11:37:18.603Z</time>
    </trkpt>
    <trkpt lat="40.633799" lon="14.601597">
      <ele>0</ele>
      <time>2026-04-13T11:37:19.701Z</time>
    </trkpt>
    <trkpt lat="40.633772" lon="14.601492">
      <ele>0</ele>
      <time>2026-04-13T11:37:20.799Z</time>
    </trkpt>
    <trkpt lat="40.633733" lon="14.601382">
      <ele>0</ele>
      <time>2026-04-13T11:37:21.897Z</time>
    </trkpt>
    <trkpt lat="40.633710" lon="14.601309">
      <ele>0</ele>
      <time>2026-04-13T11:37:22.995Z</time>
    </trkpt>
    <trkpt lat="40.633693" lon="14.601232">
      <ele>0</ele>
      <time>2026-04-13T11:37:24.093Z</time>
    </trkpt>
    <trkpt lat="40.633683" lon="14.601154">
      <ele>0</ele>
      <time>2026-04-13T11:37:25.191Z</time>
    </trkpt>
    <trkpt lat="40.633664" lon="14.601016">
      <ele>0</ele>
      <time>2026-04-13T11:37:26.289Z</time>
    </trkpt>
    <trkpt lat="40.633658" lon="14.600932">
      <ele>0</ele>
      <time>2026-04-13T11:37:27.387Z</time>
    </trkpt>
    <trkpt lat="40.633659" lon="14.600839">
      <ele>0</ele>
      <time>2026-04-13T11:37:28.484Z</time>
    </trkpt>
    <trkpt lat="40.633666" lon="14.600454">
      <ele>0</ele>
      <time>2026-04-13T11:37:29.582Z</time>
    </trkpt>
    <trkpt lat="40.633660" lon="14.600369">
      <ele>0</ele>
      <time>2026-04-13T11:37:30.680Z</time>
    </trkpt>
    <trkpt lat="40.633651" lon="14.600257">
      <ele>0</ele>
      <time>2026-04-13T11:37:31.778Z</time>
    </trkpt>
    <trkpt lat="40.633647" lon="14.600163">
      <ele>0</ele>
      <time>2026-04-13T11:37:32.876Z</time>
    </trkpt>
    <trkpt lat="40.633644" lon="14.600076">
      <ele>0</ele>
      <time>2026-04-13T11:37:33.974Z</time>
    </trkpt>
    <trkpt lat="40.633641" lon="14.599817">
      <ele>0</ele>
      <time>2026-04-13T11:37:35.072Z</time>
    </trkpt>
    <trkpt lat="40.633640" lon="14.599742">
      <ele>0</ele>
      <time>2026-04-13T11:37:36.170Z</time>
    </trkpt>
    <trkpt lat="40.633637" lon="14.599677">
      <ele>0</ele>
      <time>2026-04-13T11:37:37.268Z</time>
    </trkpt>
    <trkpt lat="40.633628" lon="14.599598">
      <ele>0</ele>
      <time>2026-04-13T11:37:38.366Z</time>
    </trkpt>
    <trkpt lat="40.633620" lon="14.599548">
      <ele>0</ele>
      <time>2026-04-13T11:37:39.464Z</time>
    </trkpt>
    <trkpt lat="40.633611" lon="14.599499">
      <ele>0</ele>
      <time>2026-04-13T11:37:40.561Z</time>
    </trkpt>
    <trkpt lat="40.633602" lon="14.599453">
      <ele>0</ele>
      <time>2026-04-13T11:37:41.659Z</time>
    </trkpt>
    <trkpt lat="40.633589" lon="14.599397">
      <ele>0</ele>
      <time>2026-04-13T11:37:42.757Z</time>
    </trkpt>
    <trkpt lat="40.633577" lon="14.599349">
      <ele>0</ele>
      <time>2026-04-13T11:37:43.855Z</time>
    </trkpt>
    <trkpt lat="40.633565" lon="14.599315">
      <ele>0</ele>
      <time>2026-04-13T11:37:44.953Z</time>
    </trkpt>
    <trkpt lat="40.633531" lon="14.599236">
      <ele>0</ele>
      <time>2026-04-13T11:37:46.051Z</time>
    </trkpt>
    <trkpt lat="40.633505" lon="14.599180">
      <ele>0</ele>
      <time>2026-04-13T11:37:47.149Z</time>
    </trkpt>
    <trkpt lat="40.633492" lon="14.599145">
      <ele>0</ele>
      <time>2026-04-13T11:37:48.247Z</time>
    </trkpt>
    <trkpt lat="40.633481" lon="14.599108">
      <ele>0</ele>
      <time>2026-04-13T11:37:49.345Z</time>
    </trkpt>
    <trkpt lat="40.633471" lon="14.599066">
      <ele>0</ele>
      <time>2026-04-13T11:37:50.443Z</time>
    </trkpt>
    <trkpt lat="40.633462" lon="14.599027">
      <ele>0</ele>
      <time>2026-04-13T11:37:51.541Z</time>
    </trkpt>
    <trkpt lat="40.633458" lon="14.598996">
      <ele>0</ele>
      <time>2026-04-13T11:37:52.639Z</time>
    </trkpt>
    <trkpt lat="40.633452" lon="14.598922">
      <ele>0</ele>
      <time>2026-04-13T11:37:53.736Z</time>
    </trkpt>
    <trkpt lat="40.633444" lon="14.598689">
      <ele>0</ele>
      <time>2026-04-13T11:37:54.834Z</time>
    </trkpt>
    <trkpt lat="40.633437" lon="14.598578">
      <ele>0</ele>
      <time>2026-04-13T11:37:55.932Z</time>
    </trkpt>
    <trkpt lat="40.633433" lon="14.598507">
      <ele>0</ele>
      <time>2026-04-13T11:37:57.030Z</time>
    </trkpt>
    <trkpt lat="40.633429" lon="14.598461">
      <ele>0</ele>
      <time>2026-04-13T11:37:58.128Z</time>
    </trkpt>
    <trkpt lat="40.633421" lon="14.598419">
      <ele>0</ele>
      <time>2026-04-13T11:37:59.226Z</time>
    </trkpt>
    <trkpt lat="40.633405" lon="14.598372">
      <ele>0</ele>
      <time>2026-04-13T11:38:00.324Z</time>
    </trkpt>
    <trkpt lat="40.633379" lon="14.598301">
      <ele>0</ele>
      <time>2026-04-13T11:38:01.422Z</time>
    </trkpt>
    <trkpt lat="40.633337" lon="14.598192">
      <ele>0</ele>
      <time>2026-04-13T11:38:02.520Z</time>
    </trkpt>
    <trkpt lat="40.633307" lon="14.598120">
      <ele>0</ele>
      <time>2026-04-13T11:38:03.618Z</time>
    </trkpt>
    <trkpt lat="40.633283" lon="14.598068">
      <ele>0</ele>
      <time>2026-04-13T11:38:04.716Z</time>
    </trkpt>
    <trkpt lat="40.633263" lon="14.598033">
      <ele>0</ele>
      <time>2026-04-13T11:38:05.814Z</time>
    </trkpt>
    <trkpt lat="40.633236" lon="14.597998">
      <ele>0</ele>
      <time>2026-04-13T11:38:06.911Z</time>
    </trkpt>
    <trkpt lat="40.633206" lon="14.597966">
      <ele>0</ele>
      <time>2026-04-13T11:38:08.009Z</time>
    </trkpt>
    <trkpt lat="40.633165" lon="14.597937">
      <ele>0</ele>
      <time>2026-04-13T11:38:09.107Z</time>
    </trkpt>
    <trkpt lat="40.633106" lon="14.597901">
      <ele>0</ele>
      <time>2026-04-13T11:38:10.205Z</time>
    </trkpt>
    <trkpt lat="40.633060" lon="14.597865">
      <ele>0</ele>
      <time>2026-04-13T11:38:11.303Z</time>
    </trkpt>
    <trkpt lat="40.633033" lon="14.597837">
      <ele>0</ele>
      <time>2026-04-13T11:38:12.401Z</time>
    </trkpt>
    <trkpt lat="40.633004" lon="14.597806">
      <ele>0</ele>
      <time>2026-04-13T11:38:13.499Z</time>
    </trkpt>
    <trkpt lat="40.632957" lon="14.597744">
      <ele>0</ele>
      <time>2026-04-13T11:38:14.597Z</time>
    </trkpt>
    <trkpt lat="40.632851" lon="14.597558">
      <ele>0</ele>
      <time>2026-04-13T11:38:15.695Z</time>
    </trkpt>
    <trkpt lat="40.632829" lon="14.597513">
      <ele>0</ele>
      <time>2026-04-13T11:38:16.793Z</time>
    </trkpt>
    <trkpt lat="40.632813" lon="14.597480">
      <ele>0</ele>
      <time>2026-04-13T11:38:17.891Z</time>
    </trkpt>
    <trkpt lat="40.632796" lon="14.597442">
      <ele>0</ele>
      <time>2026-04-13T11:38:18.988Z</time>
    </trkpt>
    <trkpt lat="40.632712" lon="14.597210">
      <ele>0</ele>
      <time>2026-04-13T11:38:20.086Z</time>
    </trkpt>
    <trkpt lat="40.632642" lon="14.596998">
      <ele>0</ele>
      <time>2026-04-13T11:38:21.184Z</time>
    </trkpt>
    <trkpt lat="40.632564" lon="14.596766">
      <ele>0</ele>
      <time>2026-04-13T11:38:22.282Z</time>
    </trkpt>
    <trkpt lat="40.632466" lon="14.596413">
      <ele>0</ele>
      <time>2026-04-13T11:38:23.380Z</time>
    </trkpt>
    <trkpt lat="40.632362" lon="14.595970">
      <ele>0</ele>
      <time>2026-04-13T11:38:24.478Z</time>
    </trkpt>
    <trkpt lat="40.632354" lon="14.595942">
      <ele>0</ele>
      <time>2026-04-13T11:38:25.576Z</time>
    </trkpt>
    <trkpt lat="40.632347" lon="14.595921">
      <ele>0</ele>
      <time>2026-04-13T11:38:26.674Z</time>
    </trkpt>
    <trkpt lat="40.632337" lon="14.595898">
      <ele>0</ele>
      <time>2026-04-13T11:38:27.772Z</time>
    </trkpt>
    <trkpt lat="40.632327" lon="14.595880">
      <ele>0</ele>
      <time>2026-04-13T11:38:28.870Z</time>
    </trkpt>
    <trkpt lat="40.632317" lon="14.595863">
      <ele>0</ele>
      <time>2026-04-13T11:38:29.968Z</time>
    </trkpt>
    <trkpt lat="40.632298" lon="14.595837">
      <ele>0</ele>
      <time>2026-04-13T11:38:31.066Z</time>
    </trkpt>
    <trkpt lat="40.632277" lon="14.595818">
      <ele>0</ele>
      <time>2026-04-13T11:38:32.163Z</time>
    </trkpt>
    <trkpt lat="40.632247" lon="14.595789">
      <ele>0</ele>
      <time>2026-04-13T11:38:33.261Z</time>
    </trkpt>
    <trkpt lat="40.632227" lon="14.595775">
      <ele>0</ele>
      <time>2026-04-13T11:38:34.359Z</time>
    </trkpt>
    <trkpt lat="40.632208" lon="14.595768">
      <ele>0</ele>
      <time>2026-04-13T11:38:35.457Z</time>
    </trkpt>
    <trkpt lat="40.632181" lon="14.595767">
      <ele>0</ele>
      <time>2026-04-13T11:38:36.555Z</time>
    </trkpt>
    <trkpt lat="40.632142" lon="14.595777">
      <ele>0</ele>
      <time>2026-04-13T11:38:37.653Z</time>
    </trkpt>
    <trkpt lat="40.632052" lon="14.595805">
      <ele>0</ele>
      <time>2026-04-13T11:38:38.751Z</time>
    </trkpt>
    <trkpt lat="40.631983" lon="14.595821">
      <ele>0</ele>
      <time>2026-04-13T11:38:39.849Z</time>
    </trkpt>
    <trkpt lat="40.631749" lon="14.595807">
      <ele>0</ele>
      <time>2026-04-13T11:38:40.947Z</time>
    </trkpt>
    <trkpt lat="40.631626" lon="14.595797">
      <ele>0</ele>
      <time>2026-04-13T11:38:42.045Z</time>
    </trkpt>
    <trkpt lat="40.631599" lon="14.595788">
      <ele>0</ele>
      <time>2026-04-13T11:38:43.143Z</time>
    </trkpt>
    <trkpt lat="40.631573" lon="14.595771">
      <ele>0</ele>
      <time>2026-04-13T11:38:44.241Z</time>
    </trkpt>
    <trkpt lat="40.631548" lon="14.595747">
      <ele>0</ele>
      <time>2026-04-13T11:38:45.338Z</time>
    </trkpt>
    <trkpt lat="40.631521" lon="14.595713">
      <ele>0</ele>
      <time>2026-04-13T11:38:46.436Z</time>
    </trkpt>
    <trkpt lat="40.631485" lon="14.595664">
      <ele>0</ele>
      <time>2026-04-13T11:38:47.534Z</time>
    </trkpt>
    <trkpt lat="40.631191" lon="14.595122">
      <ele>0</ele>
      <time>2026-04-13T11:38:48.632Z</time>
    </trkpt>
    <trkpt lat="40.631141" lon="14.595041">
      <ele>0</ele>
      <time>2026-04-13T11:38:49.730Z</time>
    </trkpt>
    <trkpt lat="40.631099" lon="14.594989">
      <ele>0</ele>
      <time>2026-04-13T11:38:50.828Z</time>
    </trkpt>
    <trkpt lat="40.631051" lon="14.594937">
      <ele>0</ele>
      <time>2026-04-13T11:38:51.926Z</time>
    </trkpt>
    <trkpt lat="40.631011" lon="14.594910">
      <ele>0</ele>
      <time>2026-04-13T11:38:53.024Z</time>
    </trkpt>
    <trkpt lat="40.630908" lon="14.594860">
      <ele>0</ele>
      <time>2026-04-13T11:38:54.122Z</time>
    </trkpt>
    <trkpt lat="40.630837" lon="14.594822">
      <ele>0</ele>
      <time>2026-04-13T11:38:55.220Z</time>
    </trkpt>
    <trkpt lat="40.630718" lon="14.594769">
      <ele>0</ele>
      <time>2026-04-13T11:38:56.318Z</time>
    </trkpt>
    <trkpt lat="40.630686" lon="14.594752">
      <ele>0</ele>
      <time>2026-04-13T11:38:57.415Z</time>
    </trkpt>
    <trkpt lat="40.630663" lon="14.594731">
      <ele>0</ele>
      <time>2026-04-13T11:38:58.513Z</time>
    </trkpt>
    <trkpt lat="40.630645" lon="14.594705">
      <ele>0</ele>
      <time>2026-04-13T11:38:59.611Z</time>
    </trkpt>
    <trkpt lat="40.630631" lon="14.594680">
      <ele>0</ele>
      <time>2026-04-13T11:39:00.709Z</time>
    </trkpt>
    <trkpt lat="40.630582" lon="14.594591">
      <ele>0</ele>
      <time>2026-04-13T11:39:01.807Z</time>
    </trkpt>
    <trkpt lat="40.630552" lon="14.594546">
      <ele>0</ele>
      <time>2026-04-13T11:39:02.905Z</time>
    </trkpt>
    <trkpt lat="40.630516" lon="14.594509">
      <ele>0</ele>
      <time>2026-04-13T11:39:04.003Z</time>
    </trkpt>
    <trkpt lat="40.630468" lon="14.594474">
      <ele>0</ele>
      <time>2026-04-13T11:39:05.101Z</time>
    </trkpt>
    <trkpt lat="40.630416" lon="14.594442">
      <ele>0</ele>
      <time>2026-04-13T11:39:06.199Z</time>
    </trkpt>
    <trkpt lat="40.630343" lon="14.594403">
      <ele>0</ele>
      <time>2026-04-13T11:39:07.297Z</time>
    </trkpt>
    <trkpt lat="40.630235" lon="14.594338">
      <ele>0</ele>
      <time>2026-04-13T11:39:08.395Z</time>
    </trkpt>
    <trkpt lat="40.630197" lon="14.594304">
      <ele>0</ele>
      <time>2026-04-13T11:39:09.493Z</time>
    </trkpt>
    <trkpt lat="40.630164" lon="14.594265">
      <ele>0</ele>
      <time>2026-04-13T11:39:10.590Z</time>
    </trkpt>
    <trkpt lat="40.630136" lon="14.594226">
      <ele>0</ele>
      <time>2026-04-13T11:39:11.688Z</time>
    </trkpt>
    <trkpt lat="40.630116" lon="14.594195">
      <ele>0</ele>
      <time>2026-04-13T11:39:12.786Z</time>
    </trkpt>
    <trkpt lat="40.630042" lon="14.594017">
      <ele>0</ele>
      <time>2026-04-13T11:39:13.884Z</time>
    </trkpt>
    <trkpt lat="40.629874" lon="14.593542">
      <ele>0</ele>
      <time>2026-04-13T11:39:14.982Z</time>
    </trkpt>
    <trkpt lat="40.629852" lon="14.593463">
      <ele>0</ele>
      <time>2026-04-13T11:39:16.080Z</time>
    </trkpt>
    <trkpt lat="40.629846" lon="14.593419">
      <ele>0</ele>
      <time>2026-04-13T11:39:17.178Z</time>
    </trkpt>
    <trkpt lat="40.629841" lon="14.593351">
      <ele>0</ele>
      <time>2026-04-13T11:39:18.276Z</time>
    </trkpt>
    <trkpt lat="40.629840" lon="14.593280">
      <ele>0</ele>
      <time>2026-04-13T11:39:19.374Z</time>
    </trkpt>
    <trkpt lat="40.629840" lon="14.593210">
      <ele>0</ele>
      <time>2026-04-13T11:39:20.472Z</time>
    </trkpt>
    <trkpt lat="40.629843" lon="14.593092">
      <ele>0</ele>
      <time>2026-04-13T11:39:21.570Z</time>
    </trkpt>
    <trkpt lat="40.629842" lon="14.592964">
      <ele>0</ele>
      <time>2026-04-13T11:39:22.667Z</time>
    </trkpt>
    <trkpt lat="40.629841" lon="14.592920">
      <ele>0</ele>
      <time>2026-04-13T11:39:23.765Z</time>
    </trkpt>
    <trkpt lat="40.629837" lon="14.592885">
      <ele>0</ele>
      <time>2026-04-13T11:39:24.863Z</time>
    </trkpt>
    <trkpt lat="40.629828" lon="14.592845">
      <ele>0</ele>
      <time>2026-04-13T11:39:25.961Z</time>
    </trkpt>
    <trkpt lat="40.629821" lon="14.592815">
      <ele>0</ele>
      <time>2026-04-13T11:39:27.059Z</time>
    </trkpt>
    <trkpt lat="40.629809" lon="14.592782">
      <ele>0</ele>
      <time>2026-04-13T11:39:28.157Z</time>
    </trkpt>
    <trkpt lat="40.629794" lon="14.592751">
      <ele>0</ele>
      <time>2026-04-13T11:39:29.255Z</time>
    </trkpt>
    <trkpt lat="40.629767" lon="14.592704">
      <ele>0</ele>
      <time>2026-04-13T11:39:30.353Z</time>
    </trkpt>
    <trkpt lat="40.629747" lon="14.592678">
      <ele>0</ele>
      <time>2026-04-13T11:39:31.451Z</time>
    </trkpt>
    <trkpt lat="40.629711" lon="14.592651">
      <ele>0</ele>
      <time>2026-04-13T11:39:32.549Z</time>
    </trkpt>
    <trkpt lat="40.629666" lon="14.592628">
      <ele>0</ele>
      <time>2026-04-13T11:39:33.647Z</time>
    </trkpt>
    <trkpt lat="40.629601" lon="14.592606">
      <ele>0</ele>
      <time>2026-04-13T11:39:34.745Z</time>
    </trkpt>
    <trkpt lat="40.629527" lon="14.592586">
      <ele>0</ele>
      <time>2026-04-13T11:39:35.842Z</time>
    </trkpt>
    <trkpt lat="40.629498" lon="14.592576">
      <ele>0</ele>
      <time>2026-04-13T11:39:36.940Z</time>
    </trkpt>
    <trkpt lat="40.629472" lon="14.592559">
      <ele>0</ele>
      <time>2026-04-13T11:39:38.038Z</time>
    </trkpt>
    <trkpt lat="40.629425" lon="14.592519">
      <ele>0</ele>
      <time>2026-04-13T11:39:39.136Z</time>
    </trkpt>
    <trkpt lat="40.629387" lon="14.592480">
      <ele>0</ele>
      <time>2026-04-13T11:39:40.234Z</time>
    </trkpt>
    <trkpt lat="40.629359" lon="14.592444">
      <ele>0</ele>
      <time>2026-04-13T11:39:41.332Z</time>
    </trkpt>
    <trkpt lat="40.629316" lon="14.592374">
      <ele>0</ele>
      <time>2026-04-13T11:39:42.430Z</time>
    </trkpt>
    <trkpt lat="40.629283" lon="14.592304">
      <ele>0</ele>
      <time>2026-04-13T11:39:43.528Z</time>
    </trkpt>
    <trkpt lat="40.629253" lon="14.592252">
      <ele>0</ele>
      <time>2026-04-13T11:39:44.626Z</time>
    </trkpt>
    <trkpt lat="40.629223" lon="14.592207">
      <ele>0</ele>
      <time>2026-04-13T11:39:45.724Z</time>
    </trkpt>
    <trkpt lat="40.629195" lon="14.592177">
      <ele>0</ele>
      <time>2026-04-13T11:39:46.822Z</time>
    </trkpt>
    <trkpt lat="40.629169" lon="14.592159">
      <ele>0</ele>
      <time>2026-04-13T11:39:47.920Z</time>
    </trkpt>
    <trkpt lat="40.629126" lon="14.592135">
      <ele>0</ele>
      <time>2026-04-13T11:39:49.017Z</time>
    </trkpt>
    <trkpt lat="40.629063" lon="14.592112">
      <ele>0</ele>
      <time>2026-04-13T11:39:50.115Z</time>
    </trkpt>
    <trkpt lat="40.628971" lon="14.592080">
      <ele>0</ele>
      <time>2026-04-13T11:39:51.213Z</time>
    </trkpt>
    <trkpt lat="40.628872" lon="14.592042">
      <ele>0</ele>
      <time>2026-04-13T11:39:52.311Z</time>
    </trkpt>
    <trkpt lat="40.628813" lon="14.592009">
      <ele>0</ele>
      <time>2026-04-13T11:39:53.409Z</time>
    </trkpt>
    <trkpt lat="40.628736" lon="14.591959">
      <ele>0</ele>
      <time>2026-04-13T11:39:54.507Z</time>
    </trkpt>
    <trkpt lat="40.628653" lon="14.591891">
      <ele>0</ele>
      <time>2026-04-13T11:39:55.605Z</time>
    </trkpt>
    <trkpt lat="40.628600" lon="14.591850">
      <ele>0</ele>
      <time>2026-04-13T11:39:56.703Z</time>
    </trkpt>
    <trkpt lat="40.628551" lon="14.591826">
      <ele>0</ele>
      <time>2026-04-13T11:39:57.801Z</time>
    </trkpt>
    <trkpt lat="40.628500" lon="14.591813">
      <ele>0</ele>
      <time>2026-04-13T11:39:58.899Z</time>
    </trkpt>
    <trkpt lat="40.628435" lon="14.591794">
      <ele>0</ele>
      <time>2026-04-13T11:39:59.997Z</time>
    </trkpt>
    <trkpt lat="40.628385" lon="14.591769">
      <ele>0</ele>
      <time>2026-04-13T11:40:01.094Z</time>
    </trkpt>
    <trkpt lat="40.628326" lon="14.591728">
      <ele>0</ele>
      <time>2026-04-13T11:40:02.192Z</time>
    </trkpt>
    <trkpt lat="40.628288" lon="14.591693">
      <ele>0</ele>
      <time>2026-04-13T11:40:03.290Z</time>
    </trkpt>
    <trkpt lat="40.628241" lon="14.591645">
      <ele>0</ele>
      <time>2026-04-13T11:40:04.388Z</time>
    </trkpt>
    <trkpt lat="40.628131" lon="14.591518">
      <ele>0</ele>
      <time>2026-04-13T11:40:05.486Z</time>
    </trkpt>
    <trkpt lat="40.628036" lon="14.591419">
      <ele>0</ele>
      <time>2026-04-13T11:40:06.584Z</time>
    </trkpt>
    <trkpt lat="40.627854" lon="14.591202">
      <ele>0</ele>
      <time>2026-04-13T11:40:07.682Z</time>
    </trkpt>
    <trkpt lat="40.627767" lon="14.591099">
      <ele>0</ele>
      <time>2026-04-13T11:40:08.780Z</time>
    </trkpt>
    <trkpt lat="40.627680" lon="14.590979">
      <ele>0</ele>
      <time>2026-04-13T11:40:09.878Z</time>
    </trkpt>
    <trkpt lat="40.627649" lon="14.590921">
      <ele>0</ele>
      <time>2026-04-13T11:40:10.976Z</time>
    </trkpt>
    <trkpt lat="40.627627" lon="14.590882">
      <ele>0</ele>
      <time>2026-04-13T11:40:12.074Z</time>
    </trkpt>
    <trkpt lat="40.627555" lon="14.590737">
      <ele>0</ele>
      <time>2026-04-13T11:40:13.172Z</time>
    </trkpt>
    <trkpt lat="40.627502" lon="14.590618">
      <ele>0</ele>
      <time>2026-04-13T11:40:14.269Z</time>
    </trkpt>
    <trkpt lat="40.627437" lon="14.590486">
      <ele>0</ele>
      <time>2026-04-13T11:40:15.367Z</time>
    </trkpt>
    <trkpt lat="40.627398" lon="14.590423">
      <ele>0</ele>
      <time>2026-04-13T11:40:16.465Z</time>
    </trkpt>
    <trkpt lat="40.627263" lon="14.590246">
      <ele>0</ele>
      <time>2026-04-13T11:40:17.563Z</time>
    </trkpt>
    <trkpt lat="40.627211" lon="14.590176">
      <ele>0</ele>
      <time>2026-04-13T11:40:18.661Z</time>
    </trkpt>
    <trkpt lat="40.627164" lon="14.590097">
      <ele>0</ele>
      <time>2026-04-13T11:40:19.759Z</time>
    </trkpt>
    <trkpt lat="40.627109" lon="14.589997">
      <ele>0</ele>
      <time>2026-04-13T11:40:20.857Z</time>
    </trkpt>
    <trkpt lat="40.627042" lon="14.589853">
      <ele>0</ele>
      <time>2026-04-13T11:40:21.955Z</time>
    </trkpt>
    <trkpt lat="40.626837" lon="14.589346">
      <ele>0</ele>
      <time>2026-04-13T11:40:23.053Z</time>
    </trkpt>
    <trkpt lat="40.626812" lon="14.589277">
      <ele>0</ele>
      <time>2026-04-13T11:40:24.151Z</time>
    </trkpt>
    <trkpt lat="40.626792" lon="14.589215">
      <ele>0</ele>
      <time>2026-04-13T11:40:25.249Z</time>
    </trkpt>
    <trkpt lat="40.626764" lon="14.589104">
      <ele>0</ele>
      <time>2026-04-13T11:40:26.347Z</time>
    </trkpt>
    <trkpt lat="40.626725" lon="14.588891">
      <ele>0</ele>
      <time>2026-04-13T11:40:27.444Z</time>
    </trkpt>
    <trkpt lat="40.626708" lon="14.588809">
      <ele>0</ele>
      <time>2026-04-13T11:40:28.542Z</time>
    </trkpt>
    <trkpt lat="40.626693" lon="14.588757">
      <ele>0</ele>
      <time>2026-04-13T11:40:29.640Z</time>
    </trkpt>
    <trkpt lat="40.626678" lon="14.588712">
      <ele>0</ele>
      <time>2026-04-13T11:40:30.738Z</time>
    </trkpt>
    <trkpt lat="40.626546" lon="14.588421">
      <ele>0</ele>
      <time>2026-04-13T11:40:31.836Z</time>
    </trkpt>
    <trkpt lat="40.626530" lon="14.588378">
      <ele>0</ele>
      <time>2026-04-13T11:40:32.934Z</time>
    </trkpt>
    <trkpt lat="40.626522" lon="14.588338">
      <ele>0</ele>
      <time>2026-04-13T11:40:34.032Z</time>
    </trkpt>
    <trkpt lat="40.626515" lon="14.588286">
      <ele>0</ele>
      <time>2026-04-13T11:40:35.130Z</time>
    </trkpt>
    <trkpt lat="40.626514" lon="14.588255">
      <ele>0</ele>
      <time>2026-04-13T11:40:36.228Z</time>
    </trkpt>
    <trkpt lat="40.626519" lon="14.588223">
      <ele>0</ele>
      <time>2026-04-13T11:40:37.326Z</time>
    </trkpt>
    <trkpt lat="40.626540" lon="14.588110">
      <ele>0</ele>
      <time>2026-04-13T11:40:38.424Z</time>
    </trkpt>
    <trkpt lat="40.626544" lon="14.588072">
      <ele>0</ele>
      <time>2026-04-13T11:40:39.521Z</time>
    </trkpt>
    <trkpt lat="40.626543" lon="14.588033">
      <ele>0</ele>
      <time>2026-04-13T11:40:40.619Z</time>
    </trkpt>
    <trkpt lat="40.626538" lon="14.587994">
      <ele>0</ele>
      <time>2026-04-13T11:40:41.717Z</time>
    </trkpt>
    <trkpt lat="40.626502" lon="14.587811">
      <ele>0</ele>
      <time>2026-04-13T11:40:42.815Z</time>
    </trkpt>
    <trkpt lat="40.626464" lon="14.587699">
      <ele>0</ele>
      <time>2026-04-13T11:40:43.913Z</time>
    </trkpt>
    <trkpt lat="40.626413" lon="14.587604">
      <ele>0</ele>
      <time>2026-04-13T11:40:45.011Z</time>
    </trkpt>
    <trkpt lat="40.626168" lon="14.587217">
      <ele>0</ele>
      <time>2026-04-13T11:40:46.109Z</time>
    </trkpt>
    <trkpt lat="40.626147" lon="14.587160">
      <ele>0</ele>
      <time>2026-04-13T11:40:47.207Z</time>
    </trkpt>
    <trkpt lat="40.626137" lon="14.587113">
      <ele>0</ele>
      <time>2026-04-13T11:40:48.305Z</time>
    </trkpt>
    <trkpt lat="40.626131" lon="14.587040">
      <ele>0</ele>
      <time>2026-04-13T11:40:49.403Z</time>
    </trkpt>
    <trkpt lat="40.626120" lon="14.586996">
      <ele>0</ele>
      <time>2026-04-13T11:40:50.501Z</time>
    </trkpt>
    <trkpt lat="40.626104" lon="14.586954">
      <ele>0</ele>
      <time>2026-04-13T11:40:51.599Z</time>
    </trkpt>
    <trkpt lat="40.626086" lon="14.586923">
      <ele>0</ele>
      <time>2026-04-13T11:40:52.696Z</time>
    </trkpt>
    <trkpt lat="40.626057" lon="14.586886">
      <ele>0</ele>
      <time>2026-04-13T11:40:53.794Z</time>
    </trkpt>
    <trkpt lat="40.626024" lon="14.586853">
      <ele>0</ele>
      <time>2026-04-13T11:40:54.892Z</time>
    </trkpt>
    <trkpt lat="40.625951" lon="14.586785">
      <ele>0</ele>
      <time>2026-04-13T11:40:55.990Z</time>
    </trkpt>
    <trkpt lat="40.625806" lon="14.586677">
      <ele>0</ele>
      <time>2026-04-13T11:40:57.088Z</time>
    </trkpt>
    <trkpt lat="40.625728" lon="14.586619">
      <ele>0</ele>
      <time>2026-04-13T11:40:58.186Z</time>
    </trkpt>
    <trkpt lat="40.625641" lon="14.586532">
      <ele>0</ele>
      <time>2026-04-13T11:40:59.284Z</time>
    </trkpt>
    <trkpt lat="40.625609" lon="14.586489">
      <ele>0</ele>
      <time>2026-04-13T11:41:00.382Z</time>
    </trkpt>
    <trkpt lat="40.625580" lon="14.586450">
      <ele>0</ele>
      <time>2026-04-13T11:41:01.480Z</time>
    </trkpt>
    <trkpt lat="40.625530" lon="14.586368">
      <ele>0</ele>
      <time>2026-04-13T11:41:02.578Z</time>
    </trkpt>
    <trkpt lat="40.625492" lon="14.586283">
      <ele>0</ele>
      <time>2026-04-13T11:41:03.676Z</time>
    </trkpt>
    <trkpt lat="40.625471" lon="14.586217">
      <ele>0</ele>
      <time>2026-04-13T11:41:04.773Z</time>
    </trkpt>
    <trkpt lat="40.625461" lon="14.586156">
      <ele>0</ele>
      <time>2026-04-13T11:41:05.871Z</time>
    </trkpt>
    <trkpt lat="40.625457" lon="14.586084">
      <ele>0</ele>
      <time>2026-04-13T11:41:06.969Z</time>
    </trkpt>
    <trkpt lat="40.625470" lon="14.585924">
      <ele>0</ele>
      <time>2026-04-13T11:41:08.067Z</time>
    </trkpt>
    <trkpt lat="40.625474" lon="14.585867">
      <ele>0</ele>
      <time>2026-04-13T11:41:09.165Z</time>
    </trkpt>
    <trkpt lat="40.625473" lon="14.585801">
      <ele>0</ele>
      <time>2026-04-13T11:41:10.263Z</time>
    </trkpt>
    <trkpt lat="40.625471" lon="14.585730">
      <ele>0</ele>
      <time>2026-04-13T11:41:11.361Z</time>
    </trkpt>
    <trkpt lat="40.625469" lon="14.585666">
      <ele>0</ele>
      <time>2026-04-13T11:41:12.459Z</time>
    </trkpt>
    <trkpt lat="40.625466" lon="14.585587">
      <ele>0</ele>
      <time>2026-04-13T11:41:13.557Z</time>
    </trkpt>
    <trkpt lat="40.625475" lon="14.585510">
      <ele>0</ele>
      <time>2026-04-13T11:41:14.655Z</time>
    </trkpt>
    <trkpt lat="40.625492" lon="14.585446">
      <ele>0</ele>
      <time>2026-04-13T11:41:15.753Z</time>
    </trkpt>
    <trkpt lat="40.625510" lon="14.585395">
      <ele>0</ele>
      <time>2026-04-13T11:41:16.851Z</time>
    </trkpt>
    <trkpt lat="40.625543" lon="14.585319">
      <ele>0</ele>
      <time>2026-04-13T11:41:17.948Z</time>
    </trkpt>
    <trkpt lat="40.625583" lon="14.585221">
      <ele>0</ele>
      <time>2026-04-13T11:41:19.046Z</time>
    </trkpt>
    <trkpt lat="40.625616" lon="14.585144">
      <ele>0</ele>
      <time>2026-04-13T11:41:20.144Z</time>
    </trkpt>
    <trkpt lat="40.625660" lon="14.585047">
      <ele>0</ele>
      <time>2026-04-13T11:41:21.242Z</time>
    </trkpt>
    <trkpt lat="40.625770" lon="14.584797">
      <ele>0</ele>
      <time>2026-04-13T11:41:22.340Z</time>
    </trkpt>
    <trkpt lat="40.625807" lon="14.584742">
      <ele>0</ele>
      <time>2026-04-13T11:41:23.438Z</time>
    </trkpt>
    <trkpt lat="40.625839" lon="14.584703">
      <ele>0</ele>
      <time>2026-04-13T11:41:24.536Z</time>
    </trkpt>
    <trkpt lat="40.625884" lon="14.584670">
      <ele>0</ele>
      <time>2026-04-13T11:41:25.634Z</time>
    </trkpt>
    <trkpt lat="40.626125" lon="14.584539">
      <ele>0</ele>
      <time>2026-04-13T11:41:26.732Z</time>
    </trkpt>
    <trkpt lat="40.626234" lon="14.584471">
      <ele>0</ele>
      <time>2026-04-13T11:41:27.830Z</time>
    </trkpt>
    <trkpt lat="40.626570" lon="14.584206">
      <ele>0</ele>
      <time>2026-04-13T11:41:28.928Z</time>
    </trkpt>
    <trkpt lat="40.626649" lon="14.584161">
      <ele>0</ele>
      <time>2026-04-13T11:41:30.026Z</time>
    </trkpt>
    <trkpt lat="40.626700" lon="14.584133">
      <ele>0</ele>
      <time>2026-04-13T11:41:31.123Z</time>
    </trkpt>
    <trkpt lat="40.626774" lon="14.584113">
      <ele>0</ele>
      <time>2026-04-13T11:41:32.221Z</time>
    </trkpt>
    <trkpt lat="40.626886" lon="14.584102">
      <ele>0</ele>
      <time>2026-04-13T11:41:33.319Z</time>
    </trkpt>
    <trkpt lat="40.626953" lon="14.584079">
      <ele>0</ele>
      <time>2026-04-13T11:41:34.417Z</time>
    </trkpt>
    <trkpt lat="40.626992" lon="14.584039">
      <ele>0</ele>
      <time>2026-04-13T11:41:35.515Z</time>
    </trkpt>
    <trkpt lat="40.627002" lon="14.584029">
      <ele>0</ele>
      <time>2026-04-13T11:41:36.613Z</time>
    </trkpt>
    <trkpt lat="40.627036" lon="14.583956">
      <ele>0</ele>
      <time>2026-04-13T11:41:37.711Z</time>
    </trkpt>
    <trkpt lat="40.627077" lon="14.583780">
      <ele>0</ele>
      <time>2026-04-13T11:41:38.809Z</time>
    </trkpt>
    <trkpt lat="40.627071" lon="14.583682">
      <ele>0</ele>
      <time>2026-04-13T11:41:39.907Z</time>
    </trkpt>
    <trkpt lat="40.627046" lon="14.583597">
      <ele>0</ele>
      <time>2026-04-13T11:41:41.005Z</time>
    </trkpt>
    <trkpt lat="40.626992" lon="14.583543">
      <ele>0</ele>
      <time>2026-04-13T11:41:42.103Z</time>
    </trkpt>
    <trkpt lat="40.626912" lon="14.583511">
      <ele>0</ele>
      <time>2026-04-13T11:41:43.200Z</time>
    </trkpt>
    <trkpt lat="40.626459" lon="14.583445">
      <ele>0</ele>
      <time>2026-04-13T11:41:44.298Z</time>
    </trkpt>
    <trkpt lat="40.626349" lon="14.583452">
      <ele>0</ele>
      <time>2026-04-13T11:41:45.396Z</time>
    </trkpt>
    <trkpt lat="40.626236" lon="14.583488">
      <ele>0</ele>
      <time>2026-04-13T11:41:46.494Z</time>
    </trkpt>
    <trkpt lat="40.626096" lon="14.583579">
      <ele>0</ele>
      <time>2026-04-13T11:41:47.592Z</time>
    </trkpt>
    <trkpt lat="40.625808" lon="14.583800">
      <ele>0</ele>
      <time>2026-04-13T11:41:48.690Z</time>
    </trkpt>
    <trkpt lat="40.625664" lon="14.583975">
      <ele>0</ele>
      <time>2026-04-13T11:41:49.788Z</time>
    </trkpt>
    <trkpt lat="40.625614" lon="14.584024">
      <ele>0</ele>
      <time>2026-04-13T11:41:50.886Z</time>
    </trkpt>
    <trkpt lat="40.625569" lon="14.584051">
      <ele>0</ele>
      <time>2026-04-13T11:41:51.984Z</time>
    </trkpt>
    <trkpt lat="40.625514" lon="14.584057">
      <ele>0</ele>
      <time>2026-04-13T11:41:53.082Z</time>
    </trkpt>
    <trkpt lat="40.625454" lon="14.584034">
      <ele>0</ele>
      <time>2026-04-13T11:41:54.180Z</time>
    </trkpt>
    <trkpt lat="40.625261" lon="14.583922">
      <ele>0</ele>
      <time>2026-04-13T11:41:55.278Z</time>
    </trkpt>
    <trkpt lat="40.625029" lon="14.583794">
      <ele>0</ele>
      <time>2026-04-13T11:41:56.375Z</time>
    </trkpt>
    <trkpt lat="40.624793" lon="14.583691">
      <ele>0</ele>
      <time>2026-04-13T11:41:57.473Z</time>
    </trkpt>
    <trkpt lat="40.624626" lon="14.583579">
      <ele>0</ele>
      <time>2026-04-13T11:41:58.571Z</time>
    </trkpt>
    <trkpt lat="40.624489" lon="14.583454">
      <ele>0</ele>
      <time>2026-04-13T11:41:59.669Z</time>
    </trkpt>
    <trkpt lat="40.624461" lon="14.583415">
      <ele>0</ele>
      <time>2026-04-13T11:42:00.767Z</time>
    </trkpt>
    <trkpt lat="40.624438" lon="14.583364">
      <ele>0</ele>
      <time>2026-04-13T11:42:01.865Z</time>
    </trkpt>
    <trkpt lat="40.624426" lon="14.583316">
      <ele>0</ele>
      <time>2026-04-13T11:42:02.963Z</time>
    </trkpt>
    <trkpt lat="40.624421" lon="14.583265">
      <ele>0</ele>
      <time>2026-04-13T11:42:04.061Z</time>
    </trkpt>
    <trkpt lat="40.624432" lon="14.583127">
      <ele>0</ele>
      <time>2026-04-13T11:42:05.159Z</time>
    </trkpt>
    <trkpt lat="40.624438" lon="14.583027">
      <ele>0</ele>
      <time>2026-04-13T11:42:06.257Z</time>
    </trkpt>
    <trkpt lat="40.624438" lon="14.582927">
      <ele>0</ele>
      <time>2026-04-13T11:42:07.355Z</time>
    </trkpt>
    <trkpt lat="40.624422" lon="14.582818">
      <ele>0</ele>
      <time>2026-04-13T11:42:08.453Z</time>
    </trkpt>
    <trkpt lat="40.624414" lon="14.582791">
      <ele>0</ele>
      <time>2026-04-13T11:42:09.550Z</time>
    </trkpt>
    <trkpt lat="40.624401" lon="14.582762">
      <ele>0</ele>
      <time>2026-04-13T11:42:10.648Z</time>
    </trkpt>
    <trkpt lat="40.624382" lon="14.582730">
      <ele>0</ele>
      <time>2026-04-13T11:42:11.746Z</time>
    </trkpt>
    <trkpt lat="40.624356" lon="14.582700">
      <ele>0</ele>
      <time>2026-04-13T11:42:12.844Z</time>
    </trkpt>
    <trkpt lat="40.624340" lon="14.582682">
      <ele>0</ele>
      <time>2026-04-13T11:42:13.942Z</time>
    </trkpt>
    <trkpt lat="40.624313" lon="14.582669">
      <ele>0</ele>
      <time>2026-04-13T11:42:15.040Z</time>
    </trkpt>
    <trkpt lat="40.624270" lon="14.582657">
      <ele>0</ele>
      <time>2026-04-13T11:42:16.138Z</time>
    </trkpt>
    <trkpt lat="40.624224" lon="14.582655">
      <ele>0</ele>
      <time>2026-04-13T11:42:17.236Z</time>
    </trkpt>
    <trkpt lat="40.623948" lon="14.582654">
      <ele>0</ele>
      <time>2026-04-13T11:42:18.334Z</time>
    </trkpt>
    <trkpt lat="40.623882" lon="14.582646">
      <ele>0</ele>
      <time>2026-04-13T11:42:19.432Z</time>
    </trkpt>
    <trkpt lat="40.623826" lon="14.582614">
      <ele>0</ele>
      <time>2026-04-13T11:42:20.530Z</time>
    </trkpt>
    <trkpt lat="40.623692" lon="14.582454">
      <ele>0</ele>
      <time>2026-04-13T11:42:21.627Z</time>
    </trkpt>
    <trkpt lat="40.623535" lon="14.582298">
      <ele>0</ele>
      <time>2026-04-13T11:42:22.725Z</time>
    </trkpt>
    <trkpt lat="40.623499" lon="14.582260">
      <ele>0</ele>
      <time>2026-04-13T11:42:23.823Z</time>
    </trkpt>
    <trkpt lat="40.623273" lon="14.582036">
      <ele>0</ele>
      <time>2026-04-13T11:42:24.921Z</time>
    </trkpt>
    <trkpt lat="40.622930" lon="14.581685">
      <ele>0</ele>
      <time>2026-04-13T11:42:26.019Z</time>
    </trkpt>
    <trkpt lat="40.622816" lon="14.581502">
      <ele>0</ele>
      <time>2026-04-13T11:42:27.117Z</time>
    </trkpt>
    <trkpt lat="40.622720" lon="14.581308">
      <ele>0</ele>
      <time>2026-04-13T11:42:28.215Z</time>
    </trkpt>
    <trkpt lat="40.622656" lon="14.581116">
      <ele>0</ele>
      <time>2026-04-13T11:42:29.313Z</time>
    </trkpt>
    <trkpt lat="40.622610" lon="14.580941">
      <ele>0</ele>
      <time>2026-04-13T11:42:30.411Z</time>
    </trkpt>
    <trkpt lat="40.622526" lon="14.580561">
      <ele>0</ele>
      <time>2026-04-13T11:42:31.509Z</time>
    </trkpt>
    <trkpt lat="40.622511" lon="14.580484">
      <ele>0</ele>
      <time>2026-04-13T11:42:32.607Z</time>
    </trkpt>
    <trkpt lat="40.622489" lon="14.580407">
      <ele>0</ele>
      <time>2026-04-13T11:42:33.705Z</time>
    </trkpt>
    <trkpt lat="40.622411" lon="14.580242">
      <ele>0</ele>
      <time>2026-04-13T11:42:34.802Z</time>
    </trkpt>
    <trkpt lat="40.622190" lon="14.579862">
      <ele>0</ele>
      <time>2026-04-13T11:42:35.900Z</time>
    </trkpt>
    <trkpt lat="40.622150" lon="14.579791">
      <ele>0</ele>
      <time>2026-04-13T11:42:36.998Z</time>
    </trkpt>
    <trkpt lat="40.621686" lon="14.579302">
      <ele>0</ele>
      <time>2026-04-13T11:42:38.096Z</time>
    </trkpt>
    <trkpt lat="40.621511" lon="14.579109">
      <ele>0</ele>
      <time>2026-04-13T11:42:39.194Z</time>
    </trkpt>
    <trkpt lat="40.621473" lon="14.579086">
      <ele>0</ele>
      <time>2026-04-13T11:42:40.292Z</time>
    </trkpt>
    <trkpt lat="40.621428" lon="14.579081">
      <ele>0</ele>
      <time>2026-04-13T11:42:41.390Z</time>
    </trkpt>
    <trkpt lat="40.621391" lon="14.579099">
      <ele>0</ele>
      <time>2026-04-13T11:42:42.488Z</time>
    </trkpt>
    <trkpt lat="40.621348" lon="14.579156">
      <ele>0</ele>
      <time>2026-04-13T11:42:43.586Z</time>
    </trkpt>
    <trkpt lat="40.621283" lon="14.579254">
      <ele>0</ele>
      <time>2026-04-13T11:42:44.684Z</time>
    </trkpt>
    <trkpt lat="40.621223" lon="14.579368">
      <ele>0</ele>
      <time>2026-04-13T11:42:45.782Z</time>
    </trkpt>
    <trkpt lat="40.621185" lon="14.579438">
      <ele>0</ele>
      <time>2026-04-13T11:42:46.879Z</time>
    </trkpt>
    <trkpt lat="40.621136" lon="14.579471">
      <ele>0</ele>
      <time>2026-04-13T11:42:47.977Z</time>
    </trkpt>
    <trkpt lat="40.621083" lon="14.579457">
      <ele>0</ele>
      <time>2026-04-13T11:42:49.075Z</time>
    </trkpt>
    <trkpt lat="40.621041" lon="14.579425">
      <ele>0</ele>
      <time>2026-04-13T11:42:50.173Z</time>
    </trkpt>
    <trkpt lat="40.620995" lon="14.579368">
      <ele>0</ele>
      <time>2026-04-13T11:42:51.271Z</time>
    </trkpt>
    <trkpt lat="40.620960" lon="14.579303">
      <ele>0</ele>
      <time>2026-04-13T11:42:52.369Z</time>
    </trkpt>
    <trkpt lat="40.620907" lon="14.579204">
      <ele>0</ele>
      <time>2026-04-13T11:42:53.467Z</time>
    </trkpt>
    <trkpt lat="40.620837" lon="14.579072">
      <ele>0</ele>
      <time>2026-04-13T11:42:54.565Z</time>
    </trkpt>
    <trkpt lat="40.620789" lon="14.578983">
      <ele>0</ele>
      <time>2026-04-13T11:42:55.663Z</time>
    </trkpt>
    <trkpt lat="40.620658" lon="14.578747">
      <ele>0</ele>
      <time>2026-04-13T11:42:56.761Z</time>
    </trkpt>
    <trkpt lat="40.620426" lon="14.578407">
      <ele>0</ele>
      <time>2026-04-13T11:42:57.859Z</time>
    </trkpt>
    <trkpt lat="40.620223" lon="14.578153">
      <ele>0</ele>
      <time>2026-04-13T11:42:58.957Z</time>
    </trkpt>
    <trkpt lat="40.620138" lon="14.578052">
      <ele>0</ele>
      <time>2026-04-13T11:43:00.054Z</time>
    </trkpt>
    <trkpt lat="40.619898" lon="14.577717">
      <ele>0</ele>
      <time>2026-04-13T11:43:01.152Z</time>
    </trkpt>
    <trkpt lat="40.619709" lon="14.577368">
      <ele>0</ele>
      <time>2026-04-13T11:43:02.250Z</time>
    </trkpt>
    <trkpt lat="40.619564" lon="14.577098">
      <ele>0</ele>
      <time>2026-04-13T11:43:03.348Z</time>
    </trkpt>
    <trkpt lat="40.619478" lon="14.576788">
      <ele>0</ele>
      <time>2026-04-13T11:43:04.446Z</time>
    </trkpt>
    <trkpt lat="40.619431" lon="14.576575">
      <ele>0</ele>
      <time>2026-04-13T11:43:05.544Z</time>
    </trkpt>
    <trkpt lat="40.619393" lon="14.576512">
      <ele>0</ele>
      <time>2026-04-13T11:43:06.642Z</time>
    </trkpt>
    <trkpt lat="40.619345" lon="14.576456">
      <ele>0</ele>
      <time>2026-04-13T11:43:07.740Z</time>
    </trkpt>
    <trkpt lat="40.619286" lon="14.576420">
      <ele>0</ele>
      <time>2026-04-13T11:43:08.838Z</time>
    </trkpt>
    <trkpt lat="40.619186" lon="14.576372">
      <ele>0</ele>
      <time>2026-04-13T11:43:09.936Z</time>
    </trkpt>
    <trkpt lat="40.619083" lon="14.576319">
      <ele>0</ele>
      <time>2026-04-13T11:43:11.034Z</time>
    </trkpt>
    <trkpt lat="40.618965" lon="14.576245">
      <ele>0</ele>
      <time>2026-04-13T11:43:12.132Z</time>
    </trkpt>
    <trkpt lat="40.618747" lon="14.576117">
      <ele>0</ele>
      <time>2026-04-13T11:43:13.229Z</time>
    </trkpt>
    <trkpt lat="40.618608" lon="14.576036">
      <ele>0</ele>
      <time>2026-04-13T11:43:14.327Z</time>
    </trkpt>
    <trkpt lat="40.618535" lon="14.576005">
      <ele>0</ele>
      <time>2026-04-13T11:43:15.425Z</time>
    </trkpt>
    <trkpt lat="40.618475" lon="14.575991">
      <ele>0</ele>
      <time>2026-04-13T11:43:16.523Z</time>
    </trkpt>
    <trkpt lat="40.618429" lon="14.575992">
      <ele>0</ele>
      <time>2026-04-13T11:43:17.621Z</time>
    </trkpt>
    <trkpt lat="40.618382" lon="14.576004">
      <ele>0</ele>
      <time>2026-04-13T11:43:18.719Z</time>
    </trkpt>
    <trkpt lat="40.618334" lon="14.576003">
      <ele>0</ele>
      <time>2026-04-13T11:43:19.817Z</time>
    </trkpt>
    <trkpt lat="40.618299" lon="14.575988">
      <ele>0</ele>
      <time>2026-04-13T11:43:20.915Z</time>
    </trkpt>
    <trkpt lat="40.618282" lon="14.575963">
      <ele>0</ele>
      <time>2026-04-13T11:43:22.013Z</time>
    </trkpt>
    <trkpt lat="40.618272" lon="14.575932">
      <ele>0</ele>
      <time>2026-04-13T11:43:23.111Z</time>
    </trkpt>
    <trkpt lat="40.618269" lon="14.575867">
      <ele>0</ele>
      <time>2026-04-13T11:43:24.209Z</time>
    </trkpt>
    <trkpt lat="40.618268" lon="14.575735">
      <ele>0</ele>
      <time>2026-04-13T11:43:25.306Z</time>
    </trkpt>
    <trkpt lat="40.618266" lon="14.575628">
      <ele>0</ele>
      <time>2026-04-13T11:43:26.404Z</time>
    </trkpt>
    <trkpt lat="40.618259" lon="14.575531">
      <ele>0</ele>
      <time>2026-04-13T11:43:27.502Z</time>
    </trkpt>
    <trkpt lat="40.618249" lon="14.575490">
      <ele>0</ele>
      <time>2026-04-13T11:43:28.600Z</time>
    </trkpt>
    <trkpt lat="40.618233" lon="14.575453">
      <ele>0</ele>
      <time>2026-04-13T11:43:29.698Z</time>
    </trkpt>
    <trkpt lat="40.618201" lon="14.575406">
      <ele>0</ele>
      <time>2026-04-13T11:43:30.796Z</time>
    </trkpt>
    <trkpt lat="40.618169" lon="14.575371">
      <ele>0</ele>
      <time>2026-04-13T11:43:31.894Z</time>
    </trkpt>
    <trkpt lat="40.618077" lon="14.575304">
      <ele>0</ele>
      <time>2026-04-13T11:43:32.992Z</time>
    </trkpt>
    <trkpt lat="40.617975" lon="14.575228">
      <ele>0</ele>
      <time>2026-04-13T11:43:34.090Z</time>
    </trkpt>
    <trkpt lat="40.617887" lon="14.575140">
      <ele>0</ele>
      <time>2026-04-13T11:43:35.188Z</time>
    </trkpt>
    <trkpt lat="40.617777" lon="14.575014">
      <ele>0</ele>
      <time>2026-04-13T11:43:36.286Z</time>
    </trkpt>
    <trkpt lat="40.617665" lon="14.574882">
      <ele>0</ele>
      <time>2026-04-13T11:43:37.384Z</time>
    </trkpt>
    <trkpt lat="40.617617" lon="14.574807">
      <ele>0</ele>
      <time>2026-04-13T11:43:38.481Z</time>
    </trkpt>
    <trkpt lat="40.617552" lon="14.574764">
      <ele>0</ele>
      <time>2026-04-13T11:43:39.579Z</time>
    </trkpt>
    <trkpt lat="40.617471" lon="14.574769">
      <ele>0</ele>
      <time>2026-04-13T11:43:40.677Z</time>
    </trkpt>
    <trkpt lat="40.617396" lon="14.574803">
      <ele>0</ele>
      <time>2026-04-13T11:43:41.775Z</time>
    </trkpt>
    <trkpt lat="40.617314" lon="14.574830">
      <ele>0</ele>
      <time>2026-04-13T11:43:42.873Z</time>
    </trkpt>
    <trkpt lat="40.617230" lon="14.574844">
      <ele>0</ele>
      <time>2026-04-13T11:43:43.971Z</time>
    </trkpt>
    <trkpt lat="40.617138" lon="14.574858">
      <ele>0</ele>
      <time>2026-04-13T11:43:45.069Z</time>
    </trkpt>
    <trkpt lat="40.617033" lon="14.574906">
      <ele>0</ele>
      <time>2026-04-13T11:43:46.167Z</time>
    </trkpt>
    <trkpt lat="40.616948" lon="14.574987">
      <ele>0</ele>
      <time>2026-04-13T11:43:47.265Z</time>
    </trkpt>
    <trkpt lat="40.616869" lon="14.575064">
      <ele>0</ele>
      <time>2026-04-13T11:43:48.363Z</time>
    </trkpt>
    <trkpt lat="40.616778" lon="14.575112">
      <ele>0</ele>
      <time>2026-04-13T11:43:49.461Z</time>
    </trkpt>
    <trkpt lat="40.616640" lon="14.575189">
      <ele>0</ele>
      <time>2026-04-13T11:43:50.559Z</time>
    </trkpt>
    <trkpt lat="40.616497" lon="14.575273">
      <ele>0</ele>
      <time>2026-04-13T11:43:51.656Z</time>
    </trkpt>
    <trkpt lat="40.616346" lon="14.575335">
      <ele>0</ele>
      <time>2026-04-13T11:43:52.754Z</time>
    </trkpt>
    <trkpt lat="40.616243" lon="14.575358">
      <ele>0</ele>
      <time>2026-04-13T11:43:53.852Z</time>
    </trkpt>
    <trkpt lat="40.616176" lon="14.575344">
      <ele>0</ele>
      <time>2026-04-13T11:43:54.950Z</time>
    </trkpt>
    <trkpt lat="40.616097" lon="14.575318">
      <ele>0</ele>
      <time>2026-04-13T11:43:56.048Z</time>
    </trkpt>
    <trkpt lat="40.616024" lon="14.575295">
      <ele>0</ele>
      <time>2026-04-13T11:43:57.146Z</time>
    </trkpt>
    <trkpt lat="40.615960" lon="14.575280">
      <ele>0</ele>
      <time>2026-04-13T11:43:58.244Z</time>
    </trkpt>
    <trkpt lat="40.615854" lon="14.575281">
      <ele>0</ele>
      <time>2026-04-13T11:43:59.342Z</time>
    </trkpt>
    <trkpt lat="40.615708" lon="14.575301">
      <ele>0</ele>
      <time>2026-04-13T11:44:00.440Z</time>
    </trkpt>
    <trkpt lat="40.615483" lon="14.575334">
      <ele>0</ele>
      <time>2026-04-13T11:44:01.538Z</time>
    </trkpt>
    <trkpt lat="40.615401" lon="14.575346">
      <ele>0</ele>
      <time>2026-04-13T11:44:02.636Z</time>
    </trkpt>
    <trkpt lat="40.615259" lon="14.575379">
      <ele>0</ele>
      <time>2026-04-13T11:44:03.733Z</time>
    </trkpt>
    <trkpt lat="40.615027" lon="14.575451">
      <ele>0</ele>
      <time>2026-04-13T11:44:04.831Z</time>
    </trkpt>
    <trkpt lat="40.614948" lon="14.575472">
      <ele>0</ele>
      <time>2026-04-13T11:44:05.929Z</time>
    </trkpt>
    <trkpt lat="40.614907" lon="14.575482">
      <ele>0</ele>
      <time>2026-04-13T11:44:07.027Z</time>
    </trkpt>
    <trkpt lat="40.614878" lon="14.575482">
      <ele>0</ele>
      <time>2026-04-13T11:44:08.125Z</time>
    </trkpt>
    <trkpt lat="40.614821" lon="14.575475">
      <ele>0</ele>
      <time>2026-04-13T11:44:09.223Z</time>
    </trkpt>
    <trkpt lat="40.614767" lon="14.575463">
      <ele>0</ele>
      <time>2026-04-13T11:44:10.321Z</time>
    </trkpt>
    <trkpt lat="40.614712" lon="14.575440">
      <ele>0</ele>
      <time>2026-04-13T11:44:11.419Z</time>
    </trkpt>
    <trkpt lat="40.614678" lon="14.575417">
      <ele>0</ele>
      <time>2026-04-13T11:44:12.517Z</time>
    </trkpt>
    <trkpt lat="40.614647" lon="14.575385">
      <ele>0</ele>
      <time>2026-04-13T11:44:13.615Z</time>
    </trkpt>
    <trkpt lat="40.614596" lon="14.575323">
      <ele>0</ele>
      <time>2026-04-13T11:44:14.713Z</time>
    </trkpt>
    <trkpt lat="40.614486" lon="14.575125">
      <ele>0</ele>
      <time>2026-04-13T11:44:15.811Z</time>
    </trkpt>
    <trkpt lat="40.614454" lon="14.575066">
      <ele>0</ele>
      <time>2026-04-13T11:44:16.908Z</time>
    </trkpt>
    <trkpt lat="40.614420" lon="14.574980">
      <ele>0</ele>
      <time>2026-04-13T11:44:18.006Z</time>
    </trkpt>
    <trkpt lat="40.614395" lon="14.574850">
      <ele>0</ele>
      <time>2026-04-13T11:44:19.104Z</time>
    </trkpt>
    <trkpt lat="40.614390" lon="14.574652">
      <ele>0</ele>
      <time>2026-04-13T11:44:20.202Z</time>
    </trkpt>
    <trkpt lat="40.614377" lon="14.574488">
      <ele>0</ele>
      <time>2026-04-13T11:44:21.300Z</time>
    </trkpt>
    <trkpt lat="40.614357" lon="14.574372">
      <ele>0</ele>
      <time>2026-04-13T11:44:22.398Z</time>
    </trkpt>
    <trkpt lat="40.614315" lon="14.574279">
      <ele>0</ele>
      <time>2026-04-13T11:44:23.496Z</time>
    </trkpt>
    <trkpt lat="40.614233" lon="14.574159">
      <ele>0</ele>
      <time>2026-04-13T11:44:24.594Z</time>
    </trkpt>
    <trkpt lat="40.614058" lon="14.573968">
      <ele>0</ele>
      <time>2026-04-13T11:44:25.692Z</time>
    </trkpt>
    <trkpt lat="40.613996" lon="14.573866">
      <ele>0</ele>
      <time>2026-04-13T11:44:26.790Z</time>
    </trkpt>
    <trkpt lat="40.613974" lon="14.573778">
      <ele>0</ele>
      <time>2026-04-13T11:44:27.888Z</time>
    </trkpt>
    <trkpt lat="40.613976" lon="14.573687">
      <ele>0</ele>
      <time>2026-04-13T11:44:28.986Z</time>
    </trkpt>
    <trkpt lat="40.614011" lon="14.573577">
      <ele>0</ele>
      <time>2026-04-13T11:44:30.083Z</time>
    </trkpt>
    <trkpt lat="40.614058" lon="14.573479">
      <ele>0</ele>
      <time>2026-04-13T11:44:31.181Z</time>
    </trkpt>
    <trkpt lat="40.614097" lon="14.573383">
      <ele>0</ele>
      <time>2026-04-13T11:44:32.279Z</time>
    </trkpt>
    <trkpt lat="40.614119" lon="14.573297">
      <ele>0</ele>
      <time>2026-04-13T11:44:33.377Z</time>
    </trkpt>
    <trkpt lat="40.614147" lon="14.573200">
      <ele>0</ele>
      <time>2026-04-13T11:44:34.475Z</time>
    </trkpt>
    <trkpt lat="40.614185" lon="14.573127">
      <ele>0</ele>
      <time>2026-04-13T11:44:35.573Z</time>
    </trkpt>
    <trkpt lat="40.614262" lon="14.573040">
      <ele>0</ele>
      <time>2026-04-13T11:44:36.671Z</time>
    </trkpt>
    <trkpt lat="40.614369" lon="14.572969">
      <ele>0</ele>
      <time>2026-04-13T11:44:37.769Z</time>
    </trkpt>
    <trkpt lat="40.614446" lon="14.572939">
      <ele>0</ele>
      <time>2026-04-13T11:44:38.867Z</time>
    </trkpt>
    <trkpt lat="40.614532" lon="14.572932">
      <ele>0</ele>
      <time>2026-04-13T11:44:39.965Z</time>
    </trkpt>
    <trkpt lat="40.614635" lon="14.572947">
      <ele>0</ele>
      <time>2026-04-13T11:44:41.063Z</time>
    </trkpt>
    <trkpt lat="40.614856" lon="14.573014">
      <ele>0</ele>
      <time>2026-04-13T11:44:42.160Z</time>
    </trkpt>
    <trkpt lat="40.615010" lon="14.573073">
      <ele>0</ele>
      <time>2026-04-13T11:44:43.258Z</time>
    </trkpt>
    <trkpt lat="40.615060" lon="14.573092">
      <ele>0</ele>
      <time>2026-04-13T11:44:44.356Z</time>
    </trkpt>
    <trkpt lat="40.615103" lon="14.573096">
      <ele>0</ele>
      <time>2026-04-13T11:44:45.454Z</time>
    </trkpt>
    <trkpt lat="40.615153" lon="14.573077">
      <ele>0</ele>
      <time>2026-04-13T11:44:46.552Z</time>
    </trkpt>
    <trkpt lat="40.615188" lon="14.573031">
      <ele>0</ele>
      <time>2026-04-13T11:44:47.650Z</time>
    </trkpt>
    <trkpt lat="40.615448" lon="14.572399">
      <ele>0</ele>
      <time>2026-04-13T11:44:48.748Z</time>
    </trkpt>
    <trkpt lat="40.615557" lon="14.572158">
      <ele>0</ele>
      <time>2026-04-13T11:44:49.846Z</time>
    </trkpt>
    <trkpt lat="40.615595" lon="14.572026">
      <ele>0</ele>
      <time>2026-04-13T11:44:50.944Z</time>
    </trkpt>
    <trkpt lat="40.615617" lon="14.571884">
      <ele>0</ele>
      <time>2026-04-13T11:44:52.042Z</time>
    </trkpt>
    <trkpt lat="40.615652" lon="14.571487">
      <ele>0</ele>
      <time>2026-04-13T11:44:53.140Z</time>
    </trkpt>
    <trkpt lat="40.615665" lon="14.571227">
      <ele>0</ele>
      <time>2026-04-13T11:44:54.238Z</time>
    </trkpt>
    <trkpt lat="40.615674" lon="14.571153">
      <ele>0</ele>
      <time>2026-04-13T11:44:55.335Z</time>
    </trkpt>
    <trkpt lat="40.615691" lon="14.571080">
      <ele>0</ele>
      <time>2026-04-13T11:44:56.433Z</time>
    </trkpt>
    <trkpt lat="40.615719" lon="14.570999">
      <ele>0</ele>
      <time>2026-04-13T11:44:57.531Z</time>
    </trkpt>
    <trkpt lat="40.615761" lon="14.570908">
      <ele>0</ele>
      <time>2026-04-13T11:44:58.629Z</time>
    </trkpt>
    <trkpt lat="40.615797" lon="14.570845">
      <ele>0</ele>
      <time>2026-04-13T11:44:59.727Z</time>
    </trkpt>
    <trkpt lat="40.615859" lon="14.570764">
      <ele>0</ele>
      <time>2026-04-13T11:45:00.825Z</time>
    </trkpt>
    <trkpt lat="40.615957" lon="14.570627">
      <ele>0</ele>
      <time>2026-04-13T11:45:01.923Z</time>
    </trkpt>
    <trkpt lat="40.616050" lon="14.570513">
      <ele>0</ele>
      <time>2026-04-13T11:45:03.021Z</time>
    </trkpt>
    <trkpt lat="40.616120" lon="14.570403">
      <ele>0</ele>
      <time>2026-04-13T11:45:04.119Z</time>
    </trkpt>
    <trkpt lat="40.616145" lon="14.570338">
      <ele>0</ele>
      <time>2026-04-13T11:45:05.217Z</time>
    </trkpt>
    <trkpt lat="40.616159" lon="14.570274">
      <ele>0</ele>
      <time>2026-04-13T11:45:06.315Z</time>
    </trkpt>
    <trkpt lat="40.616170" lon="14.570200">
      <ele>0</ele>
      <time>2026-04-13T11:45:07.412Z</time>
    </trkpt>
    <trkpt lat="40.616176" lon="14.570137">
      <ele>0</ele>
      <time>2026-04-13T11:45:08.510Z</time>
    </trkpt>
    <trkpt lat="40.616183" lon="14.570059">
      <ele>0</ele>
      <time>2026-04-13T11:45:09.608Z</time>
    </trkpt>
    <trkpt lat="40.616190" lon="14.569966">
      <ele>0</ele>
      <time>2026-04-13T11:45:10.706Z</time>
    </trkpt>
    <trkpt lat="40.616187" lon="14.569889">
      <ele>0</ele>
      <time>2026-04-13T11:45:11.804Z</time>
    </trkpt>
    <trkpt lat="40.616174" lon="14.569795">
      <ele>0</ele>
      <time>2026-04-13T11:45:12.902Z</time>
    </trkpt>
    <trkpt lat="40.616136" lon="14.569665">
      <ele>0</ele>
      <time>2026-04-13T11:45:14.000Z</time>
    </trkpt>
    <trkpt lat="40.615942" lon="14.569120">
      <ele>0</ele>
      <time>2026-04-13T11:45:15.098Z</time>
    </trkpt>
    <trkpt lat="40.615883" lon="14.568946">
      <ele>0</ele>
      <time>2026-04-13T11:45:16.196Z</time>
    </trkpt>
    <trkpt lat="40.615873" lon="14.568898">
      <ele>0</ele>
      <time>2026-04-13T11:45:17.294Z</time>
    </trkpt>
    <trkpt lat="40.615870" lon="14.568847">
      <ele>0</ele>
      <time>2026-04-13T11:45:18.392Z</time>
    </trkpt>
    <trkpt lat="40.615879" lon="14.568782">
      <ele>0</ele>
      <time>2026-04-13T11:45:19.490Z</time>
    </trkpt>
    <trkpt lat="40.615899" lon="14.568676">
      <ele>0</ele>
      <time>2026-04-13T11:45:20.587Z</time>
    </trkpt>
    <trkpt lat="40.615923" lon="14.568565">
      <ele>0</ele>
      <time>2026-04-13T11:45:21.685Z</time>
    </trkpt>
    <trkpt lat="40.615938" lon="14.568478">
      <ele>0</ele>
      <time>2026-04-13T11:45:22.783Z</time>
    </trkpt>
    <trkpt lat="40.615940" lon="14.568405">
      <ele>0</ele>
      <time>2026-04-13T11:45:23.881Z</time>
    </trkpt>
    <trkpt lat="40.615923" lon="14.568342">
      <ele>0</ele>
      <time>2026-04-13T11:45:24.979Z</time>
    </trkpt>
    <trkpt lat="40.615881" lon="14.568282">
      <ele>0</ele>
      <time>2026-04-13T11:45:26.077Z</time>
    </trkpt>
    <trkpt lat="40.615842" lon="14.568261">
      <ele>0</ele>
      <time>2026-04-13T11:45:27.175Z</time>
    </trkpt>
    <trkpt lat="40.615801" lon="14.568252">
      <ele>0</ele>
      <time>2026-04-13T11:45:28.273Z</time>
    </trkpt>
    <trkpt lat="40.615715" lon="14.568248">
      <ele>0</ele>
      <time>2026-04-13T11:45:29.371Z</time>
    </trkpt>
    <trkpt lat="40.615634" lon="14.568236">
      <ele>0</ele>
      <time>2026-04-13T11:45:30.469Z</time>
    </trkpt>
    <trkpt lat="40.615591" lon="14.568225">
      <ele>0</ele>
      <time>2026-04-13T11:45:31.567Z</time>
    </trkpt>
    <trkpt lat="40.615537" lon="14.568192">
      <ele>0</ele>
      <time>2026-04-13T11:45:32.665Z</time>
    </trkpt>
    <trkpt lat="40.615497" lon="14.568160">
      <ele>0</ele>
      <time>2026-04-13T11:45:33.762Z</time>
    </trkpt>
    <trkpt lat="40.615423" lon="14.568122">
      <ele>0</ele>
      <time>2026-04-13T11:45:34.860Z</time>
    </trkpt>
    <trkpt lat="40.615374" lon="14.568090">
      <ele>0</ele>
      <time>2026-04-13T11:45:35.958Z</time>
    </trkpt>
    <trkpt lat="40.615352" lon="14.568047">
      <ele>0</ele>
      <time>2026-04-13T11:45:37.056Z</time>
    </trkpt>
    <trkpt lat="40.615339" lon="14.568008">
      <ele>0</ele>
      <time>2026-04-13T11:45:38.154Z</time>
    </trkpt>
    <trkpt lat="40.615336" lon="14.567963">
      <ele>0</ele>
      <time>2026-04-13T11:45:39.252Z</time>
    </trkpt>
    <trkpt lat="40.615345" lon="14.567909">
      <ele>0</ele>
      <time>2026-04-13T11:45:40.350Z</time>
    </trkpt>
    <trkpt lat="40.615356" lon="14.567875">
      <ele>0</ele>
      <time>2026-04-13T11:45:41.448Z</time>
    </trkpt>
    <trkpt lat="40.615382" lon="14.567812">
      <ele>0</ele>
      <time>2026-04-13T11:45:42.546Z</time>
    </trkpt>
    <trkpt lat="40.615455" lon="14.567676">
      <ele>0</ele>
      <time>2026-04-13T11:45:43.644Z</time>
    </trkpt>
    <trkpt lat="40.615518" lon="14.567581">
      <ele>0</ele>
      <time>2026-04-13T11:45:44.742Z</time>
    </trkpt>
    <trkpt lat="40.615552" lon="14.567507">
      <ele>0</ele>
      <time>2026-04-13T11:45:45.839Z</time>
    </trkpt>
    <trkpt lat="40.615569" lon="14.567439">
      <ele>0</ele>
      <time>2026-04-13T11:45:46.937Z</time>
    </trkpt>
    <trkpt lat="40.615581" lon="14.567352">
      <ele>0</ele>
      <time>2026-04-13T11:45:48.035Z</time>
    </trkpt>
    <trkpt lat="40.615587" lon="14.567281">
      <ele>0</ele>
      <time>2026-04-13T11:45:49.133Z</time>
    </trkpt>
    <trkpt lat="40.615577" lon="14.567221">
      <ele>0</ele>
      <time>2026-04-13T11:45:50.231Z</time>
    </trkpt>
    <trkpt lat="40.615551" lon="14.567181">
      <ele>0</ele>
      <time>2026-04-13T11:45:51.329Z</time>
    </trkpt>
    <trkpt lat="40.615511" lon="14.567157">
      <ele>0</ele>
      <time>2026-04-13T11:45:52.427Z</time>
    </trkpt>
    <trkpt lat="40.615427" lon="14.567115">
      <ele>0</ele>
      <time>2026-04-13T11:45:53.525Z</time>
    </trkpt>
    <trkpt lat="40.615273" lon="14.567016">
      <ele>0</ele>
      <time>2026-04-13T11:45:54.623Z</time>
    </trkpt>
    <trkpt lat="40.615107" lon="14.566900">
      <ele>0</ele>
      <time>2026-04-13T11:45:55.721Z</time>
    </trkpt>
    <trkpt lat="40.615040" lon="14.566855">
      <ele>0</ele>
      <time>2026-04-13T11:45:56.819Z</time>
    </trkpt>
    <trkpt lat="40.614896" lon="14.566755">
      <ele>0</ele>
      <time>2026-04-13T11:45:57.917Z</time>
    </trkpt>
    <trkpt lat="40.614839" lon="14.566702">
      <ele>0</ele>
      <time>2026-04-13T11:45:59.014Z</time>
    </trkpt>
    <trkpt lat="40.614826" lon="14.566670">
      <ele>0</ele>
      <time>2026-04-13T11:46:00.112Z</time>
    </trkpt>
    <trkpt lat="40.614818" lon="14.566627">
      <ele>0</ele>
      <time>2026-04-13T11:46:01.210Z</time>
    </trkpt>
    <trkpt lat="40.614828" lon="14.566565">
      <ele>0</ele>
      <time>2026-04-13T11:46:02.308Z</time>
    </trkpt>
    <trkpt lat="40.614853" lon="14.566488">
      <ele>0</ele>
      <time>2026-04-13T11:46:03.406Z</time>
    </trkpt>
    <trkpt lat="40.614928" lon="14.566343">
      <ele>0</ele>
      <time>2026-04-13T11:46:04.504Z</time>
    </trkpt>
    <trkpt lat="40.614986" lon="14.566242">
      <ele>0</ele>
      <time>2026-04-13T11:46:05.602Z</time>
    </trkpt>
    <trkpt lat="40.615024" lon="14.566188">
      <ele>0</ele>
      <time>2026-04-13T11:46:06.700Z</time>
    </trkpt>
    <trkpt lat="40.615058" lon="14.566155">
      <ele>0</ele>
      <time>2026-04-13T11:46:07.798Z</time>
    </trkpt>
    <trkpt lat="40.615095" lon="14.566123">
      <ele>0</ele>
      <time>2026-04-13T11:46:08.896Z</time>
    </trkpt>
    <trkpt lat="40.615175" lon="14.566088">
      <ele>0</ele>
      <time>2026-04-13T11:46:09.994Z</time>
    </trkpt>
    <trkpt lat="40.615257" lon="14.566058">
      <ele>0</ele>
      <time>2026-04-13T11:46:11.092Z</time>
    </trkpt>
    <trkpt lat="40.615282" lon="14.566048">
      <ele>0</ele>
      <time>2026-04-13T11:46:12.189Z</time>
    </trkpt>
    <trkpt lat="40.615313" lon="14.566026">
      <ele>0</ele>
      <time>2026-04-13T11:46:13.287Z</time>
    </trkpt>
    <trkpt lat="40.615343" lon="14.566002">
      <ele>0</ele>
      <time>2026-04-13T11:46:14.385Z</time>
    </trkpt>
    <trkpt lat="40.615367" lon="14.565975">
      <ele>0</ele>
      <time>2026-04-13T11:46:15.483Z</time>
    </trkpt>
    <trkpt lat="40.615399" lon="14.565910">
      <ele>0</ele>
      <time>2026-04-13T11:46:16.581Z</time>
    </trkpt>
    <trkpt lat="40.615430" lon="14.565824">
      <ele>0</ele>
      <time>2026-04-13T11:46:17.679Z</time>
    </trkpt>
    <trkpt lat="40.615486" lon="14.565653">
      <ele>0</ele>
      <time>2026-04-13T11:46:18.777Z</time>
    </trkpt>
    <trkpt lat="40.615525" lon="14.565540">
      <ele>0</ele>
      <time>2026-04-13T11:46:19.875Z</time>
    </trkpt>
    <trkpt lat="40.615545" lon="14.565476">
      <ele>0</ele>
      <time>2026-04-13T11:46:20.973Z</time>
    </trkpt>
    <trkpt lat="40.615570" lon="14.565427">
      <ele>0</ele>
      <time>2026-04-13T11:46:22.071Z</time>
    </trkpt>
    <trkpt lat="40.615609" lon="14.565373">
      <ele>0</ele>
      <time>2026-04-13T11:46:23.169Z</time>
    </trkpt>
    <trkpt lat="40.615650" lon="14.565327">
      <ele>0</ele>
      <time>2026-04-13T11:46:24.266Z</time>
    </trkpt>
    <trkpt lat="40.615694" lon="14.565293">
      <ele>0</ele>
      <time>2026-04-13T11:46:25.364Z</time>
    </trkpt>
    <trkpt lat="40.615791" lon="14.565217">
      <ele>0</ele>
      <time>2026-04-13T11:46:26.462Z</time>
    </trkpt>
    <trkpt lat="40.615847" lon="14.565169">
      <ele>0</ele>
      <time>2026-04-13T11:46:27.560Z</time>
    </trkpt>
    <trkpt lat="40.615883" lon="14.565133">
      <ele>0</ele>
      <time>2026-04-13T11:46:28.658Z</time>
    </trkpt>
    <trkpt lat="40.615911" lon="14.565100">
      <ele>0</ele>
      <time>2026-04-13T11:46:29.756Z</time>
    </trkpt>
    <trkpt lat="40.615986" lon="14.565008">
      <ele>0</ele>
      <time>2026-04-13T11:46:30.854Z</time>
    </trkpt>
    <trkpt lat="40.616013" lon="14.564971">
      <ele>0</ele>
      <time>2026-04-13T11:46:31.952Z</time>
    </trkpt>
    <trkpt lat="40.616048" lon="14.564918">
      <ele>0</ele>
      <time>2026-04-13T11:46:33.050Z</time>
    </trkpt>
    <trkpt lat="40.616085" lon="14.564856">
      <ele>0</ele>
      <time>2026-04-13T11:46:34.148Z</time>
    </trkpt>
    <trkpt lat="40.616104" lon="14.564819">
      <ele>0</ele>
      <time>2026-04-13T11:46:35.246Z</time>
    </trkpt>
    <trkpt lat="40.616124" lon="14.564779">
      <ele>0</ele>
      <time>2026-04-13T11:46:36.344Z</time>
    </trkpt>
    <trkpt lat="40.616144" lon="14.564731">
      <ele>0</ele>
      <time>2026-04-13T11:46:37.441Z</time>
    </trkpt>
    <trkpt lat="40.616149" lon="14.564714">
      <ele>0</ele>
      <time>2026-04-13T11:46:38.539Z</time>
    </trkpt>
    <trkpt lat="40.616154" lon="14.564688">
      <ele>0</ele>
      <time>2026-04-13T11:46:39.637Z</time>
    </trkpt>
    <trkpt lat="40.616153" lon="14.564669">
      <ele>0</ele>
      <time>2026-04-13T11:46:40.735Z</time>
    </trkpt>
    <trkpt lat="40.616150" lon="14.564647">
      <ele>0</ele>
      <time>2026-04-13T11:46:41.833Z</time>
    </trkpt>
    <trkpt lat="40.616143" lon="14.564623">
      <ele>0</ele>
      <time>2026-04-13T11:46:42.931Z</time>
    </trkpt>
    <trkpt lat="40.616133" lon="14.564602">
      <ele>0</ele>
      <time>2026-04-13T11:46:44.029Z</time>
    </trkpt>
    <trkpt lat="40.616121" lon="14.564579">
      <ele>0</ele>
      <time>2026-04-13T11:46:45.127Z</time>
    </trkpt>
    <trkpt lat="40.616103" lon="14.564549">
      <ele>0</ele>
      <time>2026-04-13T11:46:46.225Z</time>
    </trkpt>
    <trkpt lat="40.615892" lon="14.564235">
      <ele>0</ele>
      <time>2026-04-13T11:46:47.323Z</time>
    </trkpt>
    <trkpt lat="40.615874" lon="14.564207">
      <ele>0</ele>
      <time>2026-04-13T11:46:48.421Z</time>
    </trkpt>
    <trkpt lat="40.615863" lon="14.564176">
      <ele>0</ele>
      <time>2026-04-13T11:46:49.518Z</time>
    </trkpt>
    <trkpt lat="40.615856" lon="14.564134">
      <ele>0</ele>
      <time>2026-04-13T11:46:50.616Z</time>
    </trkpt>
    <trkpt lat="40.615858" lon="14.564084">
      <ele>0</ele>
      <time>2026-04-13T11:46:51.714Z</time>
    </trkpt>
    <trkpt lat="40.615862" lon="14.564029">
      <ele>0</ele>
      <time>2026-04-13T11:46:52.812Z</time>
    </trkpt>
    <trkpt lat="40.615869" lon="14.563954">
      <ele>0</ele>
      <time>2026-04-13T11:46:53.910Z</time>
    </trkpt>
    <trkpt lat="40.615879" lon="14.563876">
      <ele>0</ele>
      <time>2026-04-13T11:46:55.008Z</time>
    </trkpt>
    <trkpt lat="40.615886" lon="14.563802">
      <ele>0</ele>
      <time>2026-04-13T11:46:56.106Z</time>
    </trkpt>
    <trkpt lat="40.615892" lon="14.563733">
      <ele>0</ele>
      <time>2026-04-13T11:46:57.204Z</time>
    </trkpt>
    <trkpt lat="40.615888" lon="14.563663">
      <ele>0</ele>
      <time>2026-04-13T11:46:58.302Z</time>
    </trkpt>
    <trkpt lat="40.615876" lon="14.563599">
      <ele>0</ele>
      <time>2026-04-13T11:46:59.400Z</time>
    </trkpt>
    <trkpt lat="40.615785" lon="14.563375">
      <ele>0</ele>
      <time>2026-04-13T11:47:00.498Z</time>
    </trkpt>
    <trkpt lat="40.615750" lon="14.563291">
      <ele>0</ele>
      <time>2026-04-13T11:47:01.596Z</time>
    </trkpt>
    <trkpt lat="40.615712" lon="14.563185">
      <ele>0</ele>
      <time>2026-04-13T11:47:02.693Z</time>
    </trkpt>
    <trkpt lat="40.615684" lon="14.563089">
      <ele>0</ele>
      <time>2026-04-13T11:47:03.791Z</time>
    </trkpt>
    <trkpt lat="40.615654" lon="14.562964">
      <ele>0</ele>
      <time>2026-04-13T11:47:04.889Z</time>
    </trkpt>
    <trkpt lat="40.615612" lon="14.562787">
      <ele>0</ele>
      <time>2026-04-13T11:47:05.987Z</time>
    </trkpt>
    <trkpt lat="40.615572" lon="14.562603">
      <ele>0</ele>
      <time>2026-04-13T11:47:07.085Z</time>
    </trkpt>
    <trkpt lat="40.615542" lon="14.562502">
      <ele>0</ele>
      <time>2026-04-13T11:47:08.183Z</time>
    </trkpt>
    <trkpt lat="40.615517" lon="14.562431">
      <ele>0</ele>
      <time>2026-04-13T11:47:09.281Z</time>
    </trkpt>
    <trkpt lat="40.615492" lon="14.562378">
      <ele>0</ele>
      <time>2026-04-13T11:47:10.379Z</time>
    </trkpt>
    <trkpt lat="40.615472" lon="14.562347">
      <ele>0</ele>
      <time>2026-04-13T11:47:11.477Z</time>
    </trkpt>
    <trkpt lat="40.615451" lon="14.562321">
      <ele>0</ele>
      <time>2026-04-13T11:47:12.575Z</time>
    </trkpt>
    <trkpt lat="40.615423" lon="14.562289">
      <ele>0</ele>
      <time>2026-04-13T11:47:13.673Z</time>
    </trkpt>
    <trkpt lat="40.615169" lon="14.562060">
      <ele>0</ele>
      <time>2026-04-13T11:47:14.771Z</time>
    </trkpt>
    <trkpt lat="40.615055" lon="14.561945">
      <ele>0</ele>
      <time>2026-04-13T11:47:15.868Z</time>
    </trkpt>
    <trkpt lat="40.614967" lon="14.561846">
      <ele>0</ele>
      <time>2026-04-13T11:47:16.966Z</time>
    </trkpt>
    <trkpt lat="40.614911" lon="14.561792">
      <ele>0</ele>
      <time>2026-04-13T11:47:18.064Z</time>
    </trkpt>
    <trkpt lat="40.614870" lon="14.561744">
      <ele>0</ele>
      <time>2026-04-13T11:47:19.162Z</time>
    </trkpt>
    <trkpt lat="40.614842" lon="14.561686">
      <ele>0</ele>
      <time>2026-04-13T11:47:20.260Z</time>
    </trkpt>
    <trkpt lat="40.614828" lon="14.561609">
      <ele>0</ele>
      <time>2026-04-13T11:47:21.358Z</time>
    </trkpt>
    <trkpt lat="40.614832" lon="14.561564">
      <ele>0</ele>
      <time>2026-04-13T11:47:22.456Z</time>
    </trkpt>
    <trkpt lat="40.614845" lon="14.561513">
      <ele>0</ele>
      <time>2026-04-13T11:47:23.554Z</time>
    </trkpt>
    <trkpt lat="40.614872" lon="14.561448">
      <ele>0</ele>
      <time>2026-04-13T11:47:24.652Z</time>
    </trkpt>
    <trkpt lat="40.614911" lon="14.561341">
      <ele>0</ele>
      <time>2026-04-13T11:47:25.750Z</time>
    </trkpt>
    <trkpt lat="40.615005" lon="14.561122">
      <ele>0</ele>
      <time>2026-04-13T11:47:26.848Z</time>
    </trkpt>
    <trkpt lat="40.615041" lon="14.561044">
      <ele>0</ele>
      <time>2026-04-13T11:47:27.945Z</time>
    </trkpt>
    <trkpt lat="40.615084" lon="14.560988">
      <ele>0</ele>
      <time>2026-04-13T11:47:29.043Z</time>
    </trkpt>
    <trkpt lat="40.615157" lon="14.560907">
      <ele>0</ele>
      <time>2026-04-13T11:47:30.141Z</time>
    </trkpt>
    <trkpt lat="40.615212" lon="14.560815">
      <ele>0</ele>
      <time>2026-04-13T11:47:31.239Z</time>
    </trkpt>
    <trkpt lat="40.615264" lon="14.560714">
      <ele>0</ele>
      <time>2026-04-13T11:47:32.337Z</time>
    </trkpt>
    <trkpt lat="40.615311" lon="14.560613">
      <ele>0</ele>
      <time>2026-04-13T11:47:33.435Z</time>
    </trkpt>
    <trkpt lat="40.615370" lon="14.560467">
      <ele>0</ele>
      <time>2026-04-13T11:47:34.533Z</time>
    </trkpt>
    <trkpt lat="40.615410" lon="14.560300">
      <ele>0</ele>
      <time>2026-04-13T11:47:35.631Z</time>
    </trkpt>
    <trkpt lat="40.615430" lon="14.560191">
      <ele>0</ele>
      <time>2026-04-13T11:47:36.729Z</time>
    </trkpt>
    <trkpt lat="40.615443" lon="14.560101">
      <ele>0</ele>
      <time>2026-04-13T11:47:37.827Z</time>
    </trkpt>
    <trkpt lat="40.615450" lon="14.560026">
      <ele>0</ele>
      <time>2026-04-13T11:47:38.925Z</time>
    </trkpt>
    <trkpt lat="40.615455" lon="14.559923">
      <ele>0</ele>
      <time>2026-04-13T11:47:40.023Z</time>
    </trkpt>
    <trkpt lat="40.615450" lon="14.559821">
      <ele>0</ele>
      <time>2026-04-13T11:47:41.120Z</time>
    </trkpt>
    <trkpt lat="40.615434" lon="14.559725">
      <ele>0</ele>
      <time>2026-04-13T11:47:42.218Z</time>
    </trkpt>
    <trkpt lat="40.615410" lon="14.559636">
      <ele>0</ele>
      <time>2026-04-13T11:47:43.316Z</time>
    </trkpt>
    <trkpt lat="40.615117" lon="14.558598">
      <ele>0</ele>
      <time>2026-04-13T11:47:44.414Z</time>
    </trkpt>
    <trkpt lat="40.615036" lon="14.558314">
      <ele>0</ele>
      <time>2026-04-13T11:47:45.512Z</time>
    </trkpt>
    <trkpt lat="40.614881" lon="14.557761">
      <ele>0</ele>
      <time>2026-04-13T11:47:46.610Z</time>
    </trkpt>
    <trkpt lat="40.614810" lon="14.557539">
      <ele>0</ele>
      <time>2026-04-13T11:47:47.708Z</time>
    </trkpt>
    <trkpt lat="40.614774" lon="14.557437">
      <ele>0</ele>
      <time>2026-04-13T11:47:48.806Z</time>
    </trkpt>
    <trkpt lat="40.614500" lon="14.556776">
      <ele>0</ele>
      <time>2026-04-13T11:47:49.904Z</time>
    </trkpt>
    <trkpt lat="40.614385" lon="14.556521">
      <ele>0</ele>
      <time>2026-04-13T11:47:51.002Z</time>
    </trkpt>
    <trkpt lat="40.614135" lon="14.556068">
      <ele>0</ele>
      <time>2026-04-13T11:47:52.100Z</time>
    </trkpt>
    <trkpt lat="40.613950" lon="14.555730">
      <ele>0</ele>
      <time>2026-04-13T11:47:53.198Z</time>
    </trkpt>
    <trkpt lat="40.613868" lon="14.555575">
      <ele>0</ele>
      <time>2026-04-13T11:47:54.295Z</time>
    </trkpt>
    <trkpt lat="40.613794" lon="14.555430">
      <ele>0</ele>
      <time>2026-04-13T11:47:55.393Z</time>
    </trkpt>
    <trkpt lat="40.613755" lon="14.555327">
      <ele>0</ele>
      <time>2026-04-13T11:47:56.491Z</time>
    </trkpt>
    <trkpt lat="40.613741" lon="14.555269">
      <ele>0</ele>
      <time>2026-04-13T11:47:57.589Z</time>
    </trkpt>
    <trkpt lat="40.613738" lon="14.555217">
      <ele>0</ele>
      <time>2026-04-13T11:47:58.687Z</time>
    </trkpt>
    <trkpt lat="40.613742" lon="14.555138">
      <ele>0</ele>
      <time>2026-04-13T11:47:59.785Z</time>
    </trkpt>
    <trkpt lat="40.613750" lon="14.555038">
      <ele>0</ele>
      <time>2026-04-13T11:48:00.883Z</time>
    </trkpt>
    <trkpt lat="40.613766" lon="14.554932">
      <ele>0</ele>
      <time>2026-04-13T11:48:01.981Z</time>
    </trkpt>
    <trkpt lat="40.613780" lon="14.554862">
      <ele>0</ele>
      <time>2026-04-13T11:48:03.079Z</time>
    </trkpt>
    <trkpt lat="40.613805" lon="14.554793">
      <ele>0</ele>
      <time>2026-04-13T11:48:04.177Z</time>
    </trkpt>
    <trkpt lat="40.613849" lon="14.554697">
      <ele>0</ele>
      <time>2026-04-13T11:48:05.275Z</time>
    </trkpt>
    <trkpt lat="40.613903" lon="14.554593">
      <ele>0</ele>
      <time>2026-04-13T11:48:06.372Z</time>
    </trkpt>
    <trkpt lat="40.613921" lon="14.554562">
      <ele>0</ele>
      <time>2026-04-13T11:48:07.470Z</time>
    </trkpt>
    <trkpt lat="40.613938" lon="14.554523">
      <ele>0</ele>
      <time>2026-04-13T11:48:08.568Z</time>
    </trkpt>
    <trkpt lat="40.613945" lon="14.554491">
      <ele>0</ele>
      <time>2026-04-13T11:48:09.666Z</time>
    </trkpt>
    <trkpt lat="40.613950" lon="14.554451">
      <ele>0</ele>
      <time>2026-04-13T11:48:10.764Z</time>
    </trkpt>
    <trkpt lat="40.613953" lon="14.554401">
      <ele>0</ele>
      <time>2026-04-13T11:48:11.862Z</time>
    </trkpt>
    <trkpt lat="40.613957" lon="14.554348">
      <ele>0</ele>
      <time>2026-04-13T11:48:12.960Z</time>
    </trkpt>
    <trkpt lat="40.613959" lon="14.554260">
      <ele>0</ele>
      <time>2026-04-13T11:48:14.058Z</time>
    </trkpt>
    <trkpt lat="40.613959" lon="14.554088">
      <ele>0</ele>
      <time>2026-04-13T11:48:15.156Z</time>
    </trkpt>
    <trkpt lat="40.613961" lon="14.553932">
      <ele>0</ele>
      <time>2026-04-13T11:48:16.254Z</time>
    </trkpt>
    <trkpt lat="40.613961" lon="14.553781">
      <ele>0</ele>
      <time>2026-04-13T11:48:17.352Z</time>
    </trkpt>
    <trkpt lat="40.613959" lon="14.553712">
      <ele>0</ele>
      <time>2026-04-13T11:48:18.450Z</time>
    </trkpt>
    <trkpt lat="40.613952" lon="14.553657">
      <ele>0</ele>
      <time>2026-04-13T11:48:19.547Z</time>
    </trkpt>
    <trkpt lat="40.613945" lon="14.553615">
      <ele>0</ele>
      <time>2026-04-13T11:48:20.645Z</time>
    </trkpt>
    <trkpt lat="40.613936" lon="14.553577">
      <ele>0</ele>
      <time>2026-04-13T11:48:21.743Z</time>
    </trkpt>
    <trkpt lat="40.613914" lon="14.553491">
      <ele>0</ele>
      <time>2026-04-13T11:48:22.841Z</time>
    </trkpt>
    <trkpt lat="40.613874" lon="14.553343">
      <ele>0</ele>
      <time>2026-04-13T11:48:23.939Z</time>
    </trkpt>
    <trkpt lat="40.613848" lon="14.553248">
      <ele>0</ele>
      <time>2026-04-13T11:48:25.037Z</time>
    </trkpt>
    <trkpt lat="40.613841" lon="14.553210">
      <ele>0</ele>
      <time>2026-04-13T11:48:26.135Z</time>
    </trkpt>
    <trkpt lat="40.613839" lon="14.553175">
      <ele>0</ele>
      <time>2026-04-13T11:48:27.233Z</time>
    </trkpt>
    <trkpt lat="40.613842" lon="14.553133">
      <ele>0</ele>
      <time>2026-04-13T11:48:28.331Z</time>
    </trkpt>
    <trkpt lat="40.613851" lon="14.553088">
      <ele>0</ele>
      <time>2026-04-13T11:48:29.429Z</time>
    </trkpt>
    <trkpt lat="40.613870" lon="14.553052">
      <ele>0</ele>
      <time>2026-04-13T11:48:30.527Z</time>
    </trkpt>
    <trkpt lat="40.613889" lon="14.553024">
      <ele>0</ele>
      <time>2026-04-13T11:48:31.624Z</time>
    </trkpt>
    <trkpt lat="40.613913" lon="14.553001">
      <ele>0</ele>
      <time>2026-04-13T11:48:32.722Z</time>
    </trkpt>
    <trkpt lat="40.613933" lon="14.552988">
      <ele>0</ele>
      <time>2026-04-13T11:48:33.820Z</time>
    </trkpt>
    <trkpt lat="40.613984" lon="14.552972">
      <ele>0</ele>
      <time>2026-04-13T11:48:34.918Z</time>
    </trkpt>
    <trkpt lat="40.614065" lon="14.552957">
      <ele>0</ele>
      <time>2026-04-13T11:48:36.016Z</time>
    </trkpt>
    <trkpt lat="40.614089" lon="14.552944">
      <ele>0</ele>
      <time>2026-04-13T11:48:37.114Z</time>
    </trkpt>
    <trkpt lat="40.614118" lon="14.552922">
      <ele>0</ele>
      <time>2026-04-13T11:48:38.212Z</time>
    </trkpt>
    <trkpt lat="40.614139" lon="14.552900">
      <ele>0</ele>
      <time>2026-04-13T11:48:39.310Z</time>
    </trkpt>
    <trkpt lat="40.614153" lon="14.552880">
      <ele>0</ele>
      <time>2026-04-13T11:48:40.408Z</time>
    </trkpt>
    <trkpt lat="40.614168" lon="14.552849">
      <ele>0</ele>
      <time>2026-04-13T11:48:41.506Z</time>
    </trkpt>
    <trkpt lat="40.614175" lon="14.552819">
      <ele>0</ele>
      <time>2026-04-13T11:48:42.604Z</time>
    </trkpt>
    <trkpt lat="40.614180" lon="14.552792">
      <ele>0</ele>
      <time>2026-04-13T11:48:43.702Z</time>
    </trkpt>
    <trkpt lat="40.614186" lon="14.552717">
      <ele>0</ele>
      <time>2026-04-13T11:48:44.799Z</time>
    </trkpt>
    <trkpt lat="40.614197" lon="14.552616">
      <ele>0</ele>
      <time>2026-04-13T11:48:45.897Z</time>
    </trkpt>
    <trkpt lat="40.614211" lon="14.552519">
      <ele>0</ele>
      <time>2026-04-13T11:48:46.995Z</time>
    </trkpt>
    <trkpt lat="40.614222" lon="14.552436">
      <ele>0</ele>
      <time>2026-04-13T11:48:48.093Z</time>
    </trkpt>
    <trkpt lat="40.614225" lon="14.552368">
      <ele>0</ele>
      <time>2026-04-13T11:48:49.191Z</time>
    </trkpt>
    <trkpt lat="40.614223" lon="14.552314">
      <ele>0</ele>
      <time>2026-04-13T11:48:50.289Z</time>
    </trkpt>
    <trkpt lat="40.614215" lon="14.552251">
      <ele>0</ele>
      <time>2026-04-13T11:48:51.387Z</time>
    </trkpt>
    <trkpt lat="40.614196" lon="14.552161">
      <ele>0</ele>
      <time>2026-04-13T11:48:52.485Z</time>
    </trkpt>
    <trkpt lat="40.614179" lon="14.552063">
      <ele>0</ele>
      <time>2026-04-13T11:48:53.583Z</time>
    </trkpt>
    <trkpt lat="40.614174" lon="14.551975">
      <ele>0</ele>
      <time>2026-04-13T11:48:54.681Z</time>
    </trkpt>
    <trkpt lat="40.614170" lon="14.551866">
      <ele>0</ele>
      <time>2026-04-13T11:48:55.779Z</time>
    </trkpt>
    <trkpt lat="40.614165" lon="14.551807">
      <ele>0</ele>
      <time>2026-04-13T11:48:56.877Z</time>
    </trkpt>
    <trkpt lat="40.614162" lon="14.551760">
      <ele>0</ele>
      <time>2026-04-13T11:48:57.974Z</time>
    </trkpt>
    <trkpt lat="40.614154" lon="14.551724">
      <ele>0</ele>
      <time>2026-04-13T11:48:59.072Z</time>
    </trkpt>
    <trkpt lat="40.614138" lon="14.551691">
      <ele>0</ele>
      <time>2026-04-13T11:49:00.170Z</time>
    </trkpt>
    <trkpt lat="40.614111" lon="14.551628">
      <ele>0</ele>
      <time>2026-04-13T11:49:01.268Z</time>
    </trkpt>
    <trkpt lat="40.614096" lon="14.551600">
      <ele>0</ele>
      <time>2026-04-13T11:49:02.366Z</time>
    </trkpt>
    <trkpt lat="40.614084" lon="14.551573">
      <ele>0</ele>
      <time>2026-04-13T11:49:03.464Z</time>
    </trkpt>
    <trkpt lat="40.614072" lon="14.551523">
      <ele>0</ele>
      <time>2026-04-13T11:49:04.562Z</time>
    </trkpt>
    <trkpt lat="40.614075" lon="14.551450">
      <ele>0</ele>
      <time>2026-04-13T11:49:05.660Z</time>
    </trkpt>
    <trkpt lat="40.614095" lon="14.551300">
      <ele>0</ele>
      <time>2026-04-13T11:49:06.758Z</time>
    </trkpt>
    <trkpt lat="40.614106" lon="14.551227">
      <ele>0</ele>
      <time>2026-04-13T11:49:07.856Z</time>
    </trkpt>
    <trkpt lat="40.614133" lon="14.551043">
      <ele>0</ele>
      <time>2026-04-13T11:49:08.954Z</time>
    </trkpt>
    <trkpt lat="40.614147" lon="14.550941">
      <ele>0</ele>
      <time>2026-04-13T11:49:10.051Z</time>
    </trkpt>
    <trkpt lat="40.614157" lon="14.550893">
      <ele>0</ele>
      <time>2026-04-13T11:49:11.149Z</time>
    </trkpt>
    <trkpt lat="40.614175" lon="14.550849">
      <ele>0</ele>
      <time>2026-04-13T11:49:12.247Z</time>
    </trkpt>
    <trkpt lat="40.614200" lon="14.550796">
      <ele>0</ele>
      <time>2026-04-13T11:49:13.345Z</time>
    </trkpt>
    <trkpt lat="40.614230" lon="14.550757">
      <ele>0</ele>
      <time>2026-04-13T11:49:14.443Z</time>
    </trkpt>
    <trkpt lat="40.614258" lon="14.550723">
      <ele>0</ele>
      <time>2026-04-13T11:49:15.541Z</time>
    </trkpt>
    <trkpt lat="40.614277" lon="14.550669">
      <ele>0</ele>
      <time>2026-04-13T11:49:16.639Z</time>
    </trkpt>
    <trkpt lat="40.614312" lon="14.550564">
      <ele>0</ele>
      <time>2026-04-13T11:49:17.737Z</time>
    </trkpt>
    <trkpt lat="40.614346" lon="14.550448">
      <ele>0</ele>
      <time>2026-04-13T11:49:18.835Z</time>
    </trkpt>
    <trkpt lat="40.614355" lon="14.550392">
      <ele>0</ele>
      <time>2026-04-13T11:49:19.933Z</time>
    </trkpt>
    <trkpt lat="40.614353" lon="14.550323">
      <ele>0</ele>
      <time>2026-04-13T11:49:21.031Z</time>
    </trkpt>
    <trkpt lat="40.614340" lon="14.550269">
      <ele>0</ele>
      <time>2026-04-13T11:49:22.129Z</time>
    </trkpt>
    <trkpt lat="40.614331" lon="14.550239">
      <ele>0</ele>
      <time>2026-04-13T11:49:23.226Z</time>
    </trkpt>
    <trkpt lat="40.614308" lon="14.550203">
      <ele>0</ele>
      <time>2026-04-13T11:49:24.324Z</time>
    </trkpt>
    <trkpt lat="40.614244" lon="14.550146">
      <ele>0</ele>
      <time>2026-04-13T11:49:25.422Z</time>
    </trkpt>
    <trkpt lat="40.614181" lon="14.550072">
      <ele>0</ele>
      <time>2026-04-13T11:49:26.520Z</time>
    </trkpt>
    <trkpt lat="40.614156" lon="14.550030">
      <ele>0</ele>
      <time>2026-04-13T11:49:27.618Z</time>
    </trkpt>
    <trkpt lat="40.614140" lon="14.549973">
      <ele>0</ele>
      <time>2026-04-13T11:49:28.716Z</time>
    </trkpt>
    <trkpt lat="40.614139" lon="14.549932">
      <ele>0</ele>
      <time>2026-04-13T11:49:29.814Z</time>
    </trkpt>
    <trkpt lat="40.614155" lon="14.549847">
      <ele>0</ele>
      <time>2026-04-13T11:49:30.912Z</time>
    </trkpt>
    <trkpt lat="40.614204" lon="14.549718">
      <ele>0</ele>
      <time>2026-04-13T11:49:32.010Z</time>
    </trkpt>
    <trkpt lat="40.614239" lon="14.549557">
      <ele>0</ele>
      <time>2026-04-13T11:49:33.108Z</time>
    </trkpt>
    <trkpt lat="40.614266" lon="14.549378">
      <ele>0</ele>
      <time>2026-04-13T11:49:34.206Z</time>
    </trkpt>
    <trkpt lat="40.614276" lon="14.549311">
      <ele>0</ele>
      <time>2026-04-13T11:49:35.304Z</time>
    </trkpt>
    <trkpt lat="40.614274" lon="14.549256">
      <ele>0</ele>
      <time>2026-04-13T11:49:36.401Z</time>
    </trkpt>
    <trkpt lat="40.614267" lon="14.549206">
      <ele>0</ele>
      <time>2026-04-13T11:49:37.499Z</time>
    </trkpt>
    <trkpt lat="40.614255" lon="14.549163">
      <ele>0</ele>
      <time>2026-04-13T11:49:38.597Z</time>
    </trkpt>
    <trkpt lat="40.614243" lon="14.549104">
      <ele>0</ele>
      <time>2026-04-13T11:49:39.695Z</time>
    </trkpt>
    <trkpt lat="40.614246" lon="14.549049">
      <ele>0</ele>
      <time>2026-04-13T11:49:40.793Z</time>
    </trkpt>
    <trkpt lat="40.614265" lon="14.548963">
      <ele>0</ele>
      <time>2026-04-13T11:49:41.891Z</time>
    </trkpt>
    <trkpt lat="40.614299" lon="14.548855">
      <ele>0</ele>
      <time>2026-04-13T11:49:42.989Z</time>
    </trkpt>
    <trkpt lat="40.614389" lon="14.548607">
      <ele>0</ele>
      <time>2026-04-13T11:49:44.087Z</time>
    </trkpt>
    <trkpt lat="40.614430" lon="14.548515">
      <ele>0</ele>
      <time>2026-04-13T11:49:45.185Z</time>
    </trkpt>
    <trkpt lat="40.614477" lon="14.548406">
      <ele>0</ele>
      <time>2026-04-13T11:49:46.283Z</time>
    </trkpt>
    <trkpt lat="40.614506" lon="14.548334">
      <ele>0</ele>
      <time>2026-04-13T11:49:47.381Z</time>
    </trkpt>
    <trkpt lat="40.614522" lon="14.548251">
      <ele>0</ele>
      <time>2026-04-13T11:49:48.478Z</time>
    </trkpt>
    <trkpt lat="40.614529" lon="14.548134">
      <ele>0</ele>
      <time>2026-04-13T11:49:49.576Z</time>
    </trkpt>
    <trkpt lat="40.614533" lon="14.548050">
      <ele>0</ele>
      <time>2026-04-13T11:49:50.674Z</time>
    </trkpt>
    <trkpt lat="40.614540" lon="14.547966">
      <ele>0</ele>
      <time>2026-04-13T11:49:51.772Z</time>
    </trkpt>
    <trkpt lat="40.614561" lon="14.547865">
      <ele>0</ele>
      <time>2026-04-13T11:49:52.870Z</time>
    </trkpt>
    <trkpt lat="40.614597" lon="14.547738">
      <ele>0</ele>
      <time>2026-04-13T11:49:53.968Z</time>
    </trkpt>
    <trkpt lat="40.614631" lon="14.547620">
      <ele>0</ele>
      <time>2026-04-13T11:49:55.066Z</time>
    </trkpt>
    <trkpt lat="40.614639" lon="14.547535">
      <ele>0</ele>
      <time>2026-04-13T11:49:56.164Z</time>
    </trkpt>
    <trkpt lat="40.614627" lon="14.547426">
      <ele>0</ele>
      <time>2026-04-13T11:49:57.262Z</time>
    </trkpt>
    <trkpt lat="40.614597" lon="14.547218">
      <ele>0</ele>
      <time>2026-04-13T11:49:58.360Z</time>
    </trkpt>
    <trkpt lat="40.614582" lon="14.547093">
      <ele>0</ele>
      <time>2026-04-13T11:49:59.458Z</time>
    </trkpt>
    <trkpt lat="40.614572" lon="14.547027">
      <ele>0</ele>
      <time>2026-04-13T11:50:00.556Z</time>
    </trkpt>
    <trkpt lat="40.614545" lon="14.546927">
      <ele>0</ele>
      <time>2026-04-13T11:50:01.653Z</time>
    </trkpt>
    <trkpt lat="40.614494" lon="14.546808">
      <ele>0</ele>
      <time>2026-04-13T11:50:02.751Z</time>
    </trkpt>
    <trkpt lat="40.614429" lon="14.546641">
      <ele>0</ele>
      <time>2026-04-13T11:50:03.849Z</time>
    </trkpt>
    <trkpt lat="40.614390" lon="14.546510">
      <ele>0</ele>
      <time>2026-04-13T11:50:04.947Z</time>
    </trkpt>
    <trkpt lat="40.614352" lon="14.546282">
      <ele>0</ele>
      <time>2026-04-13T11:50:06.045Z</time>
    </trkpt>
    <trkpt lat="40.614328" lon="14.546086">
      <ele>0</ele>
      <time>2026-04-13T11:50:07.143Z</time>
    </trkpt>
    <trkpt lat="40.614335" lon="14.546006">
      <ele>0</ele>
      <time>2026-04-13T11:50:08.241Z</time>
    </trkpt>
    <trkpt lat="40.614347" lon="14.545924">
      <ele>0</ele>
      <time>2026-04-13T11:50:09.339Z</time>
    </trkpt>
    <trkpt lat="40.614366" lon="14.545853">
      <ele>0</ele>
      <time>2026-04-13T11:50:10.437Z</time>
    </trkpt>
    <trkpt lat="40.614425" lon="14.545784">
      <ele>0</ele>
      <time>2026-04-13T11:50:11.535Z</time>
    </trkpt>
    <trkpt lat="40.614490" lon="14.545713">
      <ele>0</ele>
      <time>2026-04-13T11:50:12.633Z</time>
    </trkpt>
    <trkpt lat="40.614540" lon="14.545630">
      <ele>0</ele>
      <time>2026-04-13T11:50:13.730Z</time>
    </trkpt>
    <trkpt lat="40.614632" lon="14.545411">
      <ele>0</ele>
      <time>2026-04-13T11:50:14.828Z</time>
    </trkpt>
    <trkpt lat="40.614689" lon="14.545309">
      <ele>0</ele>
      <time>2026-04-13T11:50:15.926Z</time>
    </trkpt>
    <trkpt lat="40.614725" lon="14.545201">
      <ele>0</ele>
      <time>2026-04-13T11:50:17.024Z</time>
    </trkpt>
    <trkpt lat="40.614749" lon="14.545115">
      <ele>0</ele>
      <time>2026-04-13T11:50:18.122Z</time>
    </trkpt>
    <trkpt lat="40.614757" lon="14.545034">
      <ele>0</ele>
      <time>2026-04-13T11:50:19.220Z</time>
    </trkpt>
    <trkpt lat="40.614747" lon="14.544942">
      <ele>0</ele>
      <time>2026-04-13T11:50:20.318Z</time>
    </trkpt>
    <trkpt lat="40.614725" lon="14.544884">
      <ele>0</ele>
      <time>2026-04-13T11:50:21.416Z</time>
    </trkpt>
    <trkpt lat="40.614675" lon="14.544820">
      <ele>0</ele>
      <time>2026-04-13T11:50:22.514Z</time>
    </trkpt>
    <trkpt lat="40.614483" lon="14.544663">
      <ele>0</ele>
      <time>2026-04-13T11:50:23.612Z</time>
    </trkpt>
    <trkpt lat="40.614312" lon="14.544511">
      <ele>0</ele>
      <time>2026-04-13T11:50:24.710Z</time>
    </trkpt>
    <trkpt lat="40.614252" lon="14.544462">
      <ele>0</ele>
      <time>2026-04-13T11:50:25.808Z</time>
    </trkpt>
    <trkpt lat="40.614210" lon="14.544398">
      <ele>0</ele>
      <time>2026-04-13T11:50:26.905Z</time>
    </trkpt>
    <trkpt lat="40.614196" lon="14.544335">
      <ele>0</ele>
      <time>2026-04-13T11:50:28.003Z</time>
    </trkpt>
    <trkpt lat="40.614202" lon="14.544272">
      <ele>0</ele>
      <time>2026-04-13T11:50:29.101Z</time>
    </trkpt>
    <trkpt lat="40.614236" lon="14.544196">
      <ele>0</ele>
      <time>2026-04-13T11:50:30.199Z</time>
    </trkpt>
    <trkpt lat="40.614279" lon="14.544069">
      <ele>0</ele>
      <time>2026-04-13T11:50:31.297Z</time>
    </trkpt>
    <trkpt lat="40.614289" lon="14.543998">
      <ele>0</ele>
      <time>2026-04-13T11:50:32.395Z</time>
    </trkpt>
    <trkpt lat="40.614297" lon="14.543902">
      <ele>0</ele>
      <time>2026-04-13T11:50:33.493Z</time>
    </trkpt>
    <trkpt lat="40.614313" lon="14.543827">
      <ele>0</ele>
      <time>2026-04-13T11:50:34.591Z</time>
    </trkpt>
    <trkpt lat="40.614338" lon="14.543764">
      <ele>0</ele>
      <time>2026-04-13T11:50:35.689Z</time>
    </trkpt>
    <trkpt lat="40.614400" lon="14.543654">
      <ele>0</ele>
      <time>2026-04-13T11:50:36.787Z</time>
    </trkpt>
    <trkpt lat="40.614530" lon="14.543406">
      <ele>0</ele>
      <time>2026-04-13T11:50:37.885Z</time>
    </trkpt>
    <trkpt lat="40.614599" lon="14.543282">
      <ele>0</ele>
      <time>2026-04-13T11:50:38.983Z</time>
    </trkpt>
    <trkpt lat="40.614649" lon="14.543214">
      <ele>0</ele>
      <time>2026-04-13T11:50:40.080Z</time>
    </trkpt>
    <trkpt lat="40.614726" lon="14.543120">
      <ele>0</ele>
      <time>2026-04-13T11:50:41.178Z</time>
    </trkpt>
    <trkpt lat="40.614789" lon="14.543032">
      <ele>0</ele>
      <time>2026-04-13T11:50:42.276Z</time>
    </trkpt>
    <trkpt lat="40.614813" lon="14.542987">
      <ele>0</ele>
      <time>2026-04-13T11:50:43.374Z</time>
    </trkpt>
    <trkpt lat="40.614842" lon="14.542920">
      <ele>0</ele>
      <time>2026-04-13T11:50:44.472Z</time>
    </trkpt>
    <trkpt lat="40.614857" lon="14.542860">
      <ele>0</ele>
      <time>2026-04-13T11:50:45.570Z</time>
    </trkpt>
    <trkpt lat="40.614848" lon="14.542805">
      <ele>0</ele>
      <time>2026-04-13T11:50:46.668Z</time>
    </trkpt>
    <trkpt lat="40.614822" lon="14.542740">
      <ele>0</ele>
      <time>2026-04-13T11:50:47.766Z</time>
    </trkpt>
    <trkpt lat="40.614780" lon="14.542701">
      <ele>0</ele>
      <time>2026-04-13T11:50:48.864Z</time>
    </trkpt>
    <trkpt lat="40.614625" lon="14.542600">
      <ele>0</ele>
      <time>2026-04-13T11:50:49.962Z</time>
    </trkpt>
    <trkpt lat="40.614442" lon="14.542472">
      <ele>0</ele>
      <time>2026-04-13T11:50:51.060Z</time>
    </trkpt>
    <trkpt lat="40.614333" lon="14.542372">
      <ele>0</ele>
      <time>2026-04-13T11:50:52.157Z</time>
    </trkpt>
    <trkpt lat="40.614200" lon="14.542228">
      <ele>0</ele>
      <time>2026-04-13T11:50:53.255Z</time>
    </trkpt>
    <trkpt lat="40.614024" lon="14.542045">
      <ele>0</ele>
      <time>2026-04-13T11:50:54.353Z</time>
    </trkpt>
    <trkpt lat="40.613988" lon="14.541989">
      <ele>0</ele>
      <time>2026-04-13T11:50:55.451Z</time>
    </trkpt>
    <trkpt lat="40.613955" lon="14.541943">
      <ele>0</ele>
      <time>2026-04-13T11:50:56.549Z</time>
    </trkpt>
    <trkpt lat="40.613941" lon="14.541893">
      <ele>0</ele>
      <time>2026-04-13T11:50:57.647Z</time>
    </trkpt>
    <trkpt lat="40.613946" lon="14.541833">
      <ele>0</ele>
      <time>2026-04-13T11:50:58.745Z</time>
    </trkpt>
    <trkpt lat="40.613959" lon="14.541770">
      <ele>0</ele>
      <time>2026-04-13T11:50:59.843Z</time>
    </trkpt>
    <trkpt lat="40.613966" lon="14.541704">
      <ele>0</ele>
      <time>2026-04-13T11:51:00.941Z</time>
    </trkpt>
    <trkpt lat="40.613959" lon="14.541635">
      <ele>0</ele>
      <time>2026-04-13T11:51:02.039Z</time>
    </trkpt>
    <trkpt lat="40.613922" lon="14.541535">
      <ele>0</ele>
      <time>2026-04-13T11:51:03.137Z</time>
    </trkpt>
    <trkpt lat="40.613878" lon="14.541427">
      <ele>0</ele>
      <time>2026-04-13T11:51:04.235Z</time>
    </trkpt>
    <trkpt lat="40.613854" lon="14.541337">
      <ele>0</ele>
      <time>2026-04-13T11:51:05.332Z</time>
    </trkpt>
    <trkpt lat="40.613846" lon="14.541273">
      <ele>0</ele>
      <time>2026-04-13T11:51:06.430Z</time>
    </trkpt>
    <trkpt lat="40.613839" lon="14.541196">
      <ele>0</ele>
      <time>2026-04-13T11:51:07.528Z</time>
    </trkpt>
    <trkpt lat="40.613845" lon="14.541139">
      <ele>0</ele>
      <time>2026-04-13T11:51:08.626Z</time>
    </trkpt>
    <trkpt lat="40.613877" lon="14.540982">
      <ele>0</ele>
      <time>2026-04-13T11:51:09.724Z</time>
    </trkpt>
    <trkpt lat="40.613885" lon="14.540899">
      <ele>0</ele>
      <time>2026-04-13T11:51:10.822Z</time>
    </trkpt>
    <trkpt lat="40.613876" lon="14.540815">
      <ele>0</ele>
      <time>2026-04-13T11:51:11.920Z</time>
    </trkpt>
    <trkpt lat="40.613843" lon="14.540722">
      <ele>0</ele>
      <time>2026-04-13T11:51:13.018Z</time>
    </trkpt>
    <trkpt lat="40.613815" lon="14.540663">
      <ele>0</ele>
      <time>2026-04-13T11:51:14.116Z</time>
    </trkpt>
    <trkpt lat="40.613754" lon="14.540530">
      <ele>0</ele>
      <time>2026-04-13T11:51:15.214Z</time>
    </trkpt>
    <trkpt lat="40.613696" lon="14.540385">
      <ele>0</ele>
      <time>2026-04-13T11:51:16.312Z</time>
    </trkpt>
    <trkpt lat="40.613667" lon="14.540301">
      <ele>0</ele>
      <time>2026-04-13T11:51:17.410Z</time>
    </trkpt>
    <trkpt lat="40.613653" lon="14.540197">
      <ele>0</ele>
      <time>2026-04-13T11:51:18.507Z</time>
    </trkpt>
    <trkpt lat="40.613642" lon="14.540069">
      <ele>0</ele>
      <time>2026-04-13T11:51:19.605Z</time>
    </trkpt>
    <trkpt lat="40.613654" lon="14.539959">
      <ele>0</ele>
      <time>2026-04-13T11:51:20.703Z</time>
    </trkpt>
    <trkpt lat="40.613665" lon="14.539884">
      <ele>0</ele>
      <time>2026-04-13T11:51:21.801Z</time>
    </trkpt>
    <trkpt lat="40.613688" lon="14.539809">
      <ele>0</ele>
      <time>2026-04-13T11:51:22.899Z</time>
    </trkpt>
    <trkpt lat="40.613736" lon="14.539735">
      <ele>0</ele>
      <time>2026-04-13T11:51:23.997Z</time>
    </trkpt>
    <trkpt lat="40.613770" lon="14.539717">
      <ele>0</ele>
      <time>2026-04-13T11:51:25.095Z</time>
    </trkpt>
    <trkpt lat="40.613828" lon="14.539698">
      <ele>0</ele>
      <time>2026-04-13T11:51:26.193Z</time>
    </trkpt>
    <trkpt lat="40.613901" lon="14.539705">
      <ele>0</ele>
      <time>2026-04-13T11:51:27.291Z</time>
    </trkpt>
    <trkpt lat="40.614017" lon="14.539678">
      <ele>0</ele>
      <time>2026-04-13T11:51:28.389Z</time>
    </trkpt>
    <trkpt lat="40.614062" lon="14.539670">
      <ele>0</ele>
      <time>2026-04-13T11:51:29.487Z</time>
    </trkpt>
    <trkpt lat="40.614163" lon="14.539647">
      <ele>0</ele>
      <time>2026-04-13T11:51:30.584Z</time>
    </trkpt>
    <trkpt lat="40.614465" lon="14.539565">
      <ele>0</ele>
      <time>2026-04-13T11:51:31.682Z</time>
    </trkpt>
    <trkpt lat="40.614605" lon="14.539521">
      <ele>0</ele>
      <time>2026-04-13T11:51:32.780Z</time>
    </trkpt>
    <trkpt lat="40.614654" lon="14.539497">
      <ele>0</ele>
      <time>2026-04-13T11:51:33.878Z</time>
    </trkpt>
    <trkpt lat="40.614713" lon="14.539437">
      <ele>0</ele>
      <time>2026-04-13T11:51:34.976Z</time>
    </trkpt>
    <trkpt lat="40.614734" lon="14.539389">
      <ele>0</ele>
      <time>2026-04-13T11:51:36.074Z</time>
    </trkpt>
    <trkpt lat="40.614751" lon="14.539320">
      <ele>0</ele>
      <time>2026-04-13T11:51:37.172Z</time>
    </trkpt>
    <trkpt lat="40.614761" lon="14.539247">
      <ele>0</ele>
      <time>2026-04-13T11:51:38.270Z</time>
    </trkpt>
    <trkpt lat="40.614787" lon="14.539193">
      <ele>0</ele>
      <time>2026-04-13T11:51:39.368Z</time>
    </trkpt>
    <trkpt lat="40.614838" lon="14.539147">
      <ele>0</ele>
      <time>2026-04-13T11:51:40.466Z</time>
    </trkpt>
    <trkpt lat="40.614933" lon="14.539103">
      <ele>0</ele>
      <time>2026-04-13T11:51:41.564Z</time>
    </trkpt>
    <trkpt lat="40.614988" lon="14.539066">
      <ele>0</ele>
      <time>2026-04-13T11:51:42.662Z</time>
    </trkpt>
    <trkpt lat="40.615013" lon="14.539029">
      <ele>0</ele>
      <time>2026-04-13T11:51:43.759Z</time>
    </trkpt>
    <trkpt lat="40.615022" lon="14.538978">
      <ele>0</ele>
      <time>2026-04-13T11:51:44.857Z</time>
    </trkpt>
    <trkpt lat="40.615018" lon="14.538916">
      <ele>0</ele>
      <time>2026-04-13T11:51:45.955Z</time>
    </trkpt>
    <trkpt lat="40.614994" lon="14.538864">
      <ele>0</ele>
      <time>2026-04-13T11:51:47.053Z</time>
    </trkpt>
    <trkpt lat="40.614914" lon="14.538755">
      <ele>0</ele>
      <time>2026-04-13T11:51:48.151Z</time>
    </trkpt>
    <trkpt lat="40.614837" lon="14.538655">
      <ele>0</ele>
      <time>2026-04-13T11:51:49.249Z</time>
    </trkpt>
    <trkpt lat="40.614758" lon="14.538578">
      <ele>0</ele>
      <time>2026-04-13T11:51:50.347Z</time>
    </trkpt>
    <trkpt lat="40.614708" lon="14.538533">
      <ele>0</ele>
      <time>2026-04-13T11:51:51.445Z</time>
    </trkpt>
    <trkpt lat="40.614656" lon="14.538503">
      <ele>0</ele>
      <time>2026-04-13T11:51:52.543Z</time>
    </trkpt>
    <trkpt lat="40.614609" lon="14.538499">
      <ele>0</ele>
      <time>2026-04-13T11:51:53.641Z</time>
    </trkpt>
    <trkpt lat="40.614526" lon="14.538516">
      <ele>0</ele>
      <time>2026-04-13T11:51:54.739Z</time>
    </trkpt>
    <trkpt lat="40.614485" lon="14.538518">
      <ele>0</ele>
      <time>2026-04-13T11:51:55.837Z</time>
    </trkpt>
    <trkpt lat="40.614435" lon="14.538502">
      <ele>0</ele>
      <time>2026-04-13T11:51:56.934Z</time>
    </trkpt>
    <trkpt lat="40.614192" lon="14.538387">
      <ele>0</ele>
      <time>2026-04-13T11:51:58.032Z</time>
    </trkpt>
    <trkpt lat="40.613644" lon="14.538110">
      <ele>0</ele>
      <time>2026-04-13T11:51:59.130Z</time>
    </trkpt>
    <trkpt lat="40.613536" lon="14.538045">
      <ele>0</ele>
      <time>2026-04-13T11:52:00.228Z</time>
    </trkpt>
    <trkpt lat="40.613444" lon="14.537993">
      <ele>0</ele>
      <time>2026-04-13T11:52:01.326Z</time>
    </trkpt>
    <trkpt lat="40.613365" lon="14.537952">
      <ele>0</ele>
      <time>2026-04-13T11:52:02.424Z</time>
    </trkpt>
    <trkpt lat="40.613242" lon="14.537903">
      <ele>0</ele>
      <time>2026-04-13T11:52:03.522Z</time>
    </trkpt>
    <trkpt lat="40.613083" lon="14.537857">
      <ele>0</ele>
      <time>2026-04-13T11:52:04.620Z</time>
    </trkpt>
    <trkpt lat="40.612945" lon="14.537825">
      <ele>0</ele>
      <time>2026-04-13T11:52:05.718Z</time>
    </trkpt>
    <trkpt lat="40.612859" lon="14.537809">
      <ele>0</ele>
      <time>2026-04-13T11:52:06.816Z</time>
    </trkpt>
    <trkpt lat="40.612782" lon="14.537824">
      <ele>0</ele>
      <time>2026-04-13T11:52:07.914Z</time>
    </trkpt>
    <trkpt lat="40.612712" lon="14.537859">
      <ele>0</ele>
      <time>2026-04-13T11:52:09.011Z</time>
    </trkpt>
    <trkpt lat="40.612652" lon="14.537896">
      <ele>0</ele>
      <time>2026-04-13T11:52:10.109Z</time>
    </trkpt>
    <trkpt lat="40.612622" lon="14.537915">
      <ele>0</ele>
      <time>2026-04-13T11:52:11.207Z</time>
    </trkpt>
    <trkpt lat="40.612561" lon="14.537916">
      <ele>0</ele>
      <time>2026-04-13T11:52:12.305Z</time>
    </trkpt>
    <trkpt lat="40.612516" lon="14.537901">
      <ele>0</ele>
      <time>2026-04-13T11:52:13.403Z</time>
    </trkpt>
    <trkpt lat="40.612439" lon="14.537848">
      <ele>0</ele>
      <time>2026-04-13T11:52:14.501Z</time>
    </trkpt>
    <trkpt lat="40.612267" lon="14.537662">
      <ele>0</ele>
      <time>2026-04-13T11:52:15.599Z</time>
    </trkpt>
    <trkpt lat="40.612184" lon="14.537582">
      <ele>0</ele>
      <time>2026-04-13T11:52:16.697Z</time>
    </trkpt>
    <trkpt lat="40.612121" lon="14.537541">
      <ele>0</ele>
      <time>2026-04-13T11:52:17.795Z</time>
    </trkpt>
    <trkpt lat="40.612004" lon="14.537496">
      <ele>0</ele>
      <time>2026-04-13T11:52:18.893Z</time>
    </trkpt>
    <trkpt lat="40.611856" lon="14.537434">
      <ele>0</ele>
      <time>2026-04-13T11:52:19.991Z</time>
    </trkpt>
    <trkpt lat="40.611816" lon="14.537407">
      <ele>0</ele>
      <time>2026-04-13T11:52:21.089Z</time>
    </trkpt>
    <trkpt lat="40.611793" lon="14.537374">
      <ele>0</ele>
      <time>2026-04-13T11:52:22.186Z</time>
    </trkpt>
    <trkpt lat="40.611785" lon="14.537361">
      <ele>0</ele>
      <time>2026-04-13T11:52:23.284Z</time>
    </trkpt>
    <trkpt lat="40.611759" lon="14.537308">
      <ele>0</ele>
      <time>2026-04-13T11:52:24.382Z</time>
    </trkpt>
    <trkpt lat="40.611698" lon="14.537109">
      <ele>0</ele>
      <time>2026-04-13T11:52:25.480Z</time>
    </trkpt>
    <trkpt lat="40.611620" lon="14.536799">
      <ele>0</ele>
      <time>2026-04-13T11:52:26.578Z</time>
    </trkpt>
    <trkpt lat="40.611550" lon="14.536538">
      <ele>0</ele>
      <time>2026-04-13T11:52:27.676Z</time>
    </trkpt>
    <trkpt lat="40.611540" lon="14.536495">
      <ele>0</ele>
      <time>2026-04-13T11:52:28.774Z</time>
    </trkpt>
    <trkpt lat="40.611467" lon="14.536192">
      <ele>0</ele>
      <time>2026-04-13T11:52:29.872Z</time>
    </trkpt>
    <trkpt lat="40.611441" lon="14.536091">
      <ele>0</ele>
      <time>2026-04-13T11:52:30.970Z</time>
    </trkpt>
    <trkpt lat="40.611440" lon="14.536041">
      <ele>0</ele>
      <time>2026-04-13T11:52:32.068Z</time>
    </trkpt>
    <trkpt lat="40.611444" lon="14.535969">
      <ele>0</ele>
      <time>2026-04-13T11:52:33.166Z</time>
    </trkpt>
    <trkpt lat="40.611449" lon="14.535893">
      <ele>0</ele>
      <time>2026-04-13T11:52:34.263Z</time>
    </trkpt>
    <trkpt lat="40.611448" lon="14.535795">
      <ele>0</ele>
      <time>2026-04-13T11:52:35.361Z</time>
    </trkpt>
    <trkpt lat="40.611429" lon="14.535663">
      <ele>0</ele>
      <time>2026-04-13T11:52:36.459Z</time>
    </trkpt>
    <trkpt lat="40.611385" lon="14.535480">
      <ele>0</ele>
      <time>2026-04-13T11:52:37.557Z</time>
    </trkpt>
    <trkpt lat="40.611310" lon="14.535188">
      <ele>0</ele>
      <time>2026-04-13T11:52:38.655Z</time>
    </trkpt>
    <trkpt lat="40.611268" lon="14.534984">
      <ele>0</ele>
      <time>2026-04-13T11:52:39.753Z</time>
    </trkpt>
    <trkpt lat="40.611238" lon="14.534827">
      <ele>0</ele>
      <time>2026-04-13T11:52:40.851Z</time>
    </trkpt>
    <trkpt lat="40.611215" lon="14.534729">
      <ele>0</ele>
      <time>2026-04-13T11:52:41.949Z</time>
    </trkpt>
    <trkpt lat="40.611188" lon="14.534653">
      <ele>0</ele>
      <time>2026-04-13T11:52:43.047Z</time>
    </trkpt>
    <trkpt lat="40.611136" lon="14.534577">
      <ele>0</ele>
      <time>2026-04-13T11:52:44.145Z</time>
    </trkpt>
    <trkpt lat="40.611076" lon="14.534523">
      <ele>0</ele>
      <time>2026-04-13T11:52:45.243Z</time>
    </trkpt>
    <trkpt lat="40.610948" lon="14.534409">
      <ele>0</ele>
      <time>2026-04-13T11:52:46.341Z</time>
    </trkpt>
    <trkpt lat="40.610861" lon="14.534326">
      <ele>0</ele>
      <time>2026-04-13T11:52:47.438Z</time>
    </trkpt>
    <trkpt lat="40.610794" lon="14.534241">
      <ele>0</ele>
      <time>2026-04-13T11:52:48.536Z</time>
    </trkpt>
    <trkpt lat="40.610703" lon="14.534112">
      <ele>0</ele>
      <time>2026-04-13T11:52:49.634Z</time>
    </trkpt>
    <trkpt lat="40.610616" lon="14.533981">
      <ele>0</ele>
      <time>2026-04-13T11:52:50.732Z</time>
    </trkpt>
    <trkpt lat="40.610584" lon="14.533912">
      <ele>0</ele>
      <time>2026-04-13T11:52:51.830Z</time>
    </trkpt>
    <trkpt lat="40.610506" lon="14.533720">
      <ele>0</ele>
      <time>2026-04-13T11:52:52.928Z</time>
    </trkpt>
    <trkpt lat="40.610447" lon="14.533548">
      <ele>0</ele>
      <time>2026-04-13T11:52:54.026Z</time>
    </trkpt>
    <trkpt lat="40.610337" lon="14.533228">
      <ele>0</ele>
      <time>2026-04-13T11:52:55.124Z</time>
    </trkpt>
    <trkpt lat="40.610313" lon="14.533142">
      <ele>0</ele>
      <time>2026-04-13T11:52:56.222Z</time>
    </trkpt>
    <trkpt lat="40.610293" lon="14.533059">
      <ele>0</ele>
      <time>2026-04-13T11:52:57.320Z</time>
    </trkpt>
    <trkpt lat="40.610287" lon="14.532988">
      <ele>0</ele>
      <time>2026-04-13T11:52:58.418Z</time>
    </trkpt>
    <trkpt lat="40.610285" lon="14.532920">
      <ele>0</ele>
      <time>2026-04-13T11:52:59.516Z</time>
    </trkpt>
    <trkpt lat="40.610286" lon="14.532781">
      <ele>0</ele>
      <time>2026-04-13T11:53:00.613Z</time>
    </trkpt>
    <trkpt lat="40.610289" lon="14.532658">
      <ele>0</ele>
      <time>2026-04-13T11:53:01.711Z</time>
    </trkpt>
    <trkpt lat="40.610264" lon="14.532548">
      <ele>0</ele>
      <time>2026-04-13T11:53:02.809Z</time>
    </trkpt>
    <trkpt lat="40.610225" lon="14.532464">
      <ele>0</ele>
      <time>2026-04-13T11:53:03.907Z</time>
    </trkpt>
    <trkpt lat="40.610160" lon="14.532378">
      <ele>0</ele>
      <time>2026-04-13T11:53:05.005Z</time>
    </trkpt>
    <trkpt lat="40.610029" lon="14.532268">
      <ele>0</ele>
      <time>2026-04-13T11:53:06.103Z</time>
    </trkpt>
    <trkpt lat="40.609958" lon="14.532195">
      <ele>0</ele>
      <time>2026-04-13T11:53:07.201Z</time>
    </trkpt>
    <trkpt lat="40.609893" lon="14.532093">
      <ele>0</ele>
      <time>2026-04-13T11:53:08.299Z</time>
    </trkpt>
    <trkpt lat="40.609806" lon="14.531911">
      <ele>0</ele>
      <time>2026-04-13T11:53:09.397Z</time>
    </trkpt>
    <trkpt lat="40.609685" lon="14.531665">
      <ele>0</ele>
      <time>2026-04-13T11:53:10.495Z</time>
    </trkpt>
    <trkpt lat="40.609596" lon="14.531497">
      <ele>0</ele>
      <time>2026-04-13T11:53:11.593Z</time>
    </trkpt>
    <trkpt lat="40.609525" lon="14.531398">
      <ele>0</ele>
      <time>2026-04-13T11:53:12.690Z</time>
    </trkpt>
    <trkpt lat="40.609460" lon="14.531331">
      <ele>0</ele>
      <time>2026-04-13T11:53:13.788Z</time>
    </trkpt>
    <trkpt lat="40.609031" lon="14.531039">
      <ele>0</ele>
      <time>2026-04-13T11:53:14.886Z</time>
    </trkpt>
    <trkpt lat="40.608968" lon="14.530968">
      <ele>0</ele>
      <time>2026-04-13T11:53:15.984Z</time>
    </trkpt>
    <trkpt lat="40.608866" lon="14.530809">
      <ele>0</ele>
      <time>2026-04-13T11:53:17.082Z</time>
    </trkpt>
    <trkpt lat="40.608647" lon="14.530424">
      <ele>0</ele>
      <time>2026-04-13T11:53:18.180Z</time>
    </trkpt>
    <trkpt lat="40.608545" lon="14.530246">
      <ele>0</ele>
      <time>2026-04-13T11:53:19.278Z</time>
    </trkpt>
    <trkpt lat="40.608504" lon="14.530171">
      <ele>0</ele>
      <time>2026-04-13T11:53:20.376Z</time>
    </trkpt>
    <trkpt lat="40.608465" lon="14.530125">
      <ele>0</ele>
      <time>2026-04-13T11:53:21.474Z</time>
    </trkpt>
    <trkpt lat="40.608401" lon="14.530061">
      <ele>0</ele>
      <time>2026-04-13T11:53:22.572Z</time>
    </trkpt>
    <trkpt lat="40.608313" lon="14.529980">
      <ele>0</ele>
      <time>2026-04-13T11:53:23.670Z</time>
    </trkpt>
    <trkpt lat="40.608221" lon="14.529877">
      <ele>0</ele>
      <time>2026-04-13T11:53:24.768Z</time>
    </trkpt>
    <trkpt lat="40.608160" lon="14.529791">
      <ele>0</ele>
      <time>2026-04-13T11:53:25.865Z</time>
    </trkpt>
    <trkpt lat="40.608109" lon="14.529710">
      <ele>0</ele>
      <time>2026-04-13T11:53:26.963Z</time>
    </trkpt>
    <trkpt lat="40.608079" lon="14.529648">
      <ele>0</ele>
      <time>2026-04-13T11:53:28.061Z</time>
    </trkpt>
    <trkpt lat="40.608049" lon="14.529520">
      <ele>0</ele>
      <time>2026-04-13T11:53:29.159Z</time>
    </trkpt>
    <trkpt lat="40.608054" lon="14.529372">
      <ele>0</ele>
      <time>2026-04-13T11:53:30.257Z</time>
    </trkpt>
    <trkpt lat="40.608109" lon="14.529131">
      <ele>0</ele>
      <time>2026-04-13T11:53:31.355Z</time>
    </trkpt>
    <trkpt lat="40.608218" lon="14.528877">
      <ele>0</ele>
      <time>2026-04-13T11:53:32.453Z</time>
    </trkpt>
    <trkpt lat="40.608461" lon="14.528413">
      <ele>0</ele>
      <time>2026-04-13T11:53:33.551Z</time>
    </trkpt>
    <trkpt lat="40.608527" lon="14.528288">
      <ele>0</ele>
      <time>2026-04-13T11:53:34.649Z</time>
    </trkpt>
    <trkpt lat="40.608601" lon="14.528162">
      <ele>0</ele>
      <time>2026-04-13T11:53:35.747Z</time>
    </trkpt>
    <trkpt lat="40.608669" lon="14.528006">
      <ele>0</ele>
      <time>2026-04-13T11:53:36.845Z</time>
    </trkpt>
    <trkpt lat="40.608701" lon="14.527877">
      <ele>0</ele>
      <time>2026-04-13T11:53:37.943Z</time>
    </trkpt>
    <trkpt lat="40.608709" lon="14.527762">
      <ele>0</ele>
      <time>2026-04-13T11:53:39.040Z</time>
    </trkpt>
    <trkpt lat="40.608693" lon="14.527587">
      <ele>0</ele>
      <time>2026-04-13T11:53:40.138Z</time>
    </trkpt>
    <trkpt lat="40.608661" lon="14.527453">
      <ele>0</ele>
      <time>2026-04-13T11:53:41.236Z</time>
    </trkpt>
    <trkpt lat="40.608597" lon="14.527298">
      <ele>0</ele>
      <time>2026-04-13T11:53:42.334Z</time>
    </trkpt>
    <trkpt lat="40.608543" lon="14.527160">
      <ele>0</ele>
      <time>2026-04-13T11:53:43.432Z</time>
    </trkpt>
    <trkpt lat="40.608506" lon="14.527050">
      <ele>0</ele>
      <time>2026-04-13T11:53:44.530Z</time>
    </trkpt>
    <trkpt lat="40.608495" lon="14.526940">
      <ele>0</ele>
      <time>2026-04-13T11:53:45.628Z</time>
    </trkpt>
    <trkpt lat="40.608521" lon="14.526845">
      <ele>0</ele>
      <time>2026-04-13T11:53:46.726Z</time>
    </trkpt>
    <trkpt lat="40.608583" lon="14.526754">
      <ele>0</ele>
      <time>2026-04-13T11:53:47.824Z</time>
    </trkpt>
    <trkpt lat="40.608722" lon="14.526632">
      <ele>0</ele>
      <time>2026-04-13T11:53:48.922Z</time>
    </trkpt>
    <trkpt lat="40.608840" lon="14.526549">
      <ele>0</ele>
      <time>2026-04-13T11:53:50.020Z</time>
    </trkpt>
    <trkpt lat="40.608928" lon="14.526475">
      <ele>0</ele>
      <time>2026-04-13T11:53:51.117Z</time>
    </trkpt>
    <trkpt lat="40.609008" lon="14.526382">
      <ele>0</ele>
      <time>2026-04-13T11:53:52.215Z</time>
    </trkpt>
    <trkpt lat="40.609104" lon="14.526248">
      <ele>0</ele>
      <time>2026-04-13T11:53:53.313Z</time>
    </trkpt>
    <trkpt lat="40.609175" lon="14.526147">
      <ele>0</ele>
      <time>2026-04-13T11:53:54.411Z</time>
    </trkpt>
    <trkpt lat="40.609541" lon="14.525641">
      <ele>0</ele>
      <time>2026-04-13T11:53:55.509Z</time>
    </trkpt>
    <trkpt lat="40.609618" lon="14.525531">
      <ele>0</ele>
      <time>2026-04-13T11:53:56.607Z</time>
    </trkpt>
    <trkpt lat="40.609671" lon="14.525465">
      <ele>0</ele>
      <time>2026-04-13T11:53:57.705Z</time>
    </trkpt>
    <trkpt lat="40.609708" lon="14.525432">
      <ele>0</ele>
      <time>2026-04-13T11:53:58.803Z</time>
    </trkpt>
    <trkpt lat="40.609747" lon="14.525409">
      <ele>0</ele>
      <time>2026-04-13T11:53:59.901Z</time>
    </trkpt>
    <trkpt lat="40.609790" lon="14.525396">
      <ele>0</ele>
      <time>2026-04-13T11:54:00.999Z</time>
    </trkpt>
    <trkpt lat="40.609838" lon="14.525389">
      <ele>0</ele>
      <time>2026-04-13T11:54:02.097Z</time>
    </trkpt>
    <trkpt lat="40.609878" lon="14.525379">
      <ele>0</ele>
      <time>2026-04-13T11:54:03.195Z</time>
    </trkpt>
    <trkpt lat="40.609906" lon="14.525365">
      <ele>0</ele>
      <time>2026-04-13T11:54:04.292Z</time>
    </trkpt>
    <trkpt lat="40.609946" lon="14.525335">
      <ele>0</ele>
      <time>2026-04-13T11:54:05.390Z</time>
    </trkpt>
    <trkpt lat="40.610011" lon="14.525249">
      <ele>0</ele>
      <time>2026-04-13T11:54:06.488Z</time>
    </trkpt>
    <trkpt lat="40.610069" lon="14.525176">
      <ele>0</ele>
      <time>2026-04-13T11:54:07.586Z</time>
    </trkpt>
    <trkpt lat="40.610080" lon="14.525161">
      <ele>0</ele>
      <time>2026-04-13T11:54:08.684Z</time>
    </trkpt>
    <trkpt lat="40.610117" lon="14.525120">
      <ele>0</ele>
      <time>2026-04-13T11:54:09.782Z</time>
    </trkpt>
    <trkpt lat="40.610150" lon="14.525096">
      <ele>0</ele>
      <time>2026-04-13T11:54:10.880Z</time>
    </trkpt>
    <trkpt lat="40.610206" lon="14.525060">
      <ele>0</ele>
      <time>2026-04-13T11:54:11.978Z</time>
    </trkpt>
    <trkpt lat="40.610272" lon="14.525025">
      <ele>0</ele>
      <time>2026-04-13T11:54:13.076Z</time>
    </trkpt>
    <trkpt lat="40.610328" lon="14.524997">
      <ele>0</ele>
      <time>2026-04-13T11:54:14.174Z</time>
    </trkpt>
    <trkpt lat="40.610419" lon="14.524947">
      <ele>0</ele>
      <time>2026-04-13T11:54:15.272Z</time>
    </trkpt>
    <trkpt lat="40.610547" lon="14.524871">
      <ele>0</ele>
      <time>2026-04-13T11:54:16.369Z</time>
    </trkpt>
    <trkpt lat="40.610605" lon="14.524828">
      <ele>0</ele>
      <time>2026-04-13T11:54:17.467Z</time>
    </trkpt>
    <trkpt lat="40.610646" lon="14.524785">
      <ele>0</ele>
      <time>2026-04-13T11:54:18.565Z</time>
    </trkpt>
    <trkpt lat="40.610746" lon="14.524681">
      <ele>0</ele>
      <time>2026-04-13T11:54:19.663Z</time>
    </trkpt>
    <trkpt lat="40.610787" lon="14.524636">
      <ele>0</ele>
      <time>2026-04-13T11:54:20.761Z</time>
    </trkpt>
    <trkpt lat="40.610854" lon="14.524589">
      <ele>0</ele>
      <time>2026-04-13T11:54:21.859Z</time>
    </trkpt>
    <trkpt lat="40.610914" lon="14.524551">
      <ele>0</ele>
      <time>2026-04-13T11:54:22.957Z</time>
    </trkpt>
    <trkpt lat="40.610990" lon="14.524507">
      <ele>0</ele>
      <time>2026-04-13T11:54:24.055Z</time>
    </trkpt>
    <trkpt lat="40.611043" lon="14.524480">
      <ele>0</ele>
      <time>2026-04-13T11:54:25.153Z</time>
    </trkpt>
    <trkpt lat="40.611090" lon="14.524429">
      <ele>0</ele>
      <time>2026-04-13T11:54:26.251Z</time>
    </trkpt>
    <trkpt lat="40.611131" lon="14.524364">
      <ele>0</ele>
      <time>2026-04-13T11:54:27.349Z</time>
    </trkpt>
    <trkpt lat="40.611198" lon="14.524265">
      <ele>0</ele>
      <time>2026-04-13T11:54:28.447Z</time>
    </trkpt>
    <trkpt lat="40.611255" lon="14.524203">
      <ele>0</ele>
      <time>2026-04-13T11:54:29.544Z</time>
    </trkpt>
    <trkpt lat="40.611350" lon="14.524109">
      <ele>0</ele>
      <time>2026-04-13T11:54:30.642Z</time>
    </trkpt>
    <trkpt lat="40.611378" lon="14.524080">
      <ele>0</ele>
      <time>2026-04-13T11:54:31.740Z</time>
    </trkpt>
    <trkpt lat="40.611386" lon="14.524070">
      <ele>0</ele>
      <time>2026-04-13T11:54:32.838Z</time>
    </trkpt>
    <trkpt lat="40.611420" lon="14.524030">
      <ele>0</ele>
      <time>2026-04-13T11:54:33.936Z</time>
    </trkpt>
    <trkpt lat="40.611461" lon="14.523973">
      <ele>0</ele>
      <time>2026-04-13T11:54:35.034Z</time>
    </trkpt>
    <trkpt lat="40.611582" lon="14.523728">
      <ele>0</ele>
      <time>2026-04-13T11:54:36.132Z</time>
    </trkpt>
    <trkpt lat="40.611598" lon="14.523702">
      <ele>0</ele>
      <time>2026-04-13T11:54:37.230Z</time>
    </trkpt>
    <trkpt lat="40.611623" lon="14.523658">
      <ele>0</ele>
      <time>2026-04-13T11:54:38.328Z</time>
    </trkpt>
    <trkpt lat="40.611647" lon="14.523617">
      <ele>0</ele>
      <time>2026-04-13T11:54:39.426Z</time>
    </trkpt>
    <trkpt lat="40.611770" lon="14.523470">
      <ele>0</ele>
      <time>2026-04-13T11:54:40.524Z</time>
    </trkpt>
    <trkpt lat="40.611855" lon="14.523376">
      <ele>0</ele>
      <time>2026-04-13T11:54:41.622Z</time>
    </trkpt>
    <trkpt lat="40.611909" lon="14.523338">
      <ele>0</ele>
      <time>2026-04-13T11:54:42.719Z</time>
    </trkpt>
    <trkpt lat="40.612000" lon="14.523284">
      <ele>0</ele>
      <time>2026-04-13T11:54:43.817Z</time>
    </trkpt>
    <trkpt lat="40.612097" lon="14.523220">
      <ele>0</ele>
      <time>2026-04-13T11:54:44.915Z</time>
    </trkpt>
    <trkpt lat="40.612149" lon="14.523166">
      <ele>0</ele>
      <time>2026-04-13T11:54:46.013Z</time>
    </trkpt>
    <trkpt lat="40.612235" lon="14.523064">
      <ele>0</ele>
      <time>2026-04-13T11:54:47.111Z</time>
    </trkpt>
    <trkpt lat="40.612319" lon="14.522959">
      <ele>0</ele>
      <time>2026-04-13T11:54:48.209Z</time>
    </trkpt>
    <trkpt lat="40.612363" lon="14.522914">
      <ele>0</ele>
      <time>2026-04-13T11:54:49.307Z</time>
    </trkpt>
    <trkpt lat="40.612422" lon="14.522861">
      <ele>0</ele>
      <time>2026-04-13T11:54:50.405Z</time>
    </trkpt>
    <trkpt lat="40.612446" lon="14.522844">
      <ele>0</ele>
      <time>2026-04-13T11:54:51.503Z</time>
    </trkpt>
    <trkpt lat="40.612490" lon="14.522813">
      <ele>0</ele>
      <time>2026-04-13T11:54:52.601Z</time>
    </trkpt>
    <trkpt lat="40.612608" lon="14.522753">
      <ele>0</ele>
      <time>2026-04-13T11:54:53.699Z</time>
    </trkpt>
    <trkpt lat="40.612730" lon="14.522688">
      <ele>0</ele>
      <time>2026-04-13T11:54:54.796Z</time>
    </trkpt>
    <trkpt lat="40.612927" lon="14.522604">
      <ele>0</ele>
      <time>2026-04-13T11:54:55.894Z</time>
    </trkpt>
    <trkpt lat="40.613051" lon="14.522561">
      <ele>0</ele>
      <time>2026-04-13T11:54:56.992Z</time>
    </trkpt>
    <trkpt lat="40.613086" lon="14.522549">
      <ele>0</ele>
      <time>2026-04-13T11:54:58.090Z</time>
    </trkpt>
    <trkpt lat="40.613386" lon="14.522454">
      <ele>0</ele>
      <time>2026-04-13T11:54:59.188Z</time>
    </trkpt>
    <trkpt lat="40.613541" lon="14.522414">
      <ele>0</ele>
      <time>2026-04-13T11:55:00.286Z</time>
    </trkpt>
    <trkpt lat="40.613661" lon="14.522390">
      <ele>0</ele>
      <time>2026-04-13T11:55:01.384Z</time>
    </trkpt>
    <trkpt lat="40.613702" lon="14.522388">
      <ele>0</ele>
      <time>2026-04-13T11:55:02.482Z</time>
    </trkpt>
    <trkpt lat="40.613796" lon="14.522402">
      <ele>0</ele>
      <time>2026-04-13T11:55:03.580Z</time>
    </trkpt>
    <trkpt lat="40.613843" lon="14.522412">
      <ele>0</ele>
      <time>2026-04-13T11:55:04.678Z</time>
    </trkpt>
    <trkpt lat="40.613968" lon="14.522427">
      <ele>0</ele>
      <time>2026-04-13T11:55:05.776Z</time>
    </trkpt>
    <trkpt lat="40.614142" lon="14.522381">
      <ele>0</ele>
      <time>2026-04-13T11:55:06.874Z</time>
    </trkpt>
    <trkpt lat="40.614411" lon="14.522296">
      <ele>0</ele>
      <time>2026-04-13T11:55:07.971Z</time>
    </trkpt>
    <trkpt lat="40.614520" lon="14.522258">
      <ele>0</ele>
      <time>2026-04-13T11:55:09.069Z</time>
    </trkpt>
    <trkpt lat="40.614590" lon="14.522240">
      <ele>0</ele>
      <time>2026-04-13T11:55:10.167Z</time>
    </trkpt>
    <trkpt lat="40.614624" lon="14.522236">
      <ele>0</ele>
      <time>2026-04-13T11:55:11.265Z</time>
    </trkpt>
    <trkpt lat="40.614660" lon="14.522232">
      <ele>0</ele>
      <time>2026-04-13T11:55:12.363Z</time>
    </trkpt>
    <trkpt lat="40.614691" lon="14.522235">
      <ele>0</ele>
      <time>2026-04-13T11:55:13.461Z</time>
    </trkpt>
    <trkpt lat="40.614727" lon="14.522242">
      <ele>0</ele>
      <time>2026-04-13T11:55:14.559Z</time>
    </trkpt>
    <trkpt lat="40.614746" lon="14.522247">
      <ele>0</ele>
      <time>2026-04-13T11:55:15.657Z</time>
    </trkpt>
    <trkpt lat="40.614770" lon="14.522262">
      <ele>0</ele>
      <time>2026-04-13T11:55:16.755Z</time>
    </trkpt>
    <trkpt lat="40.614792" lon="14.522284">
      <ele>0</ele>
      <time>2026-04-13T11:55:17.853Z</time>
    </trkpt>
    <trkpt lat="40.614829" lon="14.522339">
      <ele>0</ele>
      <time>2026-04-13T11:55:18.951Z</time>
    </trkpt>
    <trkpt lat="40.614874" lon="14.522414">
      <ele>0</ele>
      <time>2026-04-13T11:55:20.049Z</time>
    </trkpt>
    <trkpt lat="40.614917" lon="14.522517">
      <ele>0</ele>
      <time>2026-04-13T11:55:21.146Z</time>
    </trkpt>
    <trkpt lat="40.614948" lon="14.522644">
      <ele>0</ele>
      <time>2026-04-13T11:55:22.244Z</time>
    </trkpt>
    <trkpt lat="40.614975" lon="14.522718">
      <ele>0</ele>
      <time>2026-04-13T11:55:23.342Z</time>
    </trkpt>
    <trkpt lat="40.615008" lon="14.522788">
      <ele>0</ele>
      <time>2026-04-13T11:55:24.440Z</time>
    </trkpt>
    <trkpt lat="40.615043" lon="14.522834">
      <ele>0</ele>
      <time>2026-04-13T11:55:25.538Z</time>
    </trkpt>
    <trkpt lat="40.615091" lon="14.522876">
      <ele>0</ele>
      <time>2026-04-13T11:55:26.636Z</time>
    </trkpt>
    <trkpt lat="40.615180" lon="14.522927">
      <ele>0</ele>
      <time>2026-04-13T11:55:27.734Z</time>
    </trkpt>
    <trkpt lat="40.615266" lon="14.522996">
      <ele>0</ele>
      <time>2026-04-13T11:55:28.832Z</time>
    </trkpt>
    <trkpt lat="40.615322" lon="14.523084">
      <ele>0</ele>
      <time>2026-04-13T11:55:29.930Z</time>
    </trkpt>
    <trkpt lat="40.615362" lon="14.523157">
      <ele>0</ele>
      <time>2026-04-13T11:55:31.028Z</time>
    </trkpt>
    <trkpt lat="40.615382" lon="14.523198">
      <ele>0</ele>
      <time>2026-04-13T11:55:32.126Z</time>
    </trkpt>
    <trkpt lat="40.615403" lon="14.523238">
      <ele>0</ele>
      <time>2026-04-13T11:55:33.223Z</time>
    </trkpt>
    <trkpt lat="40.615420" lon="14.523264">
      <ele>0</ele>
      <time>2026-04-13T11:55:34.321Z</time>
    </trkpt>
    <trkpt lat="40.615444" lon="14.523288">
      <ele>0</ele>
      <time>2026-04-13T11:55:35.419Z</time>
    </trkpt>
    <trkpt lat="40.615472" lon="14.523301">
      <ele>0</ele>
      <time>2026-04-13T11:55:36.517Z</time>
    </trkpt>
    <trkpt lat="40.615499" lon="14.523297">
      <ele>0</ele>
      <time>2026-04-13T11:55:37.615Z</time>
    </trkpt>
    <trkpt lat="40.615533" lon="14.523288">
      <ele>0</ele>
      <time>2026-04-13T11:55:38.713Z</time>
    </trkpt>
    <trkpt lat="40.615568" lon="14.523265">
      <ele>0</ele>
      <time>2026-04-13T11:55:39.811Z</time>
    </trkpt>
    <trkpt lat="40.615716" lon="14.523185">
      <ele>0</ele>
      <time>2026-04-13T11:55:40.909Z</time>
    </trkpt>
    <trkpt lat="40.615829" lon="14.523138">
      <ele>0</ele>
      <time>2026-04-13T11:55:42.007Z</time>
    </trkpt>
    <trkpt lat="40.615925" lon="14.523102">
      <ele>0</ele>
      <time>2026-04-13T11:55:43.105Z</time>
    </trkpt>
    <trkpt lat="40.616080" lon="14.523048">
      <ele>0</ele>
      <time>2026-04-13T11:55:44.203Z</time>
    </trkpt>
    <trkpt lat="40.616183" lon="14.523032">
      <ele>0</ele>
      <time>2026-04-13T11:55:45.301Z</time>
    </trkpt>
    <trkpt lat="40.616290" lon="14.523026">
      <ele>0</ele>
      <time>2026-04-13T11:55:46.398Z</time>
    </trkpt>
    <trkpt lat="40.616395" lon="14.523040">
      <ele>0</ele>
      <time>2026-04-13T11:55:47.496Z</time>
    </trkpt>
    <trkpt lat="40.616475" lon="14.523049">
      <ele>0</ele>
      <time>2026-04-13T11:55:48.594Z</time>
    </trkpt>
    <trkpt lat="40.616512" lon="14.523047">
      <ele>0</ele>
      <time>2026-04-13T11:55:49.692Z</time>
    </trkpt>
    <trkpt lat="40.616552" lon="14.523024">
      <ele>0</ele>
      <time>2026-04-13T11:55:50.790Z</time>
    </trkpt>
    <trkpt lat="40.616581" lon="14.522975">
      <ele>0</ele>
      <time>2026-04-13T11:55:51.888Z</time>
    </trkpt>
    <trkpt lat="40.616582" lon="14.522934">
      <ele>0</ele>
      <time>2026-04-13T11:55:52.986Z</time>
    </trkpt>
    <trkpt lat="40.616580" lon="14.522904">
      <ele>0</ele>
      <time>2026-04-13T11:55:54.084Z</time>
    </trkpt>
    <trkpt lat="40.616574" lon="14.522833">
      <ele>0</ele>
      <time>2026-04-13T11:55:55.182Z</time>
    </trkpt>
    <trkpt lat="40.616561" lon="14.522739">
      <ele>0</ele>
      <time>2026-04-13T11:55:56.280Z</time>
    </trkpt>
    <trkpt lat="40.616538" lon="14.522642">
      <ele>0</ele>
      <time>2026-04-13T11:55:57.378Z</time>
    </trkpt>
    <trkpt lat="40.616410" lon="14.522094">
      <ele>0</ele>
      <time>2026-04-13T11:55:58.475Z</time>
    </trkpt>
    <trkpt lat="40.616368" lon="14.521901">
      <ele>0</ele>
      <time>2026-04-13T11:55:59.573Z</time>
    </trkpt>
    <trkpt lat="40.616337" lon="14.521760">
      <ele>0</ele>
      <time>2026-04-13T11:56:00.671Z</time>
    </trkpt>
    <trkpt lat="40.616300" lon="14.521638">
      <ele>0</ele>
      <time>2026-04-13T11:56:01.769Z</time>
    </trkpt>
    <trkpt lat="40.616259" lon="14.521514">
      <ele>0</ele>
      <time>2026-04-13T11:56:02.867Z</time>
    </trkpt>
    <trkpt lat="40.616120" lon="14.521197">
      <ele>0</ele>
      <time>2026-04-13T11:56:03.965Z</time>
    </trkpt>
    <trkpt lat="40.616063" lon="14.521018">
      <ele>0</ele>
      <time>2026-04-13T11:56:05.063Z</time>
    </trkpt>
    <trkpt lat="40.616059" lon="14.520931">
      <ele>0</ele>
      <time>2026-04-13T11:56:06.161Z</time>
    </trkpt>
    <trkpt lat="40.616066" lon="14.520876">
      <ele>0</ele>
      <time>2026-04-13T11:56:07.259Z</time>
    </trkpt>
    <trkpt lat="40.616109" lon="14.520729">
      <ele>0</ele>
      <time>2026-04-13T11:56:08.357Z</time>
    </trkpt>
    <trkpt lat="40.616161" lon="14.520608">
      <ele>0</ele>
      <time>2026-04-13T11:56:09.455Z</time>
    </trkpt>
    <trkpt lat="40.616272" lon="14.520452">
      <ele>0</ele>
      <time>2026-04-13T11:56:10.553Z</time>
    </trkpt>
    <trkpt lat="40.616359" lon="14.520353">
      <ele>0</ele>
      <time>2026-04-13T11:56:11.650Z</time>
    </trkpt>
    <trkpt lat="40.616397" lon="14.520315">
      <ele>0</ele>
      <time>2026-04-13T11:56:12.748Z</time>
    </trkpt>
    <trkpt lat="40.616429" lon="14.520289">
      <ele>0</ele>
      <time>2026-04-13T11:56:13.846Z</time>
    </trkpt>
    <trkpt lat="40.616455" lon="14.520281">
      <ele>0</ele>
      <time>2026-04-13T11:56:14.944Z</time>
    </trkpt>
    <trkpt lat="40.616487" lon="14.520270">
      <ele>0</ele>
      <time>2026-04-13T11:56:16.042Z</time>
    </trkpt>
    <trkpt lat="40.616529" lon="14.520277">
      <ele>0</ele>
      <time>2026-04-13T11:56:17.140Z</time>
    </trkpt>
    <trkpt lat="40.616575" lon="14.520287">
      <ele>0</ele>
      <time>2026-04-13T11:56:18.238Z</time>
    </trkpt>
    <trkpt lat="40.616646" lon="14.520306">
      <ele>0</ele>
      <time>2026-04-13T11:56:19.336Z</time>
    </trkpt>
    <trkpt lat="40.616748" lon="14.520334">
      <ele>0</ele>
      <time>2026-04-13T11:56:20.434Z</time>
    </trkpt>
    <trkpt lat="40.616851" lon="14.520356">
      <ele>0</ele>
      <time>2026-04-13T11:56:21.532Z</time>
    </trkpt>
    <trkpt lat="40.616951" lon="14.520371">
      <ele>0</ele>
      <time>2026-04-13T11:56:22.630Z</time>
    </trkpt>
    <trkpt lat="40.617102" lon="14.520385">
      <ele>0</ele>
      <time>2026-04-13T11:56:23.728Z</time>
    </trkpt>
    <trkpt lat="40.617211" lon="14.520388">
      <ele>0</ele>
      <time>2026-04-13T11:56:24.825Z</time>
    </trkpt>
    <trkpt lat="40.617282" lon="14.520391">
      <ele>0</ele>
      <time>2026-04-13T11:56:25.923Z</time>
    </trkpt>
    <trkpt lat="40.617387" lon="14.520405">
      <ele>0</ele>
      <time>2026-04-13T11:56:27.021Z</time>
    </trkpt>
    <trkpt lat="40.617490" lon="14.520430">
      <ele>0</ele>
      <time>2026-04-13T11:56:28.119Z</time>
    </trkpt>
    <trkpt lat="40.617660" lon="14.520466">
      <ele>0</ele>
      <time>2026-04-13T11:56:29.217Z</time>
    </trkpt>
    <trkpt lat="40.617701" lon="14.520471">
      <ele>0</ele>
      <time>2026-04-13T11:56:30.315Z</time>
    </trkpt>
    <trkpt lat="40.617755" lon="14.520474">
      <ele>0</ele>
      <time>2026-04-13T11:56:31.413Z</time>
    </trkpt>
    <trkpt lat="40.617830" lon="14.520461">
      <ele>0</ele>
      <time>2026-04-13T11:56:32.511Z</time>
    </trkpt>
    <trkpt lat="40.617893" lon="14.520438">
      <ele>0</ele>
      <time>2026-04-13T11:56:33.609Z</time>
    </trkpt>
    <trkpt lat="40.618014" lon="14.520368">
      <ele>0</ele>
      <time>2026-04-13T11:56:34.707Z</time>
    </trkpt>
    <trkpt lat="40.618142" lon="14.520303">
      <ele>0</ele>
      <time>2026-04-13T11:56:35.805Z</time>
    </trkpt>
    <trkpt lat="40.618237" lon="14.520262">
      <ele>0</ele>
      <time>2026-04-13T11:56:36.902Z</time>
    </trkpt>
    <trkpt lat="40.618350" lon="14.520217">
      <ele>0</ele>
      <time>2026-04-13T11:56:38.000Z</time>
    </trkpt>
    <trkpt lat="40.618472" lon="14.520170">
      <ele>0</ele>
      <time>2026-04-13T11:56:39.098Z</time>
    </trkpt>
    <trkpt lat="40.618538" lon="14.520139">
      <ele>0</ele>
      <time>2026-04-13T11:56:40.196Z</time>
    </trkpt>
    <trkpt lat="40.618574" lon="14.520117">
      <ele>0</ele>
      <time>2026-04-13T11:56:41.294Z</time>
    </trkpt>
    <trkpt lat="40.618595" lon="14.520100">
      <ele>0</ele>
      <time>2026-04-13T11:56:42.392Z</time>
    </trkpt>
    <trkpt lat="40.618619" lon="14.520071">
      <ele>0</ele>
      <time>2026-04-13T11:56:43.490Z</time>
    </trkpt>
    <trkpt lat="40.618637" lon="14.520040">
      <ele>0</ele>
      <time>2026-04-13T11:56:44.588Z</time>
    </trkpt>
    <trkpt lat="40.618655" lon="14.519988">
      <ele>0</ele>
      <time>2026-04-13T11:56:45.686Z</time>
    </trkpt>
    <trkpt lat="40.618663" lon="14.519937">
      <ele>0</ele>
      <time>2026-04-13T11:56:46.784Z</time>
    </trkpt>
    <trkpt lat="40.618664" lon="14.519886">
      <ele>0</ele>
      <time>2026-04-13T11:56:47.882Z</time>
    </trkpt>
    <trkpt lat="40.618655" lon="14.519840">
      <ele>0</ele>
      <time>2026-04-13T11:56:48.980Z</time>
    </trkpt>
    <trkpt lat="40.618641" lon="14.519799">
      <ele>0</ele>
      <time>2026-04-13T11:56:50.077Z</time>
    </trkpt>
    <trkpt lat="40.618611" lon="14.519730">
      <ele>0</ele>
      <time>2026-04-13T11:56:51.175Z</time>
    </trkpt>
    <trkpt lat="40.618584" lon="14.519666">
      <ele>0</ele>
      <time>2026-04-13T11:56:52.273Z</time>
    </trkpt>
    <trkpt lat="40.618533" lon="14.519540">
      <ele>0</ele>
      <time>2026-04-13T11:56:53.371Z</time>
    </trkpt>
    <trkpt lat="40.618474" lon="14.519406">
      <ele>0</ele>
      <time>2026-04-13T11:56:54.469Z</time>
    </trkpt>
    <trkpt lat="40.618445" lon="14.519354">
      <ele>0</ele>
      <time>2026-04-13T11:56:55.567Z</time>
    </trkpt>
    <trkpt lat="40.618403" lon="14.519294">
      <ele>0</ele>
      <time>2026-04-13T11:56:56.665Z</time>
    </trkpt>
    <trkpt lat="40.618357" lon="14.519247">
      <ele>0</ele>
      <time>2026-04-13T11:56:57.763Z</time>
    </trkpt>
    <trkpt lat="40.618308" lon="14.519210">
      <ele>0</ele>
      <time>2026-04-13T11:56:58.861Z</time>
    </trkpt>
    <trkpt lat="40.618263" lon="14.519190">
      <ele>0</ele>
      <time>2026-04-13T11:56:59.959Z</time>
    </trkpt>
    <trkpt lat="40.618223" lon="14.519193">
      <ele>0</ele>
      <time>2026-04-13T11:57:01.057Z</time>
    </trkpt>
    <trkpt lat="40.618160" lon="14.519211">
      <ele>0</ele>
      <time>2026-04-13T11:57:02.155Z</time>
    </trkpt>
    <trkpt lat="40.618118" lon="14.519221">
      <ele>0</ele>
      <time>2026-04-13T11:57:03.252Z</time>
    </trkpt>
    <trkpt lat="40.618083" lon="14.519224">
      <ele>0</ele>
      <time>2026-04-13T11:57:04.350Z</time>
    </trkpt>
    <trkpt lat="40.618032" lon="14.519213">
      <ele>0</ele>
      <time>2026-04-13T11:57:05.448Z</time>
    </trkpt>
    <trkpt lat="40.617997" lon="14.519202">
      <ele>0</ele>
      <time>2026-04-13T11:57:06.546Z</time>
    </trkpt>
    <trkpt lat="40.617966" lon="14.519193">
      <ele>0</ele>
      <time>2026-04-13T11:57:07.644Z</time>
    </trkpt>
    <trkpt lat="40.617913" lon="14.519168">
      <ele>0</ele>
      <time>2026-04-13T11:57:08.742Z</time>
    </trkpt>
    <trkpt lat="40.617892" lon="14.519153">
      <ele>0</ele>
      <time>2026-04-13T11:57:09.840Z</time>
    </trkpt>
    <trkpt lat="40.617877" lon="14.519136">
      <ele>0</ele>
      <time>2026-04-13T11:57:10.938Z</time>
    </trkpt>
    <trkpt lat="40.617867" lon="14.519110">
      <ele>0</ele>
      <time>2026-04-13T11:57:12.036Z</time>
    </trkpt>
    <trkpt lat="40.617864" lon="14.519071">
      <ele>0</ele>
      <time>2026-04-13T11:57:13.134Z</time>
    </trkpt>
    <trkpt lat="40.617877" lon="14.519020">
      <ele>0</ele>
      <time>2026-04-13T11:57:14.232Z</time>
    </trkpt>
    <trkpt lat="40.617904" lon="14.518952">
      <ele>0</ele>
      <time>2026-04-13T11:57:15.329Z</time>
    </trkpt>
    <trkpt lat="40.617939" lon="14.518886">
      <ele>0</ele>
      <time>2026-04-13T11:57:16.427Z</time>
    </trkpt>
    <trkpt lat="40.617969" lon="14.518837">
      <ele>0</ele>
      <time>2026-04-13T11:57:17.525Z</time>
    </trkpt>
    <trkpt lat="40.617997" lon="14.518804">
      <ele>0</ele>
      <time>2026-04-13T11:57:18.623Z</time>
    </trkpt>
    <trkpt lat="40.618065" lon="14.518741">
      <ele>0</ele>
      <time>2026-04-13T11:57:19.721Z</time>
    </trkpt>
    <trkpt lat="40.618111" lon="14.518693">
      <ele>0</ele>
      <time>2026-04-13T11:57:20.819Z</time>
    </trkpt>
    <trkpt lat="40.618155" lon="14.518651">
      <ele>0</ele>
      <time>2026-04-13T11:57:21.917Z</time>
    </trkpt>
    <trkpt lat="40.618196" lon="14.518619">
      <ele>0</ele>
      <time>2026-04-13T11:57:23.015Z</time>
    </trkpt>
    <trkpt lat="40.618223" lon="14.518580">
      <ele>0</ele>
      <time>2026-04-13T11:57:24.113Z</time>
    </trkpt>
    <trkpt lat="40.618250" lon="14.518517">
      <ele>0</ele>
      <time>2026-04-13T11:57:25.211Z</time>
    </trkpt>
    <trkpt lat="40.618255" lon="14.518463">
      <ele>0</ele>
      <time>2026-04-13T11:57:26.309Z</time>
    </trkpt>
    <trkpt lat="40.618241" lon="14.518270">
      <ele>0</ele>
      <time>2026-04-13T11:57:27.407Z</time>
    </trkpt>
    <trkpt lat="40.618227" lon="14.518112">
      <ele>0</ele>
      <time>2026-04-13T11:57:28.504Z</time>
    </trkpt>
    <trkpt lat="40.618214" lon="14.517957">
      <ele>0</ele>
      <time>2026-04-13T11:57:29.602Z</time>
    </trkpt>
    <trkpt lat="40.618201" lon="14.517815">
      <ele>0</ele>
      <time>2026-04-13T11:57:30.700Z</time>
    </trkpt>
    <trkpt lat="40.618174" lon="14.517679">
      <ele>0</ele>
      <time>2026-04-13T11:57:31.798Z</time>
    </trkpt>
    <trkpt lat="40.618139" lon="14.517596">
      <ele>0</ele>
      <time>2026-04-13T11:57:32.896Z</time>
    </trkpt>
    <trkpt lat="40.618078" lon="14.517486">
      <ele>0</ele>
      <time>2026-04-13T11:57:33.994Z</time>
    </trkpt>
    <trkpt lat="40.617980" lon="14.517321">
      <ele>0</ele>
      <time>2026-04-13T11:57:35.092Z</time>
    </trkpt>
    <trkpt lat="40.617879" lon="14.517123">
      <ele>0</ele>
      <time>2026-04-13T11:57:36.190Z</time>
    </trkpt>
    <trkpt lat="40.617868" lon="14.517098">
      <ele>0</ele>
      <time>2026-04-13T11:57:37.288Z</time>
    </trkpt>
    <trkpt lat="40.617862" lon="14.517067">
      <ele>0</ele>
      <time>2026-04-13T11:57:38.386Z</time>
    </trkpt>
    <trkpt lat="40.617853" lon="14.516974">
      <ele>0</ele>
      <time>2026-04-13T11:57:39.484Z</time>
    </trkpt>
    <trkpt lat="40.617854" lon="14.516936">
      <ele>0</ele>
      <time>2026-04-13T11:57:40.581Z</time>
    </trkpt>
    <trkpt lat="40.617860" lon="14.516892">
      <ele>0</ele>
      <time>2026-04-13T11:57:41.679Z</time>
    </trkpt>
    <trkpt lat="40.617873" lon="14.516856">
      <ele>0</ele>
      <time>2026-04-13T11:57:42.777Z</time>
    </trkpt>
    <trkpt lat="40.617892" lon="14.516821">
      <ele>0</ele>
      <time>2026-04-13T11:57:43.875Z</time>
    </trkpt>
    <trkpt lat="40.617910" lon="14.516801">
      <ele>0</ele>
      <time>2026-04-13T11:57:44.973Z</time>
    </trkpt>
    <trkpt lat="40.617939" lon="14.516783">
      <ele>0</ele>
      <time>2026-04-13T11:57:46.071Z</time>
    </trkpt>
    <trkpt lat="40.618009" lon="14.516748">
      <ele>0</ele>
      <time>2026-04-13T11:57:47.169Z</time>
    </trkpt>
    <trkpt lat="40.618132" lon="14.516709">
      <ele>0</ele>
      <time>2026-04-13T11:57:48.267Z</time>
    </trkpt>
    <trkpt lat="40.618346" lon="14.516652">
      <ele>0</ele>
      <time>2026-04-13T11:57:49.365Z</time>
    </trkpt>
    <trkpt lat="40.618506" lon="14.516611">
      <ele>0</ele>
      <time>2026-04-13T11:57:50.463Z</time>
    </trkpt>
    <trkpt lat="40.618551" lon="14.516606">
      <ele>0</ele>
      <time>2026-04-13T11:57:51.561Z</time>
    </trkpt>
    <trkpt lat="40.618574" lon="14.516599">
      <ele>0</ele>
      <time>2026-04-13T11:57:52.659Z</time>
    </trkpt>
    <trkpt lat="40.618599" lon="14.516588">
      <ele>0</ele>
      <time>2026-04-13T11:57:53.756Z</time>
    </trkpt>
    <trkpt lat="40.618625" lon="14.516562">
      <ele>0</ele>
      <time>2026-04-13T11:57:54.854Z</time>
    </trkpt>
    <trkpt lat="40.618644" lon="14.516531">
      <ele>0</ele>
      <time>2026-04-13T11:57:55.952Z</time>
    </trkpt>
    <trkpt lat="40.618655" lon="14.516506">
      <ele>0</ele>
      <time>2026-04-13T11:57:57.050Z</time>
    </trkpt>
    <trkpt lat="40.618662" lon="14.516465">
      <ele>0</ele>
      <time>2026-04-13T11:57:58.148Z</time>
    </trkpt>
    <trkpt lat="40.618661" lon="14.516422">
      <ele>0</ele>
      <time>2026-04-13T11:57:59.246Z</time>
    </trkpt>
    <trkpt lat="40.618655" lon="14.516381">
      <ele>0</ele>
      <time>2026-04-13T11:58:00.344Z</time>
    </trkpt>
    <trkpt lat="40.618648" lon="14.516356">
      <ele>0</ele>
      <time>2026-04-13T11:58:01.442Z</time>
    </trkpt>
    <trkpt lat="40.618633" lon="14.516312">
      <ele>0</ele>
      <time>2026-04-13T11:58:02.540Z</time>
    </trkpt>
    <trkpt lat="40.618592" lon="14.516226">
      <ele>0</ele>
      <time>2026-04-13T11:58:03.638Z</time>
    </trkpt>
    <trkpt lat="40.618567" lon="14.516184">
      <ele>0</ele>
      <time>2026-04-13T11:58:04.736Z</time>
    </trkpt>
    <trkpt lat="40.618538" lon="14.516148">
      <ele>0</ele>
      <time>2026-04-13T11:58:05.834Z</time>
    </trkpt>
    <trkpt lat="40.618509" lon="14.516119">
      <ele>0</ele>
      <time>2026-04-13T11:58:06.931Z</time>
    </trkpt>
    <trkpt lat="40.618481" lon="14.516102">
      <ele>0</ele>
      <time>2026-04-13T11:58:08.029Z</time>
    </trkpt>
    <trkpt lat="40.618438" lon="14.516080">
      <ele>0</ele>
      <time>2026-04-13T11:58:09.127Z</time>
    </trkpt>
    <trkpt lat="40.618423" lon="14.516070">
      <ele>0</ele>
      <time>2026-04-13T11:58:10.225Z</time>
    </trkpt>
    <trkpt lat="40.618403" lon="14.516046">
      <ele>0</ele>
      <time>2026-04-13T11:58:11.323Z</time>
    </trkpt>
    <trkpt lat="40.618387" lon="14.516022">
      <ele>0</ele>
      <time>2026-04-13T11:58:12.421Z</time>
    </trkpt>
    <trkpt lat="40.618371" lon="14.515984">
      <ele>0</ele>
      <time>2026-04-13T11:58:13.519Z</time>
    </trkpt>
    <trkpt lat="40.618361" lon="14.515946">
      <ele>0</ele>
      <time>2026-04-13T11:58:14.617Z</time>
    </trkpt>
    <trkpt lat="40.618351" lon="14.515893">
      <ele>0</ele>
      <time>2026-04-13T11:58:15.715Z</time>
    </trkpt>
    <trkpt lat="40.618346" lon="14.515833">
      <ele>0</ele>
      <time>2026-04-13T11:58:16.813Z</time>
    </trkpt>
    <trkpt lat="40.618343" lon="14.515777">
      <ele>0</ele>
      <time>2026-04-13T11:58:17.911Z</time>
    </trkpt>
    <trkpt lat="40.618345" lon="14.515732">
      <ele>0</ele>
      <time>2026-04-13T11:58:19.008Z</time>
    </trkpt>
    <trkpt lat="40.618355" lon="14.515686">
      <ele>0</ele>
      <time>2026-04-13T11:58:20.106Z</time>
    </trkpt>
    <trkpt lat="40.618369" lon="14.515659">
      <ele>0</ele>
      <time>2026-04-13T11:58:21.204Z</time>
    </trkpt>
    <trkpt lat="40.618390" lon="14.515629">
      <ele>0</ele>
      <time>2026-04-13T11:58:22.302Z</time>
    </trkpt>
    <trkpt lat="40.618414" lon="14.515608">
      <ele>0</ele>
      <time>2026-04-13T11:58:23.400Z</time>
    </trkpt>
    <trkpt lat="40.618448" lon="14.515589">
      <ele>0</ele>
      <time>2026-04-13T11:58:24.498Z</time>
    </trkpt>
    <trkpt lat="40.618481" lon="14.515579">
      <ele>0</ele>
      <time>2026-04-13T11:58:25.596Z</time>
    </trkpt>
    <trkpt lat="40.618530" lon="14.515564">
      <ele>0</ele>
      <time>2026-04-13T11:58:26.694Z</time>
    </trkpt>
    <trkpt lat="40.618576" lon="14.515554">
      <ele>0</ele>
      <time>2026-04-13T11:58:27.792Z</time>
    </trkpt>
    <trkpt lat="40.618654" lon="14.515542">
      <ele>0</ele>
      <time>2026-04-13T11:58:28.890Z</time>
    </trkpt>
    <trkpt lat="40.618710" lon="14.515535">
      <ele>0</ele>
      <time>2026-04-13T11:58:29.988Z</time>
    </trkpt>
    <trkpt lat="40.618823" lon="14.515520">
      <ele>0</ele>
      <time>2026-04-13T11:58:31.086Z</time>
    </trkpt>
    <trkpt lat="40.618915" lon="14.515502">
      <ele>0</ele>
      <time>2026-04-13T11:58:32.183Z</time>
    </trkpt>
    <trkpt lat="40.619009" lon="14.515476">
      <ele>0</ele>
      <time>2026-04-13T11:58:33.281Z</time>
    </trkpt>
    <trkpt lat="40.619061" lon="14.515459">
      <ele>0</ele>
      <time>2026-04-13T11:58:34.379Z</time>
    </trkpt>
    <trkpt lat="40.619105" lon="14.515442">
      <ele>0</ele>
      <time>2026-04-13T11:58:35.477Z</time>
    </trkpt>
    <trkpt lat="40.619134" lon="14.515427">
      <ele>0</ele>
      <time>2026-04-13T11:58:36.575Z</time>
    </trkpt>
    <trkpt lat="40.619161" lon="14.515412">
      <ele>0</ele>
      <time>2026-04-13T11:58:37.673Z</time>
    </trkpt>
    <trkpt lat="40.619194" lon="14.515391">
      <ele>0</ele>
      <time>2026-04-13T11:58:38.771Z</time>
    </trkpt>
    <trkpt lat="40.619318" lon="14.515301">
      <ele>0</ele>
      <time>2026-04-13T11:58:39.869Z</time>
    </trkpt>
    <trkpt lat="40.619372" lon="14.515262">
      <ele>0</ele>
      <time>2026-04-13T11:58:40.967Z</time>
    </trkpt>
    <trkpt lat="40.619446" lon="14.515202">
      <ele>0</ele>
      <time>2026-04-13T11:58:42.065Z</time>
    </trkpt>
    <trkpt lat="40.619470" lon="14.515182">
      <ele>0</ele>
      <time>2026-04-13T11:58:43.163Z</time>
    </trkpt>
    <trkpt lat="40.619503" lon="14.515148">
      <ele>0</ele>
      <time>2026-04-13T11:58:44.261Z</time>
    </trkpt>
    <trkpt lat="40.619536" lon="14.515103">
      <ele>0</ele>
      <time>2026-04-13T11:58:45.358Z</time>
    </trkpt>
    <trkpt lat="40.619557" lon="14.515062">
      <ele>0</ele>
      <time>2026-04-13T11:58:46.456Z</time>
    </trkpt>
    <trkpt lat="40.619566" lon="14.515033">
      <ele>0</ele>
      <time>2026-04-13T11:58:47.554Z</time>
    </trkpt>
    <trkpt lat="40.619572" lon="14.515006">
      <ele>0</ele>
      <time>2026-04-13T11:58:48.652Z</time>
    </trkpt>
    <trkpt lat="40.619575" lon="14.514976">
      <ele>0</ele>
      <time>2026-04-13T11:58:49.750Z</time>
    </trkpt>
    <trkpt lat="40.619574" lon="14.514949">
      <ele>0</ele>
      <time>2026-04-13T11:58:50.848Z</time>
    </trkpt>
    <trkpt lat="40.619569" lon="14.514919">
      <ele>0</ele>
      <time>2026-04-13T11:58:51.946Z</time>
    </trkpt>
    <trkpt lat="40.619557" lon="14.514870">
      <ele>0</ele>
      <time>2026-04-13T11:58:53.044Z</time>
    </trkpt>
    <trkpt lat="40.619535" lon="14.514798">
      <ele>0</ele>
      <time>2026-04-13T11:58:54.142Z</time>
    </trkpt>
    <trkpt lat="40.619511" lon="14.514740">
      <ele>0</ele>
      <time>2026-04-13T11:58:55.240Z</time>
    </trkpt>
    <trkpt lat="40.619464" lon="14.514651">
      <ele>0</ele>
      <time>2026-04-13T11:58:56.338Z</time>
    </trkpt>
    <trkpt lat="40.619429" lon="14.514586">
      <ele>0</ele>
      <time>2026-04-13T11:58:57.435Z</time>
    </trkpt>
    <trkpt lat="40.619394" lon="14.514533">
      <ele>0</ele>
      <time>2026-04-13T11:58:58.533Z</time>
    </trkpt>
    <trkpt lat="40.619343" lon="14.514465">
      <ele>0</ele>
      <time>2026-04-13T11:58:59.631Z</time>
    </trkpt>
    <trkpt lat="40.619284" lon="14.514395">
      <ele>0</ele>
      <time>2026-04-13T11:59:00.729Z</time>
    </trkpt>
    <trkpt lat="40.619252" lon="14.514356">
      <ele>0</ele>
      <time>2026-04-13T11:59:01.827Z</time>
    </trkpt>
    <trkpt lat="40.619235" lon="14.514328">
      <ele>0</ele>
      <time>2026-04-13T11:59:02.925Z</time>
    </trkpt>
    <trkpt lat="40.619220" lon="14.514292">
      <ele>0</ele>
      <time>2026-04-13T11:59:04.023Z</time>
    </trkpt>
    <trkpt lat="40.619215" lon="14.514263">
      <ele>0</ele>
      <time>2026-04-13T11:59:05.121Z</time>
    </trkpt>
    <trkpt lat="40.619217" lon="14.514239">
      <ele>0</ele>
      <time>2026-04-13T11:59:06.219Z</time>
    </trkpt>
    <trkpt lat="40.619222" lon="14.514213">
      <ele>0</ele>
      <time>2026-04-13T11:59:07.317Z</time>
    </trkpt>
    <trkpt lat="40.619233" lon="14.514188">
      <ele>0</ele>
      <time>2026-04-13T11:59:08.415Z</time>
    </trkpt>
    <trkpt lat="40.619256" lon="14.514150">
      <ele>0</ele>
      <time>2026-04-13T11:59:09.513Z</time>
    </trkpt>
    <trkpt lat="40.619301" lon="14.514086">
      <ele>0</ele>
      <time>2026-04-13T11:59:10.610Z</time>
    </trkpt>
    <trkpt lat="40.619348" lon="14.514021">
      <ele>0</ele>
      <time>2026-04-13T11:59:11.708Z</time>
    </trkpt>
    <trkpt lat="40.619418" lon="14.513912">
      <ele>0</ele>
      <time>2026-04-13T11:59:12.806Z</time>
    </trkpt>
    <trkpt lat="40.619500" lon="14.513790">
      <ele>0</ele>
      <time>2026-04-13T11:59:13.904Z</time>
    </trkpt>
    <trkpt lat="40.619577" lon="14.513674">
      <ele>0</ele>
      <time>2026-04-13T11:59:15.002Z</time>
    </trkpt>
    <trkpt lat="40.619650" lon="14.513560">
      <ele>0</ele>
      <time>2026-04-13T11:59:16.100Z</time>
    </trkpt>
    <trkpt lat="40.619751" lon="14.513406">
      <ele>0</ele>
      <time>2026-04-13T11:59:17.198Z</time>
    </trkpt>
    <trkpt lat="40.619803" lon="14.513327">
      <ele>0</ele>
      <time>2026-04-13T11:59:18.296Z</time>
    </trkpt>
    <trkpt lat="40.619841" lon="14.513273">
      <ele>0</ele>
      <time>2026-04-13T11:59:19.394Z</time>
    </trkpt>
    <trkpt lat="40.619886" lon="14.513211">
      <ele>0</ele>
      <time>2026-04-13T11:59:20.492Z</time>
    </trkpt>
    <trkpt lat="40.619936" lon="14.513151">
      <ele>0</ele>
      <time>2026-04-13T11:59:21.590Z</time>
    </trkpt>
    <trkpt lat="40.619989" lon="14.513091">
      <ele>0</ele>
      <time>2026-04-13T11:59:22.688Z</time>
    </trkpt>
    <trkpt lat="40.620024" lon="14.513050">
      <ele>0</ele>
      <time>2026-04-13T11:59:23.785Z</time>
    </trkpt>
    <trkpt lat="40.620050" lon="14.513013">
      <ele>0</ele>
      <time>2026-04-13T11:59:24.883Z</time>
    </trkpt>
    <trkpt lat="40.620076" lon="14.512970">
      <ele>0</ele>
      <time>2026-04-13T11:59:25.981Z</time>
    </trkpt>
    <trkpt lat="40.620097" lon="14.512926">
      <ele>0</ele>
      <time>2026-04-13T11:59:27.079Z</time>
    </trkpt>
    <trkpt lat="40.620120" lon="14.512873">
      <ele>0</ele>
      <time>2026-04-13T11:59:28.177Z</time>
    </trkpt>
    <trkpt lat="40.620137" lon="14.512819">
      <ele>0</ele>
      <time>2026-04-13T11:59:29.275Z</time>
    </trkpt>
    <trkpt lat="40.620150" lon="14.512759">
      <ele>0</ele>
      <time>2026-04-13T11:59:30.373Z</time>
    </trkpt>
    <trkpt lat="40.620157" lon="14.512688">
      <ele>0</ele>
      <time>2026-04-13T11:59:31.471Z</time>
    </trkpt>
    <trkpt lat="40.620157" lon="14.512624">
      <ele>0</ele>
      <time>2026-04-13T11:59:32.569Z</time>
    </trkpt>
    <trkpt lat="40.620150" lon="14.512492">
      <ele>0</ele>
      <time>2026-04-13T11:59:33.667Z</time>
    </trkpt>
    <trkpt lat="40.620151" lon="14.512447">
      <ele>0</ele>
      <time>2026-04-13T11:59:34.765Z</time>
    </trkpt>
    <trkpt lat="40.620159" lon="14.512390">
      <ele>0</ele>
      <time>2026-04-13T11:59:35.862Z</time>
    </trkpt>
    <trkpt lat="40.620176" lon="14.512341">
      <ele>0</ele>
      <time>2026-04-13T11:59:36.960Z</time>
    </trkpt>
    <trkpt lat="40.620195" lon="14.512301">
      <ele>0</ele>
      <time>2026-04-13T11:59:38.058Z</time>
    </trkpt>
    <trkpt lat="40.620229" lon="14.512240">
      <ele>0</ele>
      <time>2026-04-13T11:59:39.156Z</time>
    </trkpt>
    <trkpt lat="40.620261" lon="14.512197">
      <ele>0</ele>
      <time>2026-04-13T11:59:40.254Z</time>
    </trkpt>
    <trkpt lat="40.620297" lon="14.512157">
      <ele>0</ele>
      <time>2026-04-13T11:59:41.352Z</time>
    </trkpt>
    <trkpt lat="40.620347" lon="14.512103">
      <ele>0</ele>
      <time>2026-04-13T11:59:42.450Z</time>
    </trkpt>
    <trkpt lat="40.620419" lon="14.512031">
      <ele>0</ele>
      <time>2026-04-13T11:59:43.548Z</time>
    </trkpt>
    <trkpt lat="40.620493" lon="14.511958">
      <ele>0</ele>
      <time>2026-04-13T11:59:44.646Z</time>
    </trkpt>
    <trkpt lat="40.620549" lon="14.511903">
      <ele>0</ele>
      <time>2026-04-13T11:59:45.744Z</time>
    </trkpt>
    <trkpt lat="40.620580" lon="14.511866">
      <ele>0</ele>
      <time>2026-04-13T11:59:46.842Z</time>
    </trkpt>
    <trkpt lat="40.620602" lon="14.511827">
      <ele>0</ele>
      <time>2026-04-13T11:59:47.940Z</time>
    </trkpt>
    <trkpt lat="40.620617" lon="14.511790">
      <ele>0</ele>
      <time>2026-04-13T11:59:49.037Z</time>
    </trkpt>
    <trkpt lat="40.620638" lon="14.511731">
      <ele>0</ele>
      <time>2026-04-13T11:59:50.135Z</time>
    </trkpt>
    <trkpt lat="40.620655" lon="14.511684">
      <ele>0</ele>
      <time>2026-04-13T11:59:51.233Z</time>
    </trkpt>
    <trkpt lat="40.620678" lon="14.511615">
      <ele>0</ele>
      <time>2026-04-13T11:59:52.331Z</time>
    </trkpt>
    <trkpt lat="40.620710" lon="14.511522">
      <ele>0</ele>
      <time>2026-04-13T11:59:53.429Z</time>
    </trkpt>
    <trkpt lat="40.620724" lon="14.511489">
      <ele>0</ele>
      <time>2026-04-13T11:59:54.527Z</time>
    </trkpt>
    <trkpt lat="40.620744" lon="14.511453">
      <ele>0</ele>
      <time>2026-04-13T11:59:55.625Z</time>
    </trkpt>
    <trkpt lat="40.620770" lon="14.511407">
      <ele>0</ele>
      <time>2026-04-13T11:59:56.723Z</time>
    </trkpt>
    <trkpt lat="40.620794" lon="14.511371">
      <ele>0</ele>
      <time>2026-04-13T11:59:57.821Z</time>
    </trkpt>
    <trkpt lat="40.620820" lon="14.511335">
      <ele>0</ele>
      <time>2026-04-13T11:59:58.919Z</time>
    </trkpt>
    <trkpt lat="40.620866" lon="14.511275">
      <ele>0</ele>
      <time>2026-04-13T12:00:00.017Z</time>
    </trkpt>
    <trkpt lat="40.620927" lon="14.511193">
      <ele>0</ele>
      <time>2026-04-13T12:00:01.114Z</time>
    </trkpt>
    <trkpt lat="40.621208" lon="14.510838">
      <ele>0</ele>
      <time>2026-04-13T12:00:02.212Z</time>
    </trkpt>
    <trkpt lat="40.621284" lon="14.510736">
      <ele>0</ele>
      <time>2026-04-13T12:00:03.310Z</time>
    </trkpt>
    <trkpt lat="40.621357" lon="14.510664">
      <ele>0</ele>
      <time>2026-04-13T12:00:04.408Z</time>
    </trkpt>
    <trkpt lat="40.621476" lon="14.510568">
      <ele>0</ele>
      <time>2026-04-13T12:00:05.506Z</time>
    </trkpt>
    <trkpt lat="40.621522" lon="14.510525">
      <ele>0</ele>
      <time>2026-04-13T12:00:06.604Z</time>
    </trkpt>
    <trkpt lat="40.621706" lon="14.510327">
      <ele>0</ele>
      <time>2026-04-13T12:00:07.702Z</time>
    </trkpt>
    <trkpt lat="40.621843" lon="14.510213">
      <ele>0</ele>
      <time>2026-04-13T12:00:08.800Z</time>
    </trkpt>
    <trkpt lat="40.621853" lon="14.510206">
      <ele>0</ele>
      <time>2026-04-13T12:00:09.898Z</time>
    </trkpt>
    <trkpt lat="40.621913" lon="14.510158">
      <ele>0</ele>
      <time>2026-04-13T12:00:10.996Z</time>
    </trkpt>
    <trkpt lat="40.622001" lon="14.510092">
      <ele>0</ele>
      <time>2026-04-13T12:00:12.094Z</time>
    </trkpt>
    <trkpt lat="40.622220" lon="14.509932">
      <ele>0</ele>
      <time>2026-04-13T12:00:13.192Z</time>
    </trkpt>
    <trkpt lat="40.622337" lon="14.509870">
      <ele>0</ele>
      <time>2026-04-13T12:00:14.289Z</time>
    </trkpt>
    <trkpt lat="40.622380" lon="14.509853">
      <ele>0</ele>
      <time>2026-04-13T12:00:15.387Z</time>
    </trkpt>
    <trkpt lat="40.622435" lon="14.509839">
      <ele>0</ele>
      <time>2026-04-13T12:00:16.485Z</time>
    </trkpt>
    <trkpt lat="40.622494" lon="14.509838">
      <ele>0</ele>
      <time>2026-04-13T12:00:17.583Z</time>
    </trkpt>
    <trkpt lat="40.622608" lon="14.509869">
      <ele>0</ele>
      <time>2026-04-13T12:00:18.681Z</time>
    </trkpt>
    <trkpt lat="40.622750" lon="14.509935">
      <ele>0</ele>
      <time>2026-04-13T12:00:19.779Z</time>
    </trkpt>
    <trkpt lat="40.622830" lon="14.509985">
      <ele>0</ele>
      <time>2026-04-13T12:00:20.877Z</time>
    </trkpt>
    <trkpt lat="40.622873" lon="14.510025">
      <ele>0</ele>
      <time>2026-04-13T12:00:21.975Z</time>
    </trkpt>
    <trkpt lat="40.622907" lon="14.510069">
      <ele>0</ele>
      <time>2026-04-13T12:00:23.073Z</time>
    </trkpt>
    <trkpt lat="40.622972" lon="14.510209">
      <ele>0</ele>
      <time>2026-04-13T12:00:24.171Z</time>
    </trkpt>
    <trkpt lat="40.623016" lon="14.510272">
      <ele>0</ele>
      <time>2026-04-13T12:00:25.269Z</time>
    </trkpt>
    <trkpt lat="40.623053" lon="14.510304">
      <ele>0</ele>
      <time>2026-04-13T12:00:26.367Z</time>
    </trkpt>
    <trkpt lat="40.623082" lon="14.510321">
      <ele>0</ele>
      <time>2026-04-13T12:00:27.464Z</time>
    </trkpt>
    <trkpt lat="40.623125" lon="14.510334">
      <ele>0</ele>
      <time>2026-04-13T12:00:28.562Z</time>
    </trkpt>
    <trkpt lat="40.623251" lon="14.510348">
      <ele>0</ele>
      <time>2026-04-13T12:00:29.660Z</time>
    </trkpt>
    <trkpt lat="40.623298" lon="14.510363">
      <ele>0</ele>
      <time>2026-04-13T12:00:30.758Z</time>
    </trkpt>
    <trkpt lat="40.623326" lon="14.510380">
      <ele>0</ele>
      <time>2026-04-13T12:00:31.856Z</time>
    </trkpt>
    <trkpt lat="40.623349" lon="14.510401">
      <ele>0</ele>
      <time>2026-04-13T12:00:32.954Z</time>
    </trkpt>
    <trkpt lat="40.623403" lon="14.510452">
      <ele>0</ele>
      <time>2026-04-13T12:00:34.052Z</time>
    </trkpt>
    <trkpt lat="40.623426" lon="14.510469">
      <ele>0</ele>
      <time>2026-04-13T12:00:35.150Z</time>
    </trkpt>
    <trkpt lat="40.623463" lon="14.510483">
      <ele>0</ele>
      <time>2026-04-13T12:00:36.248Z</time>
    </trkpt>
    <trkpt lat="40.623497" lon="14.510485">
      <ele>0</ele>
      <time>2026-04-13T12:00:37.346Z</time>
    </trkpt>
    <trkpt lat="40.623537" lon="14.510469">
      <ele>0</ele>
      <time>2026-04-13T12:00:38.444Z</time>
    </trkpt>
    <trkpt lat="40.623577" lon="14.510430">
      <ele>0</ele>
      <time>2026-04-13T12:00:39.541Z</time>
    </trkpt>
    <trkpt lat="40.623605" lon="14.510395">
      <ele>0</ele>
      <time>2026-04-13T12:00:40.639Z</time>
    </trkpt>
    <trkpt lat="40.623633" lon="14.510354">
      <ele>0</ele>
      <time>2026-04-13T12:00:41.737Z</time>
    </trkpt>
    <trkpt lat="40.623661" lon="14.510296">
      <ele>0</ele>
      <time>2026-04-13T12:00:42.835Z</time>
    </trkpt>
    <trkpt lat="40.623680" lon="14.510238">
      <ele>0</ele>
      <time>2026-04-13T12:00:43.933Z</time>
    </trkpt>
    <trkpt lat="40.623686" lon="14.510187">
      <ele>0</ele>
      <time>2026-04-13T12:00:45.031Z</time>
    </trkpt>
    <trkpt lat="40.623682" lon="14.510138">
      <ele>0</ele>
      <time>2026-04-13T12:00:46.129Z</time>
    </trkpt>
    <trkpt lat="40.623667" lon="14.510053">
      <ele>0</ele>
      <time>2026-04-13T12:00:47.227Z</time>
    </trkpt>
    <trkpt lat="40.623637" lon="14.509912">
      <ele>0</ele>
      <time>2026-04-13T12:00:48.325Z</time>
    </trkpt>
    <trkpt lat="40.623621" lon="14.509827">
      <ele>0</ele>
      <time>2026-04-13T12:00:49.423Z</time>
    </trkpt>
    <trkpt lat="40.623617" lon="14.509754">
      <ele>0</ele>
      <time>2026-04-13T12:00:50.521Z</time>
    </trkpt>
    <trkpt lat="40.623626" lon="14.509698">
      <ele>0</ele>
      <time>2026-04-13T12:00:51.619Z</time>
    </trkpt>
    <trkpt lat="40.623651" lon="14.509637">
      <ele>0</ele>
      <time>2026-04-13T12:00:52.716Z</time>
    </trkpt>
    <trkpt lat="40.623673" lon="14.509598">
      <ele>0</ele>
      <time>2026-04-13T12:00:53.814Z</time>
    </trkpt>
    <trkpt lat="40.623715" lon="14.509553">
      <ele>0</ele>
      <time>2026-04-13T12:00:54.912Z</time>
    </trkpt>
    <trkpt lat="40.623850" lon="14.509441">
      <ele>0</ele>
      <time>2026-04-13T12:00:56.010Z</time>
    </trkpt>
    <trkpt lat="40.623965" lon="14.509356">
      <ele>0</ele>
      <time>2026-04-13T12:00:57.108Z</time>
    </trkpt>
    <trkpt lat="40.624036" lon="14.509313">
      <ele>0</ele>
      <time>2026-04-13T12:00:58.206Z</time>
    </trkpt>
    <trkpt lat="40.624071" lon="14.509306">
      <ele>0</ele>
      <time>2026-04-13T12:00:59.304Z</time>
    </trkpt>
    <trkpt lat="40.624134" lon="14.509297">
      <ele>0</ele>
      <time>2026-04-13T12:01:00.402Z</time>
    </trkpt>
    <trkpt lat="40.624205" lon="14.509304">
      <ele>0</ele>
      <time>2026-04-13T12:01:01.500Z</time>
    </trkpt>
    <trkpt lat="40.624242" lon="14.509317">
      <ele>0</ele>
      <time>2026-04-13T12:01:02.598Z</time>
    </trkpt>
    <trkpt lat="40.624276" lon="14.509334">
      <ele>0</ele>
      <time>2026-04-13T12:01:03.696Z</time>
    </trkpt>
    <trkpt lat="40.624309" lon="14.509353">
      <ele>0</ele>
      <time>2026-04-13T12:01:04.794Z</time>
    </trkpt>
    <trkpt lat="40.624356" lon="14.509397">
      <ele>0</ele>
      <time>2026-04-13T12:01:05.891Z</time>
    </trkpt>
    <trkpt lat="40.624488" lon="14.509541">
      <ele>0</ele>
      <time>2026-04-13T12:01:06.989Z</time>
    </trkpt>
    <trkpt lat="40.624568" lon="14.509619">
      <ele>0</ele>
      <time>2026-04-13T12:01:08.087Z</time>
    </trkpt>
    <trkpt lat="40.624635" lon="14.509655">
      <ele>0</ele>
      <time>2026-04-13T12:01:09.185Z</time>
    </trkpt>
    <trkpt lat="40.624688" lon="14.509678">
      <ele>0</ele>
      <time>2026-04-13T12:01:10.283Z</time>
    </trkpt>
    <trkpt lat="40.624741" lon="14.509686">
      <ele>0</ele>
      <time>2026-04-13T12:01:11.381Z</time>
    </trkpt>
    <trkpt lat="40.624858" lon="14.509697">
      <ele>0</ele>
      <time>2026-04-13T12:01:12.479Z</time>
    </trkpt>
    <trkpt lat="40.625015" lon="14.509712">
      <ele>0</ele>
      <time>2026-04-13T12:01:13.577Z</time>
    </trkpt>
    <trkpt lat="40.625184" lon="14.509732">
      <ele>0</ele>
      <time>2026-04-13T12:01:14.675Z</time>
    </trkpt>
    <trkpt lat="40.625233" lon="14.509736">
      <ele>0</ele>
      <time>2026-04-13T12:01:15.773Z</time>
    </trkpt>
    <trkpt lat="40.625264" lon="14.509737">
      <ele>0</ele>
      <time>2026-04-13T12:01:16.871Z</time>
    </trkpt>
    <trkpt lat="40.625318" lon="14.509717">
      <ele>0</ele>
      <time>2026-04-13T12:01:17.968Z</time>
    </trkpt>
    <trkpt lat="40.625352" lon="14.509686">
      <ele>0</ele>
      <time>2026-04-13T12:01:19.066Z</time>
    </trkpt>
    <trkpt lat="40.625378" lon="14.509641">
      <ele>0</ele>
      <time>2026-04-13T12:01:20.164Z</time>
    </trkpt>
    <trkpt lat="40.625395" lon="14.509591">
      <ele>0</ele>
      <time>2026-04-13T12:01:21.262Z</time>
    </trkpt>
    <trkpt lat="40.625394" lon="14.509514">
      <ele>0</ele>
      <time>2026-04-13T12:01:22.360Z</time>
    </trkpt>
    <trkpt lat="40.625374" lon="14.509452">
      <ele>0</ele>
      <time>2026-04-13T12:01:23.458Z</time>
    </trkpt>
    <trkpt lat="40.625349" lon="14.509412">
      <ele>0</ele>
      <time>2026-04-13T12:01:24.556Z</time>
    </trkpt>
    <trkpt lat="40.625330" lon="14.509391">
      <ele>0</ele>
      <time>2026-04-13T12:01:25.654Z</time>
    </trkpt>
    <trkpt lat="40.625305" lon="14.509371">
      <ele>0</ele>
      <time>2026-04-13T12:01:26.752Z</time>
    </trkpt>
    <trkpt lat="40.625159" lon="14.509273">
      <ele>0</ele>
      <time>2026-04-13T12:01:27.850Z</time>
    </trkpt>
    <trkpt lat="40.625128" lon="14.509241">
      <ele>0</ele>
      <time>2026-04-13T12:01:28.948Z</time>
    </trkpt>
    <trkpt lat="40.625108" lon="14.509207">
      <ele>0</ele>
      <time>2026-04-13T12:01:30.046Z</time>
    </trkpt>
    <trkpt lat="40.625102" lon="14.509166">
      <ele>0</ele>
      <time>2026-04-13T12:01:31.143Z</time>
    </trkpt>
    <trkpt lat="40.625103" lon="14.509130">
      <ele>0</ele>
      <time>2026-04-13T12:01:32.241Z</time>
    </trkpt>
    <trkpt lat="40.625110" lon="14.509099">
      <ele>0</ele>
      <time>2026-04-13T12:01:33.339Z</time>
    </trkpt>
    <trkpt lat="40.625133" lon="14.509056">
      <ele>0</ele>
      <time>2026-04-13T12:01:34.437Z</time>
    </trkpt>
    <trkpt lat="40.625164" lon="14.509024">
      <ele>0</ele>
      <time>2026-04-13T12:01:35.535Z</time>
    </trkpt>
    <trkpt lat="40.625193" lon="14.509013">
      <ele>0</ele>
      <time>2026-04-13T12:01:36.633Z</time>
    </trkpt>
    <trkpt lat="40.625236" lon="14.509006">
      <ele>0</ele>
      <time>2026-04-13T12:01:37.731Z</time>
    </trkpt>
    <trkpt lat="40.625332" lon="14.508976">
      <ele>0</ele>
      <time>2026-04-13T12:01:38.829Z</time>
    </trkpt>
    <trkpt lat="40.625365" lon="14.508961">
      <ele>0</ele>
      <time>2026-04-13T12:01:39.927Z</time>
    </trkpt>
    <trkpt lat="40.625414" lon="14.508930">
      <ele>0</ele>
      <time>2026-04-13T12:01:41.025Z</time>
    </trkpt>
    <trkpt lat="40.625521" lon="14.508861">
      <ele>0</ele>
      <time>2026-04-13T12:01:42.123Z</time>
    </trkpt>
    <trkpt lat="40.625549" lon="14.508842">
      <ele>0</ele>
      <time>2026-04-13T12:01:43.220Z</time>
    </trkpt>
    <trkpt lat="40.625576" lon="14.508814">
      <ele>0</ele>
      <time>2026-04-13T12:01:44.318Z</time>
    </trkpt>
    <trkpt lat="40.625600" lon="14.508776">
      <ele>0</ele>
      <time>2026-04-13T12:01:45.416Z</time>
    </trkpt>
    <trkpt lat="40.625615" lon="14.508708">
      <ele>0</ele>
      <time>2026-04-13T12:01:46.514Z</time>
    </trkpt>
    <trkpt lat="40.625623" lon="14.508637">
      <ele>0</ele>
      <time>2026-04-13T12:01:47.612Z</time>
    </trkpt>
    <trkpt lat="40.625623" lon="14.508593">
      <ele>0</ele>
      <time>2026-04-13T12:01:48.710Z</time>
    </trkpt>
    <trkpt lat="40.625618" lon="14.508535">
      <ele>0</ele>
      <time>2026-04-13T12:01:49.808Z</time>
    </trkpt>
    <trkpt lat="40.625608" lon="14.508480">
      <ele>0</ele>
      <time>2026-04-13T12:01:50.906Z</time>
    </trkpt>
    <trkpt lat="40.625581" lon="14.508411">
      <ele>0</ele>
      <time>2026-04-13T12:01:52.004Z</time>
    </trkpt>
    <trkpt lat="40.625553" lon="14.508367">
      <ele>0</ele>
      <time>2026-04-13T12:01:53.102Z</time>
    </trkpt>
    <trkpt lat="40.625519" lon="14.508331">
      <ele>0</ele>
      <time>2026-04-13T12:01:54.200Z</time>
    </trkpt>
    <trkpt lat="40.625482" lon="14.508304">
      <ele>0</ele>
      <time>2026-04-13T12:01:55.298Z</time>
    </trkpt>
    <trkpt lat="40.625437" lon="14.508287">
      <ele>0</ele>
      <time>2026-04-13T12:01:56.395Z</time>
    </trkpt>
    <trkpt lat="40.625387" lon="14.508275">
      <ele>0</ele>
      <time>2026-04-13T12:01:57.493Z</time>
    </trkpt>
    <trkpt lat="40.625018" lon="14.508196">
      <ele>0</ele>
      <time>2026-04-13T12:01:58.591Z</time>
    </trkpt>
    <trkpt lat="40.624969" lon="14.508179">
      <ele>0</ele>
      <time>2026-04-13T12:01:59.689Z</time>
    </trkpt>
    <trkpt lat="40.624828" lon="14.508122">
      <ele>0</ele>
      <time>2026-04-13T12:02:00.787Z</time>
    </trkpt>
    <trkpt lat="40.624759" lon="14.508105">
      <ele>0</ele>
      <time>2026-04-13T12:02:01.885Z</time>
    </trkpt>
    <trkpt lat="40.624680" lon="14.508098">
      <ele>0</ele>
      <time>2026-04-13T12:02:02.983Z</time>
    </trkpt>
    <trkpt lat="40.624565" lon="14.508100">
      <ele>0</ele>
      <time>2026-04-13T12:02:04.081Z</time>
    </trkpt>
    <trkpt lat="40.624436" lon="14.508097">
      <ele>0</ele>
      <time>2026-04-13T12:02:05.179Z</time>
    </trkpt>
    <trkpt lat="40.624351" lon="14.508064">
      <ele>0</ele>
      <time>2026-04-13T12:02:06.277Z</time>
    </trkpt>
    <trkpt lat="40.624231" lon="14.508005">
      <ele>0</ele>
      <time>2026-04-13T12:02:07.375Z</time>
    </trkpt>
    <trkpt lat="40.624049" lon="14.507895">
      <ele>0</ele>
      <time>2026-04-13T12:02:08.473Z</time>
    </trkpt>
    <trkpt lat="40.623990" lon="14.507834">
      <ele>0</ele>
      <time>2026-04-13T12:02:09.570Z</time>
    </trkpt>
    <trkpt lat="40.623953" lon="14.507763">
      <ele>0</ele>
      <time>2026-04-13T12:02:10.668Z</time>
    </trkpt>
    <trkpt lat="40.623920" lon="14.507667">
      <ele>0</ele>
      <time>2026-04-13T12:02:11.766Z</time>
    </trkpt>
    <trkpt lat="40.623888" lon="14.507555">
      <ele>0</ele>
      <time>2026-04-13T12:02:12.864Z</time>
    </trkpt>
    <trkpt lat="40.623864" lon="14.507434">
      <ele>0</ele>
      <time>2026-04-13T12:02:13.962Z</time>
    </trkpt>
    <trkpt lat="40.623855" lon="14.507305">
      <ele>0</ele>
      <time>2026-04-13T12:02:15.060Z</time>
    </trkpt>
    <trkpt lat="40.623858" lon="14.507148">
      <ele>0</ele>
      <time>2026-04-13T12:02:16.158Z</time>
    </trkpt>
    <trkpt lat="40.623874" lon="14.506907">
      <ele>0</ele>
      <time>2026-04-13T12:02:17.256Z</time>
    </trkpt>
    <trkpt lat="40.623867" lon="14.506800">
      <ele>0</ele>
      <time>2026-04-13T12:02:18.354Z</time>
    </trkpt>
    <trkpt lat="40.623854" lon="14.506697">
      <ele>0</ele>
      <time>2026-04-13T12:02:19.452Z</time>
    </trkpt>
    <trkpt lat="40.623830" lon="14.506587">
      <ele>0</ele>
      <time>2026-04-13T12:02:20.550Z</time>
    </trkpt>
    <trkpt lat="40.623791" lon="14.506446">
      <ele>0</ele>
      <time>2026-04-13T12:02:21.647Z</time>
    </trkpt>
    <trkpt lat="40.623733" lon="14.506227">
      <ele>0</ele>
      <time>2026-04-13T12:02:22.745Z</time>
    </trkpt>
    <trkpt lat="40.623704" lon="14.506100">
      <ele>0</ele>
      <time>2026-04-13T12:02:23.843Z</time>
    </trkpt>
    <trkpt lat="40.623685" lon="14.505979">
      <ele>0</ele>
      <time>2026-04-13T12:02:24.941Z</time>
    </trkpt>
    <trkpt lat="40.623674" lon="14.505861">
      <ele>0</ele>
      <time>2026-04-13T12:02:26.039Z</time>
    </trkpt>
    <trkpt lat="40.623672" lon="14.505734">
      <ele>0</ele>
      <time>2026-04-13T12:02:27.137Z</time>
    </trkpt>
    <trkpt lat="40.623679" lon="14.505606">
      <ele>0</ele>
      <time>2026-04-13T12:02:28.235Z</time>
    </trkpt>
    <trkpt lat="40.623703" lon="14.505430">
      <ele>0</ele>
      <time>2026-04-13T12:02:29.333Z</time>
    </trkpt>
    <trkpt lat="40.623737" lon="14.505225">
      <ele>0</ele>
      <time>2026-04-13T12:02:30.431Z</time>
    </trkpt>
    <trkpt lat="40.623747" lon="14.505119">
      <ele>0</ele>
      <time>2026-04-13T12:02:31.529Z</time>
    </trkpt>
    <trkpt lat="40.623741" lon="14.505009">
      <ele>0</ele>
      <time>2026-04-13T12:02:32.627Z</time>
    </trkpt>
    <trkpt lat="40.623721" lon="14.504912">
      <ele>0</ele>
      <time>2026-04-13T12:02:33.725Z</time>
    </trkpt>
    <trkpt lat="40.623547" lon="14.504266">
      <ele>0</ele>
      <time>2026-04-13T12:02:34.822Z</time>
    </trkpt>
    <trkpt lat="40.623495" lon="14.504076">
      <ele>0</ele>
      <time>2026-04-13T12:02:35.920Z</time>
    </trkpt>
    <trkpt lat="40.623488" lon="14.503998">
      <ele>0</ele>
      <time>2026-04-13T12:02:37.018Z</time>
    </trkpt>
    <trkpt lat="40.623497" lon="14.503956">
      <ele>0</ele>
      <time>2026-04-13T12:02:38.116Z</time>
    </trkpt>
    <trkpt lat="40.623523" lon="14.503890">
      <ele>0</ele>
      <time>2026-04-13T12:02:39.214Z</time>
    </trkpt>
    <trkpt lat="40.623561" lon="14.503839">
      <ele>0</ele>
      <time>2026-04-13T12:02:40.312Z</time>
    </trkpt>
    <trkpt lat="40.623606" lon="14.503816">
      <ele>0</ele>
      <time>2026-04-13T12:02:41.410Z</time>
    </trkpt>
    <trkpt lat="40.623655" lon="14.503809">
      <ele>0</ele>
      <time>2026-04-13T12:02:42.508Z</time>
    </trkpt>
    <trkpt lat="40.623740" lon="14.503798">
      <ele>0</ele>
      <time>2026-04-13T12:02:43.606Z</time>
    </trkpt>
    <trkpt lat="40.623945" lon="14.503790">
      <ele>0</ele>
      <time>2026-04-13T12:02:44.704Z</time>
    </trkpt>
    <trkpt lat="40.624018" lon="14.503790">
      <ele>0</ele>
      <time>2026-04-13T12:02:45.802Z</time>
    </trkpt>
    <trkpt lat="40.624116" lon="14.503798">
      <ele>0</ele>
      <time>2026-04-13T12:02:46.900Z</time>
    </trkpt>
    <trkpt lat="40.624451" lon="14.503834">
      <ele>0</ele>
      <time>2026-04-13T12:02:47.997Z</time>
    </trkpt>
    <trkpt lat="40.624481" lon="14.503835">
      <ele>0</ele>
      <time>2026-04-13T12:02:49.095Z</time>
    </trkpt>
    <trkpt lat="40.624514" lon="14.503829">
      <ele>0</ele>
      <time>2026-04-13T12:02:50.193Z</time>
    </trkpt>
    <trkpt lat="40.624539" lon="14.503818">
      <ele>0</ele>
      <time>2026-04-13T12:02:51.291Z</time>
    </trkpt>
    <trkpt lat="40.624563" lon="14.503800">
      <ele>0</ele>
      <time>2026-04-13T12:02:52.389Z</time>
    </trkpt>
    <trkpt lat="40.624601" lon="14.503758">
      <ele>0</ele>
      <time>2026-04-13T12:02:53.487Z</time>
    </trkpt>
    <trkpt lat="40.624646" lon="14.503681">
      <ele>0</ele>
      <time>2026-04-13T12:02:54.585Z</time>
    </trkpt>
    <trkpt lat="40.624660" lon="14.503630">
      <ele>0</ele>
      <time>2026-04-13T12:02:55.683Z</time>
    </trkpt>
    <trkpt lat="40.624662" lon="14.503598">
      <ele>0</ele>
      <time>2026-04-13T12:02:56.781Z</time>
    </trkpt>
    <trkpt lat="40.624659" lon="14.503565">
      <ele>0</ele>
      <time>2026-04-13T12:02:57.879Z</time>
    </trkpt>
    <trkpt lat="40.624643" lon="14.503513">
      <ele>0</ele>
      <time>2026-04-13T12:02:58.977Z</time>
    </trkpt>
    <trkpt lat="40.624608" lon="14.503404">
      <ele>0</ele>
      <time>2026-04-13T12:03:00.074Z</time>
    </trkpt>
    <trkpt lat="40.624532" lon="14.503180">
      <ele>0</ele>
      <time>2026-04-13T12:03:01.172Z</time>
    </trkpt>
    <trkpt lat="40.624445" lon="14.502931">
      <ele>0</ele>
      <time>2026-04-13T12:03:02.270Z</time>
    </trkpt>
    <trkpt lat="40.624304" lon="14.502537">
      <ele>0</ele>
      <time>2026-04-13T12:03:03.368Z</time>
    </trkpt>
    <trkpt lat="40.624272" lon="14.502476">
      <ele>0</ele>
      <time>2026-04-13T12:03:04.466Z</time>
    </trkpt>
    <trkpt lat="40.624217" lon="14.502397">
      <ele>0</ele>
      <time>2026-04-13T12:03:05.564Z</time>
    </trkpt>
    <trkpt lat="40.624156" lon="14.502343">
      <ele>0</ele>
      <time>2026-04-13T12:03:06.662Z</time>
    </trkpt>
    <trkpt lat="40.624080" lon="14.502296">
      <ele>0</ele>
      <time>2026-04-13T12:03:07.760Z</time>
    </trkpt>
    <trkpt lat="40.624027" lon="14.502271">
      <ele>0</ele>
      <time>2026-04-13T12:03:08.858Z</time>
    </trkpt>
    <trkpt lat="40.623960" lon="14.502231">
      <ele>0</ele>
      <time>2026-04-13T12:03:09.956Z</time>
    </trkpt>
    <trkpt lat="40.623926" lon="14.502195">
      <ele>0</ele>
      <time>2026-04-13T12:03:11.054Z</time>
    </trkpt>
    <trkpt lat="40.623907" lon="14.502148">
      <ele>0</ele>
      <time>2026-04-13T12:03:12.152Z</time>
    </trkpt>
    <trkpt lat="40.623898" lon="14.502101">
      <ele>0</ele>
      <time>2026-04-13T12:03:13.249Z</time>
    </trkpt>
    <trkpt lat="40.623908" lon="14.502039">
      <ele>0</ele>
      <time>2026-04-13T12:03:14.347Z</time>
    </trkpt>
    <trkpt lat="40.623939" lon="14.501970">
      <ele>0</ele>
      <time>2026-04-13T12:03:15.445Z</time>
    </trkpt>
    <trkpt lat="40.623977" lon="14.501908">
      <ele>0</ele>
      <time>2026-04-13T12:03:16.543Z</time>
    </trkpt>
    <trkpt lat="40.624044" lon="14.501794">
      <ele>0</ele>
      <time>2026-04-13T12:03:17.641Z</time>
    </trkpt>
    <trkpt lat="40.624104" lon="14.501701">
      <ele>0</ele>
      <time>2026-04-13T12:03:18.739Z</time>
    </trkpt>
    <trkpt lat="40.624162" lon="14.501622">
      <ele>0</ele>
      <time>2026-04-13T12:03:19.837Z</time>
    </trkpt>
    <trkpt lat="40.624222" lon="14.501559">
      <ele>0</ele>
      <time>2026-04-13T12:03:20.935Z</time>
    </trkpt>
    <trkpt lat="40.624401" lon="14.501374">
      <ele>0</ele>
      <time>2026-04-13T12:03:22.033Z</time>
    </trkpt>
    <trkpt lat="40.624536" lon="14.501217">
      <ele>0</ele>
      <time>2026-04-13T12:03:23.131Z</time>
    </trkpt>
    <trkpt lat="40.624599" lon="14.501122">
      <ele>0</ele>
      <time>2026-04-13T12:03:24.229Z</time>
    </trkpt>
    <trkpt lat="40.624632" lon="14.501053">
      <ele>0</ele>
      <time>2026-04-13T12:03:25.326Z</time>
    </trkpt>
    <trkpt lat="40.624734" lon="14.500771">
      <ele>0</ele>
      <time>2026-04-13T12:03:26.424Z</time>
    </trkpt>
    <trkpt lat="40.624836" lon="14.500489">
      <ele>0</ele>
      <time>2026-04-13T12:03:27.522Z</time>
    </trkpt>
    <trkpt lat="40.624913" lon="14.500316">
      <ele>0</ele>
      <time>2026-04-13T12:03:28.620Z</time>
    </trkpt>
    <trkpt lat="40.625045" lon="14.500087">
      <ele>0</ele>
      <time>2026-04-13T12:03:29.718Z</time>
    </trkpt>
    <trkpt lat="40.625116" lon="14.499975">
      <ele>0</ele>
      <time>2026-04-13T12:03:30.816Z</time>
    </trkpt>
    <trkpt lat="40.625187" lon="14.499863">
      <ele>0</ele>
      <time>2026-04-13T12:03:31.914Z</time>
    </trkpt>
    <trkpt lat="40.625228" lon="14.499796">
      <ele>0</ele>
      <time>2026-04-13T12:03:33.012Z</time>
    </trkpt>
    <trkpt lat="40.625285" lon="14.499679">
      <ele>0</ele>
      <time>2026-04-13T12:03:34.110Z</time>
    </trkpt>
    <trkpt lat="40.625305" lon="14.499631">
      <ele>0</ele>
      <time>2026-04-13T12:03:35.208Z</time>
    </trkpt>
    <trkpt lat="40.625345" lon="14.499518">
      <ele>0</ele>
      <time>2026-04-13T12:03:36.306Z</time>
    </trkpt>
    <trkpt lat="40.625385" lon="14.499434">
      <ele>0</ele>
      <time>2026-04-13T12:03:37.404Z</time>
    </trkpt>
    <trkpt lat="40.625458" lon="14.499301">
      <ele>0</ele>
      <time>2026-04-13T12:03:38.501Z</time>
    </trkpt>
    <trkpt lat="40.625503" lon="14.499227">
      <ele>0</ele>
      <time>2026-04-13T12:03:39.599Z</time>
    </trkpt>
    <trkpt lat="40.625552" lon="14.499154">
      <ele>0</ele>
      <time>2026-04-13T12:03:40.697Z</time>
    </trkpt>
    <trkpt lat="40.625612" lon="14.499091">
      <ele>0</ele>
      <time>2026-04-13T12:03:41.795Z</time>
    </trkpt>
    <trkpt lat="40.625661" lon="14.499050">
      <ele>0</ele>
      <time>2026-04-13T12:03:42.893Z</time>
    </trkpt>
    <trkpt lat="40.625706" lon="14.499017">
      <ele>0</ele>
      <time>2026-04-13T12:03:43.991Z</time>
    </trkpt>
    <trkpt lat="40.625762" lon="14.498992">
      <ele>0</ele>
      <time>2026-04-13T12:03:45.089Z</time>
    </trkpt>
    <trkpt lat="40.625803" lon="14.498979">
      <ele>0</ele>
      <time>2026-04-13T12:03:46.187Z</time>
    </trkpt>
    <trkpt lat="40.625859" lon="14.498963">
      <ele>0</ele>
      <time>2026-04-13T12:03:47.285Z</time>
    </trkpt>
    <trkpt lat="40.625916" lon="14.498947">
      <ele>0</ele>
      <time>2026-04-13T12:03:48.383Z</time>
    </trkpt>
    <trkpt lat="40.625975" lon="14.498931">
      <ele>0</ele>
      <time>2026-04-13T12:03:49.481Z</time>
    </trkpt>
    <trkpt lat="40.626013" lon="14.498917">
      <ele>0</ele>
      <time>2026-04-13T12:03:50.579Z</time>
    </trkpt>
    <trkpt lat="40.626045" lon="14.498898">
      <ele>0</ele>
      <time>2026-04-13T12:03:51.676Z</time>
    </trkpt>
    <trkpt lat="40.626083" lon="14.498862">
      <ele>0</ele>
      <time>2026-04-13T12:03:52.774Z</time>
    </trkpt>
    <trkpt lat="40.626111" lon="14.498829">
      <ele>0</ele>
      <time>2026-04-13T12:03:53.872Z</time>
    </trkpt>
    <trkpt lat="40.626133" lon="14.498793">
      <ele>0</ele>
      <time>2026-04-13T12:03:54.970Z</time>
    </trkpt>
    <trkpt lat="40.626148" lon="14.498753">
      <ele>0</ele>
      <time>2026-04-13T12:03:56.068Z</time>
    </trkpt>
    <trkpt lat="40.626159" lon="14.498706">
      <ele>0</ele>
      <time>2026-04-13T12:03:57.166Z</time>
    </trkpt>
    <trkpt lat="40.626165" lon="14.498650">
      <ele>0</ele>
      <time>2026-04-13T12:03:58.264Z</time>
    </trkpt>
    <trkpt lat="40.626160" lon="14.498599">
      <ele>0</ele>
      <time>2026-04-13T12:03:59.362Z</time>
    </trkpt>
    <trkpt lat="40.626153" lon="14.498542">
      <ele>0</ele>
      <time>2026-04-13T12:04:00.460Z</time>
    </trkpt>
    <trkpt lat="40.626119" lon="14.498367">
      <ele>0</ele>
      <time>2026-04-13T12:04:01.558Z</time>
    </trkpt>
    <trkpt lat="40.626107" lon="14.498302">
      <ele>0</ele>
      <time>2026-04-13T12:04:02.656Z</time>
    </trkpt>
    <trkpt lat="40.626100" lon="14.498212">
      <ele>0</ele>
      <time>2026-04-13T12:04:03.753Z</time>
    </trkpt>
    <trkpt lat="40.626106" lon="14.498117">
      <ele>0</ele>
      <time>2026-04-13T12:04:04.851Z</time>
    </trkpt>
    <trkpt lat="40.626126" lon="14.498024">
      <ele>0</ele>
      <time>2026-04-13T12:04:05.949Z</time>
    </trkpt>
    <trkpt lat="40.626172" lon="14.497890">
      <ele>0</ele>
      <time>2026-04-13T12:04:07.047Z</time>
    </trkpt>
    <trkpt lat="40.626240" lon="14.497721">
      <ele>0</ele>
      <time>2026-04-13T12:04:08.145Z</time>
    </trkpt>
    <trkpt lat="40.626288" lon="14.497609">
      <ele>0</ele>
      <time>2026-04-13T12:04:09.243Z</time>
    </trkpt>
    <trkpt lat="40.626322" lon="14.497538">
      <ele>0</ele>
      <time>2026-04-13T12:04:10.341Z</time>
    </trkpt>
    <trkpt lat="40.626353" lon="14.497495">
      <ele>0</ele>
      <time>2026-04-13T12:04:11.439Z</time>
    </trkpt>
    <trkpt lat="40.626389" lon="14.497453">
      <ele>0</ele>
      <time>2026-04-13T12:04:12.537Z</time>
    </trkpt>
    <trkpt lat="40.626430" lon="14.497407">
      <ele>0</ele>
      <time>2026-04-13T12:04:13.635Z</time>
    </trkpt>
    <trkpt lat="40.626528" lon="14.497313">
      <ele>0</ele>
      <time>2026-04-13T12:04:14.733Z</time>
    </trkpt>
    <trkpt lat="40.626595" lon="14.497249">
      <ele>0</ele>
      <time>2026-04-13T12:04:15.831Z</time>
    </trkpt>
    <trkpt lat="40.626666" lon="14.497193">
      <ele>0</ele>
      <time>2026-04-13T12:04:16.928Z</time>
    </trkpt>
    <trkpt lat="40.626717" lon="14.497149">
      <ele>0</ele>
      <time>2026-04-13T12:04:18.026Z</time>
    </trkpt>
    <trkpt lat="40.626755" lon="14.497122">
      <ele>0</ele>
      <time>2026-04-13T12:04:19.124Z</time>
    </trkpt>
    <trkpt lat="40.626807" lon="14.497092">
      <ele>0</ele>
      <time>2026-04-13T12:04:20.222Z</time>
    </trkpt>
    <trkpt lat="40.626836" lon="14.497083">
      <ele>0</ele>
      <time>2026-04-13T12:04:21.320Z</time>
    </trkpt>
    <trkpt lat="40.627102" lon="14.496984">
      <ele>0</ele>
      <time>2026-04-13T12:04:22.418Z</time>
    </trkpt>
    <trkpt lat="40.627293" lon="14.496942">
      <ele>0</ele>
      <time>2026-04-13T12:04:23.516Z</time>
    </trkpt>
    <trkpt lat="40.627458" lon="14.496931">
      <ele>0</ele>
      <time>2026-04-13T12:04:24.614Z</time>
    </trkpt>
    <trkpt lat="40.627609" lon="14.496926">
      <ele>0</ele>
      <time>2026-04-13T12:04:25.712Z</time>
    </trkpt>
    <trkpt lat="40.627666" lon="14.496931">
      <ele>0</ele>
      <time>2026-04-13T12:04:26.810Z</time>
    </trkpt>
    <trkpt lat="40.627706" lon="14.496955">
      <ele>0</ele>
      <time>2026-04-13T12:04:27.908Z</time>
    </trkpt>
    <trkpt lat="40.627738" lon="14.496982">
      <ele>0</ele>
      <time>2026-04-13T12:04:29.006Z</time>
    </trkpt>
    <trkpt lat="40.627765" lon="14.497013">
      <ele>0</ele>
      <time>2026-04-13T12:04:30.103Z</time>
    </trkpt>
    <trkpt lat="40.627809" lon="14.497074">
      <ele>0</ele>
      <time>2026-04-13T12:04:31.201Z</time>
    </trkpt>
    <trkpt lat="40.627853" lon="14.497131">
      <ele>0</ele>
      <time>2026-04-13T12:04:32.299Z</time>
    </trkpt>
    <trkpt lat="40.627896" lon="14.497172">
      <ele>0</ele>
      <time>2026-04-13T12:04:33.397Z</time>
    </trkpt>
    <trkpt lat="40.627938" lon="14.497200">
      <ele>0</ele>
      <time>2026-04-13T12:04:34.495Z</time>
    </trkpt>
    <trkpt lat="40.627979" lon="14.497199">
      <ele>0</ele>
      <time>2026-04-13T12:04:35.593Z</time>
    </trkpt>
    <trkpt lat="40.628003" lon="14.497185">
      <ele>0</ele>
      <time>2026-04-13T12:04:36.691Z</time>
    </trkpt>
    <trkpt lat="40.628027" lon="14.497164">
      <ele>0</ele>
      <time>2026-04-13T12:04:37.789Z</time>
    </trkpt>
    <trkpt lat="40.628074" lon="14.497106">
      <ele>0</ele>
      <time>2026-04-13T12:04:38.887Z</time>
    </trkpt>
    <trkpt lat="40.628114" lon="14.497039">
      <ele>0</ele>
      <time>2026-04-13T12:04:39.985Z</time>
    </trkpt>
    <trkpt lat="40.628137" lon="14.496965">
      <ele>0</ele>
      <time>2026-04-13T12:04:41.083Z</time>
    </trkpt>
    <trkpt lat="40.628143" lon="14.496913">
      <ele>0</ele>
      <time>2026-04-13T12:04:42.180Z</time>
    </trkpt>
    <trkpt lat="40.628141" lon="14.496881">
      <ele>0</ele>
      <time>2026-04-13T12:04:43.278Z</time>
    </trkpt>
    <trkpt lat="40.628135" lon="14.496850">
      <ele>0</ele>
      <time>2026-04-13T12:04:44.376Z</time>
    </trkpt>
    <trkpt lat="40.628130" lon="14.496819">
      <ele>0</ele>
      <time>2026-04-13T12:04:45.474Z</time>
    </trkpt>
    <trkpt lat="40.628123" lon="14.496788">
      <ele>0</ele>
      <time>2026-04-13T12:04:46.572Z</time>
    </trkpt>
    <trkpt lat="40.628104" lon="14.496704">
      <ele>0</ele>
      <time>2026-04-13T12:04:47.670Z</time>
    </trkpt>
    <trkpt lat="40.628088" lon="14.496660">
      <ele>0</ele>
      <time>2026-04-13T12:04:48.768Z</time>
    </trkpt>
    <trkpt lat="40.628071" lon="14.496627">
      <ele>0</ele>
      <time>2026-04-13T12:04:49.866Z</time>
    </trkpt>
    <trkpt lat="40.628052" lon="14.496594">
      <ele>0</ele>
      <time>2026-04-13T12:04:50.964Z</time>
    </trkpt>
    <trkpt lat="40.628027" lon="14.496569">
      <ele>0</ele>
      <time>2026-04-13T12:04:52.062Z</time>
    </trkpt>
    <trkpt lat="40.627958" lon="14.496530">
      <ele>0</ele>
      <time>2026-04-13T12:04:53.160Z</time>
    </trkpt>
    <trkpt lat="40.627890" lon="14.496504">
      <ele>0</ele>
      <time>2026-04-13T12:04:54.258Z</time>
    </trkpt>
    <trkpt lat="40.627847" lon="14.496489">
      <ele>0</ele>
      <time>2026-04-13T12:04:55.355Z</time>
    </trkpt>
    <trkpt lat="40.627805" lon="14.496467">
      <ele>0</ele>
      <time>2026-04-13T12:04:56.453Z</time>
    </trkpt>
    <trkpt lat="40.627761" lon="14.496440">
      <ele>0</ele>
      <time>2026-04-13T12:04:57.551Z</time>
    </trkpt>
    <trkpt lat="40.627706" lon="14.496400">
      <ele>0</ele>
      <time>2026-04-13T12:04:58.649Z</time>
    </trkpt>
    <trkpt lat="40.627591" lon="14.496301">
      <ele>0</ele>
      <time>2026-04-13T12:04:59.747Z</time>
    </trkpt>
    <trkpt lat="40.627546" lon="14.496252">
      <ele>0</ele>
      <time>2026-04-13T12:05:00.845Z</time>
    </trkpt>
    <trkpt lat="40.627528" lon="14.496223">
      <ele>0</ele>
      <time>2026-04-13T12:05:01.943Z</time>
    </trkpt>
    <trkpt lat="40.627510" lon="14.496177">
      <ele>0</ele>
      <time>2026-04-13T12:05:03.041Z</time>
    </trkpt>
    <trkpt lat="40.627502" lon="14.496131">
      <ele>0</ele>
      <time>2026-04-13T12:05:04.139Z</time>
    </trkpt>
    <trkpt lat="40.627496" lon="14.496051">
      <ele>0</ele>
      <time>2026-04-13T12:05:05.237Z</time>
    </trkpt>
    <trkpt lat="40.627502" lon="14.495902">
      <ele>0</ele>
      <time>2026-04-13T12:05:06.335Z</time>
    </trkpt>
    <trkpt lat="40.627507" lon="14.495597">
      <ele>0</ele>
      <time>2026-04-13T12:05:07.433Z</time>
    </trkpt>
    <trkpt lat="40.627513" lon="14.495463">
      <ele>0</ele>
      <time>2026-04-13T12:05:08.530Z</time>
    </trkpt>
    <trkpt lat="40.627522" lon="14.495343">
      <ele>0</ele>
      <time>2026-04-13T12:05:09.628Z</time>
    </trkpt>
    <trkpt lat="40.627575" lon="14.495083">
      <ele>0</ele>
      <time>2026-04-13T12:05:10.726Z</time>
    </trkpt>
    <trkpt lat="40.627599" lon="14.495007">
      <ele>0</ele>
      <time>2026-04-13T12:05:11.824Z</time>
    </trkpt>
    <trkpt lat="40.627625" lon="14.494943">
      <ele>0</ele>
      <time>2026-04-13T12:05:12.922Z</time>
    </trkpt>
    <trkpt lat="40.627640" lon="14.494917">
      <ele>0</ele>
      <time>2026-04-13T12:05:14.020Z</time>
    </trkpt>
    <trkpt lat="40.627659" lon="14.494896">
      <ele>0</ele>
      <time>2026-04-13T12:05:15.118Z</time>
    </trkpt>
    <trkpt lat="40.627681" lon="14.494876">
      <ele>0</ele>
      <time>2026-04-13T12:05:16.216Z</time>
    </trkpt>
    <trkpt lat="40.627703" lon="14.494863">
      <ele>0</ele>
      <time>2026-04-13T12:05:17.314Z</time>
    </trkpt>
    <trkpt lat="40.627753" lon="14.494855">
      <ele>0</ele>
      <time>2026-04-13T12:05:18.412Z</time>
    </trkpt>
    <trkpt lat="40.627799" lon="14.494857">
      <ele>0</ele>
      <time>2026-04-13T12:05:19.510Z</time>
    </trkpt>
    <trkpt lat="40.627843" lon="14.494862">
      <ele>0</ele>
      <time>2026-04-13T12:05:20.607Z</time>
    </trkpt>
    <trkpt lat="40.627888" lon="14.494861">
      <ele>0</ele>
      <time>2026-04-13T12:05:21.705Z</time>
    </trkpt>
    <trkpt lat="40.627953" lon="14.494840">
      <ele>0</ele>
      <time>2026-04-13T12:05:22.803Z</time>
    </trkpt>
    <trkpt lat="40.628009" lon="14.494806">
      <ele>0</ele>
      <time>2026-04-13T12:05:23.901Z</time>
    </trkpt>
    <trkpt lat="40.628075" lon="14.494764">
      <ele>0</ele>
      <time>2026-04-13T12:05:24.999Z</time>
    </trkpt>
    <trkpt lat="40.628108" lon="14.494731">
      <ele>0</ele>
      <time>2026-04-13T12:05:26.097Z</time>
    </trkpt>
    <trkpt lat="40.628143" lon="14.494682">
      <ele>0</ele>
      <time>2026-04-13T12:05:27.195Z</time>
    </trkpt>
    <trkpt lat="40.628169" lon="14.494631">
      <ele>0</ele>
      <time>2026-04-13T12:05:28.293Z</time>
    </trkpt>
    <trkpt lat="40.628184" lon="14.494584">
      <ele>0</ele>
      <time>2026-04-13T12:05:29.391Z</time>
    </trkpt>
    <trkpt lat="40.628194" lon="14.494516">
      <ele>0</ele>
      <time>2026-04-13T12:05:30.489Z</time>
    </trkpt>
    <trkpt lat="40.628195" lon="14.494458">
      <ele>0</ele>
      <time>2026-04-13T12:05:31.587Z</time>
    </trkpt>
    <trkpt lat="40.628191" lon="14.494406">
      <ele>0</ele>
      <time>2026-04-13T12:05:32.685Z</time>
    </trkpt>
    <trkpt lat="40.628187" lon="14.494374">
      <ele>0</ele>
      <time>2026-04-13T12:05:33.782Z</time>
    </trkpt>
    <trkpt lat="40.628177" lon="14.494346">
      <ele>0</ele>
      <time>2026-04-13T12:05:34.880Z</time>
    </trkpt>
    <trkpt lat="40.628158" lon="14.494309">
      <ele>0</ele>
      <time>2026-04-13T12:05:35.978Z</time>
    </trkpt>
    <trkpt lat="40.628141" lon="14.494288">
      <ele>0</ele>
      <time>2026-04-13T12:05:37.076Z</time>
    </trkpt>
    <trkpt lat="40.628103" lon="14.494258">
      <ele>0</ele>
      <time>2026-04-13T12:05:38.174Z</time>
    </trkpt>
    <trkpt lat="40.628062" lon="14.494235">
      <ele>0</ele>
      <time>2026-04-13T12:05:39.272Z</time>
    </trkpt>
    <trkpt lat="40.627952" lon="14.494189">
      <ele>0</ele>
      <time>2026-04-13T12:05:40.370Z</time>
    </trkpt>
    <trkpt lat="40.627821" lon="14.494118">
      <ele>0</ele>
      <time>2026-04-13T12:05:41.468Z</time>
    </trkpt>
    <trkpt lat="40.627799" lon="14.494102">
      <ele>0</ele>
      <time>2026-04-13T12:05:42.566Z</time>
    </trkpt>
    <trkpt lat="40.627783" lon="14.494085">
      <ele>0</ele>
      <time>2026-04-13T12:05:43.664Z</time>
    </trkpt>
    <trkpt lat="40.627768" lon="14.494067">
      <ele>0</ele>
      <time>2026-04-13T12:05:44.762Z</time>
    </trkpt>
    <trkpt lat="40.627752" lon="14.494041">
      <ele>0</ele>
      <time>2026-04-13T12:05:45.859Z</time>
    </trkpt>
    <trkpt lat="40.627739" lon="14.494011">
      <ele>0</ele>
      <time>2026-04-13T12:05:46.957Z</time>
    </trkpt>
    <trkpt lat="40.627730" lon="14.493966">
      <ele>0</ele>
      <time>2026-04-13T12:05:48.055Z</time>
    </trkpt>
    <trkpt lat="40.627719" lon="14.493872">
      <ele>0</ele>
      <time>2026-04-13T12:05:49.153Z</time>
    </trkpt>
    <trkpt lat="40.627715" lon="14.493762">
      <ele>0</ele>
      <time>2026-04-13T12:05:50.251Z</time>
    </trkpt>
    <trkpt lat="40.627718" lon="14.493676">
      <ele>0</ele>
      <time>2026-04-13T12:05:51.349Z</time>
    </trkpt>
    <trkpt lat="40.627726" lon="14.493588">
      <ele>0</ele>
      <time>2026-04-13T12:05:52.447Z</time>
    </trkpt>
    <trkpt lat="40.627752" lon="14.493477">
      <ele>0</ele>
      <time>2026-04-13T12:05:53.545Z</time>
    </trkpt>
    <trkpt lat="40.627824" lon="14.493240">
      <ele>0</ele>
      <time>2026-04-13T12:05:54.643Z</time>
    </trkpt>
    <trkpt lat="40.627877" lon="14.493065">
      <ele>0</ele>
      <time>2026-04-13T12:05:55.741Z</time>
    </trkpt>
    <trkpt lat="40.627905" lon="14.492974">
      <ele>0</ele>
      <time>2026-04-13T12:05:56.839Z</time>
    </trkpt>
    <trkpt lat="40.627931" lon="14.492875">
      <ele>0</ele>
      <time>2026-04-13T12:05:57.937Z</time>
    </trkpt>
    <trkpt lat="40.627958" lon="14.492781">
      <ele>0</ele>
      <time>2026-04-13T12:05:59.034Z</time>
    </trkpt>
    <trkpt lat="40.627982" lon="14.492716">
      <ele>0</ele>
      <time>2026-04-13T12:06:00.132Z</time>
    </trkpt>
    <trkpt lat="40.628004" lon="14.492661">
      <ele>0</ele>
      <time>2026-04-13T12:06:01.230Z</time>
    </trkpt>
    <trkpt lat="40.628034" lon="14.492602">
      <ele>0</ele>
      <time>2026-04-13T12:06:02.328Z</time>
    </trkpt>
    <trkpt lat="40.628079" lon="14.492540">
      <ele>0</ele>
      <time>2026-04-13T12:06:03.426Z</time>
    </trkpt>
    <trkpt lat="40.628112" lon="14.492496">
      <ele>0</ele>
      <time>2026-04-13T12:06:04.524Z</time>
    </trkpt>
    <trkpt lat="40.628137" lon="14.492463">
      <ele>0</ele>
      <time>2026-04-13T12:06:05.622Z</time>
    </trkpt>
    <trkpt lat="40.628162" lon="14.492420">
      <ele>0</ele>
      <time>2026-04-13T12:06:06.720Z</time>
    </trkpt>
    <trkpt lat="40.628183" lon="14.492385">
      <ele>0</ele>
      <time>2026-04-13T12:06:07.818Z</time>
    </trkpt>
    <trkpt lat="40.628202" lon="14.492344">
      <ele>0</ele>
      <time>2026-04-13T12:06:08.916Z</time>
    </trkpt>
    <trkpt lat="40.628214" lon="14.492294">
      <ele>0</ele>
      <time>2026-04-13T12:06:10.014Z</time>
    </trkpt>
    <trkpt lat="40.628216" lon="14.492229">
      <ele>0</ele>
      <time>2026-04-13T12:06:11.112Z</time>
    </trkpt>
    <trkpt lat="40.628214" lon="14.492174">
      <ele>0</ele>
      <time>2026-04-13T12:06:12.209Z</time>
    </trkpt>
    <trkpt lat="40.628202" lon="14.492114">
      <ele>0</ele>
      <time>2026-04-13T12:06:13.307Z</time>
    </trkpt>
    <trkpt lat="40.628183" lon="14.492060">
      <ele>0</ele>
      <time>2026-04-13T12:06:14.405Z</time>
    </trkpt>
    <trkpt lat="40.628159" lon="14.492017">
      <ele>0</ele>
      <time>2026-04-13T12:06:15.503Z</time>
    </trkpt>
    <trkpt lat="40.628137" lon="14.491984">
      <ele>0</ele>
      <time>2026-04-13T12:06:16.601Z</time>
    </trkpt>
    <trkpt lat="40.628112" lon="14.491960">
      <ele>0</ele>
      <time>2026-04-13T12:06:17.699Z</time>
    </trkpt>
    <trkpt lat="40.628086" lon="14.491942">
      <ele>0</ele>
      <time>2026-04-13T12:06:18.797Z</time>
    </trkpt>
    <trkpt lat="40.628060" lon="14.491933">
      <ele>0</ele>
      <time>2026-04-13T12:06:19.895Z</time>
    </trkpt>
    <trkpt lat="40.627963" lon="14.491899">
      <ele>0</ele>
      <time>2026-04-13T12:06:20.993Z</time>
    </trkpt>
    <trkpt lat="40.627929" lon="14.491881">
      <ele>0</ele>
      <time>2026-04-13T12:06:22.091Z</time>
    </trkpt>
    <trkpt lat="40.627913" lon="14.491869">
      <ele>0</ele>
      <time>2026-04-13T12:06:23.189Z</time>
    </trkpt>
    <trkpt lat="40.627880" lon="14.491840">
      <ele>0</ele>
      <time>2026-04-13T12:06:24.286Z</time>
    </trkpt>
    <trkpt lat="40.627723" lon="14.491684">
      <ele>0</ele>
      <time>2026-04-13T12:06:25.384Z</time>
    </trkpt>
    <trkpt lat="40.627641" lon="14.491605">
      <ele>0</ele>
      <time>2026-04-13T12:06:26.482Z</time>
    </trkpt>
    <trkpt lat="40.627622" lon="14.491584">
      <ele>0</ele>
      <time>2026-04-13T12:06:27.580Z</time>
    </trkpt>
    <trkpt lat="40.627606" lon="14.491555">
      <ele>0</ele>
      <time>2026-04-13T12:06:28.678Z</time>
    </trkpt>
    <trkpt lat="40.627596" lon="14.491527">
      <ele>0</ele>
      <time>2026-04-13T12:06:29.776Z</time>
    </trkpt>
    <trkpt lat="40.627590" lon="14.491481">
      <ele>0</ele>
      <time>2026-04-13T12:06:30.874Z</time>
    </trkpt>
    <trkpt lat="40.627589" lon="14.491445">
      <ele>0</ele>
      <time>2026-04-13T12:06:31.972Z</time>
    </trkpt>
    <trkpt lat="40.627588" lon="14.491377">
      <ele>0</ele>
      <time>2026-04-13T12:06:33.070Z</time>
    </trkpt>
    <trkpt lat="40.627593" lon="14.491304">
      <ele>0</ele>
      <time>2026-04-13T12:06:34.168Z</time>
    </trkpt>
    <trkpt lat="40.627602" lon="14.491199">
      <ele>0</ele>
      <time>2026-04-13T12:06:35.266Z</time>
    </trkpt>
    <trkpt lat="40.627615" lon="14.491118">
      <ele>0</ele>
      <time>2026-04-13T12:06:36.364Z</time>
    </trkpt>
    <trkpt lat="40.627628" lon="14.491049">
      <ele>0</ele>
      <time>2026-04-13T12:06:37.461Z</time>
    </trkpt>
    <trkpt lat="40.627642" lon="14.490987">
      <ele>0</ele>
      <time>2026-04-13T12:06:38.559Z</time>
    </trkpt>
    <trkpt lat="40.627663" lon="14.490944">
      <ele>0</ele>
      <time>2026-04-13T12:06:39.657Z</time>
    </trkpt>
    <trkpt lat="40.627679" lon="14.490920">
      <ele>0</ele>
      <time>2026-04-13T12:06:40.755Z</time>
    </trkpt>
    <trkpt lat="40.627695" lon="14.490903">
      <ele>0</ele>
      <time>2026-04-13T12:06:41.853Z</time>
    </trkpt>
    <trkpt lat="40.627725" lon="14.490863">
      <ele>0</ele>
      <time>2026-04-13T12:06:42.951Z</time>
    </trkpt>
    <trkpt lat="40.627746" lon="14.490831">
      <ele>0</ele>
      <time>2026-04-13T12:06:44.049Z</time>
    </trkpt>
    <trkpt lat="40.627799" lon="14.490729">
      <ele>0</ele>
      <time>2026-04-13T12:06:45.147Z</time>
    </trkpt>
    <trkpt lat="40.627840" lon="14.490644">
      <ele>0</ele>
      <time>2026-04-13T12:06:46.245Z</time>
    </trkpt>
    <trkpt lat="40.627853" lon="14.490617">
      <ele>0</ele>
      <time>2026-04-13T12:06:47.343Z</time>
    </trkpt>
    <trkpt lat="40.627919" lon="14.490454">
      <ele>0</ele>
      <time>2026-04-13T12:06:48.441Z</time>
    </trkpt>
    <trkpt lat="40.627964" lon="14.490358">
      <ele>0</ele>
      <time>2026-04-13T12:06:49.539Z</time>
    </trkpt>
    <trkpt lat="40.627979" lon="14.490335">
      <ele>0</ele>
      <time>2026-04-13T12:06:50.636Z</time>
    </trkpt>
    <trkpt lat="40.627992" lon="14.490318">
      <ele>0</ele>
      <time>2026-04-13T12:06:51.734Z</time>
    </trkpt>
    <trkpt lat="40.628008" lon="14.490304">
      <ele>0</ele>
      <time>2026-04-13T12:06:52.832Z</time>
    </trkpt>
    <trkpt lat="40.628020" lon="14.490294">
      <ele>0</ele>
      <time>2026-04-13T12:06:53.930Z</time>
    </trkpt>
    <trkpt lat="40.628029" lon="14.490284">
      <ele>0</ele>
      <time>2026-04-13T12:06:55.028Z</time>
    </trkpt>
    <trkpt lat="40.628041" lon="14.490264">
      <ele>0</ele>
      <time>2026-04-13T12:06:56.126Z</time>
    </trkpt>
    <trkpt lat="40.628053" lon="14.490236">
      <ele>0</ele>
      <time>2026-04-13T12:06:57.224Z</time>
    </trkpt>
    <trkpt lat="40.628073" lon="14.490171">
      <ele>0</ele>
      <time>2026-04-13T12:06:58.322Z</time>
    </trkpt>
    <trkpt lat="40.628092" lon="14.490092">
      <ele>0</ele>
      <time>2026-04-13T12:06:59.420Z</time>
    </trkpt>
    <trkpt lat="40.628150" lon="14.489861">
      <ele>0</ele>
      <time>2026-04-13T12:07:00.518Z</time>
    </trkpt>
    <trkpt lat="40.628169" lon="14.489788">
      <ele>0</ele>
      <time>2026-04-13T12:07:01.616Z</time>
    </trkpt>
    <trkpt lat="40.628180" lon="14.489756">
      <ele>0</ele>
      <time>2026-04-13T12:07:02.713Z</time>
    </trkpt>
    <trkpt lat="40.628194" lon="14.489716">
      <ele>0</ele>
      <time>2026-04-13T12:07:03.811Z</time>
    </trkpt>
    <trkpt lat="40.628234" lon="14.489621">
      <ele>0</ele>
      <time>2026-04-13T12:07:04.909Z</time>
    </trkpt>
    <trkpt lat="40.628286" lon="14.489508">
      <ele>0</ele>
      <time>2026-04-13T12:07:06.007Z</time>
    </trkpt>
    <trkpt lat="40.628307" lon="14.489466">
      <ele>0</ele>
      <time>2026-04-13T12:07:07.105Z</time>
    </trkpt>
    <trkpt lat="40.628330" lon="14.489426">
      <ele>0</ele>
      <time>2026-04-13T12:07:08.203Z</time>
    </trkpt>
    <trkpt lat="40.628359" lon="14.489378">
      <ele>0</ele>
      <time>2026-04-13T12:07:09.301Z</time>
    </trkpt>
    <trkpt lat="40.628378" lon="14.489353">
      <ele>0</ele>
      <time>2026-04-13T12:07:10.399Z</time>
    </trkpt>
    <trkpt lat="40.628400" lon="14.489328">
      <ele>0</ele>
      <time>2026-04-13T12:07:11.497Z</time>
    </trkpt>
    <trkpt lat="40.628431" lon="14.489294">
      <ele>0</ele>
      <time>2026-04-13T12:07:12.595Z</time>
    </trkpt>
    <trkpt lat="40.628452" lon="14.489270">
      <ele>0</ele>
      <time>2026-04-13T12:07:13.693Z</time>
    </trkpt>
    <trkpt lat="40.628473" lon="14.489245">
      <ele>0</ele>
      <time>2026-04-13T12:07:14.791Z</time>
    </trkpt>
    <trkpt lat="40.628509" lon="14.489192">
      <ele>0</ele>
      <time>2026-04-13T12:07:15.888Z</time>
    </trkpt>
    <trkpt lat="40.628525" lon="14.489160">
      <ele>0</ele>
      <time>2026-04-13T12:07:16.986Z</time>
    </trkpt>
    <trkpt lat="40.628537" lon="14.489131">
      <ele>0</ele>
      <time>2026-04-13T12:07:18.084Z</time>
    </trkpt>
    <trkpt lat="40.628563" lon="14.489064">
      <ele>0</ele>
      <time>2026-04-13T12:07:19.182Z</time>
    </trkpt>
    <trkpt lat="40.628578" lon="14.489019">
      <ele>0</ele>
      <time>2026-04-13T12:07:20.280Z</time>
    </trkpt>
    <trkpt lat="40.628598" lon="14.488979">
      <ele>0</ele>
      <time>2026-04-13T12:07:21.378Z</time>
    </trkpt>
    <trkpt lat="40.628625" lon="14.488937">
      <ele>0</ele>
      <time>2026-04-13T12:07:22.476Z</time>
    </trkpt>
    <trkpt lat="40.628634" lon="14.488926">
      <ele>0</ele>
      <time>2026-04-13T12:07:23.574Z</time>
    </trkpt>
    <trkpt lat="40.628698" lon="14.488838">
      <ele>0</ele>
      <time>2026-04-13T12:07:24.672Z</time>
    </trkpt>
    <trkpt lat="40.628784" lon="14.488721">
      <ele>0</ele>
      <time>2026-04-13T12:07:25.770Z</time>
    </trkpt>
    <trkpt lat="40.628828" lon="14.488666">
      <ele>0</ele>
      <time>2026-04-13T12:07:26.868Z</time>
    </trkpt>
    <trkpt lat="40.628855" lon="14.488625">
      <ele>0</ele>
      <time>2026-04-13T12:07:27.965Z</time>
    </trkpt>
    <trkpt lat="40.628891" lon="14.488566">
      <ele>0</ele>
      <time>2026-04-13T12:07:29.063Z</time>
    </trkpt>
    <trkpt lat="40.628914" lon="14.488522">
      <ele>0</ele>
      <time>2026-04-13T12:07:30.161Z</time>
    </trkpt>
    <trkpt lat="40.628936" lon="14.488477">
      <ele>0</ele>
      <time>2026-04-13T12:07:31.259Z</time>
    </trkpt>
    <trkpt lat="40.628972" lon="14.488421">
      <ele>0</ele>
      <time>2026-04-13T12:07:32.357Z</time>
    </trkpt>
    <trkpt lat="40.629007" lon="14.488374">
      <ele>0</ele>
      <time>2026-04-13T12:07:33.455Z</time>
    </trkpt>
    <trkpt lat="40.629043" lon="14.488334">
      <ele>0</ele>
      <time>2026-04-13T12:07:34.553Z</time>
    </trkpt>
    <trkpt lat="40.629080" lon="14.488300">
      <ele>0</ele>
      <time>2026-04-13T12:07:35.651Z</time>
    </trkpt>
    <trkpt lat="40.629133" lon="14.488255">
      <ele>0</ele>
      <time>2026-04-13T12:07:36.749Z</time>
    </trkpt>
    <trkpt lat="40.629333" lon="14.488068">
      <ele>0</ele>
      <time>2026-04-13T12:07:37.847Z</time>
    </trkpt>
    <trkpt lat="40.629379" lon="14.488029">
      <ele>0</ele>
      <time>2026-04-13T12:07:38.945Z</time>
    </trkpt>
    <trkpt lat="40.629423" lon="14.487994">
      <ele>0</ele>
      <time>2026-04-13T12:07:40.043Z</time>
    </trkpt>
    <trkpt lat="40.629493" lon="14.487956">
      <ele>0</ele>
      <time>2026-04-13T12:07:41.140Z</time>
    </trkpt>
    <trkpt lat="40.629574" lon="14.487916">
      <ele>0</ele>
      <time>2026-04-13T12:07:42.238Z</time>
    </trkpt>
    <trkpt lat="40.629604" lon="14.487902">
      <ele>0</ele>
      <time>2026-04-13T12:07:43.336Z</time>
    </trkpt>
    <trkpt lat="40.629641" lon="14.487880">
      <ele>0</ele>
      <time>2026-04-13T12:07:44.434Z</time>
    </trkpt>
    <trkpt lat="40.629679" lon="14.487846">
      <ele>0</ele>
      <time>2026-04-13T12:07:45.532Z</time>
    </trkpt>
    <trkpt lat="40.629739" lon="14.487771">
      <ele>0</ele>
      <time>2026-04-13T12:07:46.630Z</time>
    </trkpt>
    <trkpt lat="40.629809" lon="14.487687">
      <ele>0</ele>
      <time>2026-04-13T12:07:47.728Z</time>
    </trkpt>
    <trkpt lat="40.629859" lon="14.487649">
      <ele>0</ele>
      <time>2026-04-13T12:07:48.826Z</time>
    </trkpt>
    <trkpt lat="40.629908" lon="14.487629">
      <ele>0</ele>
      <time>2026-04-13T12:07:49.924Z</time>
    </trkpt>
    <trkpt lat="40.629970" lon="14.487612">
      <ele>0</ele>
      <time>2026-04-13T12:07:51.022Z</time>
    </trkpt>
    <trkpt lat="40.630117" lon="14.487593">
      <ele>0</ele>
      <time>2026-04-13T12:07:52.120Z</time>
    </trkpt>
    <trkpt lat="40.630203" lon="14.487572">
      <ele>0</ele>
      <time>2026-04-13T12:07:53.218Z</time>
    </trkpt>
    <trkpt lat="40.630277" lon="14.487539">
      <ele>0</ele>
      <time>2026-04-13T12:07:54.315Z</time>
    </trkpt>
    <trkpt lat="40.630346" lon="14.487479">
      <ele>0</ele>
      <time>2026-04-13T12:07:55.413Z</time>
    </trkpt>
    <trkpt lat="40.630411" lon="14.487407">
      <ele>0</ele>
      <time>2026-04-13T12:07:56.511Z</time>
    </trkpt>
    <trkpt lat="40.630447" lon="14.487374">
      <ele>0</ele>
      <time>2026-04-13T12:07:57.609Z</time>
    </trkpt>
    <trkpt lat="40.630485" lon="14.487348">
      <ele>0</ele>
      <time>2026-04-13T12:07:58.707Z</time>
    </trkpt>
    <trkpt lat="40.630532" lon="14.487326">
      <ele>0</ele>
      <time>2026-04-13T12:07:59.805Z</time>
    </trkpt>
    <trkpt lat="40.630586" lon="14.487312">
      <ele>0</ele>
      <time>2026-04-13T12:08:00.903Z</time>
    </trkpt>
    <trkpt lat="40.630642" lon="14.487308">
      <ele>0</ele>
      <time>2026-04-13T12:08:02.001Z</time>
    </trkpt>
    <trkpt lat="40.630721" lon="14.487324">
      <ele>0</ele>
      <time>2026-04-13T12:08:03.099Z</time>
    </trkpt>
    <trkpt lat="40.630778" lon="14.487334">
      <ele>0</ele>
      <time>2026-04-13T12:08:04.197Z</time>
    </trkpt>
    <trkpt lat="40.630836" lon="14.487329">
      <ele>0</ele>
      <time>2026-04-13T12:08:05.295Z</time>
    </trkpt>
    <trkpt lat="40.630861" lon="14.487320">
      <ele>0</ele>
      <time>2026-04-13T12:08:06.392Z</time>
    </trkpt>
    <trkpt lat="40.630887" lon="14.487304">
      <ele>0</ele>
      <time>2026-04-13T12:08:07.490Z</time>
    </trkpt>
    <trkpt lat="40.630920" lon="14.487278">
      <ele>0</ele>
      <time>2026-04-13T12:08:08.588Z</time>
    </trkpt>
    <trkpt lat="40.630954" lon="14.487241">
      <ele>0</ele>
      <time>2026-04-13T12:08:09.686Z</time>
    </trkpt>
    <trkpt lat="40.630993" lon="14.487195">
      <ele>0</ele>
      <time>2026-04-13T12:08:10.784Z</time>
    </trkpt>
    <trkpt lat="40.631091" lon="14.487084">
      <ele>0</ele>
      <time>2026-04-13T12:08:11.882Z</time>
    </trkpt>
    <trkpt lat="40.631226" lon="14.486946">
      <ele>0</ele>
      <time>2026-04-13T12:08:12.980Z</time>
    </trkpt>
    <trkpt lat="40.631248" lon="14.486933">
      <ele>0</ele>
      <time>2026-04-13T12:08:14.078Z</time>
    </trkpt>
    <trkpt lat="40.631269" lon="14.486926">
      <ele>0</ele>
      <time>2026-04-13T12:08:15.176Z</time>
    </trkpt>
    <trkpt lat="40.631297" lon="14.486928">
      <ele>0</ele>
      <time>2026-04-13T12:08:16.274Z</time>
    </trkpt>
    <trkpt lat="40.631339" lon="14.486938">
      <ele>0</ele>
      <time>2026-04-13T12:08:17.372Z</time>
    </trkpt>
    <trkpt lat="40.631376" lon="14.486948">
      <ele>0</ele>
      <time>2026-04-13T12:08:18.470Z</time>
    </trkpt>
    <trkpt lat="40.631398" lon="14.486951">
      <ele>0</ele>
      <time>2026-04-13T12:08:19.567Z</time>
    </trkpt>
    <trkpt lat="40.631423" lon="14.486944">
      <ele>0</ele>
      <time>2026-04-13T12:08:20.665Z</time>
    </trkpt>
    <trkpt lat="40.631439" lon="14.486933">
      <ele>0</ele>
      <time>2026-04-13T12:08:21.763Z</time>
    </trkpt>
    <trkpt lat="40.631452" lon="14.486915">
      <ele>0</ele>
      <time>2026-04-13T12:08:22.861Z</time>
    </trkpt>
    <trkpt lat="40.631460" lon="14.486891">
      <ele>0</ele>
      <time>2026-04-13T12:08:23.959Z</time>
    </trkpt>
    <trkpt lat="40.631464" lon="14.486857">
      <ele>0</ele>
      <time>2026-04-13T12:08:25.057Z</time>
    </trkpt>
    <trkpt lat="40.631463" lon="14.486840">
      <ele>0</ele>
      <time>2026-04-13T12:08:26.155Z</time>
    </trkpt>
    <trkpt lat="40.631456" lon="14.486809">
      <ele>0</ele>
      <time>2026-04-13T12:08:27.253Z</time>
    </trkpt>
    <trkpt lat="40.631443" lon="14.486773">
      <ele>0</ele>
      <time>2026-04-13T12:08:28.351Z</time>
    </trkpt>
    <trkpt lat="40.631428" lon="14.486748">
      <ele>0</ele>
      <time>2026-04-13T12:08:29.449Z</time>
    </trkpt>
    <trkpt lat="40.631412" lon="14.486726">
      <ele>0</ele>
      <time>2026-04-13T12:08:30.547Z</time>
    </trkpt>
    <trkpt lat="40.631384" lon="14.486695">
      <ele>0</ele>
      <time>2026-04-13T12:08:31.645Z</time>
    </trkpt>
    <trkpt lat="40.631332" lon="14.486646">
      <ele>0</ele>
      <time>2026-04-13T12:08:32.742Z</time>
    </trkpt>
    <trkpt lat="40.631290" lon="14.486610">
      <ele>0</ele>
      <time>2026-04-13T12:08:33.840Z</time>
    </trkpt>
    <trkpt lat="40.631262" lon="14.486593">
      <ele>0</ele>
      <time>2026-04-13T12:08:34.938Z</time>
    </trkpt>
    <trkpt lat="40.631244" lon="14.486585">
      <ele>0</ele>
      <time>2026-04-13T12:08:36.036Z</time>
    </trkpt>
    <trkpt lat="40.631221" lon="14.486574">
      <ele>0</ele>
      <time>2026-04-13T12:08:37.134Z</time>
    </trkpt>
    <trkpt lat="40.631198" lon="14.486569">
      <ele>0</ele>
      <time>2026-04-13T12:08:38.232Z</time>
    </trkpt>
    <trkpt lat="40.631170" lon="14.486565">
      <ele>0</ele>
      <time>2026-04-13T12:08:39.330Z</time>
    </trkpt>
    <trkpt lat="40.631125" lon="14.486568">
      <ele>0</ele>
      <time>2026-04-13T12:08:40.428Z</time>
    </trkpt>
    <trkpt lat="40.631013" lon="14.486581">
      <ele>0</ele>
      <time>2026-04-13T12:08:41.526Z</time>
    </trkpt>
    <trkpt lat="40.630973" lon="14.486586">
      <ele>0</ele>
      <time>2026-04-13T12:08:42.624Z</time>
    </trkpt>
    <trkpt lat="40.630950" lon="14.486586">
      <ele>0</ele>
      <time>2026-04-13T12:08:43.722Z</time>
    </trkpt>
    <trkpt lat="40.630933" lon="14.486586">
      <ele>0</ele>
      <time>2026-04-13T12:08:44.819Z</time>
    </trkpt>
    <trkpt lat="40.630905" lon="14.486582">
      <ele>0</ele>
      <time>2026-04-13T12:08:45.917Z</time>
    </trkpt>
    <trkpt lat="40.630883" lon="14.486577">
      <ele>0</ele>
      <time>2026-04-13T12:08:47.015Z</time>
    </trkpt>
    <trkpt lat="40.630849" lon="14.486552">
      <ele>0</ele>
      <time>2026-04-13T12:08:48.113Z</time>
    </trkpt>
    <trkpt lat="40.630818" lon="14.486516">
      <ele>0</ele>
      <time>2026-04-13T12:08:49.211Z</time>
    </trkpt>
    <trkpt lat="40.630788" lon="14.486468">
      <ele>0</ele>
      <time>2026-04-13T12:08:50.309Z</time>
    </trkpt>
    <trkpt lat="40.630748" lon="14.486383">
      <ele>0</ele>
      <time>2026-04-13T12:08:51.407Z</time>
    </trkpt>
    <trkpt lat="40.630725" lon="14.486316">
      <ele>0</ele>
      <time>2026-04-13T12:08:52.505Z</time>
    </trkpt>
    <trkpt lat="40.630705" lon="14.486257">
      <ele>0</ele>
      <time>2026-04-13T12:08:53.603Z</time>
    </trkpt>
    <trkpt lat="40.630691" lon="14.486177">
      <ele>0</ele>
      <time>2026-04-13T12:08:54.701Z</time>
    </trkpt>
    <trkpt lat="40.630683" lon="14.486112">
      <ele>0</ele>
      <time>2026-04-13T12:08:55.799Z</time>
    </trkpt>
    <trkpt lat="40.630687" lon="14.486034">
      <ele>0</ele>
      <time>2026-04-13T12:08:56.897Z</time>
    </trkpt>
    <trkpt lat="40.630714" lon="14.485966">
      <ele>0</ele>
      <time>2026-04-13T12:08:57.994Z</time>
    </trkpt>
    <trkpt lat="40.630747" lon="14.485912">
      <ele>0</ele>
      <time>2026-04-13T12:08:59.092Z</time>
    </trkpt>
    <trkpt lat="40.630813" lon="14.485845">
      <ele>0</ele>
      <time>2026-04-13T12:09:00.190Z</time>
    </trkpt>
    <trkpt lat="40.630890" lon="14.485809">
      <ele>0</ele>
      <time>2026-04-13T12:09:01.288Z</time>
    </trkpt>
    <trkpt lat="40.630934" lon="14.485787">
      <ele>0</ele>
      <time>2026-04-13T12:09:02.386Z</time>
    </trkpt>
    <trkpt lat="40.630986" lon="14.485766">
      <ele>0</ele>
      <time>2026-04-13T12:09:03.484Z</time>
    </trkpt>
    <trkpt lat="40.631052" lon="14.485744">
      <ele>0</ele>
      <time>2026-04-13T12:09:04.582Z</time>
    </trkpt>
    <trkpt lat="40.631182" lon="14.485700">
      <ele>0</ele>
      <time>2026-04-13T12:09:05.680Z</time>
    </trkpt>
    <trkpt lat="40.631253" lon="14.485680">
      <ele>0</ele>
      <time>2026-04-13T12:09:06.778Z</time>
    </trkpt>
    <trkpt lat="40.631331" lon="14.485635">
      <ele>0</ele>
      <time>2026-04-13T12:09:07.876Z</time>
    </trkpt>
    <trkpt lat="40.631369" lon="14.485608">
      <ele>0</ele>
      <time>2026-04-13T12:09:08.974Z</time>
    </trkpt>
    <trkpt lat="40.631402" lon="14.485570">
      <ele>0</ele>
      <time>2026-04-13T12:09:10.071Z</time>
    </trkpt>
    <trkpt lat="40.631587" lon="14.485350">
      <ele>0</ele>
      <time>2026-04-13T12:09:11.169Z</time>
    </trkpt>
    <trkpt lat="40.631626" lon="14.485309">
      <ele>0</ele>
      <time>2026-04-13T12:09:12.267Z</time>
    </trkpt>
    <trkpt lat="40.631676" lon="14.485267">
      <ele>0</ele>
      <time>2026-04-13T12:09:13.365Z</time>
    </trkpt>
    <trkpt lat="40.631791" lon="14.485166">
      <ele>0</ele>
      <time>2026-04-13T12:09:14.463Z</time>
    </trkpt>
    <trkpt lat="40.631837" lon="14.485133">
      <ele>0</ele>
      <time>2026-04-13T12:09:15.561Z</time>
    </trkpt>
    <trkpt lat="40.631880" lon="14.485112">
      <ele>0</ele>
      <time>2026-04-13T12:09:16.659Z</time>
    </trkpt>
    <trkpt lat="40.631936" lon="14.485087">
      <ele>0</ele>
      <time>2026-04-13T12:09:17.757Z</time>
    </trkpt>
    <trkpt lat="40.632044" lon="14.485047">
      <ele>0</ele>
      <time>2026-04-13T12:09:18.855Z</time>
    </trkpt>
    <trkpt lat="40.632113" lon="14.485028">
      <ele>0</ele>
      <time>2026-04-13T12:09:19.953Z</time>
    </trkpt>
    <trkpt lat="40.632191" lon="14.485018">
      <ele>0</ele>
      <time>2026-04-13T12:09:21.051Z</time>
    </trkpt>
    <trkpt lat="40.632304" lon="14.485004">
      <ele>0</ele>
      <time>2026-04-13T12:09:22.149Z</time>
    </trkpt>
    <trkpt lat="40.632568" lon="14.484973">
      <ele>0</ele>
      <time>2026-04-13T12:09:23.246Z</time>
    </trkpt>
    <trkpt lat="40.632607" lon="14.484953">
      <ele>0</ele>
      <time>2026-04-13T12:09:24.344Z</time>
    </trkpt>
    <trkpt lat="40.632632" lon="14.484938">
      <ele>0</ele>
      <time>2026-04-13T12:09:25.442Z</time>
    </trkpt>
    <trkpt lat="40.632681" lon="14.484910">
      <ele>0</ele>
      <time>2026-04-13T12:09:26.540Z</time>
    </trkpt>
    <trkpt lat="40.632770" lon="14.484870">
      <ele>0</ele>
      <time>2026-04-13T12:09:27.638Z</time>
    </trkpt>
    <trkpt lat="40.632836" lon="14.484850">
      <ele>0</ele>
      <time>2026-04-13T12:09:28.736Z</time>
    </trkpt>
    <trkpt lat="40.632895" lon="14.484837">
      <ele>0</ele>
      <time>2026-04-13T12:09:29.834Z</time>
    </trkpt>
    <trkpt lat="40.632929" lon="14.484830">
      <ele>0</ele>
      <time>2026-04-13T12:09:30.932Z</time>
    </trkpt>
    <trkpt lat="40.632965" lon="14.484828">
      <ele>0</ele>
      <time>2026-04-13T12:09:32.030Z</time>
    </trkpt>
    <trkpt lat="40.633111" lon="14.484838">
      <ele>0</ele>
      <time>2026-04-13T12:09:33.128Z</time>
    </trkpt>
    <trkpt lat="40.633173" lon="14.484833">
      <ele>0</ele>
      <time>2026-04-13T12:09:34.226Z</time>
    </trkpt>
    <trkpt lat="40.633207" lon="14.484820">
      <ele>0</ele>
      <time>2026-04-13T12:09:35.324Z</time>
    </trkpt>
    <trkpt lat="40.633230" lon="14.484803">
      <ele>0</ele>
      <time>2026-04-13T12:09:36.421Z</time>
    </trkpt>
    <trkpt lat="40.633302" lon="14.484730">
      <ele>0</ele>
      <time>2026-04-13T12:09:37.519Z</time>
    </trkpt>
    <trkpt lat="40.633362" lon="14.484673">
      <ele>0</ele>
      <time>2026-04-13T12:09:38.617Z</time>
    </trkpt>
    <trkpt lat="40.633392" lon="14.484649">
      <ele>0</ele>
      <time>2026-04-13T12:09:39.715Z</time>
    </trkpt>
    <trkpt lat="40.633413" lon="14.484639">
      <ele>0</ele>
      <time>2026-04-13T12:09:40.813Z</time>
    </trkpt>
    <trkpt lat="40.633435" lon="14.484636">
      <ele>0</ele>
      <time>2026-04-13T12:09:41.911Z</time>
    </trkpt>
    <trkpt lat="40.633460" lon="14.484639">
      <ele>0</ele>
      <time>2026-04-13T12:09:43.009Z</time>
    </trkpt>
    <trkpt lat="40.633488" lon="14.484648">
      <ele>0</ele>
      <time>2026-04-13T12:09:44.107Z</time>
    </trkpt>
    <trkpt lat="40.633525" lon="14.484662">
      <ele>0</ele>
      <time>2026-04-13T12:09:45.205Z</time>
    </trkpt>
    <trkpt lat="40.633550" lon="14.484676">
      <ele>0</ele>
      <time>2026-04-13T12:09:46.303Z</time>
    </trkpt>
    <trkpt lat="40.633603" lon="14.484705">
      <ele>0</ele>
      <time>2026-04-13T12:09:47.401Z</time>
    </trkpt>
    <trkpt lat="40.633647" lon="14.484732">
      <ele>0</ele>
      <time>2026-04-13T12:09:48.498Z</time>
    </trkpt>
    <trkpt lat="40.633687" lon="14.484761">
      <ele>0</ele>
      <time>2026-04-13T12:09:49.596Z</time>
    </trkpt>
    <trkpt lat="40.633730" lon="14.484787">
      <ele>0</ele>
      <time>2026-04-13T12:09:50.694Z</time>
    </trkpt>
    <trkpt lat="40.633775" lon="14.484819">
      <ele>0</ele>
      <time>2026-04-13T12:09:51.792Z</time>
    </trkpt>
    <trkpt lat="40.633819" lon="14.484858">
      <ele>0</ele>
      <time>2026-04-13T12:09:52.890Z</time>
    </trkpt>
    <trkpt lat="40.633862" lon="14.484905">
      <ele>0</ele>
      <time>2026-04-13T12:09:53.988Z</time>
    </trkpt>
    <trkpt lat="40.633921" lon="14.484989">
      <ele>0</ele>
      <time>2026-04-13T12:09:55.086Z</time>
    </trkpt>
    <trkpt lat="40.633970" lon="14.485059">
      <ele>0</ele>
      <time>2026-04-13T12:09:56.184Z</time>
    </trkpt>
    <trkpt lat="40.634011" lon="14.485117">
      <ele>0</ele>
      <time>2026-04-13T12:09:57.282Z</time>
    </trkpt>
    <trkpt lat="40.634046" lon="14.485167">
      <ele>0</ele>
      <time>2026-04-13T12:09:58.380Z</time>
    </trkpt>
    <trkpt lat="40.634077" lon="14.485204">
      <ele>0</ele>
      <time>2026-04-13T12:09:59.478Z</time>
    </trkpt>
    <trkpt lat="40.634092" lon="14.485214">
      <ele>0</ele>
      <time>2026-04-13T12:10:00.576Z</time>
    </trkpt>
    <trkpt lat="40.634106" lon="14.485215">
      <ele>0</ele>
      <time>2026-04-13T12:10:01.673Z</time>
    </trkpt>
    <trkpt lat="40.634129" lon="14.485215">
      <ele>0</ele>
      <time>2026-04-13T12:10:02.771Z</time>
    </trkpt>
    <trkpt lat="40.634145" lon="14.485209">
      <ele>0</ele>
      <time>2026-04-13T12:10:03.869Z</time>
    </trkpt>
    <trkpt lat="40.634160" lon="14.485201">
      <ele>0</ele>
      <time>2026-04-13T12:10:04.967Z</time>
    </trkpt>
    <trkpt lat="40.634175" lon="14.485186">
      <ele>0</ele>
      <time>2026-04-13T12:10:06.065Z</time>
    </trkpt>
    <trkpt lat="40.634192" lon="14.485155">
      <ele>0</ele>
      <time>2026-04-13T12:10:07.163Z</time>
    </trkpt>
    <trkpt lat="40.634204" lon="14.485110">
      <ele>0</ele>
      <time>2026-04-13T12:10:08.261Z</time>
    </trkpt>
    <trkpt lat="40.634210" lon="14.485033">
      <ele>0</ele>
      <time>2026-04-13T12:10:09.359Z</time>
    </trkpt>
    <trkpt lat="40.634204" lon="14.484965">
      <ele>0</ele>
      <time>2026-04-13T12:10:10.457Z</time>
    </trkpt>
    <trkpt lat="40.634189" lon="14.484884">
      <ele>0</ele>
      <time>2026-04-13T12:10:11.555Z</time>
    </trkpt>
    <trkpt lat="40.634172" lon="14.484817">
      <ele>0</ele>
      <time>2026-04-13T12:10:12.653Z</time>
    </trkpt>
    <trkpt lat="40.634150" lon="14.484746">
      <ele>0</ele>
      <time>2026-04-13T12:10:13.751Z</time>
    </trkpt>
    <trkpt lat="40.634108" lon="14.484612">
      <ele>0</ele>
      <time>2026-04-13T12:10:14.848Z</time>
    </trkpt>
    <trkpt lat="40.634082" lon="14.484538">
      <ele>0</ele>
      <time>2026-04-13T12:10:15.946Z</time>
    </trkpt>
    <trkpt lat="40.633975" lon="14.484240">
      <ele>0</ele>
      <time>2026-04-13T12:10:17.044Z</time>
    </trkpt>
    <trkpt lat="40.633937" lon="14.484140">
      <ele>0</ele>
      <time>2026-04-13T12:10:18.142Z</time>
    </trkpt>
    <trkpt lat="40.633906" lon="14.484068">
      <ele>0</ele>
      <time>2026-04-13T12:10:19.240Z</time>
    </trkpt>
    <trkpt lat="40.633877" lon="14.483999">
      <ele>0</ele>
      <time>2026-04-13T12:10:20.338Z</time>
    </trkpt>
    <trkpt lat="40.633838" lon="14.483882">
      <ele>0</ele>
      <time>2026-04-13T12:10:21.436Z</time>
    </trkpt>
    <trkpt lat="40.633804" lon="14.483761">
      <ele>0</ele>
      <time>2026-04-13T12:10:22.534Z</time>
    </trkpt>
    <trkpt lat="40.633766" lon="14.483631">
      <ele>0</ele>
      <time>2026-04-13T12:10:23.632Z</time>
    </trkpt>
    <trkpt lat="40.633764" lon="14.483625">
      <ele>0</ele>
      <time>2026-04-13T12:10:24.730Z</time>
    </trkpt>
    <trkpt lat="40.633749" lon="14.483575">
      <ele>0</ele>
      <time>2026-04-13T12:10:25.828Z</time>
    </trkpt>
    <trkpt lat="40.633743" lon="14.483555">
      <ele>0</ele>
      <time>2026-04-13T12:10:26.925Z</time>
    </trkpt>
    <trkpt lat="40.633722" lon="14.483476">
      <ele>0</ele>
      <time>2026-04-13T12:10:28.023Z</time>
    </trkpt>
    <trkpt lat="40.633700" lon="14.483435">
      <ele>0</ele>
      <time>2026-04-13T12:10:29.121Z</time>
    </trkpt>
    <trkpt lat="40.633672" lon="14.483406">
      <ele>0</ele>
      <time>2026-04-13T12:10:30.219Z</time>
    </trkpt>
    <trkpt lat="40.633636" lon="14.483387">
      <ele>0</ele>
      <time>2026-04-13T12:10:31.317Z</time>
    </trkpt>
    <trkpt lat="40.633597" lon="14.483381">
      <ele>0</ele>
      <time>2026-04-13T12:10:32.415Z</time>
    </trkpt>
    <trkpt lat="40.633504" lon="14.483370">
      <ele>0</ele>
      <time>2026-04-13T12:10:33.513Z</time>
    </trkpt>
    <trkpt lat="40.633438" lon="14.483361">
      <ele>0</ele>
      <time>2026-04-13T12:10:34.611Z</time>
    </trkpt>
    <trkpt lat="40.633299" lon="14.483335">
      <ele>0</ele>
      <time>2026-04-13T12:10:35.709Z</time>
    </trkpt>
    <trkpt lat="40.633242" lon="14.483316">
      <ele>0</ele>
      <time>2026-04-13T12:10:36.807Z</time>
    </trkpt>
    <trkpt lat="40.633209" lon="14.483299">
      <ele>0</ele>
      <time>2026-04-13T12:10:37.905Z</time>
    </trkpt>
    <trkpt lat="40.633173" lon="14.483280">
      <ele>0</ele>
      <time>2026-04-13T12:10:39.003Z</time>
    </trkpt>
    <trkpt lat="40.633149" lon="14.483261">
      <ele>0</ele>
      <time>2026-04-13T12:10:40.100Z</time>
    </trkpt>
    <trkpt lat="40.633117" lon="14.483225">
      <ele>0</ele>
      <time>2026-04-13T12:10:41.198Z</time>
    </trkpt>
    <trkpt lat="40.633042" lon="14.483118">
      <ele>0</ele>
      <time>2026-04-13T12:10:42.296Z</time>
    </trkpt>
    <trkpt lat="40.632957" lon="14.483001">
      <ele>0</ele>
      <time>2026-04-13T12:10:43.394Z</time>
    </trkpt>
    <trkpt lat="40.632933" lon="14.482974">
      <ele>0</ele>
      <time>2026-04-13T12:10:44.492Z</time>
    </trkpt>
    <trkpt lat="40.632903" lon="14.482945">
      <ele>0</ele>
      <time>2026-04-13T12:10:45.590Z</time>
    </trkpt>
    <trkpt lat="40.632867" lon="14.482921">
      <ele>0</ele>
      <time>2026-04-13T12:10:46.688Z</time>
    </trkpt>
    <trkpt lat="40.632831" lon="14.482902">
      <ele>0</ele>
      <time>2026-04-13T12:10:47.786Z</time>
    </trkpt>
    <trkpt lat="40.632770" lon="14.482879">
      <ele>0</ele>
      <time>2026-04-13T12:10:48.884Z</time>
    </trkpt>
    <trkpt lat="40.632524" lon="14.482817">
      <ele>0</ele>
      <time>2026-04-13T12:10:49.982Z</time>
    </trkpt>
    <trkpt lat="40.632440" lon="14.482794">
      <ele>0</ele>
      <time>2026-04-13T12:10:51.080Z</time>
    </trkpt>
    <trkpt lat="40.632393" lon="14.482783">
      <ele>0</ele>
      <time>2026-04-13T12:10:52.177Z</time>
    </trkpt>
    <trkpt lat="40.632368" lon="14.482782">
      <ele>0</ele>
      <time>2026-04-13T12:10:53.275Z</time>
    </trkpt>
    <trkpt lat="40.632341" lon="14.482784">
      <ele>0</ele>
      <time>2026-04-13T12:10:54.373Z</time>
    </trkpt>
    <trkpt lat="40.632326" lon="14.482790">
      <ele>0</ele>
      <time>2026-04-13T12:10:55.471Z</time>
    </trkpt>
    <trkpt lat="40.632310" lon="14.482805">
      <ele>0</ele>
      <time>2026-04-13T12:10:56.569Z</time>
    </trkpt>
    <trkpt lat="40.632296" lon="14.482827">
      <ele>0</ele>
      <time>2026-04-13T12:10:57.667Z</time>
    </trkpt>
    <trkpt lat="40.632285" lon="14.482869">
      <ele>0</ele>
      <time>2026-04-13T12:10:58.765Z</time>
    </trkpt>
    <trkpt lat="40.632275" lon="14.482899">
      <ele>0</ele>
      <time>2026-04-13T12:10:59.863Z</time>
    </trkpt>
    <trkpt lat="40.632255" lon="14.482950">
      <ele>0</ele>
      <time>2026-04-13T12:11:00.961Z</time>
    </trkpt>
    <trkpt lat="40.632228" lon="14.482993">
      <ele>0</ele>
      <time>2026-04-13T12:11:02.059Z</time>
    </trkpt>
    <trkpt lat="40.632195" lon="14.483018">
      <ele>0</ele>
      <time>2026-04-13T12:11:03.157Z</time>
    </trkpt>
    <trkpt lat="40.632138" lon="14.483027">
      <ele>0</ele>
      <time>2026-04-13T12:11:04.255Z</time>
    </trkpt>
    <trkpt lat="40.632081" lon="14.483040">
      <ele>0</ele>
      <time>2026-04-13T12:11:05.352Z</time>
    </trkpt>
    <trkpt lat="40.632026" lon="14.483056">
      <ele>0</ele>
      <time>2026-04-13T12:11:06.450Z</time>
    </trkpt>
    <trkpt lat="40.631970" lon="14.483082">
      <ele>0</ele>
      <time>2026-04-13T12:11:07.548Z</time>
    </trkpt>
    <trkpt lat="40.631903" lon="14.483121">
      <ele>0</ele>
      <time>2026-04-13T12:11:08.646Z</time>
    </trkpt>
    <trkpt lat="40.631826" lon="14.483155">
      <ele>0</ele>
      <time>2026-04-13T12:11:09.744Z</time>
    </trkpt>
    <trkpt lat="40.631679" lon="14.483211">
      <ele>0</ele>
      <time>2026-04-13T12:11:10.842Z</time>
    </trkpt>
    <trkpt lat="40.631639" lon="14.483221">
      <ele>0</ele>
      <time>2026-04-13T12:11:11.940Z</time>
    </trkpt>
    <trkpt lat="40.631611" lon="14.483215">
      <ele>0</ele>
      <time>2026-04-13T12:11:13.038Z</time>
    </trkpt>
    <trkpt lat="40.631591" lon="14.483199">
      <ele>0</ele>
      <time>2026-04-13T12:11:14.136Z</time>
    </trkpt>
    <trkpt lat="40.631577" lon="14.483180">
      <ele>0</ele>
      <time>2026-04-13T12:11:15.234Z</time>
    </trkpt>
    <trkpt lat="40.631568" lon="14.483154">
      <ele>0</ele>
      <time>2026-04-13T12:11:16.332Z</time>
    </trkpt>
    <trkpt lat="40.631568" lon="14.483125">
      <ele>0</ele>
      <time>2026-04-13T12:11:17.430Z</time>
    </trkpt>
    <trkpt lat="40.631568" lon="14.483084">
      <ele>0</ele>
      <time>2026-04-13T12:11:18.527Z</time>
    </trkpt>
    <trkpt lat="40.631576" lon="14.483019">
      <ele>0</ele>
      <time>2026-04-13T12:11:19.625Z</time>
    </trkpt>
    <trkpt lat="40.631588" lon="14.482963">
      <ele>0</ele>
      <time>2026-04-13T12:11:20.723Z</time>
    </trkpt>
    <trkpt lat="40.631609" lon="14.482896">
      <ele>0</ele>
      <time>2026-04-13T12:11:21.821Z</time>
    </trkpt>
    <trkpt lat="40.631669" lon="14.482745">
      <ele>0</ele>
      <time>2026-04-13T12:11:22.919Z</time>
    </trkpt>
    <trkpt lat="40.631695" lon="14.482665">
      <ele>0</ele>
      <time>2026-04-13T12:11:24.017Z</time>
    </trkpt>
    <trkpt lat="40.631721" lon="14.482570">
      <ele>0</ele>
      <time>2026-04-13T12:11:25.115Z</time>
    </trkpt>
    <trkpt lat="40.631741" lon="14.482476">
      <ele>0</ele>
      <time>2026-04-13T12:11:26.213Z</time>
    </trkpt>
    <trkpt lat="40.631748" lon="14.482413">
      <ele>0</ele>
      <time>2026-04-13T12:11:27.311Z</time>
    </trkpt>
    <trkpt lat="40.631741" lon="14.482359">
      <ele>0</ele>
      <time>2026-04-13T12:11:28.409Z</time>
    </trkpt>
    <trkpt lat="40.631728" lon="14.482326">
      <ele>0</ele>
      <time>2026-04-13T12:11:29.507Z</time>
    </trkpt>
    <trkpt lat="40.631713" lon="14.482300">
      <ele>0</ele>
      <time>2026-04-13T12:11:30.604Z</time>
    </trkpt>
    <trkpt lat="40.631700" lon="14.482286">
      <ele>0</ele>
      <time>2026-04-13T12:11:31.702Z</time>
    </trkpt>
    <trkpt lat="40.631655" lon="14.482255">
      <ele>0</ele>
      <time>2026-04-13T12:11:32.800Z</time>
    </trkpt>
    <trkpt lat="40.631579" lon="14.482213">
      <ele>0</ele>
      <time>2026-04-13T12:11:33.898Z</time>
    </trkpt>
    <trkpt lat="40.631521" lon="14.482178">
      <ele>0</ele>
      <time>2026-04-13T12:11:34.996Z</time>
    </trkpt>
    <trkpt lat="40.631483" lon="14.482146">
      <ele>0</ele>
      <time>2026-04-13T12:11:36.094Z</time>
    </trkpt>
    <trkpt lat="40.631455" lon="14.482107">
      <ele>0</ele>
      <time>2026-04-13T12:11:37.192Z</time>
    </trkpt>
    <trkpt lat="40.631437" lon="14.482071">
      <ele>0</ele>
      <time>2026-04-13T12:11:38.290Z</time>
    </trkpt>
    <trkpt lat="40.631420" lon="14.482020">
      <ele>0</ele>
      <time>2026-04-13T12:11:39.388Z</time>
    </trkpt>
    <trkpt lat="40.631390" lon="14.481935">
      <ele>0</ele>
      <time>2026-04-13T12:11:40.486Z</time>
    </trkpt>
    <trkpt lat="40.631352" lon="14.481840">
      <ele>0</ele>
      <time>2026-04-13T12:11:41.584Z</time>
    </trkpt>
    <trkpt lat="40.631325" lon="14.481785">
      <ele>0</ele>
      <time>2026-04-13T12:11:42.682Z</time>
    </trkpt>
    <trkpt lat="40.631291" lon="14.481740">
      <ele>0</ele>
      <time>2026-04-13T12:11:43.779Z</time>
    </trkpt>
    <trkpt lat="40.631254" lon="14.481703">
      <ele>0</ele>
      <time>2026-04-13T12:11:44.877Z</time>
    </trkpt>
    <trkpt lat="40.631209" lon="14.481670">
      <ele>0</ele>
      <time>2026-04-13T12:11:45.975Z</time>
    </trkpt>
    <trkpt lat="40.631169" lon="14.481647">
      <ele>0</ele>
      <time>2026-04-13T12:11:47.073Z</time>
    </trkpt>
    <trkpt lat="40.631123" lon="14.481625">
      <ele>0</ele>
      <time>2026-04-13T12:11:48.171Z</time>
    </trkpt>
    <trkpt lat="40.631076" lon="14.481599">
      <ele>0</ele>
      <time>2026-04-13T12:11:49.269Z</time>
    </trkpt>
    <trkpt lat="40.631017" lon="14.481574">
      <ele>0</ele>
      <time>2026-04-13T12:11:50.367Z</time>
    </trkpt>
    <trkpt lat="40.630987" lon="14.481567">
      <ele>0</ele>
      <time>2026-04-13T12:11:51.465Z</time>
    </trkpt>
    <trkpt lat="40.630957" lon="14.481564">
      <ele>0</ele>
      <time>2026-04-13T12:11:52.563Z</time>
    </trkpt>
    <trkpt lat="40.630923" lon="14.481578">
      <ele>0</ele>
      <time>2026-04-13T12:11:53.661Z</time>
    </trkpt>
    <trkpt lat="40.630900" lon="14.481599">
      <ele>0</ele>
      <time>2026-04-13T12:11:54.759Z</time>
    </trkpt>
    <trkpt lat="40.630815" lon="14.481696">
      <ele>0</ele>
      <time>2026-04-13T12:11:55.857Z</time>
    </trkpt>
    <trkpt lat="40.630781" lon="14.481741">
      <ele>0</ele>
      <time>2026-04-13T12:11:56.954Z</time>
    </trkpt>
    <trkpt lat="40.630749" lon="14.481798">
      <ele>0</ele>
      <time>2026-04-13T12:11:58.052Z</time>
    </trkpt>
    <trkpt lat="40.630714" lon="14.481874">
      <ele>0</ele>
      <time>2026-04-13T12:11:59.150Z</time>
    </trkpt>
    <trkpt lat="40.630680" lon="14.481931">
      <ele>0</ele>
      <time>2026-04-13T12:12:00.248Z</time>
    </trkpt>
    <trkpt lat="40.630658" lon="14.481956">
      <ele>0</ele>
      <time>2026-04-13T12:12:01.346Z</time>
    </trkpt>
    <trkpt lat="40.630630" lon="14.481977">
      <ele>0</ele>
      <time>2026-04-13T12:12:02.444Z</time>
    </trkpt>
    <trkpt lat="40.630601" lon="14.481981">
      <ele>0</ele>
      <time>2026-04-13T12:12:03.542Z</time>
    </trkpt>
    <trkpt lat="40.630574" lon="14.481968">
      <ele>0</ele>
      <time>2026-04-13T12:12:04.640Z</time>
    </trkpt>
    <trkpt lat="40.630551" lon="14.481943">
      <ele>0</ele>
      <time>2026-04-13T12:12:05.738Z</time>
    </trkpt>
    <trkpt lat="40.630501" lon="14.481844">
      <ele>0</ele>
      <time>2026-04-13T12:12:06.836Z</time>
    </trkpt>
    <trkpt lat="40.630474" lon="14.481810">
      <ele>0</ele>
      <time>2026-04-13T12:12:07.934Z</time>
    </trkpt>
    <trkpt lat="40.630457" lon="14.481797">
      <ele>0</ele>
      <time>2026-04-13T12:12:09.031Z</time>
    </trkpt>
    <trkpt lat="40.630436" lon="14.481788">
      <ele>0</ele>
      <time>2026-04-13T12:12:10.129Z</time>
    </trkpt>
    <trkpt lat="40.630415" lon="14.481782">
      <ele>0</ele>
      <time>2026-04-13T12:12:11.227Z</time>
    </trkpt>
    <trkpt lat="40.630394" lon="14.481781">
      <ele>0</ele>
      <time>2026-04-13T12:12:12.325Z</time>
    </trkpt>
    <trkpt lat="40.630363" lon="14.481785">
      <ele>0</ele>
      <time>2026-04-13T12:12:13.423Z</time>
    </trkpt>
    <trkpt lat="40.630332" lon="14.481794">
      <ele>0</ele>
      <time>2026-04-13T12:12:14.521Z</time>
    </trkpt>
    <trkpt lat="40.630264" lon="14.481828">
      <ele>0</ele>
      <time>2026-04-13T12:12:15.619Z</time>
    </trkpt>
    <trkpt lat="40.630149" lon="14.481896">
      <ele>0</ele>
      <time>2026-04-13T12:12:16.717Z</time>
    </trkpt>
    <trkpt lat="40.630001" lon="14.481987">
      <ele>0</ele>
      <time>2026-04-13T12:12:17.815Z</time>
    </trkpt>
    <trkpt lat="40.629816" lon="14.482119">
      <ele>0</ele>
      <time>2026-04-13T12:12:18.913Z</time>
    </trkpt>
    <trkpt lat="40.629733" lon="14.482181">
      <ele>0</ele>
      <time>2026-04-13T12:12:20.011Z</time>
    </trkpt>
    <trkpt lat="40.629707" lon="14.482208">
      <ele>0</ele>
      <time>2026-04-13T12:12:21.109Z</time>
    </trkpt>
    <trkpt lat="40.629687" lon="14.482231">
      <ele>0</ele>
      <time>2026-04-13T12:12:22.206Z</time>
    </trkpt>
    <trkpt lat="40.629658" lon="14.482270">
      <ele>0</ele>
      <time>2026-04-13T12:12:23.304Z</time>
    </trkpt>
    <trkpt lat="40.629630" lon="14.482301">
      <ele>0</ele>
      <time>2026-04-13T12:12:24.402Z</time>
    </trkpt>
    <trkpt lat="40.629600" lon="14.482322">
      <ele>0</ele>
      <time>2026-04-13T12:12:25.500Z</time>
    </trkpt>
    <trkpt lat="40.629573" lon="14.482335">
      <ele>0</ele>
      <time>2026-04-13T12:12:26.598Z</time>
    </trkpt>
    <trkpt lat="40.629549" lon="14.482341">
      <ele>0</ele>
      <time>2026-04-13T12:12:27.696Z</time>
    </trkpt>
    <trkpt lat="40.629529" lon="14.482343">
      <ele>0</ele>
      <time>2026-04-13T12:12:28.794Z</time>
    </trkpt>
    <trkpt lat="40.629506" lon="14.482340">
      <ele>0</ele>
      <time>2026-04-13T12:12:29.892Z</time>
    </trkpt>
    <trkpt lat="40.629479" lon="14.482333">
      <ele>0</ele>
      <time>2026-04-13T12:12:30.990Z</time>
    </trkpt>
    <trkpt lat="40.629475" lon="14.482368">
      <ele>0</ele>
      <time>2026-04-13T12:12:32.088Z</time>
    </trkpt>
    <trkpt lat="40.629461" lon="14.482407">
      <ele>0</ele>
      <time>2026-04-13T12:12:33.186Z</time>
    </trkpt>
    <trkpt lat="40.629341" lon="14.482639">
      <ele>0</ele>
      <time>2026-04-13T12:12:34.284Z</time>
    </trkpt>
    <trkpt lat="40.629278" lon="14.482761">
      <ele>0</ele>
      <time>2026-04-13T12:12:35.381Z</time>
    </trkpt>
    <trkpt lat="40.629211" lon="14.482880">
      <ele>0</ele>
      <time>2026-04-13T12:12:36.479Z</time>
    </trkpt>
    <trkpt lat="40.629041" lon="14.483189">
      <ele>0</ele>
      <time>2026-04-13T12:12:37.577Z</time>
    </trkpt>
    <trkpt lat="40.629013" lon="14.483240">
      <ele>0</ele>
      <time>2026-04-13T12:12:38.675Z</time>
    </trkpt>
    <trkpt lat="40.628987" lon="14.483285">
      <ele>0</ele>
      <time>2026-04-13T12:12:39.773Z</time>
    </trkpt>
    <trkpt lat="40.628972" lon="14.483317">
      <ele>0</ele>
      <time>2026-04-13T12:12:40.871Z</time>
    </trkpt>
    <trkpt lat="40.628961" lon="14.483345">
      <ele>0</ele>
      <time>2026-04-13T12:12:41.969Z</time>
    </trkpt>
    <trkpt lat="40.628963" lon="14.483374">
      <ele>0</ele>
      <time>2026-04-13T12:12:43.067Z</time>
    </trkpt>
    <trkpt lat="40.628968" lon="14.483388">
      <ele>0</ele>
      <time>2026-04-13T12:12:44.165Z</time>
    </trkpt>
    <trkpt lat="40.628974" lon="14.483402">
      <ele>0</ele>
      <time>2026-04-13T12:12:45.263Z</time>
    </trkpt>
    <trkpt lat="40.628989" lon="14.483415">
      <ele>0</ele>
      <time>2026-04-13T12:12:46.361Z</time>
    </trkpt>
    <trkpt lat="40.629013" lon="14.483420">
      <ele>0</ele>
      <time>2026-04-13T12:12:47.458Z</time>
    </trkpt>
    <trkpt lat="40.629040" lon="14.483402">
      <ele>0</ele>
      <time>2026-04-13T12:12:48.556Z</time>
    </trkpt>
    <trkpt lat="40.629062" lon="14.483365">
      <ele>0</ele>
      <time>2026-04-13T12:12:49.654Z</time>
    </trkpt>
    <trkpt lat="40.629086" lon="14.483321">
      <ele>0</ele>
      <time>2026-04-13T12:12:50.752Z</time>
    </trkpt>
    <trkpt lat="40.629180" lon="14.483123">
      <ele>0</ele>
      <time>2026-04-13T12:12:51.850Z</time>
    </trkpt>
    <trkpt lat="40.629276" lon="14.482968">
      <ele>0</ele>
      <time>2026-04-13T12:12:52.948Z</time>
    </trkpt>
    <trkpt lat="40.629428" lon="14.482768">
      <ele>0</ele>
      <time>2026-04-13T12:12:54.046Z</time>
    </trkpt>
    <trkpt lat="40.629490" lon="14.482673">
      <ele>0</ele>
      <time>2026-04-13T12:12:55.144Z</time>
    </trkpt>
    <trkpt lat="40.629507" lon="14.482643">
      <ele>0</ele>
      <time>2026-04-13T12:12:56.242Z</time>
    </trkpt>
    <trkpt lat="40.629623" lon="14.482399">
      <ele>0</ele>
      <time>2026-04-13T12:12:57.340Z</time>
    </trkpt>
    <trkpt lat="40.629648" lon="14.482359">
      <ele>0</ele>
      <time>2026-04-13T12:12:58.438Z</time>
    </trkpt>
    <trkpt lat="40.629696" lon="14.482303">
      <ele>0</ele>
      <time>2026-04-13T12:12:59.536Z</time>
    </trkpt>
    <trkpt lat="40.629755" lon="14.482240">
      <ele>0</ele>
      <time>2026-04-13T12:13:00.633Z</time>
    </trkpt>
    <trkpt lat="40.629801" lon="14.482201">
      <ele>0</ele>
      <time>2026-04-13T12:13:01.731Z</time>
    </trkpt>
    <trkpt lat="40.629842" lon="14.482179">
      <ele>0</ele>
      <time>2026-04-13T12:13:02.829Z</time>
    </trkpt>
    <trkpt lat="40.629864" lon="14.482177">
      <ele>0</ele>
      <time>2026-04-13T12:13:03.927Z</time>
    </trkpt>
    <trkpt lat="40.629877" lon="14.482186">
      <ele>0</ele>
      <time>2026-04-13T12:13:05.025Z</time>
    </trkpt>
    <trkpt lat="40.629885" lon="14.482198">
      <ele>0</ele>
      <time>2026-04-13T12:13:06.123Z</time>
    </trkpt>
    <trkpt lat="40.629892" lon="14.482212">
      <ele>0</ele>
      <time>2026-04-13T12:13:07.221Z</time>
    </trkpt>
    <trkpt lat="40.629892" lon="14.482231">
      <ele>0</ele>
      <time>2026-04-13T12:13:08.319Z</time>
    </trkpt>
    <trkpt lat="40.629885" lon="14.482248">
      <ele>0</ele>
      <time>2026-04-13T12:13:09.417Z</time>
    </trkpt>
    <trkpt lat="40.629873" lon="14.482263">
      <ele>0</ele>
      <time>2026-04-13T12:13:10.515Z</time>
    </trkpt>
    <trkpt lat="40.629844" lon="14.482287">
      <ele>0</ele>
      <time>2026-04-13T12:13:11.613Z</time>
    </trkpt>
    <trkpt lat="40.629776" lon="14.482333">
      <ele>0</ele>
      <time>2026-04-13T12:13:12.710Z</time>
    </trkpt>
    <trkpt lat="40.629749" lon="14.482357">
      <ele>0</ele>
      <time>2026-04-13T12:13:13.808Z</time>
    </trkpt>
    <trkpt lat="40.629725" lon="14.482384">
      <ele>0</ele>
      <time>2026-04-13T12:13:14.906Z</time>
    </trkpt>
    <trkpt lat="40.629704" lon="14.482415">
      <ele>0</ele>
      <time>2026-04-13T12:13:16.004Z</time>
    </trkpt>
    <trkpt lat="40.629663" lon="14.482489">
      <ele>0</ele>
      <time>2026-04-13T12:13:17.102Z</time>
    </trkpt>
    <trkpt lat="40.629597" lon="14.482624">
      <ele>0</ele>
      <time>2026-04-13T12:13:18.200Z</time>
    </trkpt>
    <trkpt lat="40.629536" lon="14.482743">
      <ele>0</ele>
      <time>2026-04-13T12:13:19.298Z</time>
    </trkpt>
    <trkpt lat="40.629505" lon="14.482791">
      <ele>0</ele>
      <time>2026-04-13T12:13:20.396Z</time>
    </trkpt>
    <trkpt lat="40.629486" lon="14.482817">
      <ele>0</ele>
      <time>2026-04-13T12:13:21.494Z</time>
    </trkpt>
    <trkpt lat="40.629451" lon="14.482855">
      <ele>0</ele>
      <time>2026-04-13T12:13:22.592Z</time>
    </trkpt>
    <trkpt lat="40.629407" lon="14.482904">
      <ele>0</ele>
      <time>2026-04-13T12:13:23.690Z</time>
    </trkpt>
    <trkpt lat="40.629343" lon="14.482979">
      <ele>0</ele>
      <time>2026-04-13T12:13:24.788Z</time>
    </trkpt>
    <trkpt lat="40.629293" lon="14.483046">
      <ele>0</ele>
      <time>2026-04-13T12:13:25.885Z</time>
    </trkpt>
    <trkpt lat="40.629265" lon="14.483091">
      <ele>0</ele>
      <time>2026-04-13T12:13:26.983Z</time>
    </trkpt>
    <trkpt lat="40.629241" lon="14.483130">
      <ele>0</ele>
      <time>2026-04-13T12:13:28.081Z</time>
    </trkpt>
    <trkpt lat="40.629226" lon="14.483161">
      <ele>0</ele>
      <time>2026-04-13T12:13:29.179Z</time>
    </trkpt>
    <trkpt lat="40.629202" lon="14.483218">
      <ele>0</ele>
      <time>2026-04-13T12:13:30.277Z</time>
    </trkpt>
    <trkpt lat="40.629179" lon="14.483286">
      <ele>0</ele>
      <time>2026-04-13T12:13:31.375Z</time>
    </trkpt>
    <trkpt lat="40.629138" lon="14.483441">
      <ele>0</ele>
      <time>2026-04-13T12:13:32.473Z</time>
    </trkpt>
    <trkpt lat="40.629128" lon="14.483502">
      <ele>0</ele>
      <time>2026-04-13T12:13:33.571Z</time>
    </trkpt>
    <trkpt lat="40.629112" lon="14.483622">
      <ele>0</ele>
      <time>2026-04-13T12:13:34.669Z</time>
    </trkpt>
    <trkpt lat="40.629103" lon="14.483676">
      <ele>0</ele>
      <time>2026-04-13T12:13:35.767Z</time>
    </trkpt>
    <trkpt lat="40.629095" lon="14.483698">
      <ele>0</ele>
      <time>2026-04-13T12:13:36.865Z</time>
    </trkpt>
    <trkpt lat="40.629082" lon="14.483716">
      <ele>0</ele>
      <time>2026-04-13T12:13:37.963Z</time>
    </trkpt>
    <trkpt lat="40.629065" lon="14.483734">
      <ele>0</ele>
      <time>2026-04-13T12:13:39.060Z</time>
    </trkpt>
    <trkpt lat="40.629047" lon="14.483749">
      <ele>0</ele>
      <time>2026-04-13T12:13:40.158Z</time>
    </trkpt>
    <trkpt lat="40.628982" lon="14.483788">
      <ele>0</ele>
      <time>2026-04-13T12:13:41.256Z</time>
    </trkpt>
    <trkpt lat="40.628926" lon="14.483808">
      <ele>0</ele>
      <time>2026-04-13T12:13:42.354Z</time>
    </trkpt>
    <trkpt lat="40.628882" lon="14.483820">
      <ele>0</ele>
      <time>2026-04-13T12:13:43.452Z</time>
    </trkpt>
    <trkpt lat="40.628760" lon="14.483836">
      <ele>0</ele>
      <time>2026-04-13T12:13:44.550Z</time>
    </trkpt>
    <trkpt lat="40.628720" lon="14.483844">
      <ele>0</ele>
      <time>2026-04-13T12:13:45.648Z</time>
    </trkpt>
    <trkpt lat="40.628691" lon="14.483854">
      <ele>0</ele>
      <time>2026-04-13T12:13:46.746Z</time>
    </trkpt>
    <trkpt lat="40.628669" lon="14.483868">
      <ele>0</ele>
      <time>2026-04-13T12:13:47.844Z</time>
    </trkpt>
    <trkpt lat="40.628657" lon="14.483878">
      <ele>0</ele>
      <time>2026-04-13T12:13:48.942Z</time>
    </trkpt>
    <trkpt lat="40.628633" lon="14.483903">
      <ele>0</ele>
      <time>2026-04-13T12:13:50.040Z</time>
    </trkpt>
    <trkpt lat="40.628604" lon="14.483949">
      <ele>0</ele>
      <time>2026-04-13T12:13:51.137Z</time>
    </trkpt>
    <trkpt lat="40.628593" lon="14.483984">
      <ele>0</ele>
      <time>2026-04-13T12:13:52.235Z</time>
    </trkpt>
    <trkpt lat="40.628589" lon="14.484006">
      <ele>0</ele>
      <time>2026-04-13T12:13:53.333Z</time>
    </trkpt>
    <trkpt lat="40.628591" lon="14.484028">
      <ele>0</ele>
      <time>2026-04-13T12:13:54.431Z</time>
    </trkpt>
    <trkpt lat="40.628593" lon="14.484040">
      <ele>0</ele>
      <time>2026-04-13T12:13:55.529Z</time>
    </trkpt>
    <trkpt lat="40.628596" lon="14.484077">
      <ele>0</ele>
      <time>2026-04-13T12:13:56.627Z</time>
    </trkpt>
    <trkpt lat="40.628595" lon="14.484103">
      <ele>0</ele>
      <time>2026-04-13T12:13:57.725Z</time>
    </trkpt>
    <trkpt lat="40.628590" lon="14.484126">
      <ele>0</ele>
      <time>2026-04-13T12:13:58.823Z</time>
    </trkpt>
    <trkpt lat="40.628584" lon="14.484146">
      <ele>0</ele>
      <time>2026-04-13T12:13:59.921Z</time>
    </trkpt>
    <trkpt lat="40.628573" lon="14.484163">
      <ele>0</ele>
      <time>2026-04-13T12:14:01.019Z</time>
    </trkpt>
    <trkpt lat="40.628545" lon="14.484198">
      <ele>0</ele>
      <time>2026-04-13T12:14:02.117Z</time>
    </trkpt>
    <trkpt lat="40.628517" lon="14.484225">
      <ele>0</ele>
      <time>2026-04-13T12:14:03.215Z</time>
    </trkpt>
    <trkpt lat="40.628500" lon="14.484241">
      <ele>0</ele>
      <time>2026-04-13T12:14:04.312Z</time>
    </trkpt>
    <trkpt lat="40.628484" lon="14.484250">
      <ele>0</ele>
      <time>2026-04-13T12:14:05.410Z</time>
    </trkpt>
    <trkpt lat="40.628470" lon="14.484253">
      <ele>0</ele>
      <time>2026-04-13T12:14:06.508Z</time>
    </trkpt>
    <trkpt lat="40.628442" lon="14.484249">
      <ele>0</ele>
      <time>2026-04-13T12:14:07.606Z</time>
    </trkpt>
    <trkpt lat="40.628417" lon="14.484242">
      <ele>0</ele>
      <time>2026-04-13T12:14:08.704Z</time>
    </trkpt>
    <trkpt lat="40.628391" lon="14.484230">
      <ele>0</ele>
      <time>2026-04-13T12:14:09.802Z</time>
    </trkpt>
    <trkpt lat="40.628370" lon="14.484216">
      <ele>0</ele>
      <time>2026-04-13T12:14:10.900Z</time>
    </trkpt>
    <trkpt lat="40.628356" lon="14.484202">
      <ele>0</ele>
      <time>2026-04-13T12:14:11.998Z</time>
    </trkpt>
    <trkpt lat="40.628339" lon="14.484180">
      <ele>0</ele>
      <time>2026-04-13T12:14:13.096Z</time>
    </trkpt>
    <trkpt lat="40.628324" lon="14.484143">
      <ele>0</ele>
      <time>2026-04-13T12:14:14.194Z</time>
    </trkpt>
    <trkpt lat="40.628318" lon="14.484111">
      <ele>0</ele>
      <time>2026-04-13T12:14:15.292Z</time>
    </trkpt>
    <trkpt lat="40.628318" lon="14.484084">
      <ele>0</ele>
      <time>2026-04-13T12:14:16.390Z</time>
    </trkpt>
    <trkpt lat="40.628320" lon="14.484055">
      <ele>0</ele>
      <time>2026-04-13T12:14:17.487Z</time>
    </trkpt>
    <trkpt lat="40.628331" lon="14.484011">
      <ele>0</ele>
      <time>2026-04-13T12:14:18.585Z</time>
    </trkpt>
    <trkpt lat="40.628340" lon="14.483955">
      <ele>0</ele>
      <time>2026-04-13T12:14:19.683Z</time>
    </trkpt>
    <trkpt lat="40.628343" lon="14.483903">
      <ele>0</ele>
      <time>2026-04-13T12:14:20.781Z</time>
    </trkpt>
    <trkpt lat="40.628341" lon="14.483854">
      <ele>0</ele>
      <time>2026-04-13T12:14:21.879Z</time>
    </trkpt>
    <trkpt lat="40.628338" lon="14.483800">
      <ele>0</ele>
      <time>2026-04-13T12:14:22.977Z</time>
    </trkpt>
    <trkpt lat="40.628330" lon="14.483727">
      <ele>0</ele>
      <time>2026-04-13T12:14:24.075Z</time>
    </trkpt>
    <trkpt lat="40.628325" lon="14.483690">
      <ele>0</ele>
      <time>2026-04-13T12:14:25.173Z</time>
    </trkpt>
    <trkpt lat="40.628319" lon="14.483628">
      <ele>0</ele>
      <time>2026-04-13T12:14:26.271Z</time>
    </trkpt>
    <trkpt lat="40.628316" lon="14.483516">
      <ele>0</ele>
      <time>2026-04-13T12:14:27.369Z</time>
    </trkpt>
    <trkpt lat="40.628316" lon="14.483440">
      <ele>0</ele>
      <time>2026-04-13T12:14:28.467Z</time>
    </trkpt>
    <trkpt lat="40.628318" lon="14.483302">
      <ele>0</ele>
      <time>2026-04-13T12:14:29.564Z</time>
    </trkpt>
    <trkpt lat="40.628326" lon="14.483134">
      <ele>0</ele>
      <time>2026-04-13T12:14:30.662Z</time>
    </trkpt>
    <trkpt lat="40.628330" lon="14.483089">
      <ele>0</ele>
      <time>2026-04-13T12:14:31.760Z</time>
    </trkpt>
    <trkpt lat="40.628334" lon="14.483053">
      <ele>0</ele>
      <time>2026-04-13T12:14:32.858Z</time>
    </trkpt>
    <trkpt lat="40.628344" lon="14.483012">
      <ele>0</ele>
      <time>2026-04-13T12:14:33.956Z</time>
    </trkpt>
    <trkpt lat="40.628358" lon="14.482960">
      <ele>0</ele>
      <time>2026-04-13T12:14:35.054Z</time>
    </trkpt>
    <trkpt lat="40.628374" lon="14.482917">
      <ele>0</ele>
      <time>2026-04-13T12:14:36.152Z</time>
    </trkpt>
    <trkpt lat="40.628383" lon="14.482894">
      <ele>0</ele>
      <time>2026-04-13T12:14:37.250Z</time>
    </trkpt>
    <trkpt lat="40.628420" lon="14.482799">
      <ele>0</ele>
      <time>2026-04-13T12:14:38.348Z</time>
    </trkpt>
    <trkpt lat="40.628492" lon="14.482615">
      <ele>0</ele>
      <time>2026-04-13T12:14:39.446Z</time>
    </trkpt>
    <trkpt lat="40.628639" lon="14.482244">
      <ele>0</ele>
      <time>2026-04-13T12:14:40.544Z</time>
    </trkpt>
    <trkpt lat="40.628710" lon="14.482068">
      <ele>0</ele>
      <time>2026-04-13T12:14:41.642Z</time>
    </trkpt>
    <trkpt lat="40.628734" lon="14.481996">
      <ele>0</ele>
      <time>2026-04-13T12:14:42.739Z</time>
    </trkpt>
    <trkpt lat="40.628749" lon="14.481942">
      <ele>0</ele>
      <time>2026-04-13T12:14:43.837Z</time>
    </trkpt>
    <trkpt lat="40.628767" lon="14.481865">
      <ele>0</ele>
      <time>2026-04-13T12:14:44.935Z</time>
    </trkpt>
    <trkpt lat="40.628783" lon="14.481789">
      <ele>0</ele>
      <time>2026-04-13T12:14:46.033Z</time>
    </trkpt>
    <trkpt lat="40.628801" lon="14.481684">
      <ele>0</ele>
      <time>2026-04-13T12:14:47.131Z</time>
    </trkpt>
    <trkpt lat="40.628812" lon="14.481611">
      <ele>0</ele>
      <time>2026-04-13T12:14:48.229Z</time>
    </trkpt>
    <trkpt lat="40.628818" lon="14.481522">
      <ele>0</ele>
      <time>2026-04-13T12:14:49.327Z</time>
    </trkpt>
    <trkpt lat="40.628821" lon="14.481470">
      <ele>0</ele>
      <time>2026-04-13T12:14:50.425Z</time>
    </trkpt>
    <trkpt lat="40.628824" lon="14.481422">
      <ele>0</ele>
      <time>2026-04-13T12:14:51.523Z</time>
    </trkpt>
    <trkpt lat="40.628826" lon="14.481343">
      <ele>0</ele>
      <time>2026-04-13T12:14:52.621Z</time>
    </trkpt>
    <trkpt lat="40.628826" lon="14.481267">
      <ele>0</ele>
      <time>2026-04-13T12:14:53.719Z</time>
    </trkpt>
    <trkpt lat="40.628825" lon="14.481151">
      <ele>0</ele>
      <time>2026-04-13T12:14:54.816Z</time>
    </trkpt>
    <trkpt lat="40.628822" lon="14.481033">
      <ele>0</ele>
      <time>2026-04-13T12:14:55.914Z</time>
    </trkpt>
    <trkpt lat="40.628819" lon="14.480949">
      <ele>0</ele>
      <time>2026-04-13T12:14:57.012Z</time>
    </trkpt>
    <trkpt lat="40.628817" lon="14.480833">
      <ele>0</ele>
      <time>2026-04-13T12:14:58.110Z</time>
    </trkpt>
    <trkpt lat="40.628820" lon="14.480796">
      <ele>0</ele>
      <time>2026-04-13T12:14:59.208Z</time>
    </trkpt>
    <trkpt lat="40.628827" lon="14.480756">
      <ele>0</ele>
      <time>2026-04-13T12:15:00.306Z</time>
    </trkpt>
    <trkpt lat="40.628840" lon="14.480700">
      <ele>0</ele>
      <time>2026-04-13T12:15:01.404Z</time>
    </trkpt>
    <trkpt lat="40.628856" lon="14.480635">
      <ele>0</ele>
      <time>2026-04-13T12:15:02.502Z</time>
    </trkpt>
    <trkpt lat="40.628882" lon="14.480539">
      <ele>0</ele>
      <time>2026-04-13T12:15:03.600Z</time>
    </trkpt>
    <trkpt lat="40.628979" lon="14.480166">
      <ele>0</ele>
      <time>2026-04-13T12:15:04.698Z</time>
    </trkpt>
    <trkpt lat="40.628998" lon="14.480086">
      <ele>0</ele>
      <time>2026-04-13T12:15:05.796Z</time>
    </trkpt>
    <trkpt lat="40.628999" lon="14.480046">
      <ele>0</ele>
      <time>2026-04-13T12:15:06.894Z</time>
    </trkpt>
    <trkpt lat="40.628992" lon="14.480012">
      <ele>0</ele>
      <time>2026-04-13T12:15:07.991Z</time>
    </trkpt>
    <trkpt lat="40.628977" lon="14.479993">
      <ele>0</ele>
      <time>2026-04-13T12:15:09.089Z</time>
    </trkpt>
    <trkpt lat="40.628944" lon="14.479970">
      <ele>0</ele>
      <time>2026-04-13T12:15:10.187Z</time>
    </trkpt>
    <trkpt lat="40.628891" lon="14.479947">
      <ele>0</ele>
      <time>2026-04-13T12:15:11.285Z</time>
    </trkpt>
    <trkpt lat="40.628834" lon="14.479928">
      <ele>0</ele>
      <time>2026-04-13T12:15:12.383Z</time>
    </trkpt>
    <trkpt lat="40.628811" lon="14.479939">
      <ele>0</ele>
      <time>2026-04-13T12:15:13.481Z</time>
    </trkpt>
    <trkpt lat="40.628784" lon="14.479967">
      <ele>0</ele>
      <time>2026-04-13T12:15:14.579Z</time>
    </trkpt>
    <trkpt lat="40.628705" lon="14.480068">
      <ele>0</ele>
      <time>2026-04-13T12:15:15.677Z</time>
    </trkpt>
    <trkpt lat="40.628639" lon="14.480158">
      <ele>0</ele>
      <time>2026-04-13T12:15:16.775Z</time>
    </trkpt>
    <trkpt lat="40.628612" lon="14.480193">
      <ele>0</ele>
      <time>2026-04-13T12:15:17.873Z</time>
    </trkpt>
    <trkpt lat="40.628584" lon="14.480221">
      <ele>0</ele>
      <time>2026-04-13T12:15:18.971Z</time>
    </trkpt>
    <trkpt lat="40.628562" lon="14.480231">
      <ele>0</ele>
      <time>2026-04-13T12:15:20.069Z</time>
    </trkpt>
    <trkpt lat="40.628543" lon="14.480240">
      <ele>0</ele>
      <time>2026-04-13T12:15:21.166Z</time>
    </trkpt>
    <trkpt lat="40.628502" lon="14.480242">
      <ele>0</ele>
      <time>2026-04-13T12:15:22.264Z</time>
    </trkpt>
    <trkpt lat="40.628413" lon="14.480232">
      <ele>0</ele>
      <time>2026-04-13T12:15:23.362Z</time>
    </trkpt>
    <trkpt lat="40.628293" lon="14.480217">
      <ele>0</ele>
      <time>2026-04-13T12:15:24.460Z</time>
    </trkpt>
    <trkpt lat="40.628259" lon="14.480216">
      <ele>0</ele>
      <time>2026-04-13T12:15:25.558Z</time>
    </trkpt>
    <trkpt lat="40.628241" lon="14.480217">
      <ele>0</ele>
      <time>2026-04-13T12:15:26.656Z</time>
    </trkpt>
    <trkpt lat="40.628228" lon="14.480220">
      <ele>0</ele>
      <time>2026-04-13T12:15:27.754Z</time>
    </trkpt>
    <trkpt lat="40.628215" lon="14.480227">
      <ele>0</ele>
      <time>2026-04-13T12:15:28.852Z</time>
    </trkpt>
    <trkpt lat="40.628201" lon="14.480239">
      <ele>0</ele>
      <time>2026-04-13T12:15:29.950Z</time>
    </trkpt>
    <trkpt lat="40.628193" lon="14.480256">
      <ele>0</ele>
      <time>2026-04-13T12:15:31.048Z</time>
    </trkpt>
    <trkpt lat="40.628190" lon="14.480273">
      <ele>0</ele>
      <time>2026-04-13T12:15:32.146Z</time>
    </trkpt>
    <trkpt lat="40.628189" lon="14.480300">
      <ele>0</ele>
      <time>2026-04-13T12:15:33.243Z</time>
    </trkpt>
    <trkpt lat="40.628198" lon="14.480323">
      <ele>0</ele>
      <time>2026-04-13T12:15:34.341Z</time>
    </trkpt>
    <trkpt lat="40.628209" lon="14.480335">
      <ele>0</ele>
      <time>2026-04-13T12:15:35.439Z</time>
    </trkpt>
    <trkpt lat="40.628225" lon="14.480340">
      <ele>0</ele>
      <time>2026-04-13T12:15:36.537Z</time>
    </trkpt>
    <trkpt lat="40.628254" lon="14.480349">
      <ele>0</ele>
      <time>2026-04-13T12:15:37.635Z</time>
    </trkpt>
    <trkpt lat="40.628300" lon="14.480363">
      <ele>0</ele>
      <time>2026-04-13T12:15:38.733Z</time>
    </trkpt>
    <trkpt lat="40.628329" lon="14.480376">
      <ele>0</ele>
      <time>2026-04-13T12:15:39.831Z</time>
    </trkpt>
    <trkpt lat="40.628351" lon="14.480387">
      <ele>0</ele>
      <time>2026-04-13T12:15:40.929Z</time>
    </trkpt>
    <trkpt lat="40.628367" lon="14.480396">
      <ele>0</ele>
      <time>2026-04-13T12:15:42.027Z</time>
    </trkpt>
    <trkpt lat="40.628380" lon="14.480407">
      <ele>0</ele>
      <time>2026-04-13T12:15:43.125Z</time>
    </trkpt>
    <trkpt lat="40.628399" lon="14.480424">
      <ele>0</ele>
      <time>2026-04-13T12:15:44.223Z</time>
    </trkpt>
    <trkpt lat="40.628421" lon="14.480451">
      <ele>0</ele>
      <time>2026-04-13T12:15:45.321Z</time>
    </trkpt>
    <trkpt lat="40.628439" lon="14.480479">
      <ele>0</ele>
      <time>2026-04-13T12:15:46.418Z</time>
    </trkpt>
    <trkpt lat="40.628453" lon="14.480509">
      <ele>0</ele>
      <time>2026-04-13T12:15:47.516Z</time>
    </trkpt>
    <trkpt lat="40.628464" lon="14.480537">
      <ele>0</ele>
      <time>2026-04-13T12:15:48.614Z</time>
    </trkpt>
    <trkpt lat="40.628475" lon="14.480577">
      <ele>0</ele>
      <time>2026-04-13T12:15:49.712Z</time>
    </trkpt>
    <trkpt lat="40.628494" lon="14.480650">
      <ele>0</ele>
      <time>2026-04-13T12:15:50.810Z</time>
    </trkpt>
    <trkpt lat="40.628499" lon="14.480701">
      <ele>0</ele>
      <time>2026-04-13T12:15:51.908Z</time>
    </trkpt>
    <trkpt lat="40.628498" lon="14.480762">
      <ele>0</ele>
      <time>2026-04-13T12:15:53.006Z</time>
    </trkpt>
    <trkpt lat="40.628494" lon="14.480884">
      <ele>0</ele>
      <time>2026-04-13T12:15:54.104Z</time>
    </trkpt>
    <trkpt lat="40.628486" lon="14.480931">
      <ele>0</ele>
      <time>2026-04-13T12:15:55.202Z</time>
    </trkpt>
    <trkpt lat="40.628460" lon="14.481064">
      <ele>0</ele>
      <time>2026-04-13T12:15:56.300Z</time>
    </trkpt>
    <trkpt lat="40.628433" lon="14.481141">
      <ele>0</ele>
      <time>2026-04-13T12:15:57.398Z</time>
    </trkpt>
    <trkpt lat="40.628409" lon="14.481201">
      <ele>0</ele>
      <time>2026-04-13T12:15:58.496Z</time>
    </trkpt>
    <trkpt lat="40.628323" lon="14.481408">
      <ele>0</ele>
      <time>2026-04-13T12:15:59.593Z</time>
    </trkpt>
    <trkpt lat="40.628278" lon="14.481594">
      <ele>0</ele>
      <time>2026-04-13T12:16:00.691Z</time>
    </trkpt>
    <trkpt lat="40.628243" lon="14.481792">
      <ele>0</ele>
      <time>2026-04-13T12:16:01.789Z</time>
    </trkpt>
    <trkpt lat="40.628199" lon="14.482038">
      <ele>0</ele>
      <time>2026-04-13T12:16:02.887Z</time>
    </trkpt>
    <trkpt lat="40.628125" lon="14.482448">
      <ele>0</ele>
      <time>2026-04-13T12:16:03.985Z</time>
    </trkpt>
    <trkpt lat="40.628080" lon="14.482632">
      <ele>0</ele>
      <time>2026-04-13T12:16:05.083Z</time>
    </trkpt>
    <trkpt lat="40.628053" lon="14.482727">
      <ele>0</ele>
      <time>2026-04-13T12:16:06.181Z</time>
    </trkpt>
    <trkpt lat="40.627998" lon="14.482918">
      <ele>0</ele>
      <time>2026-04-13T12:16:07.279Z</time>
    </trkpt>
    <trkpt lat="40.627878" lon="14.483275">
      <ele>0</ele>
      <time>2026-04-13T12:16:08.377Z</time>
    </trkpt>
    <trkpt lat="40.627835" lon="14.483404">
      <ele>0</ele>
      <time>2026-04-13T12:16:09.475Z</time>
    </trkpt>
    <trkpt lat="40.627832" lon="14.483413">
      <ele>0</ele>
      <time>2026-04-13T12:16:10.573Z</time>
    </trkpt>
    <trkpt lat="40.627812" lon="14.483474">
      <ele>0</ele>
      <time>2026-04-13T12:16:11.670Z</time>
    </trkpt>
    <trkpt lat="40.627784" lon="14.483547">
      <ele>0</ele>
      <time>2026-04-13T12:16:12.768Z</time>
    </trkpt>
    <trkpt lat="40.627760" lon="14.483602">
      <ele>0</ele>
      <time>2026-04-13T12:16:13.866Z</time>
    </trkpt>
    <trkpt lat="40.627740" lon="14.483641">
      <ele>0</ele>
      <time>2026-04-13T12:16:14.964Z</time>
    </trkpt>
    <trkpt lat="40.627730" lon="14.483663">
      <ele>0</ele>
      <time>2026-04-13T12:16:16.062Z</time>
    </trkpt>
    <trkpt lat="40.627716" lon="14.483687">
      <ele>0</ele>
      <time>2026-04-13T12:16:17.160Z</time>
    </trkpt>
    <trkpt lat="40.627682" lon="14.483735">
      <ele>0</ele>
      <time>2026-04-13T12:16:18.258Z</time>
    </trkpt>
    <trkpt lat="40.627623" lon="14.483821">
      <ele>0</ele>
      <time>2026-04-13T12:16:19.356Z</time>
    </trkpt>
    <trkpt lat="40.627588" lon="14.483876">
      <ele>0</ele>
      <time>2026-04-13T12:16:20.454Z</time>
    </trkpt>
    <trkpt lat="40.627570" lon="14.483910">
      <ele>0</ele>
      <time>2026-04-13T12:16:21.552Z</time>
    </trkpt>
    <trkpt lat="40.627557" lon="14.483933">
      <ele>0</ele>
      <time>2026-04-13T12:16:22.650Z</time>
    </trkpt>
    <trkpt lat="40.627546" lon="14.483955">
      <ele>0</ele>
      <time>2026-04-13T12:16:23.748Z</time>
    </trkpt>
    <trkpt lat="40.627534" lon="14.483984">
      <ele>0</ele>
      <time>2026-04-13T12:16:24.845Z</time>
    </trkpt>
    <trkpt lat="40.627523" lon="14.484013">
      <ele>0</ele>
      <time>2026-04-13T12:16:25.943Z</time>
    </trkpt>
    <trkpt lat="40.627512" lon="14.484046">
      <ele>0</ele>
      <time>2026-04-13T12:16:27.041Z</time>
    </trkpt>
    <trkpt lat="40.627493" lon="14.484100">
      <ele>0</ele>
      <time>2026-04-13T12:16:28.139Z</time>
    </trkpt>
    <trkpt lat="40.627487" lon="14.484122">
      <ele>0</ele>
      <time>2026-04-13T12:16:29.237Z</time>
    </trkpt>
    <trkpt lat="40.627483" lon="14.484148">
      <ele>0</ele>
      <time>2026-04-13T12:16:30.335Z</time>
    </trkpt>
    <trkpt lat="40.627479" lon="14.484190">
      <ele>0</ele>
      <time>2026-04-13T12:16:31.433Z</time>
    </trkpt>
    <trkpt lat="40.627479" lon="14.484250">
      <ele>0</ele>
      <time>2026-04-13T12:16:32.531Z</time>
    </trkpt>
    <trkpt lat="40.627489" lon="14.484323">
      <ele>0</ele>
      <time>2026-04-13T12:16:33.629Z</time>
    </trkpt>
    <trkpt lat="40.627501" lon="14.484385">
      <ele>0</ele>
      <time>2026-04-13T12:16:34.727Z</time>
    </trkpt>
    <trkpt lat="40.627610" lon="14.484746">
      <ele>0</ele>
      <time>2026-04-13T12:16:35.825Z</time>
    </trkpt>
    <trkpt lat="40.627674" lon="14.484934">
      <ele>0</ele>
      <time>2026-04-13T12:16:36.922Z</time>
    </trkpt>
    <trkpt lat="40.627735" lon="14.485111">
      <ele>0</ele>
      <time>2026-04-13T12:16:38.020Z</time>
    </trkpt>
    <trkpt lat="40.627746" lon="14.485142">
      <ele>0</ele>
      <time>2026-04-13T12:16:39.118Z</time>
    </trkpt>
    <trkpt lat="40.627760" lon="14.485173">
      <ele>0</ele>
      <time>2026-04-13T12:16:40.216Z</time>
    </trkpt>
    <trkpt lat="40.627785" lon="14.485205">
      <ele>0</ele>
      <time>2026-04-13T12:16:41.314Z</time>
    </trkpt>
    <trkpt lat="40.627820" lon="14.485229">
      <ele>0</ele>
      <time>2026-04-13T12:16:42.412Z</time>
    </trkpt>
    <trkpt lat="40.627853" lon="14.485245">
      <ele>0</ele>
      <time>2026-04-13T12:16:43.510Z</time>
    </trkpt>
    <trkpt lat="40.627874" lon="14.485250">
      <ele>0</ele>
      <time>2026-04-13T12:16:44.608Z</time>
    </trkpt>
    <trkpt lat="40.627926" lon="14.485257">
      <ele>0</ele>
      <time>2026-04-13T12:16:45.706Z</time>
    </trkpt>
    <trkpt lat="40.628022" lon="14.485264">
      <ele>0</ele>
      <time>2026-04-13T12:16:46.804Z</time>
    </trkpt>
    <trkpt lat="40.628092" lon="14.485267">
      <ele>0</ele>
      <time>2026-04-13T12:16:47.902Z</time>
    </trkpt>
  </trkseg>
</trk>
</gpx>