<?xml version="1.0" encoding="UTF-8"?>
<gpx xmlns="http://www.topografix.com/GPX/1/1" version="1.1" creator="MotoMap">
  <trk>
    <name>amalfi</name>
    <trkseg>
      <trkpt lat="40.667861" lon="14.725994"><ele>0</ele></trkpt>
      <trkpt lat="40.667864" lon="14.726417"><ele>0</ele></trkpt>
      <trkpt lat="40.667863" lon="14.726435"><ele>0</ele></trkpt>
      <trkpt lat="40.667863" lon="14.726524"><ele>0</ele></trkpt>
      <trkpt lat="40.667855" lon="14.726570"><ele>0</ele></trkpt>
      <trkpt lat="40.667835" lon="14.726602"><ele>0</ele></trkpt>
      <trkpt lat="40.667821" lon="14.726631"><ele>0</ele></trkpt>
      <trkpt lat="40.667809" lon="14.726666"><ele>0</ele></trkpt>
      <trkpt lat="40.667807" lon="14.726709"><ele>0</ele></trkpt>
      <trkpt lat="40.667807" lon="14.726838"><ele>0</ele></trkpt>
      <trkpt lat="40.667807" lon="14.727245"><ele>0</ele></trkpt>
      <trkpt lat="40.667809" lon="14.727326"><ele>0</ele></trkpt>
      <trkpt lat="40.667815" lon="14.727358"><ele>0</ele></trkpt>
      <trkpt lat="40.667829" lon="14.727382"><ele>0</ele></trkpt>
      <trkpt lat="40.667844" lon="14.727391"><ele>0</ele></trkpt>
      <trkpt lat="40.667868" lon="14.727389"><ele>0</ele></trkpt>
      <trkpt lat="40.667894" lon="14.727376"><ele>0</ele></trkpt>
      <trkpt lat="40.667913" lon="14.727342"><ele>0</ele></trkpt>
      <trkpt lat="40.667926" lon="14.727232"><ele>0</ele></trkpt>
      <trkpt lat="40.667938" lon="14.726924"><ele>0</ele></trkpt>
      <trkpt lat="40.667944" lon="14.726749"><ele>0</ele></trkpt>
      <trkpt lat="40.667947" lon="14.726554"><ele>0</ele></trkpt>
      <trkpt lat="40.667950" lon="14.726417"><ele>0</ele></trkpt>
      <trkpt lat="40.667950" lon="14.726387"><ele>0</ele></trkpt>
      <trkpt lat="40.667951" lon="14.726342"><ele>0</ele></trkpt>
      <trkpt lat="40.667959" lon="14.726024"><ele>0</ele></trkpt>
      <trkpt lat="40.667953" lon="14.725488"><ele>0</ele></trkpt>
      <trkpt lat="40.668002" lon="14.725483"><ele>0</ele></trkpt>
      <trkpt lat="40.668012" lon="14.725484"><ele>0</ele></trkpt>
      <trkpt lat="40.668054" lon="14.725488"><ele>0</ele></trkpt>
      <trkpt lat="40.668058" lon="14.725572"><ele>0</ele></trkpt>
      <trkpt lat="40.668060" lon="14.725630"><ele>0</ele></trkpt>
      <trkpt lat="40.668075" lon="14.725820"><ele>0</ele></trkpt>
      <trkpt lat="40.668092" lon="14.726019"><ele>0</ele></trkpt>
      <trkpt lat="40.668112" lon="14.726263"><ele>0</ele></trkpt>
      <trkpt lat="40.668122" lon="14.726390"><ele>0</ele></trkpt>
      <trkpt lat="40.668169" lon="14.727113"><ele>0</ele></trkpt>
      <trkpt lat="40.668160" lon="14.727223"><ele>0</ele></trkpt>
      <trkpt lat="40.668141" lon="14.727310"><ele>0</ele></trkpt>
      <trkpt lat="40.668109" lon="14.727386"><ele>0</ele></trkpt>
      <trkpt lat="40.668082" lon="14.727446"><ele>0</ele></trkpt>
      <trkpt lat="40.668050" lon="14.727502"><ele>0</ele></trkpt>
      <trkpt lat="40.668012" lon="14.727578"><ele>0</ele></trkpt>
      <trkpt lat="40.667978" lon="14.727633"><ele>0</ele></trkpt>
      <trkpt lat="40.667946" lon="14.727722"><ele>0</ele></trkpt>
      <trkpt lat="40.667916" lon="14.727836"><ele>0</ele></trkpt>
      <trkpt lat="40.667906" lon="14.727969"><ele>0</ele></trkpt>
      <trkpt lat="40.667915" lon="14.728079"><ele>0</ele></trkpt>
      <trkpt lat="40.667934" lon="14.728194"><ele>0</ele></trkpt>
      <trkpt lat="40.667959" lon="14.728281"><ele>0</ele></trkpt>
      <trkpt lat="40.668031" lon="14.728503"><ele>0</ele></trkpt>
      <trkpt lat="40.668063" lon="14.728599"><ele>0</ele></trkpt>
      <trkpt lat="40.668148" lon="14.728854"><ele>0</ele></trkpt>
      <trkpt lat="40.668192" lon="14.728988"><ele>0</ele></trkpt>
      <trkpt lat="40.668228" lon="14.729118"><ele>0</ele></trkpt>
      <trkpt lat="40.668243" lon="14.729164"><ele>0</ele></trkpt>
      <trkpt lat="40.668256" lon="14.729203"><ele>0</ele></trkpt>
      <trkpt lat="40.668275" lon="14.729244"><ele>0</ele></trkpt>
      <trkpt lat="40.668292" lon="14.729276"><ele>0</ele></trkpt>
      <trkpt lat="40.668311" lon="14.729306"><ele>0</ele></trkpt>
      <trkpt lat="40.668342" lon="14.729346"><ele>0</ele></trkpt>
      <trkpt lat="40.668407" lon="14.729408"><ele>0</ele></trkpt>
      <trkpt lat="40.668436" lon="14.729435"><ele>0</ele></trkpt>
      <trkpt lat="40.668662" lon="14.729646"><ele>0</ele></trkpt>
      <trkpt lat="40.668715" lon="14.729695"><ele>0</ele></trkpt>
      <trkpt lat="40.668741" lon="14.729720"><ele>0</ele></trkpt>
      <trkpt lat="40.668870" lon="14.729847"><ele>0</ele></trkpt>
      <trkpt lat="40.668948" lon="14.729926"><ele>0</ele></trkpt>
      <trkpt lat="40.668986" lon="14.729981"><ele>0</ele></trkpt>
      <trkpt lat="40.669010" lon="14.730057"><ele>0</ele></trkpt>
      <trkpt lat="40.669055" lon="14.730222"><ele>0</ele></trkpt>
      <trkpt lat="40.669120" lon="14.730463"><ele>0</ele></trkpt>
      <trkpt lat="40.669144" lon="14.730539"><ele>0</ele></trkpt>
      <trkpt lat="40.669148" lon="14.730554"><ele>0</ele></trkpt>
      <trkpt lat="40.669183" lon="14.730607"><ele>0</ele></trkpt>
      <trkpt lat="40.669287" lon="14.730774"><ele>0</ele></trkpt>
      <trkpt lat="40.669355" lon="14.730894"><ele>0</ele></trkpt>
      <trkpt lat="40.669396" lon="14.731015"><ele>0</ele></trkpt>
      <trkpt lat="40.669428" lon="14.731085"><ele>0</ele></trkpt>
      <trkpt lat="40.669451" lon="14.731137"><ele>0</ele></trkpt>
      <trkpt lat="40.669470" lon="14.731167"><ele>0</ele></trkpt>
      <trkpt lat="40.669489" lon="14.731191"><ele>0</ele></trkpt>
      <trkpt lat="40.669529" lon="14.731212"><ele>0</ele></trkpt>
      <trkpt lat="40.669579" lon="14.731229"><ele>0</ele></trkpt>
      <trkpt lat="40.669637" lon="14.731233"><ele>0</ele></trkpt>
      <trkpt lat="40.669708" lon="14.731185"><ele>0</ele></trkpt>
      <trkpt lat="40.669795" lon="14.731072"><ele>0</ele></trkpt>
      <trkpt lat="40.670021" lon="14.730778"><ele>0</ele></trkpt>
      <trkpt lat="40.670066" lon="14.730731"><ele>0</ele></trkpt>
      <trkpt lat="40.670097" lon="14.730710"><ele>0</ele></trkpt>
      <trkpt lat="40.670142" lon="14.730697"><ele>0</ele></trkpt>
      <trkpt lat="40.670194" lon="14.730698"><ele>0</ele></trkpt>
      <trkpt lat="40.670251" lon="14.730730"><ele>0</ele></trkpt>
      <trkpt lat="40.670287" lon="14.730783"><ele>0</ele></trkpt>
      <trkpt lat="40.670324" lon="14.730844"><ele>0</ele></trkpt>
      <trkpt lat="40.670364" lon="14.730925"><ele>0</ele></trkpt>
      <trkpt lat="40.670420" lon="14.731063"><ele>0</ele></trkpt>
      <trkpt lat="40.670443" lon="14.731154"><ele>0</ele></trkpt>
      <trkpt lat="40.670451" lon="14.731244"><ele>0</ele></trkpt>
      <trkpt lat="40.670452" lon="14.731324"><ele>0</ele></trkpt>
      <trkpt lat="40.670442" lon="14.731574"><ele>0</ele></trkpt>
      <trkpt lat="40.670422" lon="14.731827"><ele>0</ele></trkpt>
      <trkpt lat="40.670417" lon="14.731883"><ele>0</ele></trkpt>
      <trkpt lat="40.670414" lon="14.731936"><ele>0</ele></trkpt>
      <trkpt lat="40.670413" lon="14.731967"><ele>0</ele></trkpt>
      <trkpt lat="40.670418" lon="14.732000"><ele>0</ele></trkpt>
      <trkpt lat="40.670429" lon="14.732021"><ele>0</ele></trkpt>
      <trkpt lat="40.670440" lon="14.732038"><ele>0</ele></trkpt>
      <trkpt lat="40.670462" lon="14.732049"><ele>0</ele></trkpt>
      <trkpt lat="40.670488" lon="14.732054"><ele>0</ele></trkpt>
      <trkpt lat="40.670506" lon="14.732042"><ele>0</ele></trkpt>
      <trkpt lat="40.670535" lon="14.731993"><ele>0</ele></trkpt>
      <trkpt lat="40.670544" lon="14.731924"><ele>0</ele></trkpt>
      <trkpt lat="40.670537" lon="14.731753"><ele>0</ele></trkpt>
      <trkpt lat="40.670567" lon="14.731095"><ele>0</ele></trkpt>
      <trkpt lat="40.670581" lon="14.730913"><ele>0</ele></trkpt>
      <trkpt lat="40.670604" lon="14.730729"><ele>0</ele></trkpt>
      <trkpt lat="40.670631" lon="14.730537"><ele>0</ele></trkpt>
      <trkpt lat="40.670682" lon="14.730286"><ele>0</ele></trkpt>
      <trkpt lat="40.670694" lon="14.730174"><ele>0</ele></trkpt>
      <trkpt lat="40.670694" lon="14.730080"><ele>0</ele></trkpt>
      <trkpt lat="40.670684" lon="14.729999"><ele>0</ele></trkpt>
      <trkpt lat="40.670652" lon="14.729908"><ele>0</ele></trkpt>
      <trkpt lat="40.670616" lon="14.729845"><ele>0</ele></trkpt>
      <trkpt lat="40.670577" lon="14.729785"><ele>0</ele></trkpt>
      <trkpt lat="40.670526" lon="14.729730"><ele>0</ele></trkpt>
      <trkpt lat="40.670442" lon="14.729669"><ele>0</ele></trkpt>
      <trkpt lat="40.670341" lon="14.729621"><ele>0</ele></trkpt>
      <trkpt lat="40.670295" lon="14.729606"><ele>0</ele></trkpt>
      <trkpt lat="40.670265" lon="14.729593"><ele>0</ele></trkpt>
      <trkpt lat="40.670240" lon="14.729559"><ele>0</ele></trkpt>
      <trkpt lat="40.670217" lon="14.729508"><ele>0</ele></trkpt>
      <trkpt lat="40.670200" lon="14.729454"><ele>0</ele></trkpt>
      <trkpt lat="40.670380" lon="14.729345"><ele>0</ele></trkpt>
      <trkpt lat="40.670435" lon="14.729321"><ele>0</ele></trkpt>
      <trkpt lat="40.670467" lon="14.729319"><ele>0</ele></trkpt>
      <trkpt lat="40.670502" lon="14.729327"><ele>0</ele></trkpt>
      <trkpt lat="40.670565" lon="14.729345"><ele>0</ele></trkpt>
      <trkpt lat="40.670636" lon="14.729370"><ele>0</ele></trkpt>
      <trkpt lat="40.670670" lon="14.729378"><ele>0</ele></trkpt>
      <trkpt lat="40.670706" lon="14.729379"><ele>0</ele></trkpt>
      <trkpt lat="40.670762" lon="14.729367"><ele>0</ele></trkpt>
      <trkpt lat="40.670804" lon="14.729373"><ele>0</ele></trkpt>
      <trkpt lat="40.670859" lon="14.729396"><ele>0</ele></trkpt>
      <trkpt lat="40.670898" lon="14.729426"><ele>0</ele></trkpt>
      <trkpt lat="40.670937" lon="14.729466"><ele>0</ele></trkpt>
      <trkpt lat="40.670969" lon="14.729505"><ele>0</ele></trkpt>
      <trkpt lat="40.670989" lon="14.729538"><ele>0</ele></trkpt>
      <trkpt lat="40.670996" lon="14.729588"><ele>0</ele></trkpt>
      <trkpt lat="40.671003" lon="14.729634"><ele>0</ele></trkpt>
      <trkpt lat="40.671003" lon="14.729688"><ele>0</ele></trkpt>
      <trkpt lat="40.670976" lon="14.729938"><ele>0</ele></trkpt>
      <trkpt lat="40.670928" lon="14.730331"><ele>0</ele></trkpt>
      <trkpt lat="40.670922" lon="14.730437"><ele>0</ele></trkpt>
      <trkpt lat="40.670929" lon="14.730462"><ele>0</ele></trkpt>
      <trkpt lat="40.670936" lon="14.730490"><ele>0</ele></trkpt>
      <trkpt lat="40.670945" lon="14.730507"><ele>0</ele></trkpt>
      <trkpt lat="40.670988" lon="14.730528"><ele>0</ele></trkpt>
      <trkpt lat="40.671054" lon="14.730549"><ele>0</ele></trkpt>
      <trkpt lat="40.671075" lon="14.730556"><ele>0</ele></trkpt>
      <trkpt lat="40.671084" lon="14.730587"><ele>0</ele></trkpt>
      <trkpt lat="40.671054" lon="14.730747"><ele>0</ele></trkpt>
      <trkpt lat="40.671019" lon="14.730914"><ele>0</ele></trkpt>
      <trkpt lat="40.671012" lon="14.730961"><ele>0</ele></trkpt>
      <trkpt lat="40.670992" lon="14.731098"><ele>0</ele></trkpt>
      <trkpt lat="40.670987" lon="14.731156"><ele>0</ele></trkpt>
      <trkpt lat="40.670985" lon="14.731193"><ele>0</ele></trkpt>
      <trkpt lat="40.670984" lon="14.731233"><ele>0</ele></trkpt>
      <trkpt lat="40.671000" lon="14.731380"><ele>0</ele></trkpt>
      <trkpt lat="40.671044" lon="14.731243"><ele>0</ele></trkpt>
      <trkpt lat="40.671114" lon="14.731114"><ele>0</ele></trkpt>
      <trkpt lat="40.671124" lon="14.731096"><ele>0</ele></trkpt>
      <trkpt lat="40.671167" lon="14.731034"><ele>0</ele></trkpt>
      <trkpt lat="40.671254" lon="14.730908"><ele>0</ele></trkpt>
      <trkpt lat="40.671319" lon="14.730803"><ele>0</ele></trkpt>
      <trkpt lat="40.671356" lon="14.730728"><ele>0</ele></trkpt>
      <trkpt lat="40.671399" lon="14.730568"><ele>0</ele></trkpt>
      <trkpt lat="40.671454" lon="14.730247"><ele>0</ele></trkpt>
      <trkpt lat="40.671505" lon="14.729933"><ele>0</ele></trkpt>
      <trkpt lat="40.671539" lon="14.729758"><ele>0</ele></trkpt>
      <trkpt lat="40.671580" lon="14.729627"><ele>0</ele></trkpt>
      <trkpt lat="40.671601" lon="14.729570"><ele>0</ele></trkpt>
      <trkpt lat="40.671652" lon="14.729475"><ele>0</ele></trkpt>
      <trkpt lat="40.671704" lon="14.729388"><ele>0</ele></trkpt>
      <trkpt lat="40.671761" lon="14.729307"><ele>0</ele></trkpt>
      <trkpt lat="40.671813" lon="14.729239"><ele>0</ele></trkpt>
      <trkpt lat="40.671881" lon="14.729191"><ele>0</ele></trkpt>
      <trkpt lat="40.671956" lon="14.729146"><ele>0</ele></trkpt>
      <trkpt lat="40.672235" lon="14.729043"><ele>0</ele></trkpt>
      <trkpt lat="40.672505" lon="14.728949"><ele>0</ele></trkpt>
      <trkpt lat="40.672497" lon="14.728876"><ele>0</ele></trkpt>
      <trkpt lat="40.672481" lon="14.728744"><ele>0</ele></trkpt>
      <trkpt lat="40.672646" lon="14.728708"><ele>0</ele></trkpt>
      <trkpt lat="40.672869" lon="14.728652"><ele>0</ele></trkpt>
      <trkpt lat="40.673005" lon="14.728612"><ele>0</ele></trkpt>
      <trkpt lat="40.673091" lon="14.728578"><ele>0</ele></trkpt>
      <trkpt lat="40.673126" lon="14.728560"><ele>0</ele></trkpt>
      <trkpt lat="40.673183" lon="14.728522"><ele>0</ele></trkpt>
      <trkpt lat="40.673213" lon="14.728489"><ele>0</ele></trkpt>
      <trkpt lat="40.673250" lon="14.728444"><ele>0</ele></trkpt>
      <trkpt lat="40.673282" lon="14.728391"><ele>0</ele></trkpt>
      <trkpt lat="40.673303" lon="14.728344"><ele>0</ele></trkpt>
      <trkpt lat="40.673322" lon="14.728296"><ele>0</ele></trkpt>
      <trkpt lat="40.673336" lon="14.728221"><ele>0</ele></trkpt>
      <trkpt lat="40.673336" lon="14.728169"><ele>0</ele></trkpt>
      <trkpt lat="40.673330" lon="14.728102"><ele>0</ele></trkpt>
      <trkpt lat="40.673321" lon="14.728057"><ele>0</ele></trkpt>
      <trkpt lat="40.673298" lon="14.728009"><ele>0</ele></trkpt>
      <trkpt lat="40.673281" lon="14.727980"><ele>0</ele></trkpt>
      <trkpt lat="40.673271" lon="14.727967"><ele>0</ele></trkpt>
      <trkpt lat="40.673236" lon="14.727916"><ele>0</ele></trkpt>
      <trkpt lat="40.673224" lon="14.727889"><ele>0</ele></trkpt>
      <trkpt lat="40.673211" lon="14.727856"><ele>0</ele></trkpt>
      <trkpt lat="40.673202" lon="14.727835"><ele>0</ele></trkpt>
      <trkpt lat="40.673196" lon="14.727743"><ele>0</ele></trkpt>
      <trkpt lat="40.673204" lon="14.727708"><ele>0</ele></trkpt>
      <trkpt lat="40.673277" lon="14.727497"><ele>0</ele></trkpt>
      <trkpt lat="40.673372" lon="14.727209"><ele>0</ele></trkpt>
      <trkpt lat="40.673391" lon="14.727154"><ele>0</ele></trkpt>
      <trkpt lat="40.673498" lon="14.726814"><ele>0</ele></trkpt>
      <trkpt lat="40.673598" lon="14.726504"><ele>0</ele></trkpt>
      <trkpt lat="40.673651" lon="14.726328"><ele>0</ele></trkpt>
      <trkpt lat="40.673709" lon="14.726167"><ele>0</ele></trkpt>
      <trkpt lat="40.673733" lon="14.726104"><ele>0</ele></trkpt>
      <trkpt lat="40.673757" lon="14.726047"><ele>0</ele></trkpt>
      <trkpt lat="40.673782" lon="14.725994"><ele>0</ele></trkpt>
      <trkpt lat="40.673814" lon="14.725944"><ele>0</ele></trkpt>
      <trkpt lat="40.673955" lon="14.725752"><ele>0</ele></trkpt>
      <trkpt lat="40.674002" lon="14.725692"><ele>0</ele></trkpt>
      <trkpt lat="40.674020" lon="14.725658"><ele>0</ele></trkpt>
      <trkpt lat="40.674034" lon="14.725629"><ele>0</ele></trkpt>
      <trkpt lat="40.674045" lon="14.725590"><ele>0</ele></trkpt>
      <trkpt lat="40.674046" lon="14.725544"><ele>0</ele></trkpt>
      <trkpt lat="40.674042" lon="14.725509"><ele>0</ele></trkpt>
      <trkpt lat="40.674026" lon="14.725448"><ele>0</ele></trkpt>
      <trkpt lat="40.673799" lon="14.724878"><ele>0</ele></trkpt>
      <trkpt lat="40.673759" lon="14.724781"><ele>0</ele></trkpt>
      <trkpt lat="40.673733" lon="14.724737"><ele>0</ele></trkpt>
      <trkpt lat="40.673707" lon="14.724705"><ele>0</ele></trkpt>
      <trkpt lat="40.673689" lon="14.724689"><ele>0</ele></trkpt>
      <trkpt lat="40.673638" lon="14.724673"><ele>0</ele></trkpt>
      <trkpt lat="40.673556" lon="14.724657"><ele>0</ele></trkpt>
      <trkpt lat="40.673372" lon="14.724685"><ele>0</ele></trkpt>
      <trkpt lat="40.673184" lon="14.724727"><ele>0</ele></trkpt>
      <trkpt lat="40.672933" lon="14.724780"><ele>0</ele></trkpt>
      <trkpt lat="40.672748" lon="14.724824"><ele>0</ele></trkpt>
      <trkpt lat="40.672605" lon="14.724866"><ele>0</ele></trkpt>
      <trkpt lat="40.672497" lon="14.724910"><ele>0</ele></trkpt>
      <trkpt lat="40.672389" lon="14.724969"><ele>0</ele></trkpt>
      <trkpt lat="40.672289" lon="14.725042"><ele>0</ele></trkpt>
      <trkpt lat="40.672182" lon="14.725118"><ele>0</ele></trkpt>
      <trkpt lat="40.672110" lon="14.725160"><ele>0</ele></trkpt>
      <trkpt lat="40.672062" lon="14.725172"><ele>0</ele></trkpt>
      <trkpt lat="40.672024" lon="14.725171"><ele>0</ele></trkpt>
      <trkpt lat="40.671966" lon="14.725160"><ele>0</ele></trkpt>
      <trkpt lat="40.671908" lon="14.725128"><ele>0</ele></trkpt>
      <trkpt lat="40.671715" lon="14.724976"><ele>0</ele></trkpt>
      <trkpt lat="40.671687" lon="14.724958"><ele>0</ele></trkpt>
      <trkpt lat="40.671661" lon="14.724942"><ele>0</ele></trkpt>
      <trkpt lat="40.671635" lon="14.724931"><ele>0</ele></trkpt>
      <trkpt lat="40.671603" lon="14.724920"><ele>0</ele></trkpt>
      <trkpt lat="40.671546" lon="14.724919"><ele>0</ele></trkpt>
      <trkpt lat="40.671413" lon="14.724928"><ele>0</ele></trkpt>
      <trkpt lat="40.671298" lon="14.724940"><ele>0</ele></trkpt>
      <trkpt lat="40.671247" lon="14.724940"><ele>0</ele></trkpt>
      <trkpt lat="40.671198" lon="14.724920"><ele>0</ele></trkpt>
      <trkpt lat="40.671157" lon="14.724887"><ele>0</ele></trkpt>
      <trkpt lat="40.671128" lon="14.724852"><ele>0</ele></trkpt>
      <trkpt lat="40.671089" lon="14.724790"><ele>0</ele></trkpt>
      <trkpt lat="40.671045" lon="14.724673"><ele>0</ele></trkpt>
      <trkpt lat="40.671001" lon="14.724559"><ele>0</ele></trkpt>
      <trkpt lat="40.670950" lon="14.724449"><ele>0</ele></trkpt>
      <trkpt lat="40.670901" lon="14.724328"><ele>0</ele></trkpt>
      <trkpt lat="40.670838" lon="14.724198"><ele>0</ele></trkpt>
      <trkpt lat="40.670774" lon="14.724064"><ele>0</ele></trkpt>
      <trkpt lat="40.670716" lon="14.723925"><ele>0</ele></trkpt>
      <trkpt lat="40.670682" lon="14.723845"><ele>0</ele></trkpt>
      <trkpt lat="40.670655" lon="14.723762"><ele>0</ele></trkpt>
      <trkpt lat="40.670626" lon="14.723672"><ele>0</ele></trkpt>
      <trkpt lat="40.670591" lon="14.723546"><ele>0</ele></trkpt>
      <trkpt lat="40.670564" lon="14.723443"><ele>0</ele></trkpt>
      <trkpt lat="40.670548" lon="14.723369"><ele>0</ele></trkpt>
      <trkpt lat="40.670540" lon="14.723302"><ele>0</ele></trkpt>
      <trkpt lat="40.670553" lon="14.723234"><ele>0</ele></trkpt>
      <trkpt lat="40.670571" lon="14.723180"><ele>0</ele></trkpt>
      <trkpt lat="40.670596" lon="14.723147"><ele>0</ele></trkpt>
      <trkpt lat="40.670634" lon="14.723102"><ele>0</ele></trkpt>
      <trkpt lat="40.670669" lon="14.723075"><ele>0</ele></trkpt>
      <trkpt lat="40.670706" lon="14.723060"><ele>0</ele></trkpt>
      <trkpt lat="40.670789" lon="14.723021"><ele>0</ele></trkpt>
      <trkpt lat="40.670886" lon="14.722955"><ele>0</ele></trkpt>
      <trkpt lat="40.670964" lon="14.722892"><ele>0</ele></trkpt>
      <trkpt lat="40.671038" lon="14.722816"><ele>0</ele></trkpt>
      <trkpt lat="40.671079" lon="14.722767"><ele>0</ele></trkpt>
      <trkpt lat="40.671116" lon="14.722711"><ele>0</ele></trkpt>
      <trkpt lat="40.671149" lon="14.722627"><ele>0</ele></trkpt>
      <trkpt lat="40.671193" lon="14.722503"><ele>0</ele></trkpt>
      <trkpt lat="40.671225" lon="14.722418"><ele>0</ele></trkpt>
      <trkpt lat="40.671324" lon="14.722237"><ele>0</ele></trkpt>
      <trkpt lat="40.671341" lon="14.722195"><ele>0</ele></trkpt>
      <trkpt lat="40.671353" lon="14.722155"><ele>0</ele></trkpt>
      <trkpt lat="40.671358" lon="14.722104"><ele>0</ele></trkpt>
      <trkpt lat="40.671360" lon="14.722058"><ele>0</ele></trkpt>
      <trkpt lat="40.671358" lon="14.722010"><ele>0</ele></trkpt>
      <trkpt lat="40.671327" lon="14.721783"><ele>0</ele></trkpt>
      <trkpt lat="40.671314" lon="14.721706"><ele>0</ele></trkpt>
      <trkpt lat="40.671296" lon="14.721636"><ele>0</ele></trkpt>
      <trkpt lat="40.671270" lon="14.721585"><ele>0</ele></trkpt>
      <trkpt lat="40.671231" lon="14.721539"><ele>0</ele></trkpt>
      <trkpt lat="40.671199" lon="14.721523"><ele>0</ele></trkpt>
      <trkpt lat="40.671163" lon="14.721514"><ele>0</ele></trkpt>
      <trkpt lat="40.671114" lon="14.721517"><ele>0</ele></trkpt>
      <trkpt lat="40.671069" lon="14.721532"><ele>0</ele></trkpt>
      <trkpt lat="40.671010" lon="14.721576"><ele>0</ele></trkpt>
      <trkpt lat="40.670971" lon="14.721616"><ele>0</ele></trkpt>
      <trkpt lat="40.670932" lon="14.721669"><ele>0</ele></trkpt>
      <trkpt lat="40.670893" lon="14.721756"><ele>0</ele></trkpt>
      <trkpt lat="40.670863" lon="14.721832"><ele>0</ele></trkpt>
      <trkpt lat="40.670828" lon="14.721899"><ele>0</ele></trkpt>
      <trkpt lat="40.670787" lon="14.721956"><ele>0</ele></trkpt>
      <trkpt lat="40.670753" lon="14.721990"><ele>0</ele></trkpt>
      <trkpt lat="40.670707" lon="14.722022"><ele>0</ele></trkpt>
      <trkpt lat="40.670644" lon="14.722056"><ele>0</ele></trkpt>
      <trkpt lat="40.670548" lon="14.722105"><ele>0</ele></trkpt>
      <trkpt lat="40.670503" lon="14.722119"><ele>0</ele></trkpt>
      <trkpt lat="40.670437" lon="14.722132"><ele>0</ele></trkpt>
      <trkpt lat="40.670391" lon="14.722137"><ele>0</ele></trkpt>
      <trkpt lat="40.670346" lon="14.722120"><ele>0</ele></trkpt>
      <trkpt lat="40.670284" lon="14.722090"><ele>0</ele></trkpt>
      <trkpt lat="40.670254" lon="14.722046"><ele>0</ele></trkpt>
      <trkpt lat="40.670219" lon="14.721984"><ele>0</ele></trkpt>
      <trkpt lat="40.670155" lon="14.721837"><ele>0</ele></trkpt>
      <trkpt lat="40.670099" lon="14.721717"><ele>0</ele></trkpt>
      <trkpt lat="40.670056" lon="14.721638"><ele>0</ele></trkpt>
      <trkpt lat="40.670031" lon="14.721603"><ele>0</ele></trkpt>
      <trkpt lat="40.670007" lon="14.721577"><ele>0</ele></trkpt>
      <trkpt lat="40.669978" lon="14.721562"><ele>0</ele></trkpt>
      <trkpt lat="40.669928" lon="14.721545"><ele>0</ele></trkpt>
      <trkpt lat="40.669831" lon="14.721536"><ele>0</ele></trkpt>
      <trkpt lat="40.669783" lon="14.721531"><ele>0</ele></trkpt>
      <trkpt lat="40.669738" lon="14.721513"><ele>0</ele></trkpt>
      <trkpt lat="40.669689" lon="14.721486"><ele>0</ele></trkpt>
      <trkpt lat="40.669646" lon="14.721451"><ele>0</ele></trkpt>
      <trkpt lat="40.669602" lon="14.721410"><ele>0</ele></trkpt>
      <trkpt lat="40.669537" lon="14.721313"><ele>0</ele></trkpt>
      <trkpt lat="40.669483" lon="14.721198"><ele>0</ele></trkpt>
      <trkpt lat="40.669454" lon="14.721140"><ele>0</ele></trkpt>
      <trkpt lat="40.669430" lon="14.721106"><ele>0</ele></trkpt>
      <trkpt lat="40.669408" lon="14.721083"><ele>0</ele></trkpt>
      <trkpt lat="40.669388" lon="14.721064"><ele>0</ele></trkpt>
      <trkpt lat="40.669292" lon="14.721028"><ele>0</ele></trkpt>
      <trkpt lat="40.669237" lon="14.721021"><ele>0</ele></trkpt>
      <trkpt lat="40.669201" lon="14.721019"><ele>0</ele></trkpt>
      <trkpt lat="40.669164" lon="14.721000"><ele>0</ele></trkpt>
      <trkpt lat="40.669129" lon="14.720974"><ele>0</ele></trkpt>
      <trkpt lat="40.669087" lon="14.720924"><ele>0</ele></trkpt>
      <trkpt lat="40.669004" lon="14.720775"><ele>0</ele></trkpt>
      <trkpt lat="40.668874" lon="14.720536"><ele>0</ele></trkpt>
      <trkpt lat="40.668830" lon="14.720451"><ele>0</ele></trkpt>
      <trkpt lat="40.668786" lon="14.720364"><ele>0</ele></trkpt>
      <trkpt lat="40.668751" lon="14.720297"><ele>0</ele></trkpt>
      <trkpt lat="40.668725" lon="14.720227"><ele>0</ele></trkpt>
      <trkpt lat="40.668702" lon="14.720162"><ele>0</ele></trkpt>
      <trkpt lat="40.668696" lon="14.720085"><ele>0</ele></trkpt>
      <trkpt lat="40.668702" lon="14.719995"><ele>0</ele></trkpt>
      <trkpt lat="40.668715" lon="14.719923"><ele>0</ele></trkpt>
      <trkpt lat="40.668738" lon="14.719834"><ele>0</ele></trkpt>
      <trkpt lat="40.668763" lon="14.719733"><ele>0</ele></trkpt>
      <trkpt lat="40.668778" lon="14.719656"><ele>0</ele></trkpt>
      <trkpt lat="40.668779" lon="14.719596"><ele>0</ele></trkpt>
      <trkpt lat="40.668758" lon="14.719504"><ele>0</ele></trkpt>
      <trkpt lat="40.668722" lon="14.719392"><ele>0</ele></trkpt>
      <trkpt lat="40.668682" lon="14.719302"><ele>0</ele></trkpt>
      <trkpt lat="40.668652" lon="14.719254"><ele>0</ele></trkpt>
      <trkpt lat="40.668624" lon="14.719218"><ele>0</ele></trkpt>
      <trkpt lat="40.668584" lon="14.719185"><ele>0</ele></trkpt>
      <trkpt lat="40.668535" lon="14.719155"><ele>0</ele></trkpt>
      <trkpt lat="40.668466" lon="14.719123"><ele>0</ele></trkpt>
      <trkpt lat="40.668412" lon="14.719103"><ele>0</ele></trkpt>
      <trkpt lat="40.668345" lon="14.719065"><ele>0</ele></trkpt>
      <trkpt lat="40.668238" lon="14.718964"><ele>0</ele></trkpt>
      <trkpt lat="40.668171" lon="14.718900"><ele>0</ele></trkpt>
      <trkpt lat="40.668126" lon="14.718864"><ele>0</ele></trkpt>
      <trkpt lat="40.668079" lon="14.718835"><ele>0</ele></trkpt>
      <trkpt lat="40.668017" lon="14.718807"><ele>0</ele></trkpt>
      <trkpt lat="40.667964" lon="14.718790"><ele>0</ele></trkpt>
      <trkpt lat="40.667885" lon="14.718789"><ele>0</ele></trkpt>
      <trkpt lat="40.667805" lon="14.718784"><ele>0</ele></trkpt>
      <trkpt lat="40.667751" lon="14.718778"><ele>0</ele></trkpt>
      <trkpt lat="40.667701" lon="14.718763"><ele>0</ele></trkpt>
      <trkpt lat="40.667670" lon="14.718730"><ele>0</ele></trkpt>
      <trkpt lat="40.667594" lon="14.718607"><ele>0</ele></trkpt>
      <trkpt lat="40.667510" lon="14.718440"><ele>0</ele></trkpt>
      <trkpt lat="40.667476" lon="14.718383"><ele>0</ele></trkpt>
      <trkpt lat="40.667446" lon="14.718346"><ele>0</ele></trkpt>
      <trkpt lat="40.667406" lon="14.718311"><ele>0</ele></trkpt>
      <trkpt lat="40.667367" lon="14.718287"><ele>0</ele></trkpt>
      <trkpt lat="40.667327" lon="14.718271"><ele>0</ele></trkpt>
      <trkpt lat="40.667274" lon="14.718258"><ele>0</ele></trkpt>
      <trkpt lat="40.667210" lon="14.718249"><ele>0</ele></trkpt>
      <trkpt lat="40.667120" lon="14.718243"><ele>0</ele></trkpt>
      <trkpt lat="40.667073" lon="14.718237"><ele>0</ele></trkpt>
      <trkpt lat="40.667026" lon="14.718219"><ele>0</ele></trkpt>
      <trkpt lat="40.666984" lon="14.718194"><ele>0</ele></trkpt>
      <trkpt lat="40.666939" lon="14.718145"><ele>0</ele></trkpt>
      <trkpt lat="40.666906" lon="14.718096"><ele>0</ele></trkpt>
      <trkpt lat="40.666856" lon="14.718002"><ele>0</ele></trkpt>
      <trkpt lat="40.666828" lon="14.717936"><ele>0</ele></trkpt>
      <trkpt lat="40.666798" lon="14.717886"><ele>0</ele></trkpt>
      <trkpt lat="40.666770" lon="14.717847"><ele>0</ele></trkpt>
      <trkpt lat="40.666735" lon="14.717815"><ele>0</ele></trkpt>
      <trkpt lat="40.666692" lon="14.717782"><ele>0</ele></trkpt>
      <trkpt lat="40.666593" lon="14.717723"><ele>0</ele></trkpt>
      <trkpt lat="40.666390" lon="14.717597"><ele>0</ele></trkpt>
      <trkpt lat="40.666246" lon="14.717506"><ele>0</ele></trkpt>
      <trkpt lat="40.666135" lon="14.717455"><ele>0</ele></trkpt>
      <trkpt lat="40.666005" lon="14.717407"><ele>0</ele></trkpt>
      <trkpt lat="40.665903" lon="14.717351"><ele>0</ele></trkpt>
      <trkpt lat="40.665744" lon="14.717251"><ele>0</ele></trkpt>
      <trkpt lat="40.665711" lon="14.717224"><ele>0</ele></trkpt>
      <trkpt lat="40.665684" lon="14.717205"><ele>0</ele></trkpt>
      <trkpt lat="40.665573" lon="14.717121"><ele>0</ele></trkpt>
      <trkpt lat="40.665452" lon="14.716999"><ele>0</ele></trkpt>
      <trkpt lat="40.665241" lon="14.716818"><ele>0</ele></trkpt>
      <trkpt lat="40.664918" lon="14.716543"><ele>0</ele></trkpt>
      <trkpt lat="40.664807" lon="14.716454"><ele>0</ele></trkpt>
      <trkpt lat="40.664739" lon="14.716396"><ele>0</ele></trkpt>
      <trkpt lat="40.664696" lon="14.716307"><ele>0</ele></trkpt>
      <trkpt lat="40.664671" lon="14.716238"><ele>0</ele></trkpt>
      <trkpt lat="40.664649" lon="14.716172"><ele>0</ele></trkpt>
      <trkpt lat="40.664638" lon="14.716114"><ele>0</ele></trkpt>
      <trkpt lat="40.664634" lon="14.716037"><ele>0</ele></trkpt>
      <trkpt lat="40.664638" lon="14.715984"><ele>0</ele></trkpt>
      <trkpt lat="40.664647" lon="14.715917"><ele>0</ele></trkpt>
      <trkpt lat="40.664702" lon="14.715774"><ele>0</ele></trkpt>
      <trkpt lat="40.664838" lon="14.715483"><ele>0</ele></trkpt>
      <trkpt lat="40.665180" lon="14.714663"><ele>0</ele></trkpt>
      <trkpt lat="40.665273" lon="14.714433"><ele>0</ele></trkpt>
      <trkpt lat="40.665559" lon="14.713594"><ele>0</ele></trkpt>
      <trkpt lat="40.665697" lon="14.713188"><ele>0</ele></trkpt>
      <trkpt lat="40.665711" lon="14.713135"><ele>0</ele></trkpt>
      <trkpt lat="40.665723" lon="14.713079"><ele>0</ele></trkpt>
      <trkpt lat="40.665732" lon="14.713028"><ele>0</ele></trkpt>
      <trkpt lat="40.665736" lon="14.712972"><ele>0</ele></trkpt>
      <trkpt lat="40.665736" lon="14.712921"><ele>0</ele></trkpt>
      <trkpt lat="40.665729" lon="14.712867"><ele>0</ele></trkpt>
      <trkpt lat="40.665716" lon="14.712817"><ele>0</ele></trkpt>
      <trkpt lat="40.665701" lon="14.712771"><ele>0</ele></trkpt>
      <trkpt lat="40.665673" lon="14.712729"><ele>0</ele></trkpt>
      <trkpt lat="40.665616" lon="14.712679"><ele>0</ele></trkpt>
      <trkpt lat="40.665534" lon="14.712594"><ele>0</ele></trkpt>
      <trkpt lat="40.665447" lon="14.712554"><ele>0</ele></trkpt>
      <trkpt lat="40.665428" lon="14.712549"><ele>0</ele></trkpt>
      <trkpt lat="40.665385" lon="14.712538"><ele>0</ele></trkpt>
      <trkpt lat="40.665285" lon="14.712482"><ele>0</ele></trkpt>
      <trkpt lat="40.665239" lon="14.712470"><ele>0</ele></trkpt>
      <trkpt lat="40.665205" lon="14.712469"><ele>0</ele></trkpt>
      <trkpt lat="40.665189" lon="14.712473"><ele>0</ele></trkpt>
      <trkpt lat="40.665151" lon="14.712484"><ele>0</ele></trkpt>
      <trkpt lat="40.665122" lon="14.712508"><ele>0</ele></trkpt>
      <trkpt lat="40.665061" lon="14.712576"><ele>0</ele></trkpt>
      <trkpt lat="40.664926" lon="14.712751"><ele>0</ele></trkpt>
      <trkpt lat="40.664786" lon="14.712942"><ele>0</ele></trkpt>
      <trkpt lat="40.664686" lon="14.713075"><ele>0</ele></trkpt>
      <trkpt lat="40.664620" lon="14.713157"><ele>0</ele></trkpt>
      <trkpt lat="40.664575" lon="14.713194"><ele>0</ele></trkpt>
      <trkpt lat="40.664517" lon="14.713233"><ele>0</ele></trkpt>
      <trkpt lat="40.664430" lon="14.713266"><ele>0</ele></trkpt>
      <trkpt lat="40.664321" lon="14.713314"><ele>0</ele></trkpt>
      <trkpt lat="40.664271" lon="14.713342"><ele>0</ele></trkpt>
      <trkpt lat="40.664205" lon="14.713381"><ele>0</ele></trkpt>
      <trkpt lat="40.664158" lon="14.713429"><ele>0</ele></trkpt>
      <trkpt lat="40.664101" lon="14.713492"><ele>0</ele></trkpt>
      <trkpt lat="40.664039" lon="14.713586"><ele>0</ele></trkpt>
      <trkpt lat="40.663943" lon="14.713757"><ele>0</ele></trkpt>
      <trkpt lat="40.663874" lon="14.713798"><ele>0</ele></trkpt>
      <trkpt lat="40.663772" lon="14.713831"><ele>0</ele></trkpt>
      <trkpt lat="40.663652" lon="14.713849"><ele>0</ele></trkpt>
      <trkpt lat="40.663505" lon="14.713875"><ele>0</ele></trkpt>
      <trkpt lat="40.663407" lon="14.713890"><ele>0</ele></trkpt>
      <trkpt lat="40.663345" lon="14.713904"><ele>0</ele></trkpt>
      <trkpt lat="40.663288" lon="14.713903"><ele>0</ele></trkpt>
      <trkpt lat="40.663242" lon="14.713898"><ele>0</ele></trkpt>
      <trkpt lat="40.663196" lon="14.713881"><ele>0</ele></trkpt>
      <trkpt lat="40.663159" lon="14.713860"><ele>0</ele></trkpt>
      <trkpt lat="40.663113" lon="14.713824"><ele>0</ele></trkpt>
      <trkpt lat="40.663074" lon="14.713778"><ele>0</ele></trkpt>
      <trkpt lat="40.663045" lon="14.713735"><ele>0</ele></trkpt>
      <trkpt lat="40.663019" lon="14.713697"><ele>0</ele></trkpt>
      <trkpt lat="40.662991" lon="14.713653"><ele>0</ele></trkpt>
      <trkpt lat="40.662964" lon="14.713610"><ele>0</ele></trkpt>
      <trkpt lat="40.662929" lon="14.713550"><ele>0</ele></trkpt>
      <trkpt lat="40.662884" lon="14.713499"><ele>0</ele></trkpt>
      <trkpt lat="40.662847" lon="14.713464"><ele>0</ele></trkpt>
      <trkpt lat="40.662799" lon="14.713429"><ele>0</ele></trkpt>
      <trkpt lat="40.662732" lon="14.713399"><ele>0</ele></trkpt>
      <trkpt lat="40.662664" lon="14.713384"><ele>0</ele></trkpt>
      <trkpt lat="40.662599" lon="14.713379"><ele>0</ele></trkpt>
      <trkpt lat="40.662542" lon="14.713371"><ele>0</ele></trkpt>
      <trkpt lat="40.662495" lon="14.713359"><ele>0</ele></trkpt>
      <trkpt lat="40.662456" lon="14.713341"><ele>0</ele></trkpt>
      <trkpt lat="40.662425" lon="14.713312"><ele>0</ele></trkpt>
      <trkpt lat="40.662402" lon="14.713277"><ele>0</ele></trkpt>
      <trkpt lat="40.662388" lon="14.713244"><ele>0</ele></trkpt>
      <trkpt lat="40.662377" lon="14.713221"><ele>0</ele></trkpt>
      <trkpt lat="40.662367" lon="14.713177"><ele>0</ele></trkpt>
      <trkpt lat="40.662360" lon="14.713127"><ele>0</ele></trkpt>
      <trkpt lat="40.662339" lon="14.712982"><ele>0</ele></trkpt>
      <trkpt lat="40.662306" lon="14.712757"><ele>0</ele></trkpt>
      <trkpt lat="40.662285" lon="14.712613"><ele>0</ele></trkpt>
      <trkpt lat="40.662264" lon="14.712424"><ele>0</ele></trkpt>
      <trkpt lat="40.662245" lon="14.712283"><ele>0</ele></trkpt>
      <trkpt lat="40.662232" lon="14.712135"><ele>0</ele></trkpt>
      <trkpt lat="40.662214" lon="14.712026"><ele>0</ele></trkpt>
      <trkpt lat="40.662182" lon="14.711951"><ele>0</ele></trkpt>
      <trkpt lat="40.662139" lon="14.711896"><ele>0</ele></trkpt>
      <trkpt lat="40.662095" lon="14.711869"><ele>0</ele></trkpt>
      <trkpt lat="40.662048" lon="14.711859"><ele>0</ele></trkpt>
      <trkpt lat="40.662009" lon="14.711862"><ele>0</ele></trkpt>
      <trkpt lat="40.661972" lon="14.711882"><ele>0</ele></trkpt>
      <trkpt lat="40.661941" lon="14.711911"><ele>0</ele></trkpt>
      <trkpt lat="40.661844" lon="14.712033"><ele>0</ele></trkpt>
      <trkpt lat="40.661754" lon="14.712163"><ele>0</ele></trkpt>
      <trkpt lat="40.661662" lon="14.712295"><ele>0</ele></trkpt>
      <trkpt lat="40.661576" lon="14.712381"><ele>0</ele></trkpt>
      <trkpt lat="40.661546" lon="14.712400"><ele>0</ele></trkpt>
      <trkpt lat="40.661481" lon="14.712418"><ele>0</ele></trkpt>
      <trkpt lat="40.661427" lon="14.712414"><ele>0</ele></trkpt>
      <trkpt lat="40.661383" lon="14.712398"><ele>0</ele></trkpt>
      <trkpt lat="40.661337" lon="14.712375"><ele>0</ele></trkpt>
      <trkpt lat="40.661289" lon="14.712354"><ele>0</ele></trkpt>
      <trkpt lat="40.661178" lon="14.712304"><ele>0</ele></trkpt>
      <trkpt lat="40.661083" lon="14.712261"><ele>0</ele></trkpt>
      <trkpt lat="40.660975" lon="14.712213"><ele>0</ele></trkpt>
      <trkpt lat="40.660845" lon="14.712166"><ele>0</ele></trkpt>
      <trkpt lat="40.660693" lon="14.712093"><ele>0</ele></trkpt>
      <trkpt lat="40.660580" lon="14.712052"><ele>0</ele></trkpt>
      <trkpt lat="40.660404" lon="14.712000"><ele>0</ele></trkpt>
      <trkpt lat="40.660250" lon="14.711953"><ele>0</ele></trkpt>
      <trkpt lat="40.660110" lon="14.711927"><ele>0</ele></trkpt>
      <trkpt lat="40.660096" lon="14.711924"><ele>0</ele></trkpt>
      <trkpt lat="40.659892" lon="14.711903"><ele>0</ele></trkpt>
      <trkpt lat="40.659797" lon="14.711883"><ele>0</ele></trkpt>
      <trkpt lat="40.659729" lon="14.711862"><ele>0</ele></trkpt>
      <trkpt lat="40.659665" lon="14.711837"><ele>0</ele></trkpt>
      <trkpt lat="40.659530" lon="14.711755"><ele>0</ele></trkpt>
      <trkpt lat="40.659350" lon="14.711643"><ele>0</ele></trkpt>
      <trkpt lat="40.659298" lon="14.711599"><ele>0</ele></trkpt>
      <trkpt lat="40.659254" lon="14.711550"><ele>0</ele></trkpt>
      <trkpt lat="40.659212" lon="14.711490"><ele>0</ele></trkpt>
      <trkpt lat="40.659138" lon="14.711371"><ele>0</ele></trkpt>
      <trkpt lat="40.659086" lon="14.711312"><ele>0</ele></trkpt>
      <trkpt lat="40.659041" lon="14.711274"><ele>0</ele></trkpt>
      <trkpt lat="40.658994" lon="14.711246"><ele>0</ele></trkpt>
      <trkpt lat="40.658942" lon="14.711228"><ele>0</ele></trkpt>
      <trkpt lat="40.658894" lon="14.711221"><ele>0</ele></trkpt>
      <trkpt lat="40.658837" lon="14.711213"><ele>0</ele></trkpt>
      <trkpt lat="40.658783" lon="14.711215"><ele>0</ele></trkpt>
      <trkpt lat="40.658725" lon="14.711221"><ele>0</ele></trkpt>
      <trkpt lat="40.658559" lon="14.711238"><ele>0</ele></trkpt>
      <trkpt lat="40.658455" lon="14.711256"><ele>0</ele></trkpt>
      <trkpt lat="40.658381" lon="14.711257"><ele>0</ele></trkpt>
      <trkpt lat="40.658330" lon="14.711242"><ele>0</ele></trkpt>
      <trkpt lat="40.658296" lon="14.711219"><ele>0</ele></trkpt>
      <trkpt lat="40.658251" lon="14.711183"><ele>0</ele></trkpt>
      <trkpt lat="40.658212" lon="14.711140"><ele>0</ele></trkpt>
      <trkpt lat="40.658184" lon="14.711096"><ele>0</ele></trkpt>
      <trkpt lat="40.658168" lon="14.711056"><ele>0</ele></trkpt>
      <trkpt lat="40.658159" lon="14.711011"><ele>0</ele></trkpt>
      <trkpt lat="40.658163" lon="14.710957"><ele>0</ele></trkpt>
      <trkpt lat="40.658174" lon="14.710895"><ele>0</ele></trkpt>
      <trkpt lat="40.658226" lon="14.710769"><ele>0</ele></trkpt>
      <trkpt lat="40.658285" lon="14.710641"><ele>0</ele></trkpt>
      <trkpt lat="40.658302" lon="14.710587"><ele>0</ele></trkpt>
      <trkpt lat="40.658307" lon="14.710534"><ele>0</ele></trkpt>
      <trkpt lat="40.658305" lon="14.710468"><ele>0</ele></trkpt>
      <trkpt lat="40.658291" lon="14.710407"><ele>0</ele></trkpt>
      <trkpt lat="40.658281" lon="14.710382"><ele>0</ele></trkpt>
      <trkpt lat="40.658242" lon="14.710322"><ele>0</ele></trkpt>
      <trkpt lat="40.658204" lon="14.710281"><ele>0</ele></trkpt>
      <trkpt lat="40.658156" lon="14.710249"><ele>0</ele></trkpt>
      <trkpt lat="40.658090" lon="14.710221"><ele>0</ele></trkpt>
      <trkpt lat="40.657971" lon="14.710182"><ele>0</ele></trkpt>
      <trkpt lat="40.657857" lon="14.710142"><ele>0</ele></trkpt>
      <trkpt lat="40.657795" lon="14.710112"><ele>0</ele></trkpt>
      <trkpt lat="40.657743" lon="14.710086"><ele>0</ele></trkpt>
      <trkpt lat="40.657689" lon="14.710046"><ele>0</ele></trkpt>
      <trkpt lat="40.657641" lon="14.709995"><ele>0</ele></trkpt>
      <trkpt lat="40.657588" lon="14.709926"><ele>0</ele></trkpt>
      <trkpt lat="40.657556" lon="14.709876"><ele>0</ele></trkpt>
      <trkpt lat="40.657474" lon="14.709754"><ele>0</ele></trkpt>
      <trkpt lat="40.657388" lon="14.709618"><ele>0</ele></trkpt>
      <trkpt lat="40.657277" lon="14.709435"><ele>0</ele></trkpt>
      <trkpt lat="40.657227" lon="14.709350"><ele>0</ele></trkpt>
      <trkpt lat="40.657185" lon="14.709292"><ele>0</ele></trkpt>
      <trkpt lat="40.657128" lon="14.709225"><ele>0</ele></trkpt>
      <trkpt lat="40.657069" lon="14.709170"><ele>0</ele></trkpt>
      <trkpt lat="40.657019" lon="14.709128"><ele>0</ele></trkpt>
      <trkpt lat="40.656958" lon="14.709089"><ele>0</ele></trkpt>
      <trkpt lat="40.656881" lon="14.709052"><ele>0</ele></trkpt>
      <trkpt lat="40.656789" lon="14.709008"><ele>0</ele></trkpt>
      <trkpt lat="40.656747" lon="14.708987"><ele>0</ele></trkpt>
      <trkpt lat="40.656697" lon="14.708957"><ele>0</ele></trkpt>
      <trkpt lat="40.656573" lon="14.708874"><ele>0</ele></trkpt>
      <trkpt lat="40.656484" lon="14.708814"><ele>0</ele></trkpt>
      <trkpt lat="40.656424" lon="14.708769"><ele>0</ele></trkpt>
      <trkpt lat="40.656371" lon="14.708722"><ele>0</ele></trkpt>
      <trkpt lat="40.656329" lon="14.708682"><ele>0</ele></trkpt>
      <trkpt lat="40.656303" lon="14.708622"><ele>0</ele></trkpt>
      <trkpt lat="40.656285" lon="14.708534"><ele>0</ele></trkpt>
      <trkpt lat="40.656272" lon="14.708448"><ele>0</ele></trkpt>
      <trkpt lat="40.656263" lon="14.708397"><ele>0</ele></trkpt>
      <trkpt lat="40.656235" lon="14.708325"><ele>0</ele></trkpt>
      <trkpt lat="40.656193" lon="14.708277"><ele>0</ele></trkpt>
      <trkpt lat="40.656145" lon="14.708242"><ele>0</ele></trkpt>
      <trkpt lat="40.656094" lon="14.708222"><ele>0</ele></trkpt>
      <trkpt lat="40.656039" lon="14.708228"><ele>0</ele></trkpt>
      <trkpt lat="40.655978" lon="14.708235"><ele>0</ele></trkpt>
      <trkpt lat="40.655817" lon="14.708286"><ele>0</ele></trkpt>
      <trkpt lat="40.655761" lon="14.708303"><ele>0</ele></trkpt>
      <trkpt lat="40.655696" lon="14.708306"><ele>0</ele></trkpt>
      <trkpt lat="40.655623" lon="14.708293"><ele>0</ele></trkpt>
      <trkpt lat="40.655550" lon="14.708268"><ele>0</ele></trkpt>
      <trkpt lat="40.655450" lon="14.708236"><ele>0</ele></trkpt>
      <trkpt lat="40.655368" lon="14.708224"><ele>0</ele></trkpt>
      <trkpt lat="40.655308" lon="14.708220"><ele>0</ele></trkpt>
      <trkpt lat="40.655222" lon="14.708221"><ele>0</ele></trkpt>
      <trkpt lat="40.655167" lon="14.708221"><ele>0</ele></trkpt>
      <trkpt lat="40.655122" lon="14.708205"><ele>0</ele></trkpt>
      <trkpt lat="40.655094" lon="14.708194"><ele>0</ele></trkpt>
      <trkpt lat="40.655060" lon="14.708177"><ele>0</ele></trkpt>
      <trkpt lat="40.655036" lon="14.708163"><ele>0</ele></trkpt>
      <trkpt lat="40.655001" lon="14.708142"><ele>0</ele></trkpt>
      <trkpt lat="40.654958" lon="14.708105"><ele>0</ele></trkpt>
      <trkpt lat="40.654924" lon="14.708081"><ele>0</ele></trkpt>
      <trkpt lat="40.654889" lon="14.708070"><ele>0</ele></trkpt>
      <trkpt lat="40.654850" lon="14.708063"><ele>0</ele></trkpt>
      <trkpt lat="40.654766" lon="14.708043"><ele>0</ele></trkpt>
      <trkpt lat="40.654705" lon="14.708020"><ele>0</ele></trkpt>
      <trkpt lat="40.654644" lon="14.707993"><ele>0</ele></trkpt>
      <trkpt lat="40.654604" lon="14.707962"><ele>0</ele></trkpt>
      <trkpt lat="40.654553" lon="14.707909"><ele>0</ele></trkpt>
      <trkpt lat="40.654505" lon="14.707866"><ele>0</ele></trkpt>
      <trkpt lat="40.654454" lon="14.707831"><ele>0</ele></trkpt>
      <trkpt lat="40.654381" lon="14.707796"><ele>0</ele></trkpt>
      <trkpt lat="40.654287" lon="14.707757"><ele>0</ele></trkpt>
      <trkpt lat="40.654203" lon="14.707727"><ele>0</ele></trkpt>
      <trkpt lat="40.654125" lon="14.707696"><ele>0</ele></trkpt>
      <trkpt lat="40.654056" lon="14.707663"><ele>0</ele></trkpt>
      <trkpt lat="40.654016" lon="14.707630"><ele>0</ele></trkpt>
      <trkpt lat="40.653977" lon="14.707580"><ele>0</ele></trkpt>
      <trkpt lat="40.653884" lon="14.707433"><ele>0</ele></trkpt>
      <trkpt lat="40.653833" lon="14.707346"><ele>0</ele></trkpt>
      <trkpt lat="40.653823" lon="14.707307"><ele>0</ele></trkpt>
      <trkpt lat="40.653819" lon="14.707255"><ele>0</ele></trkpt>
      <trkpt lat="40.653822" lon="14.707207"><ele>0</ele></trkpt>
      <trkpt lat="40.653824" lon="14.707152"><ele>0</ele></trkpt>
      <trkpt lat="40.653808" lon="14.707104"><ele>0</ele></trkpt>
      <trkpt lat="40.653774" lon="14.707077"><ele>0</ele></trkpt>
      <trkpt lat="40.653740" lon="14.707054"><ele>0</ele></trkpt>
      <trkpt lat="40.653673" lon="14.707027"><ele>0</ele></trkpt>
      <trkpt lat="40.653414" lon="14.706971"><ele>0</ele></trkpt>
      <trkpt lat="40.653294" lon="14.706936"><ele>0</ele></trkpt>
      <trkpt lat="40.653205" lon="14.706915"><ele>0</ele></trkpt>
      <trkpt lat="40.653165" lon="14.706897"><ele>0</ele></trkpt>
      <trkpt lat="40.653120" lon="14.706873"><ele>0</ele></trkpt>
      <trkpt lat="40.653082" lon="14.706836"><ele>0</ele></trkpt>
      <trkpt lat="40.653048" lon="14.706783"><ele>0</ele></trkpt>
      <trkpt lat="40.652995" lon="14.706699"><ele>0</ele></trkpt>
      <trkpt lat="40.652913" lon="14.706600"><ele>0</ele></trkpt>
      <trkpt lat="40.652852" lon="14.706525"><ele>0</ele></trkpt>
      <trkpt lat="40.652797" lon="14.706444"><ele>0</ele></trkpt>
      <trkpt lat="40.652734" lon="14.706332"><ele>0</ele></trkpt>
      <trkpt lat="40.652698" lon="14.706261"><ele>0</ele></trkpt>
      <trkpt lat="40.652667" lon="14.706212"><ele>0</ele></trkpt>
      <trkpt lat="40.652633" lon="14.706180"><ele>0</ele></trkpt>
      <trkpt lat="40.652584" lon="14.706161"><ele>0</ele></trkpt>
      <trkpt lat="40.652526" lon="14.706155"><ele>0</ele></trkpt>
      <trkpt lat="40.652466" lon="14.706148"><ele>0</ele></trkpt>
      <trkpt lat="40.652399" lon="14.706124"><ele>0</ele></trkpt>
      <trkpt lat="40.652355" lon="14.706100"><ele>0</ele></trkpt>
      <trkpt lat="40.652322" lon="14.706074"><ele>0</ele></trkpt>
      <trkpt lat="40.652260" lon="14.706033"><ele>0</ele></trkpt>
      <trkpt lat="40.652200" lon="14.705990"><ele>0</ele></trkpt>
      <trkpt lat="40.652172" lon="14.705982"><ele>0</ele></trkpt>
      <trkpt lat="40.652132" lon="14.705981"><ele>0</ele></trkpt>
      <trkpt lat="40.652085" lon="14.705984"><ele>0</ele></trkpt>
      <trkpt lat="40.652001" lon="14.705998"><ele>0</ele></trkpt>
      <trkpt lat="40.651944" lon="14.706004"><ele>0</ele></trkpt>
      <trkpt lat="40.651884" lon="14.705991"><ele>0</ele></trkpt>
      <trkpt lat="40.651823" lon="14.705964"><ele>0</ele></trkpt>
      <trkpt lat="40.651785" lon="14.705941"><ele>0</ele></trkpt>
      <trkpt lat="40.651749" lon="14.705915"><ele>0</ele></trkpt>
      <trkpt lat="40.651695" lon="14.705857"><ele>0</ele></trkpt>
      <trkpt lat="40.651641" lon="14.705773"><ele>0</ele></trkpt>
      <trkpt lat="40.651586" lon="14.705680"><ele>0</ele></trkpt>
      <trkpt lat="40.651558" lon="14.705612"><ele>0</ele></trkpt>
      <trkpt lat="40.651544" lon="14.705549"><ele>0</ele></trkpt>
      <trkpt lat="40.651541" lon="14.705507"><ele>0</ele></trkpt>
      <trkpt lat="40.651544" lon="14.705448"><ele>0</ele></trkpt>
      <trkpt lat="40.651550" lon="14.705386"><ele>0</ele></trkpt>
      <trkpt lat="40.651557" lon="14.705311"><ele>0</ele></trkpt>
      <trkpt lat="40.651554" lon="14.705252"><ele>0</ele></trkpt>
      <trkpt lat="40.651537" lon="14.705197"><ele>0</ele></trkpt>
      <trkpt lat="40.651526" lon="14.705173"><ele>0</ele></trkpt>
      <trkpt lat="40.651503" lon="14.705154"><ele>0</ele></trkpt>
      <trkpt lat="40.651474" lon="14.705142"><ele>0</ele></trkpt>
      <trkpt lat="40.651433" lon="14.705130"><ele>0</ele></trkpt>
      <trkpt lat="40.651368" lon="14.705122"><ele>0</ele></trkpt>
      <trkpt lat="40.651308" lon="14.705111"><ele>0</ele></trkpt>
      <trkpt lat="40.651229" lon="14.705081"><ele>0</ele></trkpt>
      <trkpt lat="40.651171" lon="14.705049"><ele>0</ele></trkpt>
      <trkpt lat="40.651000" lon="14.704953"><ele>0</ele></trkpt>
      <trkpt lat="40.650866" lon="14.704873"><ele>0</ele></trkpt>
      <trkpt lat="40.650767" lon="14.704810"><ele>0</ele></trkpt>
      <trkpt lat="40.650736" lon="14.704787"><ele>0</ele></trkpt>
      <trkpt lat="40.650718" lon="14.704770"><ele>0</ele></trkpt>
      <trkpt lat="40.650691" lon="14.704737"><ele>0</ele></trkpt>
      <trkpt lat="40.650666" lon="14.704692"><ele>0</ele></trkpt>
      <trkpt lat="40.650655" lon="14.704661"><ele>0</ele></trkpt>
      <trkpt lat="40.650647" lon="14.704634"><ele>0</ele></trkpt>
      <trkpt lat="40.650642" lon="14.704600"><ele>0</ele></trkpt>
      <trkpt lat="40.650645" lon="14.704565"><ele>0</ele></trkpt>
      <trkpt lat="40.650659" lon="14.704522"><ele>0</ele></trkpt>
      <trkpt lat="40.650680" lon="14.704481"><ele>0</ele></trkpt>
      <trkpt lat="40.650705" lon="14.704432"><ele>0</ele></trkpt>
      <trkpt lat="40.650734" lon="14.704373"><ele>0</ele></trkpt>
      <trkpt lat="40.650745" lon="14.704329"><ele>0</ele></trkpt>
      <trkpt lat="40.650753" lon="14.704283"><ele>0</ele></trkpt>
      <trkpt lat="40.650757" lon="14.704247"><ele>0</ele></trkpt>
      <trkpt lat="40.650755" lon="14.704206"><ele>0</ele></trkpt>
      <trkpt lat="40.650745" lon="14.704169"><ele>0</ele></trkpt>
      <trkpt lat="40.650733" lon="14.704143"><ele>0</ele></trkpt>
      <trkpt lat="40.650717" lon="14.704124"><ele>0</ele></trkpt>
      <trkpt lat="40.650693" lon="14.704112"><ele>0</ele></trkpt>
      <trkpt lat="40.650657" lon="14.704108"><ele>0</ele></trkpt>
      <trkpt lat="40.650609" lon="14.704107"><ele>0</ele></trkpt>
      <trkpt lat="40.650573" lon="14.704110"><ele>0</ele></trkpt>
      <trkpt lat="40.650536" lon="14.704116"><ele>0</ele></trkpt>
      <trkpt lat="40.650471" lon="14.704139"><ele>0</ele></trkpt>
      <trkpt lat="40.650350" lon="14.704183"><ele>0</ele></trkpt>
      <trkpt lat="40.650236" lon="14.704218"><ele>0</ele></trkpt>
      <trkpt lat="40.650164" lon="14.704246"><ele>0</ele></trkpt>
      <trkpt lat="40.650087" lon="14.704291"><ele>0</ele></trkpt>
      <trkpt lat="40.650035" lon="14.704322"><ele>0</ele></trkpt>
      <trkpt lat="40.649971" lon="14.704353"><ele>0</ele></trkpt>
      <trkpt lat="40.649910" lon="14.704383"><ele>0</ele></trkpt>
      <trkpt lat="40.649873" lon="14.704397"><ele>0</ele></trkpt>
      <trkpt lat="40.649829" lon="14.704404"><ele>0</ele></trkpt>
      <trkpt lat="40.649787" lon="14.704407"><ele>0</ele></trkpt>
      <trkpt lat="40.649768" lon="14.704404"><ele>0</ele></trkpt>
      <trkpt lat="40.649740" lon="14.704396"><ele>0</ele></trkpt>
      <trkpt lat="40.649713" lon="14.704381"><ele>0</ele></trkpt>
      <trkpt lat="40.649687" lon="14.704365"><ele>0</ele></trkpt>
      <trkpt lat="40.649638" lon="14.704335"><ele>0</ele></trkpt>
      <trkpt lat="40.649586" lon="14.704305"><ele>0</ele></trkpt>
      <trkpt lat="40.649540" lon="14.704290"><ele>0</ele></trkpt>
      <trkpt lat="40.649496" lon="14.704285"><ele>0</ele></trkpt>
      <trkpt lat="40.649444" lon="14.704282"><ele>0</ele></trkpt>
      <trkpt lat="40.649335" lon="14.704265"><ele>0</ele></trkpt>
      <trkpt lat="40.649257" lon="14.704237"><ele>0</ele></trkpt>
      <trkpt lat="40.649180" lon="14.704196"><ele>0</ele></trkpt>
      <trkpt lat="40.649069" lon="14.704122"><ele>0</ele></trkpt>
      <trkpt lat="40.649041" lon="14.704097"><ele>0</ele></trkpt>
      <trkpt lat="40.649016" lon="14.704066"><ele>0</ele></trkpt>
      <trkpt lat="40.648981" lon="14.704016"><ele>0</ele></trkpt>
      <trkpt lat="40.648938" lon="14.703944"><ele>0</ele></trkpt>
      <trkpt lat="40.648909" lon="14.703880"><ele>0</ele></trkpt>
      <trkpt lat="40.648891" lon="14.703833"><ele>0</ele></trkpt>
      <trkpt lat="40.648874" lon="14.703773"><ele>0</ele></trkpt>
      <trkpt lat="40.648838" lon="14.703634"><ele>0</ele></trkpt>
      <trkpt lat="40.648796" lon="14.703492"><ele>0</ele></trkpt>
      <trkpt lat="40.648771" lon="14.703432"><ele>0</ele></trkpt>
      <trkpt lat="40.648748" lon="14.703395"><ele>0</ele></trkpt>
      <trkpt lat="40.648738" lon="14.703381"><ele>0</ele></trkpt>
      <trkpt lat="40.648724" lon="14.703367"><ele>0</ele></trkpt>
      <trkpt lat="40.648707" lon="14.703357"><ele>0</ele></trkpt>
      <trkpt lat="40.648687" lon="14.703350"><ele>0</ele></trkpt>
      <trkpt lat="40.648625" lon="14.703346"><ele>0</ele></trkpt>
      <trkpt lat="40.648552" lon="14.703342"><ele>0</ele></trkpt>
      <trkpt lat="40.648484" lon="14.703350"><ele>0</ele></trkpt>
      <trkpt lat="40.648338" lon="14.703371"><ele>0</ele></trkpt>
      <trkpt lat="40.648281" lon="14.703385"><ele>0</ele></trkpt>
      <trkpt lat="40.648201" lon="14.703413"><ele>0</ele></trkpt>
      <trkpt lat="40.648135" lon="14.703441"><ele>0</ele></trkpt>
      <trkpt lat="40.648091" lon="14.703464"><ele>0</ele></trkpt>
      <trkpt lat="40.648031" lon="14.703505"><ele>0</ele></trkpt>
      <trkpt lat="40.647926" lon="14.703592"><ele>0</ele></trkpt>
      <trkpt lat="40.647843" lon="14.703667"><ele>0</ele></trkpt>
      <trkpt lat="40.647790" lon="14.703718"><ele>0</ele></trkpt>
      <trkpt lat="40.647730" lon="14.703755"><ele>0</ele></trkpt>
      <trkpt lat="40.647676" lon="14.703780"><ele>0</ele></trkpt>
      <trkpt lat="40.647611" lon="14.703792"><ele>0</ele></trkpt>
      <trkpt lat="40.647574" lon="14.703792"><ele>0</ele></trkpt>
      <trkpt lat="40.647537" lon="14.703789"><ele>0</ele></trkpt>
      <trkpt lat="40.647499" lon="14.703778"><ele>0</ele></trkpt>
      <trkpt lat="40.647462" lon="14.703762"><ele>0</ele></trkpt>
      <trkpt lat="40.647377" lon="14.703719"><ele>0</ele></trkpt>
      <trkpt lat="40.647322" lon="14.703683"><ele>0</ele></trkpt>
      <trkpt lat="40.647287" lon="14.703654"><ele>0</ele></trkpt>
      <trkpt lat="40.647256" lon="14.703624"><ele>0</ele></trkpt>
      <trkpt lat="40.647220" lon="14.703581"><ele>0</ele></trkpt>
      <trkpt lat="40.647197" lon="14.703545"><ele>0</ele></trkpt>
      <trkpt lat="40.647170" lon="14.703496"><ele>0</ele></trkpt>
      <trkpt lat="40.647111" lon="14.703358"><ele>0</ele></trkpt>
      <trkpt lat="40.647099" lon="14.703286"><ele>0</ele></trkpt>
      <trkpt lat="40.647094" lon="14.703230"><ele>0</ele></trkpt>
      <trkpt lat="40.647091" lon="14.703174"><ele>0</ele></trkpt>
      <trkpt lat="40.647086" lon="14.703091"><ele>0</ele></trkpt>
      <trkpt lat="40.647076" lon="14.702972"><ele>0</ele></trkpt>
      <trkpt lat="40.647086" lon="14.702913"><ele>0</ele></trkpt>
      <trkpt lat="40.647104" lon="14.702847"><ele>0</ele></trkpt>
      <trkpt lat="40.647143" lon="14.702749"><ele>0</ele></trkpt>
      <trkpt lat="40.647172" lon="14.702685"><ele>0</ele></trkpt>
      <trkpt lat="40.647202" lon="14.702626"><ele>0</ele></trkpt>
      <trkpt lat="40.647237" lon="14.702556"><ele>0</ele></trkpt>
      <trkpt lat="40.647271" lon="14.702492"><ele>0</ele></trkpt>
      <trkpt lat="40.647305" lon="14.702422"><ele>0</ele></trkpt>
      <trkpt lat="40.647319" lon="14.702337"><ele>0</ele></trkpt>
      <trkpt lat="40.647322" lon="14.702222"><ele>0</ele></trkpt>
      <trkpt lat="40.647321" lon="14.702106"><ele>0</ele></trkpt>
      <trkpt lat="40.647331" lon="14.702002"><ele>0</ele></trkpt>
      <trkpt lat="40.647351" lon="14.701907"><ele>0</ele></trkpt>
      <trkpt lat="40.647377" lon="14.701827"><ele>0</ele></trkpt>
      <trkpt lat="40.647419" lon="14.701725"><ele>0</ele></trkpt>
      <trkpt lat="40.647452" lon="14.701647"><ele>0</ele></trkpt>
      <trkpt lat="40.647497" lon="14.701551"><ele>0</ele></trkpt>
      <trkpt lat="40.647546" lon="14.701411"><ele>0</ele></trkpt>
      <trkpt lat="40.647577" lon="14.701295"><ele>0</ele></trkpt>
      <trkpt lat="40.647604" lon="14.701174"><ele>0</ele></trkpt>
      <trkpt lat="40.647651" lon="14.701061"><ele>0</ele></trkpt>
      <trkpt lat="40.647706" lon="14.700951"><ele>0</ele></trkpt>
      <trkpt lat="40.647743" lon="14.700867"><ele>0</ele></trkpt>
      <trkpt lat="40.647757" lon="14.700826"><ele>0</ele></trkpt>
      <trkpt lat="40.647761" lon="14.700795"><ele>0</ele></trkpt>
      <trkpt lat="40.647761" lon="14.700768"><ele>0</ele></trkpt>
      <trkpt lat="40.647742" lon="14.700727"><ele>0</ele></trkpt>
      <trkpt lat="40.647726" lon="14.700695"><ele>0</ele></trkpt>
      <trkpt lat="40.647710" lon="14.700671"><ele>0</ele></trkpt>
      <trkpt lat="40.647681" lon="14.700629"><ele>0</ele></trkpt>
      <trkpt lat="40.647605" lon="14.700519"><ele>0</ele></trkpt>
      <trkpt lat="40.647517" lon="14.700405"><ele>0</ele></trkpt>
      <trkpt lat="40.647488" lon="14.700376"><ele>0</ele></trkpt>
      <trkpt lat="40.647456" lon="14.700349"><ele>0</ele></trkpt>
      <trkpt lat="40.647424" lon="14.700333"><ele>0</ele></trkpt>
      <trkpt lat="40.647387" lon="14.700324"><ele>0</ele></trkpt>
      <trkpt lat="40.647340" lon="14.700323"><ele>0</ele></trkpt>
      <trkpt lat="40.647290" lon="14.700328"><ele>0</ele></trkpt>
      <trkpt lat="40.647248" lon="14.700340"><ele>0</ele></trkpt>
      <trkpt lat="40.647191" lon="14.700368"><ele>0</ele></trkpt>
      <trkpt lat="40.647123" lon="14.700403"><ele>0</ele></trkpt>
      <trkpt lat="40.647072" lon="14.700425"><ele>0</ele></trkpt>
      <trkpt lat="40.647014" lon="14.700452"><ele>0</ele></trkpt>
      <trkpt lat="40.646928" lon="14.700494"><ele>0</ele></trkpt>
      <trkpt lat="40.646789" lon="14.700572"><ele>0</ele></trkpt>
      <trkpt lat="40.646711" lon="14.700626"><ele>0</ele></trkpt>
      <trkpt lat="40.646622" lon="14.700689"><ele>0</ele></trkpt>
      <trkpt lat="40.646520" lon="14.700768"><ele>0</ele></trkpt>
      <trkpt lat="40.646455" lon="14.700833"><ele>0</ele></trkpt>
      <trkpt lat="40.646398" lon="14.700902"><ele>0</ele></trkpt>
      <trkpt lat="40.646331" lon="14.700999"><ele>0</ele></trkpt>
      <trkpt lat="40.646267" lon="14.701109"><ele>0</ele></trkpt>
      <trkpt lat="40.646229" lon="14.701177"><ele>0</ele></trkpt>
      <trkpt lat="40.646167" lon="14.701304"><ele>0</ele></trkpt>
      <trkpt lat="40.646135" lon="14.701354"><ele>0</ele></trkpt>
      <trkpt lat="40.646105" lon="14.701393"><ele>0</ele></trkpt>
      <trkpt lat="40.646073" lon="14.701421"><ele>0</ele></trkpt>
      <trkpt lat="40.646029" lon="14.701442"><ele>0</ele></trkpt>
      <trkpt lat="40.645977" lon="14.701456"><ele>0</ele></trkpt>
      <trkpt lat="40.645948" lon="14.701454"><ele>0</ele></trkpt>
      <trkpt lat="40.645906" lon="14.701437"><ele>0</ele></trkpt>
      <trkpt lat="40.645867" lon="14.701410"><ele>0</ele></trkpt>
      <trkpt lat="40.645834" lon="14.701369"><ele>0</ele></trkpt>
      <trkpt lat="40.645795" lon="14.701303"><ele>0</ele></trkpt>
      <trkpt lat="40.645762" lon="14.701239"><ele>0</ele></trkpt>
      <trkpt lat="40.645727" lon="14.701185"><ele>0</ele></trkpt>
      <trkpt lat="40.645686" lon="14.701146"><ele>0</ele></trkpt>
      <trkpt lat="40.645650" lon="14.701121"><ele>0</ele></trkpt>
      <trkpt lat="40.645613" lon="14.701098"><ele>0</ele></trkpt>
      <trkpt lat="40.645564" lon="14.701077"><ele>0</ele></trkpt>
      <trkpt lat="40.645499" lon="14.701050"><ele>0</ele></trkpt>
      <trkpt lat="40.645455" lon="14.701024"><ele>0</ele></trkpt>
      <trkpt lat="40.645424" lon="14.700998"><ele>0</ele></trkpt>
      <trkpt lat="40.645394" lon="14.700965"><ele>0</ele></trkpt>
      <trkpt lat="40.645369" lon="14.700916"><ele>0</ele></trkpt>
      <trkpt lat="40.645343" lon="14.700845"><ele>0</ele></trkpt>
      <trkpt lat="40.645267" lon="14.700605"><ele>0</ele></trkpt>
      <trkpt lat="40.645191" lon="14.700362"><ele>0</ele></trkpt>
      <trkpt lat="40.645152" lon="14.700231"><ele>0</ele></trkpt>
      <trkpt lat="40.645117" lon="14.700124"><ele>0</ele></trkpt>
      <trkpt lat="40.645077" lon="14.700008"><ele>0</ele></trkpt>
      <trkpt lat="40.645034" lon="14.699899"><ele>0</ele></trkpt>
      <trkpt lat="40.645008" lon="14.699832"><ele>0</ele></trkpt>
      <trkpt lat="40.644979" lon="14.699769"><ele>0</ele></trkpt>
      <trkpt lat="40.644907" lon="14.699615"><ele>0</ele></trkpt>
      <trkpt lat="40.644803" lon="14.699415"><ele>0</ele></trkpt>
      <trkpt lat="40.644709" lon="14.699239"><ele>0</ele></trkpt>
      <trkpt lat="40.644638" lon="14.699093"><ele>0</ele></trkpt>
      <trkpt lat="40.644554" lon="14.698932"><ele>0</ele></trkpt>
      <trkpt lat="40.644483" lon="14.698800"><ele>0</ele></trkpt>
      <trkpt lat="40.644401" lon="14.698661"><ele>0</ele></trkpt>
      <trkpt lat="40.644291" lon="14.698480"><ele>0</ele></trkpt>
      <trkpt lat="40.644201" lon="14.698338"><ele>0</ele></trkpt>
      <trkpt lat="40.644142" lon="14.698246"><ele>0</ele></trkpt>
      <trkpt lat="40.644083" lon="14.698149"><ele>0</ele></trkpt>
      <trkpt lat="40.644020" lon="14.698035"><ele>0</ele></trkpt>
      <trkpt lat="40.643963" lon="14.697942"><ele>0</ele></trkpt>
      <trkpt lat="40.643918" lon="14.697880"><ele>0</ele></trkpt>
      <trkpt lat="40.643874" lon="14.697828"><ele>0</ele></trkpt>
      <trkpt lat="40.643845" lon="14.697797"><ele>0</ele></trkpt>
      <trkpt lat="40.643803" lon="14.697760"><ele>0</ele></trkpt>
      <trkpt lat="40.643765" lon="14.697734"><ele>0</ele></trkpt>
      <trkpt lat="40.643745" lon="14.697729"><ele>0</ele></trkpt>
      <trkpt lat="40.643720" lon="14.697727"><ele>0</ele></trkpt>
      <trkpt lat="40.643683" lon="14.697735"><ele>0</ele></trkpt>
      <trkpt lat="40.643628" lon="14.697754"><ele>0</ele></trkpt>
      <trkpt lat="40.643584" lon="14.697775"><ele>0</ele></trkpt>
      <trkpt lat="40.643524" lon="14.697804"><ele>0</ele></trkpt>
      <trkpt lat="40.643460" lon="14.697839"><ele>0</ele></trkpt>
      <trkpt lat="40.643409" lon="14.697871"><ele>0</ele></trkpt>
      <trkpt lat="40.643325" lon="14.697932"><ele>0</ele></trkpt>
      <trkpt lat="40.643266" lon="14.697986"><ele>0</ele></trkpt>
      <trkpt lat="40.643197" lon="14.698057"><ele>0</ele></trkpt>
      <trkpt lat="40.643135" lon="14.698106"><ele>0</ele></trkpt>
      <trkpt lat="40.643078" lon="14.698145"><ele>0</ele></trkpt>
      <trkpt lat="40.643020" lon="14.698174"><ele>0</ele></trkpt>
      <trkpt lat="40.642965" lon="14.698197"><ele>0</ele></trkpt>
      <trkpt lat="40.642898" lon="14.698213"><ele>0</ele></trkpt>
      <trkpt lat="40.642806" lon="14.698231"><ele>0</ele></trkpt>
      <trkpt lat="40.642743" lon="14.698222"><ele>0</ele></trkpt>
      <trkpt lat="40.642689" lon="14.698210"><ele>0</ele></trkpt>
      <trkpt lat="40.642611" lon="14.698178"><ele>0</ele></trkpt>
      <trkpt lat="40.642369" lon="14.698071"><ele>0</ele></trkpt>
      <trkpt lat="40.642201" lon="14.697997"><ele>0</ele></trkpt>
      <trkpt lat="40.642126" lon="14.697953"><ele>0</ele></trkpt>
      <trkpt lat="40.642089" lon="14.697936"><ele>0</ele></trkpt>
      <trkpt lat="40.642061" lon="14.697906"><ele>0</ele></trkpt>
      <trkpt lat="40.642042" lon="14.697878"><ele>0</ele></trkpt>
      <trkpt lat="40.642033" lon="14.697841"><ele>0</ele></trkpt>
      <trkpt lat="40.642034" lon="14.697806"><ele>0</ele></trkpt>
      <trkpt lat="40.642035" lon="14.697741"><ele>0</ele></trkpt>
      <trkpt lat="40.642044" lon="14.697673"><ele>0</ele></trkpt>
      <trkpt lat="40.642077" lon="14.697555"><ele>0</ele></trkpt>
      <trkpt lat="40.642116" lon="14.697429"><ele>0</ele></trkpt>
      <trkpt lat="40.642133" lon="14.697371"><ele>0</ele></trkpt>
      <trkpt lat="40.642136" lon="14.697340"><ele>0</ele></trkpt>
      <trkpt lat="40.642134" lon="14.697314"><ele>0</ele></trkpt>
      <trkpt lat="40.642123" lon="14.697280"><ele>0</ele></trkpt>
      <trkpt lat="40.642092" lon="14.697242"><ele>0</ele></trkpt>
      <trkpt lat="40.642053" lon="14.697211"><ele>0</ele></trkpt>
      <trkpt lat="40.642017" lon="14.697205"><ele>0</ele></trkpt>
      <trkpt lat="40.641956" lon="14.697198"><ele>0</ele></trkpt>
      <trkpt lat="40.641867" lon="14.697196"><ele>0</ele></trkpt>
      <trkpt lat="40.641786" lon="14.697203"><ele>0</ele></trkpt>
      <trkpt lat="40.641711" lon="14.697210"><ele>0</ele></trkpt>
      <trkpt lat="40.641663" lon="14.697207"><ele>0</ele></trkpt>
      <trkpt lat="40.641578" lon="14.697197"><ele>0</ele></trkpt>
      <trkpt lat="40.641503" lon="14.697182"><ele>0</ele></trkpt>
      <trkpt lat="40.641426" lon="14.697174"><ele>0</ele></trkpt>
      <trkpt lat="40.641340" lon="14.697175"><ele>0</ele></trkpt>
      <trkpt lat="40.641272" lon="14.697189"><ele>0</ele></trkpt>
      <trkpt lat="40.641175" lon="14.697224"><ele>0</ele></trkpt>
      <trkpt lat="40.641110" lon="14.697255"><ele>0</ele></trkpt>
      <trkpt lat="40.641059" lon="14.697283"><ele>0</ele></trkpt>
      <trkpt lat="40.640927" lon="14.697365"><ele>0</ele></trkpt>
      <trkpt lat="40.640783" lon="14.697449"><ele>0</ele></trkpt>
      <trkpt lat="40.640708" lon="14.697489"><ele>0</ele></trkpt>
      <trkpt lat="40.640626" lon="14.697533"><ele>0</ele></trkpt>
      <trkpt lat="40.640559" lon="14.697576"><ele>0</ele></trkpt>
      <trkpt lat="40.640499" lon="14.697606"><ele>0</ele></trkpt>
      <trkpt lat="40.640439" lon="14.697624"><ele>0</ele></trkpt>
      <trkpt lat="40.640388" lon="14.697627"><ele>0</ele></trkpt>
      <trkpt lat="40.640349" lon="14.697606"><ele>0</ele></trkpt>
      <trkpt lat="40.640314" lon="14.697563"><ele>0</ele></trkpt>
      <trkpt lat="40.640293" lon="14.697499"><ele>0</ele></trkpt>
      <trkpt lat="40.640287" lon="14.697440"><ele>0</ele></trkpt>
      <trkpt lat="40.640296" lon="14.697375"><ele>0</ele></trkpt>
      <trkpt lat="40.640313" lon="14.697323"><ele>0</ele></trkpt>
      <trkpt lat="40.640346" lon="14.697249"><ele>0</ele></trkpt>
      <trkpt lat="40.640413" lon="14.697120"><ele>0</ele></trkpt>
      <trkpt lat="40.640467" lon="14.697016"><ele>0</ele></trkpt>
      <trkpt lat="40.640501" lon="14.696942"><ele>0</ele></trkpt>
      <trkpt lat="40.640543" lon="14.696834"><ele>0</ele></trkpt>
      <trkpt lat="40.640581" lon="14.696731"><ele>0</ele></trkpt>
      <trkpt lat="40.640608" lon="14.696665"><ele>0</ele></trkpt>
      <trkpt lat="40.640635" lon="14.696626"><ele>0</ele></trkpt>
      <trkpt lat="40.640664" lon="14.696598"><ele>0</ele></trkpt>
      <trkpt lat="40.640696" lon="14.696571"><ele>0</ele></trkpt>
      <trkpt lat="40.640753" lon="14.696542"><ele>0</ele></trkpt>
      <trkpt lat="40.640804" lon="14.696519"><ele>0</ele></trkpt>
      <trkpt lat="40.640839" lon="14.696498"><ele>0</ele></trkpt>
      <trkpt lat="40.640913" lon="14.696446"><ele>0</ele></trkpt>
      <trkpt lat="40.640990" lon="14.696360"><ele>0</ele></trkpt>
      <trkpt lat="40.641036" lon="14.696298"><ele>0</ele></trkpt>
      <trkpt lat="40.641099" lon="14.696189"><ele>0</ele></trkpt>
      <trkpt lat="40.641133" lon="14.696116"><ele>0</ele></trkpt>
      <trkpt lat="40.641151" lon="14.696065"><ele>0</ele></trkpt>
      <trkpt lat="40.641155" lon="14.696016"><ele>0</ele></trkpt>
      <trkpt lat="40.641150" lon="14.695972"><ele>0</ele></trkpt>
      <trkpt lat="40.641138" lon="14.695930"><ele>0</ele></trkpt>
      <trkpt lat="40.641113" lon="14.695885"><ele>0</ele></trkpt>
      <trkpt lat="40.641077" lon="14.695847"><ele>0</ele></trkpt>
      <trkpt lat="40.641039" lon="14.695821"><ele>0</ele></trkpt>
      <trkpt lat="40.640957" lon="14.695798"><ele>0</ele></trkpt>
      <trkpt lat="40.640920" lon="14.695781"><ele>0</ele></trkpt>
      <trkpt lat="40.640895" lon="14.695766"><ele>0</ele></trkpt>
      <trkpt lat="40.640872" lon="14.695741"><ele>0</ele></trkpt>
      <trkpt lat="40.640850" lon="14.695706"><ele>0</ele></trkpt>
      <trkpt lat="40.640781" lon="14.695571"><ele>0</ele></trkpt>
      <trkpt lat="40.640736" lon="14.695488"><ele>0</ele></trkpt>
      <trkpt lat="40.640698" lon="14.695438"><ele>0</ele></trkpt>
      <trkpt lat="40.640653" lon="14.695397"><ele>0</ele></trkpt>
      <trkpt lat="40.640602" lon="14.695362"><ele>0</ele></trkpt>
      <trkpt lat="40.640533" lon="14.695323"><ele>0</ele></trkpt>
      <trkpt lat="40.640432" lon="14.695289"><ele>0</ele></trkpt>
      <trkpt lat="40.640324" lon="14.695302"><ele>0</ele></trkpt>
      <trkpt lat="40.640170" lon="14.695337"><ele>0</ele></trkpt>
      <trkpt lat="40.640063" lon="14.695372"><ele>0</ele></trkpt>
      <trkpt lat="40.639938" lon="14.695416"><ele>0</ele></trkpt>
      <trkpt lat="40.639837" lon="14.695469"><ele>0</ele></trkpt>
      <trkpt lat="40.639768" lon="14.695533"><ele>0</ele></trkpt>
      <trkpt lat="40.639665" lon="14.695663"><ele>0</ele></trkpt>
      <trkpt lat="40.639583" lon="14.695752"><ele>0</ele></trkpt>
      <trkpt lat="40.639529" lon="14.695799"><ele>0</ele></trkpt>
      <trkpt lat="40.639386" lon="14.695914"><ele>0</ele></trkpt>
      <trkpt lat="40.639312" lon="14.695966"><ele>0</ele></trkpt>
      <trkpt lat="40.639243" lon="14.695985"><ele>0</ele></trkpt>
      <trkpt lat="40.639190" lon="14.695979"><ele>0</ele></trkpt>
      <trkpt lat="40.639137" lon="14.695936"><ele>0</ele></trkpt>
      <trkpt lat="40.639112" lon="14.695894"><ele>0</ele></trkpt>
      <trkpt lat="40.639077" lon="14.695825"><ele>0</ele></trkpt>
      <trkpt lat="40.639037" lon="14.695724"><ele>0</ele></trkpt>
      <trkpt lat="40.638998" lon="14.695617"><ele>0</ele></trkpt>
      <trkpt lat="40.638965" lon="14.695529"><ele>0</ele></trkpt>
      <trkpt lat="40.638943" lon="14.695480"><ele>0</ele></trkpt>
      <trkpt lat="40.638908" lon="14.695421"><ele>0</ele></trkpt>
      <trkpt lat="40.638869" lon="14.695359"><ele>0</ele></trkpt>
      <trkpt lat="40.638828" lon="14.695310"><ele>0</ele></trkpt>
      <trkpt lat="40.638771" lon="14.695246"><ele>0</ele></trkpt>
      <trkpt lat="40.638730" lon="14.695209"><ele>0</ele></trkpt>
      <trkpt lat="40.638672" lon="14.695157"><ele>0</ele></trkpt>
      <trkpt lat="40.638637" lon="14.695129"><ele>0</ele></trkpt>
      <trkpt lat="40.638612" lon="14.695101"><ele>0</ele></trkpt>
      <trkpt lat="40.638597" lon="14.695068"><ele>0</ele></trkpt>
      <trkpt lat="40.638581" lon="14.695015"><ele>0</ele></trkpt>
      <trkpt lat="40.638580" lon="14.694960"><ele>0</ele></trkpt>
      <trkpt lat="40.638587" lon="14.694907"><ele>0</ele></trkpt>
      <trkpt lat="40.638600" lon="14.694854"><ele>0</ele></trkpt>
      <trkpt lat="40.638615" lon="14.694812"><ele>0</ele></trkpt>
      <trkpt lat="40.638632" lon="14.694772"><ele>0</ele></trkpt>
      <trkpt lat="40.638650" lon="14.694733"><ele>0</ele></trkpt>
      <trkpt lat="40.638679" lon="14.694683"><ele>0</ele></trkpt>
      <trkpt lat="40.638704" lon="14.694640"><ele>0</ele></trkpt>
      <trkpt lat="40.638732" lon="14.694602"><ele>0</ele></trkpt>
      <trkpt lat="40.638783" lon="14.694533"><ele>0</ele></trkpt>
      <trkpt lat="40.638932" lon="14.694364"><ele>0</ele></trkpt>
      <trkpt lat="40.639121" lon="14.694162"><ele>0</ele></trkpt>
      <trkpt lat="40.639224" lon="14.694030"><ele>0</ele></trkpt>
      <trkpt lat="40.639297" lon="14.693931"><ele>0</ele></trkpt>
      <trkpt lat="40.639363" lon="14.693814"><ele>0</ele></trkpt>
      <trkpt lat="40.639437" lon="14.693652"><ele>0</ele></trkpt>
      <trkpt lat="40.639553" lon="14.693391"><ele>0</ele></trkpt>
      <trkpt lat="40.639571" lon="14.693346"><ele>0</ele></trkpt>
      <trkpt lat="40.639582" lon="14.693297"><ele>0</ele></trkpt>
      <trkpt lat="40.639585" lon="14.693231"><ele>0</ele></trkpt>
      <trkpt lat="40.639577" lon="14.693166"><ele>0</ele></trkpt>
      <trkpt lat="40.639585" lon="14.693102"><ele>0</ele></trkpt>
      <trkpt lat="40.639600" lon="14.693061"><ele>0</ele></trkpt>
      <trkpt lat="40.639622" lon="14.693014"><ele>0</ele></trkpt>
      <trkpt lat="40.639726" lon="14.692848"><ele>0</ele></trkpt>
      <trkpt lat="40.639739" lon="14.692818"><ele>0</ele></trkpt>
      <trkpt lat="40.639744" lon="14.692795"><ele>0</ele></trkpt>
      <trkpt lat="40.639750" lon="14.692741"><ele>0</ele></trkpt>
      <trkpt lat="40.639750" lon="14.692686"><ele>0</ele></trkpt>
      <trkpt lat="40.639746" lon="14.692631"><ele>0</ele></trkpt>
      <trkpt lat="40.639731" lon="14.692558"><ele>0</ele></trkpt>
      <trkpt lat="40.639689" lon="14.692375"><ele>0</ele></trkpt>
      <trkpt lat="40.639675" lon="14.692304"><ele>0</ele></trkpt>
      <trkpt lat="40.639669" lon="14.692252"><ele>0</ele></trkpt>
      <trkpt lat="40.639671" lon="14.692197"><ele>0</ele></trkpt>
      <trkpt lat="40.639681" lon="14.692128"><ele>0</ele></trkpt>
      <trkpt lat="40.639692" lon="14.692074"><ele>0</ele></trkpt>
      <trkpt lat="40.639721" lon="14.691967"><ele>0</ele></trkpt>
      <trkpt lat="40.639762" lon="14.691810"><ele>0</ele></trkpt>
      <trkpt lat="40.639786" lon="14.691708"><ele>0</ele></trkpt>
      <trkpt lat="40.639810" lon="14.691622"><ele>0</ele></trkpt>
      <trkpt lat="40.639845" lon="14.691539"><ele>0</ele></trkpt>
      <trkpt lat="40.639901" lon="14.691429"><ele>0</ele></trkpt>
      <trkpt lat="40.639957" lon="14.691325"><ele>0</ele></trkpt>
      <trkpt lat="40.639985" lon="14.691264"><ele>0</ele></trkpt>
      <trkpt lat="40.640007" lon="14.691201"><ele>0</ele></trkpt>
      <trkpt lat="40.640053" lon="14.691037"><ele>0</ele></trkpt>
      <trkpt lat="40.640071" lon="14.690964"><ele>0</ele></trkpt>
      <trkpt lat="40.640089" lon="14.690909"><ele>0</ele></trkpt>
      <trkpt lat="40.640115" lon="14.690860"><ele>0</ele></trkpt>
      <trkpt lat="40.640145" lon="14.690814"><ele>0</ele></trkpt>
      <trkpt lat="40.640173" lon="14.690786"><ele>0</ele></trkpt>
      <trkpt lat="40.640207" lon="14.690769"><ele>0</ele></trkpt>
      <trkpt lat="40.640255" lon="14.690760"><ele>0</ele></trkpt>
      <trkpt lat="40.640342" lon="14.690743"><ele>0</ele></trkpt>
      <trkpt lat="40.640387" lon="14.690740"><ele>0</ele></trkpt>
      <trkpt lat="40.640412" lon="14.690730"><ele>0</ele></trkpt>
      <trkpt lat="40.640442" lon="14.690708"><ele>0</ele></trkpt>
      <trkpt lat="40.640462" lon="14.690671"><ele>0</ele></trkpt>
      <trkpt lat="40.640482" lon="14.690615"><ele>0</ele></trkpt>
      <trkpt lat="40.640498" lon="14.690516"><ele>0</ele></trkpt>
      <trkpt lat="40.640516" lon="14.690371"><ele>0</ele></trkpt>
      <trkpt lat="40.640531" lon="14.690279"><ele>0</ele></trkpt>
      <trkpt lat="40.640543" lon="14.690226"><ele>0</ele></trkpt>
      <trkpt lat="40.640572" lon="14.690146"><ele>0</ele></trkpt>
      <trkpt lat="40.640673" lon="14.689913"><ele>0</ele></trkpt>
      <trkpt lat="40.640725" lon="14.689780"><ele>0</ele></trkpt>
      <trkpt lat="40.640743" lon="14.689742"><ele>0</ele></trkpt>
      <trkpt lat="40.640760" lon="14.689707"><ele>0</ele></trkpt>
      <trkpt lat="40.640780" lon="14.689684"><ele>0</ele></trkpt>
      <trkpt lat="40.640834" lon="14.689625"><ele>0</ele></trkpt>
      <trkpt lat="40.640858" lon="14.689591"><ele>0</ele></trkpt>
      <trkpt lat="40.640884" lon="14.689551"><ele>0</ele></trkpt>
      <trkpt lat="40.640942" lon="14.689468"><ele>0</ele></trkpt>
      <trkpt lat="40.640963" lon="14.689433"><ele>0</ele></trkpt>
      <trkpt lat="40.640998" lon="14.689402"><ele>0</ele></trkpt>
      <trkpt lat="40.641050" lon="14.689377"><ele>0</ele></trkpt>
      <trkpt lat="40.641096" lon="14.689356"><ele>0</ele></trkpt>
      <trkpt lat="40.641132" lon="14.689335"><ele>0</ele></trkpt>
      <trkpt lat="40.641164" lon="14.689320"><ele>0</ele></trkpt>
      <trkpt lat="40.641186" lon="14.689303"><ele>0</ele></trkpt>
      <trkpt lat="40.641205" lon="14.689285"><ele>0</ele></trkpt>
      <trkpt lat="40.641224" lon="14.689257"><ele>0</ele></trkpt>
      <trkpt lat="40.641238" lon="14.689215"><ele>0</ele></trkpt>
      <trkpt lat="40.641250" lon="14.689157"><ele>0</ele></trkpt>
      <trkpt lat="40.641254" lon="14.689061"><ele>0</ele></trkpt>
      <trkpt lat="40.641243" lon="14.688729"><ele>0</ele></trkpt>
      <trkpt lat="40.641241" lon="14.688656"><ele>0</ele></trkpt>
      <trkpt lat="40.641232" lon="14.688592"><ele>0</ele></trkpt>
      <trkpt lat="40.641213" lon="14.688514"><ele>0</ele></trkpt>
      <trkpt lat="40.641188" lon="14.688450"><ele>0</ele></trkpt>
      <trkpt lat="40.641165" lon="14.688392"><ele>0</ele></trkpt>
      <trkpt lat="40.641134" lon="14.688330"><ele>0</ele></trkpt>
      <trkpt lat="40.641104" lon="14.688279"><ele>0</ele></trkpt>
      <trkpt lat="40.641077" lon="14.688241"><ele>0</ele></trkpt>
      <trkpt lat="40.641045" lon="14.688205"><ele>0</ele></trkpt>
      <trkpt lat="40.641013" lon="14.688182"><ele>0</ele></trkpt>
      <trkpt lat="40.640979" lon="14.688163"><ele>0</ele></trkpt>
      <trkpt lat="40.640870" lon="14.688129"><ele>0</ele></trkpt>
      <trkpt lat="40.640762" lon="14.688098"><ele>0</ele></trkpt>
      <trkpt lat="40.640664" lon="14.688074"><ele>0</ele></trkpt>
      <trkpt lat="40.640596" lon="14.688060"><ele>0</ele></trkpt>
      <trkpt lat="40.640564" lon="14.688052"><ele>0</ele></trkpt>
      <trkpt lat="40.640526" lon="14.688067"><ele>0</ele></trkpt>
      <trkpt lat="40.640510" lon="14.688095"><ele>0</ele></trkpt>
      <trkpt lat="40.640500" lon="14.688119"><ele>0</ele></trkpt>
      <trkpt lat="40.640492" lon="14.688182"><ele>0</ele></trkpt>
      <trkpt lat="40.640479" lon="14.688302"><ele>0</ele></trkpt>
      <trkpt lat="40.640459" lon="14.688506"><ele>0</ele></trkpt>
      <trkpt lat="40.640434" lon="14.688644"><ele>0</ele></trkpt>
      <trkpt lat="40.640421" lon="14.688690"><ele>0</ele></trkpt>
      <trkpt lat="40.640408" lon="14.688719"><ele>0</ele></trkpt>
      <trkpt lat="40.640391" lon="14.688745"><ele>0</ele></trkpt>
      <trkpt lat="40.640371" lon="14.688769"><ele>0</ele></trkpt>
      <trkpt lat="40.640350" lon="14.688785"><ele>0</ele></trkpt>
      <trkpt lat="40.640320" lon="14.688800"><ele>0</ele></trkpt>
      <trkpt lat="40.640294" lon="14.688806"><ele>0</ele></trkpt>
      <trkpt lat="40.640245" lon="14.688812"><ele>0</ele></trkpt>
      <trkpt lat="40.640196" lon="14.688818"><ele>0</ele></trkpt>
      <trkpt lat="40.640154" lon="14.688829"><ele>0</ele></trkpt>
      <trkpt lat="40.640119" lon="14.688841"><ele>0</ele></trkpt>
      <trkpt lat="40.640050" lon="14.688875"><ele>0</ele></trkpt>
      <trkpt lat="40.639815" lon="14.689008"><ele>0</ele></trkpt>
      <trkpt lat="40.639630" lon="14.689131"><ele>0</ele></trkpt>
      <trkpt lat="40.639530" lon="14.689206"><ele>0</ele></trkpt>
      <trkpt lat="40.639437" lon="14.689293"><ele>0</ele></trkpt>
      <trkpt lat="40.639398" lon="14.689322"><ele>0</ele></trkpt>
      <trkpt lat="40.639341" lon="14.689349"><ele>0</ele></trkpt>
      <trkpt lat="40.639299" lon="14.689361"><ele>0</ele></trkpt>
      <trkpt lat="40.639254" lon="14.689374"><ele>0</ele></trkpt>
      <trkpt lat="40.639202" lon="14.689389"><ele>0</ele></trkpt>
      <trkpt lat="40.639144" lon="14.689398"><ele>0</ele></trkpt>
      <trkpt lat="40.639085" lon="14.689401"><ele>0</ele></trkpt>
      <trkpt lat="40.639009" lon="14.689408"><ele>0</ele></trkpt>
      <trkpt lat="40.638950" lon="14.689421"><ele>0</ele></trkpt>
      <trkpt lat="40.638919" lon="14.689436"><ele>0</ele></trkpt>
      <trkpt lat="40.638878" lon="14.689462"><ele>0</ele></trkpt>
      <trkpt lat="40.638851" lon="14.689490"><ele>0</ele></trkpt>
      <trkpt lat="40.638760" lon="14.689588"><ele>0</ele></trkpt>
      <trkpt lat="40.638736" lon="14.689613"><ele>0</ele></trkpt>
      <trkpt lat="40.638648" lon="14.689711"><ele>0</ele></trkpt>
      <trkpt lat="40.638468" lon="14.689920"><ele>0</ele></trkpt>
      <trkpt lat="40.638426" lon="14.689975"><ele>0</ele></trkpt>
      <trkpt lat="40.638391" lon="14.690026"><ele>0</ele></trkpt>
      <trkpt lat="40.638345" lon="14.690087"><ele>0</ele></trkpt>
      <trkpt lat="40.638302" lon="14.690111"><ele>0</ele></trkpt>
      <trkpt lat="40.638260" lon="14.690112"><ele>0</ele></trkpt>
      <trkpt lat="40.638209" lon="14.690105"><ele>0</ele></trkpt>
      <trkpt lat="40.638151" lon="14.690097"><ele>0</ele></trkpt>
      <trkpt lat="40.638058" lon="14.690078"><ele>0</ele></trkpt>
      <trkpt lat="40.637975" lon="14.690049"><ele>0</ele></trkpt>
      <trkpt lat="40.637845" lon="14.690010"><ele>0</ele></trkpt>
      <trkpt lat="40.637774" lon="14.689986"><ele>0</ele></trkpt>
      <trkpt lat="40.637700" lon="14.689971"><ele>0</ele></trkpt>
      <trkpt lat="40.637633" lon="14.689961"><ele>0</ele></trkpt>
      <trkpt lat="40.637583" lon="14.689960"><ele>0</ele></trkpt>
      <trkpt lat="40.637531" lon="14.689964"><ele>0</ele></trkpt>
      <trkpt lat="40.637485" lon="14.689985"><ele>0</ele></trkpt>
      <trkpt lat="40.637441" lon="14.690027"><ele>0</ele></trkpt>
      <trkpt lat="40.637401" lon="14.690069"><ele>0</ele></trkpt>
      <trkpt lat="40.637321" lon="14.690151"><ele>0</ele></trkpt>
      <trkpt lat="40.637278" lon="14.690202"><ele>0</ele></trkpt>
      <trkpt lat="40.637229" lon="14.690286"><ele>0</ele></trkpt>
      <trkpt lat="40.637201" lon="14.690348"><ele>0</ele></trkpt>
      <trkpt lat="40.637183" lon="14.690389"><ele>0</ele></trkpt>
      <trkpt lat="40.637167" lon="14.690435"><ele>0</ele></trkpt>
      <trkpt lat="40.637103" lon="14.690613"><ele>0</ele></trkpt>
      <trkpt lat="40.637074" lon="14.690687"><ele>0</ele></trkpt>
      <trkpt lat="40.637020" lon="14.690795"><ele>0</ele></trkpt>
      <trkpt lat="40.636961" lon="14.690907"><ele>0</ele></trkpt>
      <trkpt lat="40.636928" lon="14.690971"><ele>0</ele></trkpt>
      <trkpt lat="40.636910" lon="14.691026"><ele>0</ele></trkpt>
      <trkpt lat="40.636898" lon="14.691087"><ele>0</ele></trkpt>
      <trkpt lat="40.636892" lon="14.691155"><ele>0</ele></trkpt>
      <trkpt lat="40.636887" lon="14.691239"><ele>0</ele></trkpt>
      <trkpt lat="40.636881" lon="14.691323"><ele>0</ele></trkpt>
      <trkpt lat="40.636871" lon="14.691404"><ele>0</ele></trkpt>
      <trkpt lat="40.636849" lon="14.691469"><ele>0</ele></trkpt>
      <trkpt lat="40.636824" lon="14.691521"><ele>0</ele></trkpt>
      <trkpt lat="40.636795" lon="14.691559"><ele>0</ele></trkpt>
      <trkpt lat="40.636762" lon="14.691596"><ele>0</ele></trkpt>
      <trkpt lat="40.636717" lon="14.691634"><ele>0</ele></trkpt>
      <trkpt lat="40.636681" lon="14.691657"><ele>0</ele></trkpt>
      <trkpt lat="40.636644" lon="14.691674"><ele>0</ele></trkpt>
      <trkpt lat="40.636590" lon="14.691691"><ele>0</ele></trkpt>
      <trkpt lat="40.636541" lon="14.691692"><ele>0</ele></trkpt>
      <trkpt lat="40.636494" lon="14.691686"><ele>0</ele></trkpt>
      <trkpt lat="40.636453" lon="14.691680"><ele>0</ele></trkpt>
      <trkpt lat="40.636408" lon="14.691663"><ele>0</ele></trkpt>
      <trkpt lat="40.636370" lon="14.691647"><ele>0</ele></trkpt>
      <trkpt lat="40.636310" lon="14.691622"><ele>0</ele></trkpt>
      <trkpt lat="40.636237" lon="14.691592"><ele>0</ele></trkpt>
      <trkpt lat="40.636131" lon="14.691539"><ele>0</ele></trkpt>
      <trkpt lat="40.636037" lon="14.691489"><ele>0</ele></trkpt>
      <trkpt lat="40.635943" lon="14.691451"><ele>0</ele></trkpt>
      <trkpt lat="40.635871" lon="14.691424"><ele>0</ele></trkpt>
      <trkpt lat="40.635792" lon="14.691401"><ele>0</ele></trkpt>
      <trkpt lat="40.635698" lon="14.691386"><ele>0</ele></trkpt>
      <trkpt lat="40.635640" lon="14.691376"><ele>0</ele></trkpt>
      <trkpt lat="40.635593" lon="14.691362"><ele>0</ele></trkpt>
      <trkpt lat="40.635551" lon="14.691348"><ele>0</ele></trkpt>
      <trkpt lat="40.635515" lon="14.691314"><ele>0</ele></trkpt>
      <trkpt lat="40.635480" lon="14.691278"><ele>0</ele></trkpt>
      <trkpt lat="40.635448" lon="14.691216"><ele>0</ele></trkpt>
      <trkpt lat="40.635421" lon="14.691150"><ele>0</ele></trkpt>
      <trkpt lat="40.635400" lon="14.691085"><ele>0</ele></trkpt>
      <trkpt lat="40.635358" lon="14.690937"><ele>0</ele></trkpt>
      <trkpt lat="40.635316" lon="14.690792"><ele>0</ele></trkpt>
      <trkpt lat="40.635272" lon="14.690655"><ele>0</ele></trkpt>
      <trkpt lat="40.635232" lon="14.690544"><ele>0</ele></trkpt>
      <trkpt lat="40.635176" lon="14.690417"><ele>0</ele></trkpt>
      <trkpt lat="40.635118" lon="14.690296"><ele>0</ele></trkpt>
      <trkpt lat="40.635067" lon="14.690193"><ele>0</ele></trkpt>
      <trkpt lat="40.635032" lon="14.690119"><ele>0</ele></trkpt>
      <trkpt lat="40.635012" lon="14.690053"><ele>0</ele></trkpt>
      <trkpt lat="40.635000" lon="14.689979"><ele>0</ele></trkpt>
      <trkpt lat="40.634994" lon="14.689900"><ele>0</ele></trkpt>
      <trkpt lat="40.634983" lon="14.689728"><ele>0</ele></trkpt>
      <trkpt lat="40.634975" lon="14.689621"><ele>0</ele></trkpt>
      <trkpt lat="40.634964" lon="14.689528"><ele>0</ele></trkpt>
      <trkpt lat="40.634949" lon="14.689449"><ele>0</ele></trkpt>
      <trkpt lat="40.634925" lon="14.689356"><ele>0</ele></trkpt>
      <trkpt lat="40.634899" lon="14.689278"><ele>0</ele></trkpt>
      <trkpt lat="40.634860" lon="14.689189"><ele>0</ele></trkpt>
      <trkpt lat="40.634813" lon="14.689109"><ele>0</ele></trkpt>
      <trkpt lat="40.634747" lon="14.689013"><ele>0</ele></trkpt>
      <trkpt lat="40.634667" lon="14.688906"><ele>0</ele></trkpt>
      <trkpt lat="40.634602" lon="14.688837"><ele>0</ele></trkpt>
      <trkpt lat="40.634551" lon="14.688786"><ele>0</ele></trkpt>
      <trkpt lat="40.634504" lon="14.688739"><ele>0</ele></trkpt>
      <trkpt lat="40.634461" lon="14.688684"><ele>0</ele></trkpt>
      <trkpt lat="40.634422" lon="14.688617"><ele>0</ele></trkpt>
      <trkpt lat="40.634398" lon="14.688558"><ele>0</ele></trkpt>
      <trkpt lat="40.634372" lon="14.688474"><ele>0</ele></trkpt>
      <trkpt lat="40.634344" lon="14.688386"><ele>0</ele></trkpt>
      <trkpt lat="40.634307" lon="14.688300"><ele>0</ele></trkpt>
      <trkpt lat="40.634266" lon="14.688232"><ele>0</ele></trkpt>
      <trkpt lat="40.634206" lon="14.688146"><ele>0</ele></trkpt>
      <trkpt lat="40.634158" lon="14.688088"><ele>0</ele></trkpt>
      <trkpt lat="40.634129" lon="14.688041"><ele>0</ele></trkpt>
      <trkpt lat="40.634107" lon="14.687991"><ele>0</ele></trkpt>
      <trkpt lat="40.634096" lon="14.687943"><ele>0</ele></trkpt>
      <trkpt lat="40.634094" lon="14.687893"><ele>0</ele></trkpt>
      <trkpt lat="40.634101" lon="14.687830"><ele>0</ele></trkpt>
      <trkpt lat="40.634115" lon="14.687778"><ele>0</ele></trkpt>
      <trkpt lat="40.634124" lon="14.687725"><ele>0</ele></trkpt>
      <trkpt lat="40.634138" lon="14.687652"><ele>0</ele></trkpt>
      <trkpt lat="40.634147" lon="14.687589"><ele>0</ele></trkpt>
      <trkpt lat="40.634151" lon="14.687523"><ele>0</ele></trkpt>
      <trkpt lat="40.634146" lon="14.687448"><ele>0</ele></trkpt>
      <trkpt lat="40.634141" lon="14.687324"><ele>0</ele></trkpt>
      <trkpt lat="40.634135" lon="14.687232"><ele>0</ele></trkpt>
      <trkpt lat="40.634136" lon="14.687164"><ele>0</ele></trkpt>
      <trkpt lat="40.634147" lon="14.687068"><ele>0</ele></trkpt>
      <trkpt lat="40.634165" lon="14.686989"><ele>0</ele></trkpt>
      <trkpt lat="40.634190" lon="14.686901"><ele>0</ele></trkpt>
      <trkpt lat="40.634222" lon="14.686827"><ele>0</ele></trkpt>
      <trkpt lat="40.634258" lon="14.686762"><ele>0</ele></trkpt>
      <trkpt lat="40.634302" lon="14.686694"><ele>0</ele></trkpt>
      <trkpt lat="40.634335" lon="14.686661"><ele>0</ele></trkpt>
      <trkpt lat="40.634368" lon="14.686625"><ele>0</ele></trkpt>
      <trkpt lat="40.634415" lon="14.686593"><ele>0</ele></trkpt>
      <trkpt lat="40.634494" lon="14.686549"><ele>0</ele></trkpt>
      <trkpt lat="40.634578" lon="14.686498"><ele>0</ele></trkpt>
      <trkpt lat="40.634648" lon="14.686434"><ele>0</ele></trkpt>
      <trkpt lat="40.634686" lon="14.686389"><ele>0</ele></trkpt>
      <trkpt lat="40.634717" lon="14.686346"><ele>0</ele></trkpt>
      <trkpt lat="40.634743" lon="14.686295"><ele>0</ele></trkpt>
      <trkpt lat="40.634763" lon="14.686236"><ele>0</ele></trkpt>
      <trkpt lat="40.634777" lon="14.686175"><ele>0</ele></trkpt>
      <trkpt lat="40.634781" lon="14.686116"><ele>0</ele></trkpt>
      <trkpt lat="40.634773" lon="14.686056"><ele>0</ele></trkpt>
      <trkpt lat="40.634750" lon="14.685997"><ele>0</ele></trkpt>
      <trkpt lat="40.634718" lon="14.685941"><ele>0</ele></trkpt>
      <trkpt lat="40.634611" lon="14.685788"><ele>0</ele></trkpt>
      <trkpt lat="40.634577" lon="14.685736"><ele>0</ele></trkpt>
      <trkpt lat="40.634558" lon="14.685691"><ele>0</ele></trkpt>
      <trkpt lat="40.634553" lon="14.685644"><ele>0</ele></trkpt>
      <trkpt lat="40.634553" lon="14.685601"><ele>0</ele></trkpt>
      <trkpt lat="40.634560" lon="14.685554"><ele>0</ele></trkpt>
      <trkpt lat="40.634572" lon="14.685503"><ele>0</ele></trkpt>
      <trkpt lat="40.634591" lon="14.685423"><ele>0</ele></trkpt>
      <trkpt lat="40.634607" lon="14.685351"><ele>0</ele></trkpt>
      <trkpt lat="40.634622" lon="14.685300"><ele>0</ele></trkpt>
      <trkpt lat="40.634638" lon="14.685251"><ele>0</ele></trkpt>
      <trkpt lat="40.634661" lon="14.685209"><ele>0</ele></trkpt>
      <trkpt lat="40.634696" lon="14.685162"><ele>0</ele></trkpt>
      <trkpt lat="40.634728" lon="14.685111"><ele>0</ele></trkpt>
      <trkpt lat="40.634747" lon="14.685073"><ele>0</ele></trkpt>
      <trkpt lat="40.634763" lon="14.685035"><ele>0</ele></trkpt>
      <trkpt lat="40.634780" lon="14.684978"><ele>0</ele></trkpt>
      <trkpt lat="40.634798" lon="14.684909"><ele>0</ele></trkpt>
      <trkpt lat="40.634810" lon="14.684854"><ele>0</ele></trkpt>
      <trkpt lat="40.634817" lon="14.684799"><ele>0</ele></trkpt>
      <trkpt lat="40.634816" lon="14.684747"><ele>0</ele></trkpt>
      <trkpt lat="40.634805" lon="14.684674"><ele>0</ele></trkpt>
      <trkpt lat="40.634790" lon="14.684601"><ele>0</ele></trkpt>
      <trkpt lat="40.634785" lon="14.684545"><ele>0</ele></trkpt>
      <trkpt lat="40.634788" lon="14.684500"><ele>0</ele></trkpt>
      <trkpt lat="40.634796" lon="14.684457"><ele>0</ele></trkpt>
      <trkpt lat="40.634807" lon="14.684423"><ele>0</ele></trkpt>
      <trkpt lat="40.634839" lon="14.684359"><ele>0</ele></trkpt>
      <trkpt lat="40.634886" lon="14.684272"><ele>0</ele></trkpt>
      <trkpt lat="40.635027" lon="14.684045"><ele>0</ele></trkpt>
      <trkpt lat="40.635085" lon="14.683971"><ele>0</ele></trkpt>
      <trkpt lat="40.635146" lon="14.683900"><ele>0</ele></trkpt>
      <trkpt lat="40.635196" lon="14.683842"><ele>0</ele></trkpt>
      <trkpt lat="40.635233" lon="14.683795"><ele>0</ele></trkpt>
      <trkpt lat="40.635255" lon="14.683762"><ele>0</ele></trkpt>
      <trkpt lat="40.635278" lon="14.683710"><ele>0</ele></trkpt>
      <trkpt lat="40.635295" lon="14.683654"><ele>0</ele></trkpt>
      <trkpt lat="40.635304" lon="14.683602"><ele>0</ele></trkpt>
      <trkpt lat="40.635307" lon="14.683552"><ele>0</ele></trkpt>
      <trkpt lat="40.635300" lon="14.683499"><ele>0</ele></trkpt>
      <trkpt lat="40.635274" lon="14.683401"><ele>0</ele></trkpt>
      <trkpt lat="40.635265" lon="14.683373"><ele>0</ele></trkpt>
      <trkpt lat="40.635206" lon="14.683174"><ele>0</ele></trkpt>
      <trkpt lat="40.634848" lon="14.682004"><ele>0</ele></trkpt>
      <trkpt lat="40.634821" lon="14.681916"><ele>0</ele></trkpt>
      <trkpt lat="40.634764" lon="14.681724"><ele>0</ele></trkpt>
      <trkpt lat="40.634739" lon="14.681625"><ele>0</ele></trkpt>
      <trkpt lat="40.634724" lon="14.681545"><ele>0</ele></trkpt>
      <trkpt lat="40.634724" lon="14.681480"><ele>0</ele></trkpt>
      <trkpt lat="40.634731" lon="14.681426"><ele>0</ele></trkpt>
      <trkpt lat="40.634755" lon="14.681362"><ele>0</ele></trkpt>
      <trkpt lat="40.634791" lon="14.681305"><ele>0</ele></trkpt>
      <trkpt lat="40.635000" lon="14.681075"><ele>0</ele></trkpt>
      <trkpt lat="40.635089" lon="14.680980"><ele>0</ele></trkpt>
      <trkpt lat="40.635123" lon="14.680931"><ele>0</ele></trkpt>
      <trkpt lat="40.635156" lon="14.680876"><ele>0</ele></trkpt>
      <trkpt lat="40.635182" lon="14.680802"><ele>0</ele></trkpt>
      <trkpt lat="40.635214" lon="14.680679"><ele>0</ele></trkpt>
      <trkpt lat="40.635229" lon="14.680605"><ele>0</ele></trkpt>
      <trkpt lat="40.635237" lon="14.680494"><ele>0</ele></trkpt>
      <trkpt lat="40.635238" lon="14.680395"><ele>0</ele></trkpt>
      <trkpt lat="40.635230" lon="14.680284"><ele>0</ele></trkpt>
      <trkpt lat="40.635215" lon="14.680182"><ele>0</ele></trkpt>
      <trkpt lat="40.635187" lon="14.680051"><ele>0</ele></trkpt>
      <trkpt lat="40.635152" lon="14.679938"><ele>0</ele></trkpt>
      <trkpt lat="40.635108" lon="14.679834"><ele>0</ele></trkpt>
      <trkpt lat="40.635074" lon="14.679773"><ele>0</ele></trkpt>
      <trkpt lat="40.635035" lon="14.679718"><ele>0</ele></trkpt>
      <trkpt lat="40.634971" lon="14.679648"><ele>0</ele></trkpt>
      <trkpt lat="40.634920" lon="14.679598"><ele>0</ele></trkpt>
      <trkpt lat="40.634830" lon="14.679513"><ele>0</ele></trkpt>
      <trkpt lat="40.634767" lon="14.679459"><ele>0</ele></trkpt>
      <trkpt lat="40.634731" lon="14.679418"><ele>0</ele></trkpt>
      <trkpt lat="40.634708" lon="14.679385"><ele>0</ele></trkpt>
      <trkpt lat="40.634684" lon="14.679344"><ele>0</ele></trkpt>
      <trkpt lat="40.634672" lon="14.679319"><ele>0</ele></trkpt>
      <trkpt lat="40.634661" lon="14.679292"><ele>0</ele></trkpt>
      <trkpt lat="40.634649" lon="14.679245"><ele>0</ele></trkpt>
      <trkpt lat="40.634649" lon="14.679199"><ele>0</ele></trkpt>
      <trkpt lat="40.634663" lon="14.679125"><ele>0</ele></trkpt>
      <trkpt lat="40.634688" lon="14.679055"><ele>0</ele></trkpt>
      <trkpt lat="40.634727" lon="14.678990"><ele>0</ele></trkpt>
      <trkpt lat="40.634786" lon="14.678922"><ele>0</ele></trkpt>
      <trkpt lat="40.634832" lon="14.678875"><ele>0</ele></trkpt>
      <trkpt lat="40.634888" lon="14.678831"><ele>0</ele></trkpt>
      <trkpt lat="40.634949" lon="14.678798"><ele>0</ele></trkpt>
      <trkpt lat="40.634995" lon="14.678776"><ele>0</ele></trkpt>
      <trkpt lat="40.635111" lon="14.678738"><ele>0</ele></trkpt>
      <trkpt lat="40.635245" lon="14.678693"><ele>0</ele></trkpt>
      <trkpt lat="40.635306" lon="14.678657"><ele>0</ele></trkpt>
      <trkpt lat="40.635367" lon="14.678616"><ele>0</ele></trkpt>
      <trkpt lat="40.635411" lon="14.678575"><ele>0</ele></trkpt>
      <trkpt lat="40.635448" lon="14.678522"><ele>0</ele></trkpt>
      <trkpt lat="40.635477" lon="14.678464"><ele>0</ele></trkpt>
      <trkpt lat="40.635509" lon="14.678389"><ele>0</ele></trkpt>
      <trkpt lat="40.635536" lon="14.678329"><ele>0</ele></trkpt>
      <trkpt lat="40.635578" lon="14.678256"><ele>0</ele></trkpt>
      <trkpt lat="40.635621" lon="14.678209"><ele>0</ele></trkpt>
      <trkpt lat="40.635668" lon="14.678180"><ele>0</ele></trkpt>
      <trkpt lat="40.635708" lon="14.678157"><ele>0</ele></trkpt>
      <trkpt lat="40.635749" lon="14.678153"><ele>0</ele></trkpt>
      <trkpt lat="40.635794" lon="14.678164"><ele>0</ele></trkpt>
      <trkpt lat="40.635839" lon="14.678191"><ele>0</ele></trkpt>
      <trkpt lat="40.636074" lon="14.678396"><ele>0</ele></trkpt>
      <trkpt lat="40.636133" lon="14.678435"><ele>0</ele></trkpt>
      <trkpt lat="40.636257" lon="14.678508"><ele>0</ele></trkpt>
      <trkpt lat="40.636372" lon="14.678539"><ele>0</ele></trkpt>
      <trkpt lat="40.636449" lon="14.678561"><ele>0</ele></trkpt>
      <trkpt lat="40.636519" lon="14.678571"><ele>0</ele></trkpt>
      <trkpt lat="40.636594" lon="14.678562"><ele>0</ele></trkpt>
      <trkpt lat="40.636654" lon="14.678539"><ele>0</ele></trkpt>
      <trkpt lat="40.636710" lon="14.678496"><ele>0</ele></trkpt>
      <trkpt lat="40.636764" lon="14.678441"><ele>0</ele></trkpt>
      <trkpt lat="40.636781" lon="14.678418"><ele>0</ele></trkpt>
      <trkpt lat="40.636795" lon="14.678377"><ele>0</ele></trkpt>
      <trkpt lat="40.636807" lon="14.678317"><ele>0</ele></trkpt>
      <trkpt lat="40.636813" lon="14.678239"><ele>0</ele></trkpt>
      <trkpt lat="40.636800" lon="14.678106"><ele>0</ele></trkpt>
      <trkpt lat="40.636784" lon="14.677993"><ele>0</ele></trkpt>
      <trkpt lat="40.636765" lon="14.677880"><ele>0</ele></trkpt>
      <trkpt lat="40.636756" lon="14.677809"><ele>0</ele></trkpt>
      <trkpt lat="40.636755" lon="14.677758"><ele>0</ele></trkpt>
      <trkpt lat="40.636760" lon="14.677709"><ele>0</ele></trkpt>
      <trkpt lat="40.636790" lon="14.677600"><ele>0</ele></trkpt>
      <trkpt lat="40.636831" lon="14.677500"><ele>0</ele></trkpt>
      <trkpt lat="40.636913" lon="14.677327"><ele>0</ele></trkpt>
      <trkpt lat="40.636992" lon="14.677196"><ele>0</ele></trkpt>
      <trkpt lat="40.637122" lon="14.677017"><ele>0</ele></trkpt>
      <trkpt lat="40.637237" lon="14.676892"><ele>0</ele></trkpt>
      <trkpt lat="40.637269" lon="14.676855"><ele>0</ele></trkpt>
      <trkpt lat="40.637288" lon="14.676832"><ele>0</ele></trkpt>
      <trkpt lat="40.637302" lon="14.676805"><ele>0</ele></trkpt>
      <trkpt lat="40.637312" lon="14.676775"><ele>0</ele></trkpt>
      <trkpt lat="40.637319" lon="14.676727"><ele>0</ele></trkpt>
      <trkpt lat="40.637319" lon="14.676627"><ele>0</ele></trkpt>
      <trkpt lat="40.637321" lon="14.676243"><ele>0</ele></trkpt>
      <trkpt lat="40.637329" lon="14.676054"><ele>0</ele></trkpt>
      <trkpt lat="40.637331" lon="14.675916"><ele>0</ele></trkpt>
      <trkpt lat="40.637308" lon="14.675693"><ele>0</ele></trkpt>
      <trkpt lat="40.637301" lon="14.675451"><ele>0</ele></trkpt>
      <trkpt lat="40.637295" lon="14.675198"><ele>0</ele></trkpt>
      <trkpt lat="40.637295" lon="14.675078"><ele>0</ele></trkpt>
      <trkpt lat="40.637291" lon="14.674995"><ele>0</ele></trkpt>
      <trkpt lat="40.637277" lon="14.674921"><ele>0</ele></trkpt>
      <trkpt lat="40.637254" lon="14.674838"><ele>0</ele></trkpt>
      <trkpt lat="40.637175" lon="14.674635"><ele>0</ele></trkpt>
      <trkpt lat="40.637153" lon="14.674569"><ele>0</ele></trkpt>
      <trkpt lat="40.637140" lon="14.674502"><ele>0</ele></trkpt>
      <trkpt lat="40.637133" lon="14.674422"><ele>0</ele></trkpt>
      <trkpt lat="40.637129" lon="14.674186"><ele>0</ele></trkpt>
      <trkpt lat="40.637127" lon="14.674110"><ele>0</ele></trkpt>
      <trkpt lat="40.637134" lon="14.674049"><ele>0</ele></trkpt>
      <trkpt lat="40.637154" lon="14.673997"><ele>0</ele></trkpt>
      <trkpt lat="40.637175" lon="14.673957"><ele>0</ele></trkpt>
      <trkpt lat="40.637216" lon="14.673921"><ele>0</ele></trkpt>
      <trkpt lat="40.637265" lon="14.673907"><ele>0</ele></trkpt>
      <trkpt lat="40.637311" lon="14.673900"><ele>0</ele></trkpt>
      <trkpt lat="40.637423" lon="14.673894"><ele>0</ele></trkpt>
      <trkpt lat="40.637483" lon="14.673890"><ele>0</ele></trkpt>
      <trkpt lat="40.637526" lon="14.673874"><ele>0</ele></trkpt>
      <trkpt lat="40.637562" lon="14.673851"><ele>0</ele></trkpt>
      <trkpt lat="40.637609" lon="14.673817"><ele>0</ele></trkpt>
      <trkpt lat="40.637721" lon="14.673705"><ele>0</ele></trkpt>
      <trkpt lat="40.637759" lon="14.673668"><ele>0</ele></trkpt>
      <trkpt lat="40.637802" lon="14.673640"><ele>0</ele></trkpt>
      <trkpt lat="40.637836" lon="14.673626"><ele>0</ele></trkpt>
      <trkpt lat="40.637867" lon="14.673615"><ele>0</ele></trkpt>
      <trkpt lat="40.637931" lon="14.673619"><ele>0</ele></trkpt>
      <trkpt lat="40.638002" lon="14.673623"><ele>0</ele></trkpt>
      <trkpt lat="40.638113" lon="14.673623"><ele>0</ele></trkpt>
      <trkpt lat="40.638298" lon="14.673636"><ele>0</ele></trkpt>
      <trkpt lat="40.638331" lon="14.673635"><ele>0</ele></trkpt>
      <trkpt lat="40.638353" lon="14.673630"><ele>0</ele></trkpt>
      <trkpt lat="40.638376" lon="14.673620"><ele>0</ele></trkpt>
      <trkpt lat="40.638404" lon="14.673596"><ele>0</ele></trkpt>
      <trkpt lat="40.638430" lon="14.673551"><ele>0</ele></trkpt>
      <trkpt lat="40.638443" lon="14.673496"><ele>0</ele></trkpt>
      <trkpt lat="40.638457" lon="14.673383"><ele>0</ele></trkpt>
      <trkpt lat="40.638456" lon="14.673243"><ele>0</ele></trkpt>
      <trkpt lat="40.638457" lon="14.672975"><ele>0</ele></trkpt>
      <trkpt lat="40.638454" lon="14.672794"><ele>0</ele></trkpt>
      <trkpt lat="40.638452" lon="14.672670"><ele>0</ele></trkpt>
      <trkpt lat="40.638428" lon="14.672399"><ele>0</ele></trkpt>
      <trkpt lat="40.638426" lon="14.672287"><ele>0</ele></trkpt>
      <trkpt lat="40.638435" lon="14.672200"><ele>0</ele></trkpt>
      <trkpt lat="40.638454" lon="14.672125"><ele>0</ele></trkpt>
      <trkpt lat="40.638481" lon="14.672084"><ele>0</ele></trkpt>
      <trkpt lat="40.638517" lon="14.672054"><ele>0</ele></trkpt>
      <trkpt lat="40.638578" lon="14.672035"><ele>0</ele></trkpt>
      <trkpt lat="40.638639" lon="14.672028"><ele>0</ele></trkpt>
      <trkpt lat="40.638752" lon="14.672050"><ele>0</ele></trkpt>
      <trkpt lat="40.638906" lon="14.672052"><ele>0</ele></trkpt>
      <trkpt lat="40.638943" lon="14.672050"><ele>0</ele></trkpt>
      <trkpt lat="40.638977" lon="14.672047"><ele>0</ele></trkpt>
      <trkpt lat="40.639017" lon="14.672032"><ele>0</ele></trkpt>
      <trkpt lat="40.639033" lon="14.672021"><ele>0</ele></trkpt>
      <trkpt lat="40.639060" lon="14.671991"><ele>0</ele></trkpt>
      <trkpt lat="40.639070" lon="14.671960"><ele>0</ele></trkpt>
      <trkpt lat="40.639079" lon="14.671918"><ele>0</ele></trkpt>
      <trkpt lat="40.639081" lon="14.671833"><ele>0</ele></trkpt>
      <trkpt lat="40.639075" lon="14.671705"><ele>0</ele></trkpt>
      <trkpt lat="40.639072" lon="14.671628"><ele>0</ele></trkpt>
      <trkpt lat="40.639085" lon="14.671525"><ele>0</ele></trkpt>
      <trkpt lat="40.639101" lon="14.671432"><ele>0</ele></trkpt>
      <trkpt lat="40.639234" lon="14.670733"><ele>0</ele></trkpt>
      <trkpt lat="40.639253" lon="14.670622"><ele>0</ele></trkpt>
      <trkpt lat="40.639263" lon="14.670558"><ele>0</ele></trkpt>
      <trkpt lat="40.639270" lon="14.670510"><ele>0</ele></trkpt>
      <trkpt lat="40.639268" lon="14.670458"><ele>0</ele></trkpt>
      <trkpt lat="40.639259" lon="14.670417"><ele>0</ele></trkpt>
      <trkpt lat="40.639245" lon="14.670381"><ele>0</ele></trkpt>
      <trkpt lat="40.639181" lon="14.670261"><ele>0</ele></trkpt>
      <trkpt lat="40.639143" lon="14.670217"><ele>0</ele></trkpt>
      <trkpt lat="40.639072" lon="14.670129"><ele>0</ele></trkpt>
      <trkpt lat="40.639025" lon="14.670066"><ele>0</ele></trkpt>
      <trkpt lat="40.638995" lon="14.670013"><ele>0</ele></trkpt>
      <trkpt lat="40.638971" lon="14.669966"><ele>0</ele></trkpt>
      <trkpt lat="40.638951" lon="14.669912"><ele>0</ele></trkpt>
      <trkpt lat="40.638911" lon="14.669736"><ele>0</ele></trkpt>
      <trkpt lat="40.638887" lon="14.669609"><ele>0</ele></trkpt>
      <trkpt lat="40.638862" lon="14.669494"><ele>0</ele></trkpt>
      <trkpt lat="40.638849" lon="14.669413"><ele>0</ele></trkpt>
      <trkpt lat="40.638850" lon="14.669344"><ele>0</ele></trkpt>
      <trkpt lat="40.638857" lon="14.669280"><ele>0</ele></trkpt>
      <trkpt lat="40.638877" lon="14.669163"><ele>0</ele></trkpt>
      <trkpt lat="40.638906" lon="14.669037"><ele>0</ele></trkpt>
      <trkpt lat="40.638929" lon="14.668942"><ele>0</ele></trkpt>
      <trkpt lat="40.638953" lon="14.668857"><ele>0</ele></trkpt>
      <trkpt lat="40.638974" lon="14.668781"><ele>0</ele></trkpt>
      <trkpt lat="40.639002" lon="14.668699"><ele>0</ele></trkpt>
      <trkpt lat="40.639018" lon="14.668662"><ele>0</ele></trkpt>
      <trkpt lat="40.639034" lon="14.668637"><ele>0</ele></trkpt>
      <trkpt lat="40.639058" lon="14.668607"><ele>0</ele></trkpt>
      <trkpt lat="40.639079" lon="14.668585"><ele>0</ele></trkpt>
      <trkpt lat="40.639114" lon="14.668558"><ele>0</ele></trkpt>
      <trkpt lat="40.639164" lon="14.668537"><ele>0</ele></trkpt>
      <trkpt lat="40.639255" lon="14.668513"><ele>0</ele></trkpt>
      <trkpt lat="40.639352" lon="14.668487"><ele>0</ele></trkpt>
      <trkpt lat="40.639493" lon="14.668470"><ele>0</ele></trkpt>
      <trkpt lat="40.639629" lon="14.668448"><ele>0</ele></trkpt>
      <trkpt lat="40.639722" lon="14.668421"><ele>0</ele></trkpt>
      <trkpt lat="40.639787" lon="14.668389"><ele>0</ele></trkpt>
      <trkpt lat="40.639874" lon="14.668320"><ele>0</ele></trkpt>
      <trkpt lat="40.639934" lon="14.668262"><ele>0</ele></trkpt>
      <trkpt lat="40.639994" lon="14.668179"><ele>0</ele></trkpt>
      <trkpt lat="40.640058" lon="14.668084"><ele>0</ele></trkpt>
      <trkpt lat="40.640124" lon="14.667977"><ele>0</ele></trkpt>
      <trkpt lat="40.640187" lon="14.667904"><ele>0</ele></trkpt>
      <trkpt lat="40.640249" lon="14.667842"><ele>0</ele></trkpt>
      <trkpt lat="40.640332" lon="14.667797"><ele>0</ele></trkpt>
      <trkpt lat="40.640546" lon="14.667746"><ele>0</ele></trkpt>
      <trkpt lat="40.640647" lon="14.667703"><ele>0</ele></trkpt>
      <trkpt lat="40.640703" lon="14.667653"><ele>0</ele></trkpt>
      <trkpt lat="40.640758" lon="14.667587"><ele>0</ele></trkpt>
      <trkpt lat="40.640807" lon="14.667534"><ele>0</ele></trkpt>
      <trkpt lat="40.640844" lon="14.667504"><ele>0</ele></trkpt>
      <trkpt lat="40.640895" lon="14.667480"><ele>0</ele></trkpt>
      <trkpt lat="40.640954" lon="14.667464"><ele>0</ele></trkpt>
      <trkpt lat="40.641036" lon="14.667442"><ele>0</ele></trkpt>
      <trkpt lat="40.641103" lon="14.667439"><ele>0</ele></trkpt>
      <trkpt lat="40.641154" lon="14.667453"><ele>0</ele></trkpt>
      <trkpt lat="40.641221" lon="14.667506"><ele>0</ele></trkpt>
      <trkpt lat="40.641465" lon="14.667900"><ele>0</ele></trkpt>
      <trkpt lat="40.641553" lon="14.668009"><ele>0</ele></trkpt>
      <trkpt lat="40.641624" lon="14.668078"><ele>0</ele></trkpt>
      <trkpt lat="40.641700" lon="14.668131"><ele>0</ele></trkpt>
      <trkpt lat="40.641761" lon="14.668162"><ele>0</ele></trkpt>
      <trkpt lat="40.641808" lon="14.668174"><ele>0</ele></trkpt>
      <trkpt lat="40.641849" lon="14.668166"><ele>0</ele></trkpt>
      <trkpt lat="40.641876" lon="14.668151"><ele>0</ele></trkpt>
      <trkpt lat="40.641893" lon="14.668137"><ele>0</ele></trkpt>
      <trkpt lat="40.641929" lon="14.668052"><ele>0</ele></trkpt>
      <trkpt lat="40.641954" lon="14.667953"><ele>0</ele></trkpt>
      <trkpt lat="40.642033" lon="14.667623"><ele>0</ele></trkpt>
      <trkpt lat="40.642110" lon="14.667284"><ele>0</ele></trkpt>
      <trkpt lat="40.642128" lon="14.667169"><ele>0</ele></trkpt>
      <trkpt lat="40.642135" lon="14.667092"><ele>0</ele></trkpt>
      <trkpt lat="40.642133" lon="14.667017"><ele>0</ele></trkpt>
      <trkpt lat="40.642122" lon="14.666949"><ele>0</ele></trkpt>
      <trkpt lat="40.642104" lon="14.666880"><ele>0</ele></trkpt>
      <trkpt lat="40.642064" lon="14.666801"><ele>0</ele></trkpt>
      <trkpt lat="40.641950" lon="14.666602"><ele>0</ele></trkpt>
      <trkpt lat="40.641794" lon="14.666355"><ele>0</ele></trkpt>
      <trkpt lat="40.641633" lon="14.666110"><ele>0</ele></trkpt>
      <trkpt lat="40.641488" lon="14.665896"><ele>0</ele></trkpt>
      <trkpt lat="40.641406" lon="14.665783"><ele>0</ele></trkpt>
      <trkpt lat="40.641351" lon="14.665718"><ele>0</ele></trkpt>
      <trkpt lat="40.641300" lon="14.665670"><ele>0</ele></trkpt>
      <trkpt lat="40.641225" lon="14.665620"><ele>0</ele></trkpt>
      <trkpt lat="40.641163" lon="14.665596"><ele>0</ele></trkpt>
      <trkpt lat="40.641085" lon="14.665585"><ele>0</ele></trkpt>
      <trkpt lat="40.641030" lon="14.665594"><ele>0</ele></trkpt>
      <trkpt lat="40.640990" lon="14.665619"><ele>0</ele></trkpt>
      <trkpt lat="40.640932" lon="14.665686"><ele>0</ele></trkpt>
      <trkpt lat="40.640855" lon="14.665792"><ele>0</ele></trkpt>
      <trkpt lat="40.640801" lon="14.665834"><ele>0</ele></trkpt>
      <trkpt lat="40.640764" lon="14.665849"><ele>0</ele></trkpt>
      <trkpt lat="40.640704" lon="14.665851"><ele>0</ele></trkpt>
      <trkpt lat="40.640431" lon="14.665861"><ele>0</ele></trkpt>
      <trkpt lat="40.640387" lon="14.665854"><ele>0</ele></trkpt>
      <trkpt lat="40.640358" lon="14.665830"><ele>0</ele></trkpt>
      <trkpt lat="40.640338" lon="14.665800"><ele>0</ele></trkpt>
      <trkpt lat="40.640316" lon="14.665731"><ele>0</ele></trkpt>
      <trkpt lat="40.640303" lon="14.665648"><ele>0</ele></trkpt>
      <trkpt lat="40.640293" lon="14.665566"><ele>0</ele></trkpt>
      <trkpt lat="40.640289" lon="14.665526"><ele>0</ele></trkpt>
      <trkpt lat="40.640281" lon="14.665383"><ele>0</ele></trkpt>
      <trkpt lat="40.640287" lon="14.665287"><ele>0</ele></trkpt>
      <trkpt lat="40.640310" lon="14.665141"><ele>0</ele></trkpt>
      <trkpt lat="40.640359" lon="14.664749"><ele>0</ele></trkpt>
      <trkpt lat="40.640376" lon="14.664611"><ele>0</ele></trkpt>
      <trkpt lat="40.640387" lon="14.664510"><ele>0</ele></trkpt>
      <trkpt lat="40.640381" lon="14.664343"><ele>0</ele></trkpt>
      <trkpt lat="40.640358" lon="14.664120"><ele>0</ele></trkpt>
      <trkpt lat="40.640354" lon="14.664005"><ele>0</ele></trkpt>
      <trkpt lat="40.640368" lon="14.663909"><ele>0</ele></trkpt>
      <trkpt lat="40.640408" lon="14.663810"><ele>0</ele></trkpt>
      <trkpt lat="40.640459" lon="14.663739"><ele>0</ele></trkpt>
      <trkpt lat="40.640527" lon="14.663679"><ele>0</ele></trkpt>
      <trkpt lat="40.640593" lon="14.663635"><ele>0</ele></trkpt>
      <trkpt lat="40.640653" lon="14.663628"><ele>0</ele></trkpt>
      <trkpt lat="40.640736" lon="14.663630"><ele>0</ele></trkpt>
      <trkpt lat="40.640822" lon="14.663655"><ele>0</ele></trkpt>
      <trkpt lat="40.640955" lon="14.663707"><ele>0</ele></trkpt>
      <trkpt lat="40.641010" lon="14.663753"><ele>0</ele></trkpt>
      <trkpt lat="40.641071" lon="14.663815"><ele>0</ele></trkpt>
      <trkpt lat="40.641144" lon="14.663897"><ele>0</ele></trkpt>
      <trkpt lat="40.641218" lon="14.663973"><ele>0</ele></trkpt>
      <trkpt lat="40.641278" lon="14.664032"><ele>0</ele></trkpt>
      <trkpt lat="40.641345" lon="14.664075"><ele>0</ele></trkpt>
      <trkpt lat="40.641421" lon="14.664077"><ele>0</ele></trkpt>
      <trkpt lat="40.641484" lon="14.664060"><ele>0</ele></trkpt>
      <trkpt lat="40.641541" lon="14.664039"><ele>0</ele></trkpt>
      <trkpt lat="40.641593" lon="14.664015"><ele>0</ele></trkpt>
      <trkpt lat="40.641634" lon="14.663982"><ele>0</ele></trkpt>
      <trkpt lat="40.641658" lon="14.663942"><ele>0</ele></trkpt>
      <trkpt lat="40.641688" lon="14.663846"><ele>0</ele></trkpt>
      <trkpt lat="40.641732" lon="14.663703"><ele>0</ele></trkpt>
      <trkpt lat="40.641764" lon="14.663640"><ele>0</ele></trkpt>
      <trkpt lat="40.641803" lon="14.663592"><ele>0</ele></trkpt>
      <trkpt lat="40.641840" lon="14.663568"><ele>0</ele></trkpt>
      <trkpt lat="40.641884" lon="14.663542"><ele>0</ele></trkpt>
      <trkpt lat="40.641983" lon="14.663481"><ele>0</ele></trkpt>
      <trkpt lat="40.642041" lon="14.663435"><ele>0</ele></trkpt>
      <trkpt lat="40.642102" lon="14.663383"><ele>0</ele></trkpt>
      <trkpt lat="40.642167" lon="14.663325"><ele>0</ele></trkpt>
      <trkpt lat="40.642199" lon="14.663298"><ele>0</ele></trkpt>
      <trkpt lat="40.642233" lon="14.663250"><ele>0</ele></trkpt>
      <trkpt lat="40.642271" lon="14.663189"><ele>0</ele></trkpt>
      <trkpt lat="40.642315" lon="14.663119"><ele>0</ele></trkpt>
      <trkpt lat="40.642357" lon="14.663050"><ele>0</ele></trkpt>
      <trkpt lat="40.642392" lon="14.662966"><ele>0</ele></trkpt>
      <trkpt lat="40.642418" lon="14.662873"><ele>0</ele></trkpt>
      <trkpt lat="40.642446" lon="14.662729"><ele>0</ele></trkpt>
      <trkpt lat="40.642482" lon="14.662537"><ele>0</ele></trkpt>
      <trkpt lat="40.642487" lon="14.662437"><ele>0</ele></trkpt>
      <trkpt lat="40.642469" lon="14.662357"><ele>0</ele></trkpt>
      <trkpt lat="40.642446" lon="14.662285"><ele>0</ele></trkpt>
      <trkpt lat="40.642441" lon="14.662223"><ele>0</ele></trkpt>
      <trkpt lat="40.642447" lon="14.662167"><ele>0</ele></trkpt>
      <trkpt lat="40.642460" lon="14.662110"><ele>0</ele></trkpt>
      <trkpt lat="40.642479" lon="14.662058"><ele>0</ele></trkpt>
      <trkpt lat="40.642506" lon="14.661998"><ele>0</ele></trkpt>
      <trkpt lat="40.642537" lon="14.661949"><ele>0</ele></trkpt>
      <trkpt lat="40.642607" lon="14.661866"><ele>0</ele></trkpt>
      <trkpt lat="40.642734" lon="14.661766"><ele>0</ele></trkpt>
      <trkpt lat="40.642791" lon="14.661722"><ele>0</ele></trkpt>
      <trkpt lat="40.642845" lon="14.661667"><ele>0</ele></trkpt>
      <trkpt lat="40.642887" lon="14.661608"><ele>0</ele></trkpt>
      <trkpt lat="40.643002" lon="14.661406"><ele>0</ele></trkpt>
      <trkpt lat="40.643203" lon="14.661049"><ele>0</ele></trkpt>
      <trkpt lat="40.643237" lon="14.660986"><ele>0</ele></trkpt>
      <trkpt lat="40.643252" lon="14.660932"><ele>0</ele></trkpt>
      <trkpt lat="40.643251" lon="14.660871"><ele>0</ele></trkpt>
      <trkpt lat="40.643241" lon="14.660811"><ele>0</ele></trkpt>
      <trkpt lat="40.643218" lon="14.660746"><ele>0</ele></trkpt>
      <trkpt lat="40.643189" lon="14.660690"><ele>0</ele></trkpt>
      <trkpt lat="40.643155" lon="14.660639"><ele>0</ele></trkpt>
      <trkpt lat="40.643111" lon="14.660602"><ele>0</ele></trkpt>
      <trkpt lat="40.643054" lon="14.660582"><ele>0</ele></trkpt>
      <trkpt lat="40.642972" lon="14.660584"><ele>0</ele></trkpt>
      <trkpt lat="40.642748" lon="14.660611"><ele>0</ele></trkpt>
      <trkpt lat="40.642689" lon="14.660614"><ele>0</ele></trkpt>
      <trkpt lat="40.642650" lon="14.660585"><ele>0</ele></trkpt>
      <trkpt lat="40.642624" lon="14.660547"><ele>0</ele></trkpt>
      <trkpt lat="40.642596" lon="14.660502"><ele>0</ele></trkpt>
      <trkpt lat="40.642579" lon="14.660447"><ele>0</ele></trkpt>
      <trkpt lat="40.642578" lon="14.660383"><ele>0</ele></trkpt>
      <trkpt lat="40.642585" lon="14.660297"><ele>0</ele></trkpt>
      <trkpt lat="40.642602" lon="14.660189"><ele>0</ele></trkpt>
      <trkpt lat="40.642625" lon="14.660097"><ele>0</ele></trkpt>
      <trkpt lat="40.642711" lon="14.659919"><ele>0</ele></trkpt>
      <trkpt lat="40.642814" lon="14.659722"><ele>0</ele></trkpt>
      <trkpt lat="40.642851" lon="14.659665"><ele>0</ele></trkpt>
      <trkpt lat="40.642875" lon="14.659636"><ele>0</ele></trkpt>
      <trkpt lat="40.642903" lon="14.659615"><ele>0</ele></trkpt>
      <trkpt lat="40.642934" lon="14.659596"><ele>0</ele></trkpt>
      <trkpt lat="40.643055" lon="14.659564"><ele>0</ele></trkpt>
      <trkpt lat="40.643112" lon="14.659546"><ele>0</ele></trkpt>
      <trkpt lat="40.643173" lon="14.659498"><ele>0</ele></trkpt>
      <trkpt lat="40.643210" lon="14.659445"><ele>0</ele></trkpt>
      <trkpt lat="40.643227" lon="14.659384"><ele>0</ele></trkpt>
      <trkpt lat="40.643224" lon="14.659319"><ele>0</ele></trkpt>
      <trkpt lat="40.643204" lon="14.659260"><ele>0</ele></trkpt>
      <trkpt lat="40.643164" lon="14.659222"><ele>0</ele></trkpt>
      <trkpt lat="40.643115" lon="14.659182"><ele>0</ele></trkpt>
      <trkpt lat="40.643018" lon="14.659110"><ele>0</ele></trkpt>
      <trkpt lat="40.642950" lon="14.659055"><ele>0</ele></trkpt>
      <trkpt lat="40.642889" lon="14.658970"><ele>0</ele></trkpt>
      <trkpt lat="40.642858" lon="14.658890"><ele>0</ele></trkpt>
      <trkpt lat="40.642844" lon="14.658840"><ele>0</ele></trkpt>
      <trkpt lat="40.642838" lon="14.658784"><ele>0</ele></trkpt>
      <trkpt lat="40.642846" lon="14.658605"><ele>0</ele></trkpt>
      <trkpt lat="40.642845" lon="14.658583"><ele>0</ele></trkpt>
      <trkpt lat="40.642842" lon="14.658538"><ele>0</ele></trkpt>
      <trkpt lat="40.642829" lon="14.658469"><ele>0</ele></trkpt>
      <trkpt lat="40.642805" lon="14.658406"><ele>0</ele></trkpt>
      <trkpt lat="40.642638" lon="14.658142"><ele>0</ele></trkpt>
      <trkpt lat="40.642569" lon="14.658040"><ele>0</ele></trkpt>
      <trkpt lat="40.642542" lon="14.657984"><ele>0</ele></trkpt>
      <trkpt lat="40.642510" lon="14.657843"><ele>0</ele></trkpt>
      <trkpt lat="40.642467" lon="14.657446"><ele>0</ele></trkpt>
      <trkpt lat="40.642456" lon="14.657331"><ele>0</ele></trkpt>
      <trkpt lat="40.642462" lon="14.657254"><ele>0</ele></trkpt>
      <trkpt lat="40.642487" lon="14.657173"><ele>0</ele></trkpt>
      <trkpt lat="40.642534" lon="14.657060"><ele>0</ele></trkpt>
      <trkpt lat="40.642590" lon="14.656941"><ele>0</ele></trkpt>
      <trkpt lat="40.642639" lon="14.656844"><ele>0</ele></trkpt>
      <trkpt lat="40.642664" lon="14.656786"><ele>0</ele></trkpt>
      <trkpt lat="40.642676" lon="14.656738"><ele>0</ele></trkpt>
      <trkpt lat="40.642674" lon="14.656684"><ele>0</ele></trkpt>
      <trkpt lat="40.642655" lon="14.656615"><ele>0</ele></trkpt>
      <trkpt lat="40.642644" lon="14.656564"><ele>0</ele></trkpt>
      <trkpt lat="40.642649" lon="14.656497"><ele>0</ele></trkpt>
      <trkpt lat="40.642674" lon="14.656433"><ele>0</ele></trkpt>
      <trkpt lat="40.642727" lon="14.656354"><ele>0</ele></trkpt>
      <trkpt lat="40.642778" lon="14.656299"><ele>0</ele></trkpt>
      <trkpt lat="40.642821" lon="14.656259"><ele>0</ele></trkpt>
      <trkpt lat="40.642851" lon="14.656239"><ele>0</ele></trkpt>
      <trkpt lat="40.642958" lon="14.656211"><ele>0</ele></trkpt>
      <trkpt lat="40.642997" lon="14.656178"><ele>0</ele></trkpt>
      <trkpt lat="40.643038" lon="14.656096"><ele>0</ele></trkpt>
      <trkpt lat="40.643049" lon="14.656031"><ele>0</ele></trkpt>
      <trkpt lat="40.643038" lon="14.655905"><ele>0</ele></trkpt>
      <trkpt lat="40.643027" lon="14.655812"><ele>0</ele></trkpt>
      <trkpt lat="40.643028" lon="14.655767"><ele>0</ele></trkpt>
      <trkpt lat="40.643041" lon="14.655679"><ele>0</ele></trkpt>
      <trkpt lat="40.643068" lon="14.655525"><ele>0</ele></trkpt>
      <trkpt lat="40.643079" lon="14.655433"><ele>0</ele></trkpt>
      <trkpt lat="40.643076" lon="14.655386"><ele>0</ele></trkpt>
      <trkpt lat="40.643061" lon="14.655336"><ele>0</ele></trkpt>
      <trkpt lat="40.642966" lon="14.655085"><ele>0</ele></trkpt>
      <trkpt lat="40.642942" lon="14.655014"><ele>0</ele></trkpt>
      <trkpt lat="40.642933" lon="14.654970"><ele>0</ele></trkpt>
      <trkpt lat="40.642931" lon="14.654916"><ele>0</ele></trkpt>
      <trkpt lat="40.642942" lon="14.654848"><ele>0</ele></trkpt>
      <trkpt lat="40.642972" lon="14.654751"><ele>0</ele></trkpt>
      <trkpt lat="40.643036" lon="14.654646"><ele>0</ele></trkpt>
      <trkpt lat="40.643055" lon="14.654598"><ele>0</ele></trkpt>
      <trkpt lat="40.643064" lon="14.654549"><ele>0</ele></trkpt>
      <trkpt lat="40.643082" lon="14.654437"><ele>0</ele></trkpt>
      <trkpt lat="40.643107" lon="14.654353"><ele>0</ele></trkpt>
      <trkpt lat="40.643147" lon="14.654238"><ele>0</ele></trkpt>
      <trkpt lat="40.643171" lon="14.654159"><ele>0</ele></trkpt>
      <trkpt lat="40.643184" lon="14.654085"><ele>0</ele></trkpt>
      <trkpt lat="40.643174" lon="14.654006"><ele>0</ele></trkpt>
      <trkpt lat="40.643150" lon="14.653936"><ele>0</ele></trkpt>
      <trkpt lat="40.643122" lon="14.653875"><ele>0</ele></trkpt>
      <trkpt lat="40.643092" lon="14.653827"><ele>0</ele></trkpt>
      <trkpt lat="40.643059" lon="14.653790"><ele>0</ele></trkpt>
      <trkpt lat="40.642999" lon="14.653734"><ele>0</ele></trkpt>
      <trkpt lat="40.642929" lon="14.653657"><ele>0</ele></trkpt>
      <trkpt lat="40.642894" lon="14.653596"><ele>0</ele></trkpt>
      <trkpt lat="40.642882" lon="14.653568"><ele>0</ele></trkpt>
      <trkpt lat="40.642803" lon="14.653384"><ele>0</ele></trkpt>
      <trkpt lat="40.642760" lon="14.653276"><ele>0</ele></trkpt>
      <trkpt lat="40.642745" lon="14.653213"><ele>0</ele></trkpt>
      <trkpt lat="40.642746" lon="14.653160"><ele>0</ele></trkpt>
      <trkpt lat="40.642756" lon="14.653116"><ele>0</ele></trkpt>
      <trkpt lat="40.642787" lon="14.653039"><ele>0</ele></trkpt>
      <trkpt lat="40.642824" lon="14.652950"><ele>0</ele></trkpt>
      <trkpt lat="40.642866" lon="14.652846"><ele>0</ele></trkpt>
      <trkpt lat="40.642965" lon="14.652611"><ele>0</ele></trkpt>
      <trkpt lat="40.643019" lon="14.652482"><ele>0</ele></trkpt>
      <trkpt lat="40.643062" lon="14.652407"><ele>0</ele></trkpt>
      <trkpt lat="40.643149" lon="14.652310"><ele>0</ele></trkpt>
      <trkpt lat="40.643239" lon="14.652215"><ele>0</ele></trkpt>
      <trkpt lat="40.643285" lon="14.652151"><ele>0</ele></trkpt>
      <trkpt lat="40.643318" lon="14.652079"><ele>0</ele></trkpt>
      <trkpt lat="40.643333" lon="14.652012"><ele>0</ele></trkpt>
      <trkpt lat="40.643342" lon="14.651958"><ele>0</ele></trkpt>
      <trkpt lat="40.643344" lon="14.651907"><ele>0</ele></trkpt>
      <trkpt lat="40.643340" lon="14.651848"><ele>0</ele></trkpt>
      <trkpt lat="40.643326" lon="14.651768"><ele>0</ele></trkpt>
      <trkpt lat="40.643306" lon="14.651639"><ele>0</ele></trkpt>
      <trkpt lat="40.643289" lon="14.651558"><ele>0</ele></trkpt>
      <trkpt lat="40.643288" lon="14.651500"><ele>0</ele></trkpt>
      <trkpt lat="40.643311" lon="14.651447"><ele>0</ele></trkpt>
      <trkpt lat="40.643343" lon="14.651418"><ele>0</ele></trkpt>
      <trkpt lat="40.643390" lon="14.651393"><ele>0</ele></trkpt>
      <trkpt lat="40.643459" lon="14.651367"><ele>0</ele></trkpt>
      <trkpt lat="40.643522" lon="14.651347"><ele>0</ele></trkpt>
      <trkpt lat="40.643610" lon="14.651330"><ele>0</ele></trkpt>
      <trkpt lat="40.643690" lon="14.651328"><ele>0</ele></trkpt>
      <trkpt lat="40.643758" lon="14.651317"><ele>0</ele></trkpt>
      <trkpt lat="40.643833" lon="14.651298"><ele>0</ele></trkpt>
      <trkpt lat="40.643899" lon="14.651265"><ele>0</ele></trkpt>
      <trkpt lat="40.643978" lon="14.651204"><ele>0</ele></trkpt>
      <trkpt lat="40.644117" lon="14.651091"><ele>0</ele></trkpt>
      <trkpt lat="40.644242" lon="14.650990"><ele>0</ele></trkpt>
      <trkpt lat="40.644311" lon="14.650940"><ele>0</ele></trkpt>
      <trkpt lat="40.644354" lon="14.650927"><ele>0</ele></trkpt>
      <trkpt lat="40.644400" lon="14.650918"><ele>0</ele></trkpt>
      <trkpt lat="40.644441" lon="14.650917"><ele>0</ele></trkpt>
      <trkpt lat="40.644482" lon="14.650926"><ele>0</ele></trkpt>
      <trkpt lat="40.644515" lon="14.650949"><ele>0</ele></trkpt>
      <trkpt lat="40.644551" lon="14.651000"><ele>0</ele></trkpt>
      <trkpt lat="40.644589" lon="14.651061"><ele>0</ele></trkpt>
      <trkpt lat="40.644882" lon="14.651576"><ele>0</ele></trkpt>
      <trkpt lat="40.644957" lon="14.651664"><ele>0</ele></trkpt>
      <trkpt lat="40.645042" lon="14.651719"><ele>0</ele></trkpt>
      <trkpt lat="40.645112" lon="14.651744"><ele>0</ele></trkpt>
      <trkpt lat="40.645180" lon="14.651759"><ele>0</ele></trkpt>
      <trkpt lat="40.645271" lon="14.651776"><ele>0</ele></trkpt>
      <trkpt lat="40.645473" lon="14.651814"><ele>0</ele></trkpt>
      <trkpt lat="40.645530" lon="14.651818"><ele>0</ele></trkpt>
      <trkpt lat="40.645591" lon="14.651810"><ele>0</ele></trkpt>
      <trkpt lat="40.645634" lon="14.651797"><ele>0</ele></trkpt>
      <trkpt lat="40.645680" lon="14.651771"><ele>0</ele></trkpt>
      <trkpt lat="40.645692" lon="14.651758"><ele>0</ele></trkpt>
      <trkpt lat="40.645762" lon="14.651496"><ele>0</ele></trkpt>
      <trkpt lat="40.645759" lon="14.651466"><ele>0</ele></trkpt>
      <trkpt lat="40.645750" lon="14.651425"><ele>0</ele></trkpt>
      <trkpt lat="40.645737" lon="14.651398"><ele>0</ele></trkpt>
      <trkpt lat="40.645691" lon="14.651349"><ele>0</ele></trkpt>
      <trkpt lat="40.645632" lon="14.651291"><ele>0</ele></trkpt>
      <trkpt lat="40.645480" lon="14.651142"><ele>0</ele></trkpt>
      <trkpt lat="40.645447" lon="14.651105"><ele>0</ele></trkpt>
      <trkpt lat="40.645423" lon="14.651066"><ele>0</ele></trkpt>
      <trkpt lat="40.645406" lon="14.651017"><ele>0</ele></trkpt>
      <trkpt lat="40.645403" lon="14.650953"><ele>0</ele></trkpt>
      <trkpt lat="40.645415" lon="14.650889"><ele>0</ele></trkpt>
      <trkpt lat="40.645531" lon="14.650534"><ele>0</ele></trkpt>
      <trkpt lat="40.645605" lon="14.650314"><ele>0</ele></trkpt>
      <trkpt lat="40.645635" lon="14.650219"><ele>0</ele></trkpt>
      <trkpt lat="40.645648" lon="14.650167"><ele>0</ele></trkpt>
      <trkpt lat="40.645653" lon="14.650118"><ele>0</ele></trkpt>
      <trkpt lat="40.645645" lon="14.650057"><ele>0</ele></trkpt>
      <trkpt lat="40.645624" lon="14.650016"><ele>0</ele></trkpt>
      <trkpt lat="40.645599" lon="14.649979"><ele>0</ele></trkpt>
      <trkpt lat="40.645423" lon="14.649742"><ele>0</ele></trkpt>
      <trkpt lat="40.645369" lon="14.649669"><ele>0</ele></trkpt>
      <trkpt lat="40.645333" lon="14.649620"><ele>0</ele></trkpt>
      <trkpt lat="40.645280" lon="14.649580"><ele>0</ele></trkpt>
      <trkpt lat="40.645212" lon="14.649562"><ele>0</ele></trkpt>
      <trkpt lat="40.645087" lon="14.649542"><ele>0</ele></trkpt>
      <trkpt lat="40.644925" lon="14.649460"><ele>0</ele></trkpt>
      <trkpt lat="40.644842" lon="14.649416"><ele>0</ele></trkpt>
      <trkpt lat="40.644766" lon="14.649349"><ele>0</ele></trkpt>
      <trkpt lat="40.644731" lon="14.649315"><ele>0</ele></trkpt>
      <trkpt lat="40.644698" lon="14.649293"><ele>0</ele></trkpt>
      <trkpt lat="40.644664" lon="14.649273"><ele>0</ele></trkpt>
      <trkpt lat="40.644609" lon="14.649255"><ele>0</ele></trkpt>
      <trkpt lat="40.644546" lon="14.649260"><ele>0</ele></trkpt>
      <trkpt lat="40.644497" lon="14.649271"><ele>0</ele></trkpt>
      <trkpt lat="40.644294" lon="14.649314"><ele>0</ele></trkpt>
      <trkpt lat="40.644251" lon="14.649318"><ele>0</ele></trkpt>
      <trkpt lat="40.644213" lon="14.649293"><ele>0</ele></trkpt>
      <trkpt lat="40.644179" lon="14.649258"><ele>0</ele></trkpt>
      <trkpt lat="40.644126" lon="14.649159"><ele>0</ele></trkpt>
      <trkpt lat="40.644070" lon="14.649026"><ele>0</ele></trkpt>
      <trkpt lat="40.644042" lon="14.648902"><ele>0</ele></trkpt>
      <trkpt lat="40.644040" lon="14.648835"><ele>0</ele></trkpt>
      <trkpt lat="40.644046" lon="14.648790"><ele>0</ele></trkpt>
      <trkpt lat="40.644061" lon="14.648729"><ele>0</ele></trkpt>
      <trkpt lat="40.644086" lon="14.648670"><ele>0</ele></trkpt>
      <trkpt lat="40.644207" lon="14.648432"><ele>0</ele></trkpt>
      <trkpt lat="40.644242" lon="14.648337"><ele>0</ele></trkpt>
      <trkpt lat="40.644301" lon="14.648150"><ele>0</ele></trkpt>
      <trkpt lat="40.644352" lon="14.648010"><ele>0</ele></trkpt>
      <trkpt lat="40.644488" lon="14.647815"><ele>0</ele></trkpt>
      <trkpt lat="40.644613" lon="14.647618"><ele>0</ele></trkpt>
      <trkpt lat="40.644717" lon="14.647411"><ele>0</ele></trkpt>
      <trkpt lat="40.644905" lon="14.646995"><ele>0</ele></trkpt>
      <trkpt lat="40.644943" lon="14.646937"><ele>0</ele></trkpt>
      <trkpt lat="40.644969" lon="14.646903"><ele>0</ele></trkpt>
      <trkpt lat="40.645006" lon="14.646864"><ele>0</ele></trkpt>
      <trkpt lat="40.645109" lon="14.646765"><ele>0</ele></trkpt>
      <trkpt lat="40.645271" lon="14.646624"><ele>0</ele></trkpt>
      <trkpt lat="40.645442" lon="14.646437"><ele>0</ele></trkpt>
      <trkpt lat="40.645606" lon="14.646265"><ele>0</ele></trkpt>
      <trkpt lat="40.645807" lon="14.646052"><ele>0</ele></trkpt>
      <trkpt lat="40.645889" lon="14.645974"><ele>0</ele></trkpt>
      <trkpt lat="40.645979" lon="14.645909"><ele>0</ele></trkpt>
      <trkpt lat="40.646071" lon="14.645865"><ele>0</ele></trkpt>
      <trkpt lat="40.646122" lon="14.645847"><ele>0</ele></trkpt>
      <trkpt lat="40.646190" lon="14.645837"><ele>0</ele></trkpt>
      <trkpt lat="40.646268" lon="14.645845"><ele>0</ele></trkpt>
      <trkpt lat="40.646351" lon="14.645865"><ele>0</ele></trkpt>
      <trkpt lat="40.646430" lon="14.645888"><ele>0</ele></trkpt>
      <trkpt lat="40.646514" lon="14.645902"><ele>0</ele></trkpt>
      <trkpt lat="40.646574" lon="14.645899"><ele>0</ele></trkpt>
      <trkpt lat="40.646632" lon="14.645884"><ele>0</ele></trkpt>
      <trkpt lat="40.646686" lon="14.645861"><ele>0</ele></trkpt>
      <trkpt lat="40.646750" lon="14.645810"><ele>0</ele></trkpt>
      <trkpt lat="40.646795" lon="14.645750"><ele>0</ele></trkpt>
      <trkpt lat="40.646838" lon="14.645667"><ele>0</ele></trkpt>
      <trkpt lat="40.646856" lon="14.645604"><ele>0</ele></trkpt>
      <trkpt lat="40.646866" lon="14.645512"><ele>0</ele></trkpt>
      <trkpt lat="40.646864" lon="14.645443"><ele>0</ele></trkpt>
      <trkpt lat="40.646852" lon="14.645372"><ele>0</ele></trkpt>
      <trkpt lat="40.646821" lon="14.645284"><ele>0</ele></trkpt>
      <trkpt lat="40.646754" lon="14.645190"><ele>0</ele></trkpt>
      <trkpt lat="40.646673" lon="14.645099"><ele>0</ele></trkpt>
      <trkpt lat="40.646662" lon="14.645089"><ele>0</ele></trkpt>
      <trkpt lat="40.646641" lon="14.645040"><ele>0</ele></trkpt>
      <trkpt lat="40.646621" lon="14.644974"><ele>0</ele></trkpt>
      <trkpt lat="40.646619" lon="14.644937"><ele>0</ele></trkpt>
      <trkpt lat="40.646615" lon="14.644876"><ele>0</ele></trkpt>
      <trkpt lat="40.646615" lon="14.644821"><ele>0</ele></trkpt>
      <trkpt lat="40.646653" lon="14.644743"><ele>0</ele></trkpt>
      <trkpt lat="40.646672" lon="14.644688"><ele>0</ele></trkpt>
      <trkpt lat="40.646769" lon="14.644452"><ele>0</ele></trkpt>
      <trkpt lat="40.646936" lon="14.644053"><ele>0</ele></trkpt>
      <trkpt lat="40.647097" lon="14.643668"><ele>0</ele></trkpt>
      <trkpt lat="40.647133" lon="14.643579"><ele>0</ele></trkpt>
      <trkpt lat="40.647299" lon="14.643177"><ele>0</ele></trkpt>
      <trkpt lat="40.647348" lon="14.643059"><ele>0</ele></trkpt>
      <trkpt lat="40.647397" lon="14.642941"><ele>0</ele></trkpt>
      <trkpt lat="40.647550" lon="14.642575"><ele>0</ele></trkpt>
      <trkpt lat="40.647648" lon="14.642340"><ele>0</ele></trkpt>
      <trkpt lat="40.647692" lon="14.642225"><ele>0</ele></trkpt>
      <trkpt lat="40.647711" lon="14.642128"><ele>0</ele></trkpt>
      <trkpt lat="40.647905" lon="14.641603"><ele>0</ele></trkpt>
      <trkpt lat="40.648129" lon="14.640991"><ele>0</ele></trkpt>
      <trkpt lat="40.648156" lon="14.640915"><ele>0</ele></trkpt>
      <trkpt lat="40.648183" lon="14.640849"><ele>0</ele></trkpt>
      <trkpt lat="40.648311" lon="14.640497"><ele>0</ele></trkpt>
      <trkpt lat="40.648343" lon="14.640410"><ele>0</ele></trkpt>
      <trkpt lat="40.648369" lon="14.640342"><ele>0</ele></trkpt>
      <trkpt lat="40.648451" lon="14.640113"><ele>0</ele></trkpt>
      <trkpt lat="40.648619" lon="14.639668"><ele>0</ele></trkpt>
      <trkpt lat="40.648632" lon="14.639631"><ele>0</ele></trkpt>
      <trkpt lat="40.648747" lon="14.639322"><ele>0</ele></trkpt>
      <trkpt lat="40.648824" lon="14.639109"><ele>0</ele></trkpt>
      <trkpt lat="40.648835" lon="14.639068"><ele>0</ele></trkpt>
      <trkpt lat="40.648900" lon="14.638802"><ele>0</ele></trkpt>
      <trkpt lat="40.648934" lon="14.638574"><ele>0</ele></trkpt>
      <trkpt lat="40.649013" lon="14.638081"><ele>0</ele></trkpt>
      <trkpt lat="40.649022" lon="14.638041"><ele>0</ele></trkpt>
      <trkpt lat="40.649097" lon="14.637643"><ele>0</ele></trkpt>
      <trkpt lat="40.649175" lon="14.637192"><ele>0</ele></trkpt>
      <trkpt lat="40.649252" lon="14.636741"><ele>0</ele></trkpt>
      <trkpt lat="40.649262" lon="14.636686"><ele>0</ele></trkpt>
      <trkpt lat="40.649325" lon="14.636302"><ele>0</ele></trkpt>
      <trkpt lat="40.649347" lon="14.636175"><ele>0</ele></trkpt>
      <trkpt lat="40.649417" lon="14.635707"><ele>0</ele></trkpt>
      <trkpt lat="40.649451" lon="14.635472"><ele>0</ele></trkpt>
      <trkpt lat="40.649462" lon="14.635353"><ele>0</ele></trkpt>
      <trkpt lat="40.649469" lon="14.635232"><ele>0</ele></trkpt>
      <trkpt lat="40.649470" lon="14.635055"><ele>0</ele></trkpt>
      <trkpt lat="40.649466" lon="14.634921"><ele>0</ele></trkpt>
      <trkpt lat="40.649455" lon="14.634801"><ele>0</ele></trkpt>
      <trkpt lat="40.649430" lon="14.634588"><ele>0</ele></trkpt>
      <trkpt lat="40.649410" lon="14.634492"><ele>0</ele></trkpt>
      <trkpt lat="40.649384" lon="14.634398"><ele>0</ele></trkpt>
      <trkpt lat="40.649358" lon="14.634320"><ele>0</ele></trkpt>
      <trkpt lat="40.649315" lon="14.634224"><ele>0</ele></trkpt>
      <trkpt lat="40.649234" lon="14.634095"><ele>0</ele></trkpt>
      <trkpt lat="40.649048" lon="14.633878"><ele>0</ele></trkpt>
      <trkpt lat="40.648917" lon="14.633743"><ele>0</ele></trkpt>
      <trkpt lat="40.648792" lon="14.633619"><ele>0</ele></trkpt>
      <trkpt lat="40.648671" lon="14.633505"><ele>0</ele></trkpt>
      <trkpt lat="40.648603" lon="14.633459"><ele>0</ele></trkpt>
      <trkpt lat="40.648538" lon="14.633443"><ele>0</ele></trkpt>
      <trkpt lat="40.648468" lon="14.633448"><ele>0</ele></trkpt>
      <trkpt lat="40.648409" lon="14.633479"><ele>0</ele></trkpt>
      <trkpt lat="40.648266" lon="14.633588"><ele>0</ele></trkpt>
      <trkpt lat="40.648213" lon="14.633619"><ele>0</ele></trkpt>
      <trkpt lat="40.648160" lon="14.633644"><ele>0</ele></trkpt>
      <trkpt lat="40.648123" lon="14.633657"><ele>0</ele></trkpt>
      <trkpt lat="40.648062" lon="14.633663"><ele>0</ele></trkpt>
      <trkpt lat="40.648010" lon="14.633650"><ele>0</ele></trkpt>
      <trkpt lat="40.647958" lon="14.633596"><ele>0</ele></trkpt>
      <trkpt lat="40.647927" lon="14.633549"><ele>0</ele></trkpt>
      <trkpt lat="40.647892" lon="14.633479"><ele>0</ele></trkpt>
      <trkpt lat="40.647869" lon="14.633413"><ele>0</ele></trkpt>
      <trkpt lat="40.647850" lon="14.633323"><ele>0</ele></trkpt>
      <trkpt lat="40.647861" lon="14.633233"><ele>0</ele></trkpt>
      <trkpt lat="40.647894" lon="14.633094"><ele>0</ele></trkpt>
      <trkpt lat="40.647930" lon="14.632938"><ele>0</ele></trkpt>
      <trkpt lat="40.647950" lon="14.632812"><ele>0</ele></trkpt>
      <trkpt lat="40.647955" lon="14.632730"><ele>0</ele></trkpt>
      <trkpt lat="40.647960" lon="14.632621"><ele>0</ele></trkpt>
      <trkpt lat="40.647976" lon="14.632533"><ele>0</ele></trkpt>
      <trkpt lat="40.648050" lon="14.632283"><ele>0</ele></trkpt>
      <trkpt lat="40.648124" lon="14.632023"><ele>0</ele></trkpt>
      <trkpt lat="40.648279" lon="14.631426"><ele>0</ele></trkpt>
      <trkpt lat="40.648303" lon="14.631254"><ele>0</ele></trkpt>
      <trkpt lat="40.648318" lon="14.631105"><ele>0</ele></trkpt>
      <trkpt lat="40.648322" lon="14.630970"><ele>0</ele></trkpt>
      <trkpt lat="40.648317" lon="14.630841"><ele>0</ele></trkpt>
      <trkpt lat="40.648324" lon="14.630749"><ele>0</ele></trkpt>
      <trkpt lat="40.648338" lon="14.630677"><ele>0</ele></trkpt>
      <trkpt lat="40.648383" lon="14.630432"><ele>0</ele></trkpt>
      <trkpt lat="40.648455" lon="14.630126"><ele>0</ele></trkpt>
      <trkpt lat="40.648482" lon="14.630003"><ele>0</ele></trkpt>
      <trkpt lat="40.648508" lon="14.629938"><ele>0</ele></trkpt>
      <trkpt lat="40.648542" lon="14.629893"><ele>0</ele></trkpt>
      <trkpt lat="40.649089" lon="14.629516"><ele>0</ele></trkpt>
      <trkpt lat="40.649200" lon="14.629449"><ele>0</ele></trkpt>
      <trkpt lat="40.649426" lon="14.629277"><ele>0</ele></trkpt>
      <trkpt lat="40.649548" lon="14.629149"><ele>0</ele></trkpt>
      <trkpt lat="40.649599" lon="14.629081"><ele>0</ele></trkpt>
      <trkpt lat="40.649630" lon="14.629014"><ele>0</ele></trkpt>
      <trkpt lat="40.649636" lon="14.628930"><ele>0</ele></trkpt>
      <trkpt lat="40.649599" lon="14.628592"><ele>0</ele></trkpt>
      <trkpt lat="40.649591" lon="14.628518"><ele>0</ele></trkpt>
      <trkpt lat="40.649537" lon="14.628055"><ele>0</ele></trkpt>
      <trkpt lat="40.649533" lon="14.628019"><ele>0</ele></trkpt>
      <trkpt lat="40.649516" lon="14.627874"><ele>0</ele></trkpt>
      <trkpt lat="40.649482" lon="14.627579"><ele>0</ele></trkpt>
      <trkpt lat="40.649445" lon="14.627260"><ele>0</ele></trkpt>
      <trkpt lat="40.649443" lon="14.627231"><ele>0</ele></trkpt>
      <trkpt lat="40.649420" lon="14.626983"><ele>0</ele></trkpt>
      <trkpt lat="40.649407" lon="14.626891"><ele>0</ele></trkpt>
      <trkpt lat="40.649381" lon="14.626729"><ele>0</ele></trkpt>
      <trkpt lat="40.649356" lon="14.626606"><ele>0</ele></trkpt>
      <trkpt lat="40.649332" lon="14.626471"><ele>0</ele></trkpt>
      <trkpt lat="40.649323" lon="14.626373"><ele>0</ele></trkpt>
      <trkpt lat="40.649350" lon="14.626300"><ele>0</ele></trkpt>
      <trkpt lat="40.649382" lon="14.626249"><ele>0</ele></trkpt>
      <trkpt lat="40.649407" lon="14.626223"><ele>0</ele></trkpt>
      <trkpt lat="40.649463" lon="14.626181"><ele>0</ele></trkpt>
      <trkpt lat="40.649508" lon="14.626150"><ele>0</ele></trkpt>
      <trkpt lat="40.649574" lon="14.626103"><ele>0</ele></trkpt>
      <trkpt lat="40.649585" lon="14.626095"><ele>0</ele></trkpt>
      <trkpt lat="40.649972" lon="14.625889"><ele>0</ele></trkpt>
      <trkpt lat="40.650335" lon="14.625711"><ele>0</ele></trkpt>
      <trkpt lat="40.650675" lon="14.625581"><ele>0</ele></trkpt>
      <trkpt lat="40.650911" lon="14.625484"><ele>0</ele></trkpt>
      <trkpt lat="40.650947" lon="14.625453"><ele>0</ele></trkpt>
      <trkpt lat="40.650966" lon="14.625406"><ele>0</ele></trkpt>
      <trkpt lat="40.650975" lon="14.625360"><ele>0</ele></trkpt>
      <trkpt lat="40.650963" lon="14.625305"><ele>0</ele></trkpt>
      <trkpt lat="40.650939" lon="14.625277"><ele>0</ele></trkpt>
      <trkpt lat="40.650909" lon="14.625259"><ele>0</ele></trkpt>
      <trkpt lat="40.650869" lon="14.625256"><ele>0</ele></trkpt>
      <trkpt lat="40.650836" lon="14.625266"><ele>0</ele></trkpt>
      <trkpt lat="40.650622" lon="14.625323"><ele>0</ele></trkpt>
      <trkpt lat="40.650514" lon="14.625373"><ele>0</ele></trkpt>
      <trkpt lat="40.650378" lon="14.625424"><ele>0</ele></trkpt>
      <trkpt lat="40.650253" lon="14.625475"><ele>0</ele></trkpt>
      <trkpt lat="40.650027" lon="14.625595"><ele>0</ele></trkpt>
      <trkpt lat="40.649987" lon="14.625598"><ele>0</ele></trkpt>
      <trkpt lat="40.649957" lon="14.625587"><ele>0</ele></trkpt>
      <trkpt lat="40.649927" lon="14.625560"><ele>0</ele></trkpt>
      <trkpt lat="40.649907" lon="14.625529"><ele>0</ele></trkpt>
      <trkpt lat="40.649867" lon="14.625446"><ele>0</ele></trkpt>
      <trkpt lat="40.649839" lon="14.625420"><ele>0</ele></trkpt>
      <trkpt lat="40.649808" lon="14.625415"><ele>0</ele></trkpt>
      <trkpt lat="40.649773" lon="14.625415"><ele>0</ele></trkpt>
      <trkpt lat="40.649738" lon="14.625429"><ele>0</ele></trkpt>
      <trkpt lat="40.649584" lon="14.625496"><ele>0</ele></trkpt>
      <trkpt lat="40.649480" lon="14.625563"><ele>0</ele></trkpt>
      <trkpt lat="40.649404" lon="14.625638"><ele>0</ele></trkpt>
      <trkpt lat="40.649363" lon="14.625709"><ele>0</ele></trkpt>
      <trkpt lat="40.649354" lon="14.625725"><ele>0</ele></trkpt>
      <trkpt lat="40.649346" lon="14.625738"><ele>0</ele></trkpt>
      <trkpt lat="40.649280" lon="14.625818"><ele>0</ele></trkpt>
      <trkpt lat="40.649211" lon="14.625846"><ele>0</ele></trkpt>
      <trkpt lat="40.649139" lon="14.625841"><ele>0</ele></trkpt>
      <trkpt lat="40.649009" lon="14.625800"><ele>0</ele></trkpt>
      <trkpt lat="40.648895" lon="14.625785"><ele>0</ele></trkpt>
      <trkpt lat="40.648774" lon="14.625772"><ele>0</ele></trkpt>
      <trkpt lat="40.648730" lon="14.625747"><ele>0</ele></trkpt>
      <trkpt lat="40.648437" lon="14.625565"><ele>0</ele></trkpt>
      <trkpt lat="40.648387" lon="14.625528"><ele>0</ele></trkpt>
      <trkpt lat="40.648357" lon="14.625489"><ele>0</ele></trkpt>
      <trkpt lat="40.648328" lon="14.625432"><ele>0</ele></trkpt>
      <trkpt lat="40.648311" lon="14.625365"><ele>0</ele></trkpt>
      <trkpt lat="40.648335" lon="14.625122"><ele>0</ele></trkpt>
      <trkpt lat="40.648337" lon="14.625016"><ele>0</ele></trkpt>
      <trkpt lat="40.648327" lon="14.624938"><ele>0</ele></trkpt>
      <trkpt lat="40.648294" lon="14.624874"><ele>0</ele></trkpt>
      <trkpt lat="40.648259" lon="14.624831"><ele>0</ele></trkpt>
      <trkpt lat="40.648212" lon="14.624791"><ele>0</ele></trkpt>
      <trkpt lat="40.648154" lon="14.624750"><ele>0</ele></trkpt>
      <trkpt lat="40.648069" lon="14.624685"><ele>0</ele></trkpt>
      <trkpt lat="40.648026" lon="14.624652"><ele>0</ele></trkpt>
      <trkpt lat="40.647999" lon="14.624629"><ele>0</ele></trkpt>
      <trkpt lat="40.647965" lon="14.624592"><ele>0</ele></trkpt>
      <trkpt lat="40.647920" lon="14.624535"><ele>0</ele></trkpt>
      <trkpt lat="40.647894" lon="14.624489"><ele>0</ele></trkpt>
      <trkpt lat="40.647868" lon="14.624444"><ele>0</ele></trkpt>
      <trkpt lat="40.647844" lon="14.624383"><ele>0</ele></trkpt>
      <trkpt lat="40.647827" lon="14.624342"><ele>0</ele></trkpt>
      <trkpt lat="40.647815" lon="14.624230"><ele>0</ele></trkpt>
      <trkpt lat="40.647816" lon="14.624177"><ele>0</ele></trkpt>
      <trkpt lat="40.647821" lon="14.624114"><ele>0</ele></trkpt>
      <trkpt lat="40.647828" lon="14.624047"><ele>0</ele></trkpt>
      <trkpt lat="40.647852" lon="14.623990"><ele>0</ele></trkpt>
      <trkpt lat="40.647963" lon="14.623907"><ele>0</ele></trkpt>
      <trkpt lat="40.647994" lon="14.623880"><ele>0</ele></trkpt>
      <trkpt lat="40.648048" lon="14.623778"><ele>0</ele></trkpt>
      <trkpt lat="40.648061" lon="14.623707"><ele>0</ele></trkpt>
      <trkpt lat="40.648057" lon="14.623628"><ele>0</ele></trkpt>
      <trkpt lat="40.648010" lon="14.623513"><ele>0</ele></trkpt>
      <trkpt lat="40.647955" lon="14.623413"><ele>0</ele></trkpt>
      <trkpt lat="40.647901" lon="14.623311"><ele>0</ele></trkpt>
      <trkpt lat="40.647894" lon="14.623274"><ele>0</ele></trkpt>
      <trkpt lat="40.647890" lon="14.623216"><ele>0</ele></trkpt>
      <trkpt lat="40.647889" lon="14.623132"><ele>0</ele></trkpt>
      <trkpt lat="40.647885" lon="14.623089"><ele>0</ele></trkpt>
      <trkpt lat="40.647873" lon="14.623048"><ele>0</ele></trkpt>
      <trkpt lat="40.647683" lon="14.622687"><ele>0</ele></trkpt>
      <trkpt lat="40.647653" lon="14.622613"><ele>0</ele></trkpt>
      <trkpt lat="40.647629" lon="14.622495"><ele>0</ele></trkpt>
      <trkpt lat="40.647575" lon="14.622282"><ele>0</ele></trkpt>
      <trkpt lat="40.647546" lon="14.622192"><ele>0</ele></trkpt>
      <trkpt lat="40.647512" lon="14.622130"><ele>0</ele></trkpt>
      <trkpt lat="40.647483" lon="14.621962"><ele>0</ele></trkpt>
      <trkpt lat="40.647466" lon="14.621895"><ele>0</ele></trkpt>
      <trkpt lat="40.647424" lon="14.621817"><ele>0</ele></trkpt>
      <trkpt lat="40.647366" lon="14.621745"><ele>0</ele></trkpt>
      <trkpt lat="40.647299" lon="14.621699"><ele>0</ele></trkpt>
      <trkpt lat="40.647143" lon="14.621611"><ele>0</ele></trkpt>
      <trkpt lat="40.646949" lon="14.621537"><ele>0</ele></trkpt>
      <trkpt lat="40.646858" lon="14.621516"><ele>0</ele></trkpt>
      <trkpt lat="40.646657" lon="14.621529"><ele>0</ele></trkpt>
      <trkpt lat="40.646609" lon="14.621522"><ele>0</ele></trkpt>
      <trkpt lat="40.646564" lon="14.621496"><ele>0</ele></trkpt>
      <trkpt lat="40.646530" lon="14.621424"><ele>0</ele></trkpt>
      <trkpt lat="40.646499" lon="14.621334"><ele>0</ele></trkpt>
      <trkpt lat="40.646460" lon="14.621139"><ele>0</ele></trkpt>
      <trkpt lat="40.646432" lon="14.620987"><ele>0</ele></trkpt>
      <trkpt lat="40.646422" lon="14.620907"><ele>0</ele></trkpt>
      <trkpt lat="40.646428" lon="14.620808"><ele>0</ele></trkpt>
      <trkpt lat="40.646441" lon="14.620704"><ele>0</ele></trkpt>
      <trkpt lat="40.646497" lon="14.620436"><ele>0</ele></trkpt>
      <trkpt lat="40.646538" lon="14.620255"><ele>0</ele></trkpt>
      <trkpt lat="40.646561" lon="14.620188"><ele>0</ele></trkpt>
      <trkpt lat="40.646616" lon="14.620049"><ele>0</ele></trkpt>
      <trkpt lat="40.646648" lon="14.619973"><ele>0</ele></trkpt>
      <trkpt lat="40.646659" lon="14.619911"><ele>0</ele></trkpt>
      <trkpt lat="40.646654" lon="14.619854"><ele>0</ele></trkpt>
      <trkpt lat="40.646645" lon="14.619808"><ele>0</ele></trkpt>
      <trkpt lat="40.646621" lon="14.619757"><ele>0</ele></trkpt>
      <trkpt lat="40.646561" lon="14.619665"><ele>0</ele></trkpt>
      <trkpt lat="40.646510" lon="14.619593"><ele>0</ele></trkpt>
      <trkpt lat="40.646455" lon="14.619541"><ele>0</ele></trkpt>
      <trkpt lat="40.646391" lon="14.619508"><ele>0</ele></trkpt>
      <trkpt lat="40.646248" lon="14.619476"><ele>0</ele></trkpt>
      <trkpt lat="40.646201" lon="14.619457"><ele>0</ele></trkpt>
      <trkpt lat="40.646159" lon="14.619429"><ele>0</ele></trkpt>
      <trkpt lat="40.646131" lon="14.619393"><ele>0</ele></trkpt>
      <trkpt lat="40.646104" lon="14.619330"><ele>0</ele></trkpt>
      <trkpt lat="40.646091" lon="14.619275"><ele>0</ele></trkpt>
      <trkpt lat="40.646090" lon="14.619219"><ele>0</ele></trkpt>
      <trkpt lat="40.646124" lon="14.619058"><ele>0</ele></trkpt>
      <trkpt lat="40.646156" lon="14.618898"><ele>0</ele></trkpt>
      <trkpt lat="40.646162" lon="14.618813"><ele>0</ele></trkpt>
      <trkpt lat="40.646144" lon="14.618744"><ele>0</ele></trkpt>
      <trkpt lat="40.646126" lon="14.618701"><ele>0</ele></trkpt>
      <trkpt lat="40.646105" lon="14.618680"><ele>0</ele></trkpt>
      <trkpt lat="40.646077" lon="14.618664"><ele>0</ele></trkpt>
      <trkpt lat="40.646025" lon="14.618663"><ele>0</ele></trkpt>
      <trkpt lat="40.645946" lon="14.618708"><ele>0</ele></trkpt>
      <trkpt lat="40.645853" lon="14.618782"><ele>0</ele></trkpt>
      <trkpt lat="40.645798" lon="14.618824"><ele>0</ele></trkpt>
      <trkpt lat="40.645759" lon="14.618844"><ele>0</ele></trkpt>
      <trkpt lat="40.645674" lon="14.618863"><ele>0</ele></trkpt>
      <trkpt lat="40.645583" lon="14.618873"><ele>0</ele></trkpt>
      <trkpt lat="40.645476" lon="14.618871"><ele>0</ele></trkpt>
      <trkpt lat="40.645383" lon="14.618849"><ele>0</ele></trkpt>
      <trkpt lat="40.645283" lon="14.618821"><ele>0</ele></trkpt>
      <trkpt lat="40.645217" lon="14.618799"><ele>0</ele></trkpt>
      <trkpt lat="40.645165" lon="14.618779"><ele>0</ele></trkpt>
      <trkpt lat="40.645050" lon="14.618673"><ele>0</ele></trkpt>
      <trkpt lat="40.644965" lon="14.618571"><ele>0</ele></trkpt>
      <trkpt lat="40.644923" lon="14.618533"><ele>0</ele></trkpt>
      <trkpt lat="40.644878" lon="14.618505"><ele>0</ele></trkpt>
      <trkpt lat="40.644827" lon="14.618496"><ele>0</ele></trkpt>
      <trkpt lat="40.644625" lon="14.618504"><ele>0</ele></trkpt>
      <trkpt lat="40.644499" lon="14.618493"><ele>0</ele></trkpt>
      <trkpt lat="40.644441" lon="14.618500"><ele>0</ele></trkpt>
      <trkpt lat="40.644355" lon="14.618520"><ele>0</ele></trkpt>
      <trkpt lat="40.644279" lon="14.618553"><ele>0</ele></trkpt>
      <trkpt lat="40.644200" lon="14.618546"><ele>0</ele></trkpt>
      <trkpt lat="40.644148" lon="14.618503"><ele>0</ele></trkpt>
      <trkpt lat="40.644113" lon="14.618432"><ele>0</ele></trkpt>
      <trkpt lat="40.644098" lon="14.618363"><ele>0</ele></trkpt>
      <trkpt lat="40.644084" lon="14.618214"><ele>0</ele></trkpt>
      <trkpt lat="40.644065" lon="14.618115"><ele>0</ele></trkpt>
      <trkpt lat="40.644037" lon="14.618028"><ele>0</ele></trkpt>
      <trkpt lat="40.644022" lon="14.617990"><ele>0</ele></trkpt>
      <trkpt lat="40.644002" lon="14.617959"><ele>0</ele></trkpt>
      <trkpt lat="40.643992" lon="14.617952"><ele>0</ele></trkpt>
      <trkpt lat="40.643977" lon="14.617942"><ele>0</ele></trkpt>
      <trkpt lat="40.643940" lon="14.617938"><ele>0</ele></trkpt>
      <trkpt lat="40.643801" lon="14.617955"><ele>0</ele></trkpt>
      <trkpt lat="40.643752" lon="14.617959"><ele>0</ele></trkpt>
      <trkpt lat="40.643701" lon="14.617932"><ele>0</ele></trkpt>
      <trkpt lat="40.643668" lon="14.617901"><ele>0</ele></trkpt>
      <trkpt lat="40.643644" lon="14.617852"><ele>0</ele></trkpt>
      <trkpt lat="40.643572" lon="14.617617"><ele>0</ele></trkpt>
      <trkpt lat="40.643554" lon="14.617585"><ele>0</ele></trkpt>
      <trkpt lat="40.643540" lon="14.617575"><ele>0</ele></trkpt>
      <trkpt lat="40.643522" lon="14.617568"><ele>0</ele></trkpt>
      <trkpt lat="40.643501" lon="14.617566"><ele>0</ele></trkpt>
      <trkpt lat="40.643471" lon="14.617577"><ele>0</ele></trkpt>
      <trkpt lat="40.643439" lon="14.617606"><ele>0</ele></trkpt>
      <trkpt lat="40.643376" lon="14.617700"><ele>0</ele></trkpt>
      <trkpt lat="40.643264" lon="14.617848"><ele>0</ele></trkpt>
      <trkpt lat="40.643190" lon="14.617919"><ele>0</ele></trkpt>
      <trkpt lat="40.643131" lon="14.617967"><ele>0</ele></trkpt>
      <trkpt lat="40.643081" lon="14.618000"><ele>0</ele></trkpt>
      <trkpt lat="40.643022" lon="14.618016"><ele>0</ele></trkpt>
      <trkpt lat="40.642979" lon="14.618032"><ele>0</ele></trkpt>
      <trkpt lat="40.642771" lon="14.618140"><ele>0</ele></trkpt>
      <trkpt lat="40.642721" lon="14.618150"><ele>0</ele></trkpt>
      <trkpt lat="40.642664" lon="14.618151"><ele>0</ele></trkpt>
      <trkpt lat="40.642580" lon="14.618143"><ele>0</ele></trkpt>
      <trkpt lat="40.642476" lon="14.618122"><ele>0</ele></trkpt>
      <trkpt lat="40.642306" lon="14.618101"><ele>0</ele></trkpt>
      <trkpt lat="40.642251" lon="14.618071"><ele>0</ele></trkpt>
      <trkpt lat="40.642213" lon="14.618038"><ele>0</ele></trkpt>
      <trkpt lat="40.642178" lon="14.617983"><ele>0</ele></trkpt>
      <trkpt lat="40.642086" lon="14.617643"><ele>0</ele></trkpt>
      <trkpt lat="40.642029" lon="14.617417"><ele>0</ele></trkpt>
      <trkpt lat="40.641992" lon="14.617273"><ele>0</ele></trkpt>
      <trkpt lat="40.641945" lon="14.617022"><ele>0</ele></trkpt>
      <trkpt lat="40.641939" lon="14.616948"><ele>0</ele></trkpt>
      <trkpt lat="40.641941" lon="14.616868"><ele>0</ele></trkpt>
      <trkpt lat="40.641979" lon="14.616734"><ele>0</ele></trkpt>
      <trkpt lat="40.641986" lon="14.616683"><ele>0</ele></trkpt>
      <trkpt lat="40.641984" lon="14.616637"><ele>0</ele></trkpt>
      <trkpt lat="40.641965" lon="14.616572"><ele>0</ele></trkpt>
      <trkpt lat="40.641909" lon="14.616397"><ele>0</ele></trkpt>
      <trkpt lat="40.641874" lon="14.616350"><ele>0</ele></trkpt>
      <trkpt lat="40.641853" lon="14.616331"><ele>0</ele></trkpt>
      <trkpt lat="40.641823" lon="14.616325"><ele>0</ele></trkpt>
      <trkpt lat="40.641794" lon="14.616329"><ele>0</ele></trkpt>
      <trkpt lat="40.641714" lon="14.616359"><ele>0</ele></trkpt>
      <trkpt lat="40.641674" lon="14.616367"><ele>0</ele></trkpt>
      <trkpt lat="40.641627" lon="14.616360"><ele>0</ele></trkpt>
      <trkpt lat="40.641567" lon="14.616328"><ele>0</ele></trkpt>
      <trkpt lat="40.641518" lon="14.616286"><ele>0</ele></trkpt>
      <trkpt lat="40.641387" lon="14.616107"><ele>0</ele></trkpt>
      <trkpt lat="40.641335" lon="14.616053"><ele>0</ele></trkpt>
      <trkpt lat="40.641183" lon="14.615961"><ele>0</ele></trkpt>
      <trkpt lat="40.640746" lon="14.615496"><ele>0</ele></trkpt>
      <trkpt lat="40.640697" lon="14.615445"><ele>0</ele></trkpt>
      <trkpt lat="40.640619" lon="14.615376"><ele>0</ele></trkpt>
      <trkpt lat="40.640552" lon="14.615316"><ele>0</ele></trkpt>
      <trkpt lat="40.640454" lon="14.615267"><ele>0</ele></trkpt>
      <trkpt lat="40.640355" lon="14.615216"><ele>0</ele></trkpt>
      <trkpt lat="40.640299" lon="14.615160"><ele>0</ele></trkpt>
      <trkpt lat="40.640210" lon="14.615020"><ele>0</ele></trkpt>
      <trkpt lat="40.640180" lon="14.614938"><ele>0</ele></trkpt>
      <trkpt lat="40.640139" lon="14.614770"><ele>0</ele></trkpt>
      <trkpt lat="40.640111" lon="14.614691"><ele>0</ele></trkpt>
      <trkpt lat="40.640073" lon="14.614631"><ele>0</ele></trkpt>
      <trkpt lat="40.639807" lon="14.614281"><ele>0</ele></trkpt>
      <trkpt lat="40.639774" lon="14.614205"><ele>0</ele></trkpt>
      <trkpt lat="40.639757" lon="14.614127"><ele>0</ele></trkpt>
      <trkpt lat="40.639760" lon="14.614055"><ele>0</ele></trkpt>
      <trkpt lat="40.639777" lon="14.613998"><ele>0</ele></trkpt>
      <trkpt lat="40.639835" lon="14.613833"><ele>0</ele></trkpt>
      <trkpt lat="40.639839" lon="14.613772"><ele>0</ele></trkpt>
      <trkpt lat="40.639832" lon="14.613729"><ele>0</ele></trkpt>
      <trkpt lat="40.639822" lon="14.613693"><ele>0</ele></trkpt>
      <trkpt lat="40.639777" lon="14.613629"><ele>0</ele></trkpt>
      <trkpt lat="40.639738" lon="14.613581"><ele>0</ele></trkpt>
      <trkpt lat="40.639651" lon="14.613503"><ele>0</ele></trkpt>
      <trkpt lat="40.639592" lon="14.613453"><ele>0</ele></trkpt>
      <trkpt lat="40.639534" lon="14.613399"><ele>0</ele></trkpt>
      <trkpt lat="40.639470" lon="14.613322"><ele>0</ele></trkpt>
      <trkpt lat="40.639451" lon="14.613275"><ele>0</ele></trkpt>
      <trkpt lat="40.639433" lon="14.613215"><ele>0</ele></trkpt>
      <trkpt lat="40.639402" lon="14.613164"><ele>0</ele></trkpt>
      <trkpt lat="40.639352" lon="14.613097"><ele>0</ele></trkpt>
      <trkpt lat="40.639327" lon="14.613068"><ele>0</ele></trkpt>
      <trkpt lat="40.639298" lon="14.613039"><ele>0</ele></trkpt>
      <trkpt lat="40.639267" lon="14.613018"><ele>0</ele></trkpt>
      <trkpt lat="40.639225" lon="14.612994"><ele>0</ele></trkpt>
      <trkpt lat="40.639175" lon="14.612971"><ele>0</ele></trkpt>
      <trkpt lat="40.639153" lon="14.612961"><ele>0</ele></trkpt>
      <trkpt lat="40.639111" lon="14.612958"><ele>0</ele></trkpt>
      <trkpt lat="40.639029" lon="14.612953"><ele>0</ele></trkpt>
      <trkpt lat="40.638963" lon="14.612950"><ele>0</ele></trkpt>
      <trkpt lat="40.638898" lon="14.612945"><ele>0</ele></trkpt>
      <trkpt lat="40.638837" lon="14.612933"><ele>0</ele></trkpt>
      <trkpt lat="40.638789" lon="14.612918"><ele>0</ele></trkpt>
      <trkpt lat="40.638754" lon="14.612904"><ele>0</ele></trkpt>
      <trkpt lat="40.638725" lon="14.612880"><ele>0</ele></trkpt>
      <trkpt lat="40.638701" lon="14.612854"><ele>0</ele></trkpt>
      <trkpt lat="40.638641" lon="14.612762"><ele>0</ele></trkpt>
      <trkpt lat="40.638623" lon="14.612743"><ele>0</ele></trkpt>
      <trkpt lat="40.638594" lon="14.612724"><ele>0</ele></trkpt>
      <trkpt lat="40.638570" lon="14.612712"><ele>0</ele></trkpt>
      <trkpt lat="40.638525" lon="14.612701"><ele>0</ele></trkpt>
      <trkpt lat="40.638451" lon="14.612700"><ele>0</ele></trkpt>
      <trkpt lat="40.638274" lon="14.612706"><ele>0</ele></trkpt>
      <trkpt lat="40.638142" lon="14.612714"><ele>0</ele></trkpt>
      <trkpt lat="40.638102" lon="14.612713"><ele>0</ele></trkpt>
      <trkpt lat="40.638048" lon="14.612703"><ele>0</ele></trkpt>
      <trkpt lat="40.637985" lon="14.612726"><ele>0</ele></trkpt>
      <trkpt lat="40.637943" lon="14.612715"><ele>0</ele></trkpt>
      <trkpt lat="40.637853" lon="14.612666"><ele>0</ele></trkpt>
      <trkpt lat="40.637796" lon="14.612631"><ele>0</ele></trkpt>
      <trkpt lat="40.637756" lon="14.612601"><ele>0</ele></trkpt>
      <trkpt lat="40.637708" lon="14.612521"><ele>0</ele></trkpt>
      <trkpt lat="40.637642" lon="14.612412"><ele>0</ele></trkpt>
      <trkpt lat="40.637579" lon="14.612330"><ele>0</ele></trkpt>
      <trkpt lat="40.637531" lon="14.612295"><ele>0</ele></trkpt>
      <trkpt lat="40.637487" lon="14.612277"><ele>0</ele></trkpt>
      <trkpt lat="40.637422" lon="14.612236"><ele>0</ele></trkpt>
      <trkpt lat="40.637344" lon="14.612145"><ele>0</ele></trkpt>
      <trkpt lat="40.637305" lon="14.612082"><ele>0</ele></trkpt>
      <trkpt lat="40.637268" lon="14.612014"><ele>0</ele></trkpt>
      <trkpt lat="40.637203" lon="14.611888"><ele>0</ele></trkpt>
      <trkpt lat="40.637182" lon="14.611849"><ele>0</ele></trkpt>
      <trkpt lat="40.637169" lon="14.611808"><ele>0</ele></trkpt>
      <trkpt lat="40.637157" lon="14.611769"><ele>0</ele></trkpt>
      <trkpt lat="40.637175" lon="14.611713"><ele>0</ele></trkpt>
      <trkpt lat="40.637201" lon="14.611690"><ele>0</ele></trkpt>
      <trkpt lat="40.637283" lon="14.611597"><ele>0</ele></trkpt>
      <trkpt lat="40.637366" lon="14.611523"><ele>0</ele></trkpt>
      <trkpt lat="40.637422" lon="14.611466"><ele>0</ele></trkpt>
      <trkpt lat="40.637445" lon="14.611418"><ele>0</ele></trkpt>
      <trkpt lat="40.637460" lon="14.611343"><ele>0</ele></trkpt>
      <trkpt lat="40.637464" lon="14.611260"><ele>0</ele></trkpt>
      <trkpt lat="40.637466" lon="14.611167"><ele>0</ele></trkpt>
      <trkpt lat="40.637467" lon="14.611092"><ele>0</ele></trkpt>
      <trkpt lat="40.637460" lon="14.611039"><ele>0</ele></trkpt>
      <trkpt lat="40.637449" lon="14.610996"><ele>0</ele></trkpt>
      <trkpt lat="40.637428" lon="14.610952"><ele>0</ele></trkpt>
      <trkpt lat="40.637403" lon="14.610906"><ele>0</ele></trkpt>
      <trkpt lat="40.637375" lon="14.610859"><ele>0</ele></trkpt>
      <trkpt lat="40.637353" lon="14.610830"><ele>0</ele></trkpt>
      <trkpt lat="40.637210" lon="14.610666"><ele>0</ele></trkpt>
      <trkpt lat="40.637039" lon="14.610440"><ele>0</ele></trkpt>
      <trkpt lat="40.637008" lon="14.610403"><ele>0</ele></trkpt>
      <trkpt lat="40.636977" lon="14.610368"><ele>0</ele></trkpt>
      <trkpt lat="40.636883" lon="14.610273"><ele>0</ele></trkpt>
      <trkpt lat="40.636797" lon="14.610199"><ele>0</ele></trkpt>
      <trkpt lat="40.636755" lon="14.610169"><ele>0</ele></trkpt>
      <trkpt lat="40.636731" lon="14.610154"><ele>0</ele></trkpt>
      <trkpt lat="40.636679" lon="14.610133"><ele>0</ele></trkpt>
      <trkpt lat="40.636643" lon="14.610126"><ele>0</ele></trkpt>
      <trkpt lat="40.636613" lon="14.610125"><ele>0</ele></trkpt>
      <trkpt lat="40.636579" lon="14.610136"><ele>0</ele></trkpt>
      <trkpt lat="40.636518" lon="14.610167"><ele>0</ele></trkpt>
      <trkpt lat="40.636454" lon="14.610186"><ele>0</ele></trkpt>
      <trkpt lat="40.636383" lon="14.610196"><ele>0</ele></trkpt>
      <trkpt lat="40.636297" lon="14.610209"><ele>0</ele></trkpt>
      <trkpt lat="40.636240" lon="14.610211"><ele>0</ele></trkpt>
      <trkpt lat="40.636120" lon="14.610218"><ele>0</ele></trkpt>
      <trkpt lat="40.636087" lon="14.610220"><ele>0</ele></trkpt>
      <trkpt lat="40.636051" lon="14.610223"><ele>0</ele></trkpt>
      <trkpt lat="40.636016" lon="14.610225"><ele>0</ele></trkpt>
      <trkpt lat="40.635990" lon="14.610224"><ele>0</ele></trkpt>
      <trkpt lat="40.635966" lon="14.610222"><ele>0</ele></trkpt>
      <trkpt lat="40.635928" lon="14.610220"><ele>0</ele></trkpt>
      <trkpt lat="40.635880" lon="14.610211"><ele>0</ele></trkpt>
      <trkpt lat="40.635840" lon="14.610197"><ele>0</ele></trkpt>
      <trkpt lat="40.635811" lon="14.610178"><ele>0</ele></trkpt>
      <trkpt lat="40.635797" lon="14.610166"><ele>0</ele></trkpt>
      <trkpt lat="40.635787" lon="14.610150"><ele>0</ele></trkpt>
      <trkpt lat="40.635770" lon="14.610127"><ele>0</ele></trkpt>
      <trkpt lat="40.635756" lon="14.610107"><ele>0</ele></trkpt>
      <trkpt lat="40.635741" lon="14.610082"><ele>0</ele></trkpt>
      <trkpt lat="40.635726" lon="14.610052"><ele>0</ele></trkpt>
      <trkpt lat="40.635717" lon="14.610027"><ele>0</ele></trkpt>
      <trkpt lat="40.635705" lon="14.609994"><ele>0</ele></trkpt>
      <trkpt lat="40.635696" lon="14.609953"><ele>0</ele></trkpt>
      <trkpt lat="40.635689" lon="14.609916"><ele>0</ele></trkpt>
      <trkpt lat="40.635686" lon="14.609877"><ele>0</ele></trkpt>
      <trkpt lat="40.635689" lon="14.609839"><ele>0</ele></trkpt>
      <trkpt lat="40.635694" lon="14.609813"><ele>0</ele></trkpt>
      <trkpt lat="40.635698" lon="14.609787"><ele>0</ele></trkpt>
      <trkpt lat="40.635713" lon="14.609755"><ele>0</ele></trkpt>
      <trkpt lat="40.635728" lon="14.609728"><ele>0</ele></trkpt>
      <trkpt lat="40.635752" lon="14.609696"><ele>0</ele></trkpt>
      <trkpt lat="40.635763" lon="14.609677"><ele>0</ele></trkpt>
      <trkpt lat="40.635842" lon="14.609568"><ele>0</ele></trkpt>
      <trkpt lat="40.635852" lon="14.609544"><ele>0</ele></trkpt>
      <trkpt lat="40.635860" lon="14.609520"><ele>0</ele></trkpt>
      <trkpt lat="40.635863" lon="14.609485"><ele>0</ele></trkpt>
      <trkpt lat="40.635859" lon="14.609446"><ele>0</ele></trkpt>
      <trkpt lat="40.635844" lon="14.609353"><ele>0</ele></trkpt>
      <trkpt lat="40.635800" lon="14.609101"><ele>0</ele></trkpt>
      <trkpt lat="40.635761" lon="14.608870"><ele>0</ele></trkpt>
      <trkpt lat="40.635738" lon="14.608739"><ele>0</ele></trkpt>
      <trkpt lat="40.635722" lon="14.608677"><ele>0</ele></trkpt>
      <trkpt lat="40.635715" lon="14.608653"><ele>0</ele></trkpt>
      <trkpt lat="40.635703" lon="14.608620"><ele>0</ele></trkpt>
      <trkpt lat="40.635693" lon="14.608593"><ele>0</ele></trkpt>
      <trkpt lat="40.635685" lon="14.608577"><ele>0</ele></trkpt>
      <trkpt lat="40.635668" lon="14.608552"><ele>0</ele></trkpt>
      <trkpt lat="40.635641" lon="14.608517"><ele>0</ele></trkpt>
      <trkpt lat="40.635613" lon="14.608486"><ele>0</ele></trkpt>
      <trkpt lat="40.635573" lon="14.608445"><ele>0</ele></trkpt>
      <trkpt lat="40.635554" lon="14.608426"><ele>0</ele></trkpt>
      <trkpt lat="40.635542" lon="14.608416"><ele>0</ele></trkpt>
      <trkpt lat="40.635530" lon="14.608408"><ele>0</ele></trkpt>
      <trkpt lat="40.635505" lon="14.608395"><ele>0</ele></trkpt>
      <trkpt lat="40.635472" lon="14.608381"><ele>0</ele></trkpt>
      <trkpt lat="40.635437" lon="14.608366"><ele>0</ele></trkpt>
      <trkpt lat="40.635394" lon="14.608349"><ele>0</ele></trkpt>
      <trkpt lat="40.635344" lon="14.608331"><ele>0</ele></trkpt>
      <trkpt lat="40.635307" lon="14.608320"><ele>0</ele></trkpt>
      <trkpt lat="40.635239" lon="14.608305"><ele>0</ele></trkpt>
      <trkpt lat="40.635128" lon="14.608275"><ele>0</ele></trkpt>
      <trkpt lat="40.635074" lon="14.608257"><ele>0</ele></trkpt>
      <trkpt lat="40.635034" lon="14.608244"><ele>0</ele></trkpt>
      <trkpt lat="40.635001" lon="14.608234"><ele>0</ele></trkpt>
      <trkpt lat="40.634967" lon="14.608219"><ele>0</ele></trkpt>
      <trkpt lat="40.634916" lon="14.608190"><ele>0</ele></trkpt>
      <trkpt lat="40.634787" lon="14.608117"><ele>0</ele></trkpt>
      <trkpt lat="40.634743" lon="14.608088"><ele>0</ele></trkpt>
      <trkpt lat="40.634710" lon="14.608066"><ele>0</ele></trkpt>
      <trkpt lat="40.634685" lon="14.608046"><ele>0</ele></trkpt>
      <trkpt lat="40.634635" lon="14.607994"><ele>0</ele></trkpt>
      <trkpt lat="40.634604" lon="14.607947"><ele>0</ele></trkpt>
      <trkpt lat="40.634572" lon="14.607885"><ele>0</ele></trkpt>
      <trkpt lat="40.634557" lon="14.607851"><ele>0</ele></trkpt>
      <trkpt lat="40.634505" lon="14.607731"><ele>0</ele></trkpt>
      <trkpt lat="40.634467" lon="14.607629"><ele>0</ele></trkpt>
      <trkpt lat="40.634389" lon="14.607406"><ele>0</ele></trkpt>
      <trkpt lat="40.634371" lon="14.607361"><ele>0</ele></trkpt>
      <trkpt lat="40.634350" lon="14.607322"><ele>0</ele></trkpt>
      <trkpt lat="40.634331" lon="14.607291"><ele>0</ele></trkpt>
      <trkpt lat="40.634300" lon="14.607251"><ele>0</ele></trkpt>
      <trkpt lat="40.634268" lon="14.607222"><ele>0</ele></trkpt>
      <trkpt lat="40.634233" lon="14.607201"><ele>0</ele></trkpt>
      <trkpt lat="40.634176" lon="14.607173"><ele>0</ele></trkpt>
      <trkpt lat="40.634139" lon="14.607158"><ele>0</ele></trkpt>
      <trkpt lat="40.634055" lon="14.607132"><ele>0</ele></trkpt>
      <trkpt lat="40.633923" lon="14.607095"><ele>0</ele></trkpt>
      <trkpt lat="40.633815" lon="14.607070"><ele>0</ele></trkpt>
      <trkpt lat="40.633782" lon="14.607066"><ele>0</ele></trkpt>
      <trkpt lat="40.633747" lon="14.607070"><ele>0</ele></trkpt>
      <trkpt lat="40.633604" lon="14.607093"><ele>0</ele></trkpt>
      <trkpt lat="40.633517" lon="14.607101"><ele>0</ele></trkpt>
      <trkpt lat="40.633479" lon="14.607100"><ele>0</ele></trkpt>
      <trkpt lat="40.633440" lon="14.607091"><ele>0</ele></trkpt>
      <trkpt lat="40.633300" lon="14.607042"><ele>0</ele></trkpt>
      <trkpt lat="40.633161" lon="14.606981"><ele>0</ele></trkpt>
      <trkpt lat="40.633113" lon="14.606954"><ele>0</ele></trkpt>
      <trkpt lat="40.633093" lon="14.606936"><ele>0</ele></trkpt>
      <trkpt lat="40.633075" lon="14.606914"><ele>0</ele></trkpt>
      <trkpt lat="40.633056" lon="14.606882"><ele>0</ele></trkpt>
      <trkpt lat="40.633047" lon="14.606857"><ele>0</ele></trkpt>
      <trkpt lat="40.633043" lon="14.606834"><ele>0</ele></trkpt>
      <trkpt lat="40.633044" lon="14.606810"><ele>0</ele></trkpt>
      <trkpt lat="40.633048" lon="14.606774"><ele>0</ele></trkpt>
      <trkpt lat="40.633057" lon="14.606731"><ele>0</ele></trkpt>
      <trkpt lat="40.633080" lon="14.606657"><ele>0</ele></trkpt>
      <trkpt lat="40.633122" lon="14.606535"><ele>0</ele></trkpt>
      <trkpt lat="40.633140" lon="14.606493"><ele>0</ele></trkpt>
      <trkpt lat="40.633162" lon="14.606462"><ele>0</ele></trkpt>
      <trkpt lat="40.633180" lon="14.606441"><ele>0</ele></trkpt>
      <trkpt lat="40.633219" lon="14.606407"><ele>0</ele></trkpt>
      <trkpt lat="40.633260" lon="14.606363"><ele>0</ele></trkpt>
      <trkpt lat="40.633283" lon="14.606336"><ele>0</ele></trkpt>
      <trkpt lat="40.633299" lon="14.606312"><ele>0</ele></trkpt>
      <trkpt lat="40.633313" lon="14.606284"><ele>0</ele></trkpt>
      <trkpt lat="40.633323" lon="14.606248"><ele>0</ele></trkpt>
      <trkpt lat="40.633339" lon="14.606171"><ele>0</ele></trkpt>
      <trkpt lat="40.633414" lon="14.605777"><ele>0</ele></trkpt>
      <trkpt lat="40.633429" lon="14.605696"><ele>0</ele></trkpt>
      <trkpt lat="40.633435" lon="14.605619"><ele>0</ele></trkpt>
      <trkpt lat="40.633438" lon="14.605544"><ele>0</ele></trkpt>
      <trkpt lat="40.633437" lon="14.605433"><ele>0</ele></trkpt>
      <trkpt lat="40.633438" lon="14.605297"><ele>0</ele></trkpt>
      <trkpt lat="40.633445" lon="14.605149"><ele>0</ele></trkpt>
      <trkpt lat="40.633452" lon="14.605083"><ele>0</ele></trkpt>
      <trkpt lat="40.633461" lon="14.605036"><ele>0</ele></trkpt>
      <trkpt lat="40.633477" lon="14.604994"><ele>0</ele></trkpt>
      <trkpt lat="40.633489" lon="14.604976"><ele>0</ele></trkpt>
      <trkpt lat="40.633503" lon="14.604959"><ele>0</ele></trkpt>
      <trkpt lat="40.633542" lon="14.604929"><ele>0</ele></trkpt>
      <trkpt lat="40.633579" lon="14.604905"><ele>0</ele></trkpt>
      <trkpt lat="40.633663" lon="14.604857"><ele>0</ele></trkpt>
      <trkpt lat="40.633741" lon="14.604819"><ele>0</ele></trkpt>
      <trkpt lat="40.633825" lon="14.604779"><ele>0</ele></trkpt>
      <trkpt lat="40.633883" lon="14.604746"><ele>0</ele></trkpt>
      <trkpt lat="40.633917" lon="14.604722"><ele>0</ele></trkpt>
      <trkpt lat="40.633939" lon="14.604693"><ele>0</ele></trkpt>
      <trkpt lat="40.633952" lon="14.604674"><ele>0</ele></trkpt>
      <trkpt lat="40.633969" lon="14.604647"><ele>0</ele></trkpt>
      <trkpt lat="40.633996" lon="14.604596"><ele>0</ele></trkpt>
      <trkpt lat="40.634014" lon="14.604549"><ele>0</ele></trkpt>
      <trkpt lat="40.634026" lon="14.604509"><ele>0</ele></trkpt>
      <trkpt lat="40.634035" lon="14.604467"><ele>0</ele></trkpt>
      <trkpt lat="40.634039" lon="14.604427"><ele>0</ele></trkpt>
      <trkpt lat="40.634043" lon="14.604362"><ele>0</ele></trkpt>
      <trkpt lat="40.634032" lon="14.604251"><ele>0</ele></trkpt>
      <trkpt lat="40.634010" lon="14.604084"><ele>0</ele></trkpt>
      <trkpt lat="40.633967" lon="14.603785"><ele>0</ele></trkpt>
      <trkpt lat="40.633916" lon="14.603387"><ele>0</ele></trkpt>
      <trkpt lat="40.633885" lon="14.603158"><ele>0</ele></trkpt>
      <trkpt lat="40.633871" lon="14.602943"><ele>0</ele></trkpt>
      <trkpt lat="40.633865" lon="14.602873"><ele>0</ele></trkpt>
      <trkpt lat="40.633865" lon="14.602832"><ele>0</ele></trkpt>
      <trkpt lat="40.633869" lon="14.602791"><ele>0</ele></trkpt>
      <trkpt lat="40.633873" lon="14.602723"><ele>0</ele></trkpt>
      <trkpt lat="40.633871" lon="14.602604"><ele>0</ele></trkpt>
      <trkpt lat="40.633870" lon="14.602564"><ele>0</ele></trkpt>
      <trkpt lat="40.633872" lon="14.602453"><ele>0</ele></trkpt>
      <trkpt lat="40.633866" lon="14.602342"><ele>0</ele></trkpt>
      <trkpt lat="40.633861" lon="14.602255"><ele>0</ele></trkpt>
      <trkpt lat="40.633853" lon="14.602139"><ele>0</ele></trkpt>
      <trkpt lat="40.633846" lon="14.602004"><ele>0</ele></trkpt>
      <trkpt lat="40.633834" lon="14.601809"><ele>0</ele></trkpt>
      <trkpt lat="40.633832" lon="14.601788"><ele>0</ele></trkpt>
      <trkpt lat="40.633831" lon="14.601769"><ele>0</ele></trkpt>
      <trkpt lat="40.633828" lon="14.601743"><ele>0</ele></trkpt>
      <trkpt lat="40.633822" lon="14.601705"><ele>0</ele></trkpt>
      <trkpt lat="40.633799" lon="14.601597"><ele>0</ele></trkpt>
      <trkpt lat="40.633772" lon="14.601492"><ele>0</ele></trkpt>
      <trkpt lat="40.633733" lon="14.601382"><ele>0</ele></trkpt>
      <trkpt lat="40.633710" lon="14.601309"><ele>0</ele></trkpt>
      <trkpt lat="40.633693" lon="14.601232"><ele>0</ele></trkpt>
      <trkpt lat="40.633683" lon="14.601154"><ele>0</ele></trkpt>
      <trkpt lat="40.633664" lon="14.601016"><ele>0</ele></trkpt>
      <trkpt lat="40.633658" lon="14.600932"><ele>0</ele></trkpt>
      <trkpt lat="40.633659" lon="14.600839"><ele>0</ele></trkpt>
      <trkpt lat="40.633666" lon="14.600454"><ele>0</ele></trkpt>
      <trkpt lat="40.633660" lon="14.600369"><ele>0</ele></trkpt>
      <trkpt lat="40.633651" lon="14.600257"><ele>0</ele></trkpt>
      <trkpt lat="40.633647" lon="14.600163"><ele>0</ele></trkpt>
      <trkpt lat="40.633644" lon="14.600076"><ele>0</ele></trkpt>
      <trkpt lat="40.633641" lon="14.599817"><ele>0</ele></trkpt>
      <trkpt lat="40.633640" lon="14.599742"><ele>0</ele></trkpt>
      <trkpt lat="40.633637" lon="14.599677"><ele>0</ele></trkpt>
      <trkpt lat="40.633628" lon="14.599598"><ele>0</ele></trkpt>
      <trkpt lat="40.633620" lon="14.599548"><ele>0</ele></trkpt>
      <trkpt lat="40.633611" lon="14.599499"><ele>0</ele></trkpt>
      <trkpt lat="40.633602" lon="14.599453"><ele>0</ele></trkpt>
      <trkpt lat="40.633589" lon="14.599397"><ele>0</ele></trkpt>
      <trkpt lat="40.633577" lon="14.599349"><ele>0</ele></trkpt>
      <trkpt lat="40.633565" lon="14.599315"><ele>0</ele></trkpt>
      <trkpt lat="40.633531" lon="14.599236"><ele>0</ele></trkpt>
      <trkpt lat="40.633505" lon="14.599180"><ele>0</ele></trkpt>
      <trkpt lat="40.633492" lon="14.599145"><ele>0</ele></trkpt>
      <trkpt lat="40.633481" lon="14.599108"><ele>0</ele></trkpt>
      <trkpt lat="40.633471" lon="14.599066"><ele>0</ele></trkpt>
      <trkpt lat="40.633462" lon="14.599027"><ele>0</ele></trkpt>
      <trkpt lat="40.633458" lon="14.598996"><ele>0</ele></trkpt>
      <trkpt lat="40.633452" lon="14.598922"><ele>0</ele></trkpt>
      <trkpt lat="40.633444" lon="14.598689"><ele>0</ele></trkpt>
      <trkpt lat="40.633437" lon="14.598578"><ele>0</ele></trkpt>
      <trkpt lat="40.633433" lon="14.598507"><ele>0</ele></trkpt>
      <trkpt lat="40.633429" lon="14.598461"><ele>0</ele></trkpt>
      <trkpt lat="40.633421" lon="14.598419"><ele>0</ele></trkpt>
      <trkpt lat="40.633405" lon="14.598372"><ele>0</ele></trkpt>
      <trkpt lat="40.633379" lon="14.598301"><ele>0</ele></trkpt>
      <trkpt lat="40.633337" lon="14.598192"><ele>0</ele></trkpt>
      <trkpt lat="40.633307" lon="14.598120"><ele>0</ele></trkpt>
      <trkpt lat="40.633283" lon="14.598068"><ele>0</ele></trkpt>
      <trkpt lat="40.633263" lon="14.598033"><ele>0</ele></trkpt>
      <trkpt lat="40.633236" lon="14.597998"><ele>0</ele></trkpt>
      <trkpt lat="40.633206" lon="14.597966"><ele>0</ele></trkpt>
      <trkpt lat="40.633165" lon="14.597937"><ele>0</ele></trkpt>
      <trkpt lat="40.633106" lon="14.597901"><ele>0</ele></trkpt>
      <trkpt lat="40.633060" lon="14.597865"><ele>0</ele></trkpt>
      <trkpt lat="40.633033" lon="14.597837"><ele>0</ele></trkpt>
      <trkpt lat="40.633004" lon="14.597806"><ele>0</ele></trkpt>
      <trkpt lat="40.632957" lon="14.597744"><ele>0</ele></trkpt>
      <trkpt lat="40.632851" lon="14.597558"><ele>0</ele></trkpt>
      <trkpt lat="40.632829" lon="14.597513"><ele>0</ele></trkpt>
      <trkpt lat="40.632813" lon="14.597480"><ele>0</ele></trkpt>
      <trkpt lat="40.632796" lon="14.597442"><ele>0</ele></trkpt>
      <trkpt lat="40.632712" lon="14.597210"><ele>0</ele></trkpt>
      <trkpt lat="40.632642" lon="14.596998"><ele>0</ele></trkpt>
      <trkpt lat="40.632564" lon="14.596766"><ele>0</ele></trkpt>
      <trkpt lat="40.632466" lon="14.596413"><ele>0</ele></trkpt>
      <trkpt lat="40.632362" lon="14.595970"><ele>0</ele></trkpt>
      <trkpt lat="40.632354" lon="14.595942"><ele>0</ele></trkpt>
      <trkpt lat="40.632347" lon="14.595921"><ele>0</ele></trkpt>
      <trkpt lat="40.632337" lon="14.595898"><ele>0</ele></trkpt>
      <trkpt lat="40.632327" lon="14.595880"><ele>0</ele></trkpt>
      <trkpt lat="40.632317" lon="14.595863"><ele>0</ele></trkpt>
      <trkpt lat="40.632298" lon="14.595837"><ele>0</ele></trkpt>
      <trkpt lat="40.632277" lon="14.595818"><ele>0</ele></trkpt>
      <trkpt lat="40.632247" lon="14.595789"><ele>0</ele></trkpt>
      <trkpt lat="40.632227" lon="14.595775"><ele>0</ele></trkpt>
      <trkpt lat="40.632208" lon="14.595768"><ele>0</ele></trkpt>
      <trkpt lat="40.632181" lon="14.595767"><ele>0</ele></trkpt>
      <trkpt lat="40.632142" lon="14.595777"><ele>0</ele></trkpt>
      <trkpt lat="40.632052" lon="14.595805"><ele>0</ele></trkpt>
      <trkpt lat="40.631983" lon="14.595821"><ele>0</ele></trkpt>
      <trkpt lat="40.631749" lon="14.595807"><ele>0</ele></trkpt>
      <trkpt lat="40.631626" lon="14.595797"><ele>0</ele></trkpt>
      <trkpt lat="40.631599" lon="14.595788"><ele>0</ele></trkpt>
      <trkpt lat="40.631573" lon="14.595771"><ele>0</ele></trkpt>
      <trkpt lat="40.631548" lon="14.595747"><ele>0</ele></trkpt>
      <trkpt lat="40.631521" lon="14.595713"><ele>0</ele></trkpt>
      <trkpt lat="40.631485" lon="14.595664"><ele>0</ele></trkpt>
      <trkpt lat="40.631191" lon="14.595122"><ele>0</ele></trkpt>
      <trkpt lat="40.631141" lon="14.595041"><ele>0</ele></trkpt>
      <trkpt lat="40.631099" lon="14.594989"><ele>0</ele></trkpt>
      <trkpt lat="40.631051" lon="14.594937"><ele>0</ele></trkpt>
      <trkpt lat="40.631011" lon="14.594910"><ele>0</ele></trkpt>
      <trkpt lat="40.630908" lon="14.594860"><ele>0</ele></trkpt>
      <trkpt lat="40.630837" lon="14.594822"><ele>0</ele></trkpt>
      <trkpt lat="40.630718" lon="14.594769"><ele>0</ele></trkpt>
      <trkpt lat="40.630686" lon="14.594752"><ele>0</ele></trkpt>
      <trkpt lat="40.630663" lon="14.594731"><ele>0</ele></trkpt>
      <trkpt lat="40.630645" lon="14.594705"><ele>0</ele></trkpt>
      <trkpt lat="40.630631" lon="14.594680"><ele>0</ele></trkpt>
      <trkpt lat="40.630582" lon="14.594591"><ele>0</ele></trkpt>
      <trkpt lat="40.630552" lon="14.594546"><ele>0</ele></trkpt>
      <trkpt lat="40.630516" lon="14.594509"><ele>0</ele></trkpt>
      <trkpt lat="40.630468" lon="14.594474"><ele>0</ele></trkpt>
      <trkpt lat="40.630416" lon="14.594442"><ele>0</ele></trkpt>
      <trkpt lat="40.630343" lon="14.594403"><ele>0</ele></trkpt>
      <trkpt lat="40.630235" lon="14.594338"><ele>0</ele></trkpt>
      <trkpt lat="40.630197" lon="14.594304"><ele>0</ele></trkpt>
      <trkpt lat="40.630164" lon="14.594265"><ele>0</ele></trkpt>
      <trkpt lat="40.630136" lon="14.594226"><ele>0</ele></trkpt>
      <trkpt lat="40.630116" lon="14.594195"><ele>0</ele></trkpt>
      <trkpt lat="40.630042" lon="14.594017"><ele>0</ele></trkpt>
      <trkpt lat="40.629874" lon="14.593542"><ele>0</ele></trkpt>
      <trkpt lat="40.629852" lon="14.593463"><ele>0</ele></trkpt>
      <trkpt lat="40.629846" lon="14.593419"><ele>0</ele></trkpt>
      <trkpt lat="40.629841" lon="14.593351"><ele>0</ele></trkpt>
      <trkpt lat="40.629840" lon="14.593280"><ele>0</ele></trkpt>
      <trkpt lat="40.629840" lon="14.593210"><ele>0</ele></trkpt>
      <trkpt lat="40.629843" lon="14.593092"><ele>0</ele></trkpt>
      <trkpt lat="40.629842" lon="14.592964"><ele>0</ele></trkpt>
      <trkpt lat="40.629841" lon="14.592920"><ele>0</ele></trkpt>
      <trkpt lat="40.629837" lon="14.592885"><ele>0</ele></trkpt>
      <trkpt lat="40.629828" lon="14.592845"><ele>0</ele></trkpt>
      <trkpt lat="40.629821" lon="14.592815"><ele>0</ele></trkpt>
      <trkpt lat="40.629809" lon="14.592782"><ele>0</ele></trkpt>
      <trkpt lat="40.629794" lon="14.592751"><ele>0</ele></trkpt>
      <trkpt lat="40.629767" lon="14.592704"><ele>0</ele></trkpt>
      <trkpt lat="40.629747" lon="14.592678"><ele>0</ele></trkpt>
      <trkpt lat="40.629711" lon="14.592651"><ele>0</ele></trkpt>
      <trkpt lat="40.629666" lon="14.592628"><ele>0</ele></trkpt>
      <trkpt lat="40.629601" lon="14.592606"><ele>0</ele></trkpt>
      <trkpt lat="40.629527" lon="14.592586"><ele>0</ele></trkpt>
      <trkpt lat="40.629498" lon="14.592576"><ele>0</ele></trkpt>
      <trkpt lat="40.629472" lon="14.592559"><ele>0</ele></trkpt>
      <trkpt lat="40.629425" lon="14.592519"><ele>0</ele></trkpt>
      <trkpt lat="40.629387" lon="14.592480"><ele>0</ele></trkpt>
      <trkpt lat="40.629359" lon="14.592444"><ele>0</ele></trkpt>
      <trkpt lat="40.629316" lon="14.592374"><ele>0</ele></trkpt>
      <trkpt lat="40.629283" lon="14.592304"><ele>0</ele></trkpt>
      <trkpt lat="40.629253" lon="14.592252"><ele>0</ele></trkpt>
      <trkpt lat="40.629223" lon="14.592207"><ele>0</ele></trkpt>
      <trkpt lat="40.629195" lon="14.592177"><ele>0</ele></trkpt>
      <trkpt lat="40.629169" lon="14.592159"><ele>0</ele></trkpt>
      <trkpt lat="40.629126" lon="14.592135"><ele>0</ele></trkpt>
      <trkpt lat="40.629063" lon="14.592112"><ele>0</ele></trkpt>
      <trkpt lat="40.628971" lon="14.592080"><ele>0</ele></trkpt>
      <trkpt lat="40.628872" lon="14.592042"><ele>0</ele></trkpt>
      <trkpt lat="40.628813" lon="14.592009"><ele>0</ele></trkpt>
      <trkpt lat="40.628736" lon="14.591959"><ele>0</ele></trkpt>
      <trkpt lat="40.628653" lon="14.591891"><ele>0</ele></trkpt>
      <trkpt lat="40.628600" lon="14.591850"><ele>0</ele></trkpt>
      <trkpt lat="40.628551" lon="14.591826"><ele>0</ele></trkpt>
      <trkpt lat="40.628500" lon="14.591813"><ele>0</ele></trkpt>
      <trkpt lat="40.628435" lon="14.591794"><ele>0</ele></trkpt>
      <trkpt lat="40.628385" lon="14.591769"><ele>0</ele></trkpt>
      <trkpt lat="40.628326" lon="14.591728"><ele>0</ele></trkpt>
      <trkpt lat="40.628288" lon="14.591693"><ele>0</ele></trkpt>
      <trkpt lat="40.628241" lon="14.591645"><ele>0</ele></trkpt>
      <trkpt lat="40.628131" lon="14.591518"><ele>0</ele></trkpt>
      <trkpt lat="40.628036" lon="14.591419"><ele>0</ele></trkpt>
      <trkpt lat="40.627854" lon="14.591202"><ele>0</ele></trkpt>
      <trkpt lat="40.627767" lon="14.591099"><ele>0</ele></trkpt>
      <trkpt lat="40.627680" lon="14.590979"><ele>0</ele></trkpt>
      <trkpt lat="40.627649" lon="14.590921"><ele>0</ele></trkpt>
      <trkpt lat="40.627627" lon="14.590882"><ele>0</ele></trkpt>
      <trkpt lat="40.627555" lon="14.590737"><ele>0</ele></trkpt>
      <trkpt lat="40.627502" lon="14.590618"><ele>0</ele></trkpt>
      <trkpt lat="40.627437" lon="14.590486"><ele>0</ele></trkpt>
      <trkpt lat="40.627398" lon="14.590423"><ele>0</ele></trkpt>
      <trkpt lat="40.627263" lon="14.590246"><ele>0</ele></trkpt>
      <trkpt lat="40.627211" lon="14.590176"><ele>0</ele></trkpt>
      <trkpt lat="40.627164" lon="14.590097"><ele>0</ele></trkpt>
      <trkpt lat="40.627109" lon="14.589997"><ele>0</ele></trkpt>
      <trkpt lat="40.627042" lon="14.589853"><ele>0</ele></trkpt>
      <trkpt lat="40.626837" lon="14.589346"><ele>0</ele></trkpt>
      <trkpt lat="40.626812" lon="14.589277"><ele>0</ele></trkpt>
      <trkpt lat="40.626792" lon="14.589215"><ele>0</ele></trkpt>
      <trkpt lat="40.626764" lon="14.589104"><ele>0</ele></trkpt>
      <trkpt lat="40.626725" lon="14.588891"><ele>0</ele></trkpt>
      <trkpt lat="40.626708" lon="14.588809"><ele>0</ele></trkpt>
      <trkpt lat="40.626693" lon="14.588757"><ele>0</ele></trkpt>
      <trkpt lat="40.626678" lon="14.588712"><ele>0</ele></trkpt>
      <trkpt lat="40.626546" lon="14.588421"><ele>0</ele></trkpt>
      <trkpt lat="40.626530" lon="14.588378"><ele>0</ele></trkpt>
      <trkpt lat="40.626522" lon="14.588338"><ele>0</ele></trkpt>
      <trkpt lat="40.626515" lon="14.588286"><ele>0</ele></trkpt>
      <trkpt lat="40.626514" lon="14.588255"><ele>0</ele></trkpt>
      <trkpt lat="40.626519" lon="14.588223"><ele>0</ele></trkpt>
      <trkpt lat="40.626540" lon="14.588110"><ele>0</ele></trkpt>
      <trkpt lat="40.626544" lon="14.588072"><ele>0</ele></trkpt>
      <trkpt lat="40.626543" lon="14.588033"><ele>0</ele></trkpt>
      <trkpt lat="40.626538" lon="14.587994"><ele>0</ele></trkpt>
      <trkpt lat="40.626502" lon="14.587811"><ele>0</ele></trkpt>
      <trkpt lat="40.626464" lon="14.587699"><ele>0</ele></trkpt>
      <trkpt lat="40.626413" lon="14.587604"><ele>0</ele></trkpt>
      <trkpt lat="40.626168" lon="14.587217"><ele>0</ele></trkpt>
      <trkpt lat="40.626147" lon="14.587160"><ele>0</ele></trkpt>
      <trkpt lat="40.626137" lon="14.587113"><ele>0</ele></trkpt>
      <trkpt lat="40.626131" lon="14.587040"><ele>0</ele></trkpt>
      <trkpt lat="40.626120" lon="14.586996"><ele>0</ele></trkpt>
      <trkpt lat="40.626104" lon="14.586954"><ele>0</ele></trkpt>
      <trkpt lat="40.626086" lon="14.586923"><ele>0</ele></trkpt>
      <trkpt lat="40.626057" lon="14.586886"><ele>0</ele></trkpt>
      <trkpt lat="40.626024" lon="14.586853"><ele>0</ele></trkpt>
      <trkpt lat="40.625951" lon="14.586785"><ele>0</ele></trkpt>
      <trkpt lat="40.625806" lon="14.586677"><ele>0</ele></trkpt>
      <trkpt lat="40.625728" lon="14.586619"><ele>0</ele></trkpt>
      <trkpt lat="40.625641" lon="14.586532"><ele>0</ele></trkpt>
      <trkpt lat="40.625609" lon="14.586489"><ele>0</ele></trkpt>
      <trkpt lat="40.625580" lon="14.586450"><ele>0</ele></trkpt>
      <trkpt lat="40.625530" lon="14.586368"><ele>0</ele></trkpt>
      <trkpt lat="40.625492" lon="14.586283"><ele>0</ele></trkpt>
      <trkpt lat="40.625471" lon="14.586217"><ele>0</ele></trkpt>
      <trkpt lat="40.625461" lon="14.586156"><ele>0</ele></trkpt>
      <trkpt lat="40.625457" lon="14.586084"><ele>0</ele></trkpt>
      <trkpt lat="40.625470" lon="14.585924"><ele>0</ele></trkpt>
      <trkpt lat="40.625474" lon="14.585867"><ele>0</ele></trkpt>
      <trkpt lat="40.625473" lon="14.585801"><ele>0</ele></trkpt>
      <trkpt lat="40.625471" lon="14.585730"><ele>0</ele></trkpt>
      <trkpt lat="40.625469" lon="14.585666"><ele>0</ele></trkpt>
      <trkpt lat="40.625466" lon="14.585587"><ele>0</ele></trkpt>
      <trkpt lat="40.625475" lon="14.585510"><ele>0</ele></trkpt>
      <trkpt lat="40.625492" lon="14.585446"><ele>0</ele></trkpt>
      <trkpt lat="40.625510" lon="14.585395"><ele>0</ele></trkpt>
      <trkpt lat="40.625543" lon="14.585319"><ele>0</ele></trkpt>
      <trkpt lat="40.625583" lon="14.585221"><ele>0</ele></trkpt>
      <trkpt lat="40.625616" lon="14.585144"><ele>0</ele></trkpt>
      <trkpt lat="40.625660" lon="14.585047"><ele>0</ele></trkpt>
      <trkpt lat="40.625770" lon="14.584797"><ele>0</ele></trkpt>
      <trkpt lat="40.625807" lon="14.584742"><ele>0</ele></trkpt>
      <trkpt lat="40.625839" lon="14.584703"><ele>0</ele></trkpt>
      <trkpt lat="40.625884" lon="14.584670"><ele>0</ele></trkpt>
      <trkpt lat="40.626125" lon="14.584539"><ele>0</ele></trkpt>
      <trkpt lat="40.626234" lon="14.584471"><ele>0</ele></trkpt>
      <trkpt lat="40.626570" lon="14.584206"><ele>0</ele></trkpt>
      <trkpt lat="40.626649" lon="14.584161"><ele>0</ele></trkpt>
      <trkpt lat="40.626700" lon="14.584133"><ele>0</ele></trkpt>
      <trkpt lat="40.626774" lon="14.584113"><ele>0</ele></trkpt>
      <trkpt lat="40.626886" lon="14.584102"><ele>0</ele></trkpt>
      <trkpt lat="40.626953" lon="14.584079"><ele>0</ele></trkpt>
      <trkpt lat="40.626992" lon="14.584039"><ele>0</ele></trkpt>
      <trkpt lat="40.627002" lon="14.584029"><ele>0</ele></trkpt>
      <trkpt lat="40.627036" lon="14.583956"><ele>0</ele></trkpt>
      <trkpt lat="40.627077" lon="14.583780"><ele>0</ele></trkpt>
      <trkpt lat="40.627071" lon="14.583682"><ele>0</ele></trkpt>
      <trkpt lat="40.627046" lon="14.583597"><ele>0</ele></trkpt>
      <trkpt lat="40.626992" lon="14.583543"><ele>0</ele></trkpt>
      <trkpt lat="40.626912" lon="14.583511"><ele>0</ele></trkpt>
      <trkpt lat="40.626459" lon="14.583445"><ele>0</ele></trkpt>
      <trkpt lat="40.626349" lon="14.583452"><ele>0</ele></trkpt>
      <trkpt lat="40.626236" lon="14.583488"><ele>0</ele></trkpt>
      <trkpt lat="40.626096" lon="14.583579"><ele>0</ele></trkpt>
      <trkpt lat="40.625808" lon="14.583800"><ele>0</ele></trkpt>
      <trkpt lat="40.625664" lon="14.583975"><ele>0</ele></trkpt>
      <trkpt lat="40.625614" lon="14.584024"><ele>0</ele></trkpt>
      <trkpt lat="40.625569" lon="14.584051"><ele>0</ele></trkpt>
      <trkpt lat="40.625514" lon="14.584057"><ele>0</ele></trkpt>
      <trkpt lat="40.625454" lon="14.584034"><ele>0</ele></trkpt>
      <trkpt lat="40.625261" lon="14.583922"><ele>0</ele></trkpt>
      <trkpt lat="40.625029" lon="14.583794"><ele>0</ele></trkpt>
      <trkpt lat="40.624793" lon="14.583691"><ele>0</ele></trkpt>
      <trkpt lat="40.624626" lon="14.583579"><ele>0</ele></trkpt>
      <trkpt lat="40.624489" lon="14.583454"><ele>0</ele></trkpt>
      <trkpt lat="40.624461" lon="14.583415"><ele>0</ele></trkpt>
      <trkpt lat="40.624438" lon="14.583364"><ele>0</ele></trkpt>
      <trkpt lat="40.624426" lon="14.583316"><ele>0</ele></trkpt>
      <trkpt lat="40.624421" lon="14.583265"><ele>0</ele></trkpt>
      <trkpt lat="40.624432" lon="14.583127"><ele>0</ele></trkpt>
      <trkpt lat="40.624438" lon="14.583027"><ele>0</ele></trkpt>
      <trkpt lat="40.624438" lon="14.582927"><ele>0</ele></trkpt>
      <trkpt lat="40.624422" lon="14.582818"><ele>0</ele></trkpt>
      <trkpt lat="40.624414" lon="14.582791"><ele>0</ele></trkpt>
      <trkpt lat="40.624401" lon="14.582762"><ele>0</ele></trkpt>
      <trkpt lat="40.624382" lon="14.582730"><ele>0</ele></trkpt>
      <trkpt lat="40.624356" lon="14.582700"><ele>0</ele></trkpt>
      <trkpt lat="40.624340" lon="14.582682"><ele>0</ele></trkpt>
      <trkpt lat="40.624313" lon="14.582669"><ele>0</ele></trkpt>
      <trkpt lat="40.624270" lon="14.582657"><ele>0</ele></trkpt>
      <trkpt lat="40.624224" lon="14.582655"><ele>0</ele></trkpt>
      <trkpt lat="40.623948" lon="14.582654"><ele>0</ele></trkpt>
      <trkpt lat="40.623882" lon="14.582646"><ele>0</ele></trkpt>
      <trkpt lat="40.623826" lon="14.582614"><ele>0</ele></trkpt>
      <trkpt lat="40.623692" lon="14.582454"><ele>0</ele></trkpt>
      <trkpt lat="40.623535" lon="14.582298"><ele>0</ele></trkpt>
      <trkpt lat="40.623499" lon="14.582260"><ele>0</ele></trkpt>
      <trkpt lat="40.623273" lon="14.582036"><ele>0</ele></trkpt>
      <trkpt lat="40.622930" lon="14.581685"><ele>0</ele></trkpt>
      <trkpt lat="40.622816" lon="14.581502"><ele>0</ele></trkpt>
      <trkpt lat="40.622720" lon="14.581308"><ele>0</ele></trkpt>
      <trkpt lat="40.622656" lon="14.581116"><ele>0</ele></trkpt>
      <trkpt lat="40.622610" lon="14.580941"><ele>0</ele></trkpt>
      <trkpt lat="40.622526" lon="14.580561"><ele>0</ele></trkpt>
      <trkpt lat="40.622511" lon="14.580484"><ele>0</ele></trkpt>
      <trkpt lat="40.622489" lon="14.580407"><ele>0</ele></trkpt>
      <trkpt lat="40.622411" lon="14.580242"><ele>0</ele></trkpt>
      <trkpt lat="40.622190" lon="14.579862"><ele>0</ele></trkpt>
      <trkpt lat="40.622150" lon="14.579791"><ele>0</ele></trkpt>
      <trkpt lat="40.621686" lon="14.579302"><ele>0</ele></trkpt>
      <trkpt lat="40.621511" lon="14.579109"><ele>0</ele></trkpt>
      <trkpt lat="40.621473" lon="14.579086"><ele>0</ele></trkpt>
      <trkpt lat="40.621428" lon="14.579081"><ele>0</ele></trkpt>
      <trkpt lat="40.621391" lon="14.579099"><ele>0</ele></trkpt>
      <trkpt lat="40.621348" lon="14.579156"><ele>0</ele></trkpt>
      <trkpt lat="40.621283" lon="14.579254"><ele>0</ele></trkpt>
      <trkpt lat="40.621223" lon="14.579368"><ele>0</ele></trkpt>
      <trkpt lat="40.621185" lon="14.579438"><ele>0</ele></trkpt>
      <trkpt lat="40.621136" lon="14.579471"><ele>0</ele></trkpt>
      <trkpt lat="40.621083" lon="14.579457"><ele>0</ele></trkpt>
      <trkpt lat="40.621041" lon="14.579425"><ele>0</ele></trkpt>
      <trkpt lat="40.620995" lon="14.579368"><ele>0</ele></trkpt>
      <trkpt lat="40.620960" lon="14.579303"><ele>0</ele></trkpt>
      <trkpt lat="40.620907" lon="14.579204"><ele>0</ele></trkpt>
      <trkpt lat="40.620837" lon="14.579072"><ele>0</ele></trkpt>
      <trkpt lat="40.620789" lon="14.578983"><ele>0</ele></trkpt>
      <trkpt lat="40.620658" lon="14.578747"><ele>0</ele></trkpt>
      <trkpt lat="40.620426" lon="14.578407"><ele>0</ele></trkpt>
      <trkpt lat="40.620223" lon="14.578153"><ele>0</ele></trkpt>
      <trkpt lat="40.620138" lon="14.578052"><ele>0</ele></trkpt>
      <trkpt lat="40.619898" lon="14.577717"><ele>0</ele></trkpt>
      <trkpt lat="40.619709" lon="14.577368"><ele>0</ele></trkpt>
      <trkpt lat="40.619564" lon="14.577098"><ele>0</ele></trkpt>
      <trkpt lat="40.619478" lon="14.576788"><ele>0</ele></trkpt>
      <trkpt lat="40.619431" lon="14.576575"><ele>0</ele></trkpt>
      <trkpt lat="40.619393" lon="14.576512"><ele>0</ele></trkpt>
      <trkpt lat="40.619345" lon="14.576456"><ele>0</ele></trkpt>
      <trkpt lat="40.619286" lon="14.576420"><ele>0</ele></trkpt>
      <trkpt lat="40.619186" lon="14.576372"><ele>0</ele></trkpt>
      <trkpt lat="40.619083" lon="14.576319"><ele>0</ele></trkpt>
      <trkpt lat="40.618965" lon="14.576245"><ele>0</ele></trkpt>
      <trkpt lat="40.618747" lon="14.576117"><ele>0</ele></trkpt>
      <trkpt lat="40.618608" lon="14.576036"><ele>0</ele></trkpt>
      <trkpt lat="40.618535" lon="14.576005"><ele>0</ele></trkpt>
      <trkpt lat="40.618475" lon="14.575991"><ele>0</ele></trkpt>
      <trkpt lat="40.618429" lon="14.575992"><ele>0</ele></trkpt>
      <trkpt lat="40.618382" lon="14.576004"><ele>0</ele></trkpt>
      <trkpt lat="40.618334" lon="14.576003"><ele>0</ele></trkpt>
      <trkpt lat="40.618299" lon="14.575988"><ele>0</ele></trkpt>
      <trkpt lat="40.618282" lon="14.575963"><ele>0</ele></trkpt>
      <trkpt lat="40.618272" lon="14.575932"><ele>0</ele></trkpt>
      <trkpt lat="40.618269" lon="14.575867"><ele>0</ele></trkpt>
      <trkpt lat="40.618268" lon="14.575735"><ele>0</ele></trkpt>
      <trkpt lat="40.618266" lon="14.575628"><ele>0</ele></trkpt>
      <trkpt lat="40.618259" lon="14.575531"><ele>0</ele></trkpt>
      <trkpt lat="40.618249" lon="14.575490"><ele>0</ele></trkpt>
      <trkpt lat="40.618233" lon="14.575453"><ele>0</ele></trkpt>
      <trkpt lat="40.618201" lon="14.575406"><ele>0</ele></trkpt>
      <trkpt lat="40.618169" lon="14.575371"><ele>0</ele></trkpt>
      <trkpt lat="40.618077" lon="14.575304"><ele>0</ele></trkpt>
      <trkpt lat="40.617975" lon="14.575228"><ele>0</ele></trkpt>
      <trkpt lat="40.617887" lon="14.575140"><ele>0</ele></trkpt>
      <trkpt lat="40.617777" lon="14.575014"><ele>0</ele></trkpt>
      <trkpt lat="40.617665" lon="14.574882"><ele>0</ele></trkpt>
      <trkpt lat="40.617617" lon="14.574807"><ele>0</ele></trkpt>
      <trkpt lat="40.617552" lon="14.574764"><ele>0</ele></trkpt>
      <trkpt lat="40.617471" lon="14.574769"><ele>0</ele></trkpt>
      <trkpt lat="40.617396" lon="14.574803"><ele>0</ele></trkpt>
      <trkpt lat="40.617314" lon="14.574830"><ele>0</ele></trkpt>
      <trkpt lat="40.617230" lon="14.574844"><ele>0</ele></trkpt>
      <trkpt lat="40.617138" lon="14.574858"><ele>0</ele></trkpt>
      <trkpt lat="40.617033" lon="14.574906"><ele>0</ele></trkpt>
      <trkpt lat="40.616948" lon="14.574987"><ele>0</ele></trkpt>
      <trkpt lat="40.616869" lon="14.575064"><ele>0</ele></trkpt>
      <trkpt lat="40.616778" lon="14.575112"><ele>0</ele></trkpt>
      <trkpt lat="40.616640" lon="14.575189"><ele>0</ele></trkpt>
      <trkpt lat="40.616497" lon="14.575273"><ele>0</ele></trkpt>
      <trkpt lat="40.616346" lon="14.575335"><ele>0</ele></trkpt>
      <trkpt lat="40.616243" lon="14.575358"><ele>0</ele></trkpt>
      <trkpt lat="40.616176" lon="14.575344"><ele>0</ele></trkpt>
      <trkpt lat="40.616097" lon="14.575318"><ele>0</ele></trkpt>
      <trkpt lat="40.616024" lon="14.575295"><ele>0</ele></trkpt>
      <trkpt lat="40.615960" lon="14.575280"><ele>0</ele></trkpt>
      <trkpt lat="40.615854" lon="14.575281"><ele>0</ele></trkpt>
      <trkpt lat="40.615708" lon="14.575301"><ele>0</ele></trkpt>
      <trkpt lat="40.615483" lon="14.575334"><ele>0</ele></trkpt>
      <trkpt lat="40.615401" lon="14.575346"><ele>0</ele></trkpt>
      <trkpt lat="40.615259" lon="14.575379"><ele>0</ele></trkpt>
      <trkpt lat="40.615027" lon="14.575451"><ele>0</ele></trkpt>
      <trkpt lat="40.614948" lon="14.575472"><ele>0</ele></trkpt>
      <trkpt lat="40.614907" lon="14.575482"><ele>0</ele></trkpt>
      <trkpt lat="40.614878" lon="14.575482"><ele>0</ele></trkpt>
      <trkpt lat="40.614821" lon="14.575475"><ele>0</ele></trkpt>
      <trkpt lat="40.614767" lon="14.575463"><ele>0</ele></trkpt>
      <trkpt lat="40.614712" lon="14.575440"><ele>0</ele></trkpt>
      <trkpt lat="40.614678" lon="14.575417"><ele>0</ele></trkpt>
      <trkpt lat="40.614647" lon="14.575385"><ele>0</ele></trkpt>
      <trkpt lat="40.614596" lon="14.575323"><ele>0</ele></trkpt>
      <trkpt lat="40.614486" lon="14.575125"><ele>0</ele></trkpt>
      <trkpt lat="40.614454" lon="14.575066"><ele>0</ele></trkpt>
      <trkpt lat="40.614420" lon="14.574980"><ele>0</ele></trkpt>
      <trkpt lat="40.614395" lon="14.574850"><ele>0</ele></trkpt>
      <trkpt lat="40.614390" lon="14.574652"><ele>0</ele></trkpt>
      <trkpt lat="40.614377" lon="14.574488"><ele>0</ele></trkpt>
      <trkpt lat="40.614357" lon="14.574372"><ele>0</ele></trkpt>
      <trkpt lat="40.614315" lon="14.574279"><ele>0</ele></trkpt>
      <trkpt lat="40.614233" lon="14.574159"><ele>0</ele></trkpt>
      <trkpt lat="40.614058" lon="14.573968"><ele>0</ele></trkpt>
      <trkpt lat="40.613996" lon="14.573866"><ele>0</ele></trkpt>
      <trkpt lat="40.613974" lon="14.573778"><ele>0</ele></trkpt>
      <trkpt lat="40.613976" lon="14.573687"><ele>0</ele></trkpt>
      <trkpt lat="40.614011" lon="14.573577"><ele>0</ele></trkpt>
      <trkpt lat="40.614058" lon="14.573479"><ele>0</ele></trkpt>
      <trkpt lat="40.614097" lon="14.573383"><ele>0</ele></trkpt>
      <trkpt lat="40.614119" lon="14.573297"><ele>0</ele></trkpt>
      <trkpt lat="40.614147" lon="14.573200"><ele>0</ele></trkpt>
      <trkpt lat="40.614185" lon="14.573127"><ele>0</ele></trkpt>
      <trkpt lat="40.614262" lon="14.573040"><ele>0</ele></trkpt>
      <trkpt lat="40.614369" lon="14.572969"><ele>0</ele></trkpt>
      <trkpt lat="40.614446" lon="14.572939"><ele>0</ele></trkpt>
      <trkpt lat="40.614532" lon="14.572932"><ele>0</ele></trkpt>
      <trkpt lat="40.614635" lon="14.572947"><ele>0</ele></trkpt>
      <trkpt lat="40.614856" lon="14.573014"><ele>0</ele></trkpt>
      <trkpt lat="40.615010" lon="14.573073"><ele>0</ele></trkpt>
      <trkpt lat="40.615060" lon="14.573092"><ele>0</ele></trkpt>
      <trkpt lat="40.615103" lon="14.573096"><ele>0</ele></trkpt>
      <trkpt lat="40.615153" lon="14.573077"><ele>0</ele></trkpt>
      <trkpt lat="40.615188" lon="14.573031"><ele>0</ele></trkpt>
      <trkpt lat="40.615448" lon="14.572399"><ele>0</ele></trkpt>
      <trkpt lat="40.615557" lon="14.572158"><ele>0</ele></trkpt>
      <trkpt lat="40.615595" lon="14.572026"><ele>0</ele></trkpt>
      <trkpt lat="40.615617" lon="14.571884"><ele>0</ele></trkpt>
      <trkpt lat="40.615652" lon="14.571487"><ele>0</ele></trkpt>
      <trkpt lat="40.615665" lon="14.571227"><ele>0</ele></trkpt>
      <trkpt lat="40.615674" lon="14.571153"><ele>0</ele></trkpt>
      <trkpt lat="40.615691" lon="14.571080"><ele>0</ele></trkpt>
      <trkpt lat="40.615719" lon="14.570999"><ele>0</ele></trkpt>
      <trkpt lat="40.615761" lon="14.570908"><ele>0</ele></trkpt>
      <trkpt lat="40.615797" lon="14.570845"><ele>0</ele></trkpt>
      <trkpt lat="40.615859" lon="14.570764"><ele>0</ele></trkpt>
      <trkpt lat="40.615957" lon="14.570627"><ele>0</ele></trkpt>
      <trkpt lat="40.616050" lon="14.570513"><ele>0</ele></trkpt>
      <trkpt lat="40.616120" lon="14.570403"><ele>0</ele></trkpt>
      <trkpt lat="40.616145" lon="14.570338"><ele>0</ele></trkpt>
      <trkpt lat="40.616159" lon="14.570274"><ele>0</ele></trkpt>
      <trkpt lat="40.616170" lon="14.570200"><ele>0</ele></trkpt>
      <trkpt lat="40.616176" lon="14.570137"><ele>0</ele></trkpt>
      <trkpt lat="40.616183" lon="14.570059"><ele>0</ele></trkpt>
      <trkpt lat="40.616190" lon="14.569966"><ele>0</ele></trkpt>
      <trkpt lat="40.616187" lon="14.569889"><ele>0</ele></trkpt>
      <trkpt lat="40.616174" lon="14.569795"><ele>0</ele></trkpt>
      <trkpt lat="40.616136" lon="14.569665"><ele>0</ele></trkpt>
      <trkpt lat="40.615942" lon="14.569120"><ele>0</ele></trkpt>
      <trkpt lat="40.615883" lon="14.568946"><ele>0</ele></trkpt>
      <trkpt lat="40.615873" lon="14.568898"><ele>0</ele></trkpt>
      <trkpt lat="40.615870" lon="14.568847"><ele>0</ele></trkpt>
      <trkpt lat="40.615879" lon="14.568782"><ele>0</ele></trkpt>
      <trkpt lat="40.615899" lon="14.568676"><ele>0</ele></trkpt>
      <trkpt lat="40.615923" lon="14.568565"><ele>0</ele></trkpt>
      <trkpt lat="40.615938" lon="14.568478"><ele>0</ele></trkpt>
      <trkpt lat="40.615940" lon="14.568405"><ele>0</ele></trkpt>
      <trkpt lat="40.615923" lon="14.568342"><ele>0</ele></trkpt>
      <trkpt lat="40.615881" lon="14.568282"><ele>0</ele></trkpt>
      <trkpt lat="40.615842" lon="14.568261"><ele>0</ele></trkpt>
      <trkpt lat="40.615801" lon="14.568252"><ele>0</ele></trkpt>
      <trkpt lat="40.615715" lon="14.568248"><ele>0</ele></trkpt>
      <trkpt lat="40.615634" lon="14.568236"><ele>0</ele></trkpt>
      <trkpt lat="40.615591" lon="14.568225"><ele>0</ele></trkpt>
      <trkpt lat="40.615537" lon="14.568192"><ele>0</ele></trkpt>
      <trkpt lat="40.615497" lon="14.568160"><ele>0</ele></trkpt>
      <trkpt lat="40.615423" lon="14.568122"><ele>0</ele></trkpt>
      <trkpt lat="40.615374" lon="14.568090"><ele>0</ele></trkpt>
      <trkpt lat="40.615352" lon="14.568047"><ele>0</ele></trkpt>
      <trkpt lat="40.615339" lon="14.568008"><ele>0</ele></trkpt>
      <trkpt lat="40.615336" lon="14.567963"><ele>0</ele></trkpt>
      <trkpt lat="40.615345" lon="14.567909"><ele>0</ele></trkpt>
      <trkpt lat="40.615356" lon="14.567875"><ele>0</ele></trkpt>
      <trkpt lat="40.615382" lon="14.567812"><ele>0</ele></trkpt>
      <trkpt lat="40.615455" lon="14.567676"><ele>0</ele></trkpt>
      <trkpt lat="40.615518" lon="14.567581"><ele>0</ele></trkpt>
      <trkpt lat="40.615552" lon="14.567507"><ele>0</ele></trkpt>
      <trkpt lat="40.615569" lon="14.567439"><ele>0</ele></trkpt>
      <trkpt lat="40.615581" lon="14.567352"><ele>0</ele></trkpt>
      <trkpt lat="40.615587" lon="14.567281"><ele>0</ele></trkpt>
      <trkpt lat="40.615577" lon="14.567221"><ele>0</ele></trkpt>
      <trkpt lat="40.615551" lon="14.567181"><ele>0</ele></trkpt>
      <trkpt lat="40.615511" lon="14.567157"><ele>0</ele></trkpt>
      <trkpt lat="40.615427" lon="14.567115"><ele>0</ele></trkpt>
      <trkpt lat="40.615273" lon="14.567016"><ele>0</ele></trkpt>
      <trkpt lat="40.615107" lon="14.566900"><ele>0</ele></trkpt>
      <trkpt lat="40.615040" lon="14.566855"><ele>0</ele></trkpt>
      <trkpt lat="40.614896" lon="14.566755"><ele>0</ele></trkpt>
      <trkpt lat="40.614839" lon="14.566702"><ele>0</ele></trkpt>
      <trkpt lat="40.614826" lon="14.566670"><ele>0</ele></trkpt>
      <trkpt lat="40.614818" lon="14.566627"><ele>0</ele></trkpt>
      <trkpt lat="40.614828" lon="14.566565"><ele>0</ele></trkpt>
      <trkpt lat="40.614853" lon="14.566488"><ele>0</ele></trkpt>
      <trkpt lat="40.614928" lon="14.566343"><ele>0</ele></trkpt>
      <trkpt lat="40.614986" lon="14.566242"><ele>0</ele></trkpt>
      <trkpt lat="40.615024" lon="14.566188"><ele>0</ele></trkpt>
      <trkpt lat="40.615058" lon="14.566155"><ele>0</ele></trkpt>
      <trkpt lat="40.615095" lon="14.566123"><ele>0</ele></trkpt>
      <trkpt lat="40.615175" lon="14.566088"><ele>0</ele></trkpt>
      <trkpt lat="40.615257" lon="14.566058"><ele>0</ele></trkpt>
      <trkpt lat="40.615282" lon="14.566048"><ele>0</ele></trkpt>
      <trkpt lat="40.615313" lon="14.566026"><ele>0</ele></trkpt>
      <trkpt lat="40.615343" lon="14.566002"><ele>0</ele></trkpt>
      <trkpt lat="40.615367" lon="14.565975"><ele>0</ele></trkpt>
      <trkpt lat="40.615399" lon="14.565910"><ele>0</ele></trkpt>
      <trkpt lat="40.615430" lon="14.565824"><ele>0</ele></trkpt>
      <trkpt lat="40.615486" lon="14.565653"><ele>0</ele></trkpt>
      <trkpt lat="40.615525" lon="14.565540"><ele>0</ele></trkpt>
      <trkpt lat="40.615545" lon="14.565476"><ele>0</ele></trkpt>
      <trkpt lat="40.615570" lon="14.565427"><ele>0</ele></trkpt>
      <trkpt lat="40.615609" lon="14.565373"><ele>0</ele></trkpt>
      <trkpt lat="40.615650" lon="14.565327"><ele>0</ele></trkpt>
      <trkpt lat="40.615694" lon="14.565293"><ele>0</ele></trkpt>
      <trkpt lat="40.615791" lon="14.565217"><ele>0</ele></trkpt>
      <trkpt lat="40.615847" lon="14.565169"><ele>0</ele></trkpt>
      <trkpt lat="40.615883" lon="14.565133"><ele>0</ele></trkpt>
      <trkpt lat="40.615911" lon="14.565100"><ele>0</ele></trkpt>
      <trkpt lat="40.615986" lon="14.565008"><ele>0</ele></trkpt>
      <trkpt lat="40.616013" lon="14.564971"><ele>0</ele></trkpt>
      <trkpt lat="40.616048" lon="14.564918"><ele>0</ele></trkpt>
      <trkpt lat="40.616085" lon="14.564856"><ele>0</ele></trkpt>
      <trkpt lat="40.616104" lon="14.564819"><ele>0</ele></trkpt>
      <trkpt lat="40.616124" lon="14.564779"><ele>0</ele></trkpt>
      <trkpt lat="40.616144" lon="14.564731"><ele>0</ele></trkpt>
      <trkpt lat="40.616149" lon="14.564714"><ele>0</ele></trkpt>
      <trkpt lat="40.616154" lon="14.564688"><ele>0</ele></trkpt>
      <trkpt lat="40.616153" lon="14.564669"><ele>0</ele></trkpt>
      <trkpt lat="40.616150" lon="14.564647"><ele>0</ele></trkpt>
      <trkpt lat="40.616143" lon="14.564623"><ele>0</ele></trkpt>
      <trkpt lat="40.616133" lon="14.564602"><ele>0</ele></trkpt>
      <trkpt lat="40.616121" lon="14.564579"><ele>0</ele></trkpt>
      <trkpt lat="40.616103" lon="14.564549"><ele>0</ele></trkpt>
      <trkpt lat="40.615892" lon="14.564235"><ele>0</ele></trkpt>
      <trkpt lat="40.615874" lon="14.564207"><ele>0</ele></trkpt>
      <trkpt lat="40.615863" lon="14.564176"><ele>0</ele></trkpt>
      <trkpt lat="40.615856" lon="14.564134"><ele>0</ele></trkpt>
      <trkpt lat="40.615858" lon="14.564084"><ele>0</ele></trkpt>
      <trkpt lat="40.615862" lon="14.564029"><ele>0</ele></trkpt>
      <trkpt lat="40.615869" lon="14.563954"><ele>0</ele></trkpt>
      <trkpt lat="40.615879" lon="14.563876"><ele>0</ele></trkpt>
      <trkpt lat="40.615886" lon="14.563802"><ele>0</ele></trkpt>
      <trkpt lat="40.615892" lon="14.563733"><ele>0</ele></trkpt>
      <trkpt lat="40.615888" lon="14.563663"><ele>0</ele></trkpt>
      <trkpt lat="40.615876" lon="14.563599"><ele>0</ele></trkpt>
      <trkpt lat="40.615785" lon="14.563375"><ele>0</ele></trkpt>
      <trkpt lat="40.615750" lon="14.563291"><ele>0</ele></trkpt>
      <trkpt lat="40.615712" lon="14.563185"><ele>0</ele></trkpt>
      <trkpt lat="40.615684" lon="14.563089"><ele>0</ele></trkpt>
      <trkpt lat="40.615654" lon="14.562964"><ele>0</ele></trkpt>
      <trkpt lat="40.615612" lon="14.562787"><ele>0</ele></trkpt>
      <trkpt lat="40.615572" lon="14.562603"><ele>0</ele></trkpt>
      <trkpt lat="40.615542" lon="14.562502"><ele>0</ele></trkpt>
      <trkpt lat="40.615517" lon="14.562431"><ele>0</ele></trkpt>
      <trkpt lat="40.615492" lon="14.562378"><ele>0</ele></trkpt>
      <trkpt lat="40.615472" lon="14.562347"><ele>0</ele></trkpt>
      <trkpt lat="40.615451" lon="14.562321"><ele>0</ele></trkpt>
      <trkpt lat="40.615423" lon="14.562289"><ele>0</ele></trkpt>
      <trkpt lat="40.615169" lon="14.562060"><ele>0</ele></trkpt>
      <trkpt lat="40.615055" lon="14.561945"><ele>0</ele></trkpt>
      <trkpt lat="40.614967" lon="14.561846"><ele>0</ele></trkpt>
      <trkpt lat="40.614911" lon="14.561792"><ele>0</ele></trkpt>
      <trkpt lat="40.614870" lon="14.561744"><ele>0</ele></trkpt>
      <trkpt lat="40.614842" lon="14.561686"><ele>0</ele></trkpt>
      <trkpt lat="40.614828" lon="14.561609"><ele>0</ele></trkpt>
      <trkpt lat="40.614832" lon="14.561564"><ele>0</ele></trkpt>
      <trkpt lat="40.614845" lon="14.561513"><ele>0</ele></trkpt>
      <trkpt lat="40.614872" lon="14.561448"><ele>0</ele></trkpt>
      <trkpt lat="40.614911" lon="14.561341"><ele>0</ele></trkpt>
      <trkpt lat="40.615005" lon="14.561122"><ele>0</ele></trkpt>
      <trkpt lat="40.615041" lon="14.561044"><ele>0</ele></trkpt>
      <trkpt lat="40.615084" lon="14.560988"><ele>0</ele></trkpt>
      <trkpt lat="40.615157" lon="14.560907"><ele>0</ele></trkpt>
      <trkpt lat="40.615212" lon="14.560815"><ele>0</ele></trkpt>
      <trkpt lat="40.615264" lon="14.560714"><ele>0</ele></trkpt>
      <trkpt lat="40.615311" lon="14.560613"><ele>0</ele></trkpt>
      <trkpt lat="40.615370" lon="14.560467"><ele>0</ele></trkpt>
      <trkpt lat="40.615410" lon="14.560300"><ele>0</ele></trkpt>
      <trkpt lat="40.615430" lon="14.560191"><ele>0</ele></trkpt>
      <trkpt lat="40.615443" lon="14.560101"><ele>0</ele></trkpt>
      <trkpt lat="40.615450" lon="14.560026"><ele>0</ele></trkpt>
      <trkpt lat="40.615455" lon="14.559923"><ele>0</ele></trkpt>
      <trkpt lat="40.615450" lon="14.559821"><ele>0</ele></trkpt>
      <trkpt lat="40.615434" lon="14.559725"><ele>0</ele></trkpt>
      <trkpt lat="40.615410" lon="14.559636"><ele>0</ele></trkpt>
      <trkpt lat="40.615117" lon="14.558598"><ele>0</ele></trkpt>
      <trkpt lat="40.615036" lon="14.558314"><ele>0</ele></trkpt>
      <trkpt lat="40.614881" lon="14.557761"><ele>0</ele></trkpt>
      <trkpt lat="40.614810" lon="14.557539"><ele>0</ele></trkpt>
      <trkpt lat="40.614774" lon="14.557437"><ele>0</ele></trkpt>
      <trkpt lat="40.614500" lon="14.556776"><ele>0</ele></trkpt>
      <trkpt lat="40.614385" lon="14.556521"><ele>0</ele></trkpt>
      <trkpt lat="40.614135" lon="14.556068"><ele>0</ele></trkpt>
      <trkpt lat="40.613950" lon="14.555730"><ele>0</ele></trkpt>
      <trkpt lat="40.613868" lon="14.555575"><ele>0</ele></trkpt>
      <trkpt lat="40.613794" lon="14.555430"><ele>0</ele></trkpt>
      <trkpt lat="40.613755" lon="14.555327"><ele>0</ele></trkpt>
      <trkpt lat="40.613741" lon="14.555269"><ele>0</ele></trkpt>
      <trkpt lat="40.613738" lon="14.555217"><ele>0</ele></trkpt>
      <trkpt lat="40.613742" lon="14.555138"><ele>0</ele></trkpt>
      <trkpt lat="40.613750" lon="14.555038"><ele>0</ele></trkpt>
      <trkpt lat="40.613766" lon="14.554932"><ele>0</ele></trkpt>
      <trkpt lat="40.613780" lon="14.554862"><ele>0</ele></trkpt>
      <trkpt lat="40.613805" lon="14.554793"><ele>0</ele></trkpt>
      <trkpt lat="40.613849" lon="14.554697"><ele>0</ele></trkpt>
      <trkpt lat="40.613903" lon="14.554593"><ele>0</ele></trkpt>
      <trkpt lat="40.613921" lon="14.554562"><ele>0</ele></trkpt>
      <trkpt lat="40.613938" lon="14.554523"><ele>0</ele></trkpt>
      <trkpt lat="40.613945" lon="14.554491"><ele>0</ele></trkpt>
      <trkpt lat="40.613950" lon="14.554451"><ele>0</ele></trkpt>
      <trkpt lat="40.613953" lon="14.554401"><ele>0</ele></trkpt>
      <trkpt lat="40.613957" lon="14.554348"><ele>0</ele></trkpt>
      <trkpt lat="40.613959" lon="14.554260"><ele>0</ele></trkpt>
      <trkpt lat="40.613959" lon="14.554088"><ele>0</ele></trkpt>
      <trkpt lat="40.613961" lon="14.553932"><ele>0</ele></trkpt>
      <trkpt lat="40.613961" lon="14.553781"><ele>0</ele></trkpt>
      <trkpt lat="40.613959" lon="14.553712"><ele>0</ele></trkpt>
      <trkpt lat="40.613952" lon="14.553657"><ele>0</ele></trkpt>
      <trkpt lat="40.613945" lon="14.553615"><ele>0</ele></trkpt>
      <trkpt lat="40.613936" lon="14.553577"><ele>0</ele></trkpt>
      <trkpt lat="40.613914" lon="14.553491"><ele>0</ele></trkpt>
      <trkpt lat="40.613874" lon="14.553343"><ele>0</ele></trkpt>
      <trkpt lat="40.613848" lon="14.553248"><ele>0</ele></trkpt>
      <trkpt lat="40.613841" lon="14.553210"><ele>0</ele></trkpt>
      <trkpt lat="40.613839" lon="14.553175"><ele>0</ele></trkpt>
      <trkpt lat="40.613842" lon="14.553133"><ele>0</ele></trkpt>
      <trkpt lat="40.613851" lon="14.553088"><ele>0</ele></trkpt>
      <trkpt lat="40.613870" lon="14.553052"><ele>0</ele></trkpt>
      <trkpt lat="40.613889" lon="14.553024"><ele>0</ele></trkpt>
      <trkpt lat="40.613913" lon="14.553001"><ele>0</ele></trkpt>
      <trkpt lat="40.613933" lon="14.552988"><ele>0</ele></trkpt>
      <trkpt lat="40.613984" lon="14.552972"><ele>0</ele></trkpt>
      <trkpt lat="40.614065" lon="14.552957"><ele>0</ele></trkpt>
      <trkpt lat="40.614089" lon="14.552944"><ele>0</ele></trkpt>
      <trkpt lat="40.614118" lon="14.552922"><ele>0</ele></trkpt>
      <trkpt lat="40.614139" lon="14.552900"><ele>0</ele></trkpt>
      <trkpt lat="40.614153" lon="14.552880"><ele>0</ele></trkpt>
      <trkpt lat="40.614168" lon="14.552849"><ele>0</ele></trkpt>
      <trkpt lat="40.614175" lon="14.552819"><ele>0</ele></trkpt>
      <trkpt lat="40.614180" lon="14.552792"><ele>0</ele></trkpt>
      <trkpt lat="40.614186" lon="14.552717"><ele>0</ele></trkpt>
      <trkpt lat="40.614197" lon="14.552616"><ele>0</ele></trkpt>
      <trkpt lat="40.614211" lon="14.552519"><ele>0</ele></trkpt>
      <trkpt lat="40.614222" lon="14.552436"><ele>0</ele></trkpt>
      <trkpt lat="40.614225" lon="14.552368"><ele>0</ele></trkpt>
      <trkpt lat="40.614223" lon="14.552314"><ele>0</ele></trkpt>
      <trkpt lat="40.614215" lon="14.552251"><ele>0</ele></trkpt>
      <trkpt lat="40.614196" lon="14.552161"><ele>0</ele></trkpt>
      <trkpt lat="40.614179" lon="14.552063"><ele>0</ele></trkpt>
      <trkpt lat="40.614174" lon="14.551975"><ele>0</ele></trkpt>
      <trkpt lat="40.614170" lon="14.551866"><ele>0</ele></trkpt>
      <trkpt lat="40.614165" lon="14.551807"><ele>0</ele></trkpt>
      <trkpt lat="40.614162" lon="14.551760"><ele>0</ele></trkpt>
      <trkpt lat="40.614154" lon="14.551724"><ele>0</ele></trkpt>
      <trkpt lat="40.614138" lon="14.551691"><ele>0</ele></trkpt>
      <trkpt lat="40.614111" lon="14.551628"><ele>0</ele></trkpt>
      <trkpt lat="40.614096" lon="14.551600"><ele>0</ele></trkpt>
      <trkpt lat="40.614084" lon="14.551573"><ele>0</ele></trkpt>
      <trkpt lat="40.614072" lon="14.551523"><ele>0</ele></trkpt>
      <trkpt lat="40.614075" lon="14.551450"><ele>0</ele></trkpt>
      <trkpt lat="40.614095" lon="14.551300"><ele>0</ele></trkpt>
      <trkpt lat="40.614106" lon="14.551227"><ele>0</ele></trkpt>
      <trkpt lat="40.614133" lon="14.551043"><ele>0</ele></trkpt>
      <trkpt lat="40.614147" lon="14.550941"><ele>0</ele></trkpt>
      <trkpt lat="40.614157" lon="14.550893"><ele>0</ele></trkpt>
      <trkpt lat="40.614175" lon="14.550849"><ele>0</ele></trkpt>
      <trkpt lat="40.614200" lon="14.550796"><ele>0</ele></trkpt>
      <trkpt lat="40.614230" lon="14.550757"><ele>0</ele></trkpt>
      <trkpt lat="40.614258" lon="14.550723"><ele>0</ele></trkpt>
      <trkpt lat="40.614277" lon="14.550669"><ele>0</ele></trkpt>
      <trkpt lat="40.614312" lon="14.550564"><ele>0</ele></trkpt>
      <trkpt lat="40.614346" lon="14.550448"><ele>0</ele></trkpt>
      <trkpt lat="40.614355" lon="14.550392"><ele>0</ele></trkpt>
      <trkpt lat="40.614353" lon="14.550323"><ele>0</ele></trkpt>
      <trkpt lat="40.614340" lon="14.550269"><ele>0</ele></trkpt>
      <trkpt lat="40.614331" lon="14.550239"><ele>0</ele></trkpt>
      <trkpt lat="40.614308" lon="14.550203"><ele>0</ele></trkpt>
      <trkpt lat="40.614244" lon="14.550146"><ele>0</ele></trkpt>
      <trkpt lat="40.614181" lon="14.550072"><ele>0</ele></trkpt>
      <trkpt lat="40.614156" lon="14.550030"><ele>0</ele></trkpt>
      <trkpt lat="40.614140" lon="14.549973"><ele>0</ele></trkpt>
      <trkpt lat="40.614139" lon="14.549932"><ele>0</ele></trkpt>
      <trkpt lat="40.614155" lon="14.549847"><ele>0</ele></trkpt>
      <trkpt lat="40.614204" lon="14.549718"><ele>0</ele></trkpt>
      <trkpt lat="40.614239" lon="14.549557"><ele>0</ele></trkpt>
      <trkpt lat="40.614266" lon="14.549378"><ele>0</ele></trkpt>
      <trkpt lat="40.614276" lon="14.549311"><ele>0</ele></trkpt>
      <trkpt lat="40.614274" lon="14.549256"><ele>0</ele></trkpt>
      <trkpt lat="40.614267" lon="14.549206"><ele>0</ele></trkpt>
      <trkpt lat="40.614255" lon="14.549163"><ele>0</ele></trkpt>
      <trkpt lat="40.614243" lon="14.549104"><ele>0</ele></trkpt>
      <trkpt lat="40.614246" lon="14.549049"><ele>0</ele></trkpt>
      <trkpt lat="40.614265" lon="14.548963"><ele>0</ele></trkpt>
      <trkpt lat="40.614299" lon="14.548855"><ele>0</ele></trkpt>
      <trkpt lat="40.614389" lon="14.548607"><ele>0</ele></trkpt>
      <trkpt lat="40.614430" lon="14.548515"><ele>0</ele></trkpt>
      <trkpt lat="40.614477" lon="14.548406"><ele>0</ele></trkpt>
      <trkpt lat="40.614506" lon="14.548334"><ele>0</ele></trkpt>
      <trkpt lat="40.614522" lon="14.548251"><ele>0</ele></trkpt>
      <trkpt lat="40.614529" lon="14.548134"><ele>0</ele></trkpt>
      <trkpt lat="40.614533" lon="14.548050"><ele>0</ele></trkpt>
      <trkpt lat="40.614540" lon="14.547966"><ele>0</ele></trkpt>
      <trkpt lat="40.614561" lon="14.547865"><ele>0</ele></trkpt>
      <trkpt lat="40.614597" lon="14.547738"><ele>0</ele></trkpt>
      <trkpt lat="40.614631" lon="14.547620"><ele>0</ele></trkpt>
      <trkpt lat="40.614639" lon="14.547535"><ele>0</ele></trkpt>
      <trkpt lat="40.614627" lon="14.547426"><ele>0</ele></trkpt>
      <trkpt lat="40.614597" lon="14.547218"><ele>0</ele></trkpt>
      <trkpt lat="40.614582" lon="14.547093"><ele>0</ele></trkpt>
      <trkpt lat="40.614572" lon="14.547027"><ele>0</ele></trkpt>
      <trkpt lat="40.614545" lon="14.546927"><ele>0</ele></trkpt>
      <trkpt lat="40.614494" lon="14.546808"><ele>0</ele></trkpt>
      <trkpt lat="40.614429" lon="14.546641"><ele>0</ele></trkpt>
      <trkpt lat="40.614390" lon="14.546510"><ele>0</ele></trkpt>
      <trkpt lat="40.614352" lon="14.546282"><ele>0</ele></trkpt>
      <trkpt lat="40.614328" lon="14.546086"><ele>0</ele></trkpt>
      <trkpt lat="40.614335" lon="14.546006"><ele>0</ele></trkpt>
      <trkpt lat="40.614347" lon="14.545924"><ele>0</ele></trkpt>
      <trkpt lat="40.614366" lon="14.545853"><ele>0</ele></trkpt>
      <trkpt lat="40.614425" lon="14.545784"><ele>0</ele></trkpt>
      <trkpt lat="40.614490" lon="14.545713"><ele>0</ele></trkpt>
      <trkpt lat="40.614540" lon="14.545630"><ele>0</ele></trkpt>
      <trkpt lat="40.614632" lon="14.545411"><ele>0</ele></trkpt>
      <trkpt lat="40.614689" lon="14.545309"><ele>0</ele></trkpt>
      <trkpt lat="40.614725" lon="14.545201"><ele>0</ele></trkpt>
      <trkpt lat="40.614749" lon="14.545115"><ele>0</ele></trkpt>
      <trkpt lat="40.614757" lon="14.545034"><ele>0</ele></trkpt>
      <trkpt lat="40.614747" lon="14.544942"><ele>0</ele></trkpt>
      <trkpt lat="40.614725" lon="14.544884"><ele>0</ele></trkpt>
      <trkpt lat="40.614675" lon="14.544820"><ele>0</ele></trkpt>
      <trkpt lat="40.614483" lon="14.544663"><ele>0</ele></trkpt>
      <trkpt lat="40.614312" lon="14.544511"><ele>0</ele></trkpt>
      <trkpt lat="40.614252" lon="14.544462"><ele>0</ele></trkpt>
      <trkpt lat="40.614210" lon="14.544398"><ele>0</ele></trkpt>
      <trkpt lat="40.614196" lon="14.544335"><ele>0</ele></trkpt>
      <trkpt lat="40.614202" lon="14.544272"><ele>0</ele></trkpt>
      <trkpt lat="40.614236" lon="14.544196"><ele>0</ele></trkpt>
      <trkpt lat="40.614279" lon="14.544069"><ele>0</ele></trkpt>
      <trkpt lat="40.614289" lon="14.543998"><ele>0</ele></trkpt>
      <trkpt lat="40.614297" lon="14.543902"><ele>0</ele></trkpt>
      <trkpt lat="40.614313" lon="14.543827"><ele>0</ele></trkpt>
      <trkpt lat="40.614338" lon="14.543764"><ele>0</ele></trkpt>
      <trkpt lat="40.614400" lon="14.543654"><ele>0</ele></trkpt>
      <trkpt lat="40.614530" lon="14.543406"><ele>0</ele></trkpt>
      <trkpt lat="40.614599" lon="14.543282"><ele>0</ele></trkpt>
      <trkpt lat="40.614649" lon="14.543214"><ele>0</ele></trkpt>
      <trkpt lat="40.614726" lon="14.543120"><ele>0</ele></trkpt>
      <trkpt lat="40.614789" lon="14.543032"><ele>0</ele></trkpt>
      <trkpt lat="40.614813" lon="14.542987"><ele>0</ele></trkpt>
      <trkpt lat="40.614842" lon="14.542920"><ele>0</ele></trkpt>
      <trkpt lat="40.614857" lon="14.542860"><ele>0</ele></trkpt>
      <trkpt lat="40.614848" lon="14.542805"><ele>0</ele></trkpt>
      <trkpt lat="40.614822" lon="14.542740"><ele>0</ele></trkpt>
      <trkpt lat="40.614780" lon="14.542701"><ele>0</ele></trkpt>
      <trkpt lat="40.614625" lon="14.542600"><ele>0</ele></trkpt>
      <trkpt lat="40.614442" lon="14.542472"><ele>0</ele></trkpt>
      <trkpt lat="40.614333" lon="14.542372"><ele>0</ele></trkpt>
      <trkpt lat="40.614200" lon="14.542228"><ele>0</ele></trkpt>
      <trkpt lat="40.614024" lon="14.542045"><ele>0</ele></trkpt>
      <trkpt lat="40.613988" lon="14.541989"><ele>0</ele></trkpt>
      <trkpt lat="40.613955" lon="14.541943"><ele>0</ele></trkpt>
      <trkpt lat="40.613941" lon="14.541893"><ele>0</ele></trkpt>
      <trkpt lat="40.613946" lon="14.541833"><ele>0</ele></trkpt>
      <trkpt lat="40.613959" lon="14.541770"><ele>0</ele></trkpt>
      <trkpt lat="40.613966" lon="14.541704"><ele>0</ele></trkpt>
      <trkpt lat="40.613959" lon="14.541635"><ele>0</ele></trkpt>
      <trkpt lat="40.613922" lon="14.541535"><ele>0</ele></trkpt>
      <trkpt lat="40.613878" lon="14.541427"><ele>0</ele></trkpt>
      <trkpt lat="40.613854" lon="14.541337"><ele>0</ele></trkpt>
      <trkpt lat="40.613846" lon="14.541273"><ele>0</ele></trkpt>
      <trkpt lat="40.613839" lon="14.541196"><ele>0</ele></trkpt>
      <trkpt lat="40.613845" lon="14.541139"><ele>0</ele></trkpt>
      <trkpt lat="40.613877" lon="14.540982"><ele>0</ele></trkpt>
      <trkpt lat="40.613885" lon="14.540899"><ele>0</ele></trkpt>
      <trkpt lat="40.613876" lon="14.540815"><ele>0</ele></trkpt>
      <trkpt lat="40.613843" lon="14.540722"><ele>0</ele></trkpt>
      <trkpt lat="40.613815" lon="14.540663"><ele>0</ele></trkpt>
      <trkpt lat="40.613754" lon="14.540530"><ele>0</ele></trkpt>
      <trkpt lat="40.613696" lon="14.540385"><ele>0</ele></trkpt>
      <trkpt lat="40.613667" lon="14.540301"><ele>0</ele></trkpt>
      <trkpt lat="40.613653" lon="14.540197"><ele>0</ele></trkpt>
      <trkpt lat="40.613642" lon="14.540069"><ele>0</ele></trkpt>
      <trkpt lat="40.613654" lon="14.539959"><ele>0</ele></trkpt>
      <trkpt lat="40.613665" lon="14.539884"><ele>0</ele></trkpt>
      <trkpt lat="40.613688" lon="14.539809"><ele>0</ele></trkpt>
      <trkpt lat="40.613736" lon="14.539735"><ele>0</ele></trkpt>
      <trkpt lat="40.613770" lon="14.539717"><ele>0</ele></trkpt>
      <trkpt lat="40.613828" lon="14.539698"><ele>0</ele></trkpt>
      <trkpt lat="40.613901" lon="14.539705"><ele>0</ele></trkpt>
      <trkpt lat="40.614017" lon="14.539678"><ele>0</ele></trkpt>
      <trkpt lat="40.614062" lon="14.539670"><ele>0</ele></trkpt>
      <trkpt lat="40.614163" lon="14.539647"><ele>0</ele></trkpt>
      <trkpt lat="40.614465" lon="14.539565"><ele>0</ele></trkpt>
      <trkpt lat="40.614605" lon="14.539521"><ele>0</ele></trkpt>
      <trkpt lat="40.614654" lon="14.539497"><ele>0</ele></trkpt>
      <trkpt lat="40.614713" lon="14.539437"><ele>0</ele></trkpt>
      <trkpt lat="40.614734" lon="14.539389"><ele>0</ele></trkpt>
      <trkpt lat="40.614751" lon="14.539320"><ele>0</ele></trkpt>
      <trkpt lat="40.614761" lon="14.539247"><ele>0</ele></trkpt>
      <trkpt lat="40.614787" lon="14.539193"><ele>0</ele></trkpt>
      <trkpt lat="40.614838" lon="14.539147"><ele>0</ele></trkpt>
      <trkpt lat="40.614933" lon="14.539103"><ele>0</ele></trkpt>
      <trkpt lat="40.614988" lon="14.539066"><ele>0</ele></trkpt>
      <trkpt lat="40.615013" lon="14.539029"><ele>0</ele></trkpt>
      <trkpt lat="40.615022" lon="14.538978"><ele>0</ele></trkpt>
      <trkpt lat="40.615018" lon="14.538916"><ele>0</ele></trkpt>
      <trkpt lat="40.614994" lon="14.538864"><ele>0</ele></trkpt>
      <trkpt lat="40.614914" lon="14.538755"><ele>0</ele></trkpt>
      <trkpt lat="40.614837" lon="14.538655"><ele>0</ele></trkpt>
      <trkpt lat="40.614758" lon="14.538578"><ele>0</ele></trkpt>
      <trkpt lat="40.614708" lon="14.538533"><ele>0</ele></trkpt>
      <trkpt lat="40.614656" lon="14.538503"><ele>0</ele></trkpt>
      <trkpt lat="40.614609" lon="14.538499"><ele>0</ele></trkpt>
      <trkpt lat="40.614526" lon="14.538516"><ele>0</ele></trkpt>
      <trkpt lat="40.614485" lon="14.538518"><ele>0</ele></trkpt>
      <trkpt lat="40.614435" lon="14.538502"><ele>0</ele></trkpt>
      <trkpt lat="40.614192" lon="14.538387"><ele>0</ele></trkpt>
      <trkpt lat="40.613644" lon="14.538110"><ele>0</ele></trkpt>
      <trkpt lat="40.613536" lon="14.538045"><ele>0</ele></trkpt>
      <trkpt lat="40.613444" lon="14.537993"><ele>0</ele></trkpt>
      <trkpt lat="40.613365" lon="14.537952"><ele>0</ele></trkpt>
      <trkpt lat="40.613242" lon="14.537903"><ele>0</ele></trkpt>
      <trkpt lat="40.613083" lon="14.537857"><ele>0</ele></trkpt>
      <trkpt lat="40.612945" lon="14.537825"><ele>0</ele></trkpt>
      <trkpt lat="40.612859" lon="14.537809"><ele>0</ele></trkpt>
      <trkpt lat="40.612782" lon="14.537824"><ele>0</ele></trkpt>
      <trkpt lat="40.612712" lon="14.537859"><ele>0</ele></trkpt>
      <trkpt lat="40.612652" lon="14.537896"><ele>0</ele></trkpt>
      <trkpt lat="40.612622" lon="14.537915"><ele>0</ele></trkpt>
      <trkpt lat="40.612561" lon="14.537916"><ele>0</ele></trkpt>
      <trkpt lat="40.612516" lon="14.537901"><ele>0</ele></trkpt>
      <trkpt lat="40.612439" lon="14.537848"><ele>0</ele></trkpt>
      <trkpt lat="40.612267" lon="14.537662"><ele>0</ele></trkpt>
      <trkpt lat="40.612184" lon="14.537582"><ele>0</ele></trkpt>
      <trkpt lat="40.612121" lon="14.537541"><ele>0</ele></trkpt>
      <trkpt lat="40.612004" lon="14.537496"><ele>0</ele></trkpt>
      <trkpt lat="40.611856" lon="14.537434"><ele>0</ele></trkpt>
      <trkpt lat="40.611816" lon="14.537407"><ele>0</ele></trkpt>
      <trkpt lat="40.611793" lon="14.537374"><ele>0</ele></trkpt>
      <trkpt lat="40.611785" lon="14.537361"><ele>0</ele></trkpt>
      <trkpt lat="40.611759" lon="14.537308"><ele>0</ele></trkpt>
      <trkpt lat="40.611698" lon="14.537109"><ele>0</ele></trkpt>
      <trkpt lat="40.611620" lon="14.536799"><ele>0</ele></trkpt>
      <trkpt lat="40.611550" lon="14.536538"><ele>0</ele></trkpt>
      <trkpt lat="40.611540" lon="14.536495"><ele>0</ele></trkpt>
      <trkpt lat="40.611467" lon="14.536192"><ele>0</ele></trkpt>
      <trkpt lat="40.611441" lon="14.536091"><ele>0</ele></trkpt>
      <trkpt lat="40.611440" lon="14.536041"><ele>0</ele></trkpt>
      <trkpt lat="40.611444" lon="14.535969"><ele>0</ele></trkpt>
      <trkpt lat="40.611449" lon="14.535893"><ele>0</ele></trkpt>
      <trkpt lat="40.611448" lon="14.535795"><ele>0</ele></trkpt>
      <trkpt lat="40.611429" lon="14.535663"><ele>0</ele></trkpt>
      <trkpt lat="40.611385" lon="14.535480"><ele>0</ele></trkpt>
      <trkpt lat="40.611310" lon="14.535188"><ele>0</ele></trkpt>
      <trkpt lat="40.611268" lon="14.534984"><ele>0</ele></trkpt>
      <trkpt lat="40.611238" lon="14.534827"><ele>0</ele></trkpt>
      <trkpt lat="40.611215" lon="14.534729"><ele>0</ele></trkpt>
      <trkpt lat="40.611188" lon="14.534653"><ele>0</ele></trkpt>
      <trkpt lat="40.611136" lon="14.534577"><ele>0</ele></trkpt>
      <trkpt lat="40.611076" lon="14.534523"><ele>0</ele></trkpt>
      <trkpt lat="40.610948" lon="14.534409"><ele>0</ele></trkpt>
      <trkpt lat="40.610861" lon="14.534326"><ele>0</ele></trkpt>
      <trkpt lat="40.610794" lon="14.534241"><ele>0</ele></trkpt>
      <trkpt lat="40.610703" lon="14.534112"><ele>0</ele></trkpt>
      <trkpt lat="40.610616" lon="14.533981"><ele>0</ele></trkpt>
      <trkpt lat="40.610584" lon="14.533912"><ele>0</ele></trkpt>
      <trkpt lat="40.610506" lon="14.533720"><ele>0</ele></trkpt>
      <trkpt lat="40.610447" lon="14.533548"><ele>0</ele></trkpt>
      <trkpt lat="40.610337" lon="14.533228"><ele>0</ele></trkpt>
      <trkpt lat="40.610313" lon="14.533142"><ele>0</ele></trkpt>
      <trkpt lat="40.610293" lon="14.533059"><ele>0</ele></trkpt>
      <trkpt lat="40.610287" lon="14.532988"><ele>0</ele></trkpt>
      <trkpt lat="40.610285" lon="14.532920"><ele>0</ele></trkpt>
      <trkpt lat="40.610286" lon="14.532781"><ele>0</ele></trkpt>
      <trkpt lat="40.610289" lon="14.532658"><ele>0</ele></trkpt>
      <trkpt lat="40.610264" lon="14.532548"><ele>0</ele></trkpt>
      <trkpt lat="40.610225" lon="14.532464"><ele>0</ele></trkpt>
      <trkpt lat="40.610160" lon="14.532378"><ele>0</ele></trkpt>
      <trkpt lat="40.610029" lon="14.532268"><ele>0</ele></trkpt>
      <trkpt lat="40.609958" lon="14.532195"><ele>0</ele></trkpt>
      <trkpt lat="40.609893" lon="14.532093"><ele>0</ele></trkpt>
      <trkpt lat="40.609806" lon="14.531911"><ele>0</ele></trkpt>
      <trkpt lat="40.609685" lon="14.531665"><ele>0</ele></trkpt>
      <trkpt lat="40.609596" lon="14.531497"><ele>0</ele></trkpt>
      <trkpt lat="40.609525" lon="14.531398"><ele>0</ele></trkpt>
      <trkpt lat="40.609460" lon="14.531331"><ele>0</ele></trkpt>
      <trkpt lat="40.609031" lon="14.531039"><ele>0</ele></trkpt>
      <trkpt lat="40.608968" lon="14.530968"><ele>0</ele></trkpt>
      <trkpt lat="40.608866" lon="14.530809"><ele>0</ele></trkpt>
      <trkpt lat="40.608647" lon="14.530424"><ele>0</ele></trkpt>
      <trkpt lat="40.608545" lon="14.530246"><ele>0</ele></trkpt>
      <trkpt lat="40.608504" lon="14.530171"><ele>0</ele></trkpt>
      <trkpt lat="40.608465" lon="14.530125"><ele>0</ele></trkpt>
      <trkpt lat="40.608401" lon="14.530061"><ele>0</ele></trkpt>
      <trkpt lat="40.608313" lon="14.529980"><ele>0</ele></trkpt>
      <trkpt lat="40.608221" lon="14.529877"><ele>0</ele></trkpt>
      <trkpt lat="40.608160" lon="14.529791"><ele>0</ele></trkpt>
      <trkpt lat="40.608109" lon="14.529710"><ele>0</ele></trkpt>
      <trkpt lat="40.608079" lon="14.529648"><ele>0</ele></trkpt>
      <trkpt lat="40.608049" lon="14.529520"><ele>0</ele></trkpt>
      <trkpt lat="40.608054" lon="14.529372"><ele>0</ele></trkpt>
      <trkpt lat="40.608109" lon="14.529131"><ele>0</ele></trkpt>
      <trkpt lat="40.608218" lon="14.528877"><ele>0</ele></trkpt>
      <trkpt lat="40.608461" lon="14.528413"><ele>0</ele></trkpt>
      <trkpt lat="40.608527" lon="14.528288"><ele>0</ele></trkpt>
      <trkpt lat="40.608601" lon="14.528162"><ele>0</ele></trkpt>
      <trkpt lat="40.608669" lon="14.528006"><ele>0</ele></trkpt>
      <trkpt lat="40.608701" lon="14.527877"><ele>0</ele></trkpt>
      <trkpt lat="40.608709" lon="14.527762"><ele>0</ele></trkpt>
      <trkpt lat="40.608693" lon="14.527587"><ele>0</ele></trkpt>
      <trkpt lat="40.608661" lon="14.527453"><ele>0</ele></trkpt>
      <trkpt lat="40.608597" lon="14.527298"><ele>0</ele></trkpt>
      <trkpt lat="40.608543" lon="14.527160"><ele>0</ele></trkpt>
      <trkpt lat="40.608506" lon="14.527050"><ele>0</ele></trkpt>
      <trkpt lat="40.608495" lon="14.526940"><ele>0</ele></trkpt>
      <trkpt lat="40.608521" lon="14.526845"><ele>0</ele></trkpt>
      <trkpt lat="40.608583" lon="14.526754"><ele>0</ele></trkpt>
      <trkpt lat="40.608722" lon="14.526632"><ele>0</ele></trkpt>
      <trkpt lat="40.608840" lon="14.526549"><ele>0</ele></trkpt>
      <trkpt lat="40.608928" lon="14.526475"><ele>0</ele></trkpt>
      <trkpt lat="40.609008" lon="14.526382"><ele>0</ele></trkpt>
      <trkpt lat="40.609104" lon="14.526248"><ele>0</ele></trkpt>
      <trkpt lat="40.609175" lon="14.526147"><ele>0</ele></trkpt>
      <trkpt lat="40.609541" lon="14.525641"><ele>0</ele></trkpt>
      <trkpt lat="40.609618" lon="14.525531"><ele>0</ele></trkpt>
      <trkpt lat="40.609671" lon="14.525465"><ele>0</ele></trkpt>
      <trkpt lat="40.609708" lon="14.525432"><ele>0</ele></trkpt>
      <trkpt lat="40.609747" lon="14.525409"><ele>0</ele></trkpt>
      <trkpt lat="40.609790" lon="14.525396"><ele>0</ele></trkpt>
      <trkpt lat="40.609838" lon="14.525389"><ele>0</ele></trkpt>
      <trkpt lat="40.609878" lon="14.525379"><ele>0</ele></trkpt>
      <trkpt lat="40.609906" lon="14.525365"><ele>0</ele></trkpt>
      <trkpt lat="40.609946" lon="14.525335"><ele>0</ele></trkpt>
      <trkpt lat="40.610011" lon="14.525249"><ele>0</ele></trkpt>
      <trkpt lat="40.610069" lon="14.525176"><ele>0</ele></trkpt>
      <trkpt lat="40.610080" lon="14.525161"><ele>0</ele></trkpt>
      <trkpt lat="40.610117" lon="14.525120"><ele>0</ele></trkpt>
      <trkpt lat="40.610150" lon="14.525096"><ele>0</ele></trkpt>
      <trkpt lat="40.610206" lon="14.525060"><ele>0</ele></trkpt>
      <trkpt lat="40.610272" lon="14.525025"><ele>0</ele></trkpt>
      <trkpt lat="40.610328" lon="14.524997"><ele>0</ele></trkpt>
      <trkpt lat="40.610419" lon="14.524947"><ele>0</ele></trkpt>
      <trkpt lat="40.610547" lon="14.524871"><ele>0</ele></trkpt>
      <trkpt lat="40.610605" lon="14.524828"><ele>0</ele></trkpt>
      <trkpt lat="40.610646" lon="14.524785"><ele>0</ele></trkpt>
      <trkpt lat="40.610746" lon="14.524681"><ele>0</ele></trkpt>
      <trkpt lat="40.610787" lon="14.524636"><ele>0</ele></trkpt>
      <trkpt lat="40.610854" lon="14.524589"><ele>0</ele></trkpt>
      <trkpt lat="40.610914" lon="14.524551"><ele>0</ele></trkpt>
      <trkpt lat="40.610990" lon="14.524507"><ele>0</ele></trkpt>
      <trkpt lat="40.611043" lon="14.524480"><ele>0</ele></trkpt>
      <trkpt lat="40.611090" lon="14.524429"><ele>0</ele></trkpt>
      <trkpt lat="40.611131" lon="14.524364"><ele>0</ele></trkpt>
      <trkpt lat="40.611198" lon="14.524265"><ele>0</ele></trkpt>
      <trkpt lat="40.611255" lon="14.524203"><ele>0</ele></trkpt>
      <trkpt lat="40.611350" lon="14.524109"><ele>0</ele></trkpt>
      <trkpt lat="40.611378" lon="14.524080"><ele>0</ele></trkpt>
      <trkpt lat="40.611386" lon="14.524070"><ele>0</ele></trkpt>
      <trkpt lat="40.611420" lon="14.524030"><ele>0</ele></trkpt>
      <trkpt lat="40.611461" lon="14.523973"><ele>0</ele></trkpt>
      <trkpt lat="40.611582" lon="14.523728"><ele>0</ele></trkpt>
      <trkpt lat="40.611598" lon="14.523702"><ele>0</ele></trkpt>
      <trkpt lat="40.611623" lon="14.523658"><ele>0</ele></trkpt>
      <trkpt lat="40.611647" lon="14.523617"><ele>0</ele></trkpt>
      <trkpt lat="40.611770" lon="14.523470"><ele>0</ele></trkpt>
      <trkpt lat="40.611855" lon="14.523376"><ele>0</ele></trkpt>
      <trkpt lat="40.611909" lon="14.523338"><ele>0</ele></trkpt>
      <trkpt lat="40.612000" lon="14.523284"><ele>0</ele></trkpt>
      <trkpt lat="40.612097" lon="14.523220"><ele>0</ele></trkpt>
      <trkpt lat="40.612149" lon="14.523166"><ele>0</ele></trkpt>
      <trkpt lat="40.612235" lon="14.523064"><ele>0</ele></trkpt>
      <trkpt lat="40.612319" lon="14.522959"><ele>0</ele></trkpt>
      <trkpt lat="40.612363" lon="14.522914"><ele>0</ele></trkpt>
      <trkpt lat="40.612422" lon="14.522861"><ele>0</ele></trkpt>
      <trkpt lat="40.612446" lon="14.522844"><ele>0</ele></trkpt>
      <trkpt lat="40.612490" lon="14.522813"><ele>0</ele></trkpt>
      <trkpt lat="40.612608" lon="14.522753"><ele>0</ele></trkpt>
      <trkpt lat="40.612730" lon="14.522688"><ele>0</ele></trkpt>
      <trkpt lat="40.612927" lon="14.522604"><ele>0</ele></trkpt>
      <trkpt lat="40.613051" lon="14.522561"><ele>0</ele></trkpt>
      <trkpt lat="40.613086" lon="14.522549"><ele>0</ele></trkpt>
      <trkpt lat="40.613386" lon="14.522454"><ele>0</ele></trkpt>
      <trkpt lat="40.613541" lon="14.522414"><ele>0</ele></trkpt>
      <trkpt lat="40.613661" lon="14.522390"><ele>0</ele></trkpt>
      <trkpt lat="40.613702" lon="14.522388"><ele>0</ele></trkpt>
      <trkpt lat="40.613796" lon="14.522402"><ele>0</ele></trkpt>
      <trkpt lat="40.613843" lon="14.522412"><ele>0</ele></trkpt>
      <trkpt lat="40.613968" lon="14.522427"><ele>0</ele></trkpt>
      <trkpt lat="40.614142" lon="14.522381"><ele>0</ele></trkpt>
      <trkpt lat="40.614411" lon="14.522296"><ele>0</ele></trkpt>
      <trkpt lat="40.614520" lon="14.522258"><ele>0</ele></trkpt>
      <trkpt lat="40.614590" lon="14.522240"><ele>0</ele></trkpt>
      <trkpt lat="40.614624" lon="14.522236"><ele>0</ele></trkpt>
      <trkpt lat="40.614660" lon="14.522232"><ele>0</ele></trkpt>
      <trkpt lat="40.614691" lon="14.522235"><ele>0</ele></trkpt>
      <trkpt lat="40.614727" lon="14.522242"><ele>0</ele></trkpt>
      <trkpt lat="40.614746" lon="14.522247"><ele>0</ele></trkpt>
      <trkpt lat="40.614770" lon="14.522262"><ele>0</ele></trkpt>
      <trkpt lat="40.614792" lon="14.522284"><ele>0</ele></trkpt>
      <trkpt lat="40.614829" lon="14.522339"><ele>0</ele></trkpt>
      <trkpt lat="40.614874" lon="14.522414"><ele>0</ele></trkpt>
      <trkpt lat="40.614917" lon="14.522517"><ele>0</ele></trkpt>
      <trkpt lat="40.614948" lon="14.522644"><ele>0</ele></trkpt>
      <trkpt lat="40.614975" lon="14.522718"><ele>0</ele></trkpt>
      <trkpt lat="40.615008" lon="14.522788"><ele>0</ele></trkpt>
      <trkpt lat="40.615043" lon="14.522834"><ele>0</ele></trkpt>
      <trkpt lat="40.615091" lon="14.522876"><ele>0</ele></trkpt>
      <trkpt lat="40.615180" lon="14.522927"><ele>0</ele></trkpt>
      <trkpt lat="40.615266" lon="14.522996"><ele>0</ele></trkpt>
      <trkpt lat="40.615322" lon="14.523084"><ele>0</ele></trkpt>
      <trkpt lat="40.615362" lon="14.523157"><ele>0</ele></trkpt>
      <trkpt lat="40.615382" lon="14.523198"><ele>0</ele></trkpt>
      <trkpt lat="40.615403" lon="14.523238"><ele>0</ele></trkpt>
      <trkpt lat="40.615420" lon="14.523264"><ele>0</ele></trkpt>
      <trkpt lat="40.615444" lon="14.523288"><ele>0</ele></trkpt>
      <trkpt lat="40.615472" lon="14.523301"><ele>0</ele></trkpt>
      <trkpt lat="40.615499" lon="14.523297"><ele>0</ele></trkpt>
      <trkpt lat="40.615533" lon="14.523288"><ele>0</ele></trkpt>
      <trkpt lat="40.615568" lon="14.523265"><ele>0</ele></trkpt>
      <trkpt lat="40.615716" lon="14.523185"><ele>0</ele></trkpt>
      <trkpt lat="40.615829" lon="14.523138"><ele>0</ele></trkpt>
      <trkpt lat="40.615925" lon="14.523102"><ele>0</ele></trkpt>
      <trkpt lat="40.616080" lon="14.523048"><ele>0</ele></trkpt>
      <trkpt lat="40.616183" lon="14.523032"><ele>0</ele></trkpt>
      <trkpt lat="40.616290" lon="14.523026"><ele>0</ele></trkpt>
      <trkpt lat="40.616395" lon="14.523040"><ele>0</ele></trkpt>
      <trkpt lat="40.616475" lon="14.523049"><ele>0</ele></trkpt>
      <trkpt lat="40.616512" lon="14.523047"><ele>0</ele></trkpt>
      <trkpt lat="40.616552" lon="14.523024"><ele>0</ele></trkpt>
      <trkpt lat="40.616581" lon="14.522975"><ele>0</ele></trkpt>
      <trkpt lat="40.616582" lon="14.522934"><ele>0</ele></trkpt>
      <trkpt lat="40.616580" lon="14.522904"><ele>0</ele></trkpt>
      <trkpt lat="40.616574" lon="14.522833"><ele>0</ele></trkpt>
      <trkpt lat="40.616561" lon="14.522739"><ele>0</ele></trkpt>
      <trkpt lat="40.616538" lon="14.522642"><ele>0</ele></trkpt>
      <trkpt lat="40.616410" lon="14.522094"><ele>0</ele></trkpt>
      <trkpt lat="40.616368" lon="14.521901"><ele>0</ele></trkpt>
      <trkpt lat="40.616337" lon="14.521760"><ele>0</ele></trkpt>
      <trkpt lat="40.616300" lon="14.521638"><ele>0</ele></trkpt>
      <trkpt lat="40.616259" lon="14.521514"><ele>0</ele></trkpt>
      <trkpt lat="40.616120" lon="14.521197"><ele>0</ele></trkpt>
      <trkpt lat="40.616063" lon="14.521018"><ele>0</ele></trkpt>
      <trkpt lat="40.616059" lon="14.520931"><ele>0</ele></trkpt>
      <trkpt lat="40.616066" lon="14.520876"><ele>0</ele></trkpt>
      <trkpt lat="40.616109" lon="14.520729"><ele>0</ele></trkpt>
      <trkpt lat="40.616161" lon="14.520608"><ele>0</ele></trkpt>
      <trkpt lat="40.616272" lon="14.520452"><ele>0</ele></trkpt>
      <trkpt lat="40.616359" lon="14.520353"><ele>0</ele></trkpt>
      <trkpt lat="40.616397" lon="14.520315"><ele>0</ele></trkpt>
      <trkpt lat="40.616429" lon="14.520289"><ele>0</ele></trkpt>
      <trkpt lat="40.616455" lon="14.520281"><ele>0</ele></trkpt>
      <trkpt lat="40.616487" lon="14.520270"><ele>0</ele></trkpt>
      <trkpt lat="40.616529" lon="14.520277"><ele>0</ele></trkpt>
      <trkpt lat="40.616575" lon="14.520287"><ele>0</ele></trkpt>
      <trkpt lat="40.616646" lon="14.520306"><ele>0</ele></trkpt>
      <trkpt lat="40.616748" lon="14.520334"><ele>0</ele></trkpt>
      <trkpt lat="40.616851" lon="14.520356"><ele>0</ele></trkpt>
      <trkpt lat="40.616951" lon="14.520371"><ele>0</ele></trkpt>
      <trkpt lat="40.617102" lon="14.520385"><ele>0</ele></trkpt>
      <trkpt lat="40.617211" lon="14.520388"><ele>0</ele></trkpt>
      <trkpt lat="40.617282" lon="14.520391"><ele>0</ele></trkpt>
      <trkpt lat="40.617387" lon="14.520405"><ele>0</ele></trkpt>
      <trkpt lat="40.617490" lon="14.520430"><ele>0</ele></trkpt>
      <trkpt lat="40.617660" lon="14.520466"><ele>0</ele></trkpt>
      <trkpt lat="40.617701" lon="14.520471"><ele>0</ele></trkpt>
      <trkpt lat="40.617755" lon="14.520474"><ele>0</ele></trkpt>
      <trkpt lat="40.617830" lon="14.520461"><ele>0</ele></trkpt>
      <trkpt lat="40.617893" lon="14.520438"><ele>0</ele></trkpt>
      <trkpt lat="40.618014" lon="14.520368"><ele>0</ele></trkpt>
      <trkpt lat="40.618142" lon="14.520303"><ele>0</ele></trkpt>
      <trkpt lat="40.618237" lon="14.520262"><ele>0</ele></trkpt>
      <trkpt lat="40.618350" lon="14.520217"><ele>0</ele></trkpt>
      <trkpt lat="40.618472" lon="14.520170"><ele>0</ele></trkpt>
      <trkpt lat="40.618538" lon="14.520139"><ele>0</ele></trkpt>
      <trkpt lat="40.618574" lon="14.520117"><ele>0</ele></trkpt>
      <trkpt lat="40.618595" lon="14.520100"><ele>0</ele></trkpt>
      <trkpt lat="40.618619" lon="14.520071"><ele>0</ele></trkpt>
      <trkpt lat="40.618637" lon="14.520040"><ele>0</ele></trkpt>
      <trkpt lat="40.618655" lon="14.519988"><ele>0</ele></trkpt>
      <trkpt lat="40.618663" lon="14.519937"><ele>0</ele></trkpt>
      <trkpt lat="40.618664" lon="14.519886"><ele>0</ele></trkpt>
      <trkpt lat="40.618655" lon="14.519840"><ele>0</ele></trkpt>
      <trkpt lat="40.618641" lon="14.519799"><ele>0</ele></trkpt>
      <trkpt lat="40.618611" lon="14.519730"><ele>0</ele></trkpt>
      <trkpt lat="40.618584" lon="14.519666"><ele>0</ele></trkpt>
      <trkpt lat="40.618533" lon="14.519540"><ele>0</ele></trkpt>
      <trkpt lat="40.618474" lon="14.519406"><ele>0</ele></trkpt>
      <trkpt lat="40.618445" lon="14.519354"><ele>0</ele></trkpt>
      <trkpt lat="40.618403" lon="14.519294"><ele>0</ele></trkpt>
      <trkpt lat="40.618357" lon="14.519247"><ele>0</ele></trkpt>
      <trkpt lat="40.618308" lon="14.519210"><ele>0</ele></trkpt>
      <trkpt lat="40.618263" lon="14.519190"><ele>0</ele></trkpt>
      <trkpt lat="40.618223" lon="14.519193"><ele>0</ele></trkpt>
      <trkpt lat="40.618160" lon="14.519211"><ele>0</ele></trkpt>
      <trkpt lat="40.618118" lon="14.519221"><ele>0</ele></trkpt>
      <trkpt lat="40.618083" lon="14.519224"><ele>0</ele></trkpt>
      <trkpt lat="40.618032" lon="14.519213"><ele>0</ele></trkpt>
      <trkpt lat="40.617997" lon="14.519202"><ele>0</ele></trkpt>
      <trkpt lat="40.617966" lon="14.519193"><ele>0</ele></trkpt>
      <trkpt lat="40.617913" lon="14.519168"><ele>0</ele></trkpt>
      <trkpt lat="40.617892" lon="14.519153"><ele>0</ele></trkpt>
      <trkpt lat="40.617877" lon="14.519136"><ele>0</ele></trkpt>
      <trkpt lat="40.617867" lon="14.519110"><ele>0</ele></trkpt>
      <trkpt lat="40.617864" lon="14.519071"><ele>0</ele></trkpt>
      <trkpt lat="40.617877" lon="14.519020"><ele>0</ele></trkpt>
      <trkpt lat="40.617904" lon="14.518952"><ele>0</ele></trkpt>
      <trkpt lat="40.617939" lon="14.518886"><ele>0</ele></trkpt>
      <trkpt lat="40.617969" lon="14.518837"><ele>0</ele></trkpt>
      <trkpt lat="40.617997" lon="14.518804"><ele>0</ele></trkpt>
      <trkpt lat="40.618065" lon="14.518741"><ele>0</ele></trkpt>
      <trkpt lat="40.618111" lon="14.518693"><ele>0</ele></trkpt>
      <trkpt lat="40.618155" lon="14.518651"><ele>0</ele></trkpt>
      <trkpt lat="40.618196" lon="14.518619"><ele>0</ele></trkpt>
      <trkpt lat="40.618223" lon="14.518580"><ele>0</ele></trkpt>
      <trkpt lat="40.618250" lon="14.518517"><ele>0</ele></trkpt>
      <trkpt lat="40.618255" lon="14.518463"><ele>0</ele></trkpt>
      <trkpt lat="40.618241" lon="14.518270"><ele>0</ele></trkpt>
      <trkpt lat="40.618227" lon="14.518112"><ele>0</ele></trkpt>
      <trkpt lat="40.618214" lon="14.517957"><ele>0</ele></trkpt>
      <trkpt lat="40.618201" lon="14.517815"><ele>0</ele></trkpt>
      <trkpt lat="40.618174" lon="14.517679"><ele>0</ele></trkpt>
      <trkpt lat="40.618139" lon="14.517596"><ele>0</ele></trkpt>
      <trkpt lat="40.618078" lon="14.517486"><ele>0</ele></trkpt>
      <trkpt lat="40.617980" lon="14.517321"><ele>0</ele></trkpt>
      <trkpt lat="40.617879" lon="14.517123"><ele>0</ele></trkpt>
      <trkpt lat="40.617868" lon="14.517098"><ele>0</ele></trkpt>
      <trkpt lat="40.617862" lon="14.517067"><ele>0</ele></trkpt>
      <trkpt lat="40.617853" lon="14.516974"><ele>0</ele></trkpt>
      <trkpt lat="40.617854" lon="14.516936"><ele>0</ele></trkpt>
      <trkpt lat="40.617860" lon="14.516892"><ele>0</ele></trkpt>
      <trkpt lat="40.617873" lon="14.516856"><ele>0</ele></trkpt>
      <trkpt lat="40.617892" lon="14.516821"><ele>0</ele></trkpt>
      <trkpt lat="40.617910" lon="14.516801"><ele>0</ele></trkpt>
      <trkpt lat="40.617939" lon="14.516783"><ele>0</ele></trkpt>
      <trkpt lat="40.618009" lon="14.516748"><ele>0</ele></trkpt>
      <trkpt lat="40.618132" lon="14.516709"><ele>0</ele></trkpt>
      <trkpt lat="40.618346" lon="14.516652"><ele>0</ele></trkpt>
      <trkpt lat="40.618506" lon="14.516611"><ele>0</ele></trkpt>
      <trkpt lat="40.618551" lon="14.516606"><ele>0</ele></trkpt>
      <trkpt lat="40.618574" lon="14.516599"><ele>0</ele></trkpt>
      <trkpt lat="40.618599" lon="14.516588"><ele>0</ele></trkpt>
      <trkpt lat="40.618625" lon="14.516562"><ele>0</ele></trkpt>
      <trkpt lat="40.618644" lon="14.516531"><ele>0</ele></trkpt>
      <trkpt lat="40.618655" lon="14.516506"><ele>0</ele></trkpt>
      <trkpt lat="40.618662" lon="14.516465"><ele>0</ele></trkpt>
      <trkpt lat="40.618661" lon="14.516422"><ele>0</ele></trkpt>
      <trkpt lat="40.618655" lon="14.516381"><ele>0</ele></trkpt>
      <trkpt lat="40.618648" lon="14.516356"><ele>0</ele></trkpt>
      <trkpt lat="40.618633" lon="14.516312"><ele>0</ele></trkpt>
      <trkpt lat="40.618592" lon="14.516226"><ele>0</ele></trkpt>
      <trkpt lat="40.618567" lon="14.516184"><ele>0</ele></trkpt>
      <trkpt lat="40.618538" lon="14.516148"><ele>0</ele></trkpt>
      <trkpt lat="40.618509" lon="14.516119"><ele>0</ele></trkpt>
      <trkpt lat="40.618481" lon="14.516102"><ele>0</ele></trkpt>
      <trkpt lat="40.618438" lon="14.516080"><ele>0</ele></trkpt>
      <trkpt lat="40.618423" lon="14.516070"><ele>0</ele></trkpt>
      <trkpt lat="40.618403" lon="14.516046"><ele>0</ele></trkpt>
      <trkpt lat="40.618387" lon="14.516022"><ele>0</ele></trkpt>
      <trkpt lat="40.618371" lon="14.515984"><ele>0</ele></trkpt>
      <trkpt lat="40.618361" lon="14.515946"><ele>0</ele></trkpt>
      <trkpt lat="40.618351" lon="14.515893"><ele>0</ele></trkpt>
      <trkpt lat="40.618346" lon="14.515833"><ele>0</ele></trkpt>
      <trkpt lat="40.618343" lon="14.515777"><ele>0</ele></trkpt>
      <trkpt lat="40.618345" lon="14.515732"><ele>0</ele></trkpt>
      <trkpt lat="40.618355" lon="14.515686"><ele>0</ele></trkpt>
      <trkpt lat="40.618369" lon="14.515659"><ele>0</ele></trkpt>
      <trkpt lat="40.618390" lon="14.515629"><ele>0</ele></trkpt>
      <trkpt lat="40.618414" lon="14.515608"><ele>0</ele></trkpt>
      <trkpt lat="40.618448" lon="14.515589"><ele>0</ele></trkpt>
      <trkpt lat="40.618481" lon="14.515579"><ele>0</ele></trkpt>
      <trkpt lat="40.618530" lon="14.515564"><ele>0</ele></trkpt>
      <trkpt lat="40.618576" lon="14.515554"><ele>0</ele></trkpt>
      <trkpt lat="40.618654" lon="14.515542"><ele>0</ele></trkpt>
      <trkpt lat="40.618710" lon="14.515535"><ele>0</ele></trkpt>
      <trkpt lat="40.618823" lon="14.515520"><ele>0</ele></trkpt>
      <trkpt lat="40.618915" lon="14.515502"><ele>0</ele></trkpt>
      <trkpt lat="40.619009" lon="14.515476"><ele>0</ele></trkpt>
      <trkpt lat="40.619061" lon="14.515459"><ele>0</ele></trkpt>
      <trkpt lat="40.619105" lon="14.515442"><ele>0</ele></trkpt>
      <trkpt lat="40.619134" lon="14.515427"><ele>0</ele></trkpt>
      <trkpt lat="40.619161" lon="14.515412"><ele>0</ele></trkpt>
      <trkpt lat="40.619194" lon="14.515391"><ele>0</ele></trkpt>
      <trkpt lat="40.619318" lon="14.515301"><ele>0</ele></trkpt>
      <trkpt lat="40.619372" lon="14.515262"><ele>0</ele></trkpt>
      <trkpt lat="40.619446" lon="14.515202"><ele>0</ele></trkpt>
      <trkpt lat="40.619470" lon="14.515182"><ele>0</ele></trkpt>
      <trkpt lat="40.619503" lon="14.515148"><ele>0</ele></trkpt>
      <trkpt lat="40.619536" lon="14.515103"><ele>0</ele></trkpt>
      <trkpt lat="40.619557" lon="14.515062"><ele>0</ele></trkpt>
      <trkpt lat="40.619566" lon="14.515033"><ele>0</ele></trkpt>
      <trkpt lat="40.619572" lon="14.515006"><ele>0</ele></trkpt>
      <trkpt lat="40.619575" lon="14.514976"><ele>0</ele></trkpt>
      <trkpt lat="40.619574" lon="14.514949"><ele>0</ele></trkpt>
      <trkpt lat="40.619569" lon="14.514919"><ele>0</ele></trkpt>
      <trkpt lat="40.619557" lon="14.514870"><ele>0</ele></trkpt>
      <trkpt lat="40.619535" lon="14.514798"><ele>0</ele></trkpt>
      <trkpt lat="40.619511" lon="14.514740"><ele>0</ele></trkpt>
      <trkpt lat="40.619464" lon="14.514651"><ele>0</ele></trkpt>
      <trkpt lat="40.619429" lon="14.514586"><ele>0</ele></trkpt>
      <trkpt lat="40.619394" lon="14.514533"><ele>0</ele></trkpt>
      <trkpt lat="40.619343" lon="14.514465"><ele>0</ele></trkpt>
      <trkpt lat="40.619284" lon="14.514395"><ele>0</ele></trkpt>
      <trkpt lat="40.619252" lon="14.514356"><ele>0</ele></trkpt>
      <trkpt lat="40.619235" lon="14.514328"><ele>0</ele></trkpt>
      <trkpt lat="40.619220" lon="14.514292"><ele>0</ele></trkpt>
      <trkpt lat="40.619215" lon="14.514263"><ele>0</ele></trkpt>
      <trkpt lat="40.619217" lon="14.514239"><ele>0</ele></trkpt>
      <trkpt lat="40.619222" lon="14.514213"><ele>0</ele></trkpt>
      <trkpt lat="40.619233" lon="14.514188"><ele>0</ele></trkpt>
      <trkpt lat="40.619256" lon="14.514150"><ele>0</ele></trkpt>
      <trkpt lat="40.619301" lon="14.514086"><ele>0</ele></trkpt>
      <trkpt lat="40.619348" lon="14.514021"><ele>0</ele></trkpt>
      <trkpt lat="40.619418" lon="14.513912"><ele>0</ele></trkpt>
      <trkpt lat="40.619500" lon="14.513790"><ele>0</ele></trkpt>
      <trkpt lat="40.619577" lon="14.513674"><ele>0</ele></trkpt>
      <trkpt lat="40.619650" lon="14.513560"><ele>0</ele></trkpt>
      <trkpt lat="40.619751" lon="14.513406"><ele>0</ele></trkpt>
      <trkpt lat="40.619803" lon="14.513327"><ele>0</ele></trkpt>
      <trkpt lat="40.619841" lon="14.513273"><ele>0</ele></trkpt>
      <trkpt lat="40.619886" lon="14.513211"><ele>0</ele></trkpt>
      <trkpt lat="40.619936" lon="14.513151"><ele>0</ele></trkpt>
      <trkpt lat="40.619989" lon="14.513091"><ele>0</ele></trkpt>
      <trkpt lat="40.620024" lon="14.513050"><ele>0</ele></trkpt>
      <trkpt lat="40.620050" lon="14.513013"><ele>0</ele></trkpt>
      <trkpt lat="40.620076" lon="14.512970"><ele>0</ele></trkpt>
      <trkpt lat="40.620097" lon="14.512926"><ele>0</ele></trkpt>
      <trkpt lat="40.620120" lon="14.512873"><ele>0</ele></trkpt>
      <trkpt lat="40.620137" lon="14.512819"><ele>0</ele></trkpt>
      <trkpt lat="40.620150" lon="14.512759"><ele>0</ele></trkpt>
      <trkpt lat="40.620157" lon="14.512688"><ele>0</ele></trkpt>
      <trkpt lat="40.620157" lon="14.512624"><ele>0</ele></trkpt>
      <trkpt lat="40.620150" lon="14.512492"><ele>0</ele></trkpt>
      <trkpt lat="40.620151" lon="14.512447"><ele>0</ele></trkpt>
      <trkpt lat="40.620159" lon="14.512390"><ele>0</ele></trkpt>
      <trkpt lat="40.620176" lon="14.512341"><ele>0</ele></trkpt>
      <trkpt lat="40.620195" lon="14.512301"><ele>0</ele></trkpt>
      <trkpt lat="40.620229" lon="14.512240"><ele>0</ele></trkpt>
      <trkpt lat="40.620261" lon="14.512197"><ele>0</ele></trkpt>
      <trkpt lat="40.620297" lon="14.512157"><ele>0</ele></trkpt>
      <trkpt lat="40.620347" lon="14.512103"><ele>0</ele></trkpt>
      <trkpt lat="40.620419" lon="14.512031"><ele>0</ele></trkpt>
      <trkpt lat="40.620493" lon="14.511958"><ele>0</ele></trkpt>
      <trkpt lat="40.620549" lon="14.511903"><ele>0</ele></trkpt>
      <trkpt lat="40.620580" lon="14.511866"><ele>0</ele></trkpt>
      <trkpt lat="40.620602" lon="14.511827"><ele>0</ele></trkpt>
      <trkpt lat="40.620617" lon="14.511790"><ele>0</ele></trkpt>
      <trkpt lat="40.620638" lon="14.511731"><ele>0</ele></trkpt>
      <trkpt lat="40.620655" lon="14.511684"><ele>0</ele></trkpt>
      <trkpt lat="40.620678" lon="14.511615"><ele>0</ele></trkpt>
      <trkpt lat="40.620710" lon="14.511522"><ele>0</ele></trkpt>
      <trkpt lat="40.620724" lon="14.511489"><ele>0</ele></trkpt>
      <trkpt lat="40.620744" lon="14.511453"><ele>0</ele></trkpt>
      <trkpt lat="40.620770" lon="14.511407"><ele>0</ele></trkpt>
      <trkpt lat="40.620794" lon="14.511371"><ele>0</ele></trkpt>
      <trkpt lat="40.620820" lon="14.511335"><ele>0</ele></trkpt>
      <trkpt lat="40.620866" lon="14.511275"><ele>0</ele></trkpt>
      <trkpt lat="40.620927" lon="14.511193"><ele>0</ele></trkpt>
      <trkpt lat="40.621208" lon="14.510838"><ele>0</ele></trkpt>
      <trkpt lat="40.621284" lon="14.510736"><ele>0</ele></trkpt>
      <trkpt lat="40.621357" lon="14.510664"><ele>0</ele></trkpt>
      <trkpt lat="40.621476" lon="14.510568"><ele>0</ele></trkpt>
      <trkpt lat="40.621522" lon="14.510525"><ele>0</ele></trkpt>
      <trkpt lat="40.621706" lon="14.510327"><ele>0</ele></trkpt>
      <trkpt lat="40.621843" lon="14.510213"><ele>0</ele></trkpt>
      <trkpt lat="40.621853" lon="14.510206"><ele>0</ele></trkpt>
      <trkpt lat="40.621913" lon="14.510158"><ele>0</ele></trkpt>
      <trkpt lat="40.622001" lon="14.510092"><ele>0</ele></trkpt>
      <trkpt lat="40.622220" lon="14.509932"><ele>0</ele></trkpt>
      <trkpt lat="40.622337" lon="14.509870"><ele>0</ele></trkpt>
      <trkpt lat="40.622380" lon="14.509853"><ele>0</ele></trkpt>
      <trkpt lat="40.622435" lon="14.509839"><ele>0</ele></trkpt>
      <trkpt lat="40.622494" lon="14.509838"><ele>0</ele></trkpt>
      <trkpt lat="40.622608" lon="14.509869"><ele>0</ele></trkpt>
      <trkpt lat="40.622750" lon="14.509935"><ele>0</ele></trkpt>
      <trkpt lat="40.622830" lon="14.509985"><ele>0</ele></trkpt>
      <trkpt lat="40.622873" lon="14.510025"><ele>0</ele></trkpt>
      <trkpt lat="40.622907" lon="14.510069"><ele>0</ele></trkpt>
      <trkpt lat="40.622972" lon="14.510209"><ele>0</ele></trkpt>
      <trkpt lat="40.623016" lon="14.510272"><ele>0</ele></trkpt>
      <trkpt lat="40.623053" lon="14.510304"><ele>0</ele></trkpt>
      <trkpt lat="40.623082" lon="14.510321"><ele>0</ele></trkpt>
      <trkpt lat="40.623125" lon="14.510334"><ele>0</ele></trkpt>
      <trkpt lat="40.623251" lon="14.510348"><ele>0</ele></trkpt>
      <trkpt lat="40.623298" lon="14.510363"><ele>0</ele></trkpt>
      <trkpt lat="40.623326" lon="14.510380"><ele>0</ele></trkpt>
      <trkpt lat="40.623349" lon="14.510401"><ele>0</ele></trkpt>
      <trkpt lat="40.623403" lon="14.510452"><ele>0</ele></trkpt>
      <trkpt lat="40.623426" lon="14.510469"><ele>0</ele></trkpt>
      <trkpt lat="40.623463" lon="14.510483"><ele>0</ele></trkpt>
      <trkpt lat="40.623497" lon="14.510485"><ele>0</ele></trkpt>
      <trkpt lat="40.623537" lon="14.510469"><ele>0</ele></trkpt>
      <trkpt lat="40.623577" lon="14.510430"><ele>0</ele></trkpt>
      <trkpt lat="40.623605" lon="14.510395"><ele>0</ele></trkpt>
      <trkpt lat="40.623633" lon="14.510354"><ele>0</ele></trkpt>
      <trkpt lat="40.623661" lon="14.510296"><ele>0</ele></trkpt>
      <trkpt lat="40.623680" lon="14.510238"><ele>0</ele></trkpt>
      <trkpt lat="40.623686" lon="14.510187"><ele>0</ele></trkpt>
      <trkpt lat="40.623682" lon="14.510138"><ele>0</ele></trkpt>
      <trkpt lat="40.623667" lon="14.510053"><ele>0</ele></trkpt>
      <trkpt lat="40.623637" lon="14.509912"><ele>0</ele></trkpt>
      <trkpt lat="40.623621" lon="14.509827"><ele>0</ele></trkpt>
      <trkpt lat="40.623617" lon="14.509754"><ele>0</ele></trkpt>
      <trkpt lat="40.623626" lon="14.509698"><ele>0</ele></trkpt>
      <trkpt lat="40.623651" lon="14.509637"><ele>0</ele></trkpt>
      <trkpt lat="40.623673" lon="14.509598"><ele>0</ele></trkpt>
      <trkpt lat="40.623715" lon="14.509553"><ele>0</ele></trkpt>
      <trkpt lat="40.623850" lon="14.509441"><ele>0</ele></trkpt>
      <trkpt lat="40.623965" lon="14.509356"><ele>0</ele></trkpt>
      <trkpt lat="40.624036" lon="14.509313"><ele>0</ele></trkpt>
      <trkpt lat="40.624071" lon="14.509306"><ele>0</ele></trkpt>
      <trkpt lat="40.624134" lon="14.509297"><ele>0</ele></trkpt>
      <trkpt lat="40.624205" lon="14.509304"><ele>0</ele></trkpt>
      <trkpt lat="40.624242" lon="14.509317"><ele>0</ele></trkpt>
      <trkpt lat="40.624276" lon="14.509334"><ele>0</ele></trkpt>
      <trkpt lat="40.624309" lon="14.509353"><ele>0</ele></trkpt>
      <trkpt lat="40.624356" lon="14.509397"><ele>0</ele></trkpt>
      <trkpt lat="40.624488" lon="14.509541"><ele>0</ele></trkpt>
      <trkpt lat="40.624568" lon="14.509619"><ele>0</ele></trkpt>
      <trkpt lat="40.624635" lon="14.509655"><ele>0</ele></trkpt>
      <trkpt lat="40.624688" lon="14.509678"><ele>0</ele></trkpt>
      <trkpt lat="40.624741" lon="14.509686"><ele>0</ele></trkpt>
      <trkpt lat="40.624858" lon="14.509697"><ele>0</ele></trkpt>
      <trkpt lat="40.625015" lon="14.509712"><ele>0</ele></trkpt>
      <trkpt lat="40.625184" lon="14.509732"><ele>0</ele></trkpt>
      <trkpt lat="40.625233" lon="14.509736"><ele>0</ele></trkpt>
      <trkpt lat="40.625264" lon="14.509737"><ele>0</ele></trkpt>
      <trkpt lat="40.625318" lon="14.509717"><ele>0</ele></trkpt>
      <trkpt lat="40.625352" lon="14.509686"><ele>0</ele></trkpt>
      <trkpt lat="40.625378" lon="14.509641"><ele>0</ele></trkpt>
      <trkpt lat="40.625395" lon="14.509591"><ele>0</ele></trkpt>
      <trkpt lat="40.625394" lon="14.509514"><ele>0</ele></trkpt>
      <trkpt lat="40.625374" lon="14.509452"><ele>0</ele></trkpt>
      <trkpt lat="40.625349" lon="14.509412"><ele>0</ele></trkpt>
      <trkpt lat="40.625330" lon="14.509391"><ele>0</ele></trkpt>
      <trkpt lat="40.625305" lon="14.509371"><ele>0</ele></trkpt>
      <trkpt lat="40.625159" lon="14.509273"><ele>0</ele></trkpt>
      <trkpt lat="40.625128" lon="14.509241"><ele>0</ele></trkpt>
      <trkpt lat="40.625108" lon="14.509207"><ele>0</ele></trkpt>
      <trkpt lat="40.625102" lon="14.509166"><ele>0</ele></trkpt>
      <trkpt lat="40.625103" lon="14.509130"><ele>0</ele></trkpt>
      <trkpt lat="40.625110" lon="14.509099"><ele>0</ele></trkpt>
      <trkpt lat="40.625133" lon="14.509056"><ele>0</ele></trkpt>
      <trkpt lat="40.625164" lon="14.509024"><ele>0</ele></trkpt>
      <trkpt lat="40.625193" lon="14.509013"><ele>0</ele></trkpt>
      <trkpt lat="40.625236" lon="14.509006"><ele>0</ele></trkpt>
      <trkpt lat="40.625332" lon="14.508976"><ele>0</ele></trkpt>
      <trkpt lat="40.625365" lon="14.508961"><ele>0</ele></trkpt>
      <trkpt lat="40.625414" lon="14.508930"><ele>0</ele></trkpt>
      <trkpt lat="40.625521" lon="14.508861"><ele>0</ele></trkpt>
      <trkpt lat="40.625549" lon="14.508842"><ele>0</ele></trkpt>
      <trkpt lat="40.625576" lon="14.508814"><ele>0</ele></trkpt>
      <trkpt lat="40.625600" lon="14.508776"><ele>0</ele></trkpt>
      <trkpt lat="40.625615" lon="14.508708"><ele>0</ele></trkpt>
      <trkpt lat="40.625623" lon="14.508637"><ele>0</ele></trkpt>
      <trkpt lat="40.625623" lon="14.508593"><ele>0</ele></trkpt>
      <trkpt lat="40.625618" lon="14.508535"><ele>0</ele></trkpt>
      <trkpt lat="40.625608" lon="14.508480"><ele>0</ele></trkpt>
      <trkpt lat="40.625581" lon="14.508411"><ele>0</ele></trkpt>
      <trkpt lat="40.625553" lon="14.508367"><ele>0</ele></trkpt>
      <trkpt lat="40.625519" lon="14.508331"><ele>0</ele></trkpt>
      <trkpt lat="40.625482" lon="14.508304"><ele>0</ele></trkpt>
      <trkpt lat="40.625437" lon="14.508287"><ele>0</ele></trkpt>
      <trkpt lat="40.625387" lon="14.508275"><ele>0</ele></trkpt>
      <trkpt lat="40.625018" lon="14.508196"><ele>0</ele></trkpt>
      <trkpt lat="40.624969" lon="14.508179"><ele>0</ele></trkpt>
      <trkpt lat="40.624828" lon="14.508122"><ele>0</ele></trkpt>
      <trkpt lat="40.624759" lon="14.508105"><ele>0</ele></trkpt>
      <trkpt lat="40.624680" lon="14.508098"><ele>0</ele></trkpt>
      <trkpt lat="40.624565" lon="14.508100"><ele>0</ele></trkpt>
      <trkpt lat="40.624436" lon="14.508097"><ele>0</ele></trkpt>
      <trkpt lat="40.624351" lon="14.508064"><ele>0</ele></trkpt>
      <trkpt lat="40.624231" lon="14.508005"><ele>0</ele></trkpt>
      <trkpt lat="40.624049" lon="14.507895"><ele>0</ele></trkpt>
      <trkpt lat="40.623990" lon="14.507834"><ele>0</ele></trkpt>
      <trkpt lat="40.623953" lon="14.507763"><ele>0</ele></trkpt>
      <trkpt lat="40.623920" lon="14.507667"><ele>0</ele></trkpt>
      <trkpt lat="40.623888" lon="14.507555"><ele>0</ele></trkpt>
      <trkpt lat="40.623864" lon="14.507434"><ele>0</ele></trkpt>
      <trkpt lat="40.623855" lon="14.507305"><ele>0</ele></trkpt>
      <trkpt lat="40.623858" lon="14.507148"><ele>0</ele></trkpt>
      <trkpt lat="40.623874" lon="14.506907"><ele>0</ele></trkpt>
      <trkpt lat="40.623867" lon="14.506800"><ele>0</ele></trkpt>
      <trkpt lat="40.623854" lon="14.506697"><ele>0</ele></trkpt>
      <trkpt lat="40.623830" lon="14.506587"><ele>0</ele></trkpt>
      <trkpt lat="40.623791" lon="14.506446"><ele>0</ele></trkpt>
      <trkpt lat="40.623733" lon="14.506227"><ele>0</ele></trkpt>
      <trkpt lat="40.623704" lon="14.506100"><ele>0</ele></trkpt>
      <trkpt lat="40.623685" lon="14.505979"><ele>0</ele></trkpt>
      <trkpt lat="40.623674" lon="14.505861"><ele>0</ele></trkpt>
      <trkpt lat="40.623672" lon="14.505734"><ele>0</ele></trkpt>
      <trkpt lat="40.623679" lon="14.505606"><ele>0</ele></trkpt>
      <trkpt lat="40.623703" lon="14.505430"><ele>0</ele></trkpt>
      <trkpt lat="40.623737" lon="14.505225"><ele>0</ele></trkpt>
      <trkpt lat="40.623747" lon="14.505119"><ele>0</ele></trkpt>
      <trkpt lat="40.623741" lon="14.505009"><ele>0</ele></trkpt>
      <trkpt lat="40.623721" lon="14.504912"><ele>0</ele></trkpt>
      <trkpt lat="40.623547" lon="14.504266"><ele>0</ele></trkpt>
      <trkpt lat="40.623495" lon="14.504076"><ele>0</ele></trkpt>
      <trkpt lat="40.623488" lon="14.503998"><ele>0</ele></trkpt>
      <trkpt lat="40.623497" lon="14.503956"><ele>0</ele></trkpt>
      <trkpt lat="40.623523" lon="14.503890"><ele>0</ele></trkpt>
      <trkpt lat="40.623561" lon="14.503839"><ele>0</ele></trkpt>
      <trkpt lat="40.623606" lon="14.503816"><ele>0</ele></trkpt>
      <trkpt lat="40.623655" lon="14.503809"><ele>0</ele></trkpt>
      <trkpt lat="40.623740" lon="14.503798"><ele>0</ele></trkpt>
      <trkpt lat="40.623945" lon="14.503790"><ele>0</ele></trkpt>
      <trkpt lat="40.624018" lon="14.503790"><ele>0</ele></trkpt>
      <trkpt lat="40.624116" lon="14.503798"><ele>0</ele></trkpt>
      <trkpt lat="40.624451" lon="14.503834"><ele>0</ele></trkpt>
      <trkpt lat="40.624481" lon="14.503835"><ele>0</ele></trkpt>
      <trkpt lat="40.624514" lon="14.503829"><ele>0</ele></trkpt>
      <trkpt lat="40.624539" lon="14.503818"><ele>0</ele></trkpt>
      <trkpt lat="40.624563" lon="14.503800"><ele>0</ele></trkpt>
      <trkpt lat="40.624601" lon="14.503758"><ele>0</ele></trkpt>
      <trkpt lat="40.624646" lon="14.503681"><ele>0</ele></trkpt>
      <trkpt lat="40.624660" lon="14.503630"><ele>0</ele></trkpt>
      <trkpt lat="40.624662" lon="14.503598"><ele>0</ele></trkpt>
      <trkpt lat="40.624659" lon="14.503565"><ele>0</ele></trkpt>
      <trkpt lat="40.624643" lon="14.503513"><ele>0</ele></trkpt>
      <trkpt lat="40.624608" lon="14.503404"><ele>0</ele></trkpt>
      <trkpt lat="40.624532" lon="14.503180"><ele>0</ele></trkpt>
      <trkpt lat="40.624445" lon="14.502931"><ele>0</ele></trkpt>
      <trkpt lat="40.624304" lon="14.502537"><ele>0</ele></trkpt>
      <trkpt lat="40.624272" lon="14.502476"><ele>0</ele></trkpt>
      <trkpt lat="40.624217" lon="14.502397"><ele>0</ele></trkpt>
      <trkpt lat="40.624156" lon="14.502343"><ele>0</ele></trkpt>
      <trkpt lat="40.624080" lon="14.502296"><ele>0</ele></trkpt>
      <trkpt lat="40.624027" lon="14.502271"><ele>0</ele></trkpt>
      <trkpt lat="40.623960" lon="14.502231"><ele>0</ele></trkpt>
      <trkpt lat="40.623926" lon="14.502195"><ele>0</ele></trkpt>
      <trkpt lat="40.623907" lon="14.502148"><ele>0</ele></trkpt>
      <trkpt lat="40.623898" lon="14.502101"><ele>0</ele></trkpt>
      <trkpt lat="40.623908" lon="14.502039"><ele>0</ele></trkpt>
      <trkpt lat="40.623939" lon="14.501970"><ele>0</ele></trkpt>
      <trkpt lat="40.623977" lon="14.501908"><ele>0</ele></trkpt>
      <trkpt lat="40.624044" lon="14.501794"><ele>0</ele></trkpt>
      <trkpt lat="40.624104" lon="14.501701"><ele>0</ele></trkpt>
      <trkpt lat="40.624162" lon="14.501622"><ele>0</ele></trkpt>
      <trkpt lat="40.624222" lon="14.501559"><ele>0</ele></trkpt>
      <trkpt lat="40.624401" lon="14.501374"><ele>0</ele></trkpt>
      <trkpt lat="40.624536" lon="14.501217"><ele>0</ele></trkpt>
      <trkpt lat="40.624599" lon="14.501122"><ele>0</ele></trkpt>
      <trkpt lat="40.624632" lon="14.501053"><ele>0</ele></trkpt>
      <trkpt lat="40.624734" lon="14.500771"><ele>0</ele></trkpt>
      <trkpt lat="40.624836" lon="14.500489"><ele>0</ele></trkpt>
      <trkpt lat="40.624913" lon="14.500316"><ele>0</ele></trkpt>
      <trkpt lat="40.625045" lon="14.500087"><ele>0</ele></trkpt>
      <trkpt lat="40.625116" lon="14.499975"><ele>0</ele></trkpt>
      <trkpt lat="40.625187" lon="14.499863"><ele>0</ele></trkpt>
      <trkpt lat="40.625228" lon="14.499796"><ele>0</ele></trkpt>
      <trkpt lat="40.625285" lon="14.499679"><ele>0</ele></trkpt>
      <trkpt lat="40.625305" lon="14.499631"><ele>0</ele></trkpt>
      <trkpt lat="40.625345" lon="14.499518"><ele>0</ele></trkpt>
      <trkpt lat="40.625385" lon="14.499434"><ele>0</ele></trkpt>
      <trkpt lat="40.625458" lon="14.499301"><ele>0</ele></trkpt>
      <trkpt lat="40.625503" lon="14.499227"><ele>0</ele></trkpt>
      <trkpt lat="40.625552" lon="14.499154"><ele>0</ele></trkpt>
      <trkpt lat="40.625612" lon="14.499091"><ele>0</ele></trkpt>
      <trkpt lat="40.625661" lon="14.499050"><ele>0</ele></trkpt>
      <trkpt lat="40.625706" lon="14.499017"><ele>0</ele></trkpt>
      <trkpt lat="40.625762" lon="14.498992"><ele>0</ele></trkpt>
      <trkpt lat="40.625803" lon="14.498979"><ele>0</ele></trkpt>
      <trkpt lat="40.625859" lon="14.498963"><ele>0</ele></trkpt>
      <trkpt lat="40.625916" lon="14.498947"><ele>0</ele></trkpt>
      <trkpt lat="40.625975" lon="14.498931"><ele>0</ele></trkpt>
      <trkpt lat="40.626013" lon="14.498917"><ele>0</ele></trkpt>
      <trkpt lat="40.626045" lon="14.498898"><ele>0</ele></trkpt>
      <trkpt lat="40.626083" lon="14.498862"><ele>0</ele></trkpt>
      <trkpt lat="40.626111" lon="14.498829"><ele>0</ele></trkpt>
      <trkpt lat="40.626133" lon="14.498793"><ele>0</ele></trkpt>
      <trkpt lat="40.626148" lon="14.498753"><ele>0</ele></trkpt>
      <trkpt lat="40.626159" lon="14.498706"><ele>0</ele></trkpt>
      <trkpt lat="40.626165" lon="14.498650"><ele>0</ele></trkpt>
      <trkpt lat="40.626160" lon="14.498599"><ele>0</ele></trkpt>
      <trkpt lat="40.626153" lon="14.498542"><ele>0</ele></trkpt>
      <trkpt lat="40.626119" lon="14.498367"><ele>0</ele></trkpt>
      <trkpt lat="40.626107" lon="14.498302"><ele>0</ele></trkpt>
      <trkpt lat="40.626100" lon="14.498212"><ele>0</ele></trkpt>
      <trkpt lat="40.626106" lon="14.498117"><ele>0</ele></trkpt>
      <trkpt lat="40.626126" lon="14.498024"><ele>0</ele></trkpt>
      <trkpt lat="40.626172" lon="14.497890"><ele>0</ele></trkpt>
      <trkpt lat="40.626240" lon="14.497721"><ele>0</ele></trkpt>
      <trkpt lat="40.626288" lon="14.497609"><ele>0</ele></trkpt>
      <trkpt lat="40.626322" lon="14.497538"><ele>0</ele></trkpt>
      <trkpt lat="40.626353" lon="14.497495"><ele>0</ele></trkpt>
      <trkpt lat="40.626389" lon="14.497453"><ele>0</ele></trkpt>
      <trkpt lat="40.626430" lon="14.497407"><ele>0</ele></trkpt>
      <trkpt lat="40.626528" lon="14.497313"><ele>0</ele></trkpt>
      <trkpt lat="40.626595" lon="14.497249"><ele>0</ele></trkpt>
      <trkpt lat="40.626666" lon="14.497193"><ele>0</ele></trkpt>
      <trkpt lat="40.626717" lon="14.497149"><ele>0</ele></trkpt>
      <trkpt lat="40.626755" lon="14.497122"><ele>0</ele></trkpt>
      <trkpt lat="40.626807" lon="14.497092"><ele>0</ele></trkpt>
      <trkpt lat="40.626836" lon="14.497083"><ele>0</ele></trkpt>
      <trkpt lat="40.627102" lon="14.496984"><ele>0</ele></trkpt>
      <trkpt lat="40.627293" lon="14.496942"><ele>0</ele></trkpt>
      <trkpt lat="40.627458" lon="14.496931"><ele>0</ele></trkpt>
      <trkpt lat="40.627609" lon="14.496926"><ele>0</ele></trkpt>
      <trkpt lat="40.627666" lon="14.496931"><ele>0</ele></trkpt>
      <trkpt lat="40.627706" lon="14.496955"><ele>0</ele></trkpt>
      <trkpt lat="40.627738" lon="14.496982"><ele>0</ele></trkpt>
      <trkpt lat="40.627765" lon="14.497013"><ele>0</ele></trkpt>
      <trkpt lat="40.627809" lon="14.497074"><ele>0</ele></trkpt>
      <trkpt lat="40.627853" lon="14.497131"><ele>0</ele></trkpt>
      <trkpt lat="40.627896" lon="14.497172"><ele>0</ele></trkpt>
      <trkpt lat="40.627938" lon="14.497200"><ele>0</ele></trkpt>
      <trkpt lat="40.627979" lon="14.497199"><ele>0</ele></trkpt>
      <trkpt lat="40.628003" lon="14.497185"><ele>0</ele></trkpt>
      <trkpt lat="40.628027" lon="14.497164"><ele>0</ele></trkpt>
      <trkpt lat="40.628074" lon="14.497106"><ele>0</ele></trkpt>
      <trkpt lat="40.628114" lon="14.497039"><ele>0</ele></trkpt>
      <trkpt lat="40.628137" lon="14.496965"><ele>0</ele></trkpt>
      <trkpt lat="40.628143" lon="14.496913"><ele>0</ele></trkpt>
      <trkpt lat="40.628141" lon="14.496881"><ele>0</ele></trkpt>
      <trkpt lat="40.628135" lon="14.496850"><ele>0</ele></trkpt>
      <trkpt lat="40.628130" lon="14.496819"><ele>0</ele></trkpt>
      <trkpt lat="40.628123" lon="14.496788"><ele>0</ele></trkpt>
      <trkpt lat="40.628104" lon="14.496704"><ele>0</ele></trkpt>
      <trkpt lat="40.628088" lon="14.496660"><ele>0</ele></trkpt>
      <trkpt lat="40.628071" lon="14.496627"><ele>0</ele></trkpt>
      <trkpt lat="40.628052" lon="14.496594"><ele>0</ele></trkpt>
      <trkpt lat="40.628027" lon="14.496569"><ele>0</ele></trkpt>
      <trkpt lat="40.627958" lon="14.496530"><ele>0</ele></trkpt>
      <trkpt lat="40.627890" lon="14.496504"><ele>0</ele></trkpt>
      <trkpt lat="40.627847" lon="14.496489"><ele>0</ele></trkpt>
      <trkpt lat="40.627805" lon="14.496467"><ele>0</ele></trkpt>
      <trkpt lat="40.627761" lon="14.496440"><ele>0</ele></trkpt>
      <trkpt lat="40.627706" lon="14.496400"><ele>0</ele></trkpt>
      <trkpt lat="40.627591" lon="14.496301"><ele>0</ele></trkpt>
      <trkpt lat="40.627546" lon="14.496252"><ele>0</ele></trkpt>
      <trkpt lat="40.627528" lon="14.496223"><ele>0</ele></trkpt>
      <trkpt lat="40.627510" lon="14.496177"><ele>0</ele></trkpt>
      <trkpt lat="40.627502" lon="14.496131"><ele>0</ele></trkpt>
      <trkpt lat="40.627496" lon="14.496051"><ele>0</ele></trkpt>
      <trkpt lat="40.627502" lon="14.495902"><ele>0</ele></trkpt>
      <trkpt lat="40.627507" lon="14.495597"><ele>0</ele></trkpt>
      <trkpt lat="40.627513" lon="14.495463"><ele>0</ele></trkpt>
      <trkpt lat="40.627522" lon="14.495343"><ele>0</ele></trkpt>
      <trkpt lat="40.627575" lon="14.495083"><ele>0</ele></trkpt>
      <trkpt lat="40.627599" lon="14.495007"><ele>0</ele></trkpt>
      <trkpt lat="40.627625" lon="14.494943"><ele>0</ele></trkpt>
      <trkpt lat="40.627640" lon="14.494917"><ele>0</ele></trkpt>
      <trkpt lat="40.627659" lon="14.494896"><ele>0</ele></trkpt>
      <trkpt lat="40.627681" lon="14.494876"><ele>0</ele></trkpt>
      <trkpt lat="40.627703" lon="14.494863"><ele>0</ele></trkpt>
      <trkpt lat="40.627753" lon="14.494855"><ele>0</ele></trkpt>
      <trkpt lat="40.627799" lon="14.494857"><ele>0</ele></trkpt>
      <trkpt lat="40.627843" lon="14.494862"><ele>0</ele></trkpt>
      <trkpt lat="40.627888" lon="14.494861"><ele>0</ele></trkpt>
      <trkpt lat="40.627953" lon="14.494840"><ele>0</ele></trkpt>
      <trkpt lat="40.628009" lon="14.494806"><ele>0</ele></trkpt>
      <trkpt lat="40.628075" lon="14.494764"><ele>0</ele></trkpt>
      <trkpt lat="40.628108" lon="14.494731"><ele>0</ele></trkpt>
      <trkpt lat="40.628143" lon="14.494682"><ele>0</ele></trkpt>
      <trkpt lat="40.628169" lon="14.494631"><ele>0</ele></trkpt>
      <trkpt lat="40.628184" lon="14.494584"><ele>0</ele></trkpt>
      <trkpt lat="40.628194" lon="14.494516"><ele>0</ele></trkpt>
      <trkpt lat="40.628195" lon="14.494458"><ele>0</ele></trkpt>
      <trkpt lat="40.628191" lon="14.494406"><ele>0</ele></trkpt>
      <trkpt lat="40.628187" lon="14.494374"><ele>0</ele></trkpt>
      <trkpt lat="40.628177" lon="14.494346"><ele>0</ele></trkpt>
      <trkpt lat="40.628158" lon="14.494309"><ele>0</ele></trkpt>
      <trkpt lat="40.628141" lon="14.494288"><ele>0</ele></trkpt>
      <trkpt lat="40.628103" lon="14.494258"><ele>0</ele></trkpt>
      <trkpt lat="40.628062" lon="14.494235"><ele>0</ele></trkpt>
      <trkpt lat="40.627952" lon="14.494189"><ele>0</ele></trkpt>
      <trkpt lat="40.627821" lon="14.494118"><ele>0</ele></trkpt>
      <trkpt lat="40.627799" lon="14.494102"><ele>0</ele></trkpt>
      <trkpt lat="40.627783" lon="14.494085"><ele>0</ele></trkpt>
      <trkpt lat="40.627768" lon="14.494067"><ele>0</ele></trkpt>
      <trkpt lat="40.627752" lon="14.494041"><ele>0</ele></trkpt>
      <trkpt lat="40.627739" lon="14.494011"><ele>0</ele></trkpt>
      <trkpt lat="40.627730" lon="14.493966"><ele>0</ele></trkpt>
      <trkpt lat="40.627719" lon="14.493872"><ele>0</ele></trkpt>
      <trkpt lat="40.627715" lon="14.493762"><ele>0</ele></trkpt>
      <trkpt lat="40.627718" lon="14.493676"><ele>0</ele></trkpt>
      <trkpt lat="40.627726" lon="14.493588"><ele>0</ele></trkpt>
      <trkpt lat="40.627752" lon="14.493477"><ele>0</ele></trkpt>
      <trkpt lat="40.627824" lon="14.493240"><ele>0</ele></trkpt>
      <trkpt lat="40.627877" lon="14.493065"><ele>0</ele></trkpt>
      <trkpt lat="40.627905" lon="14.492974"><ele>0</ele></trkpt>
      <trkpt lat="40.627931" lon="14.492875"><ele>0</ele></trkpt>
      <trkpt lat="40.627958" lon="14.492781"><ele>0</ele></trkpt>
      <trkpt lat="40.627982" lon="14.492716"><ele>0</ele></trkpt>
      <trkpt lat="40.628004" lon="14.492661"><ele>0</ele></trkpt>
      <trkpt lat="40.628034" lon="14.492602"><ele>0</ele></trkpt>
      <trkpt lat="40.628079" lon="14.492540"><ele>0</ele></trkpt>
      <trkpt lat="40.628112" lon="14.492496"><ele>0</ele></trkpt>
      <trkpt lat="40.628137" lon="14.492463"><ele>0</ele></trkpt>
      <trkpt lat="40.628162" lon="14.492420"><ele>0</ele></trkpt>
      <trkpt lat="40.628183" lon="14.492385"><ele>0</ele></trkpt>
      <trkpt lat="40.628202" lon="14.492344"><ele>0</ele></trkpt>
      <trkpt lat="40.628214" lon="14.492294"><ele>0</ele></trkpt>
      <trkpt lat="40.628216" lon="14.492229"><ele>0</ele></trkpt>
      <trkpt lat="40.628214" lon="14.492174"><ele>0</ele></trkpt>
      <trkpt lat="40.628202" lon="14.492114"><ele>0</ele></trkpt>
      <trkpt lat="40.628183" lon="14.492060"><ele>0</ele></trkpt>
      <trkpt lat="40.628159" lon="14.492017"><ele>0</ele></trkpt>
      <trkpt lat="40.628137" lon="14.491984"><ele>0</ele></trkpt>
      <trkpt lat="40.628112" lon="14.491960"><ele>0</ele></trkpt>
      <trkpt lat="40.628086" lon="14.491942"><ele>0</ele></trkpt>
      <trkpt lat="40.628060" lon="14.491933"><ele>0</ele></trkpt>
      <trkpt lat="40.627963" lon="14.491899"><ele>0</ele></trkpt>
      <trkpt lat="40.627929" lon="14.491881"><ele>0</ele></trkpt>
      <trkpt lat="40.627913" lon="14.491869"><ele>0</ele></trkpt>
      <trkpt lat="40.627880" lon="14.491840"><ele>0</ele></trkpt>
      <trkpt lat="40.627723" lon="14.491684"><ele>0</ele></trkpt>
      <trkpt lat="40.627641" lon="14.491605"><ele>0</ele></trkpt>
      <trkpt lat="40.627622" lon="14.491584"><ele>0</ele></trkpt>
      <trkpt lat="40.627606" lon="14.491555"><ele>0</ele></trkpt>
      <trkpt lat="40.627596" lon="14.491527"><ele>0</ele></trkpt>
      <trkpt lat="40.627590" lon="14.491481"><ele>0</ele></trkpt>
      <trkpt lat="40.627589" lon="14.491445"><ele>0</ele></trkpt>
      <trkpt lat="40.627588" lon="14.491377"><ele>0</ele></trkpt>
      <trkpt lat="40.627593" lon="14.491304"><ele>0</ele></trkpt>
      <trkpt lat="40.627602" lon="14.491199"><ele>0</ele></trkpt>
      <trkpt lat="40.627615" lon="14.491118"><ele>0</ele></trkpt>
      <trkpt lat="40.627628" lon="14.491049"><ele>0</ele></trkpt>
      <trkpt lat="40.627642" lon="14.490987"><ele>0</ele></trkpt>
      <trkpt lat="40.627663" lon="14.490944"><ele>0</ele></trkpt>
      <trkpt lat="40.627679" lon="14.490920"><ele>0</ele></trkpt>
      <trkpt lat="40.627695" lon="14.490903"><ele>0</ele></trkpt>
      <trkpt lat="40.627725" lon="14.490863"><ele>0</ele></trkpt>
      <trkpt lat="40.627746" lon="14.490831"><ele>0</ele></trkpt>
      <trkpt lat="40.627799" lon="14.490729"><ele>0</ele></trkpt>
      <trkpt lat="40.627840" lon="14.490644"><ele>0</ele></trkpt>
      <trkpt lat="40.627853" lon="14.490617"><ele>0</ele></trkpt>
      <trkpt lat="40.627919" lon="14.490454"><ele>0</ele></trkpt>
      <trkpt lat="40.627964" lon="14.490358"><ele>0</ele></trkpt>
      <trkpt lat="40.627979" lon="14.490335"><ele>0</ele></trkpt>
      <trkpt lat="40.627992" lon="14.490318"><ele>0</ele></trkpt>
      <trkpt lat="40.628008" lon="14.490304"><ele>0</ele></trkpt>
      <trkpt lat="40.628020" lon="14.490294"><ele>0</ele></trkpt>
      <trkpt lat="40.628029" lon="14.490284"><ele>0</ele></trkpt>
      <trkpt lat="40.628041" lon="14.490264"><ele>0</ele></trkpt>
      <trkpt lat="40.628053" lon="14.490236"><ele>0</ele></trkpt>
      <trkpt lat="40.628073" lon="14.490171"><ele>0</ele></trkpt>
      <trkpt lat="40.628092" lon="14.490092"><ele>0</ele></trkpt>
      <trkpt lat="40.628150" lon="14.489861"><ele>0</ele></trkpt>
      <trkpt lat="40.628169" lon="14.489788"><ele>0</ele></trkpt>
      <trkpt lat="40.628180" lon="14.489756"><ele>0</ele></trkpt>
      <trkpt lat="40.628194" lon="14.489716"><ele>0</ele></trkpt>
      <trkpt lat="40.628234" lon="14.489621"><ele>0</ele></trkpt>
      <trkpt lat="40.628286" lon="14.489508"><ele>0</ele></trkpt>
      <trkpt lat="40.628307" lon="14.489466"><ele>0</ele></trkpt>
      <trkpt lat="40.628330" lon="14.489426"><ele>0</ele></trkpt>
      <trkpt lat="40.628359" lon="14.489378"><ele>0</ele></trkpt>
      <trkpt lat="40.628378" lon="14.489353"><ele>0</ele></trkpt>
      <trkpt lat="40.628400" lon="14.489328"><ele>0</ele></trkpt>
      <trkpt lat="40.628431" lon="14.489294"><ele>0</ele></trkpt>
      <trkpt lat="40.628452" lon="14.489270"><ele>0</ele></trkpt>
      <trkpt lat="40.628473" lon="14.489245"><ele>0</ele></trkpt>
      <trkpt lat="40.628509" lon="14.489192"><ele>0</ele></trkpt>
      <trkpt lat="40.628525" lon="14.489160"><ele>0</ele></trkpt>
      <trkpt lat="40.628537" lon="14.489131"><ele>0</ele></trkpt>
      <trkpt lat="40.628563" lon="14.489064"><ele>0</ele></trkpt>
      <trkpt lat="40.628578" lon="14.489019"><ele>0</ele></trkpt>
      <trkpt lat="40.628598" lon="14.488979"><ele>0</ele></trkpt>
      <trkpt lat="40.628625" lon="14.488937"><ele>0</ele></trkpt>
      <trkpt lat="40.628634" lon="14.488926"><ele>0</ele></trkpt>
      <trkpt lat="40.628698" lon="14.488838"><ele>0</ele></trkpt>
      <trkpt lat="40.628784" lon="14.488721"><ele>0</ele></trkpt>
      <trkpt lat="40.628828" lon="14.488666"><ele>0</ele></trkpt>
      <trkpt lat="40.628855" lon="14.488625"><ele>0</ele></trkpt>
      <trkpt lat="40.628891" lon="14.488566"><ele>0</ele></trkpt>
      <trkpt lat="40.628914" lon="14.488522"><ele>0</ele></trkpt>
      <trkpt lat="40.628936" lon="14.488477"><ele>0</ele></trkpt>
      <trkpt lat="40.628972" lon="14.488421"><ele>0</ele></trkpt>
      <trkpt lat="40.629007" lon="14.488374"><ele>0</ele></trkpt>
      <trkpt lat="40.629043" lon="14.488334"><ele>0</ele></trkpt>
      <trkpt lat="40.629080" lon="14.488300"><ele>0</ele></trkpt>
      <trkpt lat="40.629133" lon="14.488255"><ele>0</ele></trkpt>
      <trkpt lat="40.629333" lon="14.488068"><ele>0</ele></trkpt>
      <trkpt lat="40.629379" lon="14.488029"><ele>0</ele></trkpt>
      <trkpt lat="40.629423" lon="14.487994"><ele>0</ele></trkpt>
      <trkpt lat="40.629493" lon="14.487956"><ele>0</ele></trkpt>
      <trkpt lat="40.629574" lon="14.487916"><ele>0</ele></trkpt>
      <trkpt lat="40.629604" lon="14.487902"><ele>0</ele></trkpt>
      <trkpt lat="40.629641" lon="14.487880"><ele>0</ele></trkpt>
      <trkpt lat="40.629679" lon="14.487846"><ele>0</ele></trkpt>
      <trkpt lat="40.629739" lon="14.487771"><ele>0</ele></trkpt>
      <trkpt lat="40.629809" lon="14.487687"><ele>0</ele></trkpt>
      <trkpt lat="40.629859" lon="14.487649"><ele>0</ele></trkpt>
      <trkpt lat="40.629908" lon="14.487629"><ele>0</ele></trkpt>
      <trkpt lat="40.629970" lon="14.487612"><ele>0</ele></trkpt>
      <trkpt lat="40.630117" lon="14.487593"><ele>0</ele></trkpt>
      <trkpt lat="40.630203" lon="14.487572"><ele>0</ele></trkpt>
      <trkpt lat="40.630277" lon="14.487539"><ele>0</ele></trkpt>
      <trkpt lat="40.630346" lon="14.487479"><ele>0</ele></trkpt>
      <trkpt lat="40.630411" lon="14.487407"><ele>0</ele></trkpt>
      <trkpt lat="40.630447" lon="14.487374"><ele>0</ele></trkpt>
      <trkpt lat="40.630485" lon="14.487348"><ele>0</ele></trkpt>
      <trkpt lat="40.630532" lon="14.487326"><ele>0</ele></trkpt>
      <trkpt lat="40.630586" lon="14.487312"><ele>0</ele></trkpt>
      <trkpt lat="40.630642" lon="14.487308"><ele>0</ele></trkpt>
      <trkpt lat="40.630721" lon="14.487324"><ele>0</ele></trkpt>
      <trkpt lat="40.630778" lon="14.487334"><ele>0</ele></trkpt>
      <trkpt lat="40.630836" lon="14.487329"><ele>0</ele></trkpt>
      <trkpt lat="40.630861" lon="14.487320"><ele>0</ele></trkpt>
      <trkpt lat="40.630887" lon="14.487304"><ele>0</ele></trkpt>
      <trkpt lat="40.630920" lon="14.487278"><ele>0</ele></trkpt>
      <trkpt lat="40.630954" lon="14.487241"><ele>0</ele></trkpt>
      <trkpt lat="40.630993" lon="14.487195"><ele>0</ele></trkpt>
      <trkpt lat="40.631091" lon="14.487084"><ele>0</ele></trkpt>
      <trkpt lat="40.631226" lon="14.486946"><ele>0</ele></trkpt>
      <trkpt lat="40.631248" lon="14.486933"><ele>0</ele></trkpt>
      <trkpt lat="40.631269" lon="14.486926"><ele>0</ele></trkpt>
      <trkpt lat="40.631297" lon="14.486928"><ele>0</ele></trkpt>
      <trkpt lat="40.631339" lon="14.486938"><ele>0</ele></trkpt>
      <trkpt lat="40.631376" lon="14.486948"><ele>0</ele></trkpt>
      <trkpt lat="40.631398" lon="14.486951"><ele>0</ele></trkpt>
      <trkpt lat="40.631423" lon="14.486944"><ele>0</ele></trkpt>
      <trkpt lat="40.631439" lon="14.486933"><ele>0</ele></trkpt>
      <trkpt lat="40.631452" lon="14.486915"><ele>0</ele></trkpt>
      <trkpt lat="40.631460" lon="14.486891"><ele>0</ele></trkpt>
      <trkpt lat="40.631464" lon="14.486857"><ele>0</ele></trkpt>
      <trkpt lat="40.631463" lon="14.486840"><ele>0</ele></trkpt>
      <trkpt lat="40.631456" lon="14.486809"><ele>0</ele></trkpt>
      <trkpt lat="40.631443" lon="14.486773"><ele>0</ele></trkpt>
      <trkpt lat="40.631428" lon="14.486748"><ele>0</ele></trkpt>
      <trkpt lat="40.631412" lon="14.486726"><ele>0</ele></trkpt>
      <trkpt lat="40.631384" lon="14.486695"><ele>0</ele></trkpt>
      <trkpt lat="40.631332" lon="14.486646"><ele>0</ele></trkpt>
      <trkpt lat="40.631290" lon="14.486610"><ele>0</ele></trkpt>
      <trkpt lat="40.631262" lon="14.486593"><ele>0</ele></trkpt>
      <trkpt lat="40.631244" lon="14.486585"><ele>0</ele></trkpt>
      <trkpt lat="40.631221" lon="14.486574"><ele>0</ele></trkpt>
      <trkpt lat="40.631198" lon="14.486569"><ele>0</ele></trkpt>
      <trkpt lat="40.631170" lon="14.486565"><ele>0</ele></trkpt>
      <trkpt lat="40.631125" lon="14.486568"><ele>0</ele></trkpt>
      <trkpt lat="40.631013" lon="14.486581"><ele>0</ele></trkpt>
      <trkpt lat="40.630973" lon="14.486586"><ele>0</ele></trkpt>
      <trkpt lat="40.630950" lon="14.486586"><ele>0</ele></trkpt>
      <trkpt lat="40.630933" lon="14.486586"><ele>0</ele></trkpt>
      <trkpt lat="40.630905" lon="14.486582"><ele>0</ele></trkpt>
      <trkpt lat="40.630883" lon="14.486577"><ele>0</ele></trkpt>
      <trkpt lat="40.630849" lon="14.486552"><ele>0</ele></trkpt>
      <trkpt lat="40.630818" lon="14.486516"><ele>0</ele></trkpt>
      <trkpt lat="40.630788" lon="14.486468"><ele>0</ele></trkpt>
      <trkpt lat="40.630748" lon="14.486383"><ele>0</ele></trkpt>
      <trkpt lat="40.630725" lon="14.486316"><ele>0</ele></trkpt>
      <trkpt lat="40.630705" lon="14.486257"><ele>0</ele></trkpt>
      <trkpt lat="40.630691" lon="14.486177"><ele>0</ele></trkpt>
      <trkpt lat="40.630683" lon="14.486112"><ele>0</ele></trkpt>
      <trkpt lat="40.630687" lon="14.486034"><ele>0</ele></trkpt>
      <trkpt lat="40.630714" lon="14.485966"><ele>0</ele></trkpt>
      <trkpt lat="40.630747" lon="14.485912"><ele>0</ele></trkpt>
      <trkpt lat="40.630813" lon="14.485845"><ele>0</ele></trkpt>
      <trkpt lat="40.630890" lon="14.485809"><ele>0</ele></trkpt>
      <trkpt lat="40.630934" lon="14.485787"><ele>0</ele></trkpt>
      <trkpt lat="40.630986" lon="14.485766"><ele>0</ele></trkpt>
      <trkpt lat="40.631052" lon="14.485744"><ele>0</ele></trkpt>
      <trkpt lat="40.631182" lon="14.485700"><ele>0</ele></trkpt>
      <trkpt lat="40.631253" lon="14.485680"><ele>0</ele></trkpt>
      <trkpt lat="40.631331" lon="14.485635"><ele>0</ele></trkpt>
      <trkpt lat="40.631369" lon="14.485608"><ele>0</ele></trkpt>
      <trkpt lat="40.631402" lon="14.485570"><ele>0</ele></trkpt>
      <trkpt lat="40.631587" lon="14.485350"><ele>0</ele></trkpt>
      <trkpt lat="40.631626" lon="14.485309"><ele>0</ele></trkpt>
      <trkpt lat="40.631676" lon="14.485267"><ele>0</ele></trkpt>
      <trkpt lat="40.631791" lon="14.485166"><ele>0</ele></trkpt>
      <trkpt lat="40.631837" lon="14.485133"><ele>0</ele></trkpt>
      <trkpt lat="40.631880" lon="14.485112"><ele>0</ele></trkpt>
      <trkpt lat="40.631936" lon="14.485087"><ele>0</ele></trkpt>
      <trkpt lat="40.632044" lon="14.485047"><ele>0</ele></trkpt>
      <trkpt lat="40.632113" lon="14.485028"><ele>0</ele></trkpt>
      <trkpt lat="40.632191" lon="14.485018"><ele>0</ele></trkpt>
      <trkpt lat="40.632304" lon="14.485004"><ele>0</ele></trkpt>
      <trkpt lat="40.632568" lon="14.484973"><ele>0</ele></trkpt>
      <trkpt lat="40.632607" lon="14.484953"><ele>0</ele></trkpt>
      <trkpt lat="40.632632" lon="14.484938"><ele>0</ele></trkpt>
      <trkpt lat="40.632681" lon="14.484910"><ele>0</ele></trkpt>
      <trkpt lat="40.632770" lon="14.484870"><ele>0</ele></trkpt>
      <trkpt lat="40.632836" lon="14.484850"><ele>0</ele></trkpt>
      <trkpt lat="40.632895" lon="14.484837"><ele>0</ele></trkpt>
      <trkpt lat="40.632929" lon="14.484830"><ele>0</ele></trkpt>
      <trkpt lat="40.632965" lon="14.484828"><ele>0</ele></trkpt>
      <trkpt lat="40.633111" lon="14.484838"><ele>0</ele></trkpt>
      <trkpt lat="40.633173" lon="14.484833"><ele>0</ele></trkpt>
      <trkpt lat="40.633207" lon="14.484820"><ele>0</ele></trkpt>
      <trkpt lat="40.633230" lon="14.484803"><ele>0</ele></trkpt>
      <trkpt lat="40.633302" lon="14.484730"><ele>0</ele></trkpt>
      <trkpt lat="40.633362" lon="14.484673"><ele>0</ele></trkpt>
      <trkpt lat="40.633392" lon="14.484649"><ele>0</ele></trkpt>
      <trkpt lat="40.633413" lon="14.484639"><ele>0</ele></trkpt>
      <trkpt lat="40.633435" lon="14.484636"><ele>0</ele></trkpt>
      <trkpt lat="40.633460" lon="14.484639"><ele>0</ele></trkpt>
      <trkpt lat="40.633488" lon="14.484648"><ele>0</ele></trkpt>
      <trkpt lat="40.633525" lon="14.484662"><ele>0</ele></trkpt>
      <trkpt lat="40.633550" lon="14.484676"><ele>0</ele></trkpt>
      <trkpt lat="40.633603" lon="14.484705"><ele>0</ele></trkpt>
      <trkpt lat="40.633647" lon="14.484732"><ele>0</ele></trkpt>
      <trkpt lat="40.633687" lon="14.484761"><ele>0</ele></trkpt>
      <trkpt lat="40.633730" lon="14.484787"><ele>0</ele></trkpt>
      <trkpt lat="40.633775" lon="14.484819"><ele>0</ele></trkpt>
      <trkpt lat="40.633819" lon="14.484858"><ele>0</ele></trkpt>
      <trkpt lat="40.633862" lon="14.484905"><ele>0</ele></trkpt>
      <trkpt lat="40.633921" lon="14.484989"><ele>0</ele></trkpt>
      <trkpt lat="40.633970" lon="14.485059"><ele>0</ele></trkpt>
      <trkpt lat="40.634011" lon="14.485117"><ele>0</ele></trkpt>
      <trkpt lat="40.634046" lon="14.485167"><ele>0</ele></trkpt>
      <trkpt lat="40.634077" lon="14.485204"><ele>0</ele></trkpt>
      <trkpt lat="40.634092" lon="14.485214"><ele>0</ele></trkpt>
      <trkpt lat="40.634106" lon="14.485215"><ele>0</ele></trkpt>
      <trkpt lat="40.634129" lon="14.485215"><ele>0</ele></trkpt>
      <trkpt lat="40.634145" lon="14.485209"><ele>0</ele></trkpt>
      <trkpt lat="40.634160" lon="14.485201"><ele>0</ele></trkpt>
      <trkpt lat="40.634175" lon="14.485186"><ele>0</ele></trkpt>
      <trkpt lat="40.634192" lon="14.485155"><ele>0</ele></trkpt>
      <trkpt lat="40.634204" lon="14.485110"><ele>0</ele></trkpt>
      <trkpt lat="40.634210" lon="14.485033"><ele>0</ele></trkpt>
      <trkpt lat="40.634204" lon="14.484965"><ele>0</ele></trkpt>
      <trkpt lat="40.634189" lon="14.484884"><ele>0</ele></trkpt>
      <trkpt lat="40.634172" lon="14.484817"><ele>0</ele></trkpt>
      <trkpt lat="40.634150" lon="14.484746"><ele>0</ele></trkpt>
      <trkpt lat="40.634108" lon="14.484612"><ele>0</ele></trkpt>
      <trkpt lat="40.634082" lon="14.484538"><ele>0</ele></trkpt>
      <trkpt lat="40.633975" lon="14.484240"><ele>0</ele></trkpt>
      <trkpt lat="40.633937" lon="14.484140"><ele>0</ele></trkpt>
      <trkpt lat="40.633906" lon="14.484068"><ele>0</ele></trkpt>
      <trkpt lat="40.633877" lon="14.483999"><ele>0</ele></trkpt>
      <trkpt lat="40.633838" lon="14.483882"><ele>0</ele></trkpt>
      <trkpt lat="40.633804" lon="14.483761"><ele>0</ele></trkpt>
      <trkpt lat="40.633766" lon="14.483631"><ele>0</ele></trkpt>
      <trkpt lat="40.633764" lon="14.483625"><ele>0</ele></trkpt>
      <trkpt lat="40.633749" lon="14.483575"><ele>0</ele></trkpt>
      <trkpt lat="40.633743" lon="14.483555"><ele>0</ele></trkpt>
      <trkpt lat="40.633722" lon="14.483476"><ele>0</ele></trkpt>
      <trkpt lat="40.633700" lon="14.483435"><ele>0</ele></trkpt>
      <trkpt lat="40.633672" lon="14.483406"><ele>0</ele></trkpt>
      <trkpt lat="40.633636" lon="14.483387"><ele>0</ele></trkpt>
      <trkpt lat="40.633597" lon="14.483381"><ele>0</ele></trkpt>
      <trkpt lat="40.633504" lon="14.483370"><ele>0</ele></trkpt>
      <trkpt lat="40.633438" lon="14.483361"><ele>0</ele></trkpt>
      <trkpt lat="40.633299" lon="14.483335"><ele>0</ele></trkpt>
      <trkpt lat="40.633242" lon="14.483316"><ele>0</ele></trkpt>
      <trkpt lat="40.633209" lon="14.483299"><ele>0</ele></trkpt>
      <trkpt lat="40.633173" lon="14.483280"><ele>0</ele></trkpt>
      <trkpt lat="40.633149" lon="14.483261"><ele>0</ele></trkpt>
      <trkpt lat="40.633117" lon="14.483225"><ele>0</ele></trkpt>
      <trkpt lat="40.633042" lon="14.483118"><ele>0</ele></trkpt>
      <trkpt lat="40.632957" lon="14.483001"><ele>0</ele></trkpt>
      <trkpt lat="40.632933" lon="14.482974"><ele>0</ele></trkpt>
      <trkpt lat="40.632903" lon="14.482945"><ele>0</ele></trkpt>
      <trkpt lat="40.632867" lon="14.482921"><ele>0</ele></trkpt>
      <trkpt lat="40.632831" lon="14.482902"><ele>0</ele></trkpt>
      <trkpt lat="40.632770" lon="14.482879"><ele>0</ele></trkpt>
      <trkpt lat="40.632524" lon="14.482817"><ele>0</ele></trkpt>
      <trkpt lat="40.632440" lon="14.482794"><ele>0</ele></trkpt>
      <trkpt lat="40.632393" lon="14.482783"><ele>0</ele></trkpt>
      <trkpt lat="40.632368" lon="14.482782"><ele>0</ele></trkpt>
      <trkpt lat="40.632341" lon="14.482784"><ele>0</ele></trkpt>
      <trkpt lat="40.632326" lon="14.482790"><ele>0</ele></trkpt>
      <trkpt lat="40.632310" lon="14.482805"><ele>0</ele></trkpt>
      <trkpt lat="40.632296" lon="14.482827"><ele>0</ele></trkpt>
      <trkpt lat="40.632285" lon="14.482869"><ele>0</ele></trkpt>
      <trkpt lat="40.632275" lon="14.482899"><ele>0</ele></trkpt>
      <trkpt lat="40.632255" lon="14.482950"><ele>0</ele></trkpt>
      <trkpt lat="40.632228" lon="14.482993"><ele>0</ele></trkpt>
      <trkpt lat="40.632195" lon="14.483018"><ele>0</ele></trkpt>
      <trkpt lat="40.632138" lon="14.483027"><ele>0</ele></trkpt>
      <trkpt lat="40.632081" lon="14.483040"><ele>0</ele></trkpt>
      <trkpt lat="40.632026" lon="14.483056"><ele>0</ele></trkpt>
      <trkpt lat="40.631970" lon="14.483082"><ele>0</ele></trkpt>
      <trkpt lat="40.631903" lon="14.483121"><ele>0</ele></trkpt>
      <trkpt lat="40.631826" lon="14.483155"><ele>0</ele></trkpt>
      <trkpt lat="40.631679" lon="14.483211"><ele>0</ele></trkpt>
      <trkpt lat="40.631639" lon="14.483221"><ele>0</ele></trkpt>
      <trkpt lat="40.631611" lon="14.483215"><ele>0</ele></trkpt>
      <trkpt lat="40.631591" lon="14.483199"><ele>0</ele></trkpt>
      <trkpt lat="40.631577" lon="14.483180"><ele>0</ele></trkpt>
      <trkpt lat="40.631568" lon="14.483154"><ele>0</ele></trkpt>
      <trkpt lat="40.631568" lon="14.483125"><ele>0</ele></trkpt>
      <trkpt lat="40.631568" lon="14.483084"><ele>0</ele></trkpt>
      <trkpt lat="40.631576" lon="14.483019"><ele>0</ele></trkpt>
      <trkpt lat="40.631588" lon="14.482963"><ele>0</ele></trkpt>
      <trkpt lat="40.631609" lon="14.482896"><ele>0</ele></trkpt>
      <trkpt lat="40.631669" lon="14.482745"><ele>0</ele></trkpt>
      <trkpt lat="40.631695" lon="14.482665"><ele>0</ele></trkpt>
      <trkpt lat="40.631721" lon="14.482570"><ele>0</ele></trkpt>
      <trkpt lat="40.631741" lon="14.482476"><ele>0</ele></trkpt>
      <trkpt lat="40.631748" lon="14.482413"><ele>0</ele></trkpt>
      <trkpt lat="40.631741" lon="14.482359"><ele>0</ele></trkpt>
      <trkpt lat="40.631728" lon="14.482326"><ele>0</ele></trkpt>
      <trkpt lat="40.631713" lon="14.482300"><ele>0</ele></trkpt>
      <trkpt lat="40.631700" lon="14.482286"><ele>0</ele></trkpt>
      <trkpt lat="40.631655" lon="14.482255"><ele>0</ele></trkpt>
      <trkpt lat="40.631579" lon="14.482213"><ele>0</ele></trkpt>
      <trkpt lat="40.631521" lon="14.482178"><ele>0</ele></trkpt>
      <trkpt lat="40.631483" lon="14.482146"><ele>0</ele></trkpt>
      <trkpt lat="40.631455" lon="14.482107"><ele>0</ele></trkpt>
      <trkpt lat="40.631437" lon="14.482071"><ele>0</ele></trkpt>
      <trkpt lat="40.631420" lon="14.482020"><ele>0</ele></trkpt>
      <trkpt lat="40.631390" lon="14.481935"><ele>0</ele></trkpt>
      <trkpt lat="40.631352" lon="14.481840"><ele>0</ele></trkpt>
      <trkpt lat="40.631325" lon="14.481785"><ele>0</ele></trkpt>
      <trkpt lat="40.631291" lon="14.481740"><ele>0</ele></trkpt>
      <trkpt lat="40.631254" lon="14.481703"><ele>0</ele></trkpt>
      <trkpt lat="40.631209" lon="14.481670"><ele>0</ele></trkpt>
      <trkpt lat="40.631169" lon="14.481647"><ele>0</ele></trkpt>
      <trkpt lat="40.631123" lon="14.481625"><ele>0</ele></trkpt>
      <trkpt lat="40.631076" lon="14.481599"><ele>0</ele></trkpt>
      <trkpt lat="40.631017" lon="14.481574"><ele>0</ele></trkpt>
      <trkpt lat="40.630987" lon="14.481567"><ele>0</ele></trkpt>
      <trkpt lat="40.630957" lon="14.481564"><ele>0</ele></trkpt>
      <trkpt lat="40.630923" lon="14.481578"><ele>0</ele></trkpt>
      <trkpt lat="40.630900" lon="14.481599"><ele>0</ele></trkpt>
      <trkpt lat="40.630815" lon="14.481696"><ele>0</ele></trkpt>
      <trkpt lat="40.630781" lon="14.481741"><ele>0</ele></trkpt>
      <trkpt lat="40.630749" lon="14.481798"><ele>0</ele></trkpt>
      <trkpt lat="40.630714" lon="14.481874"><ele>0</ele></trkpt>
      <trkpt lat="40.630680" lon="14.481931"><ele>0</ele></trkpt>
      <trkpt lat="40.630658" lon="14.481956"><ele>0</ele></trkpt>
      <trkpt lat="40.630630" lon="14.481977"><ele>0</ele></trkpt>
      <trkpt lat="40.630601" lon="14.481981"><ele>0</ele></trkpt>
      <trkpt lat="40.630574" lon="14.481968"><ele>0</ele></trkpt>
      <trkpt lat="40.630551" lon="14.481943"><ele>0</ele></trkpt>
      <trkpt lat="40.630501" lon="14.481844"><ele>0</ele></trkpt>
      <trkpt lat="40.630474" lon="14.481810"><ele>0</ele></trkpt>
      <trkpt lat="40.630457" lon="14.481797"><ele>0</ele></trkpt>
      <trkpt lat="40.630436" lon="14.481788"><ele>0</ele></trkpt>
      <trkpt lat="40.630415" lon="14.481782"><ele>0</ele></trkpt>
      <trkpt lat="40.630394" lon="14.481781"><ele>0</ele></trkpt>
      <trkpt lat="40.630363" lon="14.481785"><ele>0</ele></trkpt>
      <trkpt lat="40.630332" lon="14.481794"><ele>0</ele></trkpt>
      <trkpt lat="40.630264" lon="14.481828"><ele>0</ele></trkpt>
      <trkpt lat="40.630149" lon="14.481896"><ele>0</ele></trkpt>
      <trkpt lat="40.630001" lon="14.481987"><ele>0</ele></trkpt>
      <trkpt lat="40.629816" lon="14.482119"><ele>0</ele></trkpt>
      <trkpt lat="40.629733" lon="14.482181"><ele>0</ele></trkpt>
      <trkpt lat="40.629707" lon="14.482208"><ele>0</ele></trkpt>
      <trkpt lat="40.629687" lon="14.482231"><ele>0</ele></trkpt>
      <trkpt lat="40.629658" lon="14.482270"><ele>0</ele></trkpt>
      <trkpt lat="40.629630" lon="14.482301"><ele>0</ele></trkpt>
      <trkpt lat="40.629600" lon="14.482322"><ele>0</ele></trkpt>
      <trkpt lat="40.629573" lon="14.482335"><ele>0</ele></trkpt>
      <trkpt lat="40.629549" lon="14.482341"><ele>0</ele></trkpt>
      <trkpt lat="40.629529" lon="14.482343"><ele>0</ele></trkpt>
      <trkpt lat="40.629506" lon="14.482340"><ele>0</ele></trkpt>
      <trkpt lat="40.629479" lon="14.482333"><ele>0</ele></trkpt>
      <trkpt lat="40.629475" lon="14.482368"><ele>0</ele></trkpt>
      <trkpt lat="40.629461" lon="14.482407"><ele>0</ele></trkpt>
      <trkpt lat="40.629341" lon="14.482639"><ele>0</ele></trkpt>
      <trkpt lat="40.629278" lon="14.482761"><ele>0</ele></trkpt>
      <trkpt lat="40.629211" lon="14.482880"><ele>0</ele></trkpt>
      <trkpt lat="40.629041" lon="14.483189"><ele>0</ele></trkpt>
      <trkpt lat="40.629013" lon="14.483240"><ele>0</ele></trkpt>
      <trkpt lat="40.628987" lon="14.483285"><ele>0</ele></trkpt>
      <trkpt lat="40.628972" lon="14.483317"><ele>0</ele></trkpt>
      <trkpt lat="40.628961" lon="14.483345"><ele>0</ele></trkpt>
      <trkpt lat="40.628963" lon="14.483374"><ele>0</ele></trkpt>
      <trkpt lat="40.628968" lon="14.483388"><ele>0</ele></trkpt>
      <trkpt lat="40.628974" lon="14.483402"><ele>0</ele></trkpt>
      <trkpt lat="40.628989" lon="14.483415"><ele>0</ele></trkpt>
      <trkpt lat="40.629013" lon="14.483420"><ele>0</ele></trkpt>
      <trkpt lat="40.629040" lon="14.483402"><ele>0</ele></trkpt>
      <trkpt lat="40.629062" lon="14.483365"><ele>0</ele></trkpt>
      <trkpt lat="40.629086" lon="14.483321"><ele>0</ele></trkpt>
      <trkpt lat="40.629180" lon="14.483123"><ele>0</ele></trkpt>
      <trkpt lat="40.629276" lon="14.482968"><ele>0</ele></trkpt>
      <trkpt lat="40.629428" lon="14.482768"><ele>0</ele></trkpt>
      <trkpt lat="40.629490" lon="14.482673"><ele>0</ele></trkpt>
      <trkpt lat="40.629507" lon="14.482643"><ele>0</ele></trkpt>
      <trkpt lat="40.629623" lon="14.482399"><ele>0</ele></trkpt>
      <trkpt lat="40.629648" lon="14.482359"><ele>0</ele></trkpt>
      <trkpt lat="40.629696" lon="14.482303"><ele>0</ele></trkpt>
      <trkpt lat="40.629755" lon="14.482240"><ele>0</ele></trkpt>
      <trkpt lat="40.629801" lon="14.482201"><ele>0</ele></trkpt>
      <trkpt lat="40.629842" lon="14.482179"><ele>0</ele></trkpt>
      <trkpt lat="40.629864" lon="14.482177"><ele>0</ele></trkpt>
      <trkpt lat="40.629877" lon="14.482186"><ele>0</ele></trkpt>
      <trkpt lat="40.629885" lon="14.482198"><ele>0</ele></trkpt>
      <trkpt lat="40.629892" lon="14.482212"><ele>0</ele></trkpt>
      <trkpt lat="40.629892" lon="14.482231"><ele>0</ele></trkpt>
      <trkpt lat="40.629885" lon="14.482248"><ele>0</ele></trkpt>
      <trkpt lat="40.629873" lon="14.482263"><ele>0</ele></trkpt>
      <trkpt lat="40.629844" lon="14.482287"><ele>0</ele></trkpt>
      <trkpt lat="40.629776" lon="14.482333"><ele>0</ele></trkpt>
      <trkpt lat="40.629749" lon="14.482357"><ele>0</ele></trkpt>
      <trkpt lat="40.629725" lon="14.482384"><ele>0</ele></trkpt>
      <trkpt lat="40.629704" lon="14.482415"><ele>0</ele></trkpt>
      <trkpt lat="40.629663" lon="14.482489"><ele>0</ele></trkpt>
      <trkpt lat="40.629597" lon="14.482624"><ele>0</ele></trkpt>
      <trkpt lat="40.629536" lon="14.482743"><ele>0</ele></trkpt>
      <trkpt lat="40.629505" lon="14.482791"><ele>0</ele></trkpt>
      <trkpt lat="40.629486" lon="14.482817"><ele>0</ele></trkpt>
      <trkpt lat="40.629451" lon="14.482855"><ele>0</ele></trkpt>
      <trkpt lat="40.629407" lon="14.482904"><ele>0</ele></trkpt>
      <trkpt lat="40.629343" lon="14.482979"><ele>0</ele></trkpt>
      <trkpt lat="40.629293" lon="14.483046"><ele>0</ele></trkpt>
      <trkpt lat="40.629265" lon="14.483091"><ele>0</ele></trkpt>
      <trkpt lat="40.629241" lon="14.483130"><ele>0</ele></trkpt>
      <trkpt lat="40.629226" lon="14.483161"><ele>0</ele></trkpt>
      <trkpt lat="40.629202" lon="14.483218"><ele>0</ele></trkpt>
      <trkpt lat="40.629179" lon="14.483286"><ele>0</ele></trkpt>
      <trkpt lat="40.629138" lon="14.483441"><ele>0</ele></trkpt>
      <trkpt lat="40.629128" lon="14.483502"><ele>0</ele></trkpt>
      <trkpt lat="40.629112" lon="14.483622"><ele>0</ele></trkpt>
      <trkpt lat="40.629103" lon="14.483676"><ele>0</ele></trkpt>
      <trkpt lat="40.629095" lon="14.483698"><ele>0</ele></trkpt>
      <trkpt lat="40.629082" lon="14.483716"><ele>0</ele></trkpt>
      <trkpt lat="40.629065" lon="14.483734"><ele>0</ele></trkpt>
      <trkpt lat="40.629047" lon="14.483749"><ele>0</ele></trkpt>
      <trkpt lat="40.628982" lon="14.483788"><ele>0</ele></trkpt>
      <trkpt lat="40.628926" lon="14.483808"><ele>0</ele></trkpt>
      <trkpt lat="40.628882" lon="14.483820"><ele>0</ele></trkpt>
      <trkpt lat="40.628760" lon="14.483836"><ele>0</ele></trkpt>
      <trkpt lat="40.628720" lon="14.483844"><ele>0</ele></trkpt>
      <trkpt lat="40.628691" lon="14.483854"><ele>0</ele></trkpt>
      <trkpt lat="40.628669" lon="14.483868"><ele>0</ele></trkpt>
      <trkpt lat="40.628657" lon="14.483878"><ele>0</ele></trkpt>
      <trkpt lat="40.628633" lon="14.483903"><ele>0</ele></trkpt>
      <trkpt lat="40.628604" lon="14.483949"><ele>0</ele></trkpt>
      <trkpt lat="40.628593" lon="14.483984"><ele>0</ele></trkpt>
      <trkpt lat="40.628589" lon="14.484006"><ele>0</ele></trkpt>
      <trkpt lat="40.628591" lon="14.484028"><ele>0</ele></trkpt>
      <trkpt lat="40.628593" lon="14.484040"><ele>0</ele></trkpt>
      <trkpt lat="40.628596" lon="14.484077"><ele>0</ele></trkpt>
      <trkpt lat="40.628595" lon="14.484103"><ele>0</ele></trkpt>
      <trkpt lat="40.628590" lon="14.484126"><ele>0</ele></trkpt>
      <trkpt lat="40.628584" lon="14.484146"><ele>0</ele></trkpt>
      <trkpt lat="40.628573" lon="14.484163"><ele>0</ele></trkpt>
      <trkpt lat="40.628545" lon="14.484198"><ele>0</ele></trkpt>
      <trkpt lat="40.628517" lon="14.484225"><ele>0</ele></trkpt>
      <trkpt lat="40.628500" lon="14.484241"><ele>0</ele></trkpt>
      <trkpt lat="40.628484" lon="14.484250"><ele>0</ele></trkpt>
      <trkpt lat="40.628470" lon="14.484253"><ele>0</ele></trkpt>
      <trkpt lat="40.628442" lon="14.484249"><ele>0</ele></trkpt>
      <trkpt lat="40.628417" lon="14.484242"><ele>0</ele></trkpt>
      <trkpt lat="40.628391" lon="14.484230"><ele>0</ele></trkpt>
      <trkpt lat="40.628370" lon="14.484216"><ele>0</ele></trkpt>
      <trkpt lat="40.628356" lon="14.484202"><ele>0</ele></trkpt>
      <trkpt lat="40.628339" lon="14.484180"><ele>0</ele></trkpt>
      <trkpt lat="40.628324" lon="14.484143"><ele>0</ele></trkpt>
      <trkpt lat="40.628318" lon="14.484111"><ele>0</ele></trkpt>
      <trkpt lat="40.628318" lon="14.484084"><ele>0</ele></trkpt>
      <trkpt lat="40.628320" lon="14.484055"><ele>0</ele></trkpt>
      <trkpt lat="40.628331" lon="14.484011"><ele>0</ele></trkpt>
      <trkpt lat="40.628340" lon="14.483955"><ele>0</ele></trkpt>
      <trkpt lat="40.628343" lon="14.483903"><ele>0</ele></trkpt>
      <trkpt lat="40.628341" lon="14.483854"><ele>0</ele></trkpt>
      <trkpt lat="40.628338" lon="14.483800"><ele>0</ele></trkpt>
      <trkpt lat="40.628330" lon="14.483727"><ele>0</ele></trkpt>
      <trkpt lat="40.628325" lon="14.483690"><ele>0</ele></trkpt>
      <trkpt lat="40.628319" lon="14.483628"><ele>0</ele></trkpt>
      <trkpt lat="40.628316" lon="14.483516"><ele>0</ele></trkpt>
      <trkpt lat="40.628316" lon="14.483440"><ele>0</ele></trkpt>
      <trkpt lat="40.628318" lon="14.483302"><ele>0</ele></trkpt>
      <trkpt lat="40.628326" lon="14.483134"><ele>0</ele></trkpt>
      <trkpt lat="40.628330" lon="14.483089"><ele>0</ele></trkpt>
      <trkpt lat="40.628334" lon="14.483053"><ele>0</ele></trkpt>
      <trkpt lat="40.628344" lon="14.483012"><ele>0</ele></trkpt>
      <trkpt lat="40.628358" lon="14.482960"><ele>0</ele></trkpt>
      <trkpt lat="40.628374" lon="14.482917"><ele>0</ele></trkpt>
      <trkpt lat="40.628383" lon="14.482894"><ele>0</ele></trkpt>
      <trkpt lat="40.628420" lon="14.482799"><ele>0</ele></trkpt>
      <trkpt lat="40.628492" lon="14.482615"><ele>0</ele></trkpt>
      <trkpt lat="40.628639" lon="14.482244"><ele>0</ele></trkpt>
      <trkpt lat="40.628710" lon="14.482068"><ele>0</ele></trkpt>
      <trkpt lat="40.628734" lon="14.481996"><ele>0</ele></trkpt>
      <trkpt lat="40.628749" lon="14.481942"><ele>0</ele></trkpt>
      <trkpt lat="40.628767" lon="14.481865"><ele>0</ele></trkpt>
      <trkpt lat="40.628783" lon="14.481789"><ele>0</ele></trkpt>
      <trkpt lat="40.628801" lon="14.481684"><ele>0</ele></trkpt>
      <trkpt lat="40.628812" lon="14.481611"><ele>0</ele></trkpt>
      <trkpt lat="40.628818" lon="14.481522"><ele>0</ele></trkpt>
      <trkpt lat="40.628821" lon="14.481470"><ele>0</ele></trkpt>
      <trkpt lat="40.628824" lon="14.481422"><ele>0</ele></trkpt>
      <trkpt lat="40.628826" lon="14.481343"><ele>0</ele></trkpt>
      <trkpt lat="40.628826" lon="14.481267"><ele>0</ele></trkpt>
      <trkpt lat="40.628825" lon="14.481151"><ele>0</ele></trkpt>
      <trkpt lat="40.628822" lon="14.481033"><ele>0</ele></trkpt>
      <trkpt lat="40.628819" lon="14.480949"><ele>0</ele></trkpt>
      <trkpt lat="40.628817" lon="14.480833"><ele>0</ele></trkpt>
      <trkpt lat="40.628820" lon="14.480796"><ele>0</ele></trkpt>
      <trkpt lat="40.628827" lon="14.480756"><ele>0</ele></trkpt>
      <trkpt lat="40.628840" lon="14.480700"><ele>0</ele></trkpt>
      <trkpt lat="40.628856" lon="14.480635"><ele>0</ele></trkpt>
      <trkpt lat="40.628882" lon="14.480539"><ele>0</ele></trkpt>
      <trkpt lat="40.628979" lon="14.480166"><ele>0</ele></trkpt>
      <trkpt lat="40.628998" lon="14.480086"><ele>0</ele></trkpt>
      <trkpt lat="40.628999" lon="14.480046"><ele>0</ele></trkpt>
      <trkpt lat="40.628992" lon="14.480012"><ele>0</ele></trkpt>
      <trkpt lat="40.628977" lon="14.479993"><ele>0</ele></trkpt>
      <trkpt lat="40.628944" lon="14.479970"><ele>0</ele></trkpt>
      <trkpt lat="40.628891" lon="14.479947"><ele>0</ele></trkpt>
      <trkpt lat="40.628834" lon="14.479928"><ele>0</ele></trkpt>
      <trkpt lat="40.628811" lon="14.479939"><ele>0</ele></trkpt>
      <trkpt lat="40.628784" lon="14.479967"><ele>0</ele></trkpt>
      <trkpt lat="40.628705" lon="14.480068"><ele>0</ele></trkpt>
      <trkpt lat="40.628639" lon="14.480158"><ele>0</ele></trkpt>
      <trkpt lat="40.628612" lon="14.480193"><ele>0</ele></trkpt>
      <trkpt lat="40.628584" lon="14.480221"><ele>0</ele></trkpt>
      <trkpt lat="40.628562" lon="14.480231"><ele>0</ele></trkpt>
      <trkpt lat="40.628543" lon="14.480240"><ele>0</ele></trkpt>
      <trkpt lat="40.628502" lon="14.480242"><ele>0</ele></trkpt>
      <trkpt lat="40.628413" lon="14.480232"><ele>0</ele></trkpt>
      <trkpt lat="40.628293" lon="14.480217"><ele>0</ele></trkpt>
      <trkpt lat="40.628259" lon="14.480216"><ele>0</ele></trkpt>
      <trkpt lat="40.628241" lon="14.480217"><ele>0</ele></trkpt>
      <trkpt lat="40.628228" lon="14.480220"><ele>0</ele></trkpt>
      <trkpt lat="40.628215" lon="14.480227"><ele>0</ele></trkpt>
      <trkpt lat="40.628201" lon="14.480239"><ele>0</ele></trkpt>
      <trkpt lat="40.628193" lon="14.480256"><ele>0</ele></trkpt>
      <trkpt lat="40.628190" lon="14.480273"><ele>0</ele></trkpt>
      <trkpt lat="40.628189" lon="14.480300"><ele>0</ele></trkpt>
      <trkpt lat="40.628198" lon="14.480323"><ele>0</ele></trkpt>
      <trkpt lat="40.628209" lon="14.480335"><ele>0</ele></trkpt>
      <trkpt lat="40.628225" lon="14.480340"><ele>0</ele></trkpt>
      <trkpt lat="40.628254" lon="14.480349"><ele>0</ele></trkpt>
      <trkpt lat="40.628300" lon="14.480363"><ele>0</ele></trkpt>
      <trkpt lat="40.628329" lon="14.480376"><ele>0</ele></trkpt>
      <trkpt lat="40.628351" lon="14.480387"><ele>0</ele></trkpt>
      <trkpt lat="40.628367" lon="14.480396"><ele>0</ele></trkpt>
      <trkpt lat="40.628380" lon="14.480407"><ele>0</ele></trkpt>
      <trkpt lat="40.628399" lon="14.480424"><ele>0</ele></trkpt>
      <trkpt lat="40.628421" lon="14.480451"><ele>0</ele></trkpt>
      <trkpt lat="40.628439" lon="14.480479"><ele>0</ele></trkpt>
      <trkpt lat="40.628453" lon="14.480509"><ele>0</ele></trkpt>
      <trkpt lat="40.628464" lon="14.480537"><ele>0</ele></trkpt>
      <trkpt lat="40.628475" lon="14.480577"><ele>0</ele></trkpt>
      <trkpt lat="40.628494" lon="14.480650"><ele>0</ele></trkpt>
      <trkpt lat="40.628499" lon="14.480701"><ele>0</ele></trkpt>
      <trkpt lat="40.628498" lon="14.480762"><ele>0</ele></trkpt>
      <trkpt lat="40.628494" lon="14.480884"><ele>0</ele></trkpt>
      <trkpt lat="40.628486" lon="14.480931"><ele>0</ele></trkpt>
      <trkpt lat="40.628460" lon="14.481064"><ele>0</ele></trkpt>
      <trkpt lat="40.628433" lon="14.481141"><ele>0</ele></trkpt>
      <trkpt lat="40.628409" lon="14.481201"><ele>0</ele></trkpt>
      <trkpt lat="40.628323" lon="14.481408"><ele>0</ele></trkpt>
      <trkpt lat="40.628278" lon="14.481594"><ele>0</ele></trkpt>
      <trkpt lat="40.628243" lon="14.481792"><ele>0</ele></trkpt>
      <trkpt lat="40.628199" lon="14.482038"><ele>0</ele></trkpt>
      <trkpt lat="40.628125" lon="14.482448"><ele>0</ele></trkpt>
      <trkpt lat="40.628080" lon="14.482632"><ele>0</ele></trkpt>
      <trkpt lat="40.628053" lon="14.482727"><ele>0</ele></trkpt>
      <trkpt lat="40.627998" lon="14.482918"><ele>0</ele></trkpt>
      <trkpt lat="40.627878" lon="14.483275"><ele>0</ele></trkpt>
      <trkpt lat="40.627835" lon="14.483404"><ele>0</ele></trkpt>
      <trkpt lat="40.627832" lon="14.483413"><ele>0</ele></trkpt>
      <trkpt lat="40.627812" lon="14.483474"><ele>0</ele></trkpt>
      <trkpt lat="40.627784" lon="14.483547"><ele>0</ele></trkpt>
      <trkpt lat="40.627760" lon="14.483602"><ele>0</ele></trkpt>
      <trkpt lat="40.627740" lon="14.483641"><ele>0</ele></trkpt>
      <trkpt lat="40.627730" lon="14.483663"><ele>0</ele></trkpt>
      <trkpt lat="40.627716" lon="14.483687"><ele>0</ele></trkpt>
      <trkpt lat="40.627682" lon="14.483735"><ele>0</ele></trkpt>
      <trkpt lat="40.627623" lon="14.483821"><ele>0</ele></trkpt>
      <trkpt lat="40.627588" lon="14.483876"><ele>0</ele></trkpt>
      <trkpt lat="40.627570" lon="14.483910"><ele>0</ele></trkpt>
      <trkpt lat="40.627557" lon="14.483933"><ele>0</ele></trkpt>
      <trkpt lat="40.627546" lon="14.483955"><ele>0</ele></trkpt>
      <trkpt lat="40.627534" lon="14.483984"><ele>0</ele></trkpt>
      <trkpt lat="40.627523" lon="14.484013"><ele>0</ele></trkpt>
      <trkpt lat="40.627512" lon="14.484046"><ele>0</ele></trkpt>
      <trkpt lat="40.627493" lon="14.484100"><ele>0</ele></trkpt>
      <trkpt lat="40.627487" lon="14.484122"><ele>0</ele></trkpt>
      <trkpt lat="40.627483" lon="14.484148"><ele>0</ele></trkpt>
      <trkpt lat="40.627479" lon="14.484190"><ele>0</ele></trkpt>
      <trkpt lat="40.627479" lon="14.484250"><ele>0</ele></trkpt>
      <trkpt lat="40.627489" lon="14.484323"><ele>0</ele></trkpt>
      <trkpt lat="40.627501" lon="14.484385"><ele>0</ele></trkpt>
      <trkpt lat="40.627610" lon="14.484746"><ele>0</ele></trkpt>
      <trkpt lat="40.627674" lon="14.484934"><ele>0</ele></trkpt>
      <trkpt lat="40.627735" lon="14.485111"><ele>0</ele></trkpt>
      <trkpt lat="40.627746" lon="14.485142"><ele>0</ele></trkpt>
      <trkpt lat="40.627760" lon="14.485173"><ele>0</ele></trkpt>
      <trkpt lat="40.627785" lon="14.485205"><ele>0</ele></trkpt>
      <trkpt lat="40.627820" lon="14.485229"><ele>0</ele></trkpt>
      <trkpt lat="40.627853" lon="14.485245"><ele>0</ele></trkpt>
      <trkpt lat="40.627874" lon="14.485250"><ele>0</ele></trkpt>
      <trkpt lat="40.627926" lon="14.485257"><ele>0</ele></trkpt>
      <trkpt lat="40.628022" lon="14.485264"><ele>0</ele></trkpt>
      <trkpt lat="40.628092" lon="14.485267"><ele>0</ele></trkpt>
    </trkseg>
  </trk>
</gpx>