<?xml version="1.0" encoding="UTF-8"?>
<gpx xmlns="http://www.topografix.com/GPX/1/1" version="1.1" creator="MotoMap">
  <trk>
    <name>chiantigiana</name>
    <trkseg>
      <trkpt lat="43.758818" lon="11.248658"><ele>0</ele></trkpt>
      <trkpt lat="43.758848" lon="11.248628"><ele>0</ele></trkpt>
      <trkpt lat="43.758918" lon="11.248529"><ele>0</ele></trkpt>
      <trkpt lat="43.758986" lon="11.248386"><ele>0</ele></trkpt>
      <trkpt lat="43.759046" lon="11.248212"><ele>0</ele></trkpt>
      <trkpt lat="43.759071" lon="11.248098"><ele>0</ele></trkpt>
      <trkpt lat="43.759087" lon="11.247983"><ele>0</ele></trkpt>
      <trkpt lat="43.759085" lon="11.247843"><ele>0</ele></trkpt>
      <trkpt lat="43.759065" lon="11.247685"><ele>0</ele></trkpt>
      <trkpt lat="43.759030" lon="11.247567"><ele>0</ele></trkpt>
      <trkpt lat="43.758986" lon="11.247463"><ele>0</ele></trkpt>
      <trkpt lat="43.758950" lon="11.247384"><ele>0</ele></trkpt>
      <trkpt lat="43.758861" lon="11.247195"><ele>0</ele></trkpt>
      <trkpt lat="43.758819" lon="11.247067"><ele>0</ele></trkpt>
      <trkpt lat="43.758808" lon="11.247023"><ele>0</ele></trkpt>
      <trkpt lat="43.758792" lon="11.246958"><ele>0</ele></trkpt>
      <trkpt lat="43.758750" lon="11.246702"><ele>0</ele></trkpt>
      <trkpt lat="43.758598" lon="11.245689"><ele>0</ele></trkpt>
      <trkpt lat="43.758586" lon="11.245531"><ele>0</ele></trkpt>
      <trkpt lat="43.758598" lon="11.245285"><ele>0</ele></trkpt>
      <trkpt lat="43.758625" lon="11.245007"><ele>0</ele></trkpt>
      <trkpt lat="43.758640" lon="11.244910"><ele>0</ele></trkpt>
      <trkpt lat="43.758645" lon="11.244877"><ele>0</ele></trkpt>
      <trkpt lat="43.758699" lon="11.244671"><ele>0</ele></trkpt>
      <trkpt lat="43.758758" lon="11.244538"><ele>0</ele></trkpt>
      <trkpt lat="43.758879" lon="11.244316"><ele>0</ele></trkpt>
      <trkpt lat="43.758971" lon="11.244155"><ele>0</ele></trkpt>
      <trkpt lat="43.759095" lon="11.243972"><ele>0</ele></trkpt>
      <trkpt lat="43.759326" lon="11.243630"><ele>0</ele></trkpt>
      <trkpt lat="43.759356" lon="11.243582"><ele>0</ele></trkpt>
      <trkpt lat="43.759635" lon="11.243143"><ele>0</ele></trkpt>
      <trkpt lat="43.759985" lon="11.242607"><ele>0</ele></trkpt>
      <trkpt lat="43.760111" lon="11.242413"><ele>0</ele></trkpt>
      <trkpt lat="43.760149" lon="11.242362"><ele>0</ele></trkpt>
      <trkpt lat="43.760236" lon="11.242263"><ele>0</ele></trkpt>
      <trkpt lat="43.760269" lon="11.242221"><ele>0</ele></trkpt>
      <trkpt lat="43.760377" lon="11.242085"><ele>0</ele></trkpt>
      <trkpt lat="43.760442" lon="11.242011"><ele>0</ele></trkpt>
      <trkpt lat="43.760468" lon="11.241997"><ele>0</ele></trkpt>
      <trkpt lat="43.760498" lon="11.241975"><ele>0</ele></trkpt>
      <trkpt lat="43.760516" lon="11.241955"><ele>0</ele></trkpt>
      <trkpt lat="43.760535" lon="11.241926"><ele>0</ele></trkpt>
      <trkpt lat="43.760550" lon="11.241891"><ele>0</ele></trkpt>
      <trkpt lat="43.760562" lon="11.241839"><ele>0</ele></trkpt>
      <trkpt lat="43.760570" lon="11.241782"><ele>0</ele></trkpt>
      <trkpt lat="43.760567" lon="11.241736"><ele>0</ele></trkpt>
      <trkpt lat="43.760561" lon="11.241698"><ele>0</ele></trkpt>
      <trkpt lat="43.760549" lon="11.241661"><ele>0</ele></trkpt>
      <trkpt lat="43.760537" lon="11.241633"><ele>0</ele></trkpt>
      <trkpt lat="43.760523" lon="11.241608"><ele>0</ele></trkpt>
      <trkpt lat="43.760508" lon="11.241589"><ele>0</ele></trkpt>
      <trkpt lat="43.760473" lon="11.241559"><ele>0</ele></trkpt>
      <trkpt lat="43.760433" lon="11.241535"><ele>0</ele></trkpt>
      <trkpt lat="43.760405" lon="11.241532"><ele>0</ele></trkpt>
      <trkpt lat="43.760375" lon="11.241534"><ele>0</ele></trkpt>
      <trkpt lat="43.760336" lon="11.241545"><ele>0</ele></trkpt>
      <trkpt lat="43.760319" lon="11.241553"><ele>0</ele></trkpt>
      <trkpt lat="43.760267" lon="11.241566"><ele>0</ele></trkpt>
      <trkpt lat="43.760210" lon="11.241570"><ele>0</ele></trkpt>
      <trkpt lat="43.760150" lon="11.241572"><ele>0</ele></trkpt>
      <trkpt lat="43.760039" lon="11.241569"><ele>0</ele></trkpt>
      <trkpt lat="43.759999" lon="11.241568"><ele>0</ele></trkpt>
      <trkpt lat="43.759756" lon="11.241488"><ele>0</ele></trkpt>
      <trkpt lat="43.759532" lon="11.241419"><ele>0</ele></trkpt>
      <trkpt lat="43.759444" lon="11.241390"><ele>0</ele></trkpt>
      <trkpt lat="43.759137" lon="11.241293"><ele>0</ele></trkpt>
      <trkpt lat="43.758888" lon="11.241203"><ele>0</ele></trkpt>
      <trkpt lat="43.758519" lon="11.241070"><ele>0</ele></trkpt>
      <trkpt lat="43.757874" lon="11.240817"><ele>0</ele></trkpt>
      <trkpt lat="43.757812" lon="11.240792"><ele>0</ele></trkpt>
      <trkpt lat="43.757641" lon="11.240725"><ele>0</ele></trkpt>
      <trkpt lat="43.757539" lon="11.240685"><ele>0</ele></trkpt>
      <trkpt lat="43.757337" lon="11.240605"><ele>0</ele></trkpt>
      <trkpt lat="43.757043" lon="11.240482"><ele>0</ele></trkpt>
      <trkpt lat="43.756873" lon="11.240409"><ele>0</ele></trkpt>
      <trkpt lat="43.756633" lon="11.240311"><ele>0</ele></trkpt>
      <trkpt lat="43.756606" lon="11.240300"><ele>0</ele></trkpt>
      <trkpt lat="43.756154" lon="11.240185"><ele>0</ele></trkpt>
      <trkpt lat="43.755921" lon="11.240109"><ele>0</ele></trkpt>
      <trkpt lat="43.755760" lon="11.240064"><ele>0</ele></trkpt>
      <trkpt lat="43.755597" lon="11.240020"><ele>0</ele></trkpt>
      <trkpt lat="43.755276" lon="11.239903"><ele>0</ele></trkpt>
      <trkpt lat="43.755230" lon="11.239887"><ele>0</ele></trkpt>
      <trkpt lat="43.755069" lon="11.239826"><ele>0</ele></trkpt>
      <trkpt lat="43.754656" lon="11.239671"><ele>0</ele></trkpt>
      <trkpt lat="43.754275" lon="11.239528"><ele>0</ele></trkpt>
      <trkpt lat="43.754064" lon="11.239451"><ele>0</ele></trkpt>
      <trkpt lat="43.753670" lon="11.239320"><ele>0</ele></trkpt>
      <trkpt lat="43.753620" lon="11.239301"><ele>0</ele></trkpt>
      <trkpt lat="43.753465" lon="11.239246"><ele>0</ele></trkpt>
      <trkpt lat="43.753245" lon="11.239172"><ele>0</ele></trkpt>
      <trkpt lat="43.753140" lon="11.239132"><ele>0</ele></trkpt>
      <trkpt lat="43.752831" lon="11.238948"><ele>0</ele></trkpt>
      <trkpt lat="43.752631" lon="11.238809"><ele>0</ele></trkpt>
      <trkpt lat="43.752519" lon="11.238705"><ele>0</ele></trkpt>
      <trkpt lat="43.752358" lon="11.238546"><ele>0</ele></trkpt>
      <trkpt lat="43.752191" lon="11.238363"><ele>0</ele></trkpt>
      <trkpt lat="43.752031" lon="11.238189"><ele>0</ele></trkpt>
      <trkpt lat="43.751927" lon="11.238073"><ele>0</ele></trkpt>
      <trkpt lat="43.751804" lon="11.237937"><ele>0</ele></trkpt>
      <trkpt lat="43.751449" lon="11.237545"><ele>0</ele></trkpt>
      <trkpt lat="43.751298" lon="11.237374"><ele>0</ele></trkpt>
      <trkpt lat="43.751167" lon="11.237219"><ele>0</ele></trkpt>
      <trkpt lat="43.750986" lon="11.237008"><ele>0</ele></trkpt>
      <trkpt lat="43.750954" lon="11.236972"><ele>0</ele></trkpt>
      <trkpt lat="43.750932" lon="11.236948"><ele>0</ele></trkpt>
      <trkpt lat="43.750788" lon="11.236786"><ele>0</ele></trkpt>
      <trkpt lat="43.750636" lon="11.236619"><ele>0</ele></trkpt>
      <trkpt lat="43.750514" lon="11.236480"><ele>0</ele></trkpt>
      <trkpt lat="43.750439" lon="11.236392"><ele>0</ele></trkpt>
      <trkpt lat="43.750389" lon="11.236335"><ele>0</ele></trkpt>
      <trkpt lat="43.750247" lon="11.236174"><ele>0</ele></trkpt>
      <trkpt lat="43.750166" lon="11.236079"><ele>0</ele></trkpt>
      <trkpt lat="43.750084" lon="11.235991"><ele>0</ele></trkpt>
      <trkpt lat="43.749968" lon="11.235887"><ele>0</ele></trkpt>
      <trkpt lat="43.749949" lon="11.235870"><ele>0</ele></trkpt>
      <trkpt lat="43.749872" lon="11.235796"><ele>0</ele></trkpt>
      <trkpt lat="43.749814" lon="11.235743"><ele>0</ele></trkpt>
      <trkpt lat="43.749615" lon="11.235557"><ele>0</ele></trkpt>
      <trkpt lat="43.749564" lon="11.235496"><ele>0</ele></trkpt>
      <trkpt lat="43.749441" lon="11.235267"><ele>0</ele></trkpt>
      <trkpt lat="43.749410" lon="11.235205"><ele>0</ele></trkpt>
      <trkpt lat="43.749347" lon="11.235066"><ele>0</ele></trkpt>
      <trkpt lat="43.749072" lon="11.234494"><ele>0</ele></trkpt>
      <trkpt lat="43.749022" lon="11.234386"><ele>0</ele></trkpt>
      <trkpt lat="43.748796" lon="11.233899"><ele>0</ele></trkpt>
      <trkpt lat="43.748650" lon="11.233599"><ele>0</ele></trkpt>
      <trkpt lat="43.747640" lon="11.231432"><ele>0</ele></trkpt>
      <trkpt lat="43.747423" lon="11.230978"><ele>0</ele></trkpt>
      <trkpt lat="43.747416" lon="11.230964"><ele>0</ele></trkpt>
      <trkpt lat="43.747340" lon="11.230805"><ele>0</ele></trkpt>
      <trkpt lat="43.747227" lon="11.230572"><ele>0</ele></trkpt>
      <trkpt lat="43.747184" lon="11.230501"><ele>0</ele></trkpt>
      <trkpt lat="43.747092" lon="11.230345"><ele>0</ele></trkpt>
      <trkpt lat="43.747010" lon="11.230226"><ele>0</ele></trkpt>
      <trkpt lat="43.746842" lon="11.230005"><ele>0</ele></trkpt>
      <trkpt lat="43.745875" lon="11.228780"><ele>0</ele></trkpt>
      <trkpt lat="43.745651" lon="11.228490"><ele>0</ele></trkpt>
      <trkpt lat="43.745453" lon="11.228235"><ele>0</ele></trkpt>
      <trkpt lat="43.745313" lon="11.228077"><ele>0</ele></trkpt>
      <trkpt lat="43.745167" lon="11.227926"><ele>0</ele></trkpt>
      <trkpt lat="43.744951" lon="11.227733"><ele>0</ele></trkpt>
      <trkpt lat="43.742712" lon="11.225722"><ele>0</ele></trkpt>
      <trkpt lat="43.742644" lon="11.225655"><ele>0</ele></trkpt>
      <trkpt lat="43.742604" lon="11.225608"><ele>0</ele></trkpt>
      <trkpt lat="43.742545" lon="11.225522"><ele>0</ele></trkpt>
      <trkpt lat="43.742484" lon="11.225377"><ele>0</ele></trkpt>
      <trkpt lat="43.742460" lon="11.225300"><ele>0</ele></trkpt>
      <trkpt lat="43.742447" lon="11.225214"><ele>0</ele></trkpt>
      <trkpt lat="43.742447" lon="11.225152"><ele>0</ele></trkpt>
      <trkpt lat="43.742447" lon="11.225010"><ele>0</ele></trkpt>
      <trkpt lat="43.742448" lon="11.224975"><ele>0</ele></trkpt>
      <trkpt lat="43.742434" lon="11.224890"><ele>0</ele></trkpt>
      <trkpt lat="43.742367" lon="11.224699"><ele>0</ele></trkpt>
      <trkpt lat="43.742348" lon="11.224629"><ele>0</ele></trkpt>
      <trkpt lat="43.742333" lon="11.224567"><ele>0</ele></trkpt>
      <trkpt lat="43.742323" lon="11.224519"><ele>0</ele></trkpt>
      <trkpt lat="43.742306" lon="11.224417"><ele>0</ele></trkpt>
      <trkpt lat="43.742314" lon="11.224101"><ele>0</ele></trkpt>
      <trkpt lat="43.742467" lon="11.220700"><ele>0</ele></trkpt>
      <trkpt lat="43.742495" lon="11.220148"><ele>0</ele></trkpt>
      <trkpt lat="43.742536" lon="11.219933"><ele>0</ele></trkpt>
      <trkpt lat="43.742574" lon="11.219844"><ele>0</ele></trkpt>
      <trkpt lat="43.742630" lon="11.219759"><ele>0</ele></trkpt>
      <trkpt lat="43.742679" lon="11.219746"><ele>0</ele></trkpt>
      <trkpt lat="43.742738" lon="11.219709"><ele>0</ele></trkpt>
      <trkpt lat="43.742803" lon="11.219623"><ele>0</ele></trkpt>
      <trkpt lat="43.742822" lon="11.219575"><ele>0</ele></trkpt>
      <trkpt lat="43.742836" lon="11.219520"><ele>0</ele></trkpt>
      <trkpt lat="43.742842" lon="11.219459"><ele>0</ele></trkpt>
      <trkpt lat="43.742842" lon="11.219401"><ele>0</ele></trkpt>
      <trkpt lat="43.742830" lon="11.219330"><ele>0</ele></trkpt>
      <trkpt lat="43.742813" lon="11.219275"><ele>0</ele></trkpt>
      <trkpt lat="43.742793" lon="11.219227"><ele>0</ele></trkpt>
      <trkpt lat="43.742746" lon="11.219178"><ele>0</ele></trkpt>
      <trkpt lat="43.742705" lon="11.219057"><ele>0</ele></trkpt>
      <trkpt lat="43.742662" lon="11.218900"><ele>0</ele></trkpt>
      <trkpt lat="43.742651" lon="11.218439"><ele>0</ele></trkpt>
      <trkpt lat="43.742675" lon="11.218033"><ele>0</ele></trkpt>
      <trkpt lat="43.742694" lon="11.217293"><ele>0</ele></trkpt>
      <trkpt lat="43.742682" lon="11.216901"><ele>0</ele></trkpt>
      <trkpt lat="43.742643" lon="11.216572"><ele>0</ele></trkpt>
      <trkpt lat="43.742576" lon="11.216225"><ele>0</ele></trkpt>
      <trkpt lat="43.742424" lon="11.215796"><ele>0</ele></trkpt>
      <trkpt lat="43.742220" lon="11.215410"><ele>0</ele></trkpt>
      <trkpt lat="43.741972" lon="11.215045"><ele>0</ele></trkpt>
      <trkpt lat="43.741711" lon="11.214800"><ele>0</ele></trkpt>
      <trkpt lat="43.741445" lon="11.214616"><ele>0</ele></trkpt>
      <trkpt lat="43.740933" lon="11.214423"><ele>0</ele></trkpt>
      <trkpt lat="43.740506" lon="11.214303"><ele>0</ele></trkpt>
      <trkpt lat="43.740076" lon="11.214207"><ele>0</ele></trkpt>
      <trkpt lat="43.739824" lon="11.214145"><ele>0</ele></trkpt>
      <trkpt lat="43.739401" lon="11.214037"><ele>0</ele></trkpt>
      <trkpt lat="43.738914" lon="11.213926"><ele>0</ele></trkpt>
      <trkpt lat="43.738253" lon="11.213775"><ele>0</ele></trkpt>
      <trkpt lat="43.738081" lon="11.213736"><ele>0</ele></trkpt>
      <trkpt lat="43.737664" lon="11.213640"><ele>0</ele></trkpt>
      <trkpt lat="43.737397" lon="11.213569"><ele>0</ele></trkpt>
      <trkpt lat="43.737068" lon="11.213486"><ele>0</ele></trkpt>
      <trkpt lat="43.736370" lon="11.213336"><ele>0</ele></trkpt>
      <trkpt lat="43.735568" lon="11.213244"><ele>0</ele></trkpt>
      <trkpt lat="43.735101" lon="11.213200"><ele>0</ele></trkpt>
      <trkpt lat="43.734620" lon="11.213200"><ele>0</ele></trkpt>
      <trkpt lat="43.734193" lon="11.213222"><ele>0</ele></trkpt>
      <trkpt lat="43.733750" lon="11.213269"><ele>0</ele></trkpt>
      <trkpt lat="43.733221" lon="11.213398"><ele>0</ele></trkpt>
      <trkpt lat="43.732868" lon="11.213511"><ele>0</ele></trkpt>
      <trkpt lat="43.732469" lon="11.213672"><ele>0</ele></trkpt>
      <trkpt lat="43.731973" lon="11.213919"><ele>0</ele></trkpt>
      <trkpt lat="43.731402" lon="11.214300"><ele>0</ele></trkpt>
      <trkpt lat="43.731069" lon="11.214565"><ele>0</ele></trkpt>
      <trkpt lat="43.730770" lon="11.214825"><ele>0</ele></trkpt>
      <trkpt lat="43.730455" lon="11.215131"><ele>0</ele></trkpt>
      <trkpt lat="43.730168" lon="11.215455"><ele>0</ele></trkpt>
      <trkpt lat="43.729643" lon="11.216054"><ele>0</ele></trkpt>
      <trkpt lat="43.729355" lon="11.216404"><ele>0</ele></trkpt>
      <trkpt lat="43.728918" lon="11.216923"><ele>0</ele></trkpt>
      <trkpt lat="43.728410" lon="11.217450"><ele>0</ele></trkpt>
      <trkpt lat="43.728202" lon="11.217646"><ele>0</ele></trkpt>
      <trkpt lat="43.728008" lon="11.217824"><ele>0</ele></trkpt>
      <trkpt lat="43.727704" lon="11.218054"><ele>0</ele></trkpt>
      <trkpt lat="43.727387" lon="11.218238"><ele>0</ele></trkpt>
      <trkpt lat="43.727335" lon="11.218262"><ele>0</ele></trkpt>
      <trkpt lat="43.727035" lon="11.218405"><ele>0</ele></trkpt>
      <trkpt lat="43.726960" lon="11.218441"><ele>0</ele></trkpt>
      <trkpt lat="43.726437" lon="11.218704"><ele>0</ele></trkpt>
      <trkpt lat="43.726245" lon="11.218774"><ele>0</ele></trkpt>
      <trkpt lat="43.725972" lon="11.218867"><ele>0</ele></trkpt>
      <trkpt lat="43.725716" lon="11.218909"><ele>0</ele></trkpt>
      <trkpt lat="43.725192" lon="11.218887"><ele>0</ele></trkpt>
      <trkpt lat="43.724311" lon="11.218767"><ele>0</ele></trkpt>
      <trkpt lat="43.723412" lon="11.218638"><ele>0</ele></trkpt>
      <trkpt lat="43.722871" lon="11.218587"><ele>0</ele></trkpt>
      <trkpt lat="43.722559" lon="11.218617"><ele>0</ele></trkpt>
      <trkpt lat="43.722188" lon="11.218683"><ele>0</ele></trkpt>
      <trkpt lat="43.721931" lon="11.218778"><ele>0</ele></trkpt>
      <trkpt lat="43.721684" lon="11.218919"><ele>0</ele></trkpt>
      <trkpt lat="43.721490" lon="11.219058"><ele>0</ele></trkpt>
      <trkpt lat="43.721329" lon="11.219198"><ele>0</ele></trkpt>
      <trkpt lat="43.721009" lon="11.219534"><ele>0</ele></trkpt>
      <trkpt lat="43.720515" lon="11.219966"><ele>0</ele></trkpt>
      <trkpt lat="43.720241" lon="11.220166"><ele>0</ele></trkpt>
      <trkpt lat="43.720086" lon="11.220234"><ele>0</ele></trkpt>
      <trkpt lat="43.719784" lon="11.220315"><ele>0</ele></trkpt>
      <trkpt lat="43.719514" lon="11.220326"><ele>0</ele></trkpt>
      <trkpt lat="43.719280" lon="11.220305"><ele>0</ele></trkpt>
      <trkpt lat="43.718830" lon="11.220238"><ele>0</ele></trkpt>
      <trkpt lat="43.718474" lon="11.220238"><ele>0</ele></trkpt>
      <trkpt lat="43.718266" lon="11.220264"><ele>0</ele></trkpt>
      <trkpt lat="43.718163" lon="11.220276"><ele>0</ele></trkpt>
      <trkpt lat="43.717855" lon="11.220314"><ele>0</ele></trkpt>
      <trkpt lat="43.717657" lon="11.220338"><ele>0</ele></trkpt>
      <trkpt lat="43.717495" lon="11.220344"><ele>0</ele></trkpt>
      <trkpt lat="43.717144" lon="11.220356"><ele>0</ele></trkpt>
      <trkpt lat="43.716949" lon="11.220317"><ele>0</ele></trkpt>
      <trkpt lat="43.716572" lon="11.220137"><ele>0</ele></trkpt>
      <trkpt lat="43.716325" lon="11.220032"><ele>0</ele></trkpt>
      <trkpt lat="43.716029" lon="11.219837"><ele>0</ele></trkpt>
      <trkpt lat="43.715780" lon="11.219683"><ele>0</ele></trkpt>
      <trkpt lat="43.715587" lon="11.219521"><ele>0</ele></trkpt>
      <trkpt lat="43.715364" lon="11.219310"><ele>0</ele></trkpt>
      <trkpt lat="43.715162" lon="11.219112"><ele>0</ele></trkpt>
      <trkpt lat="43.715025" lon="11.218937"><ele>0</ele></trkpt>
      <trkpt lat="43.714903" lon="11.218778"><ele>0</ele></trkpt>
      <trkpt lat="43.714702" lon="11.218467"><ele>0</ele></trkpt>
      <trkpt lat="43.714591" lon="11.218258"><ele>0</ele></trkpt>
      <trkpt lat="43.714418" lon="11.217912"><ele>0</ele></trkpt>
      <trkpt lat="43.714029" lon="11.216986"><ele>0</ele></trkpt>
      <trkpt lat="43.713734" lon="11.216394"><ele>0</ele></trkpt>
      <trkpt lat="43.713262" lon="11.215703"><ele>0</ele></trkpt>
      <trkpt lat="43.712923" lon="11.215343"><ele>0</ele></trkpt>
      <trkpt lat="43.712719" lon="11.215157"><ele>0</ele></trkpt>
      <trkpt lat="43.712408" lon="11.214921"><ele>0</ele></trkpt>
      <trkpt lat="43.711288" lon="11.214173"><ele>0</ele></trkpt>
      <trkpt lat="43.711172" lon="11.214103"><ele>0</ele></trkpt>
      <trkpt lat="43.711080" lon="11.214046"><ele>0</ele></trkpt>
      <trkpt lat="43.710295" lon="11.213540"><ele>0</ele></trkpt>
      <trkpt lat="43.710235" lon="11.213505"><ele>0</ele></trkpt>
      <trkpt lat="43.710199" lon="11.213483"><ele>0</ele></trkpt>
      <trkpt lat="43.709914" lon="11.213334"><ele>0</ele></trkpt>
      <trkpt lat="43.709662" lon="11.213206"><ele>0</ele></trkpt>
      <trkpt lat="43.709427" lon="11.213115"><ele>0</ele></trkpt>
      <trkpt lat="43.709178" lon="11.213039"><ele>0</ele></trkpt>
      <trkpt lat="43.708942" lon="11.212983"><ele>0</ele></trkpt>
      <trkpt lat="43.708700" lon="11.212933"><ele>0</ele></trkpt>
      <trkpt lat="43.708492" lon="11.212909"><ele>0</ele></trkpt>
      <trkpt lat="43.708308" lon="11.212901"><ele>0</ele></trkpt>
      <trkpt lat="43.708121" lon="11.212899"><ele>0</ele></trkpt>
      <trkpt lat="43.707938" lon="11.212907"><ele>0</ele></trkpt>
      <trkpt lat="43.707686" lon="11.212934"><ele>0</ele></trkpt>
      <trkpt lat="43.707513" lon="11.212960"><ele>0</ele></trkpt>
      <trkpt lat="43.707338" lon="11.212987"><ele>0</ele></trkpt>
      <trkpt lat="43.706916" lon="11.213088"><ele>0</ele></trkpt>
      <trkpt lat="43.703277" lon="11.213704"><ele>0</ele></trkpt>
      <trkpt lat="43.702248" lon="11.213875"><ele>0</ele></trkpt>
      <trkpt lat="43.701563" lon="11.213874"><ele>0</ele></trkpt>
      <trkpt lat="43.701394" lon="11.213851"><ele>0</ele></trkpt>
      <trkpt lat="43.701231" lon="11.213816"><ele>0</ele></trkpt>
      <trkpt lat="43.700798" lon="11.213698"><ele>0</ele></trkpt>
      <trkpt lat="43.700549" lon="11.213593"><ele>0</ele></trkpt>
      <trkpt lat="43.700034" lon="11.213302"><ele>0</ele></trkpt>
      <trkpt lat="43.699532" lon="11.212929"><ele>0</ele></trkpt>
      <trkpt lat="43.699213" lon="11.212658"><ele>0</ele></trkpt>
      <trkpt lat="43.698575" lon="11.212155"><ele>0</ele></trkpt>
      <trkpt lat="43.698349" lon="11.211990"><ele>0</ele></trkpt>
      <trkpt lat="43.698113" lon="11.211843"><ele>0</ele></trkpt>
      <trkpt lat="43.697890" lon="11.211737"><ele>0</ele></trkpt>
      <trkpt lat="43.697722" lon="11.211660"><ele>0</ele></trkpt>
      <trkpt lat="43.697554" lon="11.211604"><ele>0</ele></trkpt>
      <trkpt lat="43.697392" lon="11.211556"><ele>0</ele></trkpt>
      <trkpt lat="43.696969" lon="11.211420"><ele>0</ele></trkpt>
      <trkpt lat="43.696597" lon="11.211385"><ele>0</ele></trkpt>
      <trkpt lat="43.696513" lon="11.211365"><ele>0</ele></trkpt>
      <trkpt lat="43.696445" lon="11.211334"><ele>0</ele></trkpt>
      <trkpt lat="43.696407" lon="11.211292"><ele>0</ele></trkpt>
      <trkpt lat="43.696382" lon="11.211245"><ele>0</ele></trkpt>
      <trkpt lat="43.696359" lon="11.211178"><ele>0</ele></trkpt>
      <trkpt lat="43.696333" lon="11.211080"><ele>0</ele></trkpt>
      <trkpt lat="43.696320" lon="11.210990"><ele>0</ele></trkpt>
      <trkpt lat="43.696293" lon="11.210935"><ele>0</ele></trkpt>
      <trkpt lat="43.696260" lon="11.210901"><ele>0</ele></trkpt>
      <trkpt lat="43.696217" lon="11.210877"><ele>0</ele></trkpt>
      <trkpt lat="43.696162" lon="11.210873"><ele>0</ele></trkpt>
      <trkpt lat="43.696099" lon="11.210892"><ele>0</ele></trkpt>
      <trkpt lat="43.695839" lon="11.211029"><ele>0</ele></trkpt>
      <trkpt lat="43.695187" lon="11.211403"><ele>0</ele></trkpt>
      <trkpt lat="43.694837" lon="11.211630"><ele>0</ele></trkpt>
      <trkpt lat="43.694502" lon="11.211802"><ele>0</ele></trkpt>
      <trkpt lat="43.693730" lon="11.212222"><ele>0</ele></trkpt>
      <trkpt lat="43.693350" lon="11.212442"><ele>0</ele></trkpt>
      <trkpt lat="43.692907" lon="11.212673"><ele>0</ele></trkpt>
      <trkpt lat="43.692745" lon="11.212728"><ele>0</ele></trkpt>
      <trkpt lat="43.692645" lon="11.212756"><ele>0</ele></trkpt>
      <trkpt lat="43.692545" lon="11.212770"><ele>0</ele></trkpt>
      <trkpt lat="43.692315" lon="11.212780"><ele>0</ele></trkpt>
      <trkpt lat="43.692147" lon="11.212767"><ele>0</ele></trkpt>
      <trkpt lat="43.691858" lon="11.212682"><ele>0</ele></trkpt>
      <trkpt lat="43.691256" lon="11.212425"><ele>0</ele></trkpt>
      <trkpt lat="43.690663" lon="11.212167"><ele>0</ele></trkpt>
      <trkpt lat="43.690002" lon="11.211876"><ele>0</ele></trkpt>
      <trkpt lat="43.689698" lon="11.211752"><ele>0</ele></trkpt>
      <trkpt lat="43.689416" lon="11.211647"><ele>0</ele></trkpt>
      <trkpt lat="43.689172" lon="11.211591"><ele>0</ele></trkpt>
      <trkpt lat="43.688910" lon="11.211552"><ele>0</ele></trkpt>
      <trkpt lat="43.688546" lon="11.211531"><ele>0</ele></trkpt>
      <trkpt lat="43.688101" lon="11.211529"><ele>0</ele></trkpt>
      <trkpt lat="43.686613" lon="11.211628"><ele>0</ele></trkpt>
      <trkpt lat="43.686202" lon="11.211660"><ele>0</ele></trkpt>
      <trkpt lat="43.685954" lon="11.211701"><ele>0</ele></trkpt>
      <trkpt lat="43.685684" lon="11.211771"><ele>0</ele></trkpt>
      <trkpt lat="43.684955" lon="11.211958"><ele>0</ele></trkpt>
      <trkpt lat="43.683677" lon="11.212286"><ele>0</ele></trkpt>
      <trkpt lat="43.683560" lon="11.212334"><ele>0</ele></trkpt>
      <trkpt lat="43.683487" lon="11.212368"><ele>0</ele></trkpt>
      <trkpt lat="43.683174" lon="11.212569"><ele>0</ele></trkpt>
      <trkpt lat="43.682967" lon="11.212719"><ele>0</ele></trkpt>
      <trkpt lat="43.682819" lon="11.212789"><ele>0</ele></trkpt>
      <trkpt lat="43.682645" lon="11.212868"><ele>0</ele></trkpt>
      <trkpt lat="43.682563" lon="11.212888"><ele>0</ele></trkpt>
      <trkpt lat="43.682462" lon="11.212886"><ele>0</ele></trkpt>
      <trkpt lat="43.682327" lon="11.212871"><ele>0</ele></trkpt>
      <trkpt lat="43.681965" lon="11.212774"><ele>0</ele></trkpt>
      <trkpt lat="43.681452" lon="11.212622"><ele>0</ele></trkpt>
      <trkpt lat="43.681213" lon="11.212535"><ele>0</ele></trkpt>
      <trkpt lat="43.681131" lon="11.212485"><ele>0</ele></trkpt>
      <trkpt lat="43.681053" lon="11.212426"><ele>0</ele></trkpt>
      <trkpt lat="43.680966" lon="11.212345"><ele>0</ele></trkpt>
      <trkpt lat="43.680632" lon="11.211988"><ele>0</ele></trkpt>
      <trkpt lat="43.680017" lon="11.211312"><ele>0</ele></trkpt>
      <trkpt lat="43.679402" lon="11.210657"><ele>0</ele></trkpt>
      <trkpt lat="43.679227" lon="11.210457"><ele>0</ele></trkpt>
      <trkpt lat="43.679061" lon="11.210237"><ele>0</ele></trkpt>
      <trkpt lat="43.678788" lon="11.209893"><ele>0</ele></trkpt>
      <trkpt lat="43.678576" lon="11.209696"><ele>0</ele></trkpt>
      <trkpt lat="43.678399" lon="11.209577"><ele>0</ele></trkpt>
      <trkpt lat="43.678275" lon="11.209513"><ele>0</ele></trkpt>
      <trkpt lat="43.678158" lon="11.209472"><ele>0</ele></trkpt>
      <trkpt lat="43.677964" lon="11.209444"><ele>0</ele></trkpt>
      <trkpt lat="43.677716" lon="11.209448"><ele>0</ele></trkpt>
      <trkpt lat="43.677589" lon="11.209469"><ele>0</ele></trkpt>
      <trkpt lat="43.677515" lon="11.209485"><ele>0</ele></trkpt>
      <trkpt lat="43.677326" lon="11.209558"><ele>0</ele></trkpt>
      <trkpt lat="43.677234" lon="11.209594"><ele>0</ele></trkpt>
      <trkpt lat="43.677146" lon="11.209638"><ele>0</ele></trkpt>
      <trkpt lat="43.677030" lon="11.209719"><ele>0</ele></trkpt>
      <trkpt lat="43.676923" lon="11.209810"><ele>0</ele></trkpt>
      <trkpt lat="43.676823" lon="11.209900"><ele>0</ele></trkpt>
      <trkpt lat="43.676739" lon="11.209991"><ele>0</ele></trkpt>
      <trkpt lat="43.676613" lon="11.210160"><ele>0</ele></trkpt>
      <trkpt lat="43.676523" lon="11.210316"><ele>0</ele></trkpt>
      <trkpt lat="43.676411" lon="11.210562"><ele>0</ele></trkpt>
      <trkpt lat="43.676330" lon="11.210855"><ele>0</ele></trkpt>
      <trkpt lat="43.676291" lon="11.211028"><ele>0</ele></trkpt>
      <trkpt lat="43.676262" lon="11.211193"><ele>0</ele></trkpt>
      <trkpt lat="43.676226" lon="11.211418"><ele>0</ele></trkpt>
      <trkpt lat="43.676207" lon="11.211635"><ele>0</ele></trkpt>
      <trkpt lat="43.676190" lon="11.212024"><ele>0</ele></trkpt>
      <trkpt lat="43.676206" lon="11.212720"><ele>0</ele></trkpt>
      <trkpt lat="43.676180" lon="11.213032"><ele>0</ele></trkpt>
      <trkpt lat="43.676163" lon="11.213138"><ele>0</ele></trkpt>
      <trkpt lat="43.676132" lon="11.213267"><ele>0</ele></trkpt>
      <trkpt lat="43.676086" lon="11.213409"><ele>0</ele></trkpt>
      <trkpt lat="43.676036" lon="11.213529"><ele>0</ele></trkpt>
      <trkpt lat="43.676069" lon="11.213590"><ele>0</ele></trkpt>
      <trkpt lat="43.676097" lon="11.213634"><ele>0</ele></trkpt>
      <trkpt lat="43.676112" lon="11.213663"><ele>0</ele></trkpt>
      <trkpt lat="43.676131" lon="11.213699"><ele>0</ele></trkpt>
      <trkpt lat="43.676143" lon="11.213734"><ele>0</ele></trkpt>
      <trkpt lat="43.676156" lon="11.213787"><ele>0</ele></trkpt>
      <trkpt lat="43.676157" lon="11.213887"><ele>0</ele></trkpt>
      <trkpt lat="43.676154" lon="11.213998"><ele>0</ele></trkpt>
      <trkpt lat="43.676111" lon="11.214246"><ele>0</ele></trkpt>
      <trkpt lat="43.676045" lon="11.214500"><ele>0</ele></trkpt>
      <trkpt lat="43.675976" lon="11.214729"><ele>0</ele></trkpt>
      <trkpt lat="43.675841" lon="11.215039"><ele>0</ele></trkpt>
      <trkpt lat="43.675668" lon="11.215291"><ele>0</ele></trkpt>
      <trkpt lat="43.675332" lon="11.215601"><ele>0</ele></trkpt>
      <trkpt lat="43.675125" lon="11.215758"><ele>0</ele></trkpt>
      <trkpt lat="43.674976" lon="11.215837"><ele>0</ele></trkpt>
      <trkpt lat="43.674829" lon="11.215897"><ele>0</ele></trkpt>
      <trkpt lat="43.674722" lon="11.215934"><ele>0</ele></trkpt>
      <trkpt lat="43.674531" lon="11.215946"><ele>0</ele></trkpt>
      <trkpt lat="43.674180" lon="11.215796"><ele>0</ele></trkpt>
      <trkpt lat="43.673694" lon="11.215446"><ele>0</ele></trkpt>
      <trkpt lat="43.673456" lon="11.215118"><ele>0</ele></trkpt>
      <trkpt lat="43.673150" lon="11.214560"><ele>0</ele></trkpt>
      <trkpt lat="43.672832" lon="11.214246"><ele>0</ele></trkpt>
      <trkpt lat="43.672410" lon="11.213995"><ele>0</ele></trkpt>
      <trkpt lat="43.672228" lon="11.213956"><ele>0</ele></trkpt>
      <trkpt lat="43.670757" lon="11.214271"><ele>0</ele></trkpt>
      <trkpt lat="43.669264" lon="11.214598"><ele>0</ele></trkpt>
      <trkpt lat="43.668491" lon="11.214784"><ele>0</ele></trkpt>
      <trkpt lat="43.668157" lon="11.214877"><ele>0</ele></trkpt>
      <trkpt lat="43.667965" lon="11.215008"><ele>0</ele></trkpt>
      <trkpt lat="43.667727" lon="11.215306"><ele>0</ele></trkpt>
      <trkpt lat="43.667226" lon="11.216256"><ele>0</ele></trkpt>
      <trkpt lat="43.666989" lon="11.216750"><ele>0</ele></trkpt>
      <trkpt lat="43.666870" lon="11.217090"><ele>0</ele></trkpt>
      <trkpt lat="43.666870" lon="11.217250"><ele>0</ele></trkpt>
      <trkpt lat="43.666815" lon="11.217663"><ele>0</ele></trkpt>
      <trkpt lat="43.666794" lon="11.218007"><ele>0</ele></trkpt>
      <trkpt lat="43.666758" lon="11.218236"><ele>0</ele></trkpt>
      <trkpt lat="43.666738" lon="11.218759"><ele>0</ele></trkpt>
      <trkpt lat="43.666722" lon="11.219682"><ele>0</ele></trkpt>
      <trkpt lat="43.666701" lon="11.220048"><ele>0</ele></trkpt>
      <trkpt lat="43.666645" lon="11.220386"><ele>0</ele></trkpt>
      <trkpt lat="43.666446" lon="11.221196"><ele>0</ele></trkpt>
      <trkpt lat="43.666381" lon="11.221690"><ele>0</ele></trkpt>
      <trkpt lat="43.666412" lon="11.222239"><ele>0</ele></trkpt>
      <trkpt lat="43.666475" lon="11.222825"><ele>0</ele></trkpt>
      <trkpt lat="43.666622" lon="11.224344"><ele>0</ele></trkpt>
      <trkpt lat="43.666798" lon="11.225994"><ele>0</ele></trkpt>
      <trkpt lat="43.666832" lon="11.226365"><ele>0</ele></trkpt>
      <trkpt lat="43.666835" lon="11.226543"><ele>0</ele></trkpt>
      <trkpt lat="43.666775" lon="11.226813"><ele>0</ele></trkpt>
      <trkpt lat="43.666580" lon="11.227674"><ele>0</ele></trkpt>
      <trkpt lat="43.666500" lon="11.227958"><ele>0</ele></trkpt>
      <trkpt lat="43.666411" lon="11.228358"><ele>0</ele></trkpt>
      <trkpt lat="43.666378" lon="11.228648"><ele>0</ele></trkpt>
      <trkpt lat="43.666377" lon="11.229367"><ele>0</ele></trkpt>
      <trkpt lat="43.666411" lon="11.230646"><ele>0</ele></trkpt>
      <trkpt lat="43.666426" lon="11.231107"><ele>0</ele></trkpt>
      <trkpt lat="43.666435" lon="11.231424"><ele>0</ele></trkpt>
      <trkpt lat="43.666458" lon="11.232255"><ele>0</ele></trkpt>
      <trkpt lat="43.666461" lon="11.232336"><ele>0</ele></trkpt>
      <trkpt lat="43.666478" lon="11.232958"><ele>0</ele></trkpt>
      <trkpt lat="43.666470" lon="11.233272"><ele>0</ele></trkpt>
      <trkpt lat="43.666412" lon="11.233676"><ele>0</ele></trkpt>
      <trkpt lat="43.665479" lon="11.237183"><ele>0</ele></trkpt>
      <trkpt lat="43.665459" lon="11.237260"><ele>0</ele></trkpt>
      <trkpt lat="43.665451" lon="11.237291"><ele>0</ele></trkpt>
      <trkpt lat="43.664831" lon="11.239673"><ele>0</ele></trkpt>
      <trkpt lat="43.664738" lon="11.240019"><ele>0</ele></trkpt>
      <trkpt lat="43.664652" lon="11.240248"><ele>0</ele></trkpt>
      <trkpt lat="43.664535" lon="11.240420"><ele>0</ele></trkpt>
      <trkpt lat="43.664332" lon="11.240561"><ele>0</ele></trkpt>
      <trkpt lat="43.664202" lon="11.240584"><ele>0</ele></trkpt>
      <trkpt lat="43.664079" lon="11.240587"><ele>0</ele></trkpt>
      <trkpt lat="43.663868" lon="11.240463"><ele>0</ele></trkpt>
      <trkpt lat="43.663593" lon="11.240305"><ele>0</ele></trkpt>
      <trkpt lat="43.663403" lon="11.240243"><ele>0</ele></trkpt>
      <trkpt lat="43.663181" lon="11.240218"><ele>0</ele></trkpt>
      <trkpt lat="43.662718" lon="11.240168"><ele>0</ele></trkpt>
      <trkpt lat="43.662325" lon="11.240182"><ele>0</ele></trkpt>
      <trkpt lat="43.660664" lon="11.240609"><ele>0</ele></trkpt>
      <trkpt lat="43.659566" lon="11.240921"><ele>0</ele></trkpt>
      <trkpt lat="43.659018" lon="11.241110"><ele>0</ele></trkpt>
      <trkpt lat="43.658771" lon="11.241280"><ele>0</ele></trkpt>
      <trkpt lat="43.658568" lon="11.241490"><ele>0</ele></trkpt>
      <trkpt lat="43.658345" lon="11.241761"><ele>0</ele></trkpt>
      <trkpt lat="43.658232" lon="11.242086"><ele>0</ele></trkpt>
      <trkpt lat="43.658197" lon="11.242435"><ele>0</ele></trkpt>
      <trkpt lat="43.658223" lon="11.242921"><ele>0</ele></trkpt>
      <trkpt lat="43.658806" lon="11.244723"><ele>0</ele></trkpt>
      <trkpt lat="43.658903" lon="11.245365"><ele>0</ele></trkpt>
      <trkpt lat="43.658754" lon="11.248276"><ele>0</ele></trkpt>
      <trkpt lat="43.658669" lon="11.249953"><ele>0</ele></trkpt>
      <trkpt lat="43.658707" lon="11.250831"><ele>0</ele></trkpt>
      <trkpt lat="43.658921" lon="11.254268"><ele>0</ele></trkpt>
      <trkpt lat="43.659012" lon="11.256465"><ele>0</ele></trkpt>
      <trkpt lat="43.658994" lon="11.256622"><ele>0</ele></trkpt>
      <trkpt lat="43.658957" lon="11.256784"><ele>0</ele></trkpt>
      <trkpt lat="43.658810" lon="11.257081"><ele>0</ele></trkpt>
      <trkpt lat="43.658710" lon="11.257210"><ele>0</ele></trkpt>
      <trkpt lat="43.658330" lon="11.257703"><ele>0</ele></trkpt>
      <trkpt lat="43.658081" lon="11.257998"><ele>0</ele></trkpt>
      <trkpt lat="43.657801" lon="11.258149"><ele>0</ele></trkpt>
      <trkpt lat="43.657649" lon="11.258218"><ele>0</ele></trkpt>
      <trkpt lat="43.657551" lon="11.258262"><ele>0</ele></trkpt>
      <trkpt lat="43.657429" lon="11.258300"><ele>0</ele></trkpt>
      <trkpt lat="43.657388" lon="11.258313"><ele>0</ele></trkpt>
      <trkpt lat="43.657313" lon="11.258333"><ele>0</ele></trkpt>
      <trkpt lat="43.657192" lon="11.258341"><ele>0</ele></trkpt>
      <trkpt lat="43.657093" lon="11.258325"><ele>0</ele></trkpt>
      <trkpt lat="43.657026" lon="11.258310"><ele>0</ele></trkpt>
      <trkpt lat="43.656929" lon="11.258287"><ele>0</ele></trkpt>
      <trkpt lat="43.656824" lon="11.258246"><ele>0</ele></trkpt>
      <trkpt lat="43.656600" lon="11.258100"><ele>0</ele></trkpt>
      <trkpt lat="43.656349" lon="11.258042"><ele>0</ele></trkpt>
      <trkpt lat="43.655792" lon="11.257924"><ele>0</ele></trkpt>
      <trkpt lat="43.655536" lon="11.257915"><ele>0</ele></trkpt>
      <trkpt lat="43.655318" lon="11.257951"><ele>0</ele></trkpt>
      <trkpt lat="43.655100" lon="11.258100"><ele>0</ele></trkpt>
      <trkpt lat="43.654873" lon="11.258225"><ele>0</ele></trkpt>
      <trkpt lat="43.654475" lon="11.258240"><ele>0</ele></trkpt>
      <trkpt lat="43.654261" lon="11.258283"><ele>0</ele></trkpt>
      <trkpt lat="43.653501" lon="11.258647"><ele>0</ele></trkpt>
      <trkpt lat="43.653277" lon="11.258707"><ele>0</ele></trkpt>
      <trkpt lat="43.652826" lon="11.258715"><ele>0</ele></trkpt>
      <trkpt lat="43.652044" lon="11.258640"><ele>0</ele></trkpt>
      <trkpt lat="43.651751" lon="11.258614"><ele>0</ele></trkpt>
      <trkpt lat="43.651297" lon="11.258590"><ele>0</ele></trkpt>
      <trkpt lat="43.651100" lon="11.258630"><ele>0</ele></trkpt>
      <trkpt lat="43.650935" lon="11.258710"><ele>0</ele></trkpt>
      <trkpt lat="43.650695" lon="11.258925"><ele>0</ele></trkpt>
      <trkpt lat="43.650295" lon="11.259392"><ele>0</ele></trkpt>
      <trkpt lat="43.650165" lon="11.259494"><ele>0</ele></trkpt>
      <trkpt lat="43.649987" lon="11.259589"><ele>0</ele></trkpt>
      <trkpt lat="43.649931" lon="11.259590"><ele>0</ele></trkpt>
      <trkpt lat="43.649832" lon="11.259592"><ele>0</ele></trkpt>
      <trkpt lat="43.649770" lon="11.259593"><ele>0</ele></trkpt>
      <trkpt lat="43.649757" lon="11.259594"><ele>0</ele></trkpt>
      <trkpt lat="43.649560" lon="11.259582"><ele>0</ele></trkpt>
      <trkpt lat="43.648815" lon="11.259540"><ele>0</ele></trkpt>
      <trkpt lat="43.648657" lon="11.259545"><ele>0</ele></trkpt>
      <trkpt lat="43.648561" lon="11.259577"><ele>0</ele></trkpt>
      <trkpt lat="43.648464" lon="11.259637"><ele>0</ele></trkpt>
      <trkpt lat="43.648340" lon="11.259781"><ele>0</ele></trkpt>
      <trkpt lat="43.648235" lon="11.260003"><ele>0</ele></trkpt>
      <trkpt lat="43.648210" lon="11.260214"><ele>0</ele></trkpt>
      <trkpt lat="43.648249" lon="11.261309"><ele>0</ele></trkpt>
      <trkpt lat="43.648293" lon="11.261773"><ele>0</ele></trkpt>
      <trkpt lat="43.648304" lon="11.262326"><ele>0</ele></trkpt>
      <trkpt lat="43.648286" lon="11.262509"><ele>0</ele></trkpt>
      <trkpt lat="43.648250" lon="11.262682"><ele>0</ele></trkpt>
      <trkpt lat="43.648186" lon="11.262938"><ele>0</ele></trkpt>
      <trkpt lat="43.648114" lon="11.263092"><ele>0</ele></trkpt>
      <trkpt lat="43.648028" lon="11.263273"><ele>0</ele></trkpt>
      <trkpt lat="43.647785" lon="11.263614"><ele>0</ele></trkpt>
      <trkpt lat="43.647468" lon="11.263946"><ele>0</ele></trkpt>
      <trkpt lat="43.646804" lon="11.264373"><ele>0</ele></trkpt>
      <trkpt lat="43.646674" lon="11.264457"><ele>0</ele></trkpt>
      <trkpt lat="43.645719" lon="11.265021"><ele>0</ele></trkpt>
      <trkpt lat="43.644879" lon="11.265524"><ele>0</ele></trkpt>
      <trkpt lat="43.644834" lon="11.265546"><ele>0</ele></trkpt>
      <trkpt lat="43.644517" lon="11.265740"><ele>0</ele></trkpt>
      <trkpt lat="43.644228" lon="11.265891"><ele>0</ele></trkpt>
      <trkpt lat="43.643977" lon="11.265945"><ele>0</ele></trkpt>
      <trkpt lat="43.643744" lon="11.265935"><ele>0</ele></trkpt>
      <trkpt lat="43.643485" lon="11.265829"><ele>0</ele></trkpt>
      <trkpt lat="43.643220" lon="11.265683"><ele>0</ele></trkpt>
      <trkpt lat="43.642817" lon="11.265352"><ele>0</ele></trkpt>
      <trkpt lat="43.642086" lon="11.264686"><ele>0</ele></trkpt>
      <trkpt lat="43.641559" lon="11.264276"><ele>0</ele></trkpt>
      <trkpt lat="43.641280" lon="11.264170"><ele>0</ele></trkpt>
      <trkpt lat="43.640927" lon="11.264123"><ele>0</ele></trkpt>
      <trkpt lat="43.640702" lon="11.264154"><ele>0</ele></trkpt>
      <trkpt lat="43.640676" lon="11.264165"><ele>0</ele></trkpt>
      <trkpt lat="43.640620" lon="11.264190"><ele>0</ele></trkpt>
      <trkpt lat="43.640141" lon="11.264396"><ele>0</ele></trkpt>
      <trkpt lat="43.639112" lon="11.264935"><ele>0</ele></trkpt>
      <trkpt lat="43.638468" lon="11.265278"><ele>0</ele></trkpt>
      <trkpt lat="43.637588" lon="11.265750"><ele>0</ele></trkpt>
      <trkpt lat="43.636708" lon="11.266158"><ele>0</ele></trkpt>
      <trkpt lat="43.636086" lon="11.266479"><ele>0</ele></trkpt>
      <trkpt lat="43.635882" lon="11.266650"><ele>0</ele></trkpt>
      <trkpt lat="43.635762" lon="11.266903"><ele>0</ele></trkpt>
      <trkpt lat="43.635610" lon="11.267819"><ele>0</ele></trkpt>
      <trkpt lat="43.635528" lon="11.268276"><ele>0</ele></trkpt>
      <trkpt lat="43.635478" lon="11.268527"><ele>0</ele></trkpt>
      <trkpt lat="43.635389" lon="11.268796"><ele>0</ele></trkpt>
      <trkpt lat="43.635273" lon="11.268958"><ele>0</ele></trkpt>
      <trkpt lat="43.635132" lon="11.269134"><ele>0</ele></trkpt>
      <trkpt lat="43.634906" lon="11.269312"><ele>0</ele></trkpt>
      <trkpt lat="43.634498" lon="11.269591"><ele>0</ele></trkpt>
      <trkpt lat="43.634005" lon="11.269763"><ele>0</ele></trkpt>
      <trkpt lat="43.633897" lon="11.269827"><ele>0</ele></trkpt>
      <trkpt lat="43.633726" lon="11.269999"><ele>0</ele></trkpt>
      <trkpt lat="43.632993" lon="11.271054"><ele>0</ele></trkpt>
      <trkpt lat="43.632364" lon="11.271924"><ele>0</ele></trkpt>
      <trkpt lat="43.632044" lon="11.272442"><ele>0</ele></trkpt>
      <trkpt lat="43.632014" lon="11.272505"><ele>0</ele></trkpt>
      <trkpt lat="43.631981" lon="11.272585"><ele>0</ele></trkpt>
      <trkpt lat="43.631963" lon="11.272666"><ele>0</ele></trkpt>
      <trkpt lat="43.631951" lon="11.272742"><ele>0</ele></trkpt>
      <trkpt lat="43.631945" lon="11.272827"><ele>0</ele></trkpt>
      <trkpt lat="43.631946" lon="11.272911"><ele>0</ele></trkpt>
      <trkpt lat="43.631954" lon="11.272997"><ele>0</ele></trkpt>
      <trkpt lat="43.631974" lon="11.273087"><ele>0</ele></trkpt>
      <trkpt lat="43.632010" lon="11.273188"><ele>0</ele></trkpt>
      <trkpt lat="43.632069" lon="11.273326"><ele>0</ele></trkpt>
      <trkpt lat="43.632289" lon="11.273714"><ele>0</ele></trkpt>
      <trkpt lat="43.632383" lon="11.273930"><ele>0</ele></trkpt>
      <trkpt lat="43.632418" lon="11.274067"><ele>0</ele></trkpt>
      <trkpt lat="43.632421" lon="11.274203"><ele>0</ele></trkpt>
      <trkpt lat="43.632411" lon="11.274349"><ele>0</ele></trkpt>
      <trkpt lat="43.632336" lon="11.274519"><ele>0</ele></trkpt>
      <trkpt lat="43.632127" lon="11.274695"><ele>0</ele></trkpt>
      <trkpt lat="43.631790" lon="11.274802"><ele>0</ele></trkpt>
      <trkpt lat="43.631249" lon="11.274893"><ele>0</ele></trkpt>
      <trkpt lat="43.630915" lon="11.275064"><ele>0</ele></trkpt>
      <trkpt lat="43.630241" lon="11.275543"><ele>0</ele></trkpt>
      <trkpt lat="43.629858" lon="11.275874"><ele>0</ele></trkpt>
      <trkpt lat="43.629616" lon="11.276218"><ele>0</ele></trkpt>
      <trkpt lat="43.629091" lon="11.276672"><ele>0</ele></trkpt>
      <trkpt lat="43.628426" lon="11.277015"><ele>0</ele></trkpt>
      <trkpt lat="43.627628" lon="11.277567"><ele>0</ele></trkpt>
      <trkpt lat="43.627052" lon="11.278110"><ele>0</ele></trkpt>
      <trkpt lat="43.626451" lon="11.279011"><ele>0</ele></trkpt>
      <trkpt lat="43.625872" lon="11.280062"><ele>0</ele></trkpt>
      <trkpt lat="43.625480" lon="11.281070"><ele>0</ele></trkpt>
      <trkpt lat="43.624941" lon="11.282285"><ele>0</ele></trkpt>
      <trkpt lat="43.624923" lon="11.282316"><ele>0</ele></trkpt>
      <trkpt lat="43.624671" lon="11.282809"><ele>0</ele></trkpt>
      <trkpt lat="43.624608" lon="11.282946"><ele>0</ele></trkpt>
      <trkpt lat="43.624442" lon="11.283345"><ele>0</ele></trkpt>
      <trkpt lat="43.624387" lon="11.283477"><ele>0</ele></trkpt>
      <trkpt lat="43.624324" lon="11.283616"><ele>0</ele></trkpt>
      <trkpt lat="43.624047" lon="11.284262"><ele>0</ele></trkpt>
      <trkpt lat="43.624012" lon="11.284314"><ele>0</ele></trkpt>
      <trkpt lat="43.623916" lon="11.284422"><ele>0</ele></trkpt>
      <trkpt lat="43.623341" lon="11.284750"><ele>0</ele></trkpt>
      <trkpt lat="43.622932" lon="11.285105"><ele>0</ele></trkpt>
      <trkpt lat="43.622344" lon="11.285807"><ele>0</ele></trkpt>
      <trkpt lat="43.622168" lon="11.285931"><ele>0</ele></trkpt>
      <trkpt lat="43.621951" lon="11.286015"><ele>0</ele></trkpt>
      <trkpt lat="43.621774" lon="11.286039"><ele>0</ele></trkpt>
      <trkpt lat="43.621645" lon="11.286053"><ele>0</ele></trkpt>
      <trkpt lat="43.621531" lon="11.286058"><ele>0</ele></trkpt>
      <trkpt lat="43.621503" lon="11.286109"><ele>0</ele></trkpt>
      <trkpt lat="43.621414" lon="11.286139"><ele>0</ele></trkpt>
      <trkpt lat="43.621002" lon="11.286170"><ele>0</ele></trkpt>
      <trkpt lat="43.620707" lon="11.286219"><ele>0</ele></trkpt>
      <trkpt lat="43.620574" lon="11.286241"><ele>0</ele></trkpt>
      <trkpt lat="43.620415" lon="11.286331"><ele>0</ele></trkpt>
      <trkpt lat="43.620315" lon="11.286437"><ele>0</ele></trkpt>
      <trkpt lat="43.620181" lon="11.286638"><ele>0</ele></trkpt>
      <trkpt lat="43.620041" lon="11.286868"><ele>0</ele></trkpt>
      <trkpt lat="43.619637" lon="11.287679"><ele>0</ele></trkpt>
      <trkpt lat="43.619520" lon="11.287934"><ele>0</ele></trkpt>
      <trkpt lat="43.619369" lon="11.288293"><ele>0</ele></trkpt>
      <trkpt lat="43.619229" lon="11.288744"><ele>0</ele></trkpt>
      <trkpt lat="43.619138" lon="11.289117"><ele>0</ele></trkpt>
      <trkpt lat="43.619060" lon="11.289492"><ele>0</ele></trkpt>
      <trkpt lat="43.618995" lon="11.289866"><ele>0</ele></trkpt>
      <trkpt lat="43.618788" lon="11.290907"><ele>0</ele></trkpt>
      <trkpt lat="43.618740" lon="11.291129"><ele>0</ele></trkpt>
      <trkpt lat="43.618608" lon="11.291729"><ele>0</ele></trkpt>
      <trkpt lat="43.618539" lon="11.292008"><ele>0</ele></trkpt>
      <trkpt lat="43.618501" lon="11.292218"><ele>0</ele></trkpt>
      <trkpt lat="43.618487" lon="11.292408"><ele>0</ele></trkpt>
      <trkpt lat="43.618487" lon="11.292612"><ele>0</ele></trkpt>
      <trkpt lat="43.618504" lon="11.292738"><ele>0</ele></trkpt>
      <trkpt lat="43.618546" lon="11.292909"><ele>0</ele></trkpt>
      <trkpt lat="43.618730" lon="11.293346"><ele>0</ele></trkpt>
      <trkpt lat="43.619074" lon="11.294238"><ele>0</ele></trkpt>
      <trkpt lat="43.619148" lon="11.294368"><ele>0</ele></trkpt>
      <trkpt lat="43.619245" lon="11.294505"><ele>0</ele></trkpt>
      <trkpt lat="43.619383" lon="11.294634"><ele>0</ele></trkpt>
      <trkpt lat="43.619535" lon="11.294750"><ele>0</ele></trkpt>
      <trkpt lat="43.619695" lon="11.294857"><ele>0</ele></trkpt>
      <trkpt lat="43.619777" lon="11.294954"><ele>0</ele></trkpt>
      <trkpt lat="43.619837" lon="11.295058"><ele>0</ele></trkpt>
      <trkpt lat="43.619882" lon="11.295216"><ele>0</ele></trkpt>
      <trkpt lat="43.620026" lon="11.295690"><ele>0</ele></trkpt>
      <trkpt lat="43.620179" lon="11.296080"><ele>0</ele></trkpt>
      <trkpt lat="43.620223" lon="11.296272"><ele>0</ele></trkpt>
      <trkpt lat="43.620330" lon="11.296887"><ele>0</ele></trkpt>
      <trkpt lat="43.620356" lon="11.297070"><ele>0</ele></trkpt>
      <trkpt lat="43.620354" lon="11.297142"><ele>0</ele></trkpt>
      <trkpt lat="43.620336" lon="11.297214"><ele>0</ele></trkpt>
      <trkpt lat="43.620313" lon="11.297255"><ele>0</ele></trkpt>
      <trkpt lat="43.620281" lon="11.297285"><ele>0</ele></trkpt>
      <trkpt lat="43.620233" lon="11.297331"><ele>0</ele></trkpt>
      <trkpt lat="43.620212" lon="11.297351"><ele>0</ele></trkpt>
      <trkpt lat="43.620165" lon="11.297381"><ele>0</ele></trkpt>
      <trkpt lat="43.620097" lon="11.297386"><ele>0</ele></trkpt>
      <trkpt lat="43.620003" lon="11.297353"><ele>0</ele></trkpt>
      <trkpt lat="43.619899" lon="11.297303"><ele>0</ele></trkpt>
      <trkpt lat="43.619829" lon="11.297245"><ele>0</ele></trkpt>
      <trkpt lat="43.619767" lon="11.297153"><ele>0</ele></trkpt>
      <trkpt lat="43.619703" lon="11.297033"><ele>0</ele></trkpt>
      <trkpt lat="43.619643" lon="11.296880"><ele>0</ele></trkpt>
      <trkpt lat="43.619591" lon="11.296761"><ele>0</ele></trkpt>
      <trkpt lat="43.619528" lon="11.296668"><ele>0</ele></trkpt>
      <trkpt lat="43.619464" lon="11.296601"><ele>0</ele></trkpt>
      <trkpt lat="43.619394" lon="11.296565"><ele>0</ele></trkpt>
      <trkpt lat="43.619320" lon="11.296544"><ele>0</ele></trkpt>
      <trkpt lat="43.619148" lon="11.296509"><ele>0</ele></trkpt>
      <trkpt lat="43.618853" lon="11.296463"><ele>0</ele></trkpt>
      <trkpt lat="43.618779" lon="11.296439"><ele>0</ele></trkpt>
      <trkpt lat="43.618667" lon="11.296376"><ele>0</ele></trkpt>
      <trkpt lat="43.618189" lon="11.295973"><ele>0</ele></trkpt>
      <trkpt lat="43.618085" lon="11.295925"><ele>0</ele></trkpt>
      <trkpt lat="43.617955" lon="11.295907"><ele>0</ele></trkpt>
      <trkpt lat="43.617761" lon="11.295935"><ele>0</ele></trkpt>
      <trkpt lat="43.616965" lon="11.296084"><ele>0</ele></trkpt>
      <trkpt lat="43.616853" lon="11.296138"><ele>0</ele></trkpt>
      <trkpt lat="43.616713" lon="11.296220"><ele>0</ele></trkpt>
      <trkpt lat="43.616588" lon="11.296343"><ele>0</ele></trkpt>
      <trkpt lat="43.616430" lon="11.296556"><ele>0</ele></trkpt>
      <trkpt lat="43.616197" lon="11.296868"><ele>0</ele></trkpt>
      <trkpt lat="43.616038" lon="11.297066"><ele>0</ele></trkpt>
      <trkpt lat="43.615894" lon="11.297201"><ele>0</ele></trkpt>
      <trkpt lat="43.615741" lon="11.297291"><ele>0</ele></trkpt>
      <trkpt lat="43.614976" lon="11.297606"><ele>0</ele></trkpt>
      <trkpt lat="43.614590" lon="11.297745"><ele>0</ele></trkpt>
      <trkpt lat="43.614268" lon="11.297836"><ele>0</ele></trkpt>
      <trkpt lat="43.613934" lon="11.297901"><ele>0</ele></trkpt>
      <trkpt lat="43.613859" lon="11.297898"><ele>0</ele></trkpt>
      <trkpt lat="43.613788" lon="11.297888"><ele>0</ele></trkpt>
      <trkpt lat="43.613598" lon="11.297834"><ele>0</ele></trkpt>
      <trkpt lat="43.613490" lon="11.297794"><ele>0</ele></trkpt>
      <trkpt lat="43.613424" lon="11.297760"><ele>0</ele></trkpt>
      <trkpt lat="43.613324" lon="11.297751"><ele>0</ele></trkpt>
      <trkpt lat="43.613250" lon="11.297771"><ele>0</ele></trkpt>
      <trkpt lat="43.613157" lon="11.297842"><ele>0</ele></trkpt>
      <trkpt lat="43.613103" lon="11.297933"><ele>0</ele></trkpt>
      <trkpt lat="43.613058" lon="11.298049"><ele>0</ele></trkpt>
      <trkpt lat="43.613039" lon="11.298170"><ele>0</ele></trkpt>
      <trkpt lat="43.613051" lon="11.298298"><ele>0</ele></trkpt>
      <trkpt lat="43.613086" lon="11.298441"><ele>0</ele></trkpt>
      <trkpt lat="43.613289" lon="11.298819"><ele>0</ele></trkpt>
      <trkpt lat="43.613540" lon="11.299304"><ele>0</ele></trkpt>
      <trkpt lat="43.613616" lon="11.299414"><ele>0</ele></trkpt>
      <trkpt lat="43.613676" lon="11.299481"><ele>0</ele></trkpt>
      <trkpt lat="43.613757" lon="11.299543"><ele>0</ele></trkpt>
      <trkpt lat="43.614227" lon="11.299865"><ele>0</ele></trkpt>
      <trkpt lat="43.614275" lon="11.299911"><ele>0</ele></trkpt>
      <trkpt lat="43.614312" lon="11.299964"><ele>0</ele></trkpt>
      <trkpt lat="43.614336" lon="11.300036"><ele>0</ele></trkpt>
      <trkpt lat="43.614346" lon="11.300122"><ele>0</ele></trkpt>
      <trkpt lat="43.614334" lon="11.300200"><ele>0</ele></trkpt>
      <trkpt lat="43.614292" lon="11.300275"><ele>0</ele></trkpt>
      <trkpt lat="43.614235" lon="11.300315"><ele>0</ele></trkpt>
      <trkpt lat="43.614187" lon="11.300326"><ele>0</ele></trkpt>
      <trkpt lat="43.614138" lon="11.300318"><ele>0</ele></trkpt>
      <trkpt lat="43.614015" lon="11.300246"><ele>0</ele></trkpt>
      <trkpt lat="43.613748" lon="11.300100"><ele>0</ele></trkpt>
      <trkpt lat="43.612976" lon="11.299675"><ele>0</ele></trkpt>
      <trkpt lat="43.612291" lon="11.299330"><ele>0</ele></trkpt>
      <trkpt lat="43.612178" lon="11.299283"><ele>0</ele></trkpt>
      <trkpt lat="43.612051" lon="11.299240"><ele>0</ele></trkpt>
      <trkpt lat="43.611957" lon="11.299242"><ele>0</ele></trkpt>
      <trkpt lat="43.611854" lon="11.299277"><ele>0</ele></trkpt>
      <trkpt lat="43.611602" lon="11.299478"><ele>0</ele></trkpt>
      <trkpt lat="43.611503" lon="11.299535"><ele>0</ele></trkpt>
      <trkpt lat="43.611406" lon="11.299570"><ele>0</ele></trkpt>
      <trkpt lat="43.611314" lon="11.299559"><ele>0</ele></trkpt>
      <trkpt lat="43.611216" lon="11.299503"><ele>0</ele></trkpt>
      <trkpt lat="43.611068" lon="11.299411"><ele>0</ele></trkpt>
      <trkpt lat="43.610976" lon="11.299386"><ele>0</ele></trkpt>
      <trkpt lat="43.610878" lon="11.299387"><ele>0</ele></trkpt>
      <trkpt lat="43.610778" lon="11.299419"><ele>0</ele></trkpt>
      <trkpt lat="43.610584" lon="11.299534"><ele>0</ele></trkpt>
      <trkpt lat="43.610098" lon="11.299833"><ele>0</ele></trkpt>
      <trkpt lat="43.609992" lon="11.299886"><ele>0</ele></trkpt>
      <trkpt lat="43.609891" lon="11.299927"><ele>0</ele></trkpt>
      <trkpt lat="43.609778" lon="11.299942"><ele>0</ele></trkpt>
      <trkpt lat="43.609648" lon="11.299937"><ele>0</ele></trkpt>
      <trkpt lat="43.609525" lon="11.299902"><ele>0</ele></trkpt>
      <trkpt lat="43.609114" lon="11.299744"><ele>0</ele></trkpt>
      <trkpt lat="43.609003" lon="11.299709"><ele>0</ele></trkpt>
      <trkpt lat="43.608929" lon="11.299704"><ele>0</ele></trkpt>
      <trkpt lat="43.608856" lon="11.299720"><ele>0</ele></trkpt>
      <trkpt lat="43.608767" lon="11.299764"><ele>0</ele></trkpt>
      <trkpt lat="43.608670" lon="11.299872"><ele>0</ele></trkpt>
      <trkpt lat="43.608592" lon="11.300016"><ele>0</ele></trkpt>
      <trkpt lat="43.608397" lon="11.300371"><ele>0</ele></trkpt>
      <trkpt lat="43.608166" lon="11.300847"><ele>0</ele></trkpt>
      <trkpt lat="43.608084" lon="11.301036"><ele>0</ele></trkpt>
      <trkpt lat="43.607988" lon="11.301388"><ele>0</ele></trkpt>
      <trkpt lat="43.607936" lon="11.301667"><ele>0</ele></trkpt>
      <trkpt lat="43.607901" lon="11.302010"><ele>0</ele></trkpt>
      <trkpt lat="43.607871" lon="11.302298"><ele>0</ele></trkpt>
      <trkpt lat="43.607808" lon="11.302531"><ele>0</ele></trkpt>
      <trkpt lat="43.607780" lon="11.302587"><ele>0</ele></trkpt>
      <trkpt lat="43.607507" lon="11.303117"><ele>0</ele></trkpt>
      <trkpt lat="43.606839" lon="11.304420"><ele>0</ele></trkpt>
      <trkpt lat="43.606746" lon="11.304561"><ele>0</ele></trkpt>
      <trkpt lat="43.606632" lon="11.304676"><ele>0</ele></trkpt>
      <trkpt lat="43.605638" lon="11.305512"><ele>0</ele></trkpt>
      <trkpt lat="43.605383" lon="11.305731"><ele>0</ele></trkpt>
      <trkpt lat="43.605310" lon="11.305793"><ele>0</ele></trkpt>
      <trkpt lat="43.605260" lon="11.305836"><ele>0</ele></trkpt>
      <trkpt lat="43.605204" lon="11.305883"><ele>0</ele></trkpt>
      <trkpt lat="43.605065" lon="11.306000"><ele>0</ele></trkpt>
      <trkpt lat="43.604641" lon="11.306359"><ele>0</ele></trkpt>
      <trkpt lat="43.604360" lon="11.306621"><ele>0</ele></trkpt>
      <trkpt lat="43.604235" lon="11.306808"><ele>0</ele></trkpt>
      <trkpt lat="43.604178" lon="11.307046"><ele>0</ele></trkpt>
      <trkpt lat="43.604168" lon="11.307257"><ele>0</ele></trkpt>
      <trkpt lat="43.604160" lon="11.307645"><ele>0</ele></trkpt>
      <trkpt lat="43.604149" lon="11.308215"><ele>0</ele></trkpt>
      <trkpt lat="43.604131" lon="11.308435"><ele>0</ele></trkpt>
      <trkpt lat="43.604053" lon="11.308667"><ele>0</ele></trkpt>
      <trkpt lat="43.604035" lon="11.308705"><ele>0</ele></trkpt>
      <trkpt lat="43.604003" lon="11.308773"><ele>0</ele></trkpt>
      <trkpt lat="43.603904" lon="11.308982"><ele>0</ele></trkpt>
      <trkpt lat="43.603734" lon="11.309224"><ele>0</ele></trkpt>
      <trkpt lat="43.602826" lon="11.309753"><ele>0</ele></trkpt>
      <trkpt lat="43.602822" lon="11.309755"><ele>0</ele></trkpt>
      <trkpt lat="43.602769" lon="11.309784"><ele>0</ele></trkpt>
      <trkpt lat="43.602178" lon="11.310112"><ele>0</ele></trkpt>
      <trkpt lat="43.601235" lon="11.310642"><ele>0</ele></trkpt>
      <trkpt lat="43.600946" lon="11.310839"><ele>0</ele></trkpt>
      <trkpt lat="43.600708" lon="11.311145"><ele>0</ele></trkpt>
      <trkpt lat="43.600217" lon="11.312040"><ele>0</ele></trkpt>
      <trkpt lat="43.600102" lon="11.312245"><ele>0</ele></trkpt>
      <trkpt lat="43.599845" lon="11.312719"><ele>0</ele></trkpt>
      <trkpt lat="43.599518" lon="11.313307"><ele>0</ele></trkpt>
      <trkpt lat="43.598932" lon="11.314384"><ele>0</ele></trkpt>
      <trkpt lat="43.598631" lon="11.314925"><ele>0</ele></trkpt>
      <trkpt lat="43.598253" lon="11.315616"><ele>0</ele></trkpt>
      <trkpt lat="43.598041" lon="11.316008"><ele>0</ele></trkpt>
      <trkpt lat="43.597824" lon="11.316263"><ele>0</ele></trkpt>
      <trkpt lat="43.597819" lon="11.316270"><ele>0</ele></trkpt>
      <trkpt lat="43.597541" lon="11.316467"><ele>0</ele></trkpt>
      <trkpt lat="43.596828" lon="11.316871"><ele>0</ele></trkpt>
      <trkpt lat="43.596686" lon="11.316918"><ele>0</ele></trkpt>
      <trkpt lat="43.596429" lon="11.316933"><ele>0</ele></trkpt>
      <trkpt lat="43.596197" lon="11.316877"><ele>0</ele></trkpt>
      <trkpt lat="43.596034" lon="11.316815"><ele>0</ele></trkpt>
      <trkpt lat="43.595874" lon="11.316755"><ele>0</ele></trkpt>
      <trkpt lat="43.595498" lon="11.316651"><ele>0</ele></trkpt>
      <trkpt lat="43.595092" lon="11.316633"><ele>0</ele></trkpt>
      <trkpt lat="43.594762" lon="11.316671"><ele>0</ele></trkpt>
      <trkpt lat="43.594653" lon="11.316669"><ele>0</ele></trkpt>
      <trkpt lat="43.594533" lon="11.316637"><ele>0</ele></trkpt>
      <trkpt lat="43.594433" lon="11.316565"><ele>0</ele></trkpt>
      <trkpt lat="43.593491" lon="11.315927"><ele>0</ele></trkpt>
      <trkpt lat="43.593262" lon="11.315784"><ele>0</ele></trkpt>
      <trkpt lat="43.593083" lon="11.315699"><ele>0</ele></trkpt>
      <trkpt lat="43.592933" lon="11.315644"><ele>0</ele></trkpt>
      <trkpt lat="43.592191" lon="11.315185"><ele>0</ele></trkpt>
      <trkpt lat="43.592129" lon="11.315133"><ele>0</ele></trkpt>
      <trkpt lat="43.592136" lon="11.315115"><ele>0</ele></trkpt>
      <trkpt lat="43.592140" lon="11.315094"><ele>0</ele></trkpt>
      <trkpt lat="43.592138" lon="11.315072"><ele>0</ele></trkpt>
      <trkpt lat="43.592131" lon="11.315053"><ele>0</ele></trkpt>
      <trkpt lat="43.592120" lon="11.315037"><ele>0</ele></trkpt>
      <trkpt lat="43.592112" lon="11.315031"><ele>0</ele></trkpt>
      <trkpt lat="43.592106" lon="11.315027"><ele>0</ele></trkpt>
      <trkpt lat="43.592090" lon="11.315024"><ele>0</ele></trkpt>
      <trkpt lat="43.592074" lon="11.315029"><ele>0</ele></trkpt>
      <trkpt lat="43.592060" lon="11.315040"><ele>0</ele></trkpt>
      <trkpt lat="43.592044" lon="11.315078"><ele>0</ele></trkpt>
      <trkpt lat="43.591755" lon="11.314920"><ele>0</ele></trkpt>
      <trkpt lat="43.591750" lon="11.314918"><ele>0</ele></trkpt>
      <trkpt lat="43.591326" lon="11.314646"><ele>0</ele></trkpt>
      <trkpt lat="43.591017" lon="11.314512"><ele>0</ele></trkpt>
      <trkpt lat="43.590730" lon="11.314419"><ele>0</ele></trkpt>
      <trkpt lat="43.590456" lon="11.314398"><ele>0</ele></trkpt>
      <trkpt lat="43.589910" lon="11.314461"><ele>0</ele></trkpt>
      <trkpt lat="43.589876" lon="11.314466"><ele>0</ele></trkpt>
      <trkpt lat="43.589729" lon="11.314485"><ele>0</ele></trkpt>
      <trkpt lat="43.589650" lon="11.314495"><ele>0</ele></trkpt>
      <trkpt lat="43.589500" lon="11.314527"><ele>0</ele></trkpt>
      <trkpt lat="43.589173" lon="11.314594"><ele>0</ele></trkpt>
      <trkpt lat="43.588958" lon="11.314634"><ele>0</ele></trkpt>
      <trkpt lat="43.588803" lon="11.314673"><ele>0</ele></trkpt>
      <trkpt lat="43.588533" lon="11.314719"><ele>0</ele></trkpt>
      <trkpt lat="43.588290" lon="11.314768"><ele>0</ele></trkpt>
      <trkpt lat="43.588203" lon="11.314780"><ele>0</ele></trkpt>
      <trkpt lat="43.587772" lon="11.314848"><ele>0</ele></trkpt>
      <trkpt lat="43.587605" lon="11.314878"><ele>0</ele></trkpt>
      <trkpt lat="43.586996" lon="11.315018"><ele>0</ele></trkpt>
      <trkpt lat="43.586292" lon="11.315124"><ele>0</ele></trkpt>
      <trkpt lat="43.586246" lon="11.315131"><ele>0</ele></trkpt>
      <trkpt lat="43.586180" lon="11.315144"><ele>0</ele></trkpt>
      <trkpt lat="43.585750" lon="11.315231"><ele>0</ele></trkpt>
      <trkpt lat="43.585093" lon="11.315365"><ele>0</ele></trkpt>
      <trkpt lat="43.585051" lon="11.315372"><ele>0</ele></trkpt>
      <trkpt lat="43.584887" lon="11.315410"><ele>0</ele></trkpt>
      <trkpt lat="43.584811" lon="11.315441"><ele>0</ele></trkpt>
      <trkpt lat="43.584283" lon="11.315660"><ele>0</ele></trkpt>
      <trkpt lat="43.584183" lon="11.315737"><ele>0</ele></trkpt>
      <trkpt lat="43.584111" lon="11.315809"><ele>0</ele></trkpt>
      <trkpt lat="43.584076" lon="11.315869"><ele>0</ele></trkpt>
      <trkpt lat="43.583918" lon="11.316248"><ele>0</ele></trkpt>
      <trkpt lat="43.583827" lon="11.316470"><ele>0</ele></trkpt>
      <trkpt lat="43.583700" lon="11.316743"><ele>0</ele></trkpt>
      <trkpt lat="43.583641" lon="11.316871"><ele>0</ele></trkpt>
      <trkpt lat="43.583620" lon="11.316916"><ele>0</ele></trkpt>
      <trkpt lat="43.583576" lon="11.317004"><ele>0</ele></trkpt>
      <trkpt lat="43.583478" lon="11.317202"><ele>0</ele></trkpt>
      <trkpt lat="43.583427" lon="11.317294"><ele>0</ele></trkpt>
      <trkpt lat="43.583402" lon="11.317337"><ele>0</ele></trkpt>
      <trkpt lat="43.583257" lon="11.317484"><ele>0</ele></trkpt>
      <trkpt lat="43.583107" lon="11.317592"><ele>0</ele></trkpt>
      <trkpt lat="43.582994" lon="11.317668"><ele>0</ele></trkpt>
      <trkpt lat="43.582927" lon="11.317713"><ele>0</ele></trkpt>
      <trkpt lat="43.582847" lon="11.317741"><ele>0</ele></trkpt>
      <trkpt lat="43.582578" lon="11.317844"><ele>0</ele></trkpt>
      <trkpt lat="43.582378" lon="11.317922"><ele>0</ele></trkpt>
      <trkpt lat="43.582304" lon="11.317953"><ele>0</ele></trkpt>
      <trkpt lat="43.582199" lon="11.317986"><ele>0</ele></trkpt>
      <trkpt lat="43.582101" lon="11.317999"><ele>0</ele></trkpt>
      <trkpt lat="43.582001" lon="11.317982"><ele>0</ele></trkpt>
      <trkpt lat="43.581782" lon="11.317915"><ele>0</ele></trkpt>
      <trkpt lat="43.581624" lon="11.317868"><ele>0</ele></trkpt>
      <trkpt lat="43.581405" lon="11.317865"><ele>0</ele></trkpt>
      <trkpt lat="43.581299" lon="11.317866"><ele>0</ele></trkpt>
      <trkpt lat="43.581069" lon="11.317899"><ele>0</ele></trkpt>
      <trkpt lat="43.580998" lon="11.317886"><ele>0</ele></trkpt>
      <trkpt lat="43.580916" lon="11.317842"><ele>0</ele></trkpt>
      <trkpt lat="43.580792" lon="11.317756"><ele>0</ele></trkpt>
      <trkpt lat="43.580372" lon="11.317401"><ele>0</ele></trkpt>
      <trkpt lat="43.580190" lon="11.317198"><ele>0</ele></trkpt>
      <trkpt lat="43.580081" lon="11.317079"><ele>0</ele></trkpt>
      <trkpt lat="43.580053" lon="11.317051"><ele>0</ele></trkpt>
      <trkpt lat="43.579945" lon="11.316994"><ele>0</ele></trkpt>
      <trkpt lat="43.579313" lon="11.316786"><ele>0</ele></trkpt>
      <trkpt lat="43.579254" lon="11.316765"><ele>0</ele></trkpt>
      <trkpt lat="43.579041" lon="11.316681"><ele>0</ele></trkpt>
      <trkpt lat="43.578900" lon="11.316625"><ele>0</ele></trkpt>
      <trkpt lat="43.578758" lon="11.316581"><ele>0</ele></trkpt>
      <trkpt lat="43.578550" lon="11.316540"><ele>0</ele></trkpt>
      <trkpt lat="43.578223" lon="11.316577"><ele>0</ele></trkpt>
      <trkpt lat="43.577880" lon="11.316692"><ele>0</ele></trkpt>
      <trkpt lat="43.577100" lon="11.316983"><ele>0</ele></trkpt>
      <trkpt lat="43.576570" lon="11.317224"><ele>0</ele></trkpt>
      <trkpt lat="43.575829" lon="11.317624"><ele>0</ele></trkpt>
      <trkpt lat="43.575773" lon="11.317654"><ele>0</ele></trkpt>
      <trkpt lat="43.575695" lon="11.317697"><ele>0</ele></trkpt>
      <trkpt lat="43.575531" lon="11.317774"><ele>0</ele></trkpt>
      <trkpt lat="43.575394" lon="11.317837"><ele>0</ele></trkpt>
      <trkpt lat="43.574524" lon="11.318235"><ele>0</ele></trkpt>
      <trkpt lat="43.573678" lon="11.318657"><ele>0</ele></trkpt>
      <trkpt lat="43.573314" lon="11.318826"><ele>0</ele></trkpt>
      <trkpt lat="43.572850" lon="11.319051"><ele>0</ele></trkpt>
      <trkpt lat="43.571882" lon="11.319605"><ele>0</ele></trkpt>
      <trkpt lat="43.570641" lon="11.320225"><ele>0</ele></trkpt>
      <trkpt lat="43.569919" lon="11.320441"><ele>0</ele></trkpt>
      <trkpt lat="43.569694" lon="11.320507"><ele>0</ele></trkpt>
      <trkpt lat="43.569611" lon="11.320535"><ele>0</ele></trkpt>
      <trkpt lat="43.569415" lon="11.320600"><ele>0</ele></trkpt>
      <trkpt lat="43.569307" lon="11.320711"><ele>0</ele></trkpt>
      <trkpt lat="43.569272" lon="11.320833"><ele>0</ele></trkpt>
      <trkpt lat="43.569230" lon="11.321054"><ele>0</ele></trkpt>
      <trkpt lat="43.569182" lon="11.321432"><ele>0</ele></trkpt>
      <trkpt lat="43.569132" lon="11.321631"><ele>0</ele></trkpt>
      <trkpt lat="43.569062" lon="11.321810"><ele>0</ele></trkpt>
      <trkpt lat="43.568935" lon="11.322061"><ele>0</ele></trkpt>
      <trkpt lat="43.568791" lon="11.322294"><ele>0</ele></trkpt>
      <trkpt lat="43.568631" lon="11.322478"><ele>0</ele></trkpt>
      <trkpt lat="43.568491" lon="11.322546"><ele>0</ele></trkpt>
      <trkpt lat="43.568288" lon="11.322585"><ele>0</ele></trkpt>
      <trkpt lat="43.567668" lon="11.322723"><ele>0</ele></trkpt>
      <trkpt lat="43.567433" lon="11.322742"><ele>0</ele></trkpt>
      <trkpt lat="43.567225" lon="11.322685"><ele>0</ele></trkpt>
      <trkpt lat="43.566989" lon="11.322516"><ele>0</ele></trkpt>
      <trkpt lat="43.566771" lon="11.322429"><ele>0</ele></trkpt>
      <trkpt lat="43.566640" lon="11.322404"><ele>0</ele></trkpt>
      <trkpt lat="43.566413" lon="11.322359"><ele>0</ele></trkpt>
      <trkpt lat="43.566272" lon="11.322357"><ele>0</ele></trkpt>
      <trkpt lat="43.566097" lon="11.322388"><ele>0</ele></trkpt>
      <trkpt lat="43.565863" lon="11.322456"><ele>0</ele></trkpt>
      <trkpt lat="43.565572" lon="11.322529"><ele>0</ele></trkpt>
      <trkpt lat="43.565234" lon="11.322559"><ele>0</ele></trkpt>
      <trkpt lat="43.565095" lon="11.322585"><ele>0</ele></trkpt>
      <trkpt lat="43.564916" lon="11.322708"><ele>0</ele></trkpt>
      <trkpt lat="43.564654" lon="11.322957"><ele>0</ele></trkpt>
      <trkpt lat="43.564523" lon="11.323059"><ele>0</ele></trkpt>
      <trkpt lat="43.564306" lon="11.323116"><ele>0</ele></trkpt>
      <trkpt lat="43.564115" lon="11.323151"><ele>0</ele></trkpt>
      <trkpt lat="43.563782" lon="11.323204"><ele>0</ele></trkpt>
      <trkpt lat="43.563358" lon="11.323482"><ele>0</ele></trkpt>
      <trkpt lat="43.563088" lon="11.323681"><ele>0</ele></trkpt>
      <trkpt lat="43.562965" lon="11.323757"><ele>0</ele></trkpt>
      <trkpt lat="43.562839" lon="11.323798"><ele>0</ele></trkpt>
      <trkpt lat="43.562515" lon="11.323840"><ele>0</ele></trkpt>
      <trkpt lat="43.562344" lon="11.323910"><ele>0</ele></trkpt>
      <trkpt lat="43.562102" lon="11.324092"><ele>0</ele></trkpt>
      <trkpt lat="43.561980" lon="11.324175"><ele>0</ele></trkpt>
      <trkpt lat="43.561758" lon="11.324257"><ele>0</ele></trkpt>
      <trkpt lat="43.561429" lon="11.324356"><ele>0</ele></trkpt>
      <trkpt lat="43.561198" lon="11.324381"><ele>0</ele></trkpt>
      <trkpt lat="43.560942" lon="11.324357"><ele>0</ele></trkpt>
      <trkpt lat="43.560766" lon="11.324295"><ele>0</ele></trkpt>
      <trkpt lat="43.560445" lon="11.324129"><ele>0</ele></trkpt>
      <trkpt lat="43.560033" lon="11.323774"><ele>0</ele></trkpt>
      <trkpt lat="43.559758" lon="11.323488"><ele>0</ele></trkpt>
      <trkpt lat="43.559626" lon="11.323357"><ele>0</ele></trkpt>
      <trkpt lat="43.559533" lon="11.323247"><ele>0</ele></trkpt>
      <trkpt lat="43.559468" lon="11.323109"><ele>0</ele></trkpt>
      <trkpt lat="43.559399" lon="11.322905"><ele>0</ele></trkpt>
      <trkpt lat="43.559341" lon="11.322727"><ele>0</ele></trkpt>
      <trkpt lat="43.559270" lon="11.322584"><ele>0</ele></trkpt>
      <trkpt lat="43.559186" lon="11.322487"><ele>0</ele></trkpt>
      <trkpt lat="43.559100" lon="11.322440"><ele>0</ele></trkpt>
      <trkpt lat="43.558998" lon="11.322418"><ele>0</ele></trkpt>
      <trkpt lat="43.558863" lon="11.322428"><ele>0</ele></trkpt>
      <trkpt lat="43.558350" lon="11.322579"><ele>0</ele></trkpt>
      <trkpt lat="43.557830" lon="11.322720"><ele>0</ele></trkpt>
      <trkpt lat="43.557358" lon="11.322892"><ele>0</ele></trkpt>
      <trkpt lat="43.557057" lon="11.323256"><ele>0</ele></trkpt>
      <trkpt lat="43.556714" lon="11.323557"><ele>0</ele></trkpt>
      <trkpt lat="43.556306" lon="11.323922"><ele>0</ele></trkpt>
      <trkpt lat="43.555899" lon="11.324265"><ele>0</ele></trkpt>
      <trkpt lat="43.555598" lon="11.324544"><ele>0</ele></trkpt>
      <trkpt lat="43.555233" lon="11.324651"><ele>0</ele></trkpt>
      <trkpt lat="43.554890" lon="11.324544"><ele>0</ele></trkpt>
      <trkpt lat="43.554547" lon="11.324522"><ele>0</ele></trkpt>
      <trkpt lat="43.554246" lon="11.324780"><ele>0</ele></trkpt>
      <trkpt lat="43.553878" lon="11.325245"><ele>0</ele></trkpt>
      <trkpt lat="43.553761" lon="11.325328"><ele>0</ele></trkpt>
      <trkpt lat="43.553637" lon="11.325365"><ele>0</ele></trkpt>
      <trkpt lat="43.553526" lon="11.325351"><ele>0</ele></trkpt>
      <trkpt lat="43.553416" lon="11.325269"><ele>0</ele></trkpt>
      <trkpt lat="43.553355" lon="11.325162"><ele>0</ele></trkpt>
      <trkpt lat="43.553282" lon="11.324817"><ele>0</ele></trkpt>
      <trkpt lat="43.553242" lon="11.324612"><ele>0</ele></trkpt>
      <trkpt lat="43.553174" lon="11.324437"><ele>0</ele></trkpt>
      <trkpt lat="43.553092" lon="11.324313"><ele>0</ele></trkpt>
      <trkpt lat="43.552931" lon="11.324206"><ele>0</ele></trkpt>
      <trkpt lat="43.552807" lon="11.324166"><ele>0</ele></trkpt>
      <trkpt lat="43.552575" lon="11.324159"><ele>0</ele></trkpt>
      <trkpt lat="43.552152" lon="11.324192"><ele>0</ele></trkpt>
      <trkpt lat="43.551829" lon="11.324200"><ele>0</ele></trkpt>
      <trkpt lat="43.551616" lon="11.324162"><ele>0</ele></trkpt>
      <trkpt lat="43.551235" lon="11.323994"><ele>0</ele></trkpt>
      <trkpt lat="43.550821" lon="11.323810"><ele>0</ele></trkpt>
      <trkpt lat="43.550685" lon="11.323727"><ele>0</ele></trkpt>
      <trkpt lat="43.550610" lon="11.323666"><ele>0</ele></trkpt>
      <trkpt lat="43.550379" lon="11.323380"><ele>0</ele></trkpt>
      <trkpt lat="43.550224" lon="11.323180"><ele>0</ele></trkpt>
      <trkpt lat="43.550092" lon="11.323052"><ele>0</ele></trkpt>
      <trkpt lat="43.549932" lon="11.322952"><ele>0</ele></trkpt>
      <trkpt lat="43.549802" lon="11.322915"><ele>0</ele></trkpt>
      <trkpt lat="43.549646" lon="11.322903"><ele>0</ele></trkpt>
      <trkpt lat="43.549161" lon="11.322999"><ele>0</ele></trkpt>
      <trkpt lat="43.548667" lon="11.323106"><ele>0</ele></trkpt>
      <trkpt lat="43.548131" lon="11.323235"><ele>0</ele></trkpt>
      <trkpt lat="43.547582" lon="11.323398"><ele>0</ele></trkpt>
      <trkpt lat="43.546955" lon="11.323561"><ele>0</ele></trkpt>
      <trkpt lat="43.546536" lon="11.323679"><ele>0</ele></trkpt>
      <trkpt lat="43.546416" lon="11.323731"><ele>0</ele></trkpt>
      <trkpt lat="43.546323" lon="11.323809"><ele>0</ele></trkpt>
      <trkpt lat="43.546258" lon="11.323908"><ele>0</ele></trkpt>
      <trkpt lat="43.546176" lon="11.324123"><ele>0</ele></trkpt>
      <trkpt lat="43.546065" lon="11.324506"><ele>0</ele></trkpt>
      <trkpt lat="43.546016" lon="11.324674"><ele>0</ele></trkpt>
      <trkpt lat="43.545891" lon="11.325094"><ele>0</ele></trkpt>
      <trkpt lat="43.545832" lon="11.325292"><ele>0</ele></trkpt>
      <trkpt lat="43.545773" lon="11.325487"><ele>0</ele></trkpt>
      <trkpt lat="43.545661" lon="11.325851"><ele>0</ele></trkpt>
      <trkpt lat="43.545564" lon="11.326110"><ele>0</ele></trkpt>
      <trkpt lat="43.545432" lon="11.326358"><ele>0</ele></trkpt>
      <trkpt lat="43.545185" lon="11.326780"><ele>0</ele></trkpt>
      <trkpt lat="43.545069" lon="11.326960"><ele>0</ele></trkpt>
      <trkpt lat="43.544955" lon="11.327096"><ele>0</ele></trkpt>
      <trkpt lat="43.544849" lon="11.327169"><ele>0</ele></trkpt>
      <trkpt lat="43.544723" lon="11.327188"><ele>0</ele></trkpt>
      <trkpt lat="43.544591" lon="11.327150"><ele>0</ele></trkpt>
      <trkpt lat="43.544486" lon="11.327052"><ele>0</ele></trkpt>
      <trkpt lat="43.544416" lon="11.326938"><ele>0</ele></trkpt>
      <trkpt lat="43.544373" lon="11.326768"><ele>0</ele></trkpt>
      <trkpt lat="43.544286" lon="11.326167"><ele>0</ele></trkpt>
      <trkpt lat="43.544197" lon="11.325675"><ele>0</ele></trkpt>
      <trkpt lat="43.544165" lon="11.325391"><ele>0</ele></trkpt>
      <trkpt lat="43.544155" lon="11.325030"><ele>0</ele></trkpt>
      <trkpt lat="43.544158" lon="11.324732"><ele>0</ele></trkpt>
      <trkpt lat="43.544200" lon="11.324583"><ele>0</ele></trkpt>
      <trkpt lat="43.544277" lon="11.324443"><ele>0</ele></trkpt>
      <trkpt lat="43.544457" lon="11.324193"><ele>0</ele></trkpt>
      <trkpt lat="43.544540" lon="11.324029"><ele>0</ele></trkpt>
      <trkpt lat="43.544586" lon="11.323844"><ele>0</ele></trkpt>
      <trkpt lat="43.544596" lon="11.323705"><ele>0</ele></trkpt>
      <trkpt lat="43.544586" lon="11.323493"><ele>0</ele></trkpt>
      <trkpt lat="43.544537" lon="11.323256"><ele>0</ele></trkpt>
      <trkpt lat="43.544447" lon="11.323006"><ele>0</ele></trkpt>
      <trkpt lat="43.544331" lon="11.322682"><ele>0</ele></trkpt>
      <trkpt lat="43.544198" lon="11.322310"><ele>0</ele></trkpt>
      <trkpt lat="43.544068" lon="11.321993"><ele>0</ele></trkpt>
      <trkpt lat="43.544042" lon="11.321758"><ele>0</ele></trkpt>
      <trkpt lat="43.544051" lon="11.321599"><ele>0</ele></trkpt>
      <trkpt lat="43.544073" lon="11.321495"><ele>0</ele></trkpt>
      <trkpt lat="43.544138" lon="11.321396"><ele>0</ele></trkpt>
      <trkpt lat="43.544206" lon="11.321332"><ele>0</ele></trkpt>
      <trkpt lat="43.544320" lon="11.321288"><ele>0</ele></trkpt>
      <trkpt lat="43.544465" lon="11.321284"><ele>0</ele></trkpt>
      <trkpt lat="43.544800" lon="11.321290"><ele>0</ele></trkpt>
      <trkpt lat="43.545175" lon="11.321285"><ele>0</ele></trkpt>
      <trkpt lat="43.545469" lon="11.321273"><ele>0</ele></trkpt>
      <trkpt lat="43.545681" lon="11.321273"><ele>0</ele></trkpt>
      <trkpt lat="43.546076" lon="11.321267"><ele>0</ele></trkpt>
      <trkpt lat="43.546445" lon="11.321263"><ele>0</ele></trkpt>
      <trkpt lat="43.546567" lon="11.321241"><ele>0</ele></trkpt>
      <trkpt lat="43.546650" lon="11.321195"><ele>0</ele></trkpt>
      <trkpt lat="43.546839" lon="11.321070"><ele>0</ele></trkpt>
      <trkpt lat="43.546952" lon="11.321009"><ele>0</ele></trkpt>
      <trkpt lat="43.547093" lon="11.320958"><ele>0</ele></trkpt>
      <trkpt lat="43.547186" lon="11.320946"><ele>0</ele></trkpt>
      <trkpt lat="43.547314" lon="11.320933"><ele>0</ele></trkpt>
      <trkpt lat="43.547364" lon="11.320923"><ele>0</ele></trkpt>
      <trkpt lat="43.547426" lon="11.320895"><ele>0</ele></trkpt>
      <trkpt lat="43.547479" lon="11.320847"><ele>0</ele></trkpt>
      <trkpt lat="43.547536" lon="11.320765"><ele>0</ele></trkpt>
      <trkpt lat="43.547579" lon="11.320676"><ele>0</ele></trkpt>
      <trkpt lat="43.547609" lon="11.320563"><ele>0</ele></trkpt>
      <trkpt lat="43.547615" lon="11.320410"><ele>0</ele></trkpt>
      <trkpt lat="43.547578" lon="11.320234"><ele>0</ele></trkpt>
      <trkpt lat="43.547457" lon="11.320045"><ele>0</ele></trkpt>
      <trkpt lat="43.547293" lon="11.319888"><ele>0</ele></trkpt>
      <trkpt lat="43.546945" lon="11.319596"><ele>0</ele></trkpt>
      <trkpt lat="43.546839" lon="11.319489"><ele>0</ele></trkpt>
      <trkpt lat="43.546708" lon="11.319357"><ele>0</ele></trkpt>
      <trkpt lat="43.546601" lon="11.319177"><ele>0</ele></trkpt>
      <trkpt lat="43.546514" lon="11.318967"><ele>0</ele></trkpt>
      <trkpt lat="43.546485" lon="11.318739"><ele>0</ele></trkpt>
      <trkpt lat="43.546487" lon="11.318490"><ele>0</ele></trkpt>
      <trkpt lat="43.546490" lon="11.318241"><ele>0</ele></trkpt>
      <trkpt lat="43.546458" lon="11.318049"><ele>0</ele></trkpt>
      <trkpt lat="43.546383" lon="11.317924"><ele>0</ele></trkpt>
      <trkpt lat="43.546284" lon="11.317841"><ele>0</ele></trkpt>
      <trkpt lat="43.546137" lon="11.317784"><ele>0</ele></trkpt>
      <trkpt lat="43.545562" lon="11.317670"><ele>0</ele></trkpt>
      <trkpt lat="43.545365" lon="11.317566"><ele>0</ele></trkpt>
      <trkpt lat="43.545211" lon="11.317386"><ele>0</ele></trkpt>
      <trkpt lat="43.545129" lon="11.317161"><ele>0</ele></trkpt>
      <trkpt lat="43.545090" lon="11.316874"><ele>0</ele></trkpt>
      <trkpt lat="43.545095" lon="11.316568"><ele>0</ele></trkpt>
      <trkpt lat="43.545104" lon="11.316407"><ele>0</ele></trkpt>
      <trkpt lat="43.545096" lon="11.316284"><ele>0</ele></trkpt>
      <trkpt lat="43.545068" lon="11.316183"><ele>0</ele></trkpt>
      <trkpt lat="43.544911" lon="11.316061"><ele>0</ele></trkpt>
      <trkpt lat="43.544853" lon="11.316048"><ele>0</ele></trkpt>
      <trkpt lat="43.544711" lon="11.316076"><ele>0</ele></trkpt>
      <trkpt lat="43.544665" lon="11.316097"><ele>0</ele></trkpt>
      <trkpt lat="43.544617" lon="11.316119"><ele>0</ele></trkpt>
      <trkpt lat="43.544174" lon="11.316223"><ele>0</ele></trkpt>
      <trkpt lat="43.543797" lon="11.316328"><ele>0</ele></trkpt>
      <trkpt lat="43.543219" lon="11.316500"><ele>0</ele></trkpt>
      <trkpt lat="43.543065" lon="11.316540"><ele>0</ele></trkpt>
      <trkpt lat="43.542849" lon="11.316596"><ele>0</ele></trkpt>
      <trkpt lat="43.542703" lon="11.316694"><ele>0</ele></trkpt>
      <trkpt lat="43.542388" lon="11.317018"><ele>0</ele></trkpt>
      <trkpt lat="43.542257" lon="11.317133"><ele>0</ele></trkpt>
      <trkpt lat="43.542175" lon="11.317172"><ele>0</ele></trkpt>
      <trkpt lat="43.542095" lon="11.317199"><ele>0</ele></trkpt>
      <trkpt lat="43.542018" lon="11.317201"><ele>0</ele></trkpt>
      <trkpt lat="43.541941" lon="11.317188"><ele>0</ele></trkpt>
      <trkpt lat="43.541474" lon="11.317037"><ele>0</ele></trkpt>
      <trkpt lat="43.541067" lon="11.316874"><ele>0</ele></trkpt>
      <trkpt lat="43.541000" lon="11.316854"><ele>0</ele></trkpt>
      <trkpt lat="43.540922" lon="11.316843"><ele>0</ele></trkpt>
      <trkpt lat="43.540810" lon="11.316837"><ele>0</ele></trkpt>
      <trkpt lat="43.540723" lon="11.316852"><ele>0</ele></trkpt>
      <trkpt lat="43.540649" lon="11.316883"><ele>0</ele></trkpt>
      <trkpt lat="43.540554" lon="11.316934"><ele>0</ele></trkpt>
      <trkpt lat="43.540386" lon="11.317043"><ele>0</ele></trkpt>
      <trkpt lat="43.540134" lon="11.317212"><ele>0</ele></trkpt>
      <trkpt lat="43.540005" lon="11.317282"><ele>0</ele></trkpt>
      <trkpt lat="43.539906" lon="11.317323"><ele>0</ele></trkpt>
      <trkpt lat="43.539798" lon="11.317332"><ele>0</ele></trkpt>
      <trkpt lat="43.539732" lon="11.317326"><ele>0</ele></trkpt>
      <trkpt lat="43.539659" lon="11.317309"><ele>0</ele></trkpt>
      <trkpt lat="43.539269" lon="11.317162"><ele>0</ele></trkpt>
      <trkpt lat="43.539035" lon="11.317069"><ele>0</ele></trkpt>
      <trkpt lat="43.538890" lon="11.317010"><ele>0</ele></trkpt>
      <trkpt lat="43.537731" lon="11.316532"><ele>0</ele></trkpt>
      <trkpt lat="43.537477" lon="11.316282"><ele>0</ele></trkpt>
      <trkpt lat="43.537420" lon="11.316183"><ele>0</ele></trkpt>
      <trkpt lat="43.537284" lon="11.315950"><ele>0</ele></trkpt>
      <trkpt lat="43.537192" lon="11.315762"><ele>0</ele></trkpt>
      <trkpt lat="43.537095" lon="11.315553"><ele>0</ele></trkpt>
      <trkpt lat="43.536920" lon="11.315319"><ele>0</ele></trkpt>
      <trkpt lat="43.536626" lon="11.314963"><ele>0</ele></trkpt>
      <trkpt lat="43.536562" lon="11.314885"><ele>0</ele></trkpt>
      <trkpt lat="43.536510" lon="11.314758"><ele>0</ele></trkpt>
      <trkpt lat="43.536265" lon="11.314137"><ele>0</ele></trkpt>
      <trkpt lat="43.535996" lon="11.313778"><ele>0</ele></trkpt>
      <trkpt lat="43.535690" lon="11.313370"><ele>0</ele></trkpt>
      <trkpt lat="43.535492" lon="11.313064"><ele>0</ele></trkpt>
      <trkpt lat="43.535442" lon="11.313017"><ele>0</ele></trkpt>
      <trkpt lat="43.535209" lon="11.312709"><ele>0</ele></trkpt>
      <trkpt lat="43.534913" lon="11.312304"><ele>0</ele></trkpt>
      <trkpt lat="43.534697" lon="11.312036"><ele>0</ele></trkpt>
      <trkpt lat="43.534575" lon="11.311816"><ele>0</ele></trkpt>
      <trkpt lat="43.534493" lon="11.311603"><ele>0</ele></trkpt>
      <trkpt lat="43.534409" lon="11.311202"><ele>0</ele></trkpt>
      <trkpt lat="43.534339" lon="11.310618"><ele>0</ele></trkpt>
      <trkpt lat="43.534246" lon="11.310328"><ele>0</ele></trkpt>
      <trkpt lat="43.534076" lon="11.310081"><ele>0</ele></trkpt>
      <trkpt lat="43.533271" lon="11.309336"><ele>0</ele></trkpt>
      <trkpt lat="43.532896" lon="11.308994"><ele>0</ele></trkpt>
      <trkpt lat="43.532750" lon="11.308858"><ele>0</ele></trkpt>
      <trkpt lat="43.532659" lon="11.308739"><ele>0</ele></trkpt>
      <trkpt lat="43.532601" lon="11.308603"><ele>0</ele></trkpt>
      <trkpt lat="43.532527" lon="11.308316"><ele>0</ele></trkpt>
      <trkpt lat="43.532411" lon="11.307820"><ele>0</ele></trkpt>
      <trkpt lat="43.532365" lon="11.307598"><ele>0</ele></trkpt>
      <trkpt lat="43.532240" lon="11.307286"><ele>0</ele></trkpt>
      <trkpt lat="43.531922" lon="11.306651"><ele>0</ele></trkpt>
      <trkpt lat="43.531842" lon="11.306442"><ele>0</ele></trkpt>
      <trkpt lat="43.531814" lon="11.306224"><ele>0</ele></trkpt>
      <trkpt lat="43.531817" lon="11.305971"><ele>0</ele></trkpt>
      <trkpt lat="43.531843" lon="11.305085"><ele>0</ele></trkpt>
      <trkpt lat="43.531831" lon="11.304850"><ele>0</ele></trkpt>
      <trkpt lat="43.531782" lon="11.304663"><ele>0</ele></trkpt>
      <trkpt lat="43.531687" lon="11.304516"><ele>0</ele></trkpt>
      <trkpt lat="43.531541" lon="11.304369"><ele>0</ele></trkpt>
      <trkpt lat="43.531204" lon="11.304067"><ele>0</ele></trkpt>
      <trkpt lat="43.530950" lon="11.303943"><ele>0</ele></trkpt>
      <trkpt lat="43.530865" lon="11.303904"><ele>0</ele></trkpt>
      <trkpt lat="43.530774" lon="11.303879"><ele>0</ele></trkpt>
      <trkpt lat="43.530648" lon="11.303858"><ele>0</ele></trkpt>
      <trkpt lat="43.530347" lon="11.303832"><ele>0</ele></trkpt>
      <trkpt lat="43.530152" lon="11.303829"><ele>0</ele></trkpt>
      <trkpt lat="43.530014" lon="11.303846"><ele>0</ele></trkpt>
      <trkpt lat="43.529906" lon="11.303877"><ele>0</ele></trkpt>
      <trkpt lat="43.529805" lon="11.303906"><ele>0</ele></trkpt>
      <trkpt lat="43.529699" lon="11.303926"><ele>0</ele></trkpt>
      <trkpt lat="43.529654" lon="11.303927"><ele>0</ele></trkpt>
      <trkpt lat="43.529608" lon="11.303927"><ele>0</ele></trkpt>
      <trkpt lat="43.529331" lon="11.303898"><ele>0</ele></trkpt>
      <trkpt lat="43.529009" lon="11.303832"><ele>0</ele></trkpt>
      <trkpt lat="43.528904" lon="11.303816"><ele>0</ele></trkpt>
      <trkpt lat="43.528809" lon="11.303814"><ele>0</ele></trkpt>
      <trkpt lat="43.528711" lon="11.303829"><ele>0</ele></trkpt>
      <trkpt lat="43.528652" lon="11.303854"><ele>0</ele></trkpt>
      <trkpt lat="43.528463" lon="11.303946"><ele>0</ele></trkpt>
      <trkpt lat="43.528398" lon="11.303975"><ele>0</ele></trkpt>
      <trkpt lat="43.528312" lon="11.303995"><ele>0</ele></trkpt>
      <trkpt lat="43.528248" lon="11.303985"><ele>0</ele></trkpt>
      <trkpt lat="43.528199" lon="11.303965"><ele>0</ele></trkpt>
      <trkpt lat="43.528164" lon="11.303944"><ele>0</ele></trkpt>
      <trkpt lat="43.528118" lon="11.303893"><ele>0</ele></trkpt>
      <trkpt lat="43.528072" lon="11.303837"><ele>0</ele></trkpt>
      <trkpt lat="43.527941" lon="11.303589"><ele>0</ele></trkpt>
      <trkpt lat="43.527880" lon="11.303460"><ele>0</ele></trkpt>
      <trkpt lat="43.527827" lon="11.303368"><ele>0</ele></trkpt>
      <trkpt lat="43.527770" lon="11.303302"><ele>0</ele></trkpt>
      <trkpt lat="43.527732" lon="11.303266"><ele>0</ele></trkpt>
      <trkpt lat="43.527614" lon="11.303204"><ele>0</ele></trkpt>
      <trkpt lat="43.527393" lon="11.303131"><ele>0</ele></trkpt>
      <trkpt lat="43.527255" lon="11.303029"><ele>0</ele></trkpt>
      <trkpt lat="43.526830" lon="11.302423"><ele>0</ele></trkpt>
      <trkpt lat="43.526740" lon="11.302282"><ele>0</ele></trkpt>
      <trkpt lat="43.526678" lon="11.302143"><ele>0</ele></trkpt>
      <trkpt lat="43.526642" lon="11.301957"><ele>0</ele></trkpt>
      <trkpt lat="43.526615" lon="11.301753"><ele>0</ele></trkpt>
      <trkpt lat="43.526602" lon="11.301322"><ele>0</ele></trkpt>
      <trkpt lat="43.526542" lon="11.300871"><ele>0</ele></trkpt>
      <trkpt lat="43.526466" lon="11.300582"><ele>0</ele></trkpt>
      <trkpt lat="43.526341" lon="11.300257"><ele>0</ele></trkpt>
      <trkpt lat="43.526260" lon="11.300048"><ele>0</ele></trkpt>
      <trkpt lat="43.526166" lon="11.299916"><ele>0</ele></trkpt>
      <trkpt lat="43.526104" lon="11.299850"><ele>0</ele></trkpt>
      <trkpt lat="43.526005" lon="11.299804"><ele>0</ele></trkpt>
      <trkpt lat="43.525874" lon="11.299769"><ele>0</ele></trkpt>
      <trkpt lat="43.525551" lon="11.299729"><ele>0</ele></trkpt>
      <trkpt lat="43.525346" lon="11.299724"><ele>0</ele></trkpt>
      <trkpt lat="43.525212" lon="11.299769"><ele>0</ele></trkpt>
      <trkpt lat="43.525109" lon="11.299883"><ele>0</ele></trkpt>
      <trkpt lat="43.525046" lon="11.300068"><ele>0</ele></trkpt>
      <trkpt lat="43.524907" lon="11.300634"><ele>0</ele></trkpt>
      <trkpt lat="43.524902" lon="11.300764"><ele>0</ele></trkpt>
      <trkpt lat="43.524908" lon="11.300896"><ele>0</ele></trkpt>
      <trkpt lat="43.524926" lon="11.301004"><ele>0</ele></trkpt>
      <trkpt lat="43.524976" lon="11.301151"><ele>0</ele></trkpt>
      <trkpt lat="43.525028" lon="11.301253"><ele>0</ele></trkpt>
      <trkpt lat="43.525109" lon="11.301363"><ele>0</ele></trkpt>
      <trkpt lat="43.525497" lon="11.301819"><ele>0</ele></trkpt>
      <trkpt lat="43.525561" lon="11.301928"><ele>0</ele></trkpt>
      <trkpt lat="43.525599" lon="11.302007"><ele>0</ele></trkpt>
      <trkpt lat="43.525618" lon="11.302069"><ele>0</ele></trkpt>
      <trkpt lat="43.525630" lon="11.302186"><ele>0</ele></trkpt>
      <trkpt lat="43.525635" lon="11.302308"><ele>0</ele></trkpt>
      <trkpt lat="43.525628" lon="11.302402"><ele>0</ele></trkpt>
      <trkpt lat="43.525604" lon="11.302484"><ele>0</ele></trkpt>
      <trkpt lat="43.525568" lon="11.302540"><ele>0</ele></trkpt>
      <trkpt lat="43.525532" lon="11.302565"><ele>0</ele></trkpt>
      <trkpt lat="43.525493" lon="11.302571"><ele>0</ele></trkpt>
      <trkpt lat="43.525454" lon="11.302560"><ele>0</ele></trkpt>
      <trkpt lat="43.525399" lon="11.302531"><ele>0</ele></trkpt>
      <trkpt lat="43.525354" lon="11.302575"><ele>0</ele></trkpt>
      <trkpt lat="43.525294" lon="11.302617"><ele>0</ele></trkpt>
      <trkpt lat="43.525234" lon="11.302639"><ele>0</ele></trkpt>
      <trkpt lat="43.525021" lon="11.302644"><ele>0</ele></trkpt>
      <trkpt lat="43.524772" lon="11.302711"><ele>0</ele></trkpt>
      <trkpt lat="43.524646" lon="11.302818"><ele>0</ele></trkpt>
      <trkpt lat="43.524504" lon="11.302909"><ele>0</ele></trkpt>
      <trkpt lat="43.524412" lon="11.303162"><ele>0</ele></trkpt>
      <trkpt lat="43.524356" lon="11.303333"><ele>0</ele></trkpt>
      <trkpt lat="43.524356" lon="11.303508"><ele>0</ele></trkpt>
      <trkpt lat="43.524393" lon="11.303606"><ele>0</ele></trkpt>
      <trkpt lat="43.524510" lon="11.303742"><ele>0</ele></trkpt>
      <trkpt lat="43.524710" lon="11.303869"><ele>0</ele></trkpt>
      <trkpt lat="43.524992" lon="11.304027"><ele>0</ele></trkpt>
      <trkpt lat="43.525060" lon="11.304107"><ele>0</ele></trkpt>
      <trkpt lat="43.525201" lon="11.304435"><ele>0</ele></trkpt>
      <trkpt lat="43.525635" lon="11.305334"><ele>0</ele></trkpt>
      <trkpt lat="43.525749" lon="11.305627"><ele>0</ele></trkpt>
      <trkpt lat="43.525776" lon="11.305832"><ele>0</ele></trkpt>
      <trkpt lat="43.525746" lon="11.306017"><ele>0</ele></trkpt>
      <trkpt lat="43.525677" lon="11.306141"><ele>0</ele></trkpt>
      <trkpt lat="43.525560" lon="11.306215"><ele>0</ele></trkpt>
      <trkpt lat="43.525413" lon="11.306225"><ele>0</ele></trkpt>
      <trkpt lat="43.524655" lon="11.306033"><ele>0</ele></trkpt>
      <trkpt lat="43.524489" lon="11.305991"><ele>0</ele></trkpt>
      <trkpt lat="43.523196" lon="11.305673"><ele>0</ele></trkpt>
      <trkpt lat="43.522840" lon="11.305478"><ele>0</ele></trkpt>
      <trkpt lat="43.522392" lon="11.305182"><ele>0</ele></trkpt>
      <trkpt lat="43.522189" lon="11.305098"><ele>0</ele></trkpt>
      <trkpt lat="43.521884" lon="11.305016"><ele>0</ele></trkpt>
      <trkpt lat="43.521773" lon="11.305006"><ele>0</ele></trkpt>
      <trkpt lat="43.521590" lon="11.305016"><ele>0</ele></trkpt>
      <trkpt lat="43.521289" lon="11.305082"><ele>0</ele></trkpt>
      <trkpt lat="43.521193" lon="11.305147"><ele>0</ele></trkpt>
      <trkpt lat="43.521094" lon="11.305287"><ele>0</ele></trkpt>
      <trkpt lat="43.521037" lon="11.305452"><ele>0</ele></trkpt>
      <trkpt lat="43.521032" lon="11.305672"><ele>0</ele></trkpt>
      <trkpt lat="43.521141" lon="11.307062"><ele>0</ele></trkpt>
      <trkpt lat="43.521140" lon="11.307228"><ele>0</ele></trkpt>
      <trkpt lat="43.521090" lon="11.307411"><ele>0</ele></trkpt>
      <trkpt lat="43.521054" lon="11.307456"><ele>0</ele></trkpt>
      <trkpt lat="43.520997" lon="11.307529"><ele>0</ele></trkpt>
      <trkpt lat="43.520866" lon="11.307601"><ele>0</ele></trkpt>
      <trkpt lat="43.520694" lon="11.307609"><ele>0</ele></trkpt>
      <trkpt lat="43.520586" lon="11.307700"><ele>0</ele></trkpt>
      <trkpt lat="43.520497" lon="11.307872"><ele>0</ele></trkpt>
      <trkpt lat="43.520146" lon="11.308808"><ele>0</ele></trkpt>
      <trkpt lat="43.520102" lon="11.309026"><ele>0</ele></trkpt>
      <trkpt lat="43.520118" lon="11.309179"><ele>0</ele></trkpt>
      <trkpt lat="43.520191" lon="11.309460"><ele>0</ele></trkpt>
      <trkpt lat="43.520210" lon="11.309706"><ele>0</ele></trkpt>
      <trkpt lat="43.520201" lon="11.311309"><ele>0</ele></trkpt>
      <trkpt lat="43.520182" lon="11.311482"><ele>0</ele></trkpt>
      <trkpt lat="43.520133" lon="11.311615"><ele>0</ele></trkpt>
      <trkpt lat="43.520021" lon="11.311753"><ele>0</ele></trkpt>
      <trkpt lat="43.519910" lon="11.311811"><ele>0</ele></trkpt>
      <trkpt lat="43.519848" lon="11.311826"><ele>0</ele></trkpt>
      <trkpt lat="43.519786" lon="11.311827"><ele>0</ele></trkpt>
      <trkpt lat="43.519695" lon="11.311814"><ele>0</ele></trkpt>
      <trkpt lat="43.519230" lon="11.311627"><ele>0</ele></trkpt>
      <trkpt lat="43.519149" lon="11.311594"><ele>0</ele></trkpt>
      <trkpt lat="43.519083" lon="11.311568"><ele>0</ele></trkpt>
      <trkpt lat="43.519043" lon="11.311551"><ele>0</ele></trkpt>
      <trkpt lat="43.518930" lon="11.311522"><ele>0</ele></trkpt>
      <trkpt lat="43.518840" lon="11.311513"><ele>0</ele></trkpt>
      <trkpt lat="43.518762" lon="11.311523"><ele>0</ele></trkpt>
      <trkpt lat="43.518583" lon="11.311597"><ele>0</ele></trkpt>
      <trkpt lat="43.517857" lon="11.311914"><ele>0</ele></trkpt>
      <trkpt lat="43.517386" lon="11.312133"><ele>0</ele></trkpt>
      <trkpt lat="43.517181" lon="11.312229"><ele>0</ele></trkpt>
      <trkpt lat="43.516803" lon="11.312414"><ele>0</ele></trkpt>
      <trkpt lat="43.516653" lon="11.312550"><ele>0</ele></trkpt>
      <trkpt lat="43.516586" lon="11.312726"><ele>0</ele></trkpt>
      <trkpt lat="43.516551" lon="11.312960"><ele>0</ele></trkpt>
      <trkpt lat="43.516544" lon="11.313019"><ele>0</ele></trkpt>
      <trkpt lat="43.516541" lon="11.313543"><ele>0</ele></trkpt>
      <trkpt lat="43.516584" lon="11.314203"><ele>0</ele></trkpt>
      <trkpt lat="43.516594" lon="11.314732"><ele>0</ele></trkpt>
      <trkpt lat="43.516525" lon="11.315027"><ele>0</ele></trkpt>
      <trkpt lat="43.516286" lon="11.315574"><ele>0</ele></trkpt>
      <trkpt lat="43.516189" lon="11.315739"><ele>0</ele></trkpt>
      <trkpt lat="43.515862" lon="11.316076"><ele>0</ele></trkpt>
      <trkpt lat="43.515651" lon="11.316369"><ele>0</ele></trkpt>
      <trkpt lat="43.515535" lon="11.316609"><ele>0</ele></trkpt>
      <trkpt lat="43.515495" lon="11.316790"><ele>0</ele></trkpt>
      <trkpt lat="43.515391" lon="11.317281"><ele>0</ele></trkpt>
      <trkpt lat="43.515320" lon="11.317468"><ele>0</ele></trkpt>
      <trkpt lat="43.515168" lon="11.317705"><ele>0</ele></trkpt>
      <trkpt lat="43.514788" lon="11.318043"><ele>0</ele></trkpt>
      <trkpt lat="43.514655" lon="11.318245"><ele>0</ele></trkpt>
      <trkpt lat="43.514289" lon="11.318975"><ele>0</ele></trkpt>
      <trkpt lat="43.514024" lon="11.319446"><ele>0</ele></trkpt>
      <trkpt lat="43.513722" lon="11.320148"><ele>0</ele></trkpt>
      <trkpt lat="43.513496" lon="11.320445"><ele>0</ele></trkpt>
      <trkpt lat="43.513008" lon="11.320874"><ele>0</ele></trkpt>
      <trkpt lat="43.512321" lon="11.321292"><ele>0</ele></trkpt>
      <trkpt lat="43.511848" lon="11.321528"><ele>0</ele></trkpt>
      <trkpt lat="43.511436" lon="11.321895"><ele>0</ele></trkpt>
      <trkpt lat="43.510941" lon="11.322521"><ele>0</ele></trkpt>
      <trkpt lat="43.510236" lon="11.323309"><ele>0</ele></trkpt>
      <trkpt lat="43.509839" lon="11.323610"><ele>0</ele></trkpt>
      <trkpt lat="43.509335" lon="11.323681"><ele>0</ele></trkpt>
      <trkpt lat="43.508669" lon="11.323726"><ele>0</ele></trkpt>
      <trkpt lat="43.508354" lon="11.323933"><ele>0</ele></trkpt>
      <trkpt lat="43.508133" lon="11.324330"><ele>0</ele></trkpt>
      <trkpt lat="43.507944" lon="11.324705"><ele>0</ele></trkpt>
      <trkpt lat="43.507684" lon="11.325527"><ele>0</ele></trkpt>
      <trkpt lat="43.507445" lon="11.326630"><ele>0</ele></trkpt>
      <trkpt lat="43.507377" lon="11.326898"><ele>0</ele></trkpt>
      <trkpt lat="43.507316" lon="11.326981"><ele>0</ele></trkpt>
      <trkpt lat="43.507245" lon="11.327033"><ele>0</ele></trkpt>
      <trkpt lat="43.506962" lon="11.327129"><ele>0</ele></trkpt>
      <trkpt lat="43.506652" lon="11.327263"><ele>0</ele></trkpt>
      <trkpt lat="43.506448" lon="11.327392"><ele>0</ele></trkpt>
      <trkpt lat="43.506237" lon="11.327530"><ele>0</ele></trkpt>
      <trkpt lat="43.505426" lon="11.328367"><ele>0</ele></trkpt>
      <trkpt lat="43.504791" lon="11.328899"><ele>0</ele></trkpt>
      <trkpt lat="43.504628" lon="11.328990"><ele>0</ele></trkpt>
      <trkpt lat="43.503853" lon="11.329468"><ele>0</ele></trkpt>
      <trkpt lat="43.503605" lon="11.329797"><ele>0</ele></trkpt>
      <trkpt lat="43.503347" lon="11.330308"><ele>0</ele></trkpt>
      <trkpt lat="43.502571" lon="11.331377"><ele>0</ele></trkpt>
      <trkpt lat="43.502076" lon="11.332092"><ele>0</ele></trkpt>
      <trkpt lat="43.501672" lon="11.332444"><ele>0</ele></trkpt>
      <trkpt lat="43.501167" lon="11.332993"><ele>0</ele></trkpt>
      <trkpt lat="43.501062" lon="11.333136"><ele>0</ele></trkpt>
      <trkpt lat="43.500744" lon="11.333568"><ele>0</ele></trkpt>
      <trkpt lat="43.500507" lon="11.334032"><ele>0</ele></trkpt>
      <trkpt lat="43.500026" lon="11.334907"><ele>0</ele></trkpt>
      <trkpt lat="43.499435" lon="11.336184"><ele>0</ele></trkpt>
      <trkpt lat="43.499138" lon="11.336821"><ele>0</ele></trkpt>
      <trkpt lat="43.498758" lon="11.337319"><ele>0</ele></trkpt>
      <trkpt lat="43.498241" lon="11.337929"><ele>0</ele></trkpt>
      <trkpt lat="43.497808" lon="11.338665"><ele>0</ele></trkpt>
      <trkpt lat="43.497474" lon="11.339223"><ele>0</ele></trkpt>
      <trkpt lat="43.497261" lon="11.339812"><ele>0</ele></trkpt>
      <trkpt lat="43.496699" lon="11.341835"><ele>0</ele></trkpt>
      <trkpt lat="43.496531" lon="11.342306"><ele>0</ele></trkpt>
      <trkpt lat="43.496467" lon="11.342429"><ele>0</ele></trkpt>
      <trkpt lat="43.496249" lon="11.342778"><ele>0</ele></trkpt>
      <trkpt lat="43.495784" lon="11.343426"><ele>0</ele></trkpt>
      <trkpt lat="43.495465" lon="11.344102"><ele>0</ele></trkpt>
      <trkpt lat="43.495038" lon="11.345302"><ele>0</ele></trkpt>
      <trkpt lat="43.494967" lon="11.345512"><ele>0</ele></trkpt>
      <trkpt lat="43.494774" lon="11.346033"><ele>0</ele></trkpt>
      <trkpt lat="43.494648" lon="11.346387"><ele>0</ele></trkpt>
      <trkpt lat="43.494179" lon="11.347599"><ele>0</ele></trkpt>
      <trkpt lat="43.493535" lon="11.348533"><ele>0</ele></trkpt>
      <trkpt lat="43.493003" lon="11.349162"><ele>0</ele></trkpt>
      <trkpt lat="43.491753" lon="11.350346"><ele>0</ele></trkpt>
      <trkpt lat="43.491211" lon="11.350837"><ele>0</ele></trkpt>
      <trkpt lat="43.490523" lon="11.351269"><ele>0</ele></trkpt>
      <trkpt lat="43.490450" lon="11.351314"><ele>0</ele></trkpt>
      <trkpt lat="43.490298" lon="11.351578"><ele>0</ele></trkpt>
      <trkpt lat="43.490240" lon="11.351852"><ele>0</ele></trkpt>
      <trkpt lat="43.490235" lon="11.352125"><ele>0</ele></trkpt>
      <trkpt lat="43.490255" lon="11.352225"><ele>0</ele></trkpt>
      <trkpt lat="43.490399" lon="11.352654"><ele>0</ele></trkpt>
      <trkpt lat="43.490593" lon="11.353115"><ele>0</ele></trkpt>
      <trkpt lat="43.490645" lon="11.353369"><ele>0</ele></trkpt>
      <trkpt lat="43.490707" lon="11.353938"><ele>0</ele></trkpt>
      <trkpt lat="43.490745" lon="11.354128"><ele>0</ele></trkpt>
      <trkpt lat="43.490816" lon="11.354274"><ele>0</ele></trkpt>
      <trkpt lat="43.490881" lon="11.354370"><ele>0</ele></trkpt>
      <trkpt lat="43.491028" lon="11.354533"><ele>0</ele></trkpt>
      <trkpt lat="43.490951" lon="11.354756"><ele>0</ele></trkpt>
      <trkpt lat="43.490803" lon="11.355024"><ele>0</ele></trkpt>
      <trkpt lat="43.490585" lon="11.355271"><ele>0</ele></trkpt>
      <trkpt lat="43.490134" lon="11.355517"><ele>0</ele></trkpt>
      <trkpt lat="43.489892" lon="11.355629"><ele>0</ele></trkpt>
      <trkpt lat="43.489851" lon="11.355693"><ele>0</ele></trkpt>
      <trkpt lat="43.489842" lon="11.355753"><ele>0</ele></trkpt>
      <trkpt lat="43.489869" lon="11.355822"><ele>0</ele></trkpt>
      <trkpt lat="43.489929" lon="11.355884"><ele>0</ele></trkpt>
      <trkpt lat="43.490088" lon="11.355990"><ele>0</ele></trkpt>
      <trkpt lat="43.490151" lon="11.356064"><ele>0</ele></trkpt>
      <trkpt lat="43.490165" lon="11.356117"><ele>0</ele></trkpt>
      <trkpt lat="43.490169" lon="11.356200"><ele>0</ele></trkpt>
      <trkpt lat="43.490151" lon="11.356270"><ele>0</ele></trkpt>
      <trkpt lat="43.490103" lon="11.356343"><ele>0</ele></trkpt>
      <trkpt lat="43.489947" lon="11.356504"><ele>0</ele></trkpt>
      <trkpt lat="43.489662" lon="11.356806"><ele>0</ele></trkpt>
      <trkpt lat="43.489420" lon="11.357092"><ele>0</ele></trkpt>
      <trkpt lat="43.489264" lon="11.357377"><ele>0</ele></trkpt>
      <trkpt lat="43.489162" lon="11.357602"><ele>0</ele></trkpt>
      <trkpt lat="43.489073" lon="11.357924"><ele>0</ele></trkpt>
      <trkpt lat="43.488926" lon="11.358828"><ele>0</ele></trkpt>
      <trkpt lat="43.488832" lon="11.359338"><ele>0</ele></trkpt>
      <trkpt lat="43.488761" lon="11.359582"><ele>0</ele></trkpt>
      <trkpt lat="43.488351" lon="11.360596"><ele>0</ele></trkpt>
      <trkpt lat="43.488227" lon="11.360901"><ele>0</ele></trkpt>
      <trkpt lat="43.488176" lon="11.361067"><ele>0</ele></trkpt>
      <trkpt lat="43.488168" lon="11.361169"><ele>0</ele></trkpt>
      <trkpt lat="43.488236" lon="11.361248"><ele>0</ele></trkpt>
      <trkpt lat="43.488411" lon="11.361358"><ele>0</ele></trkpt>
      <trkpt lat="43.488454" lon="11.361387"><ele>0</ele></trkpt>
      <trkpt lat="43.488481" lon="11.361439"><ele>0</ele></trkpt>
      <trkpt lat="43.488475" lon="11.361492"><ele>0</ele></trkpt>
      <trkpt lat="43.488454" lon="11.361556"><ele>0</ele></trkpt>
      <trkpt lat="43.488188" lon="11.361779"><ele>0</ele></trkpt>
      <trkpt lat="43.488073" lon="11.361889"><ele>0</ele></trkpt>
      <trkpt lat="43.488003" lon="11.362016"><ele>0</ele></trkpt>
      <trkpt lat="43.487847" lon="11.362567"><ele>0</ele></trkpt>
      <trkpt lat="43.487703" lon="11.363045"><ele>0</ele></trkpt>
      <trkpt lat="43.487632" lon="11.363182"><ele>0</ele></trkpt>
      <trkpt lat="43.487562" lon="11.363260"><ele>0</ele></trkpt>
      <trkpt lat="43.487507" lon="11.363314"><ele>0</ele></trkpt>
      <trkpt lat="43.487365" lon="11.363430"><ele>0</ele></trkpt>
      <trkpt lat="43.487147" lon="11.363621"><ele>0</ele></trkpt>
      <trkpt lat="43.486837" lon="11.363918"><ele>0</ele></trkpt>
      <trkpt lat="43.486691" lon="11.364076"><ele>0</ele></trkpt>
      <trkpt lat="43.486505" lon="11.364487"><ele>0</ele></trkpt>
      <trkpt lat="43.486316" lon="11.364691"><ele>0</ele></trkpt>
      <trkpt lat="43.486199" lon="11.364859"><ele>0</ele></trkpt>
      <trkpt lat="43.486044" lon="11.365244"><ele>0</ele></trkpt>
      <trkpt lat="43.485923" lon="11.365350"><ele>0</ele></trkpt>
      <trkpt lat="43.485413" lon="11.365793"><ele>0</ele></trkpt>
      <trkpt lat="43.484987" lon="11.366222"><ele>0</ele></trkpt>
      <trkpt lat="43.484867" lon="11.366358"><ele>0</ele></trkpt>
      <trkpt lat="43.484546" lon="11.366607"><ele>0</ele></trkpt>
      <trkpt lat="43.484517" lon="11.366634"><ele>0</ele></trkpt>
      <trkpt lat="43.484500" lon="11.366659"><ele>0</ele></trkpt>
      <trkpt lat="43.484479" lon="11.366697"><ele>0</ele></trkpt>
      <trkpt lat="43.484463" lon="11.366815"><ele>0</ele></trkpt>
      <trkpt lat="43.484453" lon="11.366875"><ele>0</ele></trkpt>
      <trkpt lat="43.484433" lon="11.366927"><ele>0</ele></trkpt>
      <trkpt lat="43.484404" lon="11.366940"><ele>0</ele></trkpt>
      <trkpt lat="43.484417" lon="11.366990"><ele>0</ele></trkpt>
      <trkpt lat="43.484540" lon="11.367462"><ele>0</ele></trkpt>
      <trkpt lat="43.484567" lon="11.367595"><ele>0</ele></trkpt>
      <trkpt lat="43.484602" lon="11.367808"><ele>0</ele></trkpt>
      <trkpt lat="43.484648" lon="11.368136"><ele>0</ele></trkpt>
      <trkpt lat="43.484692" lon="11.368454"><ele>0</ele></trkpt>
      <trkpt lat="43.484718" lon="11.368706"><ele>0</ele></trkpt>
      <trkpt lat="43.484746" lon="11.368920"><ele>0</ele></trkpt>
      <trkpt lat="43.484779" lon="11.369093"><ele>0</ele></trkpt>
      <trkpt lat="43.484825" lon="11.369249"><ele>0</ele></trkpt>
      <trkpt lat="43.484865" lon="11.369344"><ele>0</ele></trkpt>
      <trkpt lat="43.484905" lon="11.369417"><ele>0</ele></trkpt>
      <trkpt lat="43.485016" lon="11.369573"><ele>0</ele></trkpt>
      <trkpt lat="43.485110" lon="11.369682"><ele>0</ele></trkpt>
      <trkpt lat="43.485201" lon="11.369761"><ele>0</ele></trkpt>
      <trkpt lat="43.485303" lon="11.369809"><ele>0</ele></trkpt>
      <trkpt lat="43.485398" lon="11.369851"><ele>0</ele></trkpt>
      <trkpt lat="43.485508" lon="11.369870"><ele>0</ele></trkpt>
      <trkpt lat="43.485602" lon="11.369890"><ele>0</ele></trkpt>
      <trkpt lat="43.485667" lon="11.369928"><ele>0</ele></trkpt>
      <trkpt lat="43.485728" lon="11.369971"><ele>0</ele></trkpt>
      <trkpt lat="43.485794" lon="11.370036"><ele>0</ele></trkpt>
      <trkpt lat="43.485851" lon="11.370120"><ele>0</ele></trkpt>
      <trkpt lat="43.485890" lon="11.370191"><ele>0</ele></trkpt>
      <trkpt lat="43.485908" lon="11.370233"><ele>0</ele></trkpt>
      <trkpt lat="43.485917" lon="11.370254"><ele>0</ele></trkpt>
      <trkpt lat="43.485949" lon="11.370331"><ele>0</ele></trkpt>
      <trkpt lat="43.486003" lon="11.370489"><ele>0</ele></trkpt>
      <trkpt lat="43.486140" lon="11.370897"><ele>0</ele></trkpt>
      <trkpt lat="43.486194" lon="11.371110"><ele>0</ele></trkpt>
      <trkpt lat="43.486224" lon="11.371272"><ele>0</ele></trkpt>
      <trkpt lat="43.486257" lon="11.371494"><ele>0</ele></trkpt>
      <trkpt lat="43.486316" lon="11.371999"><ele>0</ele></trkpt>
      <trkpt lat="43.486344" lon="11.372289"><ele>0</ele></trkpt>
      <trkpt lat="43.486386" lon="11.372643"><ele>0</ele></trkpt>
      <trkpt lat="43.486394" lon="11.372723"><ele>0</ele></trkpt>
      <trkpt lat="43.486404" lon="11.372816"><ele>0</ele></trkpt>
      <trkpt lat="43.486411" lon="11.372892"><ele>0</ele></trkpt>
      <trkpt lat="43.486414" lon="11.372949"><ele>0</ele></trkpt>
      <trkpt lat="43.486415" lon="11.372988"><ele>0</ele></trkpt>
      <trkpt lat="43.486414" lon="11.373035"><ele>0</ele></trkpt>
      <trkpt lat="43.486412" lon="11.373084"><ele>0</ele></trkpt>
      <trkpt lat="43.486391" lon="11.373258"><ele>0</ele></trkpt>
      <trkpt lat="43.486365" lon="11.373341"><ele>0</ele></trkpt>
      <trkpt lat="43.486324" lon="11.373502"><ele>0</ele></trkpt>
      <trkpt lat="43.486267" lon="11.373670"><ele>0</ele></trkpt>
      <trkpt lat="43.486206" lon="11.373876"><ele>0</ele></trkpt>
      <trkpt lat="43.486154" lon="11.374109"><ele>0</ele></trkpt>
      <trkpt lat="43.486134" lon="11.374219"><ele>0</ele></trkpt>
      <trkpt lat="43.486119" lon="11.374325"><ele>0</ele></trkpt>
      <trkpt lat="43.486121" lon="11.374428"><ele>0</ele></trkpt>
      <trkpt lat="43.486133" lon="11.374521"><ele>0</ele></trkpt>
      <trkpt lat="43.486160" lon="11.374619"><ele>0</ele></trkpt>
      <trkpt lat="43.486225" lon="11.374738"><ele>0</ele></trkpt>
      <trkpt lat="43.486266" lon="11.374802"><ele>0</ele></trkpt>
      <trkpt lat="43.486353" lon="11.374944"><ele>0</ele></trkpt>
      <trkpt lat="43.486385" lon="11.375000"><ele>0</ele></trkpt>
      <trkpt lat="43.486492" lon="11.375176"><ele>0</ele></trkpt>
      <trkpt lat="43.486515" lon="11.375213"><ele>0</ele></trkpt>
      <trkpt lat="43.486801" lon="11.375682"><ele>0</ele></trkpt>
      <trkpt lat="43.486854" lon="11.375776"><ele>0</ele></trkpt>
      <trkpt lat="43.486880" lon="11.375833"><ele>0</ele></trkpt>
      <trkpt lat="43.486898" lon="11.375891"><ele>0</ele></trkpt>
      <trkpt lat="43.486904" lon="11.375932"><ele>0</ele></trkpt>
      <trkpt lat="43.486906" lon="11.375942"><ele>0</ele></trkpt>
      <trkpt lat="43.486913" lon="11.376042"><ele>0</ele></trkpt>
      <trkpt lat="43.486910" lon="11.376128"><ele>0</ele></trkpt>
      <trkpt lat="43.486880" lon="11.376625"><ele>0</ele></trkpt>
      <trkpt lat="43.486807" lon="11.377489"><ele>0</ele></trkpt>
      <trkpt lat="43.486799" lon="11.377618"><ele>0</ele></trkpt>
      <trkpt lat="43.486795" lon="11.377673"><ele>0</ele></trkpt>
      <trkpt lat="43.486641" lon="11.377648"><ele>0</ele></trkpt>
      <trkpt lat="43.486455" lon="11.377641"><ele>0</ele></trkpt>
      <trkpt lat="43.486369" lon="11.377673"><ele>0</ele></trkpt>
      <trkpt lat="43.486268" lon="11.377716"><ele>0</ele></trkpt>
      <trkpt lat="43.486224" lon="11.377737"><ele>0</ele></trkpt>
      <trkpt lat="43.486089" lon="11.377802"><ele>0</ele></trkpt>
      <trkpt lat="43.485832" lon="11.377995"><ele>0</ele></trkpt>
      <trkpt lat="43.485676" lon="11.378220"><ele>0</ele></trkpt>
      <trkpt lat="43.485295" lon="11.378441"><ele>0</ele></trkpt>
      <trkpt lat="43.485371" lon="11.378729"><ele>0</ele></trkpt>
      <trkpt lat="43.485518" lon="11.379044"><ele>0</ele></trkpt>
      <trkpt lat="43.485709" lon="11.379208"><ele>0</ele></trkpt>
      <trkpt lat="43.485949" lon="11.379304"><ele>0</ele></trkpt>
      <trkpt lat="43.486106" lon="11.379330"><ele>0</ele></trkpt>
      <trkpt lat="43.486260" lon="11.379304"><ele>0</ele></trkpt>
      <trkpt lat="43.486413" lon="11.379219"><ele>0</ele></trkpt>
      <trkpt lat="43.486489" lon="11.379178"><ele>0</ele></trkpt>
      <trkpt lat="43.486687" lon="11.379071"><ele>0</ele></trkpt>
      <trkpt lat="43.486832" lon="11.378995"><ele>0</ele></trkpt>
      <trkpt lat="43.487114" lon="11.378791"><ele>0</ele></trkpt>
      <trkpt lat="43.486952" lon="11.378449"><ele>0</ele></trkpt>
      <trkpt lat="43.486872" lon="11.378217"><ele>0</ele></trkpt>
      <trkpt lat="43.486802" lon="11.377852"><ele>0</ele></trkpt>
      <trkpt lat="43.486795" lon="11.377673"><ele>0</ele></trkpt>
      <trkpt lat="43.486799" lon="11.377618"><ele>0</ele></trkpt>
      <trkpt lat="43.486807" lon="11.377489"><ele>0</ele></trkpt>
      <trkpt lat="43.486880" lon="11.376625"><ele>0</ele></trkpt>
      <trkpt lat="43.486910" lon="11.376128"><ele>0</ele></trkpt>
      <trkpt lat="43.486913" lon="11.376042"><ele>0</ele></trkpt>
      <trkpt lat="43.486906" lon="11.375942"><ele>0</ele></trkpt>
      <trkpt lat="43.486898" lon="11.375891"><ele>0</ele></trkpt>
      <trkpt lat="43.486880" lon="11.375833"><ele>0</ele></trkpt>
      <trkpt lat="43.486854" lon="11.375776"><ele>0</ele></trkpt>
      <trkpt lat="43.486801" lon="11.375682"><ele>0</ele></trkpt>
      <trkpt lat="43.486515" lon="11.375213"><ele>0</ele></trkpt>
      <trkpt lat="43.486492" lon="11.375176"><ele>0</ele></trkpt>
      <trkpt lat="43.486385" lon="11.375000"><ele>0</ele></trkpt>
      <trkpt lat="43.486353" lon="11.374944"><ele>0</ele></trkpt>
      <trkpt lat="43.486266" lon="11.374802"><ele>0</ele></trkpt>
      <trkpt lat="43.486225" lon="11.374738"><ele>0</ele></trkpt>
      <trkpt lat="43.486160" lon="11.374619"><ele>0</ele></trkpt>
      <trkpt lat="43.486133" lon="11.374521"><ele>0</ele></trkpt>
      <trkpt lat="43.486121" lon="11.374428"><ele>0</ele></trkpt>
      <trkpt lat="43.486119" lon="11.374325"><ele>0</ele></trkpt>
      <trkpt lat="43.486134" lon="11.374219"><ele>0</ele></trkpt>
      <trkpt lat="43.486154" lon="11.374109"><ele>0</ele></trkpt>
      <trkpt lat="43.486206" lon="11.373876"><ele>0</ele></trkpt>
      <trkpt lat="43.486267" lon="11.373670"><ele>0</ele></trkpt>
      <trkpt lat="43.486324" lon="11.373502"><ele>0</ele></trkpt>
      <trkpt lat="43.486365" lon="11.373341"><ele>0</ele></trkpt>
      <trkpt lat="43.486391" lon="11.373258"><ele>0</ele></trkpt>
      <trkpt lat="43.486412" lon="11.373084"><ele>0</ele></trkpt>
      <trkpt lat="43.486414" lon="11.373035"><ele>0</ele></trkpt>
      <trkpt lat="43.486415" lon="11.372988"><ele>0</ele></trkpt>
      <trkpt lat="43.486414" lon="11.372949"><ele>0</ele></trkpt>
      <trkpt lat="43.486411" lon="11.372892"><ele>0</ele></trkpt>
      <trkpt lat="43.486404" lon="11.372816"><ele>0</ele></trkpt>
      <trkpt lat="43.486394" lon="11.372723"><ele>0</ele></trkpt>
      <trkpt lat="43.486386" lon="11.372643"><ele>0</ele></trkpt>
      <trkpt lat="43.486344" lon="11.372289"><ele>0</ele></trkpt>
      <trkpt lat="43.486316" lon="11.371999"><ele>0</ele></trkpt>
      <trkpt lat="43.486257" lon="11.371494"><ele>0</ele></trkpt>
      <trkpt lat="43.486224" lon="11.371272"><ele>0</ele></trkpt>
      <trkpt lat="43.486194" lon="11.371110"><ele>0</ele></trkpt>
      <trkpt lat="43.486140" lon="11.370897"><ele>0</ele></trkpt>
      <trkpt lat="43.486003" lon="11.370489"><ele>0</ele></trkpt>
      <trkpt lat="43.485949" lon="11.370331"><ele>0</ele></trkpt>
      <trkpt lat="43.485917" lon="11.370254"><ele>0</ele></trkpt>
      <trkpt lat="43.485908" lon="11.370233"><ele>0</ele></trkpt>
      <trkpt lat="43.485890" lon="11.370191"><ele>0</ele></trkpt>
      <trkpt lat="43.485851" lon="11.370120"><ele>0</ele></trkpt>
      <trkpt lat="43.485794" lon="11.370036"><ele>0</ele></trkpt>
      <trkpt lat="43.485728" lon="11.369971"><ele>0</ele></trkpt>
      <trkpt lat="43.485667" lon="11.369928"><ele>0</ele></trkpt>
      <trkpt lat="43.485602" lon="11.369890"><ele>0</ele></trkpt>
      <trkpt lat="43.485508" lon="11.369870"><ele>0</ele></trkpt>
      <trkpt lat="43.485398" lon="11.369851"><ele>0</ele></trkpt>
      <trkpt lat="43.485303" lon="11.369809"><ele>0</ele></trkpt>
      <trkpt lat="43.485201" lon="11.369761"><ele>0</ele></trkpt>
      <trkpt lat="43.485110" lon="11.369682"><ele>0</ele></trkpt>
      <trkpt lat="43.485016" lon="11.369573"><ele>0</ele></trkpt>
      <trkpt lat="43.484905" lon="11.369417"><ele>0</ele></trkpt>
      <trkpt lat="43.484865" lon="11.369344"><ele>0</ele></trkpt>
      <trkpt lat="43.484825" lon="11.369249"><ele>0</ele></trkpt>
      <trkpt lat="43.484779" lon="11.369093"><ele>0</ele></trkpt>
      <trkpt lat="43.484746" lon="11.368920"><ele>0</ele></trkpt>
      <trkpt lat="43.484718" lon="11.368706"><ele>0</ele></trkpt>
      <trkpt lat="43.484692" lon="11.368454"><ele>0</ele></trkpt>
      <trkpt lat="43.484648" lon="11.368136"><ele>0</ele></trkpt>
      <trkpt lat="43.484602" lon="11.367808"><ele>0</ele></trkpt>
      <trkpt lat="43.484567" lon="11.367595"><ele>0</ele></trkpt>
      <trkpt lat="43.484540" lon="11.367462"><ele>0</ele></trkpt>
      <trkpt lat="43.484417" lon="11.366990"><ele>0</ele></trkpt>
      <trkpt lat="43.484404" lon="11.366940"><ele>0</ele></trkpt>
      <trkpt lat="43.484367" lon="11.366819"><ele>0</ele></trkpt>
      <trkpt lat="43.484351" lon="11.366741"><ele>0</ele></trkpt>
      <trkpt lat="43.484342" lon="11.366636"><ele>0</ele></trkpt>
      <trkpt lat="43.484347" lon="11.366509"><ele>0</ele></trkpt>
      <trkpt lat="43.484362" lon="11.366364"><ele>0</ele></trkpt>
      <trkpt lat="43.484410" lon="11.366049"><ele>0</ele></trkpt>
      <trkpt lat="43.484417" lon="11.365978"><ele>0</ele></trkpt>
      <trkpt lat="43.484421" lon="11.365901"><ele>0</ele></trkpt>
      <trkpt lat="43.484403" lon="11.365840"><ele>0</ele></trkpt>
      <trkpt lat="43.484374" lon="11.365775"><ele>0</ele></trkpt>
      <trkpt lat="43.484339" lon="11.365715"><ele>0</ele></trkpt>
      <trkpt lat="43.484287" lon="11.365654"><ele>0</ele></trkpt>
      <trkpt lat="43.484220" lon="11.365597"><ele>0</ele></trkpt>
      <trkpt lat="43.484119" lon="11.365516"><ele>0</ele></trkpt>
      <trkpt lat="43.483995" lon="11.365439"><ele>0</ele></trkpt>
      <trkpt lat="43.483936" lon="11.365424"><ele>0</ele></trkpt>
      <trkpt lat="43.483886" lon="11.365425"><ele>0</ele></trkpt>
      <trkpt lat="43.483842" lon="11.365447"><ele>0</ele></trkpt>
      <trkpt lat="43.483799" lon="11.365484"><ele>0</ele></trkpt>
      <trkpt lat="43.483575" lon="11.365741"><ele>0</ele></trkpt>
      <trkpt lat="43.483499" lon="11.365820"><ele>0</ele></trkpt>
      <trkpt lat="43.483417" lon="11.365893"><ele>0</ele></trkpt>
      <trkpt lat="43.483340" lon="11.365937"><ele>0</ele></trkpt>
      <trkpt lat="43.483262" lon="11.365961"><ele>0</ele></trkpt>
      <trkpt lat="43.483154" lon="11.365976"><ele>0</ele></trkpt>
      <trkpt lat="43.483081" lon="11.365976"><ele>0</ele></trkpt>
      <trkpt lat="43.483015" lon="11.365952"><ele>0</ele></trkpt>
      <trkpt lat="43.482944" lon="11.365890"><ele>0</ele></trkpt>
      <trkpt lat="43.482873" lon="11.365814"><ele>0</ele></trkpt>
      <trkpt lat="43.482775" lon="11.365660"><ele>0</ele></trkpt>
      <trkpt lat="43.482500" lon="11.365140"><ele>0</ele></trkpt>
      <trkpt lat="43.482454" lon="11.365075"><ele>0</ele></trkpt>
      <trkpt lat="43.482414" lon="11.365040"><ele>0</ele></trkpt>
      <trkpt lat="43.482372" lon="11.365020"><ele>0</ele></trkpt>
      <trkpt lat="43.482324" lon="11.365020"><ele>0</ele></trkpt>
      <trkpt lat="43.482277" lon="11.365038"><ele>0</ele></trkpt>
      <trkpt lat="43.482233" lon="11.365076"><ele>0</ele></trkpt>
      <trkpt lat="43.481913" lon="11.365439"><ele>0</ele></trkpt>
      <trkpt lat="43.481797" lon="11.365571"><ele>0</ele></trkpt>
      <trkpt lat="43.481648" lon="11.365668"><ele>0</ele></trkpt>
      <trkpt lat="43.481435" lon="11.365696"><ele>0</ele></trkpt>
      <trkpt lat="43.481261" lon="11.365678"><ele>0</ele></trkpt>
      <trkpt lat="43.480748" lon="11.365598"><ele>0</ele></trkpt>
      <trkpt lat="43.479946" lon="11.365691"><ele>0</ele></trkpt>
      <trkpt lat="43.479436" lon="11.365987"><ele>0</ele></trkpt>
      <trkpt lat="43.478419" lon="11.366216"><ele>0</ele></trkpt>
      <trkpt lat="43.478010" lon="11.366317"><ele>0</ele></trkpt>
      <trkpt lat="43.477864" lon="11.366381"><ele>0</ele></trkpt>
      <trkpt lat="43.477720" lon="11.366392"><ele>0</ele></trkpt>
      <trkpt lat="43.477314" lon="11.366316"><ele>0</ele></trkpt>
      <trkpt lat="43.476913" lon="11.366396"><ele>0</ele></trkpt>
      <trkpt lat="43.476799" lon="11.366393"><ele>0</ele></trkpt>
      <trkpt lat="43.476707" lon="11.366361"><ele>0</ele></trkpt>
      <trkpt lat="43.476651" lon="11.366316"><ele>0</ele></trkpt>
      <trkpt lat="43.476594" lon="11.366212"><ele>0</ele></trkpt>
      <trkpt lat="43.476571" lon="11.366062"><ele>0</ele></trkpt>
      <trkpt lat="43.476599" lon="11.365856"><ele>0</ele></trkpt>
      <trkpt lat="43.476667" lon="11.365639"><ele>0</ele></trkpt>
      <trkpt lat="43.476814" lon="11.365179"><ele>0</ele></trkpt>
      <trkpt lat="43.476862" lon="11.365083"><ele>0</ele></trkpt>
      <trkpt lat="43.477076" lon="11.364695"><ele>0</ele></trkpt>
      <trkpt lat="43.477288" lon="11.364388"><ele>0</ele></trkpt>
      <trkpt lat="43.477578" lon="11.364165"><ele>0</ele></trkpt>
      <trkpt lat="43.477929" lon="11.363941"><ele>0</ele></trkpt>
      <trkpt lat="43.478328" lon="11.363649"><ele>0</ele></trkpt>
      <trkpt lat="43.478770" lon="11.363193"><ele>0</ele></trkpt>
      <trkpt lat="43.478927" lon="11.363124"><ele>0</ele></trkpt>
      <trkpt lat="43.479129" lon="11.363048"><ele>0</ele></trkpt>
      <trkpt lat="43.479266" lon="11.362866"><ele>0</ele></trkpt>
      <trkpt lat="43.479375" lon="11.362643"><ele>0</ele></trkpt>
      <trkpt lat="43.479419" lon="11.362481"><ele>0</ele></trkpt>
      <trkpt lat="43.479425" lon="11.362301"><ele>0</ele></trkpt>
      <trkpt lat="43.479388" lon="11.362087"><ele>0</ele></trkpt>
      <trkpt lat="43.479265" lon="11.361630"><ele>0</ele></trkpt>
      <trkpt lat="43.479249" lon="11.361131"><ele>0</ele></trkpt>
      <trkpt lat="43.479234" lon="11.360989"><ele>0</ele></trkpt>
      <trkpt lat="43.479121" lon="11.360542"><ele>0</ele></trkpt>
      <trkpt lat="43.478965" lon="11.359912"><ele>0</ele></trkpt>
      <trkpt lat="43.478792" lon="11.359337"><ele>0</ele></trkpt>
      <trkpt lat="43.478576" lon="11.358754"><ele>0</ele></trkpt>
      <trkpt lat="43.478514" lon="11.358508"><ele>0</ele></trkpt>
      <trkpt lat="43.478514" lon="11.358317"><ele>0</ele></trkpt>
      <trkpt lat="43.478601" lon="11.358074"><ele>0</ele></trkpt>
      <trkpt lat="43.478875" lon="11.357600"><ele>0</ele></trkpt>
      <trkpt lat="43.478945" lon="11.357484"><ele>0</ele></trkpt>
      <trkpt lat="43.479005" lon="11.357355"><ele>0</ele></trkpt>
      <trkpt lat="43.479035" lon="11.357234"><ele>0</ele></trkpt>
      <trkpt lat="43.479028" lon="11.356952"><ele>0</ele></trkpt>
      <trkpt lat="43.478803" lon="11.355717"><ele>0</ele></trkpt>
      <trkpt lat="43.478727" lon="11.355277"><ele>0</ele></trkpt>
      <trkpt lat="43.478719" lon="11.355205"><ele>0</ele></trkpt>
      <trkpt lat="43.478632" lon="11.354681"><ele>0</ele></trkpt>
      <trkpt lat="43.478570" lon="11.354388"><ele>0</ele></trkpt>
      <trkpt lat="43.478484" lon="11.354117"><ele>0</ele></trkpt>
      <trkpt lat="43.478316" lon="11.353703"><ele>0</ele></trkpt>
      <trkpt lat="43.478213" lon="11.353458"><ele>0</ele></trkpt>
      <trkpt lat="43.478105" lon="11.353219"><ele>0</ele></trkpt>
      <trkpt lat="43.477952" lon="11.352971"><ele>0</ele></trkpt>
      <trkpt lat="43.477906" lon="11.352881"><ele>0</ele></trkpt>
      <trkpt lat="43.477876" lon="11.352782"><ele>0</ele></trkpt>
      <trkpt lat="43.477869" lon="11.352609"><ele>0</ele></trkpt>
      <trkpt lat="43.477876" lon="11.352485"><ele>0</ele></trkpt>
      <trkpt lat="43.477898" lon="11.352042"><ele>0</ele></trkpt>
      <trkpt lat="43.477871" lon="11.351849"><ele>0</ele></trkpt>
      <trkpt lat="43.477837" lon="11.351725"><ele>0</ele></trkpt>
      <trkpt lat="43.477757" lon="11.351594"><ele>0</ele></trkpt>
      <trkpt lat="43.477675" lon="11.351470"><ele>0</ele></trkpt>
      <trkpt lat="43.477629" lon="11.351377"><ele>0</ele></trkpt>
      <trkpt lat="43.477580" lon="11.351246"><ele>0</ele></trkpt>
      <trkpt lat="43.477533" lon="11.350993"><ele>0</ele></trkpt>
      <trkpt lat="43.477497" lon="11.350786"><ele>0</ele></trkpt>
      <trkpt lat="43.477485" lon="11.350474"><ele>0</ele></trkpt>
      <trkpt lat="43.477532" lon="11.350109"><ele>0</ele></trkpt>
      <trkpt lat="43.477566" lon="11.349835"><ele>0</ele></trkpt>
      <trkpt lat="43.477540" lon="11.349648"><ele>0</ele></trkpt>
      <trkpt lat="43.477502" lon="11.349512"><ele>0</ele></trkpt>
      <trkpt lat="43.477467" lon="11.349426"><ele>0</ele></trkpt>
      <trkpt lat="43.477405" lon="11.349324"><ele>0</ele></trkpt>
      <trkpt lat="43.477071" lon="11.348941"><ele>0</ele></trkpt>
      <trkpt lat="43.477026" lon="11.348853"><ele>0</ele></trkpt>
      <trkpt lat="43.476978" lon="11.348702"><ele>0</ele></trkpt>
      <trkpt lat="43.476905" lon="11.348190"><ele>0</ele></trkpt>
      <trkpt lat="43.476794" lon="11.347433"><ele>0</ele></trkpt>
      <trkpt lat="43.476710" lon="11.347103"><ele>0</ele></trkpt>
      <trkpt lat="43.476657" lon="11.346986"><ele>0</ele></trkpt>
      <trkpt lat="43.476580" lon="11.346859"><ele>0</ele></trkpt>
      <trkpt lat="43.476479" lon="11.346744"><ele>0</ele></trkpt>
      <trkpt lat="43.476358" lon="11.346673"><ele>0</ele></trkpt>
      <trkpt lat="43.476199" lon="11.346648"><ele>0</ele></trkpt>
      <trkpt lat="43.475848" lon="11.346732"><ele>0</ele></trkpt>
      <trkpt lat="43.475507" lon="11.346840"><ele>0</ele></trkpt>
      <trkpt lat="43.475397" lon="11.346797"><ele>0</ele></trkpt>
      <trkpt lat="43.475323" lon="11.346715"><ele>0</ele></trkpt>
      <trkpt lat="43.475288" lon="11.346605"><ele>0</ele></trkpt>
      <trkpt lat="43.475272" lon="11.346457"><ele>0</ele></trkpt>
      <trkpt lat="43.475379" lon="11.346040"><ele>0</ele></trkpt>
      <trkpt lat="43.475762" lon="11.344783"><ele>0</ele></trkpt>
      <trkpt lat="43.475804" lon="11.344572"><ele>0</ele></trkpt>
      <trkpt lat="43.475819" lon="11.344338"><ele>0</ele></trkpt>
      <trkpt lat="43.475818" lon="11.344100"><ele>0</ele></trkpt>
      <trkpt lat="43.475793" lon="11.343881"><ele>0</ele></trkpt>
      <trkpt lat="43.475770" lon="11.343727"><ele>0</ele></trkpt>
      <trkpt lat="43.475573" lon="11.343152"><ele>0</ele></trkpt>
      <trkpt lat="43.475513" lon="11.342929"><ele>0</ele></trkpt>
      <trkpt lat="43.475507" lon="11.342734"><ele>0</ele></trkpt>
      <trkpt lat="43.475518" lon="11.342552"><ele>0</ele></trkpt>
      <trkpt lat="43.475765" lon="11.340913"><ele>0</ele></trkpt>
      <trkpt lat="43.475787" lon="11.340689"><ele>0</ele></trkpt>
      <trkpt lat="43.475771" lon="11.340380"><ele>0</ele></trkpt>
      <trkpt lat="43.475742" lon="11.340042"><ele>0</ele></trkpt>
      <trkpt lat="43.475753" lon="11.339862"><ele>0</ele></trkpt>
      <trkpt lat="43.476019" lon="11.338573"><ele>0</ele></trkpt>
      <trkpt lat="43.476035" lon="11.338351"><ele>0</ele></trkpt>
      <trkpt lat="43.476033" lon="11.338226"><ele>0</ele></trkpt>
      <trkpt lat="43.475931" lon="11.337800"><ele>0</ele></trkpt>
      <trkpt lat="43.475906" lon="11.337690"><ele>0</ele></trkpt>
      <trkpt lat="43.475802" lon="11.337407"><ele>0</ele></trkpt>
      <trkpt lat="43.474965" lon="11.336163"><ele>0</ele></trkpt>
      <trkpt lat="43.474652" lon="11.335512"><ele>0</ele></trkpt>
      <trkpt lat="43.474380" lon="11.334952"><ele>0</ele></trkpt>
      <trkpt lat="43.474137" lon="11.334309"><ele>0</ele></trkpt>
      <trkpt lat="43.474065" lon="11.334021"><ele>0</ele></trkpt>
      <trkpt lat="43.474058" lon="11.333970"><ele>0</ele></trkpt>
      <trkpt lat="43.474055" lon="11.333921"><ele>0</ele></trkpt>
      <trkpt lat="43.474056" lon="11.333874"><ele>0</ele></trkpt>
      <trkpt lat="43.474063" lon="11.333828"><ele>0</ele></trkpt>
      <trkpt lat="43.474070" lon="11.333796"><ele>0</ele></trkpt>
      <trkpt lat="43.474080" lon="11.333766"><ele>0</ele></trkpt>
      <trkpt lat="43.474093" lon="11.333742"><ele>0</ele></trkpt>
      <trkpt lat="43.474110" lon="11.333714"><ele>0</ele></trkpt>
      <trkpt lat="43.474134" lon="11.333685"><ele>0</ele></trkpt>
      <trkpt lat="43.474161" lon="11.333661"><ele>0</ele></trkpt>
      <trkpt lat="43.474187" lon="11.333641"><ele>0</ele></trkpt>
      <trkpt lat="43.474218" lon="11.333627"><ele>0</ele></trkpt>
      <trkpt lat="43.474256" lon="11.333618"><ele>0</ele></trkpt>
      <trkpt lat="43.474293" lon="11.333616"><ele>0</ele></trkpt>
      <trkpt lat="43.475360" lon="11.333706"><ele>0</ele></trkpt>
      <trkpt lat="43.475597" lon="11.333695"><ele>0</ele></trkpt>
      <trkpt lat="43.475829" lon="11.333630"><ele>0</ele></trkpt>
      <trkpt lat="43.475908" lon="11.333586"><ele>0</ele></trkpt>
      <trkpt lat="43.476125" lon="11.333239"><ele>0</ele></trkpt>
      <trkpt lat="43.476268" lon="11.333027"><ele>0</ele></trkpt>
      <trkpt lat="43.476399" lon="11.332898"><ele>0</ele></trkpt>
      <trkpt lat="43.476576" lon="11.332870"><ele>0</ele></trkpt>
      <trkpt lat="43.476798" lon="11.332934"><ele>0</ele></trkpt>
      <trkpt lat="43.477108" lon="11.333002"><ele>0</ele></trkpt>
      <trkpt lat="43.477313" lon="11.332969"><ele>0</ele></trkpt>
      <trkpt lat="43.477592" lon="11.332848"><ele>0</ele></trkpt>
      <trkpt lat="43.478235" lon="11.332290"><ele>0</ele></trkpt>
      <trkpt lat="43.478399" lon="11.332087"><ele>0</ele></trkpt>
      <trkpt lat="43.478618" lon="11.331936"><ele>0</ele></trkpt>
      <trkpt lat="43.479008" lon="11.331689"><ele>0</ele></trkpt>
      <trkpt lat="43.479120" lon="11.331585"><ele>0</ele></trkpt>
      <trkpt lat="43.479180" lon="11.331472"><ele>0</ele></trkpt>
      <trkpt lat="43.479210" lon="11.331362"><ele>0</ele></trkpt>
      <trkpt lat="43.479219" lon="11.331156"><ele>0</ele></trkpt>
      <trkpt lat="43.479201" lon="11.330898"><ele>0</ele></trkpt>
      <trkpt lat="43.479179" lon="11.330423"><ele>0</ele></trkpt>
      <trkpt lat="43.479183" lon="11.330233"><ele>0</ele></trkpt>
      <trkpt lat="43.479186" lon="11.330116"><ele>0</ele></trkpt>
      <trkpt lat="43.479291" lon="11.329777"><ele>0</ele></trkpt>
      <trkpt lat="43.479417" lon="11.329405"><ele>0</ele></trkpt>
      <trkpt lat="43.479477" lon="11.329233"><ele>0</ele></trkpt>
      <trkpt lat="43.479529" lon="11.329140"><ele>0</ele></trkpt>
      <trkpt lat="43.479612" lon="11.329024"><ele>0</ele></trkpt>
      <trkpt lat="43.479719" lon="11.328975"><ele>0</ele></trkpt>
      <trkpt lat="43.479970" lon="11.328956"><ele>0</ele></trkpt>
      <trkpt lat="43.480068" lon="11.328949"><ele>0</ele></trkpt>
      <trkpt lat="43.480132" lon="11.328911"><ele>0</ele></trkpt>
      <trkpt lat="43.480212" lon="11.328837"><ele>0</ele></trkpt>
      <trkpt lat="43.480271" lon="11.328748"><ele>0</ele></trkpt>
      <trkpt lat="43.480381" lon="11.328351"><ele>0</ele></trkpt>
      <trkpt lat="43.480406" lon="11.328114"><ele>0</ele></trkpt>
      <trkpt lat="43.480402" lon="11.327880"><ele>0</ele></trkpt>
      <trkpt lat="43.480362" lon="11.327588"><ele>0</ele></trkpt>
      <trkpt lat="43.480312" lon="11.327373"><ele>0</ele></trkpt>
      <trkpt lat="43.480268" lon="11.327197"><ele>0</ele></trkpt>
      <trkpt lat="43.480231" lon="11.327018"><ele>0</ele></trkpt>
      <trkpt lat="43.480244" lon="11.326886"><ele>0</ele></trkpt>
      <trkpt lat="43.480314" lon="11.326751"><ele>0</ele></trkpt>
      <trkpt lat="43.480380" lon="11.326650"><ele>0</ele></trkpt>
      <trkpt lat="43.480693" lon="11.326169"><ele>0</ele></trkpt>
      <trkpt lat="43.480964" lon="11.325629"><ele>0</ele></trkpt>
      <trkpt lat="43.481089" lon="11.325449"><ele>0</ele></trkpt>
      <trkpt lat="43.481212" lon="11.325377"><ele>0</ele></trkpt>
      <trkpt lat="43.481320" lon="11.325372"><ele>0</ele></trkpt>
      <trkpt lat="43.481447" lon="11.325369"><ele>0</ele></trkpt>
      <trkpt lat="43.481926" lon="11.325488"><ele>0</ele></trkpt>
      <trkpt lat="43.482737" lon="11.325635"><ele>0</ele></trkpt>
      <trkpt lat="43.482970" lon="11.325592"><ele>0</ele></trkpt>
      <trkpt lat="43.483204" lon="11.325485"><ele>0</ele></trkpt>
      <trkpt lat="43.483677" lon="11.325205"><ele>0</ele></trkpt>
      <trkpt lat="43.483824" lon="11.325118"><ele>0</ele></trkpt>
      <trkpt lat="43.483879" lon="11.325080"><ele>0</ele></trkpt>
      <trkpt lat="43.484112" lon="11.324771"><ele>0</ele></trkpt>
      <trkpt lat="43.484257" lon="11.324426"><ele>0</ele></trkpt>
      <trkpt lat="43.484363" lon="11.324069"><ele>0</ele></trkpt>
      <trkpt lat="43.484451" lon="11.323647"><ele>0</ele></trkpt>
      <trkpt lat="43.484634" lon="11.322309"><ele>0</ele></trkpt>
      <trkpt lat="43.484850" lon="11.321623"><ele>0</ele></trkpt>
      <trkpt lat="43.484891" lon="11.321488"><ele>0</ele></trkpt>
      <trkpt lat="43.484964" lon="11.321253"><ele>0</ele></trkpt>
      <trkpt lat="43.485071" lon="11.320978"><ele>0</ele></trkpt>
      <trkpt lat="43.485141" lon="11.320726"><ele>0</ele></trkpt>
      <trkpt lat="43.485225" lon="11.320442"><ele>0</ele></trkpt>
      <trkpt lat="43.485237" lon="11.320208"><ele>0</ele></trkpt>
      <trkpt lat="43.485217" lon="11.319943"><ele>0</ele></trkpt>
      <trkpt lat="43.485200" lon="11.319630"><ele>0</ele></trkpt>
      <trkpt lat="43.485239" lon="11.319358"><ele>0</ele></trkpt>
      <trkpt lat="43.485449" lon="11.318728"><ele>0</ele></trkpt>
      <trkpt lat="43.485489" lon="11.318673"><ele>0</ele></trkpt>
      <trkpt lat="43.485734" lon="11.318271"><ele>0</ele></trkpt>
      <trkpt lat="43.485955" lon="11.317957"><ele>0</ele></trkpt>
      <trkpt lat="43.486049" lon="11.317738"><ele>0</ele></trkpt>
      <trkpt lat="43.486036" lon="11.317522"><ele>0</ele></trkpt>
      <trkpt lat="43.485909" lon="11.317325"><ele>0</ele></trkpt>
      <trkpt lat="43.485662" lon="11.316952"><ele>0</ele></trkpt>
      <trkpt lat="43.485538" lon="11.316578"><ele>0</ele></trkpt>
      <trkpt lat="43.485504" lon="11.316282"><ele>0</ele></trkpt>
      <trkpt lat="43.485473" lon="11.315795"><ele>0</ele></trkpt>
      <trkpt lat="43.485385" lon="11.315637"><ele>0</ele></trkpt>
      <trkpt lat="43.485068" lon="11.315379"><ele>0</ele></trkpt>
      <trkpt lat="43.484924" lon="11.315186"><ele>0</ele></trkpt>
      <trkpt lat="43.484775" lon="11.314695"><ele>0</ele></trkpt>
      <trkpt lat="43.484713" lon="11.314077"><ele>0</ele></trkpt>
      <trkpt lat="43.484645" lon="11.313753"><ele>0</ele></trkpt>
      <trkpt lat="43.484505" lon="11.313513"><ele>0</ele></trkpt>
      <trkpt lat="43.484323" lon="11.313352"><ele>0</ele></trkpt>
      <trkpt lat="43.484127" lon="11.313298"><ele>0</ele></trkpt>
      <trkpt lat="43.483878" lon="11.313276"><ele>0</ele></trkpt>
      <trkpt lat="43.483664" lon="11.313236"><ele>0</ele></trkpt>
      <trkpt lat="43.483530" lon="11.313210"><ele>0</ele></trkpt>
      <trkpt lat="43.483362" lon="11.313113"><ele>0</ele></trkpt>
      <trkpt lat="43.483216" lon="11.312978"><ele>0</ele></trkpt>
      <trkpt lat="43.483020" lon="11.312678"><ele>0</ele></trkpt>
      <trkpt lat="43.482845" lon="11.312424"><ele>0</ele></trkpt>
      <trkpt lat="43.482633" lon="11.312235"><ele>0</ele></trkpt>
      <trkpt lat="43.482355" lon="11.312163"><ele>0</ele></trkpt>
      <trkpt lat="43.482033" lon="11.312077"><ele>0</ele></trkpt>
      <trkpt lat="43.481872" lon="11.312023"><ele>0</ele></trkpt>
      <trkpt lat="43.481721" lon="11.311895"><ele>0</ele></trkpt>
      <trkpt lat="43.481390" lon="11.311473"><ele>0</ele></trkpt>
      <trkpt lat="43.481204" lon="11.311244"><ele>0</ele></trkpt>
      <trkpt lat="43.481110" lon="11.311055"><ele>0</ele></trkpt>
      <trkpt lat="43.481086" lon="11.310908"><ele>0</ele></trkpt>
      <trkpt lat="43.481090" lon="11.310743"><ele>0</ele></trkpt>
      <trkpt lat="43.481132" lon="11.310604"><ele>0</ele></trkpt>
      <trkpt lat="43.481431" lon="11.310169"><ele>0</ele></trkpt>
      <trkpt lat="43.481485" lon="11.309803"><ele>0</ele></trkpt>
      <trkpt lat="43.481525" lon="11.309335"><ele>0</ele></trkpt>
      <trkpt lat="43.481527" lon="11.309120"><ele>0</ele></trkpt>
      <trkpt lat="43.481511" lon="11.308931"><ele>0</ele></trkpt>
      <trkpt lat="43.481472" lon="11.308767"><ele>0</ele></trkpt>
      <trkpt lat="43.481364" lon="11.308431"><ele>0</ele></trkpt>
      <trkpt lat="43.481234" lon="11.308107"><ele>0</ele></trkpt>
      <trkpt lat="43.481110" lon="11.307596"><ele>0</ele></trkpt>
      <trkpt lat="43.481047" lon="11.307192"><ele>0</ele></trkpt>
      <trkpt lat="43.481016" lon="11.306815"><ele>0</ele></trkpt>
      <trkpt lat="43.481006" lon="11.306444"><ele>0</ele></trkpt>
      <trkpt lat="43.481026" lon="11.306279"><ele>0</ele></trkpt>
      <trkpt lat="43.481043" lon="11.306159"><ele>0</ele></trkpt>
      <trkpt lat="43.481074" lon="11.305994"><ele>0</ele></trkpt>
      <trkpt lat="43.481088" lon="11.305821"><ele>0</ele></trkpt>
      <trkpt lat="43.481075" lon="11.305733"><ele>0</ele></trkpt>
      <trkpt lat="43.481037" lon="11.305648"><ele>0</ele></trkpt>
      <trkpt lat="43.481004" lon="11.305577"><ele>0</ele></trkpt>
      <trkpt lat="43.480927" lon="11.305514"><ele>0</ele></trkpt>
      <trkpt lat="43.480845" lon="11.305489"><ele>0</ele></trkpt>
      <trkpt lat="43.480752" lon="11.305510"><ele>0</ele></trkpt>
      <trkpt lat="43.480601" lon="11.305625"><ele>0</ele></trkpt>
      <trkpt lat="43.480475" lon="11.305714"><ele>0</ele></trkpt>
      <trkpt lat="43.480365" lon="11.305729"><ele>0</ele></trkpt>
      <trkpt lat="43.480252" lon="11.305683"><ele>0</ele></trkpt>
      <trkpt lat="43.480019" lon="11.305552"><ele>0</ele></trkpt>
      <trkpt lat="43.479779" lon="11.305348"><ele>0</ele></trkpt>
      <trkpt lat="43.479359" lon="11.304871"><ele>0</ele></trkpt>
      <trkpt lat="43.478909" lon="11.304148"><ele>0</ele></trkpt>
      <trkpt lat="43.478484" lon="11.303530"><ele>0</ele></trkpt>
      <trkpt lat="43.478375" lon="11.303307"><ele>0</ele></trkpt>
      <trkpt lat="43.478276" lon="11.303050"><ele>0</ele></trkpt>
      <trkpt lat="43.478189" lon="11.302675"><ele>0</ele></trkpt>
      <trkpt lat="43.478108" lon="11.302431"><ele>0</ele></trkpt>
      <trkpt lat="43.478066" lon="11.302336"><ele>0</ele></trkpt>
      <trkpt lat="43.477868" lon="11.302087"><ele>0</ele></trkpt>
      <trkpt lat="43.477625" lon="11.301904"><ele>0</ele></trkpt>
      <trkpt lat="43.477444" lon="11.301769"><ele>0</ele></trkpt>
      <trkpt lat="43.477278" lon="11.301678"><ele>0</ele></trkpt>
      <trkpt lat="43.477109" lon="11.301531"><ele>0</ele></trkpt>
      <trkpt lat="43.477066" lon="11.301481"><ele>0</ele></trkpt>
      <trkpt lat="43.477009" lon="11.301332"><ele>0</ele></trkpt>
      <trkpt lat="43.476969" lon="11.301155"><ele>0</ele></trkpt>
      <trkpt lat="43.477012" lon="11.300833"><ele>0</ele></trkpt>
      <trkpt lat="43.477313" lon="11.299417"><ele>0</ele></trkpt>
      <trkpt lat="43.477310" lon="11.299130"><ele>0</ele></trkpt>
      <trkpt lat="43.477220" lon="11.298724"><ele>0</ele></trkpt>
      <trkpt lat="43.477136" lon="11.298512"><ele>0</ele></trkpt>
      <trkpt lat="43.477030" lon="11.298242"><ele>0</ele></trkpt>
      <trkpt lat="43.476972" lon="11.298061"><ele>0</ele></trkpt>
      <trkpt lat="43.476858" lon="11.297702"><ele>0</ele></trkpt>
      <trkpt lat="43.476843" lon="11.297627"><ele>0</ele></trkpt>
      <trkpt lat="43.476838" lon="11.297565"><ele>0</ele></trkpt>
      <trkpt lat="43.476839" lon="11.297466"><ele>0</ele></trkpt>
      <trkpt lat="43.476852" lon="11.297382"><ele>0</ele></trkpt>
      <trkpt lat="43.476863" lon="11.297288"><ele>0</ele></trkpt>
      <trkpt lat="43.476856" lon="11.297194"><ele>0</ele></trkpt>
      <trkpt lat="43.476838" lon="11.297128"><ele>0</ele></trkpt>
      <trkpt lat="43.476429" lon="11.296940"><ele>0</ele></trkpt>
      <trkpt lat="43.475856" lon="11.296646"><ele>0</ele></trkpt>
      <trkpt lat="43.475620" lon="11.296469"><ele>0</ele></trkpt>
      <trkpt lat="43.475386" lon="11.296147"><ele>0</ele></trkpt>
      <trkpt lat="43.475272" lon="11.295889"><ele>0</ele></trkpt>
      <trkpt lat="43.475201" lon="11.295624"><ele>0</ele></trkpt>
      <trkpt lat="43.475160" lon="11.295247"><ele>0</ele></trkpt>
      <trkpt lat="43.475201" lon="11.294586"><ele>0</ele></trkpt>
      <trkpt lat="43.475257" lon="11.293904"><ele>0</ele></trkpt>
      <trkpt lat="43.475334" lon="11.292964"><ele>0</ele></trkpt>
      <trkpt lat="43.475416" lon="11.292481"><ele>0</ele></trkpt>
      <trkpt lat="43.475548" lon="11.292131"><ele>0</ele></trkpt>
      <trkpt lat="43.475628" lon="11.291991"><ele>0</ele></trkpt>
      <trkpt lat="43.475886" lon="11.291562"><ele>0</ele></trkpt>
      <trkpt lat="43.476035" lon="11.291402"><ele>0</ele></trkpt>
      <trkpt lat="43.476433" lon="11.291168"><ele>0</ele></trkpt>
      <trkpt lat="43.476494" lon="11.291083"><ele>0</ele></trkpt>
      <trkpt lat="43.476509" lon="11.290964"><ele>0</ele></trkpt>
      <trkpt lat="43.476488" lon="11.290755"><ele>0</ele></trkpt>
      <trkpt lat="43.476390" lon="11.290294"><ele>0</ele></trkpt>
      <trkpt lat="43.476311" lon="11.289855"><ele>0</ele></trkpt>
      <trkpt lat="43.476221" lon="11.289356"><ele>0</ele></trkpt>
      <trkpt lat="43.476196" lon="11.289255"><ele>0</ele></trkpt>
      <trkpt lat="43.476171" lon="11.289174"><ele>0</ele></trkpt>
      <trkpt lat="43.476148" lon="11.289109"><ele>0</ele></trkpt>
      <trkpt lat="43.476126" lon="11.289062"><ele>0</ele></trkpt>
      <trkpt lat="43.476101" lon="11.289012"><ele>0</ele></trkpt>
      <trkpt lat="43.476078" lon="11.288971"><ele>0</ele></trkpt>
      <trkpt lat="43.476056" lon="11.288937"><ele>0</ele></trkpt>
      <trkpt lat="43.476035" lon="11.288907"><ele>0</ele></trkpt>
      <trkpt lat="43.476005" lon="11.288868"><ele>0</ele></trkpt>
      <trkpt lat="43.475981" lon="11.288838"><ele>0</ele></trkpt>
      <trkpt lat="43.475951" lon="11.288807"><ele>0</ele></trkpt>
      <trkpt lat="43.475913" lon="11.288770"><ele>0</ele></trkpt>
      <trkpt lat="43.475871" lon="11.288738"><ele>0</ele></trkpt>
      <trkpt lat="43.475777" lon="11.288675"><ele>0</ele></trkpt>
      <trkpt lat="43.475664" lon="11.288638"><ele>0</ele></trkpt>
      <trkpt lat="43.475401" lon="11.288552"><ele>0</ele></trkpt>
      <trkpt lat="43.475120" lon="11.288402"><ele>0</ele></trkpt>
      <trkpt lat="43.474996" lon="11.288220"><ele>0</ele></trkpt>
      <trkpt lat="43.474905" lon="11.288018"><ele>0</ele></trkpt>
      <trkpt lat="43.474797" lon="11.287520"><ele>0</ele></trkpt>
      <trkpt lat="43.474680" lon="11.286787"><ele>0</ele></trkpt>
      <trkpt lat="43.474621" lon="11.286288"><ele>0</ele></trkpt>
      <trkpt lat="43.474577" lon="11.286068"><ele>0</ele></trkpt>
      <trkpt lat="43.474468" lon="11.285912"><ele>0</ele></trkpt>
      <trkpt lat="43.474349" lon="11.285877"><ele>0</ele></trkpt>
      <trkpt lat="43.474216" lon="11.285917"><ele>0</ele></trkpt>
      <trkpt lat="43.474103" lon="11.286044"><ele>0</ele></trkpt>
      <trkpt lat="43.474020" lon="11.286245"><ele>0</ele></trkpt>
      <trkpt lat="43.473930" lon="11.286778"><ele>0</ele></trkpt>
      <trkpt lat="43.473856" lon="11.287356"><ele>0</ele></trkpt>
      <trkpt lat="43.473781" lon="11.287793"><ele>0</ele></trkpt>
      <trkpt lat="43.473672" lon="11.288152"><ele>0</ele></trkpt>
      <trkpt lat="43.473517" lon="11.288553"><ele>0</ele></trkpt>
      <trkpt lat="43.473398" lon="11.288753"><ele>0</ele></trkpt>
      <trkpt lat="43.473248" lon="11.288814"><ele>0</ele></trkpt>
      <trkpt lat="43.473126" lon="11.288774"><ele>0</ele></trkpt>
      <trkpt lat="43.473014" lon="11.288602"><ele>0</ele></trkpt>
      <trkpt lat="43.472978" lon="11.288472"><ele>0</ele></trkpt>
      <trkpt lat="43.472966" lon="11.288373"><ele>0</ele></trkpt>
      <trkpt lat="43.472982" lon="11.288204"><ele>0</ele></trkpt>
      <trkpt lat="43.472989" lon="11.288142"><ele>0</ele></trkpt>
      <trkpt lat="43.473113" lon="11.287171"><ele>0</ele></trkpt>
      <trkpt lat="43.473116" lon="11.287139"><ele>0</ele></trkpt>
      <trkpt lat="43.473118" lon="11.287115"><ele>0</ele></trkpt>
      <trkpt lat="43.473121" lon="11.287070"><ele>0</ele></trkpt>
      <trkpt lat="43.473124" lon="11.287015"><ele>0</ele></trkpt>
      <trkpt lat="43.473124" lon="11.286957"><ele>0</ele></trkpt>
      <trkpt lat="43.473124" lon="11.286911"><ele>0</ele></trkpt>
      <trkpt lat="43.473124" lon="11.286877"><ele>0</ele></trkpt>
      <trkpt lat="43.473121" lon="11.286813"><ele>0</ele></trkpt>
      <trkpt lat="43.473117" lon="11.286764"><ele>0</ele></trkpt>
      <trkpt lat="43.473112" lon="11.286726"><ele>0</ele></trkpt>
      <trkpt lat="43.473104" lon="11.286677"><ele>0</ele></trkpt>
      <trkpt lat="43.473094" lon="11.286618"><ele>0</ele></trkpt>
      <trkpt lat="43.473081" lon="11.286563"><ele>0</ele></trkpt>
      <trkpt lat="43.473066" lon="11.286510"><ele>0</ele></trkpt>
      <trkpt lat="43.473046" lon="11.286445"><ele>0</ele></trkpt>
      <trkpt lat="43.473008" lon="11.286343"><ele>0</ele></trkpt>
      <trkpt lat="43.472979" lon="11.286271"><ele>0</ele></trkpt>
      <trkpt lat="43.472953" lon="11.286217"><ele>0</ele></trkpt>
      <trkpt lat="43.472924" lon="11.286162"><ele>0</ele></trkpt>
      <trkpt lat="43.472890" lon="11.286099"><ele>0</ele></trkpt>
      <trkpt lat="43.472848" lon="11.286031"><ele>0</ele></trkpt>
      <trkpt lat="43.472815" lon="11.285984"><ele>0</ele></trkpt>
      <trkpt lat="43.472783" lon="11.285944"><ele>0</ele></trkpt>
      <trkpt lat="43.472763" lon="11.285922"><ele>0</ele></trkpt>
      <trkpt lat="43.472742" lon="11.285905"><ele>0</ele></trkpt>
      <trkpt lat="43.472705" lon="11.285877"><ele>0</ele></trkpt>
      <trkpt lat="43.472669" lon="11.285858"><ele>0</ele></trkpt>
      <trkpt lat="43.472628" lon="11.285841"><ele>0</ele></trkpt>
      <trkpt lat="43.472526" lon="11.285807"><ele>0</ele></trkpt>
      <trkpt lat="43.472298" lon="11.285730"><ele>0</ele></trkpt>
      <trkpt lat="43.472223" lon="11.285706"><ele>0</ele></trkpt>
      <trkpt lat="43.471623" lon="11.285521"><ele>0</ele></trkpt>
      <trkpt lat="43.471471" lon="11.285470"><ele>0</ele></trkpt>
      <trkpt lat="43.471397" lon="11.285451"><ele>0</ele></trkpt>
      <trkpt lat="43.471322" lon="11.285433"><ele>0</ele></trkpt>
      <trkpt lat="43.471147" lon="11.285434"><ele>0</ele></trkpt>
      <trkpt lat="43.471025" lon="11.285440"><ele>0</ele></trkpt>
      <trkpt lat="43.470929" lon="11.285452"><ele>0</ele></trkpt>
      <trkpt lat="43.470848" lon="11.285480"><ele>0</ele></trkpt>
      <trkpt lat="43.470735" lon="11.285536"><ele>0</ele></trkpt>
      <trkpt lat="43.470100" lon="11.285893"><ele>0</ele></trkpt>
      <trkpt lat="43.470008" lon="11.285945"><ele>0</ele></trkpt>
      <trkpt lat="43.469847" lon="11.286015"><ele>0</ele></trkpt>
      <trkpt lat="43.469697" lon="11.286038"><ele>0</ele></trkpt>
      <trkpt lat="43.469395" lon="11.286086"><ele>0</ele></trkpt>
      <trkpt lat="43.469207" lon="11.286116"><ele>0</ele></trkpt>
      <trkpt lat="43.468979" lon="11.286180"><ele>0</ele></trkpt>
      <trkpt lat="43.468841" lon="11.286279"><ele>0</ele></trkpt>
      <trkpt lat="43.468725" lon="11.286427"><ele>0</ele></trkpt>
      <trkpt lat="43.468633" lon="11.286555"><ele>0</ele></trkpt>
      <trkpt lat="43.468611" lon="11.286586"><ele>0</ele></trkpt>
      <trkpt lat="43.468473" lon="11.286766"><ele>0</ele></trkpt>
      <trkpt lat="43.468290" lon="11.287008"><ele>0</ele></trkpt>
      <trkpt lat="43.468118" lon="11.287168"><ele>0</ele></trkpt>
      <trkpt lat="43.467900" lon="11.287260"><ele>0</ele></trkpt>
      <trkpt lat="43.467832" lon="11.287295"><ele>0</ele></trkpt>
      <trkpt lat="43.467770" lon="11.287327"><ele>0</ele></trkpt>
      <trkpt lat="43.467693" lon="11.287377"><ele>0</ele></trkpt>
      <trkpt lat="43.467611" lon="11.287468"><ele>0</ele></trkpt>
      <trkpt lat="43.467527" lon="11.287616"><ele>0</ele></trkpt>
      <trkpt lat="43.467511" lon="11.287643"><ele>0</ele></trkpt>
      <trkpt lat="43.467418" lon="11.287801"><ele>0</ele></trkpt>
      <trkpt lat="43.467335" lon="11.287947"><ele>0</ele></trkpt>
      <trkpt lat="43.467283" lon="11.288038"><ele>0</ele></trkpt>
      <trkpt lat="43.467166" lon="11.288272"><ele>0</ele></trkpt>
      <trkpt lat="43.467146" lon="11.288309"><ele>0</ele></trkpt>
      <trkpt lat="43.467056" lon="11.288437"><ele>0</ele></trkpt>
      <trkpt lat="43.466933" lon="11.288544"><ele>0</ele></trkpt>
      <trkpt lat="43.466512" lon="11.288812"><ele>0</ele></trkpt>
      <trkpt lat="43.466283" lon="11.288957"><ele>0</ele></trkpt>
      <trkpt lat="43.466252" lon="11.288966"><ele>0</ele></trkpt>
      <trkpt lat="43.465657" lon="11.289177"><ele>0</ele></trkpt>
      <trkpt lat="43.465241" lon="11.289306"><ele>0</ele></trkpt>
      <trkpt lat="43.464851" lon="11.289421"><ele>0</ele></trkpt>
      <trkpt lat="43.464719" lon="11.289456"><ele>0</ele></trkpt>
      <trkpt lat="43.464391" lon="11.289535"><ele>0</ele></trkpt>
      <trkpt lat="43.464265" lon="11.289576"><ele>0</ele></trkpt>
      <trkpt lat="43.464177" lon="11.289599"><ele>0</ele></trkpt>
      <trkpt lat="43.464129" lon="11.289607"><ele>0</ele></trkpt>
      <trkpt lat="43.463980" lon="11.289649"><ele>0</ele></trkpt>
      <trkpt lat="43.463690" lon="11.289737"><ele>0</ele></trkpt>
      <trkpt lat="43.463522" lon="11.289787"><ele>0</ele></trkpt>
      <trkpt lat="43.462815" lon="11.289997"><ele>0</ele></trkpt>
      <trkpt lat="43.462007" lon="11.290189"><ele>0</ele></trkpt>
      <trkpt lat="43.461908" lon="11.290206"><ele>0</ele></trkpt>
      <trkpt lat="43.461784" lon="11.290240"><ele>0</ele></trkpt>
      <trkpt lat="43.461665" lon="11.290281"><ele>0</ele></trkpt>
      <trkpt lat="43.461571" lon="11.290314"><ele>0</ele></trkpt>
      <trkpt lat="43.461357" lon="11.290433"><ele>0</ele></trkpt>
      <trkpt lat="43.460961" lon="11.290651"><ele>0</ele></trkpt>
      <trkpt lat="43.460737" lon="11.290776"><ele>0</ele></trkpt>
      <trkpt lat="43.460446" lon="11.290952"><ele>0</ele></trkpt>
      <trkpt lat="43.459548" lon="11.291381"><ele>0</ele></trkpt>
      <trkpt lat="43.459058" lon="11.291624"><ele>0</ele></trkpt>
      <trkpt lat="43.458650" lon="11.291844"><ele>0</ele></trkpt>
      <trkpt lat="43.458255" lon="11.291993"><ele>0</ele></trkpt>
      <trkpt lat="43.457592" lon="11.292143"><ele>0</ele></trkpt>
      <trkpt lat="43.457216" lon="11.292242"><ele>0</ele></trkpt>
      <trkpt lat="43.456847" lon="11.292307"><ele>0</ele></trkpt>
      <trkpt lat="43.456660" lon="11.292314"><ele>0</ele></trkpt>
      <trkpt lat="43.456319" lon="11.292305"><ele>0</ele></trkpt>
      <trkpt lat="43.456022" lon="11.292225"><ele>0</ele></trkpt>
      <trkpt lat="43.455736" lon="11.292136"><ele>0</ele></trkpt>
      <trkpt lat="43.455264" lon="11.292001"><ele>0</ele></trkpt>
      <trkpt lat="43.455076" lon="11.291954"><ele>0</ele></trkpt>
      <trkpt lat="43.454908" lon="11.291931"><ele>0</ele></trkpt>
      <trkpt lat="43.454746" lon="11.291936"><ele>0</ele></trkpt>
      <trkpt lat="43.454607" lon="11.291959"><ele>0</ele></trkpt>
      <trkpt lat="43.454482" lon="11.291991"><ele>0</ele></trkpt>
      <trkpt lat="43.454085" lon="11.292178"><ele>0</ele></trkpt>
      <trkpt lat="43.453699" lon="11.292355"><ele>0</ele></trkpt>
      <trkpt lat="43.453526" lon="11.292390"><ele>0</ele></trkpt>
      <trkpt lat="43.453364" lon="11.292391"><ele>0</ele></trkpt>
      <trkpt lat="43.453217" lon="11.292373"><ele>0</ele></trkpt>
      <trkpt lat="43.453051" lon="11.292324"><ele>0</ele></trkpt>
      <trkpt lat="43.452568" lon="11.292157"><ele>0</ele></trkpt>
      <trkpt lat="43.452389" lon="11.292092"><ele>0</ele></trkpt>
      <trkpt lat="43.452225" lon="11.292059"><ele>0</ele></trkpt>
      <trkpt lat="43.452137" lon="11.292050"><ele>0</ele></trkpt>
      <trkpt lat="43.452043" lon="11.292066"><ele>0</ele></trkpt>
      <trkpt lat="43.451949" lon="11.292118"><ele>0</ele></trkpt>
      <trkpt lat="43.451881" lon="11.292174"><ele>0</ele></trkpt>
      <trkpt lat="43.451766" lon="11.292298"><ele>0</ele></trkpt>
      <trkpt lat="43.451720" lon="11.292349"><ele>0</ele></trkpt>
      <trkpt lat="43.451445" lon="11.292633"><ele>0</ele></trkpt>
      <trkpt lat="43.451388" lon="11.292695"><ele>0</ele></trkpt>
      <trkpt lat="43.451326" lon="11.292736"><ele>0</ele></trkpt>
      <trkpt lat="43.450203" lon="11.293283"><ele>0</ele></trkpt>
      <trkpt lat="43.450075" lon="11.293374"><ele>0</ele></trkpt>
      <trkpt lat="43.449968" lon="11.293543"><ele>0</ele></trkpt>
      <trkpt lat="43.449813" lon="11.293847"><ele>0</ele></trkpt>
      <trkpt lat="43.449656" lon="11.294155"><ele>0</ele></trkpt>
      <trkpt lat="43.449587" lon="11.294253"><ele>0</ele></trkpt>
      <trkpt lat="43.449395" lon="11.294442"><ele>0</ele></trkpt>
      <trkpt lat="43.449253" lon="11.294565"><ele>0</ele></trkpt>
      <trkpt lat="43.449061" lon="11.294680"><ele>0</ele></trkpt>
      <trkpt lat="43.448676" lon="11.294842"><ele>0</ele></trkpt>
      <trkpt lat="43.448503" lon="11.294944"><ele>0</ele></trkpt>
      <trkpt lat="43.448381" lon="11.295068"><ele>0</ele></trkpt>
      <trkpt lat="43.448300" lon="11.295179"><ele>0</ele></trkpt>
      <trkpt lat="43.448222" lon="11.295338"><ele>0</ele></trkpt>
      <trkpt lat="43.448151" lon="11.295499"><ele>0</ele></trkpt>
      <trkpt lat="43.447997" lon="11.295839"><ele>0</ele></trkpt>
      <trkpt lat="43.447944" lon="11.295986"><ele>0</ele></trkpt>
      <trkpt lat="43.447926" lon="11.296042"><ele>0</ele></trkpt>
      <trkpt lat="43.447908" lon="11.296153"><ele>0</ele></trkpt>
      <trkpt lat="43.447903" lon="11.296301"><ele>0</ele></trkpt>
      <trkpt lat="43.447927" lon="11.296613"><ele>0</ele></trkpt>
      <trkpt lat="43.447924" lon="11.296714"><ele>0</ele></trkpt>
      <trkpt lat="43.447908" lon="11.296824"><ele>0</ele></trkpt>
      <trkpt lat="43.447872" lon="11.296938"><ele>0</ele></trkpt>
      <trkpt lat="43.447793" lon="11.297096"><ele>0</ele></trkpt>
      <trkpt lat="43.447699" lon="11.297248"><ele>0</ele></trkpt>
      <trkpt lat="43.447593" lon="11.297402"><ele>0</ele></trkpt>
      <trkpt lat="43.447484" lon="11.297544"><ele>0</ele></trkpt>
      <trkpt lat="43.447252" lon="11.297797"><ele>0</ele></trkpt>
      <trkpt lat="43.447028" lon="11.298213"><ele>0</ele></trkpt>
      <trkpt lat="43.446771" lon="11.298568"><ele>0</ele></trkpt>
      <trkpt lat="43.446488" lon="11.298941"><ele>0</ele></trkpt>
      <trkpt lat="43.446356" lon="11.299146"><ele>0</ele></trkpt>
      <trkpt lat="43.446223" lon="11.299339"><ele>0</ele></trkpt>
      <trkpt lat="43.446119" lon="11.299446"><ele>0</ele></trkpt>
      <trkpt lat="43.445911" lon="11.299614"><ele>0</ele></trkpt>
      <trkpt lat="43.445764" lon="11.299700"><ele>0</ele></trkpt>
      <trkpt lat="43.445617" lon="11.299760"><ele>0</ele></trkpt>
      <trkpt lat="43.445369" lon="11.299815"><ele>0</ele></trkpt>
      <trkpt lat="43.445233" lon="11.299843"><ele>0</ele></trkpt>
      <trkpt lat="43.445082" lon="11.299855"><ele>0</ele></trkpt>
      <trkpt lat="43.444967" lon="11.299839"><ele>0</ele></trkpt>
      <trkpt lat="43.444876" lon="11.299797"><ele>0</ele></trkpt>
      <trkpt lat="43.444737" lon="11.299706"><ele>0</ele></trkpt>
      <trkpt lat="43.444596" lon="11.299581"><ele>0</ele></trkpt>
      <trkpt lat="43.444232" lon="11.299230"><ele>0</ele></trkpt>
      <trkpt lat="43.444042" lon="11.299111"><ele>0</ele></trkpt>
      <trkpt lat="43.443920" lon="11.299082"><ele>0</ele></trkpt>
      <trkpt lat="43.443815" lon="11.299084"><ele>0</ele></trkpt>
      <trkpt lat="43.443719" lon="11.299127"><ele>0</ele></trkpt>
      <trkpt lat="43.443650" lon="11.299196"><ele>0</ele></trkpt>
      <trkpt lat="43.443489" lon="11.299472"><ele>0</ele></trkpt>
      <trkpt lat="43.443269" lon="11.299910"><ele>0</ele></trkpt>
      <trkpt lat="43.443241" lon="11.300012"><ele>0</ele></trkpt>
      <trkpt lat="43.443225" lon="11.300122"><ele>0</ele></trkpt>
      <trkpt lat="43.443244" lon="11.300451"><ele>0</ele></trkpt>
      <trkpt lat="43.443241" lon="11.300558"><ele>0</ele></trkpt>
      <trkpt lat="43.443227" lon="11.300646"><ele>0</ele></trkpt>
      <trkpt lat="43.443180" lon="11.300743"><ele>0</ele></trkpt>
      <trkpt lat="43.443108" lon="11.300815"><ele>0</ele></trkpt>
      <trkpt lat="43.442911" lon="11.300930"><ele>0</ele></trkpt>
      <trkpt lat="43.442789" lon="11.300973"><ele>0</ele></trkpt>
      <trkpt lat="43.442680" lon="11.300978"><ele>0</ele></trkpt>
      <trkpt lat="43.442585" lon="11.300945"><ele>0</ele></trkpt>
      <trkpt lat="43.442507" lon="11.300890"><ele>0</ele></trkpt>
      <trkpt lat="43.442359" lon="11.300762"><ele>0</ele></trkpt>
      <trkpt lat="43.441986" lon="11.300441"><ele>0</ele></trkpt>
      <trkpt lat="43.441842" lon="11.300383"><ele>0</ele></trkpt>
      <trkpt lat="43.441620" lon="11.300364"><ele>0</ele></trkpt>
      <trkpt lat="43.441205" lon="11.300404"><ele>0</ele></trkpt>
      <trkpt lat="43.441087" lon="11.300436"><ele>0</ele></trkpt>
      <trkpt lat="43.440988" lon="11.300497"><ele>0</ele></trkpt>
      <trkpt lat="43.440900" lon="11.300619"><ele>0</ele></trkpt>
      <trkpt lat="43.440760" lon="11.300889"><ele>0</ele></trkpt>
      <trkpt lat="43.440688" lon="11.300984"><ele>0</ele></trkpt>
      <trkpt lat="43.440601" lon="11.301044"><ele>0</ele></trkpt>
      <trkpt lat="43.440478" lon="11.301093"><ele>0</ele></trkpt>
      <trkpt lat="43.439766" lon="11.301232"><ele>0</ele></trkpt>
      <trkpt lat="43.439622" lon="11.301291"><ele>0</ele></trkpt>
      <trkpt lat="43.439545" lon="11.301381"><ele>0</ele></trkpt>
      <trkpt lat="43.439504" lon="11.301490"><ele>0</ele></trkpt>
      <trkpt lat="43.439499" lon="11.301646"><ele>0</ele></trkpt>
      <trkpt lat="43.439660" lon="11.302908"><ele>0</ele></trkpt>
      <trkpt lat="43.439704" lon="11.303165"><ele>0</ele></trkpt>
      <trkpt lat="43.439745" lon="11.303320"><ele>0</ele></trkpt>
      <trkpt lat="43.439792" lon="11.303457"><ele>0</ele></trkpt>
      <trkpt lat="43.439813" lon="11.303591"><ele>0</ele></trkpt>
      <trkpt lat="43.439806" lon="11.303718"><ele>0</ele></trkpt>
      <trkpt lat="43.439770" lon="11.303873"><ele>0</ele></trkpt>
      <trkpt lat="43.439729" lon="11.304008"><ele>0</ele></trkpt>
      <trkpt lat="43.439685" lon="11.304189"><ele>0</ele></trkpt>
      <trkpt lat="43.439655" lon="11.304353"><ele>0</ele></trkpt>
      <trkpt lat="43.439625" lon="11.304549"><ele>0</ele></trkpt>
      <trkpt lat="43.439617" lon="11.304731"><ele>0</ele></trkpt>
      <trkpt lat="43.439604" lon="11.304835"><ele>0</ele></trkpt>
      <trkpt lat="43.439581" lon="11.304958"><ele>0</ele></trkpt>
      <trkpt lat="43.439534" lon="11.305081"><ele>0</ele></trkpt>
      <trkpt lat="43.439444" lon="11.305215"><ele>0</ele></trkpt>
      <trkpt lat="43.439327" lon="11.305314"><ele>0</ele></trkpt>
      <trkpt lat="43.439215" lon="11.305357"><ele>0</ele></trkpt>
      <trkpt lat="43.438938" lon="11.305433"><ele>0</ele></trkpt>
      <trkpt lat="43.438832" lon="11.305478"><ele>0</ele></trkpt>
      <trkpt lat="43.438701" lon="11.305547"><ele>0</ele></trkpt>
      <trkpt lat="43.438579" lon="11.305650"><ele>0</ele></trkpt>
      <trkpt lat="43.438501" lon="11.305743"><ele>0</ele></trkpt>
      <trkpt lat="43.438417" lon="11.305869"><ele>0</ele></trkpt>
      <trkpt lat="43.438369" lon="11.306002"><ele>0</ele></trkpt>
      <trkpt lat="43.438320" lon="11.306175"><ele>0</ele></trkpt>
      <trkpt lat="43.438288" lon="11.306409"><ele>0</ele></trkpt>
      <trkpt lat="43.438286" lon="11.306644"><ele>0</ele></trkpt>
      <trkpt lat="43.438303" lon="11.306840"><ele>0</ele></trkpt>
      <trkpt lat="43.438348" lon="11.307037"><ele>0</ele></trkpt>
      <trkpt lat="43.438416" lon="11.307228"><ele>0</ele></trkpt>
      <trkpt lat="43.438537" lon="11.307511"><ele>0</ele></trkpt>
      <trkpt lat="43.438571" lon="11.307647"><ele>0</ele></trkpt>
      <trkpt lat="43.438565" lon="11.307780"><ele>0</ele></trkpt>
      <trkpt lat="43.438551" lon="11.307870"><ele>0</ele></trkpt>
      <trkpt lat="43.438520" lon="11.307957"><ele>0</ele></trkpt>
      <trkpt lat="43.438446" lon="11.308079"><ele>0</ele></trkpt>
      <trkpt lat="43.438367" lon="11.308157"><ele>0</ele></trkpt>
      <trkpt lat="43.438273" lon="11.308207"><ele>0</ele></trkpt>
      <trkpt lat="43.438166" lon="11.308207"><ele>0</ele></trkpt>
      <trkpt lat="43.438089" lon="11.308198"><ele>0</ele></trkpt>
      <trkpt lat="43.438008" lon="11.308164"><ele>0</ele></trkpt>
      <trkpt lat="43.437835" lon="11.308049"><ele>0</ele></trkpt>
      <trkpt lat="43.437031" lon="11.307437"><ele>0</ele></trkpt>
      <trkpt lat="43.436861" lon="11.307280"><ele>0</ele></trkpt>
      <trkpt lat="43.436519" lon="11.306967"><ele>0</ele></trkpt>
      <trkpt lat="43.436326" lon="11.306773"><ele>0</ele></trkpt>
      <trkpt lat="43.436161" lon="11.306629"><ele>0</ele></trkpt>
      <trkpt lat="43.436027" lon="11.306551"><ele>0</ele></trkpt>
      <trkpt lat="43.435926" lon="11.306531"><ele>0</ele></trkpt>
      <trkpt lat="43.435842" lon="11.306539"><ele>0</ele></trkpt>
      <trkpt lat="43.435661" lon="11.306585"><ele>0</ele></trkpt>
      <trkpt lat="43.435510" lon="11.306661"><ele>0</ele></trkpt>
      <trkpt lat="43.435380" lon="11.306739"><ele>0</ele></trkpt>
      <trkpt lat="43.435267" lon="11.306827"><ele>0</ele></trkpt>
      <trkpt lat="43.435156" lon="11.306929"><ele>0</ele></trkpt>
      <trkpt lat="43.434926" lon="11.307158"><ele>0</ele></trkpt>
      <trkpt lat="43.434489" lon="11.307576"><ele>0</ele></trkpt>
      <trkpt lat="43.434348" lon="11.307703"><ele>0</ele></trkpt>
      <trkpt lat="43.434260" lon="11.307768"><ele>0</ele></trkpt>
      <trkpt lat="43.434168" lon="11.307817"><ele>0</ele></trkpt>
      <trkpt lat="43.433983" lon="11.307884"><ele>0</ele></trkpt>
      <trkpt lat="43.433811" lon="11.307925"><ele>0</ele></trkpt>
      <trkpt lat="43.433652" lon="11.307963"><ele>0</ele></trkpt>
      <trkpt lat="43.433516" lon="11.308024"><ele>0</ele></trkpt>
      <trkpt lat="43.433413" lon="11.308117"><ele>0</ele></trkpt>
      <trkpt lat="43.433225" lon="11.308380"><ele>0</ele></trkpt>
      <trkpt lat="43.432912" lon="11.308842"><ele>0</ele></trkpt>
      <trkpt lat="43.432830" lon="11.308934"><ele>0</ele></trkpt>
      <trkpt lat="43.432749" lon="11.309011"><ele>0</ele></trkpt>
      <trkpt lat="43.432669" lon="11.309061"><ele>0</ele></trkpt>
      <trkpt lat="43.432565" lon="11.309091"><ele>0</ele></trkpt>
      <trkpt lat="43.432401" lon="11.309149"><ele>0</ele></trkpt>
      <trkpt lat="43.432166" lon="11.309188"><ele>0</ele></trkpt>
      <trkpt lat="43.432065" lon="11.309207"><ele>0</ele></trkpt>
      <trkpt lat="43.431965" lon="11.309234"><ele>0</ele></trkpt>
      <trkpt lat="43.431866" lon="11.309276"><ele>0</ele></trkpt>
      <trkpt lat="43.431781" lon="11.309333"><ele>0</ele></trkpt>
      <trkpt lat="43.431704" lon="11.309394"><ele>0</ele></trkpt>
      <trkpt lat="43.431645" lon="11.309458"><ele>0</ele></trkpt>
      <trkpt lat="43.431582" lon="11.309545"><ele>0</ele></trkpt>
      <trkpt lat="43.431434" lon="11.309766"><ele>0</ele></trkpt>
      <trkpt lat="43.431382" lon="11.309843"><ele>0</ele></trkpt>
      <trkpt lat="43.431320" lon="11.309888"><ele>0</ele></trkpt>
      <trkpt lat="43.431255" lon="11.309907"><ele>0</ele></trkpt>
      <trkpt lat="43.431181" lon="11.309900"><ele>0</ele></trkpt>
      <trkpt lat="43.431112" lon="11.309862"><ele>0</ele></trkpt>
      <trkpt lat="43.431044" lon="11.309808"><ele>0</ele></trkpt>
      <trkpt lat="43.430973" lon="11.309672"><ele>0</ele></trkpt>
      <trkpt lat="43.430890" lon="11.309449"><ele>0</ele></trkpt>
      <trkpt lat="43.430841" lon="11.309307"><ele>0</ele></trkpt>
      <trkpt lat="43.430703" lon="11.308919"><ele>0</ele></trkpt>
      <trkpt lat="43.430622" lon="11.308601"><ele>0</ele></trkpt>
      <trkpt lat="43.430603" lon="11.308455"><ele>0</ele></trkpt>
      <trkpt lat="43.430603" lon="11.308179"><ele>0</ele></trkpt>
      <trkpt lat="43.430587" lon="11.307947"><ele>0</ele></trkpt>
      <trkpt lat="43.430466" lon="11.307481"><ele>0</ele></trkpt>
      <trkpt lat="43.430344" lon="11.307168"><ele>0</ele></trkpt>
      <trkpt lat="43.430024" lon="11.306562"><ele>0</ele></trkpt>
      <trkpt lat="43.429792" lon="11.306128"><ele>0</ele></trkpt>
      <trkpt lat="43.429703" lon="11.305791"><ele>0</ele></trkpt>
      <trkpt lat="43.429648" lon="11.305465"><ele>0</ele></trkpt>
      <trkpt lat="43.429591" lon="11.305035"><ele>0</ele></trkpt>
      <trkpt lat="43.429518" lon="11.304797"><ele>0</ele></trkpt>
      <trkpt lat="43.429431" lon="11.304692"><ele>0</ele></trkpt>
      <trkpt lat="43.429293" lon="11.304587"><ele>0</ele></trkpt>
      <trkpt lat="43.429188" lon="11.304505"><ele>0</ele></trkpt>
      <trkpt lat="43.428973" lon="11.304471"><ele>0</ele></trkpt>
      <trkpt lat="43.428704" lon="11.304543"><ele>0</ele></trkpt>
      <trkpt lat="43.428583" lon="11.304619"><ele>0</ele></trkpt>
      <trkpt lat="43.428477" lon="11.304750"><ele>0</ele></trkpt>
      <trkpt lat="43.428355" lon="11.304991"><ele>0</ele></trkpt>
      <trkpt lat="43.428293" lon="11.305287"><ele>0</ele></trkpt>
      <trkpt lat="43.428297" lon="11.305617"><ele>0</ele></trkpt>
      <trkpt lat="43.428318" lon="11.306225"><ele>0</ele></trkpt>
      <trkpt lat="43.428283" lon="11.306351"><ele>0</ele></trkpt>
      <trkpt lat="43.428200" lon="11.306442"><ele>0</ele></trkpt>
      <trkpt lat="43.428128" lon="11.306467"><ele>0</ele></trkpt>
      <trkpt lat="43.427955" lon="11.306428"><ele>0</ele></trkpt>
      <trkpt lat="43.427804" lon="11.306374"><ele>0</ele></trkpt>
      <trkpt lat="43.427385" lon="11.306089"><ele>0</ele></trkpt>
      <trkpt lat="43.427075" lon="11.305767"><ele>0</ele></trkpt>
      <trkpt lat="43.426866" lon="11.305417"><ele>0</ele></trkpt>
      <trkpt lat="43.426786" lon="11.305296"><ele>0</ele></trkpt>
      <trkpt lat="43.426685" lon="11.305196"><ele>0</ele></trkpt>
      <trkpt lat="43.426612" lon="11.305177"><ele>0</ele></trkpt>
      <trkpt lat="43.426551" lon="11.305185"><ele>0</ele></trkpt>
      <trkpt lat="43.426471" lon="11.305231"><ele>0</ele></trkpt>
      <trkpt lat="43.426403" lon="11.305339"><ele>0</ele></trkpt>
      <trkpt lat="43.426342" lon="11.305478"><ele>0</ele></trkpt>
      <trkpt lat="43.426276" lon="11.305579"><ele>0</ele></trkpt>
      <trkpt lat="43.426175" lon="11.305677"><ele>0</ele></trkpt>
      <trkpt lat="43.426069" lon="11.305751"><ele>0</ele></trkpt>
      <trkpt lat="43.425912" lon="11.305819"><ele>0</ele></trkpt>
      <trkpt lat="43.425764" lon="11.305845"><ele>0</ele></trkpt>
      <trkpt lat="43.425615" lon="11.305864"><ele>0</ele></trkpt>
      <trkpt lat="43.425329" lon="11.305847"><ele>0</ele></trkpt>
      <trkpt lat="43.424694" lon="11.305779"><ele>0</ele></trkpt>
      <trkpt lat="43.424531" lon="11.305801"><ele>0</ele></trkpt>
      <trkpt lat="43.424274" lon="11.305911"><ele>0</ele></trkpt>
      <trkpt lat="43.424079" lon="11.306056"><ele>0</ele></trkpt>
      <trkpt lat="43.424040" lon="11.306081"><ele>0</ele></trkpt>
      <trkpt lat="43.424001" lon="11.306098"><ele>0</ele></trkpt>
      <trkpt lat="43.423944" lon="11.306122"><ele>0</ele></trkpt>
      <trkpt lat="43.423892" lon="11.306139"><ele>0</ele></trkpt>
      <trkpt lat="43.423847" lon="11.306150"><ele>0</ele></trkpt>
      <trkpt lat="43.423802" lon="11.306156"><ele>0</ele></trkpt>
      <trkpt lat="43.423714" lon="11.306157"><ele>0</ele></trkpt>
      <trkpt lat="43.423658" lon="11.306151"><ele>0</ele></trkpt>
      <trkpt lat="43.423600" lon="11.306143"><ele>0</ele></trkpt>
      <trkpt lat="43.423559" lon="11.306133"><ele>0</ele></trkpt>
      <trkpt lat="43.423516" lon="11.306118"><ele>0</ele></trkpt>
      <trkpt lat="43.423474" lon="11.306097"><ele>0</ele></trkpt>
      <trkpt lat="43.423435" lon="11.306073"><ele>0</ele></trkpt>
      <trkpt lat="43.423383" lon="11.306038"><ele>0</ele></trkpt>
      <trkpt lat="43.423333" lon="11.305998"><ele>0</ele></trkpt>
      <trkpt lat="43.423072" lon="11.305748"><ele>0</ele></trkpt>
      <trkpt lat="43.422996" lon="11.305711"><ele>0</ele></trkpt>
      <trkpt lat="43.422929" lon="11.305716"><ele>0</ele></trkpt>
      <trkpt lat="43.422875" lon="11.305757"><ele>0</ele></trkpt>
      <trkpt lat="43.422834" lon="11.305837"><ele>0</ele></trkpt>
      <trkpt lat="43.422824" lon="11.305927"><ele>0</ele></trkpt>
      <trkpt lat="43.422844" lon="11.306017"><ele>0</ele></trkpt>
      <trkpt lat="43.422880" lon="11.306093"><ele>0</ele></trkpt>
      <trkpt lat="43.423153" lon="11.306442"><ele>0</ele></trkpt>
      <trkpt lat="43.423181" lon="11.306490"><ele>0</ele></trkpt>
      <trkpt lat="43.423249" lon="11.306614"><ele>0</ele></trkpt>
      <trkpt lat="43.423277" lon="11.306752"><ele>0</ele></trkpt>
      <trkpt lat="43.423259" lon="11.306912"><ele>0</ele></trkpt>
      <trkpt lat="43.423222" lon="11.307007"><ele>0</ele></trkpt>
      <trkpt lat="43.423174" lon="11.307096"><ele>0</ele></trkpt>
      <trkpt lat="43.423102" lon="11.307161"><ele>0</ele></trkpt>
      <trkpt lat="43.423030" lon="11.307206"><ele>0</ele></trkpt>
      <trkpt lat="43.422911" lon="11.307222"><ele>0</ele></trkpt>
      <trkpt lat="43.422195" lon="11.307071"><ele>0</ele></trkpt>
      <trkpt lat="43.421475" lon="11.306901"><ele>0</ele></trkpt>
      <trkpt lat="43.420783" lon="11.306733"><ele>0</ele></trkpt>
      <trkpt lat="43.420372" lon="11.306672"><ele>0</ele></trkpt>
      <trkpt lat="43.420029" lon="11.306574"><ele>0</ele></trkpt>
      <trkpt lat="43.419589" lon="11.306373"><ele>0</ele></trkpt>
      <trkpt lat="43.419361" lon="11.306273"><ele>0</ele></trkpt>
      <trkpt lat="43.419149" lon="11.306210"><ele>0</ele></trkpt>
      <trkpt lat="43.418902" lon="11.306189"><ele>0</ele></trkpt>
      <trkpt lat="43.418462" lon="11.306176"><ele>0</ele></trkpt>
      <trkpt lat="43.418316" lon="11.306184"><ele>0</ele></trkpt>
      <trkpt lat="43.417562" lon="11.306368"><ele>0</ele></trkpt>
      <trkpt lat="43.417129" lon="11.306436"><ele>0</ele></trkpt>
      <trkpt lat="43.416911" lon="11.306431"><ele>0</ele></trkpt>
      <trkpt lat="43.415833" lon="11.306152"><ele>0</ele></trkpt>
      <trkpt lat="43.414409" lon="11.305853"><ele>0</ele></trkpt>
      <trkpt lat="43.414023" lon="11.305733"><ele>0</ele></trkpt>
      <trkpt lat="43.413563" lon="11.305494"><ele>0</ele></trkpt>
      <trkpt lat="43.412973" lon="11.305235"><ele>0</ele></trkpt>
      <trkpt lat="43.411889" lon="11.305146"><ele>0</ele></trkpt>
      <trkpt lat="43.411802" lon="11.305137"><ele>0</ele></trkpt>
      <trkpt lat="43.411574" lon="11.305100"><ele>0</ele></trkpt>
      <trkpt lat="43.411320" lon="11.305027"><ele>0</ele></trkpt>
      <trkpt lat="43.410956" lon="11.304911"><ele>0</ele></trkpt>
      <trkpt lat="43.409926" lon="11.304623"><ele>0</ele></trkpt>
      <trkpt lat="43.409493" lon="11.304623"><ele>0</ele></trkpt>
      <trkpt lat="43.409145" lon="11.304751"><ele>0</ele></trkpt>
      <trkpt lat="43.408872" lon="11.304871"><ele>0</ele></trkpt>
      <trkpt lat="43.408480" lon="11.304880"><ele>0</ele></trkpt>
      <trkpt lat="43.408014" lon="11.304877"><ele>0</ele></trkpt>
      <trkpt lat="43.407765" lon="11.304889"><ele>0</ele></trkpt>
      <trkpt lat="43.407630" lon="11.304917"><ele>0</ele></trkpt>
      <trkpt lat="43.407439" lon="11.305032"><ele>0</ele></trkpt>
      <trkpt lat="43.407142" lon="11.305291"><ele>0</ele></trkpt>
      <trkpt lat="43.406624" lon="11.305695"><ele>0</ele></trkpt>
      <trkpt lat="43.406363" lon="11.305798"><ele>0</ele></trkpt>
      <trkpt lat="43.405636" lon="11.306042"><ele>0</ele></trkpt>
      <trkpt lat="43.404610" lon="11.306318"><ele>0</ele></trkpt>
      <trkpt lat="43.404440" lon="11.306327"><ele>0</ele></trkpt>
      <trkpt lat="43.404277" lon="11.306332"><ele>0</ele></trkpt>
      <trkpt lat="43.403802" lon="11.306381"><ele>0</ele></trkpt>
      <trkpt lat="43.403584" lon="11.306436"><ele>0</ele></trkpt>
      <trkpt lat="43.403347" lon="11.306550"><ele>0</ele></trkpt>
      <trkpt lat="43.403190" lon="11.306573"><ele>0</ele></trkpt>
      <trkpt lat="43.403025" lon="11.306486"><ele>0</ele></trkpt>
      <trkpt lat="43.402567" lon="11.306080"><ele>0</ele></trkpt>
      <trkpt lat="43.402499" lon="11.306038"><ele>0</ele></trkpt>
      <trkpt lat="43.402418" lon="11.306022"><ele>0</ele></trkpt>
      <trkpt lat="43.402209" lon="11.306016"><ele>0</ele></trkpt>
      <trkpt lat="43.401984" lon="11.306101"><ele>0</ele></trkpt>
      <trkpt lat="43.401727" lon="11.306237"><ele>0</ele></trkpt>
      <trkpt lat="43.401612" lon="11.306266"><ele>0</ele></trkpt>
      <trkpt lat="43.401520" lon="11.306256"><ele>0</ele></trkpt>
      <trkpt lat="43.401397" lon="11.306222"><ele>0</ele></trkpt>
      <trkpt lat="43.401107" lon="11.306064"><ele>0</ele></trkpt>
      <trkpt lat="43.400885" lon="11.306011"><ele>0</ele></trkpt>
      <trkpt lat="43.400200" lon="11.305998"><ele>0</ele></trkpt>
      <trkpt lat="43.400027" lon="11.305987"><ele>0</ele></trkpt>
      <trkpt lat="43.399758" lon="11.305979"><ele>0</ele></trkpt>
      <trkpt lat="43.399683" lon="11.305971"><ele>0</ele></trkpt>
      <trkpt lat="43.399598" lon="11.305943"><ele>0</ele></trkpt>
      <trkpt lat="43.399511" lon="11.305900"><ele>0</ele></trkpt>
      <trkpt lat="43.399307" lon="11.305802"><ele>0</ele></trkpt>
      <trkpt lat="43.399104" lon="11.305720"><ele>0</ele></trkpt>
      <trkpt lat="43.398973" lon="11.305701"><ele>0</ele></trkpt>
      <trkpt lat="43.398848" lon="11.305705"><ele>0</ele></trkpt>
      <trkpt lat="43.398722" lon="11.305755"><ele>0</ele></trkpt>
      <trkpt lat="43.398652" lon="11.305783"><ele>0</ele></trkpt>
      <trkpt lat="43.398598" lon="11.305806"><ele>0</ele></trkpt>
      <trkpt lat="43.398304" lon="11.305932"><ele>0</ele></trkpt>
      <trkpt lat="43.398256" lon="11.305963"><ele>0</ele></trkpt>
      <trkpt lat="43.398209" lon="11.306002"><ele>0</ele></trkpt>
      <trkpt lat="43.398170" lon="11.306048"><ele>0</ele></trkpt>
      <trkpt lat="43.398141" lon="11.306093"><ele>0</ele></trkpt>
      <trkpt lat="43.398082" lon="11.306197"><ele>0</ele></trkpt>
      <trkpt lat="43.398011" lon="11.306384"><ele>0</ele></trkpt>
      <trkpt lat="43.397883" lon="11.306904"><ele>0</ele></trkpt>
      <trkpt lat="43.397777" lon="11.307369"><ele>0</ele></trkpt>
      <trkpt lat="43.397678" lon="11.307804"><ele>0</ele></trkpt>
      <trkpt lat="43.397576" lon="11.308121"><ele>0</ele></trkpt>
      <trkpt lat="43.397482" lon="11.308389"><ele>0</ele></trkpt>
      <trkpt lat="43.397410" lon="11.308648"><ele>0</ele></trkpt>
      <trkpt lat="43.397368" lon="11.309050"><ele>0</ele></trkpt>
      <trkpt lat="43.397343" lon="11.309265"><ele>0</ele></trkpt>
      <trkpt lat="43.397303" lon="11.309391"><ele>0</ele></trkpt>
      <trkpt lat="43.397236" lon="11.309501"><ele>0</ele></trkpt>
      <trkpt lat="43.397148" lon="11.309583"><ele>0</ele></trkpt>
      <trkpt lat="43.396928" lon="11.309717"><ele>0</ele></trkpt>
      <trkpt lat="43.396455" lon="11.309999"><ele>0</ele></trkpt>
      <trkpt lat="43.396013" lon="11.310289"><ele>0</ele></trkpt>
      <trkpt lat="43.395949" lon="11.310327"><ele>0</ele></trkpt>
      <trkpt lat="43.395887" lon="11.310353"><ele>0</ele></trkpt>
      <trkpt lat="43.395840" lon="11.310369"><ele>0</ele></trkpt>
      <trkpt lat="43.395807" lon="11.310377"><ele>0</ele></trkpt>
      <trkpt lat="43.395772" lon="11.310380"><ele>0</ele></trkpt>
      <trkpt lat="43.395741" lon="11.310380"><ele>0</ele></trkpt>
      <trkpt lat="43.395700" lon="11.310369"><ele>0</ele></trkpt>
      <trkpt lat="43.395655" lon="11.310347"><ele>0</ele></trkpt>
      <trkpt lat="43.395615" lon="11.310317"><ele>0</ele></trkpt>
      <trkpt lat="43.395575" lon="11.310273"><ele>0</ele></trkpt>
      <trkpt lat="43.395548" lon="11.310233"><ele>0</ele></trkpt>
      <trkpt lat="43.395511" lon="11.310162"><ele>0</ele></trkpt>
      <trkpt lat="43.395480" lon="11.310088"><ele>0</ele></trkpt>
      <trkpt lat="43.395453" lon="11.310014"><ele>0</ele></trkpt>
      <trkpt lat="43.395432" lon="11.309939"><ele>0</ele></trkpt>
      <trkpt lat="43.395424" lon="11.309864"><ele>0</ele></trkpt>
      <trkpt lat="43.395421" lon="11.309797"><ele>0</ele></trkpt>
      <trkpt lat="43.395425" lon="11.309728"><ele>0</ele></trkpt>
      <trkpt lat="43.395436" lon="11.309662"><ele>0</ele></trkpt>
      <trkpt lat="43.395450" lon="11.309596"><ele>0</ele></trkpt>
      <trkpt lat="43.395474" lon="11.309540"><ele>0</ele></trkpt>
      <trkpt lat="43.395504" lon="11.309491"><ele>0</ele></trkpt>
      <trkpt lat="43.395536" lon="11.309462"><ele>0</ele></trkpt>
      <trkpt lat="43.395578" lon="11.309426"><ele>0</ele></trkpt>
      <trkpt lat="43.395622" lon="11.309402"><ele>0</ele></trkpt>
      <trkpt lat="43.395675" lon="11.309382"><ele>0</ele></trkpt>
      <trkpt lat="43.395755" lon="11.309359"><ele>0</ele></trkpt>
      <trkpt lat="43.395873" lon="11.309317"><ele>0</ele></trkpt>
      <trkpt lat="43.395949" lon="11.309283"><ele>0</ele></trkpt>
      <trkpt lat="43.396065" lon="11.309220"><ele>0</ele></trkpt>
      <trkpt lat="43.396174" lon="11.309153"><ele>0</ele></trkpt>
      <trkpt lat="43.396223" lon="11.309119"><ele>0</ele></trkpt>
      <trkpt lat="43.396273" lon="11.309080"><ele>0</ele></trkpt>
      <trkpt lat="43.396330" lon="11.309033"><ele>0</ele></trkpt>
      <trkpt lat="43.396415" lon="11.308951"><ele>0</ele></trkpt>
      <trkpt lat="43.396460" lon="11.308903"><ele>0</ele></trkpt>
      <trkpt lat="43.396504" lon="11.308851"><ele>0</ele></trkpt>
      <trkpt lat="43.396528" lon="11.308815"><ele>0</ele></trkpt>
      <trkpt lat="43.396553" lon="11.308777"><ele>0</ele></trkpt>
      <trkpt lat="43.396577" lon="11.308732"><ele>0</ele></trkpt>
      <trkpt lat="43.396593" lon="11.308697"><ele>0</ele></trkpt>
      <trkpt lat="43.396609" lon="11.308651"><ele>0</ele></trkpt>
      <trkpt lat="43.396617" lon="11.308619"><ele>0</ele></trkpt>
      <trkpt lat="43.396622" lon="11.308577"><ele>0</ele></trkpt>
      <trkpt lat="43.396622" lon="11.308539"><ele>0</ele></trkpt>
      <trkpt lat="43.396618" lon="11.308501"><ele>0</ele></trkpt>
      <trkpt lat="43.396610" lon="11.308468"><ele>0</ele></trkpt>
      <trkpt lat="43.396599" lon="11.308439"><ele>0</ele></trkpt>
      <trkpt lat="43.396582" lon="11.308404"><ele>0</ele></trkpt>
      <trkpt lat="43.396562" lon="11.308370"><ele>0</ele></trkpt>
      <trkpt lat="43.396537" lon="11.308338"><ele>0</ele></trkpt>
      <trkpt lat="43.396501" lon="11.308305"><ele>0</ele></trkpt>
      <trkpt lat="43.396470" lon="11.308283"><ele>0</ele></trkpt>
      <trkpt lat="43.396429" lon="11.308261"><ele>0</ele></trkpt>
      <trkpt lat="43.396344" lon="11.308222"><ele>0</ele></trkpt>
      <trkpt lat="43.396213" lon="11.308165"><ele>0</ele></trkpt>
      <trkpt lat="43.395914" lon="11.308049"><ele>0</ele></trkpt>
      <trkpt lat="43.395814" lon="11.308008"><ele>0</ele></trkpt>
      <trkpt lat="43.395782" lon="11.307995"><ele>0</ele></trkpt>
      <trkpt lat="43.395749" lon="11.307979"><ele>0</ele></trkpt>
      <trkpt lat="43.395712" lon="11.307956"><ele>0</ele></trkpt>
      <trkpt lat="43.395674" lon="11.307926"><ele>0</ele></trkpt>
      <trkpt lat="43.395640" lon="11.307895"><ele>0</ele></trkpt>
      <trkpt lat="43.395607" lon="11.307861"><ele>0</ele></trkpt>
      <trkpt lat="43.395577" lon="11.307822"><ele>0</ele></trkpt>
      <trkpt lat="43.395548" lon="11.307780"><ele>0</ele></trkpt>
      <trkpt lat="43.395523" lon="11.307739"><ele>0</ele></trkpt>
      <trkpt lat="43.395498" lon="11.307694"><ele>0</ele></trkpt>
      <trkpt lat="43.395476" lon="11.307648"><ele>0</ele></trkpt>
      <trkpt lat="43.395455" lon="11.307594"><ele>0</ele></trkpt>
      <trkpt lat="43.395436" lon="11.307526"><ele>0</ele></trkpt>
      <trkpt lat="43.395429" lon="11.307472"><ele>0</ele></trkpt>
      <trkpt lat="43.395424" lon="11.307424"><ele>0</ele></trkpt>
      <trkpt lat="43.395423" lon="11.307368"><ele>0</ele></trkpt>
      <trkpt lat="43.395428" lon="11.307309"><ele>0</ele></trkpt>
      <trkpt lat="43.395438" lon="11.307255"><ele>0</ele></trkpt>
      <trkpt lat="43.395453" lon="11.307202"><ele>0</ele></trkpt>
      <trkpt lat="43.395474" lon="11.307146"><ele>0</ele></trkpt>
      <trkpt lat="43.395504" lon="11.307074"><ele>0</ele></trkpt>
      <trkpt lat="43.395669" lon="11.306719"><ele>0</ele></trkpt>
      <trkpt lat="43.395713" lon="11.306623"><ele>0</ele></trkpt>
      <trkpt lat="43.395738" lon="11.306554"><ele>0</ele></trkpt>
      <trkpt lat="43.395752" lon="11.306504"><ele>0</ele></trkpt>
      <trkpt lat="43.395760" lon="11.306454"><ele>0</ele></trkpt>
      <trkpt lat="43.395762" lon="11.306403"><ele>0</ele></trkpt>
      <trkpt lat="43.395760" lon="11.306358"><ele>0</ele></trkpt>
      <trkpt lat="43.395754" lon="11.306307"><ele>0</ele></trkpt>
      <trkpt lat="43.395744" lon="11.306261"><ele>0</ele></trkpt>
      <trkpt lat="43.395734" lon="11.306225"><ele>0</ele></trkpt>
      <trkpt lat="43.395722" lon="11.306197"><ele>0</ele></trkpt>
      <trkpt lat="43.395702" lon="11.306157"><ele>0</ele></trkpt>
      <trkpt lat="43.395680" lon="11.306121"><ele>0</ele></trkpt>
      <trkpt lat="43.395651" lon="11.306085"><ele>0</ele></trkpt>
      <trkpt lat="43.395623" lon="11.306055"><ele>0</ele></trkpt>
      <trkpt lat="43.395592" lon="11.306028"><ele>0</ele></trkpt>
      <trkpt lat="43.395556" lon="11.306006"><ele>0</ele></trkpt>
      <trkpt lat="43.395511" lon="11.305982"><ele>0</ele></trkpt>
      <trkpt lat="43.395465" lon="11.305965"><ele>0</ele></trkpt>
      <trkpt lat="43.395399" lon="11.305954"><ele>0</ele></trkpt>
      <trkpt lat="43.395302" lon="11.305951"><ele>0</ele></trkpt>
      <trkpt lat="43.395217" lon="11.305954"><ele>0</ele></trkpt>
      <trkpt lat="43.395170" lon="11.305965"><ele>0</ele></trkpt>
      <trkpt lat="43.395134" lon="11.305980"><ele>0</ele></trkpt>
      <trkpt lat="43.395097" lon="11.306003"><ele>0</ele></trkpt>
      <trkpt lat="43.395045" lon="11.306051"><ele>0</ele></trkpt>
      <trkpt lat="43.394985" lon="11.306116"><ele>0</ele></trkpt>
      <trkpt lat="43.394941" lon="11.306171"><ele>0</ele></trkpt>
      <trkpt lat="43.394899" lon="11.306233"><ele>0</ele></trkpt>
      <trkpt lat="43.394876" lon="11.306275"><ele>0</ele></trkpt>
      <trkpt lat="43.394850" lon="11.306329"><ele>0</ele></trkpt>
      <trkpt lat="43.394820" lon="11.306404"><ele>0</ele></trkpt>
      <trkpt lat="43.394788" lon="11.306491"><ele>0</ele></trkpt>
      <trkpt lat="43.394758" lon="11.306574"><ele>0</ele></trkpt>
      <trkpt lat="43.394743" lon="11.306621"><ele>0</ele></trkpt>
      <trkpt lat="43.394728" lon="11.306670"><ele>0</ele></trkpt>
      <trkpt lat="43.394720" lon="11.306711"><ele>0</ele></trkpt>
      <trkpt lat="43.394717" lon="11.306736"><ele>0</ele></trkpt>
      <trkpt lat="43.394716" lon="11.306761"><ele>0</ele></trkpt>
      <trkpt lat="43.394717" lon="11.306786"><ele>0</ele></trkpt>
      <trkpt lat="43.394721" lon="11.306822"><ele>0</ele></trkpt>
      <trkpt lat="43.394735" lon="11.306892"><ele>0</ele></trkpt>
      <trkpt lat="43.394749" lon="11.306958"><ele>0</ele></trkpt>
      <trkpt lat="43.394682" lon="11.307019"><ele>0</ele></trkpt>
      <trkpt lat="43.394608" lon="11.307099"><ele>0</ele></trkpt>
      <trkpt lat="43.394546" lon="11.307179"><ele>0</ele></trkpt>
      <trkpt lat="43.394369" lon="11.307423"><ele>0</ele></trkpt>
      <trkpt lat="43.394292" lon="11.307527"><ele>0</ele></trkpt>
      <trkpt lat="43.394201" lon="11.307650"><ele>0</ele></trkpt>
      <trkpt lat="43.394162" lon="11.307702"><ele>0</ele></trkpt>
      <trkpt lat="43.394039" lon="11.307857"><ele>0</ele></trkpt>
      <trkpt lat="43.393912" lon="11.308009"><ele>0</ele></trkpt>
      <trkpt lat="43.393830" lon="11.308103"><ele>0</ele></trkpt>
      <trkpt lat="43.393752" lon="11.308188"><ele>0</ele></trkpt>
      <trkpt lat="43.393622" lon="11.308319"><ele>0</ele></trkpt>
      <trkpt lat="43.393462" lon="11.308481"><ele>0</ele></trkpt>
      <trkpt lat="43.393277" lon="11.308665"><ele>0</ele></trkpt>
      <trkpt lat="43.393221" lon="11.308713"><ele>0</ele></trkpt>
      <trkpt lat="43.393160" lon="11.308761"><ele>0</ele></trkpt>
      <trkpt lat="43.393100" lon="11.308804"><ele>0</ele></trkpt>
      <trkpt lat="43.393022" lon="11.308854"><ele>0</ele></trkpt>
      <trkpt lat="43.392585" lon="11.309148"><ele>0</ele></trkpt>
      <trkpt lat="43.392118" lon="11.309382"><ele>0</ele></trkpt>
      <trkpt lat="43.392065" lon="11.309416"><ele>0</ele></trkpt>
      <trkpt lat="43.392002" lon="11.309460"><ele>0</ele></trkpt>
      <trkpt lat="43.391963" lon="11.309491"><ele>0</ele></trkpt>
      <trkpt lat="43.391901" lon="11.309545"><ele>0</ele></trkpt>
      <trkpt lat="43.391859" lon="11.309582"><ele>0</ele></trkpt>
      <trkpt lat="43.391808" lon="11.309633"><ele>0</ele></trkpt>
      <trkpt lat="43.391695" lon="11.309758"><ele>0</ele></trkpt>
      <trkpt lat="43.391532" lon="11.309934"><ele>0</ele></trkpt>
      <trkpt lat="43.391479" lon="11.309989"><ele>0</ele></trkpt>
      <trkpt lat="43.391429" lon="11.310030"><ele>0</ele></trkpt>
      <trkpt lat="43.391374" lon="11.310073"><ele>0</ele></trkpt>
      <trkpt lat="43.391317" lon="11.310108"><ele>0</ele></trkpt>
      <trkpt lat="43.391142" lon="11.310219"><ele>0</ele></trkpt>
      <trkpt lat="43.390959" lon="11.310338"><ele>0</ele></trkpt>
      <trkpt lat="43.390781" lon="11.310455"><ele>0</ele></trkpt>
      <trkpt lat="43.390735" lon="11.310476"><ele>0</ele></trkpt>
      <trkpt lat="43.390675" lon="11.310504"><ele>0</ele></trkpt>
      <trkpt lat="43.390643" lon="11.310517"><ele>0</ele></trkpt>
      <trkpt lat="43.390591" lon="11.310527"><ele>0</ele></trkpt>
      <trkpt lat="43.390553" lon="11.310527"><ele>0</ele></trkpt>
      <trkpt lat="43.390516" lon="11.310520"><ele>0</ele></trkpt>
      <trkpt lat="43.390462" lon="11.310509"><ele>0</ele></trkpt>
      <trkpt lat="43.390411" lon="11.310491"><ele>0</ele></trkpt>
      <trkpt lat="43.389934" lon="11.310294"><ele>0</ele></trkpt>
      <trkpt lat="43.389560" lon="11.310157"><ele>0</ele></trkpt>
      <trkpt lat="43.389439" lon="11.310094"><ele>0</ele></trkpt>
      <trkpt lat="43.389327" lon="11.310009"><ele>0</ele></trkpt>
      <trkpt lat="43.389083" lon="11.309719"><ele>0</ele></trkpt>
      <trkpt lat="43.388898" lon="11.309543"><ele>0</ele></trkpt>
      <trkpt lat="43.388475" lon="11.309198"><ele>0</ele></trkpt>
      <trkpt lat="43.388177" lon="11.308909"><ele>0</ele></trkpt>
      <trkpt lat="43.388011" lon="11.308772"><ele>0</ele></trkpt>
      <trkpt lat="43.387973" lon="11.308741"><ele>0</ele></trkpt>
      <trkpt lat="43.387702" lon="11.308519"><ele>0</ele></trkpt>
      <trkpt lat="43.387524" lon="11.308426"><ele>0</ele></trkpt>
      <trkpt lat="43.387400" lon="11.308396"><ele>0</ele></trkpt>
      <trkpt lat="43.387280" lon="11.308424"><ele>0</ele></trkpt>
      <trkpt lat="43.387206" lon="11.308477"><ele>0</ele></trkpt>
      <trkpt lat="43.387179" lon="11.308497"><ele>0</ele></trkpt>
      <trkpt lat="43.387105" lon="11.308567"><ele>0</ele></trkpt>
      <trkpt lat="43.387048" lon="11.308622"><ele>0</ele></trkpt>
      <trkpt lat="43.386472" lon="11.309419"><ele>0</ele></trkpt>
      <trkpt lat="43.386096" lon="11.309885"><ele>0</ele></trkpt>
      <trkpt lat="43.385782" lon="11.310275"><ele>0</ele></trkpt>
      <trkpt lat="43.385554" lon="11.310558"><ele>0</ele></trkpt>
      <trkpt lat="43.385119" lon="11.310960"><ele>0</ele></trkpt>
      <trkpt lat="43.385020" lon="11.311070"><ele>0</ele></trkpt>
      <trkpt lat="43.384923" lon="11.311185"><ele>0</ele></trkpt>
      <trkpt lat="43.384855" lon="11.311269"><ele>0</ele></trkpt>
      <trkpt lat="43.384825" lon="11.311308"><ele>0</ele></trkpt>
      <trkpt lat="43.384808" lon="11.311332"><ele>0</ele></trkpt>
      <trkpt lat="43.384789" lon="11.311361"><ele>0</ele></trkpt>
      <trkpt lat="43.384774" lon="11.311387"><ele>0</ele></trkpt>
      <trkpt lat="43.384755" lon="11.311424"><ele>0</ele></trkpt>
      <trkpt lat="43.384739" lon="11.311466"><ele>0</ele></trkpt>
      <trkpt lat="43.384728" lon="11.311501"><ele>0</ele></trkpt>
      <trkpt lat="43.384717" lon="11.311540"><ele>0</ele></trkpt>
      <trkpt lat="43.384711" lon="11.311573"><ele>0</ele></trkpt>
      <trkpt lat="43.384706" lon="11.311602"><ele>0</ele></trkpt>
      <trkpt lat="43.384703" lon="11.311627"><ele>0</ele></trkpt>
      <trkpt lat="43.384700" lon="11.311658"><ele>0</ele></trkpt>
      <trkpt lat="43.384698" lon="11.311693"><ele>0</ele></trkpt>
      <trkpt lat="43.384698" lon="11.311733"><ele>0</ele></trkpt>
      <trkpt lat="43.384698" lon="11.311764"><ele>0</ele></trkpt>
      <trkpt lat="43.384702" lon="11.311795"><ele>0</ele></trkpt>
      <trkpt lat="43.384706" lon="11.311826"><ele>0</ele></trkpt>
      <trkpt lat="43.384717" lon="11.311891"><ele>0</ele></trkpt>
      <trkpt lat="43.384729" lon="11.311949"><ele>0</ele></trkpt>
      <trkpt lat="43.384858" lon="11.312507"><ele>0</ele></trkpt>
      <trkpt lat="43.384870" lon="11.312589"><ele>0</ele></trkpt>
      <trkpt lat="43.384865" lon="11.312684"><ele>0</ele></trkpt>
      <trkpt lat="43.384843" lon="11.312764"><ele>0</ele></trkpt>
      <trkpt lat="43.384809" lon="11.312832"><ele>0</ele></trkpt>
      <trkpt lat="43.384756" lon="11.312893"><ele>0</ele></trkpt>
      <trkpt lat="43.384689" lon="11.312932"><ele>0</ele></trkpt>
      <trkpt lat="43.384638" lon="11.312942"><ele>0</ele></trkpt>
      <trkpt lat="43.384584" lon="11.312935"><ele>0</ele></trkpt>
      <trkpt lat="43.384521" lon="11.312907"><ele>0</ele></trkpt>
      <trkpt lat="43.384406" lon="11.312781"><ele>0</ele></trkpt>
      <trkpt lat="43.384117" lon="11.312428"><ele>0</ele></trkpt>
      <trkpt lat="43.384003" lon="11.312212"><ele>0</ele></trkpt>
      <trkpt lat="43.383732" lon="11.311462"><ele>0</ele></trkpt>
      <trkpt lat="43.383632" lon="11.311243"><ele>0</ele></trkpt>
      <trkpt lat="43.383599" lon="11.311203"><ele>0</ele></trkpt>
      <trkpt lat="43.383535" lon="11.311139"><ele>0</ele></trkpt>
      <trkpt lat="43.383452" lon="11.311085"><ele>0</ele></trkpt>
      <trkpt lat="43.383309" lon="11.311020"><ele>0</ele></trkpt>
      <trkpt lat="43.382534" lon="11.310772"><ele>0</ele></trkpt>
      <trkpt lat="43.381947" lon="11.310551"><ele>0</ele></trkpt>
      <trkpt lat="43.381204" lon="11.310130"><ele>0</ele></trkpt>
      <trkpt lat="43.380845" lon="11.309877"><ele>0</ele></trkpt>
      <trkpt lat="43.380591" lon="11.309771"><ele>0</ele></trkpt>
      <trkpt lat="43.380417" lon="11.309741"><ele>0</ele></trkpt>
      <trkpt lat="43.380236" lon="11.309736"><ele>0</ele></trkpt>
      <trkpt lat="43.379812" lon="11.309817"><ele>0</ele></trkpt>
      <trkpt lat="43.379586" lon="11.309876"><ele>0</ele></trkpt>
      <trkpt lat="43.379479" lon="11.309904"><ele>0</ele></trkpt>
      <trkpt lat="43.379181" lon="11.309986"><ele>0</ele></trkpt>
      <trkpt lat="43.379119" lon="11.309999"><ele>0</ele></trkpt>
      <trkpt lat="43.379064" lon="11.310005"><ele>0</ele></trkpt>
      <trkpt lat="43.378970" lon="11.309999"><ele>0</ele></trkpt>
      <trkpt lat="43.378810" lon="11.309978"><ele>0</ele></trkpt>
      <trkpt lat="43.378196" lon="11.309843"><ele>0</ele></trkpt>
      <trkpt lat="43.378155" lon="11.309834"><ele>0</ele></trkpt>
      <trkpt lat="43.377681" lon="11.309738"><ele>0</ele></trkpt>
      <trkpt lat="43.377561" lon="11.309709"><ele>0</ele></trkpt>
      <trkpt lat="43.377373" lon="11.309624"><ele>0</ele></trkpt>
      <trkpt lat="43.377108" lon="11.309443"><ele>0</ele></trkpt>
      <trkpt lat="43.377006" lon="11.309376"><ele>0</ele></trkpt>
      <trkpt lat="43.376906" lon="11.309333"><ele>0</ele></trkpt>
      <trkpt lat="43.376768" lon="11.309322"><ele>0</ele></trkpt>
      <trkpt lat="43.376543" lon="11.309326"><ele>0</ele></trkpt>
      <trkpt lat="43.376031" lon="11.309375"><ele>0</ele></trkpt>
      <trkpt lat="43.375592" lon="11.309418"><ele>0</ele></trkpt>
      <trkpt lat="43.374858" lon="11.309460"><ele>0</ele></trkpt>
      <trkpt lat="43.374596" lon="11.309500"><ele>0</ele></trkpt>
      <trkpt lat="43.374305" lon="11.309566"><ele>0</ele></trkpt>
      <trkpt lat="43.373970" lon="11.309653"><ele>0</ele></trkpt>
      <trkpt lat="43.373821" lon="11.309706"><ele>0</ele></trkpt>
      <trkpt lat="43.373761" lon="11.309758"><ele>0</ele></trkpt>
      <trkpt lat="43.373702" lon="11.309834"><ele>0</ele></trkpt>
      <trkpt lat="43.373673" lon="11.309904"><ele>0</ele></trkpt>
      <trkpt lat="43.373647" lon="11.309988"><ele>0</ele></trkpt>
      <trkpt lat="43.373620" lon="11.310119"><ele>0</ele></trkpt>
      <trkpt lat="43.373604" lon="11.310200"><ele>0</ele></trkpt>
      <trkpt lat="43.373594" lon="11.310315"><ele>0</ele></trkpt>
      <trkpt lat="43.373568" lon="11.310588"><ele>0</ele></trkpt>
      <trkpt lat="43.373531" lon="11.310990"><ele>0</ele></trkpt>
      <trkpt lat="43.373501" lon="11.311284"><ele>0</ele></trkpt>
      <trkpt lat="43.373494" lon="11.311336"><ele>0</ele></trkpt>
      <trkpt lat="43.373484" lon="11.311383"><ele>0</ele></trkpt>
      <trkpt lat="43.373472" lon="11.311426"><ele>0</ele></trkpt>
      <trkpt lat="43.373459" lon="11.311465"><ele>0</ele></trkpt>
      <trkpt lat="43.373442" lon="11.311510"><ele>0</ele></trkpt>
      <trkpt lat="43.373423" lon="11.311547"><ele>0</ele></trkpt>
      <trkpt lat="43.373399" lon="11.311584"><ele>0</ele></trkpt>
      <trkpt lat="43.373374" lon="11.311618"><ele>0</ele></trkpt>
      <trkpt lat="43.373331" lon="11.311654"><ele>0</ele></trkpt>
      <trkpt lat="43.373287" lon="11.311682"><ele>0</ele></trkpt>
      <trkpt lat="43.373195" lon="11.311718"><ele>0</ele></trkpt>
      <trkpt lat="43.372634" lon="11.311908"><ele>0</ele></trkpt>
      <trkpt lat="43.372427" lon="11.311983"><ele>0</ele></trkpt>
      <trkpt lat="43.372289" lon="11.312018"><ele>0</ele></trkpt>
      <trkpt lat="43.372247" lon="11.312020"><ele>0</ele></trkpt>
      <trkpt lat="43.372209" lon="11.312015"><ele>0</ele></trkpt>
      <trkpt lat="43.372169" lon="11.311998"><ele>0</ele></trkpt>
      <trkpt lat="43.372135" lon="11.311973"><ele>0</ele></trkpt>
      <trkpt lat="43.372100" lon="11.311950"><ele>0</ele></trkpt>
      <trkpt lat="43.372043" lon="11.311899"><ele>0</ele></trkpt>
      <trkpt lat="43.371954" lon="11.311805"><ele>0</ele></trkpt>
      <trkpt lat="43.371708" lon="11.311531"><ele>0</ele></trkpt>
      <trkpt lat="43.371639" lon="11.311487"><ele>0</ele></trkpt>
      <trkpt lat="43.371544" lon="11.311459"><ele>0</ele></trkpt>
      <trkpt lat="43.371398" lon="11.311483"><ele>0</ele></trkpt>
      <trkpt lat="43.371211" lon="11.311540"><ele>0</ele></trkpt>
      <trkpt lat="43.370957" lon="11.311624"><ele>0</ele></trkpt>
      <trkpt lat="43.370884" lon="11.311672"><ele>0</ele></trkpt>
      <trkpt lat="43.370817" lon="11.311733"><ele>0</ele></trkpt>
      <trkpt lat="43.370764" lon="11.311816"><ele>0</ele></trkpt>
      <trkpt lat="43.370719" lon="11.311970"><ele>0</ele></trkpt>
      <trkpt lat="43.370687" lon="11.312184"><ele>0</ele></trkpt>
      <trkpt lat="43.370648" lon="11.312358"><ele>0</ele></trkpt>
      <trkpt lat="43.370593" lon="11.312492"><ele>0</ele></trkpt>
      <trkpt lat="43.370474" lon="11.312633"><ele>0</ele></trkpt>
      <trkpt lat="43.370362" lon="11.312740"><ele>0</ele></trkpt>
      <trkpt lat="43.370266" lon="11.312822"><ele>0</ele></trkpt>
      <trkpt lat="43.370143" lon="11.312893"><ele>0</ele></trkpt>
      <trkpt lat="43.370031" lon="11.312949"><ele>0</ele></trkpt>
      <trkpt lat="43.369916" lon="11.312988"><ele>0</ele></trkpt>
      <trkpt lat="43.369764" lon="11.313026"><ele>0</ele></trkpt>
      <trkpt lat="43.369508" lon="11.313063"><ele>0</ele></trkpt>
      <trkpt lat="43.369195" lon="11.313061"><ele>0</ele></trkpt>
      <trkpt lat="43.368877" lon="11.313027"><ele>0</ele></trkpt>
      <trkpt lat="43.368125" lon="11.312947"><ele>0</ele></trkpt>
      <trkpt lat="43.367940" lon="11.312960"><ele>0</ele></trkpt>
      <trkpt lat="43.367645" lon="11.313041"><ele>0</ele></trkpt>
      <trkpt lat="43.367329" lon="11.313136"><ele>0</ele></trkpt>
      <trkpt lat="43.367194" lon="11.313157"><ele>0</ele></trkpt>
      <trkpt lat="43.367048" lon="11.313144"><ele>0</ele></trkpt>
      <trkpt lat="43.366908" lon="11.313081"><ele>0</ele></trkpt>
      <trkpt lat="43.366573" lon="11.312922"><ele>0</ele></trkpt>
      <trkpt lat="43.366261" lon="11.312829"><ele>0</ele></trkpt>
      <trkpt lat="43.365938" lon="11.312767"><ele>0</ele></trkpt>
      <trkpt lat="43.365462" lon="11.312685"><ele>0</ele></trkpt>
      <trkpt lat="43.364994" lon="11.312652"><ele>0</ele></trkpt>
      <trkpt lat="43.364834" lon="11.312641"><ele>0</ele></trkpt>
      <trkpt lat="43.364283" lon="11.312622"><ele>0</ele></trkpt>
      <trkpt lat="43.364096" lon="11.312578"><ele>0</ele></trkpt>
      <trkpt lat="43.363935" lon="11.312526"><ele>0</ele></trkpt>
      <trkpt lat="43.363831" lon="11.312480"><ele>0</ele></trkpt>
      <trkpt lat="43.363725" lon="11.312411"><ele>0</ele></trkpt>
      <trkpt lat="43.363598" lon="11.312262"><ele>0</ele></trkpt>
      <trkpt lat="43.363409" lon="11.312019"><ele>0</ele></trkpt>
      <trkpt lat="43.363147" lon="11.311825"><ele>0</ele></trkpt>
      <trkpt lat="43.363026" lon="11.311785"><ele>0</ele></trkpt>
      <trkpt lat="43.362893" lon="11.311781"><ele>0</ele></trkpt>
      <trkpt lat="43.362649" lon="11.311823"><ele>0</ele></trkpt>
      <trkpt lat="43.362258" lon="11.311997"><ele>0</ele></trkpt>
      <trkpt lat="43.362215" lon="11.312026"><ele>0</ele></trkpt>
      <trkpt lat="43.362143" lon="11.312066"><ele>0</ele></trkpt>
      <trkpt lat="43.362072" lon="11.312120"><ele>0</ele></trkpt>
      <trkpt lat="43.361611" lon="11.312407"><ele>0</ele></trkpt>
      <trkpt lat="43.361429" lon="11.312515"><ele>0</ele></trkpt>
      <trkpt lat="43.361292" lon="11.312604"><ele>0</ele></trkpt>
      <trkpt lat="43.361207" lon="11.312663"><ele>0</ele></trkpt>
      <trkpt lat="43.361119" lon="11.312731"><ele>0</ele></trkpt>
      <trkpt lat="43.360897" lon="11.312940"><ele>0</ele></trkpt>
      <trkpt lat="43.360773" lon="11.313060"><ele>0</ele></trkpt>
      <trkpt lat="43.360692" lon="11.313139"><ele>0</ele></trkpt>
      <trkpt lat="43.360629" lon="11.313200"><ele>0</ele></trkpt>
      <trkpt lat="43.360527" lon="11.313260"><ele>0</ele></trkpt>
      <trkpt lat="43.360378" lon="11.313362"><ele>0</ele></trkpt>
      <trkpt lat="43.360259" lon="11.313444"><ele>0</ele></trkpt>
      <trkpt lat="43.360168" lon="11.313514"><ele>0</ele></trkpt>
      <trkpt lat="43.360143" lon="11.313535"><ele>0</ele></trkpt>
      <trkpt lat="43.360092" lon="11.313578"><ele>0</ele></trkpt>
      <trkpt lat="43.360028" lon="11.313642"><ele>0</ele></trkpt>
      <trkpt lat="43.360000" lon="11.313675"><ele>0</ele></trkpt>
      <trkpt lat="43.359973" lon="11.313710"><ele>0</ele></trkpt>
      <trkpt lat="43.359946" lon="11.313753"><ele>0</ele></trkpt>
      <trkpt lat="43.359910" lon="11.313812"><ele>0</ele></trkpt>
      <trkpt lat="43.359726" lon="11.314031"><ele>0</ele></trkpt>
      <trkpt lat="43.359609" lon="11.314171"><ele>0</ele></trkpt>
      <trkpt lat="43.359492" lon="11.314309"><ele>0</ele></trkpt>
      <trkpt lat="43.359419" lon="11.314380"><ele>0</ele></trkpt>
      <trkpt lat="43.359346" lon="11.314445"><ele>0</ele></trkpt>
      <trkpt lat="43.359287" lon="11.314490"><ele>0</ele></trkpt>
      <trkpt lat="43.359212" lon="11.314543"><ele>0</ele></trkpt>
      <trkpt lat="43.359141" lon="11.314590"><ele>0</ele></trkpt>
      <trkpt lat="43.359085" lon="11.314621"><ele>0</ele></trkpt>
      <trkpt lat="43.359014" lon="11.314653"><ele>0</ele></trkpt>
      <trkpt lat="43.358959" lon="11.314672"><ele>0</ele></trkpt>
      <trkpt lat="43.358865" lon="11.314700"><ele>0</ele></trkpt>
      <trkpt lat="43.358730" lon="11.314722"><ele>0</ele></trkpt>
      <trkpt lat="43.358594" lon="11.314729"><ele>0</ele></trkpt>
      <trkpt lat="43.358440" lon="11.314732"><ele>0</ele></trkpt>
      <trkpt lat="43.358376" lon="11.314737"><ele>0</ele></trkpt>
      <trkpt lat="43.358313" lon="11.314741"><ele>0</ele></trkpt>
      <trkpt lat="43.358192" lon="11.314742"><ele>0</ele></trkpt>
      <trkpt lat="43.357764" lon="11.314745"><ele>0</ele></trkpt>
      <trkpt lat="43.357158" lon="11.314718"><ele>0</ele></trkpt>
      <trkpt lat="43.356587" lon="11.314708"><ele>0</ele></trkpt>
      <trkpt lat="43.356494" lon="11.314709"><ele>0</ele></trkpt>
      <trkpt lat="43.356444" lon="11.314706"><ele>0</ele></trkpt>
      <trkpt lat="43.356396" lon="11.314699"><ele>0</ele></trkpt>
      <trkpt lat="43.356348" lon="11.314689"><ele>0</ele></trkpt>
      <trkpt lat="43.356291" lon="11.314670"><ele>0</ele></trkpt>
      <trkpt lat="43.356235" lon="11.314649"><ele>0</ele></trkpt>
      <trkpt lat="43.356160" lon="11.314615"><ele>0</ele></trkpt>
      <trkpt lat="43.356079" lon="11.314576"><ele>0</ele></trkpt>
      <trkpt lat="43.355942" lon="11.314500"><ele>0</ele></trkpt>
      <trkpt lat="43.355652" lon="11.314334"><ele>0</ele></trkpt>
      <trkpt lat="43.355323" lon="11.314134"><ele>0</ele></trkpt>
      <trkpt lat="43.355007" lon="11.313951"><ele>0</ele></trkpt>
      <trkpt lat="43.354932" lon="11.313905"><ele>0</ele></trkpt>
      <trkpt lat="43.354485" lon="11.313641"><ele>0</ele></trkpt>
      <trkpt lat="43.354326" lon="11.313547"><ele>0</ele></trkpt>
      <trkpt lat="43.354171" lon="11.313454"><ele>0</ele></trkpt>
      <trkpt lat="43.354134" lon="11.313434"><ele>0</ele></trkpt>
      <trkpt lat="43.354109" lon="11.313420"><ele>0</ele></trkpt>
      <trkpt lat="43.353997" lon="11.313356"><ele>0</ele></trkpt>
      <trkpt lat="43.353947" lon="11.313330"><ele>0</ele></trkpt>
      <trkpt lat="43.353907" lon="11.313312"><ele>0</ele></trkpt>
      <trkpt lat="43.353750" lon="11.313240"><ele>0</ele></trkpt>
      <trkpt lat="43.353658" lon="11.313207"><ele>0</ele></trkpt>
      <trkpt lat="43.353574" lon="11.313180"><ele>0</ele></trkpt>
      <trkpt lat="43.353441" lon="11.313145"><ele>0</ele></trkpt>
      <trkpt lat="43.353297" lon="11.313112"><ele>0</ele></trkpt>
      <trkpt lat="43.353148" lon="11.313074"><ele>0</ele></trkpt>
      <trkpt lat="43.352873" lon="11.313016"><ele>0</ele></trkpt>
      <trkpt lat="43.352560" lon="11.312946"><ele>0</ele></trkpt>
      <trkpt lat="43.352349" lon="11.312907"><ele>0</ele></trkpt>
      <trkpt lat="43.352184" lon="11.312882"><ele>0</ele></trkpt>
      <trkpt lat="43.352111" lon="11.312872"><ele>0</ele></trkpt>
      <trkpt lat="43.352038" lon="11.312868"><ele>0</ele></trkpt>
      <trkpt lat="43.351977" lon="11.312869"><ele>0</ele></trkpt>
      <trkpt lat="43.351869" lon="11.312885"><ele>0</ele></trkpt>
      <trkpt lat="43.351810" lon="11.312891"><ele>0</ele></trkpt>
      <trkpt lat="43.351754" lon="11.312890"><ele>0</ele></trkpt>
      <trkpt lat="43.351699" lon="11.312882"><ele>0</ele></trkpt>
      <trkpt lat="43.351631" lon="11.312860"><ele>0</ele></trkpt>
      <trkpt lat="43.351546" lon="11.312824"><ele>0</ele></trkpt>
      <trkpt lat="43.351387" lon="11.312753"><ele>0</ele></trkpt>
      <trkpt lat="43.351297" lon="11.312722"><ele>0</ele></trkpt>
      <trkpt lat="43.351203" lon="11.312694"><ele>0</ele></trkpt>
      <trkpt lat="43.350775" lon="11.312587"><ele>0</ele></trkpt>
      <trkpt lat="43.350349" lon="11.312492"><ele>0</ele></trkpt>
      <trkpt lat="43.349935" lon="11.312393"><ele>0</ele></trkpt>
      <trkpt lat="43.349894" lon="11.312385"><ele>0</ele></trkpt>
      <trkpt lat="43.349843" lon="11.312374"><ele>0</ele></trkpt>
      <trkpt lat="43.349810" lon="11.312371"><ele>0</ele></trkpt>
      <trkpt lat="43.349776" lon="11.312371"><ele>0</ele></trkpt>
      <trkpt lat="43.349742" lon="11.312375"><ele>0</ele></trkpt>
      <trkpt lat="43.349706" lon="11.312385"><ele>0</ele></trkpt>
      <trkpt lat="43.349669" lon="11.312399"><ele>0</ele></trkpt>
      <trkpt lat="43.349598" lon="11.312403"><ele>0</ele></trkpt>
      <trkpt lat="43.349546" lon="11.312412"><ele>0</ele></trkpt>
      <trkpt lat="43.349513" lon="11.312415"><ele>0</ele></trkpt>
      <trkpt lat="43.349480" lon="11.312415"><ele>0</ele></trkpt>
      <trkpt lat="43.349438" lon="11.312407"><ele>0</ele></trkpt>
      <trkpt lat="43.349387" lon="11.312390"><ele>0</ele></trkpt>
      <trkpt lat="43.349349" lon="11.312353"><ele>0</ele></trkpt>
      <trkpt lat="43.349306" lon="11.312329"><ele>0</ele></trkpt>
      <trkpt lat="43.349259" lon="11.312319"><ele>0</ele></trkpt>
      <trkpt lat="43.349217" lon="11.312323"><ele>0</ele></trkpt>
      <trkpt lat="43.349176" lon="11.312339"><ele>0</ele></trkpt>
      <trkpt lat="43.349115" lon="11.312392"><ele>0</ele></trkpt>
      <trkpt lat="43.349071" lon="11.312470"><ele>0</ele></trkpt>
      <trkpt lat="43.349050" lon="11.312565"><ele>0</ele></trkpt>
      <trkpt lat="43.349050" lon="11.312638"><ele>0</ele></trkpt>
      <trkpt lat="43.349020" lon="11.312782"><ele>0</ele></trkpt>
      <trkpt lat="43.349001" lon="11.312852"><ele>0</ele></trkpt>
      <trkpt lat="43.348983" lon="11.312906"><ele>0</ele></trkpt>
      <trkpt lat="43.348959" lon="11.312960"><ele>0</ele></trkpt>
      <trkpt lat="43.348916" lon="11.313033"><ele>0</ele></trkpt>
      <trkpt lat="43.348853" lon="11.313131"><ele>0</ele></trkpt>
      <trkpt lat="43.348795" lon="11.313198"><ele>0</ele></trkpt>
      <trkpt lat="43.348667" lon="11.313344"><ele>0</ele></trkpt>
      <trkpt lat="43.348581" lon="11.313440"><ele>0</ele></trkpt>
      <trkpt lat="43.348540" lon="11.313482"><ele>0</ele></trkpt>
      <trkpt lat="43.348501" lon="11.313518"><ele>0</ele></trkpt>
      <trkpt lat="43.348461" lon="11.313550"><ele>0</ele></trkpt>
      <trkpt lat="43.348422" lon="11.313573"><ele>0</ele></trkpt>
      <trkpt lat="43.348385" lon="11.313592"><ele>0</ele></trkpt>
      <trkpt lat="43.348340" lon="11.313607"><ele>0</ele></trkpt>
      <trkpt lat="43.348293" lon="11.313615"><ele>0</ele></trkpt>
      <trkpt lat="43.348236" lon="11.313616"><ele>0</ele></trkpt>
      <trkpt lat="43.348174" lon="11.313612"><ele>0</ele></trkpt>
      <trkpt lat="43.348066" lon="11.313604"><ele>0</ele></trkpt>
      <trkpt lat="43.347737" lon="11.313574"><ele>0</ele></trkpt>
      <trkpt lat="43.347591" lon="11.313564"><ele>0</ele></trkpt>
      <trkpt lat="43.347242" lon="11.313532"><ele>0</ele></trkpt>
      <trkpt lat="43.347177" lon="11.313528"><ele>0</ele></trkpt>
      <trkpt lat="43.346697" lon="11.313482"><ele>0</ele></trkpt>
      <trkpt lat="43.346654" lon="11.313478"><ele>0</ele></trkpt>
      <trkpt lat="43.346623" lon="11.313475"><ele>0</ele></trkpt>
      <trkpt lat="43.346550" lon="11.313469"><ele>0</ele></trkpt>
      <trkpt lat="43.346489" lon="11.313470"><ele>0</ele></trkpt>
      <trkpt lat="43.346414" lon="11.313473"><ele>0</ele></trkpt>
      <trkpt lat="43.346125" lon="11.313489"><ele>0</ele></trkpt>
      <trkpt lat="43.345445" lon="11.313557"><ele>0</ele></trkpt>
      <trkpt lat="43.345399" lon="11.313563"><ele>0</ele></trkpt>
      <trkpt lat="43.345354" lon="11.313572"><ele>0</ele></trkpt>
      <trkpt lat="43.345308" lon="11.313584"><ele>0</ele></trkpt>
      <trkpt lat="43.345258" lon="11.313600"><ele>0</ele></trkpt>
      <trkpt lat="43.345200" lon="11.313622"><ele>0</ele></trkpt>
      <trkpt lat="43.345029" lon="11.313715"><ele>0</ele></trkpt>
      <trkpt lat="43.344858" lon="11.313828"><ele>0</ele></trkpt>
      <trkpt lat="43.343838" lon="11.314617"><ele>0</ele></trkpt>
      <trkpt lat="43.343535" lon="11.314859"><ele>0</ele></trkpt>
      <trkpt lat="43.343410" lon="11.314952"><ele>0</ele></trkpt>
      <trkpt lat="43.343343" lon="11.314999"><ele>0</ele></trkpt>
      <trkpt lat="43.343293" lon="11.315029"><ele>0</ele></trkpt>
      <trkpt lat="43.343248" lon="11.315049"><ele>0</ele></trkpt>
      <trkpt lat="43.343202" lon="11.315063"><ele>0</ele></trkpt>
      <trkpt lat="43.342924" lon="11.315153"><ele>0</ele></trkpt>
      <trkpt lat="43.341941" lon="11.315517"><ele>0</ele></trkpt>
      <trkpt lat="43.341621" lon="11.315636"><ele>0</ele></trkpt>
      <trkpt lat="43.341448" lon="11.315703"><ele>0</ele></trkpt>
      <trkpt lat="43.341237" lon="11.315784"><ele>0</ele></trkpt>
      <trkpt lat="43.341095" lon="11.315835"><ele>0</ele></trkpt>
      <trkpt lat="43.341075" lon="11.315851"><ele>0</ele></trkpt>
      <trkpt lat="43.341060" lon="11.315870"><ele>0</ele></trkpt>
      <trkpt lat="43.341044" lon="11.315899"><ele>0</ele></trkpt>
      <trkpt lat="43.341031" lon="11.315894"><ele>0</ele></trkpt>
      <trkpt lat="43.341012" lon="11.315892"><ele>0</ele></trkpt>
      <trkpt lat="43.340993" lon="11.315893"><ele>0</ele></trkpt>
      <trkpt lat="43.340950" lon="11.315911"><ele>0</ele></trkpt>
      <trkpt lat="43.340917" lon="11.315931"><ele>0</ele></trkpt>
      <trkpt lat="43.340907" lon="11.315939"><ele>0</ele></trkpt>
      <trkpt lat="43.340881" lon="11.315969"><ele>0</ele></trkpt>
      <trkpt lat="43.340858" lon="11.316006"><ele>0</ele></trkpt>
      <trkpt lat="43.340839" lon="11.316044"><ele>0</ele></trkpt>
      <trkpt lat="43.340798" lon="11.316071"><ele>0</ele></trkpt>
      <trkpt lat="43.340759" lon="11.316096"><ele>0</ele></trkpt>
      <trkpt lat="43.340679" lon="11.316138"><ele>0</ele></trkpt>
      <trkpt lat="43.340622" lon="11.316159"><ele>0</ele></trkpt>
      <trkpt lat="43.340548" lon="11.316180"><ele>0</ele></trkpt>
      <trkpt lat="43.340455" lon="11.316206"><ele>0</ele></trkpt>
      <trkpt lat="43.338210" lon="11.316343"><ele>0</ele></trkpt>
      <trkpt lat="43.338104" lon="11.316355"><ele>0</ele></trkpt>
      <trkpt lat="43.337997" lon="11.316374"><ele>0</ele></trkpt>
      <trkpt lat="43.337908" lon="11.316393"><ele>0</ele></trkpt>
      <trkpt lat="43.337819" lon="11.316414"><ele>0</ele></trkpt>
      <trkpt lat="43.337596" lon="11.316471"><ele>0</ele></trkpt>
      <trkpt lat="43.337495" lon="11.316501"><ele>0</ele></trkpt>
      <trkpt lat="43.337387" lon="11.316539"><ele>0</ele></trkpt>
      <trkpt lat="43.337308" lon="11.316567"><ele>0</ele></trkpt>
      <trkpt lat="43.337229" lon="11.316598"><ele>0</ele></trkpt>
      <trkpt lat="43.337141" lon="11.316636"><ele>0</ele></trkpt>
      <trkpt lat="43.337018" lon="11.316692"><ele>0</ele></trkpt>
      <trkpt lat="43.336903" lon="11.316751"><ele>0</ele></trkpt>
      <trkpt lat="43.336754" lon="11.316835"><ele>0</ele></trkpt>
      <trkpt lat="43.336611" lon="11.316918"><ele>0</ele></trkpt>
      <trkpt lat="43.336468" lon="11.317013"><ele>0</ele></trkpt>
      <trkpt lat="43.336323" lon="11.317115"><ele>0</ele></trkpt>
      <trkpt lat="43.336262" lon="11.317161"><ele>0</ele></trkpt>
      <trkpt lat="43.336192" lon="11.317215"><ele>0</ele></trkpt>
      <trkpt lat="43.336118" lon="11.317277"><ele>0</ele></trkpt>
      <trkpt lat="43.336015" lon="11.317364"><ele>0</ele></trkpt>
      <trkpt lat="43.335926" lon="11.317447"><ele>0</ele></trkpt>
      <trkpt lat="43.335818" lon="11.317554"><ele>0</ele></trkpt>
      <trkpt lat="43.335716" lon="11.317660"><ele>0</ele></trkpt>
      <trkpt lat="43.335628" lon="11.317758"><ele>0</ele></trkpt>
      <trkpt lat="43.335564" lon="11.317835"><ele>0</ele></trkpt>
      <trkpt lat="43.335492" lon="11.317924"><ele>0</ele></trkpt>
      <trkpt lat="43.335371" lon="11.318079"><ele>0</ele></trkpt>
      <trkpt lat="43.335235" lon="11.318262"><ele>0</ele></trkpt>
      <trkpt lat="43.334758" lon="11.318932"><ele>0</ele></trkpt>
      <trkpt lat="43.334736" lon="11.318963"><ele>0</ele></trkpt>
      <trkpt lat="43.334708" lon="11.319001"><ele>0</ele></trkpt>
      <trkpt lat="43.334682" lon="11.319033"><ele>0</ele></trkpt>
      <trkpt lat="43.334655" lon="11.319068"><ele>0</ele></trkpt>
      <trkpt lat="43.334630" lon="11.319098"><ele>0</ele></trkpt>
      <trkpt lat="43.334566" lon="11.319147"><ele>0</ele></trkpt>
      <trkpt lat="43.334535" lon="11.319170"><ele>0</ele></trkpt>
      <trkpt lat="43.334503" lon="11.319188"><ele>0</ele></trkpt>
      <trkpt lat="43.334476" lon="11.319199"><ele>0</ele></trkpt>
      <trkpt lat="43.334450" lon="11.319206"><ele>0</ele></trkpt>
      <trkpt lat="43.334418" lon="11.319210"><ele>0</ele></trkpt>
      <trkpt lat="43.334387" lon="11.319210"><ele>0</ele></trkpt>
      <trkpt lat="43.334363" lon="11.319206"><ele>0</ele></trkpt>
      <trkpt lat="43.334340" lon="11.319200"><ele>0</ele></trkpt>
      <trkpt lat="43.334311" lon="11.319193"><ele>0</ele></trkpt>
      <trkpt lat="43.334271" lon="11.319181"><ele>0</ele></trkpt>
      <trkpt lat="43.334248" lon="11.319139"><ele>0</ele></trkpt>
      <trkpt lat="43.334223" lon="11.319101"><ele>0</ele></trkpt>
      <trkpt lat="43.334199" lon="11.319076"><ele>0</ele></trkpt>
      <trkpt lat="43.334173" lon="11.319059"><ele>0</ele></trkpt>
      <trkpt lat="43.334126" lon="11.319046"><ele>0</ele></trkpt>
      <trkpt lat="43.334083" lon="11.319044"><ele>0</ele></trkpt>
      <trkpt lat="43.334045" lon="11.319054"><ele>0</ele></trkpt>
      <trkpt lat="43.334008" lon="11.319074"><ele>0</ele></trkpt>
      <trkpt lat="43.333962" lon="11.319106"><ele>0</ele></trkpt>
      <trkpt lat="43.333466" lon="11.319859"><ele>0</ele></trkpt>
      <trkpt lat="43.333438" lon="11.319919"><ele>0</ele></trkpt>
      <trkpt lat="43.333421" lon="11.319975"><ele>0</ele></trkpt>
      <trkpt lat="43.333412" lon="11.320020"><ele>0</ele></trkpt>
      <trkpt lat="43.333409" lon="11.320063"><ele>0</ele></trkpt>
      <trkpt lat="43.333410" lon="11.320123"><ele>0</ele></trkpt>
      <trkpt lat="43.333418" lon="11.320154"><ele>0</ele></trkpt>
      <trkpt lat="43.333429" lon="11.320184"><ele>0</ele></trkpt>
      <trkpt lat="43.333433" lon="11.320271"><ele>0</ele></trkpt>
      <trkpt lat="43.333435" lon="11.320332"><ele>0</ele></trkpt>
      <trkpt lat="43.333433" lon="11.320392"><ele>0</ele></trkpt>
      <trkpt lat="43.333424" lon="11.320468"><ele>0</ele></trkpt>
      <trkpt lat="43.333405" lon="11.320594"><ele>0</ele></trkpt>
      <trkpt lat="43.333349" lon="11.320721"><ele>0</ele></trkpt>
      <trkpt lat="43.333295" lon="11.320856"><ele>0</ele></trkpt>
      <trkpt lat="43.333242" lon="11.320996"><ele>0</ele></trkpt>
      <trkpt lat="43.333196" lon="11.321122"><ele>0</ele></trkpt>
      <trkpt lat="43.333162" lon="11.321219"><ele>0</ele></trkpt>
      <trkpt lat="43.333129" lon="11.321316"><ele>0</ele></trkpt>
      <trkpt lat="43.333097" lon="11.321415"><ele>0</ele></trkpt>
      <trkpt lat="43.332959" lon="11.321859"><ele>0</ele></trkpt>
      <trkpt lat="43.332587" lon="11.323075"><ele>0</ele></trkpt>
      <trkpt lat="43.332370" lon="11.323788"><ele>0</ele></trkpt>
      <trkpt lat="43.332203" lon="11.324332"><ele>0</ele></trkpt>
      <trkpt lat="43.331876" lon="11.325398"><ele>0</ele></trkpt>
      <trkpt lat="43.331846" lon="11.325484"><ele>0</ele></trkpt>
      <trkpt lat="43.331838" lon="11.325509"><ele>0</ele></trkpt>
      <trkpt lat="43.331808" lon="11.325543"><ele>0</ele></trkpt>
      <trkpt lat="43.331798" lon="11.325556"><ele>0</ele></trkpt>
      <trkpt lat="43.331785" lon="11.325578"><ele>0</ele></trkpt>
      <trkpt lat="43.331768" lon="11.325613"><ele>0</ele></trkpt>
      <trkpt lat="43.331732" lon="11.325688"><ele>0</ele></trkpt>
      <trkpt lat="43.331705" lon="11.325741"><ele>0</ele></trkpt>
      <trkpt lat="43.331681" lon="11.325781"><ele>0</ele></trkpt>
      <trkpt lat="43.331657" lon="11.325812"><ele>0</ele></trkpt>
      <trkpt lat="43.331557" lon="11.325937"><ele>0</ele></trkpt>
      <trkpt lat="43.331455" lon="11.326038"><ele>0</ele></trkpt>
      <trkpt lat="43.331424" lon="11.326068"><ele>0</ele></trkpt>
      <trkpt lat="43.331399" lon="11.326106"><ele>0</ele></trkpt>
      <trkpt lat="43.331387" lon="11.326135"><ele>0</ele></trkpt>
      <trkpt lat="43.331358" lon="11.326178"><ele>0</ele></trkpt>
      <trkpt lat="43.331318" lon="11.326252"><ele>0</ele></trkpt>
      <trkpt lat="43.331301" lon="11.326284"><ele>0</ele></trkpt>
      <trkpt lat="43.331286" lon="11.326306"><ele>0</ele></trkpt>
      <trkpt lat="43.331270" lon="11.326327"><ele>0</ele></trkpt>
      <trkpt lat="43.331251" lon="11.326347"><ele>0</ele></trkpt>
      <trkpt lat="43.331230" lon="11.326363"><ele>0</ele></trkpt>
      <trkpt lat="43.331214" lon="11.326372"><ele>0</ele></trkpt>
      <trkpt lat="43.331194" lon="11.326381"><ele>0</ele></trkpt>
      <trkpt lat="43.331174" lon="11.326388"><ele>0</ele></trkpt>
      <trkpt lat="43.331156" lon="11.326393"><ele>0</ele></trkpt>
      <trkpt lat="43.331136" lon="11.326394"><ele>0</ele></trkpt>
      <trkpt lat="43.331115" lon="11.326394"><ele>0</ele></trkpt>
      <trkpt lat="43.331088" lon="11.326392"><ele>0</ele></trkpt>
      <trkpt lat="43.331073" lon="11.326391"><ele>0</ele></trkpt>
      <trkpt lat="43.331057" lon="11.326389"><ele>0</ele></trkpt>
      <trkpt lat="43.331042" lon="11.326385"><ele>0</ele></trkpt>
      <trkpt lat="43.331028" lon="11.326381"><ele>0</ele></trkpt>
      <trkpt lat="43.331011" lon="11.326375"><ele>0</ele></trkpt>
      <trkpt lat="43.330996" lon="11.326368"><ele>0</ele></trkpt>
      <trkpt lat="43.330977" lon="11.326357"><ele>0</ele></trkpt>
      <trkpt lat="43.330936" lon="11.326330"><ele>0</ele></trkpt>
      <trkpt lat="43.330813" lon="11.326246"><ele>0</ele></trkpt>
      <trkpt lat="43.330355" lon="11.325953"><ele>0</ele></trkpt>
      <trkpt lat="43.330343" lon="11.325944"><ele>0</ele></trkpt>
      <trkpt lat="43.330328" lon="11.325929"><ele>0</ele></trkpt>
      <trkpt lat="43.330287" lon="11.325879"><ele>0</ele></trkpt>
      <trkpt lat="43.330244" lon="11.325816"><ele>0</ele></trkpt>
      <trkpt lat="43.330238" lon="11.325760"><ele>0</ele></trkpt>
      <trkpt lat="43.330225" lon="11.325714"><ele>0</ele></trkpt>
      <trkpt lat="43.330187" lon="11.325653"><ele>0</ele></trkpt>
      <trkpt lat="43.330136" lon="11.325612"><ele>0</ele></trkpt>
      <trkpt lat="43.330079" lon="11.325594"><ele>0</ele></trkpt>
      <trkpt lat="43.330024" lon="11.325600"><ele>0</ele></trkpt>
      <trkpt lat="43.329973" lon="11.325628"><ele>0</ele></trkpt>
      <trkpt lat="43.329936" lon="11.325670"><ele>0</ele></trkpt>
      <trkpt lat="43.329910" lon="11.325734"><ele>0</ele></trkpt>
      <trkpt lat="43.329899" lon="11.325800"><ele>0</ele></trkpt>
      <trkpt lat="43.329903" lon="11.325867"><ele>0</ele></trkpt>
      <trkpt lat="43.329923" lon="11.325929"><ele>0</ele></trkpt>
      <trkpt lat="43.329948" lon="11.325974"><ele>0</ele></trkpt>
      <trkpt lat="43.329979" lon="11.326012"><ele>0</ele></trkpt>
      <trkpt lat="43.330006" lon="11.326036"><ele>0</ele></trkpt>
      <trkpt lat="43.330059" lon="11.326057"><ele>0</ele></trkpt>
      <trkpt lat="43.330049" lon="11.326112"><ele>0</ele></trkpt>
      <trkpt lat="43.330040" lon="11.326157"><ele>0</ele></trkpt>
      <trkpt lat="43.330026" lon="11.326204"><ele>0</ele></trkpt>
      <trkpt lat="43.330011" lon="11.326242"><ele>0</ele></trkpt>
      <trkpt lat="43.329961" lon="11.326368"><ele>0</ele></trkpt>
      <trkpt lat="43.329816" lon="11.326724"><ele>0</ele></trkpt>
      <trkpt lat="43.329793" lon="11.326782"><ele>0</ele></trkpt>
      <trkpt lat="43.329768" lon="11.326853"><ele>0</ele></trkpt>
      <trkpt lat="43.329739" lon="11.326940"><ele>0</ele></trkpt>
      <trkpt lat="43.329709" lon="11.327002"><ele>0</ele></trkpt>
      <trkpt lat="43.329677" lon="11.327060"><ele>0</ele></trkpt>
      <trkpt lat="43.329650" lon="11.327108"><ele>0</ele></trkpt>
      <trkpt lat="43.329622" lon="11.327156"><ele>0</ele></trkpt>
      <trkpt lat="43.329564" lon="11.327252"><ele>0</ele></trkpt>
      <trkpt lat="43.329506" lon="11.327345"><ele>0</ele></trkpt>
      <trkpt lat="43.329455" lon="11.327423"><ele>0</ele></trkpt>
      <trkpt lat="43.329407" lon="11.327497"><ele>0</ele></trkpt>
      <trkpt lat="43.329343" lon="11.327587"><ele>0</ele></trkpt>
      <trkpt lat="43.329281" lon="11.327676"><ele>0</ele></trkpt>
      <trkpt lat="43.329085" lon="11.327955"><ele>0</ele></trkpt>
      <trkpt lat="43.328965" lon="11.328136"><ele>0</ele></trkpt>
      <trkpt lat="43.328828" lon="11.328348"><ele>0</ele></trkpt>
      <trkpt lat="43.328721" lon="11.328519"><ele>0</ele></trkpt>
      <trkpt lat="43.328617" lon="11.328689"><ele>0</ele></trkpt>
      <trkpt lat="43.328524" lon="11.328847"><ele>0</ele></trkpt>
      <trkpt lat="43.328433" lon="11.329009"><ele>0</ele></trkpt>
      <trkpt lat="43.328403" lon="11.329067"><ele>0</ele></trkpt>
      <trkpt lat="43.328369" lon="11.329134"><ele>0</ele></trkpt>
      <trkpt lat="43.328332" lon="11.329213"><ele>0</ele></trkpt>
      <trkpt lat="43.328075" lon="11.329763"><ele>0</ele></trkpt>
      <trkpt lat="43.327911" lon="11.330113"><ele>0</ele></trkpt>
      <trkpt lat="43.327854" lon="11.330238"><ele>0</ele></trkpt>
      <trkpt lat="43.327801" lon="11.330355"><ele>0</ele></trkpt>
      <trkpt lat="43.327761" lon="11.330444"><ele>0</ele></trkpt>
      <trkpt lat="43.327733" lon="11.330509"><ele>0</ele></trkpt>
      <trkpt lat="43.327697" lon="11.330595"><ele>0</ele></trkpt>
      <trkpt lat="43.327661" lon="11.330686"><ele>0</ele></trkpt>
      <trkpt lat="43.327629" lon="11.330775"><ele>0</ele></trkpt>
      <trkpt lat="43.327596" lon="11.330869"><ele>0</ele></trkpt>
      <trkpt lat="43.327559" lon="11.330977"><ele>0</ele></trkpt>
      <trkpt lat="43.327523" lon="11.331092"><ele>0</ele></trkpt>
      <trkpt lat="43.327456" lon="11.331306"><ele>0</ele></trkpt>
      <trkpt lat="43.327429" lon="11.331360"><ele>0</ele></trkpt>
      <trkpt lat="43.327411" lon="11.331404"><ele>0</ele></trkpt>
      <trkpt lat="43.327392" lon="11.331459"><ele>0</ele></trkpt>
      <trkpt lat="43.327378" lon="11.331509"><ele>0</ele></trkpt>
      <trkpt lat="43.327365" lon="11.331570"><ele>0</ele></trkpt>
      <trkpt lat="43.327357" lon="11.331623"><ele>0</ele></trkpt>
      <trkpt lat="43.327350" lon="11.331685"><ele>0</ele></trkpt>
      <trkpt lat="43.327346" lon="11.331731"><ele>0</ele></trkpt>
      <trkpt lat="43.327343" lon="11.331789"><ele>0</ele></trkpt>
      <trkpt lat="43.327339" lon="11.331821"><ele>0</ele></trkpt>
      <trkpt lat="43.327333" lon="11.331848"><ele>0</ele></trkpt>
      <trkpt lat="43.327323" lon="11.331878"><ele>0</ele></trkpt>
      <trkpt lat="43.327301" lon="11.331948"><ele>0</ele></trkpt>
      <trkpt lat="43.327283" lon="11.331984"><ele>0</ele></trkpt>
      <trkpt lat="43.327269" lon="11.332017"><ele>0</ele></trkpt>
      <trkpt lat="43.327258" lon="11.332050"><ele>0</ele></trkpt>
      <trkpt lat="43.327253" lon="11.332077"><ele>0</ele></trkpt>
      <trkpt lat="43.327201" lon="11.332167"><ele>0</ele></trkpt>
      <trkpt lat="43.327173" lon="11.332229"><ele>0</ele></trkpt>
      <trkpt lat="43.327137" lon="11.332321"><ele>0</ele></trkpt>
      <trkpt lat="43.327098" lon="11.332447"><ele>0</ele></trkpt>
      <trkpt lat="43.327035" lon="11.332666"><ele>0</ele></trkpt>
      <trkpt lat="43.326966" lon="11.332911"><ele>0</ele></trkpt>
      <trkpt lat="43.326791" lon="11.333563"><ele>0</ele></trkpt>
      <trkpt lat="43.326759" lon="11.333669"><ele>0</ele></trkpt>
      <trkpt lat="43.326745" lon="11.333706"><ele>0</ele></trkpt>
      <trkpt lat="43.326733" lon="11.333740"><ele>0</ele></trkpt>
      <trkpt lat="43.326715" lon="11.333736"><ele>0</ele></trkpt>
      <trkpt lat="43.326696" lon="11.333741"><ele>0</ele></trkpt>
      <trkpt lat="43.326680" lon="11.333752"><ele>0</ele></trkpt>
      <trkpt lat="43.326666" lon="11.333770"><ele>0</ele></trkpt>
      <trkpt lat="43.326657" lon="11.333793"><ele>0</ele></trkpt>
      <trkpt lat="43.326654" lon="11.333818"><ele>0</ele></trkpt>
      <trkpt lat="43.326611" lon="11.333822"><ele>0</ele></trkpt>
      <trkpt lat="43.326561" lon="11.333822"><ele>0</ele></trkpt>
      <trkpt lat="43.326513" lon="11.333822"><ele>0</ele></trkpt>
      <trkpt lat="43.326115" lon="11.333805"><ele>0</ele></trkpt>
      <trkpt lat="43.326021" lon="11.333799"><ele>0</ele></trkpt>
      <trkpt lat="43.325618" lon="11.333746"><ele>0</ele></trkpt>
      <trkpt lat="43.325430" lon="11.333713"><ele>0</ele></trkpt>
      <trkpt lat="43.325373" lon="11.333703"><ele>0</ele></trkpt>
      <trkpt lat="43.325324" lon="11.333695"><ele>0</ele></trkpt>
      <trkpt lat="43.325285" lon="11.333690"><ele>0</ele></trkpt>
      <trkpt lat="43.325254" lon="11.333689"><ele>0</ele></trkpt>
      <trkpt lat="43.325215" lon="11.333691"><ele>0</ele></trkpt>
      <trkpt lat="43.325185" lon="11.333693"><ele>0</ele></trkpt>
      <trkpt lat="43.325134" lon="11.333699"><ele>0</ele></trkpt>
      <trkpt lat="43.325080" lon="11.333709"><ele>0</ele></trkpt>
      <trkpt lat="43.325026" lon="11.333722"><ele>0</ele></trkpt>
      <trkpt lat="43.324826" lon="11.333767"><ele>0</ele></trkpt>
      <trkpt lat="43.324802" lon="11.333770"><ele>0</ele></trkpt>
      <trkpt lat="43.324454" lon="11.333832"><ele>0</ele></trkpt>
      <trkpt lat="43.324409" lon="11.333838"><ele>0</ele></trkpt>
      <trkpt lat="43.324366" lon="11.333839"><ele>0</ele></trkpt>
      <trkpt lat="43.324324" lon="11.333835"><ele>0</ele></trkpt>
      <trkpt lat="43.324290" lon="11.333826"><ele>0</ele></trkpt>
      <trkpt lat="43.324267" lon="11.333817"><ele>0</ele></trkpt>
      <trkpt lat="43.324246" lon="11.333805"><ele>0</ele></trkpt>
      <trkpt lat="43.324225" lon="11.333789"><ele>0</ele></trkpt>
      <trkpt lat="43.324206" lon="11.333770"><ele>0</ele></trkpt>
      <trkpt lat="43.324180" lon="11.333741"><ele>0</ele></trkpt>
      <trkpt lat="43.324154" lon="11.333708"><ele>0</ele></trkpt>
      <trkpt lat="43.324128" lon="11.333671"><ele>0</ele></trkpt>
      <trkpt lat="43.323905" lon="11.333320"><ele>0</ele></trkpt>
      <trkpt lat="43.323868" lon="11.333265"><ele>0</ele></trkpt>
      <trkpt lat="43.323785" lon="11.333143"><ele>0</ele></trkpt>
      <trkpt lat="43.323777" lon="11.333110"><ele>0</ele></trkpt>
      <trkpt lat="43.323768" lon="11.333073"><ele>0</ele></trkpt>
      <trkpt lat="43.323756" lon="11.333017"><ele>0</ele></trkpt>
      <trkpt lat="43.323751" lon="11.332993"><ele>0</ele></trkpt>
      <trkpt lat="43.323713" lon="11.332805"><ele>0</ele></trkpt>
      <trkpt lat="43.323702" lon="11.332757"><ele>0</ele></trkpt>
      <trkpt lat="43.323665" lon="11.332635"><ele>0</ele></trkpt>
      <trkpt lat="43.323643" lon="11.332580"><ele>0</ele></trkpt>
      <trkpt lat="43.323622" lon="11.332533"><ele>0</ele></trkpt>
      <trkpt lat="43.323599" lon="11.332487"><ele>0</ele></trkpt>
      <trkpt lat="43.323577" lon="11.332444"><ele>0</ele></trkpt>
      <trkpt lat="43.323545" lon="11.332381"><ele>0</ele></trkpt>
      <trkpt lat="43.323527" lon="11.332400"><ele>0</ele></trkpt>
      <trkpt lat="43.323510" lon="11.332416"><ele>0</ele></trkpt>
      <trkpt lat="43.323492" lon="11.332429"><ele>0</ele></trkpt>
      <trkpt lat="43.323475" lon="11.332440"><ele>0</ele></trkpt>
      <trkpt lat="43.323348" lon="11.332499"><ele>0</ele></trkpt>
      <trkpt lat="43.323305" lon="11.332474"><ele>0</ele></trkpt>
      <trkpt lat="43.323260" lon="11.332452"><ele>0</ele></trkpt>
      <trkpt lat="43.323216" lon="11.332434"><ele>0</ele></trkpt>
      <trkpt lat="43.323166" lon="11.332417"><ele>0</ele></trkpt>
      <trkpt lat="43.323113" lon="11.332402"><ele>0</ele></trkpt>
      <trkpt lat="43.323059" lon="11.332387"><ele>0</ele></trkpt>
      <trkpt lat="43.322976" lon="11.332366"><ele>0</ele></trkpt>
      <trkpt lat="43.322908" lon="11.332355"><ele>0</ele></trkpt>
      <trkpt lat="43.322859" lon="11.332347"><ele>0</ele></trkpt>
      <trkpt lat="43.322815" lon="11.332346"><ele>0</ele></trkpt>
      <trkpt lat="43.322779" lon="11.332350"><ele>0</ele></trkpt>
      <trkpt lat="43.322739" lon="11.332362"><ele>0</ele></trkpt>
      <trkpt lat="43.322699" lon="11.332385"><ele>0</ele></trkpt>
      <trkpt lat="43.322656" lon="11.332416"><ele>0</ele></trkpt>
      <trkpt lat="43.322630" lon="11.332440"><ele>0</ele></trkpt>
      <trkpt lat="43.322598" lon="11.332471"><ele>0</ele></trkpt>
      <trkpt lat="43.322566" lon="11.332503"><ele>0</ele></trkpt>
      <trkpt lat="43.322526" lon="11.332550"><ele>0</ele></trkpt>
      <trkpt lat="43.322481" lon="11.332612"><ele>0</ele></trkpt>
      <trkpt lat="43.322439" lon="11.332677"><ele>0</ele></trkpt>
      <trkpt lat="43.322395" lon="11.332755"><ele>0</ele></trkpt>
      <trkpt lat="43.322329" lon="11.332880"><ele>0</ele></trkpt>
      <trkpt lat="43.322111" lon="11.333045"><ele>0</ele></trkpt>
      <trkpt lat="43.322101" lon="11.333044"><ele>0</ele></trkpt>
      <trkpt lat="43.322091" lon="11.333038"><ele>0</ele></trkpt>
      <trkpt lat="43.322079" lon="11.333026"><ele>0</ele></trkpt>
      <trkpt lat="43.322065" lon="11.333006"><ele>0</ele></trkpt>
      <trkpt lat="43.322021" lon="11.332926"><ele>0</ele></trkpt>
      <trkpt lat="43.321960" lon="11.332806"><ele>0</ele></trkpt>
      <trkpt lat="43.321942" lon="11.332778"><ele>0</ele></trkpt>
      <trkpt lat="43.321925" lon="11.332757"><ele>0</ele></trkpt>
      <trkpt lat="43.321909" lon="11.332740"><ele>0</ele></trkpt>
      <trkpt lat="43.321890" lon="11.332727"><ele>0</ele></trkpt>
      <trkpt lat="43.321835" lon="11.332541"><ele>0</ele></trkpt>
      <trkpt lat="43.321800" lon="11.332433"><ele>0</ele></trkpt>
      <trkpt lat="43.321780" lon="11.332376"><ele>0</ele></trkpt>
      <trkpt lat="43.321758" lon="11.332326"><ele>0</ele></trkpt>
      <trkpt lat="43.321726" lon="11.332262"><ele>0</ele></trkpt>
      <trkpt lat="43.321697" lon="11.332211"><ele>0</ele></trkpt>
      <trkpt lat="43.321670" lon="11.332164"><ele>0</ele></trkpt>
      <trkpt lat="43.321615" lon="11.332083"><ele>0</ele></trkpt>
      <trkpt lat="43.321552" lon="11.331996"><ele>0</ele></trkpt>
      <trkpt lat="43.321519" lon="11.331955"><ele>0</ele></trkpt>
      <trkpt lat="43.321310" lon="11.331716"><ele>0</ele></trkpt>
      <trkpt lat="43.321245" lon="11.331645"><ele>0</ele></trkpt>
      <trkpt lat="43.321125" lon="11.331522"><ele>0</ele></trkpt>
      <trkpt lat="43.321081" lon="11.331584"><ele>0</ele></trkpt>
      <trkpt lat="43.321049" lon="11.331630"><ele>0</ele></trkpt>
      <trkpt lat="43.321015" lon="11.331665"><ele>0</ele></trkpt>
      <trkpt lat="43.320978" lon="11.331692"><ele>0</ele></trkpt>
      <trkpt lat="43.320938" lon="11.331713"><ele>0</ele></trkpt>
      <trkpt lat="43.320886" lon="11.331727"><ele>0</ele></trkpt>
      <trkpt lat="43.320717" lon="11.331769"><ele>0</ele></trkpt>
      <trkpt lat="43.320662" lon="11.331785"><ele>0</ele></trkpt>
      <trkpt lat="43.320510" lon="11.331832"><ele>0</ele></trkpt>
      <trkpt lat="43.320494" lon="11.331839"><ele>0</ele></trkpt>
      <trkpt lat="43.320476" lon="11.331850"><ele>0</ele></trkpt>
      <trkpt lat="43.320626" lon="11.332441"><ele>0</ele></trkpt>
      <trkpt lat="43.320576" lon="11.332488"><ele>0</ele></trkpt>
      <trkpt lat="43.320556" lon="11.332499"><ele>0</ele></trkpt>
      <trkpt lat="43.320531" lon="11.332510"><ele>0</ele></trkpt>
      <trkpt lat="43.320506" lon="11.332516"><ele>0</ele></trkpt>
      <trkpt lat="43.320445" lon="11.332514"><ele>0</ele></trkpt>
      <trkpt lat="43.320327" lon="11.332508"><ele>0</ele></trkpt>
      <trkpt lat="43.320123" lon="11.332485"><ele>0</ele></trkpt>
      <trkpt lat="43.320073" lon="11.332479"><ele>0</ele></trkpt>
      <trkpt lat="43.320024" lon="11.332549"><ele>0</ele></trkpt>
      <trkpt lat="43.319997" lon="11.332591"><ele>0</ele></trkpt>
      <trkpt lat="43.319973" lon="11.332631"><ele>0</ele></trkpt>
      <trkpt lat="43.319959" lon="11.332661"><ele>0</ele></trkpt>
      <trkpt lat="43.319945" lon="11.332696"><ele>0</ele></trkpt>
      <trkpt lat="43.319853" lon="11.332991"><ele>0</ele></trkpt>
      <trkpt lat="43.319759" lon="11.332968"><ele>0</ele></trkpt>
      <trkpt lat="43.319721" lon="11.332958"><ele>0</ele></trkpt>
      <trkpt lat="43.319657" lon="11.332945"><ele>0</ele></trkpt>
      <trkpt lat="43.319626" lon="11.332939"><ele>0</ele></trkpt>
      <trkpt lat="43.319596" lon="11.332930"><ele>0</ele></trkpt>
      <trkpt lat="43.319581" lon="11.332921"><ele>0</ele></trkpt>
      <trkpt lat="43.319568" lon="11.332906"><ele>0</ele></trkpt>
      <trkpt lat="43.319558" lon="11.332887"><ele>0</ele></trkpt>
      <trkpt lat="43.319551" lon="11.332863"><ele>0</ele></trkpt>
      <trkpt lat="43.319544" lon="11.332830"><ele>0</ele></trkpt>
      <trkpt lat="43.319411" lon="11.332748"><ele>0</ele></trkpt>
      <trkpt lat="43.319174" lon="11.332598"><ele>0</ele></trkpt>
      <trkpt lat="43.319145" lon="11.332581"><ele>0</ele></trkpt>
      <trkpt lat="43.319178" lon="11.332424"><ele>0</ele></trkpt>
      <trkpt lat="43.319192" lon="11.332353"><ele>0</ele></trkpt>
      <trkpt lat="43.319206" lon="11.332265"><ele>0</ele></trkpt>
      <trkpt lat="43.319213" lon="11.332194"><ele>0</ele></trkpt>
      <trkpt lat="43.319218" lon="11.332132"><ele>0</ele></trkpt>
      <trkpt lat="43.319222" lon="11.332043"><ele>0</ele></trkpt>
      <trkpt lat="43.319224" lon="11.331962"><ele>0</ele></trkpt>
      <trkpt lat="43.319224" lon="11.331885"><ele>0</ele></trkpt>
      <trkpt lat="43.319223" lon="11.331833"><ele>0</ele></trkpt>
      <trkpt lat="43.319221" lon="11.331803"><ele>0</ele></trkpt>
      <trkpt lat="43.319201" lon="11.331670"><ele>0</ele></trkpt>
      <trkpt lat="43.319137" lon="11.331246"><ele>0</ele></trkpt>
      <trkpt lat="43.319115" lon="11.331229"><ele>0</ele></trkpt>
      <trkpt lat="43.319094" lon="11.331207"><ele>0</ele></trkpt>
      <trkpt lat="43.318931" lon="11.330955"><ele>0</ele></trkpt>
      <trkpt lat="43.318876" lon="11.330878"><ele>0</ele></trkpt>
      <trkpt lat="43.318800" lon="11.330767"><ele>0</ele></trkpt>
    </trkseg>
  </trk>
</gpx>