<?xml version="1.0" encoding="UTF-8"?>
<gpx xmlns="http://www.topografix.com/GPX/1/1" version="1.1" creator="MotoMap">
  <trk>
    <name>passo_giau</name>
    <trkseg>
      <trkpt lat="46.536904" lon="12.136138"><ele>0</ele></trkpt>
      <trkpt lat="46.536793" lon="12.136162"><ele>0</ele></trkpt>
      <trkpt lat="46.536876" lon="12.136511"><ele>0</ele></trkpt>
      <trkpt lat="46.536853" lon="12.136555"><ele>0</ele></trkpt>
      <trkpt lat="46.536814" lon="12.136617"><ele>0</ele></trkpt>
      <trkpt lat="46.536668" lon="12.136255"><ele>0</ele></trkpt>
      <trkpt lat="46.536541" lon="12.136086"><ele>0</ele></trkpt>
      <trkpt lat="46.536446" lon="12.135952"><ele>0</ele></trkpt>
      <trkpt lat="46.536548" lon="12.135920"><ele>0</ele></trkpt>
      <trkpt lat="46.536865" lon="12.135824"><ele>0</ele></trkpt>
      <trkpt lat="46.536954" lon="12.135788"><ele>0</ele></trkpt>
      <trkpt lat="46.537031" lon="12.135739"><ele>0</ele></trkpt>
      <trkpt lat="46.537103" lon="12.135683"><ele>0</ele></trkpt>
      <trkpt lat="46.537176" lon="12.135618"><ele>0</ele></trkpt>
      <trkpt lat="46.537249" lon="12.135539"><ele>0</ele></trkpt>
      <trkpt lat="46.537314" lon="12.135459"><ele>0</ele></trkpt>
      <trkpt lat="46.537367" lon="12.135370"><ele>0</ele></trkpt>
      <trkpt lat="46.537396" lon="12.135305"><ele>0</ele></trkpt>
      <trkpt lat="46.537423" lon="12.135234"><ele>0</ele></trkpt>
      <trkpt lat="46.537443" lon="12.135028"><ele>0</ele></trkpt>
      <trkpt lat="46.537403" lon="12.134778"><ele>0</ele></trkpt>
      <trkpt lat="46.537281" lon="12.133954"><ele>0</ele></trkpt>
      <trkpt lat="46.537280" lon="12.133872"><ele>0</ele></trkpt>
      <trkpt lat="46.537332" lon="12.133791"><ele>0</ele></trkpt>
      <trkpt lat="46.537384" lon="12.133722"><ele>0</ele></trkpt>
      <trkpt lat="46.537419" lon="12.133683"><ele>0</ele></trkpt>
      <trkpt lat="46.537457" lon="12.133628"><ele>0</ele></trkpt>
      <trkpt lat="46.537484" lon="12.133592"><ele>0</ele></trkpt>
      <trkpt lat="46.537508" lon="12.133549"><ele>0</ele></trkpt>
      <trkpt lat="46.537547" lon="12.133486"><ele>0</ele></trkpt>
      <trkpt lat="46.537569" lon="12.133452"><ele>0</ele></trkpt>
      <trkpt lat="46.537595" lon="12.133413"><ele>0</ele></trkpt>
      <trkpt lat="46.537650" lon="12.133343"><ele>0</ele></trkpt>
      <trkpt lat="46.537748" lon="12.133224"><ele>0</ele></trkpt>
      <trkpt lat="46.537864" lon="12.133110"><ele>0</ele></trkpt>
      <trkpt lat="46.537967" lon="12.133032"><ele>0</ele></trkpt>
      <trkpt lat="46.538224" lon="12.132869"><ele>0</ele></trkpt>
      <trkpt lat="46.538332" lon="12.132789"><ele>0</ele></trkpt>
      <trkpt lat="46.538445" lon="12.132704"><ele>0</ele></trkpt>
      <trkpt lat="46.538616" lon="12.132524"><ele>0</ele></trkpt>
      <trkpt lat="46.538777" lon="12.132302"><ele>0</ele></trkpt>
      <trkpt lat="46.538900" lon="12.132111"><ele>0</ele></trkpt>
      <trkpt lat="46.539083" lon="12.131789"><ele>0</ele></trkpt>
      <trkpt lat="46.539250" lon="12.131456"><ele>0</ele></trkpt>
      <trkpt lat="46.539342" lon="12.131272"><ele>0</ele></trkpt>
      <trkpt lat="46.539355" lon="12.131247"><ele>0</ele></trkpt>
      <trkpt lat="46.539324" lon="12.131188"><ele>0</ele></trkpt>
      <trkpt lat="46.539314" lon="12.131120"><ele>0</ele></trkpt>
      <trkpt lat="46.539319" lon="12.131040"><ele>0</ele></trkpt>
      <trkpt lat="46.539351" lon="12.130929"><ele>0</ele></trkpt>
      <trkpt lat="46.539393" lon="12.130827"><ele>0</ele></trkpt>
      <trkpt lat="46.539566" lon="12.130567"><ele>0</ele></trkpt>
      <trkpt lat="46.540135" lon="12.129869"><ele>0</ele></trkpt>
      <trkpt lat="46.540180" lon="12.129821"><ele>0</ele></trkpt>
      <trkpt lat="46.540203" lon="12.129793"><ele>0</ele></trkpt>
      <trkpt lat="46.540224" lon="12.129770"><ele>0</ele></trkpt>
      <trkpt lat="46.540278" lon="12.129719"><ele>0</ele></trkpt>
      <trkpt lat="46.540330" lon="12.129674"><ele>0</ele></trkpt>
      <trkpt lat="46.540370" lon="12.129640"><ele>0</ele></trkpt>
      <trkpt lat="46.540415" lon="12.129615"><ele>0</ele></trkpt>
      <trkpt lat="46.541001" lon="12.129320"><ele>0</ele></trkpt>
      <trkpt lat="46.541071" lon="12.129282"><ele>0</ele></trkpt>
      <trkpt lat="46.541268" lon="12.129176"><ele>0</ele></trkpt>
      <trkpt lat="46.541884" lon="12.129081"><ele>0</ele></trkpt>
      <trkpt lat="46.542035" lon="12.129058"><ele>0</ele></trkpt>
      <trkpt lat="46.542170" lon="12.129030"><ele>0</ele></trkpt>
      <trkpt lat="46.542323" lon="12.128977"><ele>0</ele></trkpt>
      <trkpt lat="46.542460" lon="12.128912"><ele>0</ele></trkpt>
      <trkpt lat="46.542607" lon="12.128818"><ele>0</ele></trkpt>
      <trkpt lat="46.542871" lon="12.128623"><ele>0</ele></trkpt>
      <trkpt lat="46.543025" lon="12.128516"><ele>0</ele></trkpt>
      <trkpt lat="46.543107" lon="12.128476"><ele>0</ele></trkpt>
      <trkpt lat="46.543175" lon="12.128448"><ele>0</ele></trkpt>
      <trkpt lat="46.543287" lon="12.128441"><ele>0</ele></trkpt>
      <trkpt lat="46.543416" lon="12.128434"><ele>0</ele></trkpt>
      <trkpt lat="46.543523" lon="12.128422"><ele>0</ele></trkpt>
      <trkpt lat="46.543599" lon="12.128386"><ele>0</ele></trkpt>
      <trkpt lat="46.543668" lon="12.128340"><ele>0</ele></trkpt>
      <trkpt lat="46.543743" lon="12.128265"><ele>0</ele></trkpt>
      <trkpt lat="46.543821" lon="12.128150"><ele>0</ele></trkpt>
      <trkpt lat="46.543935" lon="12.127971"><ele>0</ele></trkpt>
      <trkpt lat="46.544004" lon="12.127893"><ele>0</ele></trkpt>
      <trkpt lat="46.544087" lon="12.127834"><ele>0</ele></trkpt>
      <trkpt lat="46.544169" lon="12.127798"><ele>0</ele></trkpt>
      <trkpt lat="46.544279" lon="12.127788"><ele>0</ele></trkpt>
      <trkpt lat="46.544366" lon="12.127795"><ele>0</ele></trkpt>
      <trkpt lat="46.544439" lon="12.127767"><ele>0</ele></trkpt>
      <trkpt lat="46.544467" lon="12.127742"><ele>0</ele></trkpt>
      <trkpt lat="46.544490" lon="12.127698"><ele>0</ele></trkpt>
      <trkpt lat="46.544508" lon="12.127644"><ele>0</ele></trkpt>
      <trkpt lat="46.544508" lon="12.127611"><ele>0</ele></trkpt>
      <trkpt lat="46.544499" lon="12.127554"><ele>0</ele></trkpt>
      <trkpt lat="46.544484" lon="12.127509"><ele>0</ele></trkpt>
      <trkpt lat="46.544438" lon="12.127465"><ele>0</ele></trkpt>
      <trkpt lat="46.544374" lon="12.127450"><ele>0</ele></trkpt>
      <trkpt lat="46.544292" lon="12.127487"><ele>0</ele></trkpt>
      <trkpt lat="46.544116" lon="12.127604"><ele>0</ele></trkpt>
      <trkpt lat="46.543941" lon="12.127715"><ele>0</ele></trkpt>
      <trkpt lat="46.543850" lon="12.127752"><ele>0</ele></trkpt>
      <trkpt lat="46.543826" lon="12.127760"><ele>0</ele></trkpt>
      <trkpt lat="46.543742" lon="12.127763"><ele>0</ele></trkpt>
      <trkpt lat="46.543643" lon="12.127707"><ele>0</ele></trkpt>
      <trkpt lat="46.543580" lon="12.127651"><ele>0</ele></trkpt>
      <trkpt lat="46.543540" lon="12.127582"><ele>0</ele></trkpt>
      <trkpt lat="46.543508" lon="12.127448"><ele>0</ele></trkpt>
      <trkpt lat="46.543470" lon="12.127284"><ele>0</ele></trkpt>
      <trkpt lat="46.543406" lon="12.127016"><ele>0</ele></trkpt>
      <trkpt lat="46.543354" lon="12.126794"><ele>0</ele></trkpt>
      <trkpt lat="46.543323" lon="12.126714"><ele>0</ele></trkpt>
      <trkpt lat="46.543090" lon="12.126395"><ele>0</ele></trkpt>
      <trkpt lat="46.543054" lon="12.126350"><ele>0</ele></trkpt>
      <trkpt lat="46.543032" lon="12.126323"><ele>0</ele></trkpt>
      <trkpt lat="46.542989" lon="12.126269"><ele>0</ele></trkpt>
      <trkpt lat="46.542929" lon="12.126189"><ele>0</ele></trkpt>
      <trkpt lat="46.542821" lon="12.126004"><ele>0</ele></trkpt>
      <trkpt lat="46.542755" lon="12.125823"><ele>0</ele></trkpt>
      <trkpt lat="46.542731" lon="12.125759"><ele>0</ele></trkpt>
      <trkpt lat="46.542692" lon="12.125602"><ele>0</ele></trkpt>
      <trkpt lat="46.542647" lon="12.125418"><ele>0</ele></trkpt>
      <trkpt lat="46.542578" lon="12.125112"><ele>0</ele></trkpt>
      <trkpt lat="46.542525" lon="12.124876"><ele>0</ele></trkpt>
      <trkpt lat="46.542486" lon="12.124713"><ele>0</ele></trkpt>
      <trkpt lat="46.542450" lon="12.124630"><ele>0</ele></trkpt>
      <trkpt lat="46.542409" lon="12.124581"><ele>0</ele></trkpt>
      <trkpt lat="46.542350" lon="12.124542"><ele>0</ele></trkpt>
      <trkpt lat="46.542291" lon="12.124533"><ele>0</ele></trkpt>
      <trkpt lat="46.542223" lon="12.124552"><ele>0</ele></trkpt>
      <trkpt lat="46.542065" lon="12.124624"><ele>0</ele></trkpt>
      <trkpt lat="46.541961" lon="12.124676"><ele>0</ele></trkpt>
      <trkpt lat="46.541798" lon="12.124770"><ele>0</ele></trkpt>
      <trkpt lat="46.541662" lon="12.124812"><ele>0</ele></trkpt>
      <trkpt lat="46.541575" lon="12.124807"><ele>0</ele></trkpt>
      <trkpt lat="46.541355" lon="12.124765"><ele>0</ele></trkpt>
      <trkpt lat="46.540961" lon="12.124669"><ele>0</ele></trkpt>
      <trkpt lat="46.540917" lon="12.124656"><ele>0</ele></trkpt>
      <trkpt lat="46.540865" lon="12.124641"><ele>0</ele></trkpt>
      <trkpt lat="46.540833" lon="12.124633"><ele>0</ele></trkpt>
      <trkpt lat="46.540493" lon="12.124541"><ele>0</ele></trkpt>
      <trkpt lat="46.540106" lon="12.124424"><ele>0</ele></trkpt>
      <trkpt lat="46.539927" lon="12.124330"><ele>0</ele></trkpt>
      <trkpt lat="46.539372" lon="12.123961"><ele>0</ele></trkpt>
      <trkpt lat="46.539156" lon="12.123834"><ele>0</ele></trkpt>
      <trkpt lat="46.539028" lon="12.123787"><ele>0</ele></trkpt>
      <trkpt lat="46.538840" lon="12.123803"><ele>0</ele></trkpt>
      <trkpt lat="46.538747" lon="12.123821"><ele>0</ele></trkpt>
      <trkpt lat="46.538630" lon="12.123882"><ele>0</ele></trkpt>
      <trkpt lat="46.538083" lon="12.124456"><ele>0</ele></trkpt>
      <trkpt lat="46.538039" lon="12.124501"><ele>0</ele></trkpt>
      <trkpt lat="46.538003" lon="12.124537"><ele>0</ele></trkpt>
      <trkpt lat="46.537669" lon="12.124871"><ele>0</ele></trkpt>
      <trkpt lat="46.537525" lon="12.124961"><ele>0</ele></trkpt>
      <trkpt lat="46.537446" lon="12.124978"><ele>0</ele></trkpt>
      <trkpt lat="46.537359" lon="12.124971"><ele>0</ele></trkpt>
      <trkpt lat="46.537300" lon="12.124952"><ele>0</ele></trkpt>
      <trkpt lat="46.537250" lon="12.124919"><ele>0</ele></trkpt>
      <trkpt lat="46.536524" lon="12.124216"><ele>0</ele></trkpt>
      <trkpt lat="46.536420" lon="12.124137"><ele>0</ele></trkpt>
      <trkpt lat="46.536356" lon="12.124141"><ele>0</ele></trkpt>
      <trkpt lat="46.536260" lon="12.124169"><ele>0</ele></trkpt>
      <trkpt lat="46.536154" lon="12.124159"><ele>0</ele></trkpt>
      <trkpt lat="46.536070" lon="12.124116"><ele>0</ele></trkpt>
      <trkpt lat="46.535511" lon="12.123830"><ele>0</ele></trkpt>
      <trkpt lat="46.535112" lon="12.123526"><ele>0</ele></trkpt>
      <trkpt lat="46.534959" lon="12.123460"><ele>0</ele></trkpt>
      <trkpt lat="46.534910" lon="12.123438"><ele>0</ele></trkpt>
      <trkpt lat="46.534496" lon="12.123257"><ele>0</ele></trkpt>
      <trkpt lat="46.534463" lon="12.123243"><ele>0</ele></trkpt>
      <trkpt lat="46.534360" lon="12.123198"><ele>0</ele></trkpt>
      <trkpt lat="46.534269" lon="12.123138"><ele>0</ele></trkpt>
      <trkpt lat="46.534067" lon="12.122987"><ele>0</ele></trkpt>
      <trkpt lat="46.533926" lon="12.122839"><ele>0</ele></trkpt>
      <trkpt lat="46.533855" lon="12.122761"><ele>0</ele></trkpt>
      <trkpt lat="46.533804" lon="12.122704"><ele>0</ele></trkpt>
      <trkpt lat="46.533723" lon="12.122549"><ele>0</ele></trkpt>
      <trkpt lat="46.533614" lon="12.122157"><ele>0</ele></trkpt>
      <trkpt lat="46.533575" lon="12.122062"><ele>0</ele></trkpt>
      <trkpt lat="46.533528" lon="12.121994"><ele>0</ele></trkpt>
      <trkpt lat="46.533399" lon="12.121934"><ele>0</ele></trkpt>
      <trkpt lat="46.533019" lon="12.121660"><ele>0</ele></trkpt>
      <trkpt lat="46.532916" lon="12.121548"><ele>0</ele></trkpt>
      <trkpt lat="46.532671" lon="12.121114"><ele>0</ele></trkpt>
      <trkpt lat="46.532623" lon="12.121059"><ele>0</ele></trkpt>
      <trkpt lat="46.532554" lon="12.121002"><ele>0</ele></trkpt>
      <trkpt lat="46.532442" lon="12.120958"><ele>0</ele></trkpt>
      <trkpt lat="46.532326" lon="12.120944"><ele>0</ele></trkpt>
      <trkpt lat="46.532235" lon="12.120950"><ele>0</ele></trkpt>
      <trkpt lat="46.532136" lon="12.120987"><ele>0</ele></trkpt>
      <trkpt lat="46.531755" lon="12.121196"><ele>0</ele></trkpt>
      <trkpt lat="46.531628" lon="12.121241"><ele>0</ele></trkpt>
      <trkpt lat="46.531486" lon="12.121239"><ele>0</ele></trkpt>
      <trkpt lat="46.529606" lon="12.121102"><ele>0</ele></trkpt>
      <trkpt lat="46.529423" lon="12.121108"><ele>0</ele></trkpt>
      <trkpt lat="46.529226" lon="12.121151"><ele>0</ele></trkpt>
      <trkpt lat="46.528764" lon="12.121278"><ele>0</ele></trkpt>
      <trkpt lat="46.528340" lon="12.121453"><ele>0</ele></trkpt>
      <trkpt lat="46.528221" lon="12.121446"><ele>0</ele></trkpt>
      <trkpt lat="46.528075" lon="12.121392"><ele>0</ele></trkpt>
      <trkpt lat="46.527944" lon="12.121332"><ele>0</ele></trkpt>
      <trkpt lat="46.527698" lon="12.121170"><ele>0</ele></trkpt>
      <trkpt lat="46.527113" lon="12.120629"><ele>0</ele></trkpt>
      <trkpt lat="46.526981" lon="12.120552"><ele>0</ele></trkpt>
      <trkpt lat="46.526848" lon="12.120522"><ele>0</ele></trkpt>
      <trkpt lat="46.526655" lon="12.120541"><ele>0</ele></trkpt>
      <trkpt lat="46.526245" lon="12.120634"><ele>0</ele></trkpt>
      <trkpt lat="46.526132" lon="12.120615"><ele>0</ele></trkpt>
      <trkpt lat="46.526022" lon="12.120559"><ele>0</ele></trkpt>
      <trkpt lat="46.525730" lon="12.120219"><ele>0</ele></trkpt>
      <trkpt lat="46.525548" lon="12.120105"><ele>0</ele></trkpt>
      <trkpt lat="46.525352" lon="12.120044"><ele>0</ele></trkpt>
      <trkpt lat="46.524748" lon="12.119975"><ele>0</ele></trkpt>
      <trkpt lat="46.524165" lon="12.119830"><ele>0</ele></trkpt>
      <trkpt lat="46.523981" lon="12.119800"><ele>0</ele></trkpt>
      <trkpt lat="46.523839" lon="12.119796"><ele>0</ele></trkpt>
      <trkpt lat="46.523692" lon="12.119914"><ele>0</ele></trkpt>
      <trkpt lat="46.523375" lon="12.120248"><ele>0</ele></trkpt>
      <trkpt lat="46.523283" lon="12.120321"><ele>0</ele></trkpt>
      <trkpt lat="46.523231" lon="12.120381"><ele>0</ele></trkpt>
      <trkpt lat="46.523163" lon="12.120408"><ele>0</ele></trkpt>
      <trkpt lat="46.523017" lon="12.120417"><ele>0</ele></trkpt>
      <trkpt lat="46.522964" lon="12.120403"><ele>0</ele></trkpt>
      <trkpt lat="46.522774" lon="12.120372"><ele>0</ele></trkpt>
      <trkpt lat="46.522544" lon="12.120308"><ele>0</ele></trkpt>
      <trkpt lat="46.522500" lon="12.120290"><ele>0</ele></trkpt>
      <trkpt lat="46.522465" lon="12.120262"><ele>0</ele></trkpt>
      <trkpt lat="46.522433" lon="12.120224"><ele>0</ele></trkpt>
      <trkpt lat="46.522416" lon="12.120163"><ele>0</ele></trkpt>
      <trkpt lat="46.522395" lon="12.119966"><ele>0</ele></trkpt>
      <trkpt lat="46.522334" lon="12.118584"><ele>0</ele></trkpt>
      <trkpt lat="46.522311" lon="12.118445"><ele>0</ele></trkpt>
      <trkpt lat="46.522283" lon="12.118386"><ele>0</ele></trkpt>
      <trkpt lat="46.522265" lon="12.118348"><ele>0</ele></trkpt>
      <trkpt lat="46.522189" lon="12.118255"><ele>0</ele></trkpt>
      <trkpt lat="46.521973" lon="12.118047"><ele>0</ele></trkpt>
      <trkpt lat="46.521699" lon="12.117606"><ele>0</ele></trkpt>
      <trkpt lat="46.521625" lon="12.117443"><ele>0</ele></trkpt>
      <trkpt lat="46.521235" lon="12.115747"><ele>0</ele></trkpt>
      <trkpt lat="46.521227" lon="12.115617"><ele>0</ele></trkpt>
      <trkpt lat="46.521255" lon="12.115157"><ele>0</ele></trkpt>
      <trkpt lat="46.521244" lon="12.115055"><ele>0</ele></trkpt>
      <trkpt lat="46.521192" lon="12.114962"><ele>0</ele></trkpt>
      <trkpt lat="46.521114" lon="12.114886"><ele>0</ele></trkpt>
      <trkpt lat="46.520768" lon="12.114764"><ele>0</ele></trkpt>
      <trkpt lat="46.520456" lon="12.114604"><ele>0</ele></trkpt>
      <trkpt lat="46.520417" lon="12.114563"><ele>0</ele></trkpt>
      <trkpt lat="46.520405" lon="12.114535"><ele>0</ele></trkpt>
      <trkpt lat="46.520398" lon="12.114496"><ele>0</ele></trkpt>
      <trkpt lat="46.520396" lon="12.114456"><ele>0</ele></trkpt>
      <trkpt lat="46.520401" lon="12.114415"><ele>0</ele></trkpt>
      <trkpt lat="46.520410" lon="12.114383"><ele>0</ele></trkpt>
      <trkpt lat="46.520424" lon="12.114351"><ele>0</ele></trkpt>
      <trkpt lat="46.520443" lon="12.114327"><ele>0</ele></trkpt>
      <trkpt lat="46.520467" lon="12.114312"><ele>0</ele></trkpt>
      <trkpt lat="46.520487" lon="12.114309"><ele>0</ele></trkpt>
      <trkpt lat="46.520540" lon="12.114317"><ele>0</ele></trkpt>
      <trkpt lat="46.520901" lon="12.114578"><ele>0</ele></trkpt>
      <trkpt lat="46.521302" lon="12.114703"><ele>0</ele></trkpt>
      <trkpt lat="46.521372" lon="12.114761"><ele>0</ele></trkpt>
      <trkpt lat="46.521425" lon="12.114807"><ele>0</ele></trkpt>
      <trkpt lat="46.521494" lon="12.114976"><ele>0</ele></trkpt>
      <trkpt lat="46.521583" lon="12.115331"><ele>0</ele></trkpt>
      <trkpt lat="46.521639" lon="12.115464"><ele>0</ele></trkpt>
      <trkpt lat="46.521696" lon="12.115546"><ele>0</ele></trkpt>
      <trkpt lat="46.521828" lon="12.115647"><ele>0</ele></trkpt>
      <trkpt lat="46.522545" lon="12.116168"><ele>0</ele></trkpt>
      <trkpt lat="46.522840" lon="12.116538"><ele>0</ele></trkpt>
      <trkpt lat="46.522936" lon="12.116597"><ele>0</ele></trkpt>
      <trkpt lat="46.522997" lon="12.116596"><ele>0</ele></trkpt>
      <trkpt lat="46.523046" lon="12.116555"><ele>0</ele></trkpt>
      <trkpt lat="46.523065" lon="12.116454"><ele>0</ele></trkpt>
      <trkpt lat="46.523038" lon="12.116351"><ele>0</ele></trkpt>
      <trkpt lat="46.522977" lon="12.116252"><ele>0</ele></trkpt>
      <trkpt lat="46.522244" lon="12.115493"><ele>0</ele></trkpt>
      <trkpt lat="46.522064" lon="12.115268"><ele>0</ele></trkpt>
      <trkpt lat="46.521935" lon="12.115044"><ele>0</ele></trkpt>
      <trkpt lat="46.521896" lon="12.114875"><ele>0</ele></trkpt>
      <trkpt lat="46.521926" lon="12.114464"><ele>0</ele></trkpt>
      <trkpt lat="46.521931" lon="12.114354"><ele>0</ele></trkpt>
      <trkpt lat="46.521905" lon="12.114222"><ele>0</ele></trkpt>
      <trkpt lat="46.521820" lon="12.114010"><ele>0</ele></trkpt>
      <trkpt lat="46.521546" lon="12.113535"><ele>0</ele></trkpt>
      <trkpt lat="46.521511" lon="12.113417"><ele>0</ele></trkpt>
      <trkpt lat="46.521512" lon="12.113320"><ele>0</ele></trkpt>
      <trkpt lat="46.521554" lon="12.113241"><ele>0</ele></trkpt>
      <trkpt lat="46.521621" lon="12.113197"><ele>0</ele></trkpt>
      <trkpt lat="46.521703" lon="12.113190"><ele>0</ele></trkpt>
      <trkpt lat="46.521781" lon="12.113217"><ele>0</ele></trkpt>
      <trkpt lat="46.521995" lon="12.113301"><ele>0</ele></trkpt>
      <trkpt lat="46.522088" lon="12.113379"><ele>0</ele></trkpt>
      <trkpt lat="46.522158" lon="12.113474"><ele>0</ele></trkpt>
      <trkpt lat="46.522213" lon="12.113614"><ele>0</ele></trkpt>
      <trkpt lat="46.522544" lon="12.114603"><ele>0</ele></trkpt>
      <trkpt lat="46.522596" lon="12.114705"><ele>0</ele></trkpt>
      <trkpt lat="46.522656" lon="12.114760"><ele>0</ele></trkpt>
      <trkpt lat="46.522723" lon="12.114790"><ele>0</ele></trkpt>
      <trkpt lat="46.522803" lon="12.114780"><ele>0</ele></trkpt>
      <trkpt lat="46.522883" lon="12.114729"><ele>0</ele></trkpt>
      <trkpt lat="46.523294" lon="12.114398"><ele>0</ele></trkpt>
      <trkpt lat="46.523369" lon="12.114335"><ele>0</ele></trkpt>
      <trkpt lat="46.523404" lon="12.114281"><ele>0</ele></trkpt>
      <trkpt lat="46.523428" lon="12.114192"><ele>0</ele></trkpt>
      <trkpt lat="46.523424" lon="12.114104"><ele>0</ele></trkpt>
      <trkpt lat="46.523400" lon="12.114032"><ele>0</ele></trkpt>
      <trkpt lat="46.523355" lon="12.113984"><ele>0</ele></trkpt>
      <trkpt lat="46.523302" lon="12.113961"><ele>0</ele></trkpt>
      <trkpt lat="46.523140" lon="12.113977"><ele>0</ele></trkpt>
      <trkpt lat="46.523086" lon="12.113974"><ele>0</ele></trkpt>
      <trkpt lat="46.523037" lon="12.113954"><ele>0</ele></trkpt>
      <trkpt lat="46.522995" lon="12.113902"><ele>0</ele></trkpt>
      <trkpt lat="46.522986" lon="12.113807"><ele>0</ele></trkpt>
      <trkpt lat="46.523005" lon="12.113727"><ele>0</ele></trkpt>
      <trkpt lat="46.523056" lon="12.113663"><ele>0</ele></trkpt>
      <trkpt lat="46.523118" lon="12.113654"><ele>0</ele></trkpt>
      <trkpt lat="46.523473" lon="12.113709"><ele>0</ele></trkpt>
      <trkpt lat="46.523600" lon="12.113707"><ele>0</ele></trkpt>
      <trkpt lat="46.523653" lon="12.113699"><ele>0</ele></trkpt>
      <trkpt lat="46.523790" lon="12.113631"><ele>0</ele></trkpt>
      <trkpt lat="46.523995" lon="12.113524"><ele>0</ele></trkpt>
      <trkpt lat="46.524119" lon="12.113464"><ele>0</ele></trkpt>
      <trkpt lat="46.524240" lon="12.113384"><ele>0</ele></trkpt>
      <trkpt lat="46.524327" lon="12.113280"><ele>0</ele></trkpt>
      <trkpt lat="46.524362" lon="12.113221"><ele>0</ele></trkpt>
      <trkpt lat="46.524400" lon="12.113125"><ele>0</ele></trkpt>
      <trkpt lat="46.524424" lon="12.112974"><ele>0</ele></trkpt>
      <trkpt lat="46.524433" lon="12.112848"><ele>0</ele></trkpt>
      <trkpt lat="46.524417" lon="12.112703"><ele>0</ele></trkpt>
      <trkpt lat="46.524378" lon="12.112553"><ele>0</ele></trkpt>
      <trkpt lat="46.524308" lon="12.112329"><ele>0</ele></trkpt>
      <trkpt lat="46.524238" lon="12.112147"><ele>0</ele></trkpt>
      <trkpt lat="46.524193" lon="12.112070"><ele>0</ele></trkpt>
      <trkpt lat="46.524148" lon="12.112006"><ele>0</ele></trkpt>
      <trkpt lat="46.524013" lon="12.111859"><ele>0</ele></trkpt>
      <trkpt lat="46.523717" lon="12.111576"><ele>0</ele></trkpt>
      <trkpt lat="46.523150" lon="12.111045"><ele>0</ele></trkpt>
      <trkpt lat="46.522836" lon="12.110738"><ele>0</ele></trkpt>
      <trkpt lat="46.522731" lon="12.110604"><ele>0</ele></trkpt>
      <trkpt lat="46.522635" lon="12.110427"><ele>0</ele></trkpt>
      <trkpt lat="46.522570" lon="12.110263"><ele>0</ele></trkpt>
      <trkpt lat="46.522478" lon="12.110015"><ele>0</ele></trkpt>
      <trkpt lat="46.522446" lon="12.110036"><ele>0</ele></trkpt>
      <trkpt lat="46.522091" lon="12.110265"><ele>0</ele></trkpt>
      <trkpt lat="46.521877" lon="12.110451"><ele>0</ele></trkpt>
      <trkpt lat="46.521710" lon="12.110567"><ele>0</ele></trkpt>
      <trkpt lat="46.521589" lon="12.110588"><ele>0</ele></trkpt>
      <trkpt lat="46.521483" lon="12.110539"><ele>0</ele></trkpt>
      <trkpt lat="46.521410" lon="12.110443"><ele>0</ele></trkpt>
      <trkpt lat="46.521376" lon="12.110349"><ele>0</ele></trkpt>
      <trkpt lat="46.521357" lon="12.110261"><ele>0</ele></trkpt>
      <trkpt lat="46.521355" lon="12.110150"><ele>0</ele></trkpt>
      <trkpt lat="46.521375" lon="12.110051"><ele>0</ele></trkpt>
      <trkpt lat="46.521484" lon="12.109726"><ele>0</ele></trkpt>
      <trkpt lat="46.521535" lon="12.109511"><ele>0</ele></trkpt>
      <trkpt lat="46.521567" lon="12.109264"><ele>0</ele></trkpt>
      <trkpt lat="46.521579" lon="12.108999"><ele>0</ele></trkpt>
      <trkpt lat="46.521562" lon="12.108639"><ele>0</ele></trkpt>
      <trkpt lat="46.521485" lon="12.107875"><ele>0</ele></trkpt>
      <trkpt lat="46.521444" lon="12.107699"><ele>0</ele></trkpt>
      <trkpt lat="46.521349" lon="12.107461"><ele>0</ele></trkpt>
      <trkpt lat="46.521180" lon="12.107055"><ele>0</ele></trkpt>
      <trkpt lat="46.521086" lon="12.106872"><ele>0</ele></trkpt>
      <trkpt lat="46.520994" lon="12.106723"><ele>0</ele></trkpt>
      <trkpt lat="46.520894" lon="12.106611"><ele>0</ele></trkpt>
      <trkpt lat="46.519855" lon="12.105862"><ele>0</ele></trkpt>
      <trkpt lat="46.519782" lon="12.105773"><ele>0</ele></trkpt>
      <trkpt lat="46.519700" lon="12.105596"><ele>0</ele></trkpt>
      <trkpt lat="46.519671" lon="12.105426"><ele>0</ele></trkpt>
      <trkpt lat="46.519620" lon="12.105116"><ele>0</ele></trkpt>
      <trkpt lat="46.519491" lon="12.104390"><ele>0</ele></trkpt>
      <trkpt lat="46.519407" lon="12.104130"><ele>0</ele></trkpt>
      <trkpt lat="46.519288" lon="12.103900"><ele>0</ele></trkpt>
      <trkpt lat="46.518945" lon="12.103307"><ele>0</ele></trkpt>
      <trkpt lat="46.518032" lon="12.102098"><ele>0</ele></trkpt>
      <trkpt lat="46.517782" lon="12.101672"><ele>0</ele></trkpt>
      <trkpt lat="46.517483" lon="12.101150"><ele>0</ele></trkpt>
      <trkpt lat="46.517316" lon="12.100807"><ele>0</ele></trkpt>
      <trkpt lat="46.517288" lon="12.100708"><ele>0</ele></trkpt>
      <trkpt lat="46.517282" lon="12.100619"><ele>0</ele></trkpt>
      <trkpt lat="46.517292" lon="12.100533"><ele>0</ele></trkpt>
      <trkpt lat="46.517330" lon="12.100205"><ele>0</ele></trkpt>
      <trkpt lat="46.517327" lon="12.100126"><ele>0</ele></trkpt>
      <trkpt lat="46.517311" lon="12.100047"><ele>0</ele></trkpt>
      <trkpt lat="46.517268" lon="12.099953"><ele>0</ele></trkpt>
      <trkpt lat="46.517191" lon="12.099848"><ele>0</ele></trkpt>
      <trkpt lat="46.516668" lon="12.099322"><ele>0</ele></trkpt>
      <trkpt lat="46.516625" lon="12.099254"><ele>0</ele></trkpt>
      <trkpt lat="46.516593" lon="12.099191"><ele>0</ele></trkpt>
      <trkpt lat="46.516530" lon="12.099002"><ele>0</ele></trkpt>
      <trkpt lat="46.516497" lon="12.098837"><ele>0</ele></trkpt>
      <trkpt lat="46.516471" lon="12.098600"><ele>0</ele></trkpt>
      <trkpt lat="46.516469" lon="12.098419"><ele>0</ele></trkpt>
      <trkpt lat="46.516474" lon="12.097241"><ele>0</ele></trkpt>
      <trkpt lat="46.516558" lon="12.095913"><ele>0</ele></trkpt>
      <trkpt lat="46.516574" lon="12.095605"><ele>0</ele></trkpt>
      <trkpt lat="46.516574" lon="12.095324"><ele>0</ele></trkpt>
      <trkpt lat="46.516544" lon="12.095195"><ele>0</ele></trkpt>
      <trkpt lat="46.516490" lon="12.095060"><ele>0</ele></trkpt>
      <trkpt lat="46.516205" lon="12.094534"><ele>0</ele></trkpt>
      <trkpt lat="46.516146" lon="12.094430"><ele>0</ele></trkpt>
      <trkpt lat="46.516083" lon="12.094349"><ele>0</ele></trkpt>
      <trkpt lat="46.515987" lon="12.094287"><ele>0</ele></trkpt>
      <trkpt lat="46.515763" lon="12.094197"><ele>0</ele></trkpt>
      <trkpt lat="46.515644" lon="12.094109"><ele>0</ele></trkpt>
      <trkpt lat="46.515555" lon="12.094023"><ele>0</ele></trkpt>
      <trkpt lat="46.515019" lon="12.093286"><ele>0</ele></trkpt>
      <trkpt lat="46.514857" lon="12.093012"><ele>0</ele></trkpt>
      <trkpt lat="46.514765" lon="12.092835"><ele>0</ele></trkpt>
      <trkpt lat="46.514730" lon="12.092743"><ele>0</ele></trkpt>
      <trkpt lat="46.514688" lon="12.092566"><ele>0</ele></trkpt>
      <trkpt lat="46.514379" lon="12.090962"><ele>0</ele></trkpt>
      <trkpt lat="46.514325" lon="12.090693"><ele>0</ele></trkpt>
      <trkpt lat="46.514289" lon="12.090433"><ele>0</ele></trkpt>
      <trkpt lat="46.514289" lon="12.090337"><ele>0</ele></trkpt>
      <trkpt lat="46.514288" lon="12.089700"><ele>0</ele></trkpt>
      <trkpt lat="46.514285" lon="12.089611"><ele>0</ele></trkpt>
      <trkpt lat="46.514280" lon="12.089553"><ele>0</ele></trkpt>
      <trkpt lat="46.514260" lon="12.089475"><ele>0</ele></trkpt>
      <trkpt lat="46.514243" lon="12.089435"><ele>0</ele></trkpt>
      <trkpt lat="46.514181" lon="12.089343"><ele>0</ele></trkpt>
      <trkpt lat="46.514057" lon="12.089279"><ele>0</ele></trkpt>
      <trkpt lat="46.514020" lon="12.089281"><ele>0</ele></trkpt>
      <trkpt lat="46.513973" lon="12.089310"><ele>0</ele></trkpt>
      <trkpt lat="46.513879" lon="12.089447"><ele>0</ele></trkpt>
      <trkpt lat="46.513765" lon="12.089669"><ele>0</ele></trkpt>
      <trkpt lat="46.513720" lon="12.089726"><ele>0</ele></trkpt>
      <trkpt lat="46.513640" lon="12.089775"><ele>0</ele></trkpt>
      <trkpt lat="46.513232" lon="12.089985"><ele>0</ele></trkpt>
      <trkpt lat="46.512966" lon="12.090078"><ele>0</ele></trkpt>
      <trkpt lat="46.512926" lon="12.090076"><ele>0</ele></trkpt>
      <trkpt lat="46.512881" lon="12.090062"><ele>0</ele></trkpt>
      <trkpt lat="46.512842" lon="12.090026"><ele>0</ele></trkpt>
      <trkpt lat="46.512815" lon="12.089972"><ele>0</ele></trkpt>
      <trkpt lat="46.512813" lon="12.089912"><ele>0</ele></trkpt>
      <trkpt lat="46.512832" lon="12.089838"><ele>0</ele></trkpt>
      <trkpt lat="46.513137" lon="12.089221"><ele>0</ele></trkpt>
      <trkpt lat="46.513195" lon="12.089133"><ele>0</ele></trkpt>
      <trkpt lat="46.513262" lon="12.089050"><ele>0</ele></trkpt>
      <trkpt lat="46.513325" lon="12.089006"><ele>0</ele></trkpt>
      <trkpt lat="46.513415" lon="12.088950"><ele>0</ele></trkpt>
      <trkpt lat="46.513556" lon="12.088876"><ele>0</ele></trkpt>
      <trkpt lat="46.513599" lon="12.088837"><ele>0</ele></trkpt>
      <trkpt lat="46.513620" lon="12.088796"><ele>0</ele></trkpt>
      <trkpt lat="46.513630" lon="12.088755"><ele>0</ele></trkpt>
      <trkpt lat="46.513633" lon="12.088689"><ele>0</ele></trkpt>
      <trkpt lat="46.513627" lon="12.088624"><ele>0</ele></trkpt>
      <trkpt lat="46.513607" lon="12.088548"><ele>0</ele></trkpt>
      <trkpt lat="46.513584" lon="12.088503"><ele>0</ele></trkpt>
      <trkpt lat="46.513547" lon="12.088467"><ele>0</ele></trkpt>
      <trkpt lat="46.513498" lon="12.088449"><ele>0</ele></trkpt>
      <trkpt lat="46.513448" lon="12.088440"><ele>0</ele></trkpt>
      <trkpt lat="46.513386" lon="12.088451"><ele>0</ele></trkpt>
      <trkpt lat="46.512883" lon="12.088771"><ele>0</ele></trkpt>
      <trkpt lat="46.512635" lon="12.088899"><ele>0</ele></trkpt>
      <trkpt lat="46.512456" lon="12.088939"><ele>0</ele></trkpt>
      <trkpt lat="46.512212" lon="12.088934"><ele>0</ele></trkpt>
      <trkpt lat="46.511885" lon="12.088889"><ele>0</ele></trkpt>
      <trkpt lat="46.511709" lon="12.088829"><ele>0</ele></trkpt>
      <trkpt lat="46.511545" lon="12.088752"><ele>0</ele></trkpt>
      <trkpt lat="46.511507" lon="12.088703"><ele>0</ele></trkpt>
      <trkpt lat="46.511483" lon="12.088632"><ele>0</ele></trkpt>
      <trkpt lat="46.511479" lon="12.088578"><ele>0</ele></trkpt>
      <trkpt lat="46.511488" lon="12.088519"><ele>0</ele></trkpt>
      <trkpt lat="46.511533" lon="12.088439"><ele>0</ele></trkpt>
      <trkpt lat="46.511566" lon="12.088418"><ele>0</ele></trkpt>
      <trkpt lat="46.511619" lon="12.088421"><ele>0</ele></trkpt>
      <trkpt lat="46.511674" lon="12.088454"><ele>0</ele></trkpt>
      <trkpt lat="46.511845" lon="12.088616"><ele>0</ele></trkpt>
      <trkpt lat="46.511884" lon="12.088635"><ele>0</ele></trkpt>
      <trkpt lat="46.511922" lon="12.088639"><ele>0</ele></trkpt>
      <trkpt lat="46.511954" lon="12.088630"><ele>0</ele></trkpt>
      <trkpt lat="46.511984" lon="12.088605"><ele>0</ele></trkpt>
      <trkpt lat="46.512002" lon="12.088564"><ele>0</ele></trkpt>
      <trkpt lat="46.512020" lon="12.088447"><ele>0</ele></trkpt>
      <trkpt lat="46.512019" lon="12.088395"><ele>0</ele></trkpt>
      <trkpt lat="46.512006" lon="12.088357"><ele>0</ele></trkpt>
      <trkpt lat="46.511982" lon="12.088320"><ele>0</ele></trkpt>
      <trkpt lat="46.511951" lon="12.088298"><ele>0</ele></trkpt>
      <trkpt lat="46.511682" lon="12.088203"><ele>0</ele></trkpt>
      <trkpt lat="46.511630" lon="12.088169"><ele>0</ele></trkpt>
      <trkpt lat="46.511584" lon="12.088118"><ele>0</ele></trkpt>
      <trkpt lat="46.511543" lon="12.088044"><ele>0</ele></trkpt>
      <trkpt lat="46.511527" lon="12.087971"><ele>0</ele></trkpt>
      <trkpt lat="46.511530" lon="12.087900"><ele>0</ele></trkpt>
      <trkpt lat="46.511549" lon="12.087778"><ele>0</ele></trkpt>
      <trkpt lat="46.511624" lon="12.087579"><ele>0</ele></trkpt>
      <trkpt lat="46.511888" lon="12.087252"><ele>0</ele></trkpt>
      <trkpt lat="46.511940" lon="12.087124"><ele>0</ele></trkpt>
      <trkpt lat="46.511965" lon="12.087020"><ele>0</ele></trkpt>
      <trkpt lat="46.511959" lon="12.086902"><ele>0</ele></trkpt>
      <trkpt lat="46.511937" lon="12.086789"><ele>0</ele></trkpt>
      <trkpt lat="46.511608" lon="12.085913"><ele>0</ele></trkpt>
      <trkpt lat="46.511562" lon="12.085797"><ele>0</ele></trkpt>
      <trkpt lat="46.511524" lon="12.085752"><ele>0</ele></trkpt>
      <trkpt lat="46.511306" lon="12.085638"><ele>0</ele></trkpt>
      <trkpt lat="46.511198" lon="12.085580"><ele>0</ele></trkpt>
      <trkpt lat="46.511158" lon="12.085546"><ele>0</ele></trkpt>
      <trkpt lat="46.511135" lon="12.085502"><ele>0</ele></trkpt>
      <trkpt lat="46.511125" lon="12.085461"><ele>0</ele></trkpt>
      <trkpt lat="46.511122" lon="12.085396"><ele>0</ele></trkpt>
      <trkpt lat="46.511138" lon="12.085350"><ele>0</ele></trkpt>
      <trkpt lat="46.511162" lon="12.085328"><ele>0</ele></trkpt>
      <trkpt lat="46.511201" lon="12.085311"><ele>0</ele></trkpt>
      <trkpt lat="46.511415" lon="12.085287"><ele>0</ele></trkpt>
      <trkpt lat="46.511471" lon="12.085256"><ele>0</ele></trkpt>
      <trkpt lat="46.511514" lon="12.085204"><ele>0</ele></trkpt>
      <trkpt lat="46.511524" lon="12.085148"><ele>0</ele></trkpt>
      <trkpt lat="46.511516" lon="12.085084"><ele>0</ele></trkpt>
      <trkpt lat="46.511482" lon="12.085018"><ele>0</ele></trkpt>
      <trkpt lat="46.511387" lon="12.084899"><ele>0</ele></trkpt>
      <trkpt lat="46.511051" lon="12.084588"><ele>0</ele></trkpt>
      <trkpt lat="46.510842" lon="12.084332"><ele>0</ele></trkpt>
      <trkpt lat="46.510752" lon="12.084225"><ele>0</ele></trkpt>
      <trkpt lat="46.510674" lon="12.084194"><ele>0</ele></trkpt>
      <trkpt lat="46.510583" lon="12.084193"><ele>0</ele></trkpt>
      <trkpt lat="46.509917" lon="12.084361"><ele>0</ele></trkpt>
      <trkpt lat="46.509799" lon="12.084391"><ele>0</ele></trkpt>
      <trkpt lat="46.509709" lon="12.084369"><ele>0</ele></trkpt>
      <trkpt lat="46.509631" lon="12.084328"><ele>0</ele></trkpt>
      <trkpt lat="46.509223" lon="12.083831"><ele>0</ele></trkpt>
      <trkpt lat="46.509122" lon="12.083721"><ele>0</ele></trkpt>
      <trkpt lat="46.509044" lon="12.083661"><ele>0</ele></trkpt>
      <trkpt lat="46.508647" lon="12.083445"><ele>0</ele></trkpt>
      <trkpt lat="46.508561" lon="12.083385"><ele>0</ele></trkpt>
      <trkpt lat="46.508491" lon="12.083299"><ele>0</ele></trkpt>
      <trkpt lat="46.508279" lon="12.082740"><ele>0</ele></trkpt>
      <trkpt lat="46.508190" lon="12.082545"><ele>0</ele></trkpt>
      <trkpt lat="46.507806" lon="12.081974"><ele>0</ele></trkpt>
      <trkpt lat="46.506545" lon="12.080190"><ele>0</ele></trkpt>
      <trkpt lat="46.506348" lon="12.079929"><ele>0</ele></trkpt>
      <trkpt lat="46.506237" lon="12.079736"><ele>0</ele></trkpt>
      <trkpt lat="46.506173" lon="12.079586"><ele>0</ele></trkpt>
      <trkpt lat="46.505894" lon="12.078866"><ele>0</ele></trkpt>
      <trkpt lat="46.505797" lon="12.078500"><ele>0</ele></trkpt>
      <trkpt lat="46.505791" lon="12.078478"><ele>0</ele></trkpt>
      <trkpt lat="46.505629" lon="12.077703"><ele>0</ele></trkpt>
      <trkpt lat="46.505472" lon="12.077238"><ele>0</ele></trkpt>
      <trkpt lat="46.505307" lon="12.076774"><ele>0</ele></trkpt>
      <trkpt lat="46.505270" lon="12.076711"><ele>0</ele></trkpt>
      <trkpt lat="46.505233" lon="12.076695"><ele>0</ele></trkpt>
      <trkpt lat="46.505190" lon="12.076698"><ele>0</ele></trkpt>
      <trkpt lat="46.505153" lon="12.076718"><ele>0</ele></trkpt>
      <trkpt lat="46.504931" lon="12.076896"><ele>0</ele></trkpt>
      <trkpt lat="46.504789" lon="12.076964"><ele>0</ele></trkpt>
      <trkpt lat="46.504666" lon="12.076994"><ele>0</ele></trkpt>
      <trkpt lat="46.504502" lon="12.077000"><ele>0</ele></trkpt>
      <trkpt lat="46.504284" lon="12.076976"><ele>0</ele></trkpt>
      <trkpt lat="46.504186" lon="12.076946"><ele>0</ele></trkpt>
      <trkpt lat="46.504060" lon="12.076813"><ele>0</ele></trkpt>
      <trkpt lat="46.503689" lon="12.076368"><ele>0</ele></trkpt>
      <trkpt lat="46.503626" lon="12.076332"><ele>0</ele></trkpt>
      <trkpt lat="46.503548" lon="12.076324"><ele>0</ele></trkpt>
      <trkpt lat="46.503371" lon="12.076358"><ele>0</ele></trkpt>
      <trkpt lat="46.503320" lon="12.076387"><ele>0</ele></trkpt>
      <trkpt lat="46.503141" lon="12.076487"><ele>0</ele></trkpt>
      <trkpt lat="46.503064" lon="12.076502"><ele>0</ele></trkpt>
      <trkpt lat="46.503007" lon="12.076473"><ele>0</ele></trkpt>
      <trkpt lat="46.502951" lon="12.076371"><ele>0</ele></trkpt>
      <trkpt lat="46.502920" lon="12.076171"><ele>0</ele></trkpt>
      <trkpt lat="46.502927" lon="12.076070"><ele>0</ele></trkpt>
      <trkpt lat="46.502960" lon="12.075802"><ele>0</ele></trkpt>
      <trkpt lat="46.502955" lon="12.075676"><ele>0</ele></trkpt>
      <trkpt lat="46.502930" lon="12.075589"><ele>0</ele></trkpt>
      <trkpt lat="46.502887" lon="12.075530"><ele>0</ele></trkpt>
      <trkpt lat="46.502827" lon="12.075500"><ele>0</ele></trkpt>
      <trkpt lat="46.502758" lon="12.075513"><ele>0</ele></trkpt>
      <trkpt lat="46.502720" lon="12.075549"><ele>0</ele></trkpt>
      <trkpt lat="46.502685" lon="12.075623"><ele>0</ele></trkpt>
      <trkpt lat="46.502580" lon="12.075895"><ele>0</ele></trkpt>
      <trkpt lat="46.502516" lon="12.076008"><ele>0</ele></trkpt>
      <trkpt lat="46.502451" lon="12.076079"><ele>0</ele></trkpt>
      <trkpt lat="46.502372" lon="12.076115"><ele>0</ele></trkpt>
      <trkpt lat="46.502153" lon="12.076161"><ele>0</ele></trkpt>
      <trkpt lat="46.502102" lon="12.076149"><ele>0</ele></trkpt>
      <trkpt lat="46.502073" lon="12.076124"><ele>0</ele></trkpt>
      <trkpt lat="46.502054" lon="12.076093"><ele>0</ele></trkpt>
      <trkpt lat="46.502033" lon="12.075974"><ele>0</ele></trkpt>
      <trkpt lat="46.502037" lon="12.075933"><ele>0</ele></trkpt>
      <trkpt lat="46.502051" lon="12.075902"><ele>0</ele></trkpt>
      <trkpt lat="46.502076" lon="12.075874"><ele>0</ele></trkpt>
      <trkpt lat="46.502277" lon="12.075770"><ele>0</ele></trkpt>
      <trkpt lat="46.502322" lon="12.075718"><ele>0</ele></trkpt>
      <trkpt lat="46.502339" lon="12.075660"><ele>0</ele></trkpt>
      <trkpt lat="46.502340" lon="12.075592"><ele>0</ele></trkpt>
      <trkpt lat="46.502322" lon="12.075530"><ele>0</ele></trkpt>
      <trkpt lat="46.502291" lon="12.075493"><ele>0</ele></trkpt>
      <trkpt lat="46.502249" lon="12.075480"><ele>0</ele></trkpt>
      <trkpt lat="46.502196" lon="12.075490"><ele>0</ele></trkpt>
      <trkpt lat="46.501721" lon="12.075744"><ele>0</ele></trkpt>
      <trkpt lat="46.501680" lon="12.075747"><ele>0</ele></trkpt>
      <trkpt lat="46.501634" lon="12.075733"><ele>0</ele></trkpt>
      <trkpt lat="46.501599" lon="12.075695"><ele>0</ele></trkpt>
      <trkpt lat="46.501563" lon="12.075615"><ele>0</ele></trkpt>
      <trkpt lat="46.501561" lon="12.075538"><ele>0</ele></trkpt>
      <trkpt lat="46.501568" lon="12.075480"><ele>0</ele></trkpt>
      <trkpt lat="46.501596" lon="12.075440"><ele>0</ele></trkpt>
      <trkpt lat="46.501640" lon="12.075415"><ele>0</ele></trkpt>
      <trkpt lat="46.501813" lon="12.075417"><ele>0</ele></trkpt>
      <trkpt lat="46.501877" lon="12.075403"><ele>0</ele></trkpt>
      <trkpt lat="46.501917" lon="12.075383"><ele>0</ele></trkpt>
      <trkpt lat="46.501950" lon="12.075339"><ele>0</ele></trkpt>
      <trkpt lat="46.501965" lon="12.075280"><ele>0</ele></trkpt>
      <trkpt lat="46.501960" lon="12.075187"><ele>0</ele></trkpt>
      <trkpt lat="46.501940" lon="12.075129"><ele>0</ele></trkpt>
      <trkpt lat="46.501914" lon="12.075095"><ele>0</ele></trkpt>
      <trkpt lat="46.501864" lon="12.075069"><ele>0</ele></trkpt>
      <trkpt lat="46.501797" lon="12.075064"><ele>0</ele></trkpt>
      <trkpt lat="46.501583" lon="12.075115"><ele>0</ele></trkpt>
      <trkpt lat="46.501475" lon="12.075168"><ele>0</ele></trkpt>
      <trkpt lat="46.501145" lon="12.075432"><ele>0</ele></trkpt>
      <trkpt lat="46.501060" lon="12.075470"><ele>0</ele></trkpt>
      <trkpt lat="46.500920" lon="12.075490"><ele>0</ele></trkpt>
      <trkpt lat="46.499503" lon="12.075495"><ele>0</ele></trkpt>
      <trkpt lat="46.498347" lon="12.075712"><ele>0</ele></trkpt>
      <trkpt lat="46.498160" lon="12.075786"><ele>0</ele></trkpt>
      <trkpt lat="46.497626" lon="12.076018"><ele>0</ele></trkpt>
      <trkpt lat="46.497477" lon="12.076035"><ele>0</ele></trkpt>
      <trkpt lat="46.497341" lon="12.076012"><ele>0</ele></trkpt>
      <trkpt lat="46.496269" lon="12.075452"><ele>0</ele></trkpt>
      <trkpt lat="46.496151" lon="12.075416"><ele>0</ele></trkpt>
      <trkpt lat="46.496074" lon="12.075424"><ele>0</ele></trkpt>
      <trkpt lat="46.496008" lon="12.075480"><ele>0</ele></trkpt>
      <trkpt lat="46.495960" lon="12.075593"><ele>0</ele></trkpt>
      <trkpt lat="46.495944" lon="12.075738"><ele>0</ele></trkpt>
      <trkpt lat="46.495971" lon="12.075891"><ele>0</ele></trkpt>
      <trkpt lat="46.495962" lon="12.076007"><ele>0</ele></trkpt>
      <trkpt lat="46.495920" lon="12.076097"><ele>0</ele></trkpt>
      <trkpt lat="46.495878" lon="12.076148"><ele>0</ele></trkpt>
      <trkpt lat="46.495815" lon="12.076164"><ele>0</ele></trkpt>
      <trkpt lat="46.495765" lon="12.076157"><ele>0</ele></trkpt>
      <trkpt lat="46.495319" lon="12.076013"><ele>0</ele></trkpt>
      <trkpt lat="46.495145" lon="12.075964"><ele>0</ele></trkpt>
      <trkpt lat="46.495102" lon="12.075935"><ele>0</ele></trkpt>
      <trkpt lat="46.495081" lon="12.075893"><ele>0</ele></trkpt>
      <trkpt lat="46.495068" lon="12.075840"><ele>0</ele></trkpt>
      <trkpt lat="46.495069" lon="12.075782"><ele>0</ele></trkpt>
      <trkpt lat="46.495084" lon="12.075728"><ele>0</ele></trkpt>
      <trkpt lat="46.495111" lon="12.075693"><ele>0</ele></trkpt>
      <trkpt lat="46.495154" lon="12.075671"><ele>0</ele></trkpt>
      <trkpt lat="46.495289" lon="12.075640"><ele>0</ele></trkpt>
      <trkpt lat="46.495322" lon="12.075614"><ele>0</ele></trkpt>
      <trkpt lat="46.495369" lon="12.075556"><ele>0</ele></trkpt>
      <trkpt lat="46.495386" lon="12.075524"><ele>0</ele></trkpt>
      <trkpt lat="46.495392" lon="12.075481"><ele>0</ele></trkpt>
      <trkpt lat="46.495386" lon="12.075432"><ele>0</ele></trkpt>
      <trkpt lat="46.495364" lon="12.075367"><ele>0</ele></trkpt>
      <trkpt lat="46.495336" lon="12.075338"><ele>0</ele></trkpt>
      <trkpt lat="46.495303" lon="12.075319"><ele>0</ele></trkpt>
      <trkpt lat="46.495252" lon="12.075315"><ele>0</ele></trkpt>
      <trkpt lat="46.494977" lon="12.075446"><ele>0</ele></trkpt>
      <trkpt lat="46.494694" lon="12.075557"><ele>0</ele></trkpt>
      <trkpt lat="46.494600" lon="12.075593"><ele>0</ele></trkpt>
      <trkpt lat="46.494520" lon="12.075600"><ele>0</ele></trkpt>
      <trkpt lat="46.494449" lon="12.075583"><ele>0</ele></trkpt>
      <trkpt lat="46.494371" lon="12.075550"><ele>0</ele></trkpt>
      <trkpt lat="46.494274" lon="12.075467"><ele>0</ele></trkpt>
      <trkpt lat="46.494043" lon="12.075027"><ele>0</ele></trkpt>
      <trkpt lat="46.493771" lon="12.074546"><ele>0</ele></trkpt>
      <trkpt lat="46.493698" lon="12.074411"><ele>0</ele></trkpt>
      <trkpt lat="46.493605" lon="12.074241"><ele>0</ele></trkpt>
      <trkpt lat="46.493559" lon="12.074167"><ele>0</ele></trkpt>
      <trkpt lat="46.493511" lon="12.074111"><ele>0</ele></trkpt>
      <trkpt lat="46.493442" lon="12.074053"><ele>0</ele></trkpt>
      <trkpt lat="46.493324" lon="12.073979"><ele>0</ele></trkpt>
      <trkpt lat="46.492933" lon="12.073815"><ele>0</ele></trkpt>
      <trkpt lat="46.492896" lon="12.073782"><ele>0</ele></trkpt>
      <trkpt lat="46.492867" lon="12.073734"><ele>0</ele></trkpt>
      <trkpt lat="46.492853" lon="12.073685"><ele>0</ele></trkpt>
      <trkpt lat="46.492850" lon="12.073578"><ele>0</ele></trkpt>
      <trkpt lat="46.492862" lon="12.073532"><ele>0</ele></trkpt>
      <trkpt lat="46.492897" lon="12.073496"><ele>0</ele></trkpt>
      <trkpt lat="46.492996" lon="12.073456"><ele>0</ele></trkpt>
      <trkpt lat="46.493152" lon="12.073404"><ele>0</ele></trkpt>
      <trkpt lat="46.493196" lon="12.073373"><ele>0</ele></trkpt>
      <trkpt lat="46.493228" lon="12.073322"><ele>0</ele></trkpt>
      <trkpt lat="46.493239" lon="12.073272"><ele>0</ele></trkpt>
      <trkpt lat="46.493236" lon="12.073208"><ele>0</ele></trkpt>
      <trkpt lat="46.493216" lon="12.073146"><ele>0</ele></trkpt>
      <trkpt lat="46.493186" lon="12.073096"><ele>0</ele></trkpt>
      <trkpt lat="46.493138" lon="12.073060"><ele>0</ele></trkpt>
      <trkpt lat="46.492951" lon="12.072943"><ele>0</ele></trkpt>
      <trkpt lat="46.492889" lon="12.072917"><ele>0</ele></trkpt>
      <trkpt lat="46.492835" lon="12.072908"><ele>0</ele></trkpt>
      <trkpt lat="46.492747" lon="12.072909"><ele>0</ele></trkpt>
      <trkpt lat="46.492676" lon="12.072927"><ele>0</ele></trkpt>
      <trkpt lat="46.492546" lon="12.072969"><ele>0</ele></trkpt>
      <trkpt lat="46.492501" lon="12.072975"><ele>0</ele></trkpt>
      <trkpt lat="46.492447" lon="12.072966"><ele>0</ele></trkpt>
      <trkpt lat="46.492401" lon="12.072943"><ele>0</ele></trkpt>
      <trkpt lat="46.492358" lon="12.072902"><ele>0</ele></trkpt>
      <trkpt lat="46.492315" lon="12.072827"><ele>0</ele></trkpt>
      <trkpt lat="46.492060" lon="12.072254"><ele>0</ele></trkpt>
      <trkpt lat="46.492045" lon="12.072192"><ele>0</ele></trkpt>
      <trkpt lat="46.492046" lon="12.072131"><ele>0</ele></trkpt>
      <trkpt lat="46.492060" lon="12.072070"><ele>0</ele></trkpt>
      <trkpt lat="46.492108" lon="12.072006"><ele>0</ele></trkpt>
      <trkpt lat="46.492143" lon="12.071993"><ele>0</ele></trkpt>
      <trkpt lat="46.492185" lon="12.072002"><ele>0</ele></trkpt>
      <trkpt lat="46.492282" lon="12.072047"><ele>0</ele></trkpt>
      <trkpt lat="46.492554" lon="12.072261"><ele>0</ele></trkpt>
      <trkpt lat="46.492594" lon="12.072273"><ele>0</ele></trkpt>
      <trkpt lat="46.492632" lon="12.072269"><ele>0</ele></trkpt>
      <trkpt lat="46.492664" lon="12.072249"><ele>0</ele></trkpt>
      <trkpt lat="46.492692" lon="12.072215"><ele>0</ele></trkpt>
      <trkpt lat="46.492719" lon="12.072150"><ele>0</ele></trkpt>
      <trkpt lat="46.492723" lon="12.072098"><ele>0</ele></trkpt>
      <trkpt lat="46.492720" lon="12.072047"><ele>0</ele></trkpt>
      <trkpt lat="46.492703" lon="12.071996"><ele>0</ele></trkpt>
      <trkpt lat="46.492671" lon="12.071955"><ele>0</ele></trkpt>
      <trkpt lat="46.492234" lon="12.071655"><ele>0</ele></trkpt>
      <trkpt lat="46.492144" lon="12.071574"><ele>0</ele></trkpt>
      <trkpt lat="46.492007" lon="12.071358"><ele>0</ele></trkpt>
      <trkpt lat="46.491918" lon="12.071174"><ele>0</ele></trkpt>
      <trkpt lat="46.491392" lon="12.070477"><ele>0</ele></trkpt>
      <trkpt lat="46.491320" lon="12.070397"><ele>0</ele></trkpt>
      <trkpt lat="46.491264" lon="12.070361"><ele>0</ele></trkpt>
      <trkpt lat="46.491208" lon="12.070340"><ele>0</ele></trkpt>
      <trkpt lat="46.491142" lon="12.070340"><ele>0</ele></trkpt>
      <trkpt lat="46.490874" lon="12.070392"><ele>0</ele></trkpt>
      <trkpt lat="46.490814" lon="12.070393"><ele>0</ele></trkpt>
      <trkpt lat="46.490775" lon="12.070373"><ele>0</ele></trkpt>
      <trkpt lat="46.490741" lon="12.070325"><ele>0</ele></trkpt>
      <trkpt lat="46.490712" lon="12.070238"><ele>0</ele></trkpt>
      <trkpt lat="46.490532" lon="12.069518"><ele>0</ele></trkpt>
      <trkpt lat="46.490507" lon="12.069458"><ele>0</ele></trkpt>
      <trkpt lat="46.490323" lon="12.069197"><ele>0</ele></trkpt>
      <trkpt lat="46.490272" lon="12.069087"><ele>0</ele></trkpt>
      <trkpt lat="46.490252" lon="12.069025"><ele>0</ele></trkpt>
      <trkpt lat="46.490225" lon="12.068898"><ele>0</ele></trkpt>
      <trkpt lat="46.490188" lon="12.068597"><ele>0</ele></trkpt>
      <trkpt lat="46.490156" lon="12.068457"><ele>0</ele></trkpt>
      <trkpt lat="46.490051" lon="12.068190"><ele>0</ele></trkpt>
      <trkpt lat="46.489957" lon="12.068017"><ele>0</ele></trkpt>
      <trkpt lat="46.489879" lon="12.067915"><ele>0</ele></trkpt>
      <trkpt lat="46.489770" lon="12.067794"><ele>0</ele></trkpt>
      <trkpt lat="46.489444" lon="12.067540"><ele>0</ele></trkpt>
      <trkpt lat="46.489201" lon="12.067345"><ele>0</ele></trkpt>
      <trkpt lat="46.489073" lon="12.067263"><ele>0</ele></trkpt>
      <trkpt lat="46.488967" lon="12.067207"><ele>0</ele></trkpt>
      <trkpt lat="46.488750" lon="12.067111"><ele>0</ele></trkpt>
      <trkpt lat="46.488715" lon="12.067081"><ele>0</ele></trkpt>
      <trkpt lat="46.488690" lon="12.067038"><ele>0</ele></trkpt>
      <trkpt lat="46.488674" lon="12.066986"><ele>0</ele></trkpt>
      <trkpt lat="46.488674" lon="12.066910"><ele>0</ele></trkpt>
      <trkpt lat="46.488683" lon="12.066872"><ele>0</ele></trkpt>
      <trkpt lat="46.488704" lon="12.066834"><ele>0</ele></trkpt>
      <trkpt lat="46.488729" lon="12.066811"><ele>0</ele></trkpt>
      <trkpt lat="46.488761" lon="12.066796"><ele>0</ele></trkpt>
      <trkpt lat="46.488812" lon="12.066788"><ele>0</ele></trkpt>
      <trkpt lat="46.489644" lon="12.066848"><ele>0</ele></trkpt>
      <trkpt lat="46.489671" lon="12.066840"><ele>0</ele></trkpt>
      <trkpt lat="46.489693" lon="12.066826"><ele>0</ele></trkpt>
      <trkpt lat="46.489711" lon="12.066801"><ele>0</ele></trkpt>
      <trkpt lat="46.489721" lon="12.066768"><ele>0</ele></trkpt>
      <trkpt lat="46.489729" lon="12.066702"><ele>0</ele></trkpt>
      <trkpt lat="46.489730" lon="12.066654"><ele>0</ele></trkpt>
      <trkpt lat="46.489727" lon="12.066623"><ele>0</ele></trkpt>
      <trkpt lat="46.489716" lon="12.066590"><ele>0</ele></trkpt>
      <trkpt lat="46.489695" lon="12.066559"><ele>0</ele></trkpt>
      <trkpt lat="46.489646" lon="12.066513"><ele>0</ele></trkpt>
      <trkpt lat="46.489502" lon="12.066409"><ele>0</ele></trkpt>
      <trkpt lat="46.489445" lon="12.066354"><ele>0</ele></trkpt>
      <trkpt lat="46.489411" lon="12.066302"><ele>0</ele></trkpt>
      <trkpt lat="46.489206" lon="12.066001"><ele>0</ele></trkpt>
      <trkpt lat="46.489081" lon="12.065813"><ele>0</ele></trkpt>
      <trkpt lat="46.489027" lon="12.065717"><ele>0</ele></trkpt>
      <trkpt lat="46.488994" lon="12.065646"><ele>0</ele></trkpt>
      <trkpt lat="46.488952" lon="12.065510"><ele>0</ele></trkpt>
      <trkpt lat="46.488861" lon="12.065130"><ele>0</ele></trkpt>
      <trkpt lat="46.488823" lon="12.065010"><ele>0</ele></trkpt>
      <trkpt lat="46.488777" lon="12.064890"><ele>0</ele></trkpt>
      <trkpt lat="46.488715" lon="12.064793"><ele>0</ele></trkpt>
      <trkpt lat="46.488639" lon="12.064679"><ele>0</ele></trkpt>
      <trkpt lat="46.488268" lon="12.064241"><ele>0</ele></trkpt>
      <trkpt lat="46.488238" lon="12.064190"><ele>0</ele></trkpt>
      <trkpt lat="46.488223" lon="12.064153"><ele>0</ele></trkpt>
      <trkpt lat="46.488215" lon="12.064098"><ele>0</ele></trkpt>
      <trkpt lat="46.488222" lon="12.064039"><ele>0</ele></trkpt>
      <trkpt lat="46.488238" lon="12.063991"><ele>0</ele></trkpt>
      <trkpt lat="46.488259" lon="12.063953"><ele>0</ele></trkpt>
      <trkpt lat="46.488284" lon="12.063936"><ele>0</ele></trkpt>
      <trkpt lat="46.488322" lon="12.063923"><ele>0</ele></trkpt>
      <trkpt lat="46.489388" lon="12.063878"><ele>0</ele></trkpt>
      <trkpt lat="46.489695" lon="12.063855"><ele>0</ele></trkpt>
      <trkpt lat="46.489911" lon="12.063803"><ele>0</ele></trkpt>
      <trkpt lat="46.490527" lon="12.063632"><ele>0</ele></trkpt>
      <trkpt lat="46.490655" lon="12.063621"><ele>0</ele></trkpt>
      <trkpt lat="46.490778" lon="12.063634"><ele>0</ele></trkpt>
      <trkpt lat="46.491576" lon="12.063804"><ele>0</ele></trkpt>
      <trkpt lat="46.491669" lon="12.063816"><ele>0</ele></trkpt>
      <trkpt lat="46.491739" lon="12.063818"><ele>0</ele></trkpt>
      <trkpt lat="46.491853" lon="12.063809"><ele>0</ele></trkpt>
      <trkpt lat="46.491937" lon="12.063784"><ele>0</ele></trkpt>
      <trkpt lat="46.491977" lon="12.063757"><ele>0</ele></trkpt>
      <trkpt lat="46.492001" lon="12.063727"><ele>0</ele></trkpt>
      <trkpt lat="46.492025" lon="12.063689"><ele>0</ele></trkpt>
      <trkpt lat="46.492037" lon="12.063629"><ele>0</ele></trkpt>
      <trkpt lat="46.492043" lon="12.063525"><ele>0</ele></trkpt>
      <trkpt lat="46.492035" lon="12.063461"><ele>0</ele></trkpt>
      <trkpt lat="46.492019" lon="12.063402"><ele>0</ele></trkpt>
      <trkpt lat="46.491991" lon="12.063360"><ele>0</ele></trkpt>
      <trkpt lat="46.491931" lon="12.063314"><ele>0</ele></trkpt>
      <trkpt lat="46.491866" lon="12.063289"><ele>0</ele></trkpt>
      <trkpt lat="46.491176" lon="12.063135"><ele>0</ele></trkpt>
      <trkpt lat="46.491113" lon="12.063112"><ele>0</ele></trkpt>
      <trkpt lat="46.491065" lon="12.063073"><ele>0</ele></trkpt>
      <trkpt lat="46.491032" lon="12.063029"><ele>0</ele></trkpt>
      <trkpt lat="46.491023" lon="12.062985"><ele>0</ele></trkpt>
      <trkpt lat="46.491022" lon="12.062928"><ele>0</ele></trkpt>
      <trkpt lat="46.491034" lon="12.062874"><ele>0</ele></trkpt>
      <trkpt lat="46.491060" lon="12.062828"><ele>0</ele></trkpt>
      <trkpt lat="46.491088" lon="12.062806"><ele>0</ele></trkpt>
      <trkpt lat="46.491135" lon="12.062798"><ele>0</ele></trkpt>
      <trkpt lat="46.491480" lon="12.062842"><ele>0</ele></trkpt>
      <trkpt lat="46.491529" lon="12.062836"><ele>0</ele></trkpt>
      <trkpt lat="46.491587" lon="12.062820"><ele>0</ele></trkpt>
      <trkpt lat="46.491663" lon="12.062767"><ele>0</ele></trkpt>
      <trkpt lat="46.491700" lon="12.062729"><ele>0</ele></trkpt>
      <trkpt lat="46.491742" lon="12.062667"><ele>0</ele></trkpt>
      <trkpt lat="46.492012" lon="12.062172"><ele>0</ele></trkpt>
      <trkpt lat="46.492138" lon="12.061978"><ele>0</ele></trkpt>
      <trkpt lat="46.492336" lon="12.061765"><ele>0</ele></trkpt>
      <trkpt lat="46.492359" lon="12.061732"><ele>0</ele></trkpt>
      <trkpt lat="46.492370" lon="12.061701"><ele>0</ele></trkpt>
      <trkpt lat="46.492377" lon="12.061660"><ele>0</ele></trkpt>
      <trkpt lat="46.492375" lon="12.061604"><ele>0</ele></trkpt>
      <trkpt lat="46.492367" lon="12.061562"><ele>0</ele></trkpt>
      <trkpt lat="46.492346" lon="12.061518"><ele>0</ele></trkpt>
      <trkpt lat="46.492317" lon="12.061488"><ele>0</ele></trkpt>
      <trkpt lat="46.492288" lon="12.061474"><ele>0</ele></trkpt>
      <trkpt lat="46.492252" lon="12.061468"><ele>0</ele></trkpt>
      <trkpt lat="46.492211" lon="12.061476"><ele>0</ele></trkpt>
      <trkpt lat="46.491975" lon="12.061625"><ele>0</ele></trkpt>
      <trkpt lat="46.491879" lon="12.061670"><ele>0</ele></trkpt>
      <trkpt lat="46.491764" lon="12.061701"><ele>0</ele></trkpt>
      <trkpt lat="46.491695" lon="12.061710"><ele>0</ele></trkpt>
      <trkpt lat="46.491601" lon="12.061706"><ele>0</ele></trkpt>
      <trkpt lat="46.491325" lon="12.061661"><ele>0</ele></trkpt>
      <trkpt lat="46.491153" lon="12.061639"><ele>0</ele></trkpt>
      <trkpt lat="46.491068" lon="12.061641"><ele>0</ele></trkpt>
      <trkpt lat="46.490972" lon="12.061646"><ele>0</ele></trkpt>
      <trkpt lat="46.490724" lon="12.061661"><ele>0</ele></trkpt>
      <trkpt lat="46.490643" lon="12.061652"><ele>0</ele></trkpt>
      <trkpt lat="46.490599" lon="12.061632"><ele>0</ele></trkpt>
      <trkpt lat="46.490516" lon="12.061585"><ele>0</ele></trkpt>
      <trkpt lat="46.490440" lon="12.061515"><ele>0</ele></trkpt>
      <trkpt lat="46.489480" lon="12.060434"><ele>0</ele></trkpt>
      <trkpt lat="46.489028" lon="12.059953"><ele>0</ele></trkpt>
      <trkpt lat="46.488972" lon="12.059867"><ele>0</ele></trkpt>
      <trkpt lat="46.488935" lon="12.059785"><ele>0</ele></trkpt>
      <trkpt lat="46.488914" lon="12.059696"><ele>0</ele></trkpt>
      <trkpt lat="46.488902" lon="12.059613"><ele>0</ele></trkpt>
      <trkpt lat="46.488878" lon="12.059419"><ele>0</ele></trkpt>
      <trkpt lat="46.488861" lon="12.059332"><ele>0</ele></trkpt>
      <trkpt lat="46.488828" lon="12.059227"><ele>0</ele></trkpt>
      <trkpt lat="46.488473" lon="12.058336"><ele>0</ele></trkpt>
      <trkpt lat="46.488394" lon="12.058138"><ele>0</ele></trkpt>
      <trkpt lat="46.488295" lon="12.057956"><ele>0</ele></trkpt>
      <trkpt lat="46.488250" lon="12.057888"><ele>0</ele></trkpt>
      <trkpt lat="46.488189" lon="12.057820"><ele>0</ele></trkpt>
      <trkpt lat="46.487976" lon="12.057618"><ele>0</ele></trkpt>
      <trkpt lat="46.487837" lon="12.057493"><ele>0</ele></trkpt>
      <trkpt lat="46.487744" lon="12.057429"><ele>0</ele></trkpt>
      <trkpt lat="46.487643" lon="12.057380"><ele>0</ele></trkpt>
      <trkpt lat="46.487588" lon="12.057363"><ele>0</ele></trkpt>
      <trkpt lat="46.487500" lon="12.057347"><ele>0</ele></trkpt>
      <trkpt lat="46.487436" lon="12.057355"><ele>0</ele></trkpt>
      <trkpt lat="46.487356" lon="12.057379"><ele>0</ele></trkpt>
      <trkpt lat="46.486829" lon="12.057611"><ele>0</ele></trkpt>
      <trkpt lat="46.486768" lon="12.057619"><ele>0</ele></trkpt>
      <trkpt lat="46.486697" lon="12.057615"><ele>0</ele></trkpt>
      <trkpt lat="46.486639" lon="12.057607"><ele>0</ele></trkpt>
      <trkpt lat="46.486583" lon="12.057587"><ele>0</ele></trkpt>
      <trkpt lat="46.486185" lon="12.057387"><ele>0</ele></trkpt>
      <trkpt lat="46.486100" lon="12.057355"><ele>0</ele></trkpt>
      <trkpt lat="46.486050" lon="12.057347"><ele>0</ele></trkpt>
      <trkpt lat="46.485997" lon="12.057354"><ele>0</ele></trkpt>
      <trkpt lat="46.485947" lon="12.057378"><ele>0</ele></trkpt>
      <trkpt lat="46.485896" lon="12.057414"><ele>0</ele></trkpt>
      <trkpt lat="46.485854" lon="12.057464"><ele>0</ele></trkpt>
      <trkpt lat="46.485818" lon="12.057525"><ele>0</ele></trkpt>
      <trkpt lat="46.485321" lon="12.058563"><ele>0</ele></trkpt>
      <trkpt lat="46.485255" lon="12.058666"><ele>0</ele></trkpt>
      <trkpt lat="46.485179" lon="12.058751"><ele>0</ele></trkpt>
      <trkpt lat="46.485098" lon="12.058816"><ele>0</ele></trkpt>
      <trkpt lat="46.485050" lon="12.058850"><ele>0</ele></trkpt>
      <trkpt lat="46.484286" lon="12.059301"><ele>0</ele></trkpt>
      <trkpt lat="46.483402" lon="12.059867"><ele>0</ele></trkpt>
      <trkpt lat="46.483320" lon="12.059914"><ele>0</ele></trkpt>
      <trkpt lat="46.483241" lon="12.059938"><ele>0</ele></trkpt>
      <trkpt lat="46.483193" lon="12.059945"><ele>0</ele></trkpt>
      <trkpt lat="46.483137" lon="12.059942"><ele>0</ele></trkpt>
      <trkpt lat="46.483094" lon="12.059930"><ele>0</ele></trkpt>
      <trkpt lat="46.483057" lon="12.059919"><ele>0</ele></trkpt>
      <trkpt lat="46.482934" lon="12.059825"><ele>0</ele></trkpt>
      <trkpt lat="46.482885" lon="12.059746"><ele>0</ele></trkpt>
      <trkpt lat="46.482831" lon="12.059631"><ele>0</ele></trkpt>
      <trkpt lat="46.482799" lon="12.059527"><ele>0</ele></trkpt>
      <trkpt lat="46.482784" lon="12.059390"><ele>0</ele></trkpt>
      <trkpt lat="46.482777" lon="12.056830"><ele>0</ele></trkpt>
      <trkpt lat="46.482769" lon="12.056740"><ele>0</ele></trkpt>
      <trkpt lat="46.482749" lon="12.056661"><ele>0</ele></trkpt>
      <trkpt lat="46.482710" lon="12.056588"><ele>0</ele></trkpt>
      <trkpt lat="46.482653" lon="12.056549"><ele>0</ele></trkpt>
      <trkpt lat="46.482596" lon="12.056539"><ele>0</ele></trkpt>
      <trkpt lat="46.482541" lon="12.056554"><ele>0</ele></trkpt>
      <trkpt lat="46.482498" lon="12.056577"><ele>0</ele></trkpt>
      <trkpt lat="46.482387" lon="12.056712"><ele>0</ele></trkpt>
      <trkpt lat="46.482026" lon="12.057152"><ele>0</ele></trkpt>
      <trkpt lat="46.481887" lon="12.057304"><ele>0</ele></trkpt>
      <trkpt lat="46.481823" lon="12.057353"><ele>0</ele></trkpt>
      <trkpt lat="46.481756" lon="12.057372"><ele>0</ele></trkpt>
      <trkpt lat="46.481700" lon="12.057369"><ele>0</ele></trkpt>
      <trkpt lat="46.481646" lon="12.057346"><ele>0</ele></trkpt>
      <trkpt lat="46.481577" lon="12.057272"><ele>0</ele></trkpt>
      <trkpt lat="46.481528" lon="12.057170"><ele>0</ele></trkpt>
      <trkpt lat="46.481506" lon="12.057074"><ele>0</ele></trkpt>
      <trkpt lat="46.481503" lon="12.056962"><ele>0</ele></trkpt>
      <trkpt lat="46.481523" lon="12.056833"><ele>0</ele></trkpt>
      <trkpt lat="46.481593" lon="12.056535"><ele>0</ele></trkpt>
      <trkpt lat="46.481687" lon="12.056260"><ele>0</ele></trkpt>
      <trkpt lat="46.482055" lon="12.055543"><ele>0</ele></trkpt>
      <trkpt lat="46.482459" lon="12.054765"><ele>0</ele></trkpt>
      <trkpt lat="46.482499" lon="12.054671"><ele>0</ele></trkpt>
      <trkpt lat="46.482515" lon="12.054615"><ele>0</ele></trkpt>
      <trkpt lat="46.482529" lon="12.054546"><ele>0</ele></trkpt>
      <trkpt lat="46.482532" lon="12.054480"><ele>0</ele></trkpt>
      <trkpt lat="46.482520" lon="12.053722"><ele>0</ele></trkpt>
      <trkpt lat="46.482520" lon="12.053666"><ele>0</ele></trkpt>
      <trkpt lat="46.482520" lon="12.053365"><ele>0</ele></trkpt>
      <trkpt lat="46.482523" lon="12.053329"><ele>0</ele></trkpt>
      <trkpt lat="46.482530" lon="12.053283"><ele>0</ele></trkpt>
      <trkpt lat="46.482540" lon="12.053248"><ele>0</ele></trkpt>
      <trkpt lat="46.482557" lon="12.053212"><ele>0</ele></trkpt>
      <trkpt lat="46.482583" lon="12.053174"><ele>0</ele></trkpt>
      <trkpt lat="46.482606" lon="12.053150"><ele>0</ele></trkpt>
      <trkpt lat="46.482631" lon="12.053130"><ele>0</ele></trkpt>
      <trkpt lat="46.482665" lon="12.053112"><ele>0</ele></trkpt>
      <trkpt lat="46.482719" lon="12.053094"><ele>0</ele></trkpt>
      <trkpt lat="46.482814" lon="12.053070"><ele>0</ele></trkpt>
      <trkpt lat="46.483240" lon="12.052998"><ele>0</ele></trkpt>
      <trkpt lat="46.483451" lon="12.052963"><ele>0</ele></trkpt>
      <trkpt lat="46.483524" lon="12.052934"><ele>0</ele></trkpt>
      <trkpt lat="46.483590" lon="12.052896"><ele>0</ele></trkpt>
      <trkpt lat="46.483636" lon="12.052856"><ele>0</ele></trkpt>
      <trkpt lat="46.483674" lon="12.052796"><ele>0</ele></trkpt>
      <trkpt lat="46.484039" lon="12.051818"><ele>0</ele></trkpt>
      <trkpt lat="46.484083" lon="12.051726"><ele>0</ele></trkpt>
      <trkpt lat="46.484130" lon="12.051649"><ele>0</ele></trkpt>
      <trkpt lat="46.484212" lon="12.051547"><ele>0</ele></trkpt>
      <trkpt lat="46.484540" lon="12.051162"><ele>0</ele></trkpt>
      <trkpt lat="46.484567" lon="12.051107"><ele>0</ele></trkpt>
      <trkpt lat="46.484588" lon="12.051023"><ele>0</ele></trkpt>
      <trkpt lat="46.484592" lon="12.050949"><ele>0</ele></trkpt>
      <trkpt lat="46.484581" lon="12.050863"><ele>0</ele></trkpt>
      <trkpt lat="46.484552" lon="12.050781"><ele>0</ele></trkpt>
      <trkpt lat="46.484511" lon="12.050719"><ele>0</ele></trkpt>
      <trkpt lat="46.484448" lon="12.050662"><ele>0</ele></trkpt>
      <trkpt lat="46.484331" lon="12.050587"><ele>0</ele></trkpt>
      <trkpt lat="46.483982" lon="12.050405"><ele>0</ele></trkpt>
      <trkpt lat="46.483913" lon="12.050337"><ele>0</ele></trkpt>
      <trkpt lat="46.483867" lon="12.050270"><ele>0</ele></trkpt>
      <trkpt lat="46.483822" lon="12.050172"><ele>0</ele></trkpt>
      <trkpt lat="46.483804" lon="12.050079"><ele>0</ele></trkpt>
      <trkpt lat="46.483800" lon="12.049973"><ele>0</ele></trkpt>
      <trkpt lat="46.483811" lon="12.049904"><ele>0</ele></trkpt>
      <trkpt lat="46.483859" lon="12.049757"><ele>0</ele></trkpt>
      <trkpt lat="46.483894" lon="12.049700"><ele>0</ele></trkpt>
      <trkpt lat="46.483958" lon="12.049639"><ele>0</ele></trkpt>
      <trkpt lat="46.484002" lon="12.049618"><ele>0</ele></trkpt>
      <trkpt lat="46.484073" lon="12.049607"><ele>0</ele></trkpt>
      <trkpt lat="46.484287" lon="12.049590"><ele>0</ele></trkpt>
      <trkpt lat="46.484344" lon="12.049573"><ele>0</ele></trkpt>
      <trkpt lat="46.484387" lon="12.049543"><ele>0</ele></trkpt>
      <trkpt lat="46.484426" lon="12.049490"><ele>0</ele></trkpt>
      <trkpt lat="46.484446" lon="12.049428"><ele>0</ele></trkpt>
      <trkpt lat="46.484452" lon="12.049327"><ele>0</ele></trkpt>
      <trkpt lat="46.484442" lon="12.049270"><ele>0</ele></trkpt>
      <trkpt lat="46.484411" lon="12.049218"><ele>0</ele></trkpt>
      <trkpt lat="46.484363" lon="12.049167"><ele>0</ele></trkpt>
      <trkpt lat="46.484280" lon="12.049119"><ele>0</ele></trkpt>
      <trkpt lat="46.484097" lon="12.049073"><ele>0</ele></trkpt>
      <trkpt lat="46.484013" lon="12.049006"><ele>0</ele></trkpt>
      <trkpt lat="46.483946" lon="12.048893"><ele>0</ele></trkpt>
      <trkpt lat="46.483733" lon="12.048336"><ele>0</ele></trkpt>
      <trkpt lat="46.483729" lon="12.048251"><ele>0</ele></trkpt>
      <trkpt lat="46.483754" lon="12.048142"><ele>0</ele></trkpt>
      <trkpt lat="46.483823" lon="12.048042"><ele>0</ele></trkpt>
      <trkpt lat="46.483918" lon="12.047997"><ele>0</ele></trkpt>
      <trkpt lat="46.484487" lon="12.047930"><ele>0</ele></trkpt>
      <trkpt lat="46.484585" lon="12.047910"><ele>0</ele></trkpt>
      <trkpt lat="46.484615" lon="12.047900"><ele>0</ele></trkpt>
      <trkpt lat="46.484644" lon="12.047883"><ele>0</ele></trkpt>
      <trkpt lat="46.484669" lon="12.047859"><ele>0</ele></trkpt>
      <trkpt lat="46.484689" lon="12.047833"><ele>0</ele></trkpt>
      <trkpt lat="46.484707" lon="12.047791"><ele>0</ele></trkpt>
      <trkpt lat="46.484714" lon="12.047753"><ele>0</ele></trkpt>
      <trkpt lat="46.484719" lon="12.047713"><ele>0</ele></trkpt>
      <trkpt lat="46.484721" lon="12.047670"><ele>0</ele></trkpt>
      <trkpt lat="46.484721" lon="12.047611"><ele>0</ele></trkpt>
      <trkpt lat="46.484719" lon="12.047551"><ele>0</ele></trkpt>
      <trkpt lat="46.484701" lon="12.047219"><ele>0</ele></trkpt>
      <trkpt lat="46.484689" lon="12.047010"><ele>0</ele></trkpt>
      <trkpt lat="46.484677" lon="12.046801"><ele>0</ele></trkpt>
      <trkpt lat="46.484653" lon="12.046451"><ele>0</ele></trkpt>
      <trkpt lat="46.484645" lon="12.046311"><ele>0</ele></trkpt>
      <trkpt lat="46.484642" lon="12.046202"><ele>0</ele></trkpt>
      <trkpt lat="46.484643" lon="12.046139"><ele>0</ele></trkpt>
      <trkpt lat="46.484651" lon="12.046085"><ele>0</ele></trkpt>
      <trkpt lat="46.484662" lon="12.046045"><ele>0</ele></trkpt>
      <trkpt lat="46.484679" lon="12.046006"><ele>0</ele></trkpt>
      <trkpt lat="46.484704" lon="12.045962"><ele>0</ele></trkpt>
      <trkpt lat="46.484740" lon="12.045910"><ele>0</ele></trkpt>
      <trkpt lat="46.484790" lon="12.045853"><ele>0</ele></trkpt>
      <trkpt lat="46.485205" lon="12.045481"><ele>0</ele></trkpt>
      <trkpt lat="46.485279" lon="12.045395"><ele>0</ele></trkpt>
      <trkpt lat="46.485343" lon="12.045298"><ele>0</ele></trkpt>
      <trkpt lat="46.485946" lon="12.044250"><ele>0</ele></trkpt>
      <trkpt lat="46.486079" lon="12.044022"><ele>0</ele></trkpt>
      <trkpt lat="46.486161" lon="12.043828"><ele>0</ele></trkpt>
      <trkpt lat="46.486575" lon="12.042260"><ele>0</ele></trkpt>
      <trkpt lat="46.486621" lon="12.042032"><ele>0</ele></trkpt>
      <trkpt lat="46.486628" lon="12.041920"><ele>0</ele></trkpt>
      <trkpt lat="46.486622" lon="12.041839"><ele>0</ele></trkpt>
      <trkpt lat="46.486599" lon="12.041771"><ele>0</ele></trkpt>
      <trkpt lat="46.486566" lon="12.041715"><ele>0</ele></trkpt>
      <trkpt lat="46.486518" lon="12.041668"><ele>0</ele></trkpt>
      <trkpt lat="46.486461" lon="12.041639"><ele>0</ele></trkpt>
      <trkpt lat="46.486406" lon="12.041637"><ele>0</ele></trkpt>
      <trkpt lat="46.486325" lon="12.041646"><ele>0</ele></trkpt>
      <trkpt lat="46.485929" lon="12.041729"><ele>0</ele></trkpt>
      <trkpt lat="46.485863" lon="12.041737"><ele>0</ele></trkpt>
      <trkpt lat="46.485816" lon="12.041732"><ele>0</ele></trkpt>
      <trkpt lat="46.485762" lon="12.041713"><ele>0</ele></trkpt>
      <trkpt lat="46.485713" lon="12.041669"><ele>0</ele></trkpt>
      <trkpt lat="46.485673" lon="12.041607"><ele>0</ele></trkpt>
      <trkpt lat="46.485640" lon="12.041536"><ele>0</ele></trkpt>
      <trkpt lat="46.485626" lon="12.041471"><ele>0</ele></trkpt>
      <trkpt lat="46.485623" lon="12.041393"><ele>0</ele></trkpt>
      <trkpt lat="46.485635" lon="12.041278"><ele>0</ele></trkpt>
      <trkpt lat="46.485727" lon="12.040815"><ele>0</ele></trkpt>
      <trkpt lat="46.485761" lon="12.040644"><ele>0</ele></trkpt>
      <trkpt lat="46.485765" lon="12.040586"><ele>0</ele></trkpt>
      <trkpt lat="46.485752" lon="12.040514"><ele>0</ele></trkpt>
      <trkpt lat="46.485728" lon="12.040464"><ele>0</ele></trkpt>
      <trkpt lat="46.485697" lon="12.040426"><ele>0</ele></trkpt>
      <trkpt lat="46.485630" lon="12.040356"><ele>0</ele></trkpt>
      <trkpt lat="46.485367" lon="12.040213"><ele>0</ele></trkpt>
      <trkpt lat="46.485202" lon="12.040128"><ele>0</ele></trkpt>
      <trkpt lat="46.485082" lon="12.040089"><ele>0</ele></trkpt>
      <trkpt lat="46.484879" lon="12.040053"><ele>0</ele></trkpt>
      <trkpt lat="46.484700" lon="12.040051"><ele>0</ele></trkpt>
      <trkpt lat="46.484391" lon="12.040090"><ele>0</ele></trkpt>
      <trkpt lat="46.484331" lon="12.040090"><ele>0</ele></trkpt>
      <trkpt lat="46.484286" lon="12.040078"><ele>0</ele></trkpt>
      <trkpt lat="46.484249" lon="12.040047"><ele>0</ele></trkpt>
      <trkpt lat="46.484219" lon="12.040005"><ele>0</ele></trkpt>
      <trkpt lat="46.484201" lon="12.039952"><ele>0</ele></trkpt>
      <trkpt lat="46.484199" lon="12.039875"><ele>0</ele></trkpt>
      <trkpt lat="46.484212" lon="12.039812"><ele>0</ele></trkpt>
      <trkpt lat="46.484240" lon="12.039765"><ele>0</ele></trkpt>
      <trkpt lat="46.484282" lon="12.039723"><ele>0</ele></trkpt>
      <trkpt lat="46.484343" lon="12.039697"><ele>0</ele></trkpt>
      <trkpt lat="46.484630" lon="12.039659"><ele>0</ele></trkpt>
      <trkpt lat="46.485045" lon="12.039598"><ele>0</ele></trkpt>
      <trkpt lat="46.485119" lon="12.039574"><ele>0</ele></trkpt>
      <trkpt lat="46.485182" lon="12.039535"><ele>0</ele></trkpt>
      <trkpt lat="46.485245" lon="12.039478"><ele>0</ele></trkpt>
      <trkpt lat="46.485489" lon="12.039169"><ele>0</ele></trkpt>
      <trkpt lat="46.485603" lon="12.039043"><ele>0</ele></trkpt>
      <trkpt lat="46.485676" lon="12.038974"><ele>0</ele></trkpt>
      <trkpt lat="46.486165" lon="12.038658"><ele>0</ele></trkpt>
      <trkpt lat="46.486286" lon="12.038577"><ele>0</ele></trkpt>
      <trkpt lat="46.486437" lon="12.038469"><ele>0</ele></trkpt>
      <trkpt lat="46.487627" lon="12.037501"><ele>0</ele></trkpt>
      <trkpt lat="46.487686" lon="12.037444"><ele>0</ele></trkpt>
      <trkpt lat="46.487741" lon="12.037362"><ele>0</ele></trkpt>
      <trkpt lat="46.487762" lon="12.037291"><ele>0</ele></trkpt>
      <trkpt lat="46.487765" lon="12.037203"><ele>0</ele></trkpt>
      <trkpt lat="46.487751" lon="12.037134"><ele>0</ele></trkpt>
      <trkpt lat="46.487726" lon="12.037060"><ele>0</ele></trkpt>
      <trkpt lat="46.487688" lon="12.037021"><ele>0</ele></trkpt>
      <trkpt lat="46.487632" lon="12.036997"><ele>0</ele></trkpt>
      <trkpt lat="46.487575" lon="12.036995"><ele>0</ele></trkpt>
      <trkpt lat="46.487516" lon="12.037017"><ele>0</ele></trkpt>
      <trkpt lat="46.486617" lon="12.037598"><ele>0</ele></trkpt>
      <trkpt lat="46.486545" lon="12.037630"><ele>0</ele></trkpt>
      <trkpt lat="46.486476" lon="12.037626"><ele>0</ele></trkpt>
      <trkpt lat="46.486428" lon="12.037608"><ele>0</ele></trkpt>
      <trkpt lat="46.486380" lon="12.037539"><ele>0</ele></trkpt>
      <trkpt lat="46.486340" lon="12.037429"><ele>0</ele></trkpt>
      <trkpt lat="46.486333" lon="12.037341"><ele>0</ele></trkpt>
      <trkpt lat="46.486347" lon="12.037258"><ele>0</ele></trkpt>
      <trkpt lat="46.486371" lon="12.037193"><ele>0</ele></trkpt>
      <trkpt lat="46.486432" lon="12.037122"><ele>0</ele></trkpt>
      <trkpt lat="46.486671" lon="12.036920"><ele>0</ele></trkpt>
      <trkpt lat="46.486798" lon="12.036786"><ele>0</ele></trkpt>
      <trkpt lat="46.487092" lon="12.036433"><ele>0</ele></trkpt>
      <trkpt lat="46.487193" lon="12.036345"><ele>0</ele></trkpt>
      <trkpt lat="46.487409" lon="12.036203"><ele>0</ele></trkpt>
      <trkpt lat="46.487483" lon="12.036147"><ele>0</ele></trkpt>
      <trkpt lat="46.487528" lon="12.036084"><ele>0</ele></trkpt>
      <trkpt lat="46.487545" lon="12.036041"><ele>0</ele></trkpt>
      <trkpt lat="46.487560" lon="12.035948"><ele>0</ele></trkpt>
      <trkpt lat="46.487554" lon="12.035850"><ele>0</ele></trkpt>
      <trkpt lat="46.487527" lon="12.035760"><ele>0</ele></trkpt>
      <trkpt lat="46.487286" lon="12.035141"><ele>0</ele></trkpt>
      <trkpt lat="46.487178" lon="12.034932"><ele>0</ele></trkpt>
      <trkpt lat="46.487131" lon="12.034886"><ele>0</ele></trkpt>
      <trkpt lat="46.487075" lon="12.034866"><ele>0</ele></trkpt>
      <trkpt lat="46.487046" lon="12.034869"><ele>0</ele></trkpt>
      <trkpt lat="46.486995" lon="12.034876"><ele>0</ele></trkpt>
      <trkpt lat="46.486941" lon="12.034903"><ele>0</ele></trkpt>
      <trkpt lat="46.486891" lon="12.034953"><ele>0</ele></trkpt>
      <trkpt lat="46.486856" lon="12.034981"><ele>0</ele></trkpt>
      <trkpt lat="46.486860" lon="12.035058"><ele>0</ele></trkpt>
      <trkpt lat="46.486865" lon="12.035100"><ele>0</ele></trkpt>
      <trkpt lat="46.486951" lon="12.035374"><ele>0</ele></trkpt>
      <trkpt lat="46.486960" lon="12.035431"><ele>0</ele></trkpt>
      <trkpt lat="46.486960" lon="12.035514"><ele>0</ele></trkpt>
      <trkpt lat="46.486953" lon="12.035585"><ele>0</ele></trkpt>
      <trkpt lat="46.486932" lon="12.035665"><ele>0</ele></trkpt>
      <trkpt lat="46.486889" lon="12.035765"><ele>0</ele></trkpt>
      <trkpt lat="46.486850" lon="12.035820"><ele>0</ele></trkpt>
      <trkpt lat="46.486810" lon="12.035850"><ele>0</ele></trkpt>
      <trkpt lat="46.486773" lon="12.035863"><ele>0</ele></trkpt>
      <trkpt lat="46.486705" lon="12.035871"><ele>0</ele></trkpt>
      <trkpt lat="46.485673" lon="12.035874"><ele>0</ele></trkpt>
      <trkpt lat="46.485582" lon="12.035888"><ele>0</ele></trkpt>
      <trkpt lat="46.485377" lon="12.035955"><ele>0</ele></trkpt>
      <trkpt lat="46.485304" lon="12.035967"><ele>0</ele></trkpt>
      <trkpt lat="46.485146" lon="12.035966"><ele>0</ele></trkpt>
      <trkpt lat="46.485017" lon="12.035964"><ele>0</ele></trkpt>
      <trkpt lat="46.484929" lon="12.035976"><ele>0</ele></trkpt>
      <trkpt lat="46.484651" lon="12.036079"><ele>0</ele></trkpt>
      <trkpt lat="46.484543" lon="12.036101"><ele>0</ele></trkpt>
      <trkpt lat="46.484406" lon="12.036105"><ele>0</ele></trkpt>
      <trkpt lat="46.484378" lon="12.036094"><ele>0</ele></trkpt>
      <trkpt lat="46.484359" lon="12.036075"><ele>0</ele></trkpt>
      <trkpt lat="46.484349" lon="12.036046"><ele>0</ele></trkpt>
      <trkpt lat="46.484345" lon="12.036000"><ele>0</ele></trkpt>
      <trkpt lat="46.484352" lon="12.035964"><ele>0</ele></trkpt>
      <trkpt lat="46.484370" lon="12.035929"><ele>0</ele></trkpt>
      <trkpt lat="46.484400" lon="12.035902"><ele>0</ele></trkpt>
      <trkpt lat="46.484539" lon="12.035849"><ele>0</ele></trkpt>
      <trkpt lat="46.484733" lon="12.035748"><ele>0</ele></trkpt>
      <trkpt lat="46.484793" lon="12.035702"><ele>0</ele></trkpt>
      <trkpt lat="46.484937" lon="12.035565"><ele>0</ele></trkpt>
      <trkpt lat="46.485012" lon="12.035475"><ele>0</ele></trkpt>
      <trkpt lat="46.485043" lon="12.035421"><ele>0</ele></trkpt>
      <trkpt lat="46.485053" lon="12.035383"><ele>0</ele></trkpt>
      <trkpt lat="46.485053" lon="12.035346"><ele>0</ele></trkpt>
      <trkpt lat="46.485045" lon="12.035307"><ele>0</ele></trkpt>
      <trkpt lat="46.485020" lon="12.035258"><ele>0</ele></trkpt>
      <trkpt lat="46.484998" lon="12.035245"><ele>0</ele></trkpt>
      <trkpt lat="46.484971" lon="12.035243"><ele>0</ele></trkpt>
      <trkpt lat="46.484924" lon="12.035255"><ele>0</ele></trkpt>
      <trkpt lat="46.484288" lon="12.035547"><ele>0</ele></trkpt>
      <trkpt lat="46.484150" lon="12.035591"><ele>0</ele></trkpt>
      <trkpt lat="46.484034" lon="12.035630"><ele>0</ele></trkpt>
      <trkpt lat="46.483912" lon="12.035655"><ele>0</ele></trkpt>
      <trkpt lat="46.483704" lon="12.035646"><ele>0</ele></trkpt>
      <trkpt lat="46.482914" lon="12.035550"><ele>0</ele></trkpt>
      <trkpt lat="46.481858" lon="12.035493"><ele>0</ele></trkpt>
      <trkpt lat="46.481822" lon="12.035479"><ele>0</ele></trkpt>
      <trkpt lat="46.481787" lon="12.035443"><ele>0</ele></trkpt>
      <trkpt lat="46.481771" lon="12.035403"><ele>0</ele></trkpt>
      <trkpt lat="46.481767" lon="12.035341"><ele>0</ele></trkpt>
      <trkpt lat="46.481782" lon="12.035286"><ele>0</ele></trkpt>
      <trkpt lat="46.481808" lon="12.035256"><ele>0</ele></trkpt>
      <trkpt lat="46.481846" lon="12.035242"><ele>0</ele></trkpt>
      <trkpt lat="46.482115" lon="12.035212"><ele>0</ele></trkpt>
      <trkpt lat="46.482534" lon="12.035122"><ele>0</ele></trkpt>
      <trkpt lat="46.483032" lon="12.034988"><ele>0</ele></trkpt>
      <trkpt lat="46.483329" lon="12.034868"><ele>0</ele></trkpt>
      <trkpt lat="46.483682" lon="12.034738"><ele>0</ele></trkpt>
      <trkpt lat="46.483713" lon="12.034706"><ele>0</ele></trkpt>
      <trkpt lat="46.483728" lon="12.034677"><ele>0</ele></trkpt>
      <trkpt lat="46.483724" lon="12.034623"><ele>0</ele></trkpt>
      <trkpt lat="46.483713" lon="12.034598"><ele>0</ele></trkpt>
      <trkpt lat="46.483680" lon="12.034570"><ele>0</ele></trkpt>
      <trkpt lat="46.483631" lon="12.034557"><ele>0</ele></trkpt>
      <trkpt lat="46.483353" lon="12.034588"><ele>0</ele></trkpt>
      <trkpt lat="46.482943" lon="12.034557"><ele>0</ele></trkpt>
      <trkpt lat="46.481362" lon="12.034089"><ele>0</ele></trkpt>
      <trkpt lat="46.481089" lon="12.034026"><ele>0</ele></trkpt>
      <trkpt lat="46.480666" lon="12.034002"><ele>0</ele></trkpt>
      <trkpt lat="46.480598" lon="12.033994"><ele>0</ele></trkpt>
      <trkpt lat="46.480549" lon="12.033977"><ele>0</ele></trkpt>
      <trkpt lat="46.480520" lon="12.033950"><ele>0</ele></trkpt>
      <trkpt lat="46.480504" lon="12.033906"><ele>0</ele></trkpt>
      <trkpt lat="46.480502" lon="12.033855"><ele>0</ele></trkpt>
      <trkpt lat="46.480511" lon="12.033818"><ele>0</ele></trkpt>
      <trkpt lat="46.480536" lon="12.033773"><ele>0</ele></trkpt>
      <trkpt lat="46.480571" lon="12.033749"><ele>0</ele></trkpt>
      <trkpt lat="46.480645" lon="12.033723"><ele>0</ele></trkpt>
      <trkpt lat="46.480971" lon="12.033622"><ele>0</ele></trkpt>
      <trkpt lat="46.481054" lon="12.033578"><ele>0</ele></trkpt>
      <trkpt lat="46.481118" lon="12.033522"><ele>0</ele></trkpt>
      <trkpt lat="46.481150" lon="12.033470"><ele>0</ele></trkpt>
      <trkpt lat="46.481163" lon="12.033411"><ele>0</ele></trkpt>
      <trkpt lat="46.481153" lon="12.033326"><ele>0</ele></trkpt>
      <trkpt lat="46.481130" lon="12.033291"><ele>0</ele></trkpt>
      <trkpt lat="46.481090" lon="12.033266"><ele>0</ele></trkpt>
      <trkpt lat="46.481015" lon="12.033252"><ele>0</ele></trkpt>
      <trkpt lat="46.480060" lon="12.033465"><ele>0</ele></trkpt>
      <trkpt lat="46.480021" lon="12.033458"><ele>0</ele></trkpt>
      <trkpt lat="46.479993" lon="12.033441"><ele>0</ele></trkpt>
      <trkpt lat="46.479971" lon="12.033397"><ele>0</ele></trkpt>
      <trkpt lat="46.479969" lon="12.033356"><ele>0</ele></trkpt>
      <trkpt lat="46.479975" lon="12.033319"><ele>0</ele></trkpt>
      <trkpt lat="46.479996" lon="12.033282"><ele>0</ele></trkpt>
      <trkpt lat="46.480192" lon="12.033164"><ele>0</ele></trkpt>
      <trkpt lat="46.480248" lon="12.033124"><ele>0</ele></trkpt>
      <trkpt lat="46.480298" lon="12.033062"><ele>0</ele></trkpt>
      <trkpt lat="46.480523" lon="12.032666"><ele>0</ele></trkpt>
      <trkpt lat="46.480552" lon="12.032601"><ele>0</ele></trkpt>
      <trkpt lat="46.480560" lon="12.032552"><ele>0</ele></trkpt>
      <trkpt lat="46.480554" lon="12.032506"><ele>0</ele></trkpt>
      <trkpt lat="46.480525" lon="12.032453"><ele>0</ele></trkpt>
      <trkpt lat="46.480496" lon="12.032437"><ele>0</ele></trkpt>
      <trkpt lat="46.480461" lon="12.032440"><ele>0</ele></trkpt>
      <trkpt lat="46.480421" lon="12.032480"><ele>0</ele></trkpt>
      <trkpt lat="46.480339" lon="12.032608"><ele>0</ele></trkpt>
      <trkpt lat="46.480286" lon="12.032663"><ele>0</ele></trkpt>
      <trkpt lat="46.480224" lon="12.032696"><ele>0</ele></trkpt>
      <trkpt lat="46.480167" lon="12.032710"><ele>0</ele></trkpt>
      <trkpt lat="46.480113" lon="12.032704"><ele>0</ele></trkpt>
      <trkpt lat="46.480001" lon="12.032672"><ele>0</ele></trkpt>
      <trkpt lat="46.479954" lon="12.032663"><ele>0</ele></trkpt>
      <trkpt lat="46.479908" lon="12.032667"><ele>0</ele></trkpt>
      <trkpt lat="46.479867" lon="12.032683"><ele>0</ele></trkpt>
      <trkpt lat="46.479708" lon="12.032841"><ele>0</ele></trkpt>
      <trkpt lat="46.479662" lon="12.032876"><ele>0</ele></trkpt>
      <trkpt lat="46.479626" lon="12.032887"><ele>0</ele></trkpt>
      <trkpt lat="46.479556" lon="12.032890"><ele>0</ele></trkpt>
      <trkpt lat="46.479490" lon="12.032871"><ele>0</ele></trkpt>
      <trkpt lat="46.479067" lon="12.032643"><ele>0</ele></trkpt>
      <trkpt lat="46.478393" lon="12.032180"><ele>0</ele></trkpt>
      <trkpt lat="46.478289" lon="12.032132"><ele>0</ele></trkpt>
      <trkpt lat="46.478233" lon="12.032093"><ele>0</ele></trkpt>
      <trkpt lat="46.478207" lon="12.032055"><ele>0</ele></trkpt>
      <trkpt lat="46.478195" lon="12.032012"><ele>0</ele></trkpt>
      <trkpt lat="46.478198" lon="12.031963"><ele>0</ele></trkpt>
      <trkpt lat="46.478212" lon="12.031909"><ele>0</ele></trkpt>
      <trkpt lat="46.478237" lon="12.031866"><ele>0</ele></trkpt>
      <trkpt lat="46.478275" lon="12.031830"><ele>0</ele></trkpt>
      <trkpt lat="46.478317" lon="12.031820"><ele>0</ele></trkpt>
      <trkpt lat="46.478370" lon="12.031835"><ele>0</ele></trkpt>
      <trkpt lat="46.478428" lon="12.031869"><ele>0</ele></trkpt>
      <trkpt lat="46.478817" lon="12.032101"><ele>0</ele></trkpt>
      <trkpt lat="46.478850" lon="12.032105"><ele>0</ele></trkpt>
      <trkpt lat="46.478879" lon="12.032098"><ele>0</ele></trkpt>
      <trkpt lat="46.478898" lon="12.032078"><ele>0</ele></trkpt>
      <trkpt lat="46.478923" lon="12.032026"><ele>0</ele></trkpt>
      <trkpt lat="46.478926" lon="12.031994"><ele>0</ele></trkpt>
      <trkpt lat="46.478922" lon="12.031952"><ele>0</ele></trkpt>
      <trkpt lat="46.478903" lon="12.031910"><ele>0</ele></trkpt>
      <trkpt lat="46.478623" lon="12.031621"><ele>0</ele></trkpt>
      <trkpt lat="46.478490" lon="12.031401"><ele>0</ele></trkpt>
      <trkpt lat="46.478391" lon="12.031200"><ele>0</ele></trkpt>
      <trkpt lat="46.478361" lon="12.031163"><ele>0</ele></trkpt>
      <trkpt lat="46.478315" lon="12.031136"><ele>0</ele></trkpt>
      <trkpt lat="46.478260" lon="12.031139"><ele>0</ele></trkpt>
      <trkpt lat="46.478202" lon="12.031165"><ele>0</ele></trkpt>
      <trkpt lat="46.478095" lon="12.031258"><ele>0</ele></trkpt>
      <trkpt lat="46.477949" lon="12.031435"><ele>0</ele></trkpt>
      <trkpt lat="46.477863" lon="12.031565"><ele>0</ele></trkpt>
      <trkpt lat="46.477732" lon="12.031859"><ele>0</ele></trkpt>
      <trkpt lat="46.477675" lon="12.031966"><ele>0</ele></trkpt>
      <trkpt lat="46.477586" lon="12.032079"><ele>0</ele></trkpt>
      <trkpt lat="46.477366" lon="12.032306"><ele>0</ele></trkpt>
      <trkpt lat="46.477253" lon="12.032500"><ele>0</ele></trkpt>
      <trkpt lat="46.477221" lon="12.032617"><ele>0</ele></trkpt>
      <trkpt lat="46.477141" lon="12.032786"><ele>0</ele></trkpt>
      <trkpt lat="46.477041" lon="12.032912"><ele>0</ele></trkpt>
      <trkpt lat="46.476983" lon="12.032986"><ele>0</ele></trkpt>
      <trkpt lat="46.476842" lon="12.033052"><ele>0</ele></trkpt>
      <trkpt lat="46.476603" lon="12.033108"><ele>0</ele></trkpt>
      <trkpt lat="46.476497" lon="12.033193"><ele>0</ele></trkpt>
      <trkpt lat="46.476369" lon="12.033440"><ele>0</ele></trkpt>
      <trkpt lat="46.476328" lon="12.033783"><ele>0</ele></trkpt>
      <trkpt lat="46.476295" lon="12.034053"><ele>0</ele></trkpt>
      <trkpt lat="46.476213" lon="12.034404"><ele>0</ele></trkpt>
      <trkpt lat="46.476234" lon="12.034779"><ele>0</ele></trkpt>
      <trkpt lat="46.476216" lon="12.034948"><ele>0</ele></trkpt>
      <trkpt lat="46.476073" lon="12.035383"><ele>0</ele></trkpt>
      <trkpt lat="46.475987" lon="12.035758"><ele>0</ele></trkpt>
      <trkpt lat="46.475857" lon="12.036074"><ele>0</ele></trkpt>
      <trkpt lat="46.475806" lon="12.036332"><ele>0</ele></trkpt>
      <trkpt lat="46.475603" lon="12.037578"><ele>0</ele></trkpt>
      <trkpt lat="46.475511" lon="12.038078"><ele>0</ele></trkpt>
      <trkpt lat="46.475415" lon="12.038648"><ele>0</ele></trkpt>
      <trkpt lat="46.475355" lon="12.039020"><ele>0</ele></trkpt>
      <trkpt lat="46.475312" lon="12.039226"><ele>0</ele></trkpt>
      <trkpt lat="46.475303" lon="12.039261"><ele>0</ele></trkpt>
      <trkpt lat="46.475287" lon="12.039291"><ele>0</ele></trkpt>
      <trkpt lat="46.475267" lon="12.039313"><ele>0</ele></trkpt>
      <trkpt lat="46.475243" lon="12.039326"><ele>0</ele></trkpt>
      <trkpt lat="46.475222" lon="12.039328"><ele>0</ele></trkpt>
      <trkpt lat="46.475201" lon="12.039324"><ele>0</ele></trkpt>
      <trkpt lat="46.475181" lon="12.039313"><ele>0</ele></trkpt>
      <trkpt lat="46.475158" lon="12.039285"><ele>0</ele></trkpt>
      <trkpt lat="46.475141" lon="12.039247"><ele>0</ele></trkpt>
      <trkpt lat="46.475135" lon="12.039204"><ele>0</ele></trkpt>
      <trkpt lat="46.475136" lon="12.039097"><ele>0</ele></trkpt>
      <trkpt lat="46.475152" lon="12.038985"><ele>0</ele></trkpt>
      <trkpt lat="46.475176" lon="12.038888"><ele>0</ele></trkpt>
      <trkpt lat="46.475206" lon="12.038656"><ele>0</ele></trkpt>
      <trkpt lat="46.475228" lon="12.038214"><ele>0</ele></trkpt>
      <trkpt lat="46.475232" lon="12.037681"><ele>0</ele></trkpt>
      <trkpt lat="46.475190" lon="12.036844"><ele>0</ele></trkpt>
      <trkpt lat="46.475177" lon="12.036720"><ele>0</ele></trkpt>
      <trkpt lat="46.475149" lon="12.036630"><ele>0</ele></trkpt>
      <trkpt lat="46.475110" lon="12.036539"><ele>0</ele></trkpt>
      <trkpt lat="46.475060" lon="12.036423"><ele>0</ele></trkpt>
      <trkpt lat="46.475035" lon="12.036324"><ele>0</ele></trkpt>
      <trkpt lat="46.475029" lon="12.036196"><ele>0</ele></trkpt>
      <trkpt lat="46.475043" lon="12.036086"><ele>0</ele></trkpt>
      <trkpt lat="46.475074" lon="12.035980"><ele>0</ele></trkpt>
      <trkpt lat="46.475123" lon="12.035805"><ele>0</ele></trkpt>
      <trkpt lat="46.475158" lon="12.035663"><ele>0</ele></trkpt>
      <trkpt lat="46.475181" lon="12.035515"><ele>0</ele></trkpt>
      <trkpt lat="46.475190" lon="12.035364"><ele>0</ele></trkpt>
      <trkpt lat="46.475182" lon="12.035069"><ele>0</ele></trkpt>
      <trkpt lat="46.475168" lon="12.034882"><ele>0</ele></trkpt>
      <trkpt lat="46.475151" lon="12.034760"><ele>0</ele></trkpt>
      <trkpt lat="46.475128" lon="12.034664"><ele>0</ele></trkpt>
      <trkpt lat="46.475095" lon="12.034585"><ele>0</ele></trkpt>
      <trkpt lat="46.475047" lon="12.034495"><ele>0</ele></trkpt>
      <trkpt lat="46.474995" lon="12.034420"><ele>0</ele></trkpt>
      <trkpt lat="46.474911" lon="12.034334"><ele>0</ele></trkpt>
      <trkpt lat="46.474647" lon="12.034080"><ele>0</ele></trkpt>
      <trkpt lat="46.474601" lon="12.034027"><ele>0</ele></trkpt>
      <trkpt lat="46.474573" lon="12.033968"><ele>0</ele></trkpt>
      <trkpt lat="46.474559" lon="12.033891"><ele>0</ele></trkpt>
      <trkpt lat="46.474583" lon="12.033343"><ele>0</ele></trkpt>
      <trkpt lat="46.474589" lon="12.033231"><ele>0</ele></trkpt>
      <trkpt lat="46.474594" lon="12.033180"><ele>0</ele></trkpt>
      <trkpt lat="46.474609" lon="12.033133"><ele>0</ele></trkpt>
      <trkpt lat="46.474632" lon="12.033095"><ele>0</ele></trkpt>
      <trkpt lat="46.474665" lon="12.033066"><ele>0</ele></trkpt>
      <trkpt lat="46.474703" lon="12.033055"><ele>0</ele></trkpt>
      <trkpt lat="46.474771" lon="12.033056"><ele>0</ele></trkpt>
      <trkpt lat="46.474882" lon="12.033054"><ele>0</ele></trkpt>
      <trkpt lat="46.474974" lon="12.033038"><ele>0</ele></trkpt>
      <trkpt lat="46.475024" lon="12.033003"><ele>0</ele></trkpt>
      <trkpt lat="46.475065" lon="12.032953"><ele>0</ele></trkpt>
      <trkpt lat="46.475105" lon="12.032877"><ele>0</ele></trkpt>
      <trkpt lat="46.475143" lon="12.032764"><ele>0</ele></trkpt>
      <trkpt lat="46.475168" lon="12.032658"><ele>0</ele></trkpt>
      <trkpt lat="46.475195" lon="12.032472"><ele>0</ele></trkpt>
      <trkpt lat="46.475207" lon="12.032327"><ele>0</ele></trkpt>
      <trkpt lat="46.475246" lon="12.031845"><ele>0</ele></trkpt>
      <trkpt lat="46.475257" lon="12.031720"><ele>0</ele></trkpt>
      <trkpt lat="46.475273" lon="12.031610"><ele>0</ele></trkpt>
      <trkpt lat="46.475334" lon="12.031327"><ele>0</ele></trkpt>
      <trkpt lat="46.475356" lon="12.031229"><ele>0</ele></trkpt>
      <trkpt lat="46.475367" lon="12.031158"><ele>0</ele></trkpt>
      <trkpt lat="46.475367" lon="12.031128"><ele>0</ele></trkpt>
      <trkpt lat="46.475361" lon="12.031099"><ele>0</ele></trkpt>
      <trkpt lat="46.475351" lon="12.031072"><ele>0</ele></trkpt>
      <trkpt lat="46.475330" lon="12.031042"><ele>0</ele></trkpt>
      <trkpt lat="46.475312" lon="12.031029"><ele>0</ele></trkpt>
      <trkpt lat="46.475293" lon="12.031021"><ele>0</ele></trkpt>
      <trkpt lat="46.475269" lon="12.031021"><ele>0</ele></trkpt>
      <trkpt lat="46.475244" lon="12.031031"><ele>0</ele></trkpt>
      <trkpt lat="46.475221" lon="12.031053"><ele>0</ele></trkpt>
      <trkpt lat="46.475205" lon="12.031083"><ele>0</ele></trkpt>
      <trkpt lat="46.475195" lon="12.031117"><ele>0</ele></trkpt>
      <trkpt lat="46.475171" lon="12.031222"><ele>0</ele></trkpt>
      <trkpt lat="46.475140" lon="12.031332"><ele>0</ele></trkpt>
      <trkpt lat="46.475089" lon="12.031487"><ele>0</ele></trkpt>
      <trkpt lat="46.475014" lon="12.031691"><ele>0</ele></trkpt>
      <trkpt lat="46.474919" lon="12.031908"><ele>0</ele></trkpt>
      <trkpt lat="46.474903" lon="12.031947"><ele>0</ele></trkpt>
      <trkpt lat="46.474879" lon="12.031978"><ele>0</ele></trkpt>
      <trkpt lat="46.474849" lon="12.031998"><ele>0</ele></trkpt>
      <trkpt lat="46.474817" lon="12.032003"><ele>0</ele></trkpt>
      <trkpt lat="46.474784" lon="12.031993"><ele>0</ele></trkpt>
      <trkpt lat="46.474758" lon="12.031972"><ele>0</ele></trkpt>
      <trkpt lat="46.474737" lon="12.031941"><ele>0</ele></trkpt>
      <trkpt lat="46.474722" lon="12.031897"><ele>0</ele></trkpt>
      <trkpt lat="46.474717" lon="12.031848"><ele>0</ele></trkpt>
      <trkpt lat="46.474723" lon="12.031800"><ele>0</ele></trkpt>
      <trkpt lat="46.474779" lon="12.031638"><ele>0</ele></trkpt>
      <trkpt lat="46.474800" lon="12.031534"><ele>0</ele></trkpt>
      <trkpt lat="46.474809" lon="12.031428"><ele>0</ele></trkpt>
      <trkpt lat="46.474799" lon="12.031324"><ele>0</ele></trkpt>
      <trkpt lat="46.474770" lon="12.031221"><ele>0</ele></trkpt>
      <trkpt lat="46.474665" lon="12.030868"><ele>0</ele></trkpt>
      <trkpt lat="46.474641" lon="12.030798"><ele>0</ele></trkpt>
      <trkpt lat="46.474604" lon="12.030743"><ele>0</ele></trkpt>
      <trkpt lat="46.474565" lon="12.030712"><ele>0</ele></trkpt>
      <trkpt lat="46.474523" lon="12.030696"><ele>0</ele></trkpt>
      <trkpt lat="46.474479" lon="12.030697"><ele>0</ele></trkpt>
      <trkpt lat="46.474188" lon="12.030726"><ele>0</ele></trkpt>
      <trkpt lat="46.473927" lon="12.030775"><ele>0</ele></trkpt>
      <trkpt lat="46.472424" lon="12.031038"><ele>0</ele></trkpt>
      <trkpt lat="46.472317" lon="12.031070"><ele>0</ele></trkpt>
      <trkpt lat="46.472201" lon="12.031130"><ele>0</ele></trkpt>
      <trkpt lat="46.472144" lon="12.031165"><ele>0</ele></trkpt>
      <trkpt lat="46.472081" lon="12.031227"><ele>0</ele></trkpt>
      <trkpt lat="46.471981" lon="12.031351"><ele>0</ele></trkpt>
      <trkpt lat="46.471958" lon="12.031396"><ele>0</ele></trkpt>
      <trkpt lat="46.471922" lon="12.031509"><ele>0</ele></trkpt>
      <trkpt lat="46.471904" lon="12.031557"><ele>0</ele></trkpt>
      <trkpt lat="46.471876" lon="12.031595"><ele>0</ele></trkpt>
      <trkpt lat="46.471842" lon="12.031617"><ele>0</ele></trkpt>
      <trkpt lat="46.471805" lon="12.031622"><ele>0</ele></trkpt>
      <trkpt lat="46.471770" lon="12.031611"><ele>0</ele></trkpt>
      <trkpt lat="46.471739" lon="12.031584"><ele>0</ele></trkpt>
      <trkpt lat="46.471715" lon="12.031545"><ele>0</ele></trkpt>
      <trkpt lat="46.471701" lon="12.031498"><ele>0</ele></trkpt>
      <trkpt lat="46.471649" lon="12.031263"><ele>0</ele></trkpt>
      <trkpt lat="46.471618" lon="12.031103"><ele>0</ele></trkpt>
      <trkpt lat="46.471582" lon="12.030957"><ele>0</ele></trkpt>
      <trkpt lat="46.471476" lon="12.030599"><ele>0</ele></trkpt>
      <trkpt lat="46.471424" lon="12.030461"><ele>0</ele></trkpt>
      <trkpt lat="46.471378" lon="12.030391"><ele>0</ele></trkpt>
      <trkpt lat="46.471323" lon="12.030335"><ele>0</ele></trkpt>
      <trkpt lat="46.471073" lon="12.030144"><ele>0</ele></trkpt>
      <trkpt lat="46.470967" lon="12.030075"><ele>0</ele></trkpt>
      <trkpt lat="46.470922" lon="12.030051"><ele>0</ele></trkpt>
      <trkpt lat="46.470791" lon="12.030008"><ele>0</ele></trkpt>
      <trkpt lat="46.470724" lon="12.029973"><ele>0</ele></trkpt>
      <trkpt lat="46.470660" lon="12.029933"><ele>0</ele></trkpt>
      <trkpt lat="46.470604" lon="12.029876"><ele>0</ele></trkpt>
      <trkpt lat="46.470553" lon="12.029803"><ele>0</ele></trkpt>
      <trkpt lat="46.470523" lon="12.029748"><ele>0</ele></trkpt>
      <trkpt lat="46.470498" lon="12.029725"><ele>0</ele></trkpt>
      <trkpt lat="46.470465" lon="12.029710"><ele>0</ele></trkpt>
      <trkpt lat="46.470436" lon="12.029716"><ele>0</ele></trkpt>
      <trkpt lat="46.470404" lon="12.029741"><ele>0</ele></trkpt>
      <trkpt lat="46.470386" lon="12.029789"><ele>0</ele></trkpt>
      <trkpt lat="46.470383" lon="12.029838"><ele>0</ele></trkpt>
      <trkpt lat="46.470388" lon="12.029893"><ele>0</ele></trkpt>
      <trkpt lat="46.470402" lon="12.029948"><ele>0</ele></trkpt>
      <trkpt lat="46.470430" lon="12.029988"><ele>0</ele></trkpt>
      <trkpt lat="46.470477" lon="12.030022"><ele>0</ele></trkpt>
      <trkpt lat="46.470572" lon="12.030081"><ele>0</ele></trkpt>
      <trkpt lat="46.470655" lon="12.030149"><ele>0</ele></trkpt>
      <trkpt lat="46.470721" lon="12.030212"><ele>0</ele></trkpt>
      <trkpt lat="46.470785" lon="12.030312"><ele>0</ele></trkpt>
      <trkpt lat="46.470841" lon="12.030407"><ele>0</ele></trkpt>
      <trkpt lat="46.470897" lon="12.030530"><ele>0</ele></trkpt>
      <trkpt lat="46.470929" lon="12.030592"><ele>0</ele></trkpt>
      <trkpt lat="46.470975" lon="12.030651"><ele>0</ele></trkpt>
      <trkpt lat="46.471031" lon="12.030724"><ele>0</ele></trkpt>
      <trkpt lat="46.471072" lon="12.030804"><ele>0</ele></trkpt>
      <trkpt lat="46.471104" lon="12.030894"><ele>0</ele></trkpt>
      <trkpt lat="46.471128" lon="12.031019"><ele>0</ele></trkpt>
      <trkpt lat="46.471137" lon="12.031155"><ele>0</ele></trkpt>
      <trkpt lat="46.471129" lon="12.031327"><ele>0</ele></trkpt>
      <trkpt lat="46.471104" lon="12.031461"><ele>0</ele></trkpt>
      <trkpt lat="46.471053" lon="12.031662"><ele>0</ele></trkpt>
      <trkpt lat="46.470974" lon="12.031910"><ele>0</ele></trkpt>
      <trkpt lat="46.470920" lon="12.032032"><ele>0</ele></trkpt>
      <trkpt lat="46.470884" lon="12.032114"><ele>0</ele></trkpt>
      <trkpt lat="46.470872" lon="12.032152"><ele>0</ele></trkpt>
      <trkpt lat="46.470866" lon="12.032198"><ele>0</ele></trkpt>
      <trkpt lat="46.470869" lon="12.032240"><ele>0</ele></trkpt>
      <trkpt lat="46.470879" lon="12.032280"><ele>0</ele></trkpt>
      <trkpt lat="46.470899" lon="12.032328"><ele>0</ele></trkpt>
      <trkpt lat="46.470971" lon="12.032419"><ele>0</ele></trkpt>
      <trkpt lat="46.470995" lon="12.032465"><ele>0</ele></trkpt>
      <trkpt lat="46.471009" lon="12.032498"><ele>0</ele></trkpt>
      <trkpt lat="46.471015" lon="12.032538"><ele>0</ele></trkpt>
      <trkpt lat="46.471010" lon="12.032576"><ele>0</ele></trkpt>
      <trkpt lat="46.470996" lon="12.032614"><ele>0</ele></trkpt>
      <trkpt lat="46.470978" lon="12.032640"><ele>0</ele></trkpt>
      <trkpt lat="46.470958" lon="12.032657"><ele>0</ele></trkpt>
      <trkpt lat="46.470936" lon="12.032668"><ele>0</ele></trkpt>
      <trkpt lat="46.470909" lon="12.032672"><ele>0</ele></trkpt>
      <trkpt lat="46.470874" lon="12.032665"><ele>0</ele></trkpt>
      <trkpt lat="46.470845" lon="12.032644"><ele>0</ele></trkpt>
      <trkpt lat="46.470787" lon="12.032593"><ele>0</ele></trkpt>
      <trkpt lat="46.470733" lon="12.032519"><ele>0</ele></trkpt>
      <trkpt lat="46.470679" lon="12.032429"><ele>0</ele></trkpt>
      <trkpt lat="46.470655" lon="12.032376"><ele>0</ele></trkpt>
      <trkpt lat="46.470639" lon="12.032317"><ele>0</ele></trkpt>
      <trkpt lat="46.470634" lon="12.032249"><ele>0</ele></trkpt>
      <trkpt lat="46.470637" lon="12.032190"><ele>0</ele></trkpt>
      <trkpt lat="46.470657" lon="12.032115"><ele>0</ele></trkpt>
      <trkpt lat="46.470695" lon="12.032019"><ele>0</ele></trkpt>
      <trkpt lat="46.470720" lon="12.031916"><ele>0</ele></trkpt>
      <trkpt lat="46.470734" lon="12.031766"><ele>0</ele></trkpt>
      <trkpt lat="46.470737" lon="12.031636"><ele>0</ele></trkpt>
      <trkpt lat="46.470729" lon="12.031455"><ele>0</ele></trkpt>
      <trkpt lat="46.470717" lon="12.031354"><ele>0</ele></trkpt>
      <trkpt lat="46.470698" lon="12.031266"><ele>0</ele></trkpt>
      <trkpt lat="46.470672" lon="12.031210"><ele>0</ele></trkpt>
      <trkpt lat="46.470634" lon="12.031188"><ele>0</ele></trkpt>
      <trkpt lat="46.470599" lon="12.031191"><ele>0</ele></trkpt>
      <trkpt lat="46.470567" lon="12.031214"><ele>0</ele></trkpt>
      <trkpt lat="46.470543" lon="12.031271"><ele>0</ele></trkpt>
      <trkpt lat="46.470538" lon="12.031346"><ele>0</ele></trkpt>
      <trkpt lat="46.470543" lon="12.031493"><ele>0</ele></trkpt>
      <trkpt lat="46.470544" lon="12.031606"><ele>0</ele></trkpt>
      <trkpt lat="46.470541" lon="12.031670"><ele>0</ele></trkpt>
      <trkpt lat="46.470529" lon="12.031749"><ele>0</ele></trkpt>
      <trkpt lat="46.470512" lon="12.031822"><ele>0</ele></trkpt>
      <trkpt lat="46.470490" lon="12.031917"><ele>0</ele></trkpt>
      <trkpt lat="46.470471" lon="12.031973"><ele>0</ele></trkpt>
      <trkpt lat="46.470447" lon="12.032009"><ele>0</ele></trkpt>
      <trkpt lat="46.470346" lon="12.032118"><ele>0</ele></trkpt>
      <trkpt lat="46.470274" lon="12.032174"><ele>0</ele></trkpt>
      <trkpt lat="46.470179" lon="12.032202"><ele>0</ele></trkpt>
      <trkpt lat="46.470074" lon="12.032223"><ele>0</ele></trkpt>
      <trkpt lat="46.470007" lon="12.032213"><ele>0</ele></trkpt>
      <trkpt lat="46.469955" lon="12.032188"><ele>0</ele></trkpt>
      <trkpt lat="46.469879" lon="12.032106"><ele>0</ele></trkpt>
      <trkpt lat="46.469784" lon="12.031959"><ele>0</ele></trkpt>
      <trkpt lat="46.469712" lon="12.031879"><ele>0</ele></trkpt>
      <trkpt lat="46.469618" lon="12.031828"><ele>0</ele></trkpt>
      <trkpt lat="46.469514" lon="12.031804"><ele>0</ele></trkpt>
      <trkpt lat="46.469206" lon="12.031789"><ele>0</ele></trkpt>
      <trkpt lat="46.469070" lon="12.031782"><ele>0</ele></trkpt>
      <trkpt lat="46.468964" lon="12.031753"><ele>0</ele></trkpt>
      <trkpt lat="46.468867" lon="12.031710"><ele>0</ele></trkpt>
      <trkpt lat="46.468697" lon="12.031593"><ele>0</ele></trkpt>
      <trkpt lat="46.468606" lon="12.031548"><ele>0</ele></trkpt>
      <trkpt lat="46.468508" lon="12.031538"><ele>0</ele></trkpt>
      <trkpt lat="46.468170" lon="12.031566"><ele>0</ele></trkpt>
      <trkpt lat="46.467941" lon="12.031587"><ele>0</ele></trkpt>
      <trkpt lat="46.467787" lon="12.031614"><ele>0</ele></trkpt>
      <trkpt lat="46.467677" lon="12.031647"><ele>0</ele></trkpt>
      <trkpt lat="46.467589" lon="12.031691"><ele>0</ele></trkpt>
      <trkpt lat="46.467504" lon="12.031745"><ele>0</ele></trkpt>
      <trkpt lat="46.467418" lon="12.031803"><ele>0</ele></trkpt>
      <trkpt lat="46.467049" lon="12.032109"><ele>0</ele></trkpt>
      <trkpt lat="46.466861" lon="12.032238"><ele>0</ele></trkpt>
      <trkpt lat="46.466829" lon="12.032255"><ele>0</ele></trkpt>
      <trkpt lat="46.466792" lon="12.032259"><ele>0</ele></trkpt>
      <trkpt lat="46.466754" lon="12.032246"><ele>0</ele></trkpt>
      <trkpt lat="46.466720" lon="12.032217"><ele>0</ele></trkpt>
      <trkpt lat="46.466694" lon="12.032174"><ele>0</ele></trkpt>
      <trkpt lat="46.466681" lon="12.032134"><ele>0</ele></trkpt>
      <trkpt lat="46.466675" lon="12.032092"><ele>0</ele></trkpt>
      <trkpt lat="46.466675" lon="12.032056"><ele>0</ele></trkpt>
      <trkpt lat="46.466680" lon="12.032021"><ele>0</ele></trkpt>
      <trkpt lat="46.466698" lon="12.031968"><ele>0</ele></trkpt>
      <trkpt lat="46.466743" lon="12.031847"><ele>0</ele></trkpt>
      <trkpt lat="46.466789" lon="12.031763"><ele>0</ele></trkpt>
      <trkpt lat="46.467068" lon="12.031289"><ele>0</ele></trkpt>
      <trkpt lat="46.467203" lon="12.031067"><ele>0</ele></trkpt>
      <trkpt lat="46.467267" lon="12.030978"><ele>0</ele></trkpt>
      <trkpt lat="46.467329" lon="12.030913"><ele>0</ele></trkpt>
      <trkpt lat="46.467401" lon="12.030855"><ele>0</ele></trkpt>
      <trkpt lat="46.467473" lon="12.030801"><ele>0</ele></trkpt>
      <trkpt lat="46.467505" lon="12.030767"><ele>0</ele></trkpt>
      <trkpt lat="46.467530" lon="12.030721"><ele>0</ele></trkpt>
      <trkpt lat="46.467545" lon="12.030667"><ele>0</ele></trkpt>
      <trkpt lat="46.467548" lon="12.030616"><ele>0</ele></trkpt>
      <trkpt lat="46.467543" lon="12.030565"><ele>0</ele></trkpt>
      <trkpt lat="46.467532" lon="12.030504"><ele>0</ele></trkpt>
      <trkpt lat="46.467506" lon="12.030369"><ele>0</ele></trkpt>
      <trkpt lat="46.467472" lon="12.030214"><ele>0</ele></trkpt>
      <trkpt lat="46.467426" lon="12.030065"><ele>0</ele></trkpt>
      <trkpt lat="46.467407" lon="12.030006"><ele>0</ele></trkpt>
      <trkpt lat="46.467378" lon="12.029956"><ele>0</ele></trkpt>
      <trkpt lat="46.467335" lon="12.029912"><ele>0</ele></trkpt>
      <trkpt lat="46.467294" lon="12.029891"><ele>0</ele></trkpt>
      <trkpt lat="46.467251" lon="12.029885"><ele>0</ele></trkpt>
      <trkpt lat="46.467209" lon="12.029894"><ele>0</ele></trkpt>
      <trkpt lat="46.466864" lon="12.029977"><ele>0</ele></trkpt>
      <trkpt lat="46.466719" lon="12.029989"><ele>0</ele></trkpt>
      <trkpt lat="46.466580" lon="12.029917"><ele>0</ele></trkpt>
      <trkpt lat="46.466436" lon="12.029789"><ele>0</ele></trkpt>
      <trkpt lat="46.466394" lon="12.029752"><ele>0</ele></trkpt>
      <trkpt lat="46.466371" lon="12.029734"><ele>0</ele></trkpt>
      <trkpt lat="46.466341" lon="12.029725"><ele>0</ele></trkpt>
      <trkpt lat="46.466310" lon="12.029729"><ele>0</ele></trkpt>
      <trkpt lat="46.466282" lon="12.029746"><ele>0</ele></trkpt>
      <trkpt lat="46.466259" lon="12.029774"><ele>0</ele></trkpt>
      <trkpt lat="46.466242" lon="12.029810"><ele>0</ele></trkpt>
      <trkpt lat="46.466233" lon="12.029851"><ele>0</ele></trkpt>
      <trkpt lat="46.466233" lon="12.029895"><ele>0</ele></trkpt>
      <trkpt lat="46.466242" lon="12.029937"><ele>0</ele></trkpt>
      <trkpt lat="46.466258" lon="12.029973"><ele>0</ele></trkpt>
      <trkpt lat="46.466364" lon="12.030131"><ele>0</ele></trkpt>
      <trkpt lat="46.466378" lon="12.030155"><ele>0</ele></trkpt>
      <trkpt lat="46.466387" lon="12.030184"><ele>0</ele></trkpt>
      <trkpt lat="46.466392" lon="12.030223"><ele>0</ele></trkpt>
      <trkpt lat="46.466388" lon="12.030261"><ele>0</ele></trkpt>
      <trkpt lat="46.466376" lon="12.030296"><ele>0</ele></trkpt>
      <trkpt lat="46.466362" lon="12.030319"><ele>0</ele></trkpt>
      <trkpt lat="46.466345" lon="12.030337"><ele>0</ele></trkpt>
      <trkpt lat="46.466325" lon="12.030348"><ele>0</ele></trkpt>
      <trkpt lat="46.466300" lon="12.030352"><ele>0</ele></trkpt>
      <trkpt lat="46.466276" lon="12.030345"><ele>0</ele></trkpt>
      <trkpt lat="46.466254" lon="12.030329"><ele>0</ele></trkpt>
      <trkpt lat="46.465908" lon="12.029999"><ele>0</ele></trkpt>
      <trkpt lat="46.465860" lon="12.029969"><ele>0</ele></trkpt>
      <trkpt lat="46.465809" lon="12.029955"><ele>0</ele></trkpt>
      <trkpt lat="46.465737" lon="12.029961"><ele>0</ele></trkpt>
      <trkpt lat="46.465669" lon="12.029997"><ele>0</ele></trkpt>
      <trkpt lat="46.465496" lon="12.030127"><ele>0</ele></trkpt>
      <trkpt lat="46.465367" lon="12.030199"><ele>0</ele></trkpt>
      <trkpt lat="46.464712" lon="12.030352"><ele>0</ele></trkpt>
      <trkpt lat="46.464469" lon="12.030498"><ele>0</ele></trkpt>
      <trkpt lat="46.464327" lon="12.030593"><ele>0</ele></trkpt>
      <trkpt lat="46.464231" lon="12.030670"><ele>0</ele></trkpt>
      <trkpt lat="46.464131" lon="12.030741"><ele>0</ele></trkpt>
      <trkpt lat="46.464026" lon="12.030794"><ele>0</ele></trkpt>
      <trkpt lat="46.463675" lon="12.030918"><ele>0</ele></trkpt>
      <trkpt lat="46.463304" lon="12.031036"><ele>0</ele></trkpt>
      <trkpt lat="46.462938" lon="12.031165"><ele>0</ele></trkpt>
      <trkpt lat="46.462782" lon="12.031224"><ele>0</ele></trkpt>
      <trkpt lat="46.462630" lon="12.031288"><ele>0</ele></trkpt>
      <trkpt lat="46.462490" lon="12.031357"><ele>0</ele></trkpt>
      <trkpt lat="46.461835" lon="12.031759"><ele>0</ele></trkpt>
      <trkpt lat="46.461790" lon="12.031787"><ele>0</ele></trkpt>
      <trkpt lat="46.461741" lon="12.031808"><ele>0</ele></trkpt>
      <trkpt lat="46.461691" lon="12.031817"><ele>0</ele></trkpt>
      <trkpt lat="46.461633" lon="12.031818"><ele>0</ele></trkpt>
      <trkpt lat="46.461577" lon="12.031811"><ele>0</ele></trkpt>
      <trkpt lat="46.461365" lon="12.031750"><ele>0</ele></trkpt>
      <trkpt lat="46.461292" lon="12.031729"><ele>0</ele></trkpt>
      <trkpt lat="46.461231" lon="12.031717"><ele>0</ele></trkpt>
      <trkpt lat="46.461166" lon="12.031717"><ele>0</ele></trkpt>
      <trkpt lat="46.461065" lon="12.031726"><ele>0</ele></trkpt>
      <trkpt lat="46.460985" lon="12.031741"><ele>0</ele></trkpt>
      <trkpt lat="46.460928" lon="12.031753"><ele>0</ele></trkpt>
      <trkpt lat="46.460869" lon="12.031770"><ele>0</ele></trkpt>
      <trkpt lat="46.460788" lon="12.031808"><ele>0</ele></trkpt>
      <trkpt lat="46.460721" lon="12.031850"><ele>0</ele></trkpt>
      <trkpt lat="46.460643" lon="12.031908"><ele>0</ele></trkpt>
      <trkpt lat="46.460592" lon="12.031938"><ele>0</ele></trkpt>
      <trkpt lat="46.460539" lon="12.031953"><ele>0</ele></trkpt>
      <trkpt lat="46.460484" lon="12.031958"><ele>0</ele></trkpt>
      <trkpt lat="46.460434" lon="12.031953"><ele>0</ele></trkpt>
      <trkpt lat="46.460383" lon="12.031941"><ele>0</ele></trkpt>
      <trkpt lat="46.460333" lon="12.031915"><ele>0</ele></trkpt>
      <trkpt lat="46.460121" lon="12.031750"><ele>0</ele></trkpt>
      <trkpt lat="46.460066" lon="12.031711"><ele>0</ele></trkpt>
      <trkpt lat="46.460015" lon="12.031677"><ele>0</ele></trkpt>
      <trkpt lat="46.459962" lon="12.031653"><ele>0</ele></trkpt>
      <trkpt lat="46.459916" lon="12.031643"><ele>0</ele></trkpt>
      <trkpt lat="46.459869" lon="12.031641"><ele>0</ele></trkpt>
      <trkpt lat="46.459622" lon="12.031651"><ele>0</ele></trkpt>
      <trkpt lat="46.459489" lon="12.031650"><ele>0</ele></trkpt>
      <trkpt lat="46.459408" lon="12.031643"><ele>0</ele></trkpt>
      <trkpt lat="46.459323" lon="12.031625"><ele>0</ele></trkpt>
      <trkpt lat="46.459255" lon="12.031609"><ele>0</ele></trkpt>
      <trkpt lat="46.459187" lon="12.031587"><ele>0</ele></trkpt>
      <trkpt lat="46.459115" lon="12.031557"><ele>0</ele></trkpt>
      <trkpt lat="46.459064" lon="12.031531"><ele>0</ele></trkpt>
      <trkpt lat="46.459028" lon="12.031516"><ele>0</ele></trkpt>
      <trkpt lat="46.458995" lon="12.031508"><ele>0</ele></trkpt>
      <trkpt lat="46.458967" lon="12.031505"><ele>0</ele></trkpt>
      <trkpt lat="46.458942" lon="12.031512"><ele>0</ele></trkpt>
      <trkpt lat="46.458918" lon="12.031532"><ele>0</ele></trkpt>
      <trkpt lat="46.458900" lon="12.031560"><ele>0</ele></trkpt>
      <trkpt lat="46.458886" lon="12.031594"><ele>0</ele></trkpt>
      <trkpt lat="46.458872" lon="12.031634"><ele>0</ele></trkpt>
      <trkpt lat="46.458824" lon="12.031776"><ele>0</ele></trkpt>
      <trkpt lat="46.458800" lon="12.031840"><ele>0</ele></trkpt>
      <trkpt lat="46.458770" lon="12.031910"><ele>0</ele></trkpt>
      <trkpt lat="46.458741" lon="12.031964"><ele>0</ele></trkpt>
      <trkpt lat="46.458704" lon="12.032006"><ele>0</ele></trkpt>
      <trkpt lat="46.458666" lon="12.032026"><ele>0</ele></trkpt>
      <trkpt lat="46.458623" lon="12.032035"><ele>0</ele></trkpt>
      <trkpt lat="46.458569" lon="12.032031"><ele>0</ele></trkpt>
      <trkpt lat="46.458506" lon="12.032017"><ele>0</ele></trkpt>
      <trkpt lat="46.458449" lon="12.032003"><ele>0</ele></trkpt>
      <trkpt lat="46.458230" lon="12.031944"><ele>0</ele></trkpt>
      <trkpt lat="46.458039" lon="12.031892"><ele>0</ele></trkpt>
      <trkpt lat="46.457911" lon="12.031861"><ele>0</ele></trkpt>
      <trkpt lat="46.457771" lon="12.031811"><ele>0</ele></trkpt>
      <trkpt lat="46.457591" lon="12.031730"><ele>0</ele></trkpt>
      <trkpt lat="46.457277" lon="12.031595"><ele>0</ele></trkpt>
      <trkpt lat="46.457176" lon="12.031560"><ele>0</ele></trkpt>
      <trkpt lat="46.457128" lon="12.031548"><ele>0</ele></trkpt>
      <trkpt lat="46.457079" lon="12.031542"><ele>0</ele></trkpt>
      <trkpt lat="46.456771" lon="12.031502"><ele>0</ele></trkpt>
      <trkpt lat="46.456714" lon="12.031501"><ele>0</ele></trkpt>
      <trkpt lat="46.456657" lon="12.031507"><ele>0</ele></trkpt>
      <trkpt lat="46.456607" lon="12.031517"><ele>0</ele></trkpt>
      <trkpt lat="46.456551" lon="12.031536"><ele>0</ele></trkpt>
      <trkpt lat="46.456411" lon="12.031598"><ele>0</ele></trkpt>
      <trkpt lat="46.456376" lon="12.031604"><ele>0</ele></trkpt>
      <trkpt lat="46.456326" lon="12.031606"><ele>0</ele></trkpt>
      <trkpt lat="46.456273" lon="12.031593"><ele>0</ele></trkpt>
      <trkpt lat="46.456276" lon="12.031576"><ele>0</ele></trkpt>
      <trkpt lat="46.456282" lon="12.031513"><ele>0</ele></trkpt>
      <trkpt lat="46.456293" lon="12.031404"><ele>0</ele></trkpt>
      <trkpt lat="46.456300" lon="12.031302"><ele>0</ele></trkpt>
      <trkpt lat="46.456302" lon="12.031199"><ele>0</ele></trkpt>
      <trkpt lat="46.456301" lon="12.031103"><ele>0</ele></trkpt>
      <trkpt lat="46.456298" lon="12.031017"><ele>0</ele></trkpt>
      <trkpt lat="46.456290" lon="12.030949"><ele>0</ele></trkpt>
      <trkpt lat="46.456279" lon="12.030890"><ele>0</ele></trkpt>
      <trkpt lat="46.456259" lon="12.030836"><ele>0</ele></trkpt>
      <trkpt lat="46.456223" lon="12.030800"><ele>0</ele></trkpt>
      <trkpt lat="46.455966" lon="12.030634"><ele>0</ele></trkpt>
      <trkpt lat="46.455822" lon="12.030555"><ele>0</ele></trkpt>
      <trkpt lat="46.455741" lon="12.030519"><ele>0</ele></trkpt>
      <trkpt lat="46.455154" lon="12.030294"><ele>0</ele></trkpt>
      <trkpt lat="46.455031" lon="12.030229"><ele>0</ele></trkpt>
      <trkpt lat="46.454623" lon="12.029905"><ele>0</ele></trkpt>
      <trkpt lat="46.454513" lon="12.029801"><ele>0</ele></trkpt>
      <trkpt lat="46.454429" lon="12.029689"><ele>0</ele></trkpt>
      <trkpt lat="46.453976" lon="12.028881"><ele>0</ele></trkpt>
      <trkpt lat="46.453938" lon="12.028808"><ele>0</ele></trkpt>
      <trkpt lat="46.453914" lon="12.028714"><ele>0</ele></trkpt>
      <trkpt lat="46.453905" lon="12.028633"><ele>0</ele></trkpt>
      <trkpt lat="46.453911" lon="12.028522"><ele>0</ele></trkpt>
      <trkpt lat="46.453956" lon="12.028227"><ele>0</ele></trkpt>
      <trkpt lat="46.453963" lon="12.028143"><ele>0</ele></trkpt>
      <trkpt lat="46.453954" lon="12.028017"><ele>0</ele></trkpt>
      <trkpt lat="46.453933" lon="12.027895"><ele>0</ele></trkpt>
      <trkpt lat="46.453902" lon="12.027781"><ele>0</ele></trkpt>
      <trkpt lat="46.453698" lon="12.027328"><ele>0</ele></trkpt>
      <trkpt lat="46.453669" lon="12.027235"><ele>0</ele></trkpt>
      <trkpt lat="46.453666" lon="12.027128"><ele>0</ele></trkpt>
      <trkpt lat="46.453701" lon="12.026662"><ele>0</ele></trkpt>
      <trkpt lat="46.453697" lon="12.026542"><ele>0</ele></trkpt>
      <trkpt lat="46.453675" lon="12.026429"><ele>0</ele></trkpt>
      <trkpt lat="46.453605" lon="12.026256"><ele>0</ele></trkpt>
      <trkpt lat="46.453552" lon="12.026183"><ele>0</ele></trkpt>
      <trkpt lat="46.453492" lon="12.026141"><ele>0</ele></trkpt>
      <trkpt lat="46.453392" lon="12.026142"><ele>0</ele></trkpt>
      <trkpt lat="46.453207" lon="12.026180"><ele>0</ele></trkpt>
      <trkpt lat="46.453128" lon="12.026179"><ele>0</ele></trkpt>
      <trkpt lat="46.453064" lon="12.026157"><ele>0</ele></trkpt>
      <trkpt lat="46.453009" lon="12.026090"><ele>0</ele></trkpt>
      <trkpt lat="46.452966" lon="12.026012"><ele>0</ele></trkpt>
      <trkpt lat="46.452693" lon="12.025171"><ele>0</ele></trkpt>
      <trkpt lat="46.452656" lon="12.025086"><ele>0</ele></trkpt>
      <trkpt lat="46.452602" lon="12.024983"><ele>0</ele></trkpt>
      <trkpt lat="46.452528" lon="12.024885"><ele>0</ele></trkpt>
      <trkpt lat="46.452429" lon="12.024811"><ele>0</ele></trkpt>
      <trkpt lat="46.452324" lon="12.024762"><ele>0</ele></trkpt>
      <trkpt lat="46.452195" lon="12.024712"><ele>0</ele></trkpt>
      <trkpt lat="46.451958" lon="12.024632"><ele>0</ele></trkpt>
      <trkpt lat="46.451390" lon="12.024535"><ele>0</ele></trkpt>
      <trkpt lat="46.451300" lon="12.024493"><ele>0</ele></trkpt>
      <trkpt lat="46.451218" lon="12.024432"><ele>0</ele></trkpt>
      <trkpt lat="46.450611" lon="12.023855"><ele>0</ele></trkpt>
      <trkpt lat="46.450546" lon="12.023787"><ele>0</ele></trkpt>
      <trkpt lat="46.450485" lon="12.023714"><ele>0</ele></trkpt>
      <trkpt lat="46.450438" lon="12.023633"><ele>0</ele></trkpt>
      <trkpt lat="46.450445" lon="12.023725"><ele>0</ele></trkpt>
      <trkpt lat="46.450477" lon="12.023802"><ele>0</ele></trkpt>
      <trkpt lat="46.450673" lon="12.024018"><ele>0</ele></trkpt>
      <trkpt lat="46.450868" lon="12.024279"><ele>0</ele></trkpt>
      <trkpt lat="46.451035" lon="12.024489"><ele>0</ele></trkpt>
      <trkpt lat="46.451231" lon="12.024733"><ele>0</ele></trkpt>
      <trkpt lat="46.451348" lon="12.024828"><ele>0</ele></trkpt>
      <trkpt lat="46.451528" lon="12.024995"><ele>0</ele></trkpt>
      <trkpt lat="46.451728" lon="12.025113"><ele>0</ele></trkpt>
      <trkpt lat="46.451890" lon="12.025222"><ele>0</ele></trkpt>
      <trkpt lat="46.451995" lon="12.025271"><ele>0</ele></trkpt>
      <trkpt lat="46.452150" lon="12.025318"><ele>0</ele></trkpt>
      <trkpt lat="46.452344" lon="12.025376"><ele>0</ele></trkpt>
      <trkpt lat="46.452501" lon="12.025487"><ele>0</ele></trkpt>
      <trkpt lat="46.452576" lon="12.025608"><ele>0</ele></trkpt>
      <trkpt lat="46.452614" lon="12.025782"><ele>0</ele></trkpt>
      <trkpt lat="46.452654" lon="12.025970"><ele>0</ele></trkpt>
      <trkpt lat="46.452680" lon="12.026112"><ele>0</ele></trkpt>
      <trkpt lat="46.452729" lon="12.026335"><ele>0</ele></trkpt>
      <trkpt lat="46.452783" lon="12.026471"><ele>0</ele></trkpt>
      <trkpt lat="46.452815" lon="12.026553"><ele>0</ele></trkpt>
      <trkpt lat="46.452904" lon="12.026709"><ele>0</ele></trkpt>
      <trkpt lat="46.452904" lon="12.026709"><ele>0</ele></trkpt>
    </trkseg>
  </trk>
</gpx>