<?xml version="1.0" encoding="UTF-8" standalone="no" ?>
<gpx xmlns="http://www.topografix.com/GPX/1/1" xmlns:gpxx="http://www.garmin.com/xmlschemas/GpxExtensions/v3" xmlns:gpxtpx="http://www.garmin.com/xmlschemas/TrackPointExtension/v1" xmlns:trp="http://www.garmin.com/xmlschemas/TripExtensions/v1" creator="Scenic Motorcycle Navigation App" version="1.1" xmlns:xsi="http://www.w3.org/2001/XMLSchema-instance" xsi:schemaLocation="http://www.topografix.com/GPX/1/1 http://www.topografix.com/GPX/1/1/gpx.xsd http://www.garmin.com/xmlschemas/GpxExtensions/v3 http://www.garmin.com/xmlschemas/GpxExtensionsv3.xsd http://www.garmin.com/xmlschemas/TrackPointExtension/v1 http://www.garmin.com/xmlschemas/TrackPointExtensionv1.xsd">

<metadata>
  <author>
    <name>Scenic Motorcycle Navigation App</name>
  </author>
  <copyright author="scenic.app"></copyright>
  <link href="https://scenic.app">
    <text>https://scenic.app</text>
  </link>
</metadata>

<wpt lat="46.258091" lon="10.509230">
  <name>Route Start</name>
  <desc>Scenic Motorcycle Navigation App</desc>
  <src>https://scenic.app</src>
  <link href="https://scenic.app">
    <text>https://scenic.app</text>
  </link>
</wpt>

<wpt lat="46.468463" lon="10.371314">
  <name>Route End</name>
  <desc>Scenic Motorcycle Navigation App</desc>
  <src>https://scenic.app</src>
  <link href="https://scenic.app">
    <text>https://scenic.app</text>
  </link>
</wpt>

<rte>
  <name>Passo Gavia — SS300, Lombardy (plain GPX)</name>
  <desc>Distance: 43 km (Ponte di Legno to Bormio)
Altitude: 2,618 m
Hairpins: Approximately 40 (south side)
Best for: Serious mountain riding, solitude, Stelvio extension
Best time: June to September
Scenic Motorcycle Navigation App
  </desc>
  <src>https://scenic.app</src>
  <link href="https://scenic.app">
    <text>https://scenic.app</text>
  </link>
  <rtept lat="46.257900" lon="10.509500">
    <name>Route Start - Route Start</name>
  </rtept>
  <rtept lat="46.344700" lon="10.491700">
    <name>Via 1</name>
  </rtept>
  <rtept lat="46.468300" lon="10.371400">
    <name>Route End - Route End</name>
  </rtept>
</rte>

<rte>
  <name>Passo Gavia — SS300, Lombardy (Garmin Trip Extension)</name>
  <desc>Distance: 43 km (Ponte di Legno to Bormio)
Altitude: 2,618 m
Hairpins: Approximately 40 (south side)
Best for: Serious mountain riding, solitude, Stelvio extension
Best time: June to September
Scenic Motorcycle Navigation App
  </desc>
  <src>https://scenic.app</src>
  <link href="https://scenic.app">
    <text>https://scenic.app</text>
  </link>
  <rtept lat="46.257900" lon="10.509500">
    <name>Route Start - Route Start</name>
    <extensions>
      <trp:ViaPoint/>
    </extensions>
  </rtept>
  <rtept lat="46.344700" lon="10.491700">
    <name>Via 1</name>
    <extensions>
      <trp:ShapingPoint/>
    </extensions>
  </rtept>
  <rtept lat="46.468300" lon="10.371400">
    <name>Route End - Route End</name>
    <extensions>
      <trp:ViaPoint/>
    </extensions>
  </rtept>
</rte>

<rte>
  <name>Passo Gavia — SS300, Lombardy (Garmin RoutePoint Extension)</name>
  <desc>Distance: 43 km (Ponte di Legno to Bormio)
Altitude: 2,618 m
Hairpins: Approximately 40 (south side)
Best for: Serious mountain riding, solitude, Stelvio extension
Best time: June to September
Scenic Motorcycle Navigation App
  </desc>
  <src>https://scenic.app</src>
  <link href="https://scenic.app">
    <text>https://scenic.app</text>
  </link>
  <rtept lat="46.257900" lon="10.509500">
    <name>Route Start - Route Start</name>
    <extensions>
      <gpxx:RoutePointExtension>
        <gpxx:rpt lat="46.344700" lon="10.491700"/>
      </gpxx:RoutePointExtension>
    </extensions>
  </rtept>
  <rtept lat="46.468300" lon="10.371400">
    <name>Route End - Route End</name>
  </rtept>
</rte>

<trk>
  <name>Passo Gavia — SS300, Lombardy (Track)</name>
  <desc>Distance: 43 km (Ponte di Legno to Bormio)
Altitude: 2,618 m
Hairpins: Approximately 40 (south side)
Best for: Serious mountain riding, solitude, Stelvio extension
Best time: June to September
Scenic Motorcycle Navigation App
  </desc>
  <src>https://scenic.app</src>
  <link href="https://scenic.app">
    <text>https://scenic.app</text>
  </link>
  <trkseg>
    <trkpt lat="46.258091" lon="10.509230">
      <ele>0</ele>
      <time>2026-04-13T10:52:32.000Z</time>
    </trkpt>
    <trkpt lat="46.258258" lon="10.509477">
      <ele>0</ele>
      <time>2026-04-13T10:52:33.787Z</time>
    </trkpt>
    <trkpt lat="46.258288" lon="10.509522">
      <ele>0</ele>
      <time>2026-04-13T10:52:35.575Z</time>
    </trkpt>
    <trkpt lat="46.258445" lon="10.509756">
      <ele>0</ele>
      <time>2026-04-13T10:52:37.363Z</time>
    </trkpt>
    <trkpt lat="46.258478" lon="10.509805">
      <ele>0</ele>
      <time>2026-04-13T10:52:39.151Z</time>
    </trkpt>
    <trkpt lat="46.258520" lon="10.509866">
      <ele>0</ele>
      <time>2026-04-13T10:52:40.938Z</time>
    </trkpt>
    <trkpt lat="46.258581" lon="10.509975">
      <ele>0</ele>
      <time>2026-04-13T10:52:42.726Z</time>
    </trkpt>
    <trkpt lat="46.258621" lon="10.510092">
      <ele>0</ele>
      <time>2026-04-13T10:52:44.514Z</time>
    </trkpt>
    <trkpt lat="46.258642" lon="10.510319">
      <ele>0</ele>
      <time>2026-04-13T10:52:46.302Z</time>
    </trkpt>
    <trkpt lat="46.258901" lon="10.510369">
      <ele>0</ele>
      <time>2026-04-13T10:52:48.089Z</time>
    </trkpt>
    <trkpt lat="46.258955" lon="10.510389">
      <ele>0</ele>
      <time>2026-04-13T10:52:49.877Z</time>
    </trkpt>
    <trkpt lat="46.258999" lon="10.510424">
      <ele>0</ele>
      <time>2026-04-13T10:52:51.665Z</time>
    </trkpt>
    <trkpt lat="46.259103" lon="10.510551">
      <ele>0</ele>
      <time>2026-04-13T10:52:53.453Z</time>
    </trkpt>
    <trkpt lat="46.259233" lon="10.510753">
      <ele>0</ele>
      <time>2026-04-13T10:52:55.240Z</time>
    </trkpt>
    <trkpt lat="46.259278" lon="10.510870">
      <ele>0</ele>
      <time>2026-04-13T10:52:57.028Z</time>
    </trkpt>
    <trkpt lat="46.259328" lon="10.511057">
      <ele>0</ele>
      <time>2026-04-13T10:52:58.816Z</time>
    </trkpt>
    <trkpt lat="46.259379" lon="10.511251">
      <ele>0</ele>
      <time>2026-04-13T10:53:00.604Z</time>
    </trkpt>
    <trkpt lat="46.259426" lon="10.511482">
      <ele>0</ele>
      <time>2026-04-13T10:53:02.391Z</time>
    </trkpt>
    <trkpt lat="46.259455" lon="10.511642">
      <ele>0</ele>
      <time>2026-04-13T10:53:04.179Z</time>
    </trkpt>
    <trkpt lat="46.259477" lon="10.511929">
      <ele>0</ele>
      <time>2026-04-13T10:53:05.967Z</time>
    </trkpt>
    <trkpt lat="46.259464" lon="10.512394">
      <ele>0</ele>
      <time>2026-04-13T10:53:07.754Z</time>
    </trkpt>
    <trkpt lat="46.259463" lon="10.512500">
      <ele>0</ele>
      <time>2026-04-13T10:53:09.542Z</time>
    </trkpt>
    <trkpt lat="46.259481" lon="10.512559">
      <ele>0</ele>
      <time>2026-04-13T10:53:11.330Z</time>
    </trkpt>
    <trkpt lat="46.259503" lon="10.512575">
      <ele>0</ele>
      <time>2026-04-13T10:53:13.118Z</time>
    </trkpt>
    <trkpt lat="46.259526" lon="10.512563">
      <ele>0</ele>
      <time>2026-04-13T10:53:14.905Z</time>
    </trkpt>
    <trkpt lat="46.259544" lon="10.512541">
      <ele>0</ele>
      <time>2026-04-13T10:53:16.693Z</time>
    </trkpt>
    <trkpt lat="46.259604" lon="10.512424">
      <ele>0</ele>
      <time>2026-04-13T10:53:18.481Z</time>
    </trkpt>
    <trkpt lat="46.259669" lon="10.512266">
      <ele>0</ele>
      <time>2026-04-13T10:53:20.269Z</time>
    </trkpt>
    <trkpt lat="46.259710" lon="10.512102">
      <ele>0</ele>
      <time>2026-04-13T10:53:22.056Z</time>
    </trkpt>
    <trkpt lat="46.259730" lon="10.511798">
      <ele>0</ele>
      <time>2026-04-13T10:53:23.844Z</time>
    </trkpt>
    <trkpt lat="46.259768" lon="10.511503">
      <ele>0</ele>
      <time>2026-04-13T10:53:25.632Z</time>
    </trkpt>
    <trkpt lat="46.259833" lon="10.511101">
      <ele>0</ele>
      <time>2026-04-13T10:53:27.420Z</time>
    </trkpt>
    <trkpt lat="46.259847" lon="10.511026">
      <ele>0</ele>
      <time>2026-04-13T10:53:29.207Z</time>
    </trkpt>
    <trkpt lat="46.259900" lon="10.510783">
      <ele>0</ele>
      <time>2026-04-13T10:53:30.995Z</time>
    </trkpt>
    <trkpt lat="46.259902" lon="10.510741">
      <ele>0</ele>
      <time>2026-04-13T10:53:32.783Z</time>
    </trkpt>
    <trkpt lat="46.259941" lon="10.510711">
      <ele>0</ele>
      <time>2026-04-13T10:53:34.571Z</time>
    </trkpt>
    <trkpt lat="46.259973" lon="10.510673">
      <ele>0</ele>
      <time>2026-04-13T10:53:36.358Z</time>
    </trkpt>
    <trkpt lat="46.260010" lon="10.510641">
      <ele>0</ele>
      <time>2026-04-13T10:53:38.146Z</time>
    </trkpt>
    <trkpt lat="46.260062" lon="10.510617">
      <ele>0</ele>
      <time>2026-04-13T10:53:39.934Z</time>
    </trkpt>
    <trkpt lat="46.260103" lon="10.510620">
      <ele>0</ele>
      <time>2026-04-13T10:53:41.722Z</time>
    </trkpt>
    <trkpt lat="46.260151" lon="10.510643">
      <ele>0</ele>
      <time>2026-04-13T10:53:43.509Z</time>
    </trkpt>
    <trkpt lat="46.260184" lon="10.510684">
      <ele>0</ele>
      <time>2026-04-13T10:53:45.297Z</time>
    </trkpt>
    <trkpt lat="46.260234" lon="10.510851">
      <ele>0</ele>
      <time>2026-04-13T10:53:47.085Z</time>
    </trkpt>
    <trkpt lat="46.260275" lon="10.510962">
      <ele>0</ele>
      <time>2026-04-13T10:53:48.873Z</time>
    </trkpt>
    <trkpt lat="46.260431" lon="10.511384">
      <ele>0</ele>
      <time>2026-04-13T10:53:50.660Z</time>
    </trkpt>
    <trkpt lat="46.260457" lon="10.511435">
      <ele>0</ele>
      <time>2026-04-13T10:53:52.448Z</time>
    </trkpt>
    <trkpt lat="46.260526" lon="10.511523">
      <ele>0</ele>
      <time>2026-04-13T10:53:54.236Z</time>
    </trkpt>
    <trkpt lat="46.260634" lon="10.511633">
      <ele>0</ele>
      <time>2026-04-13T10:53:56.024Z</time>
    </trkpt>
    <trkpt lat="46.260667" lon="10.511660">
      <ele>0</ele>
      <time>2026-04-13T10:53:57.811Z</time>
    </trkpt>
    <trkpt lat="46.260790" lon="10.511716">
      <ele>0</ele>
      <time>2026-04-13T10:53:59.599Z</time>
    </trkpt>
    <trkpt lat="46.260845" lon="10.511736">
      <ele>0</ele>
      <time>2026-04-13T10:54:01.387Z</time>
    </trkpt>
    <trkpt lat="46.261056" lon="10.511734">
      <ele>0</ele>
      <time>2026-04-13T10:54:03.175Z</time>
    </trkpt>
    <trkpt lat="46.261266" lon="10.511618">
      <ele>0</ele>
      <time>2026-04-13T10:54:04.962Z</time>
    </trkpt>
    <trkpt lat="46.261361" lon="10.511563">
      <ele>0</ele>
      <time>2026-04-13T10:54:06.750Z</time>
    </trkpt>
    <trkpt lat="46.261353" lon="10.511750">
      <ele>0</ele>
      <time>2026-04-13T10:54:08.538Z</time>
    </trkpt>
    <trkpt lat="46.261369" lon="10.511965">
      <ele>0</ele>
      <time>2026-04-13T10:54:10.326Z</time>
    </trkpt>
    <trkpt lat="46.261453" lon="10.512599">
      <ele>0</ele>
      <time>2026-04-13T10:54:12.113Z</time>
    </trkpt>
    <trkpt lat="46.261533" lon="10.513094">
      <ele>0</ele>
      <time>2026-04-13T10:54:13.901Z</time>
    </trkpt>
    <trkpt lat="46.261634" lon="10.513588">
      <ele>0</ele>
      <time>2026-04-13T10:54:15.689Z</time>
    </trkpt>
    <trkpt lat="46.261702" lon="10.513879">
      <ele>0</ele>
      <time>2026-04-13T10:54:17.477Z</time>
    </trkpt>
    <trkpt lat="46.261802" lon="10.514151">
      <ele>0</ele>
      <time>2026-04-13T10:54:19.264Z</time>
    </trkpt>
    <trkpt lat="46.262159" lon="10.514957">
      <ele>0</ele>
      <time>2026-04-13T10:54:21.052Z</time>
    </trkpt>
    <trkpt lat="46.262368" lon="10.515435">
      <ele>0</ele>
      <time>2026-04-13T10:54:22.840Z</time>
    </trkpt>
    <trkpt lat="46.262756" lon="10.515962">
      <ele>0</ele>
      <time>2026-04-13T10:54:24.628Z</time>
    </trkpt>
    <trkpt lat="46.262936" lon="10.516207">
      <ele>0</ele>
      <time>2026-04-13T10:54:26.415Z</time>
    </trkpt>
    <trkpt lat="46.263138" lon="10.516452">
      <ele>0</ele>
      <time>2026-04-13T10:54:28.203Z</time>
    </trkpt>
    <trkpt lat="46.263317" lon="10.516607">
      <ele>0</ele>
      <time>2026-04-13T10:54:29.991Z</time>
    </trkpt>
    <trkpt lat="46.263535" lon="10.516724">
      <ele>0</ele>
      <time>2026-04-13T10:54:31.779Z</time>
    </trkpt>
    <trkpt lat="46.263941" lon="10.516991">
      <ele>0</ele>
      <time>2026-04-13T10:54:33.566Z</time>
    </trkpt>
    <trkpt lat="46.264034" lon="10.517187">
      <ele>0</ele>
      <time>2026-04-13T10:54:35.354Z</time>
    </trkpt>
    <trkpt lat="46.264355" lon="10.517336">
      <ele>0</ele>
      <time>2026-04-13T10:54:37.142Z</time>
    </trkpt>
    <trkpt lat="46.264622" lon="10.517483">
      <ele>0</ele>
      <time>2026-04-13T10:54:38.930Z</time>
    </trkpt>
    <trkpt lat="46.264643" lon="10.517495">
      <ele>0</ele>
      <time>2026-04-13T10:54:40.717Z</time>
    </trkpt>
    <trkpt lat="46.264841" lon="10.517599">
      <ele>0</ele>
      <time>2026-04-13T10:54:42.505Z</time>
    </trkpt>
    <trkpt lat="46.265156" lon="10.517764">
      <ele>0</ele>
      <time>2026-04-13T10:54:44.293Z</time>
    </trkpt>
    <trkpt lat="46.265363" lon="10.517859">
      <ele>0</ele>
      <time>2026-04-13T10:54:46.081Z</time>
    </trkpt>
    <trkpt lat="46.265534" lon="10.517897">
      <ele>0</ele>
      <time>2026-04-13T10:54:47.868Z</time>
    </trkpt>
    <trkpt lat="46.265649" lon="10.517882">
      <ele>0</ele>
      <time>2026-04-13T10:54:49.656Z</time>
    </trkpt>
    <trkpt lat="46.265728" lon="10.517827">
      <ele>0</ele>
      <time>2026-04-13T10:54:51.444Z</time>
    </trkpt>
    <trkpt lat="46.265806" lon="10.517717">
      <ele>0</ele>
      <time>2026-04-13T10:54:53.232Z</time>
    </trkpt>
    <trkpt lat="46.265885" lon="10.517615">
      <ele>0</ele>
      <time>2026-04-13T10:54:55.019Z</time>
    </trkpt>
    <trkpt lat="46.265987" lon="10.517513">
      <ele>0</ele>
      <time>2026-04-13T10:54:56.807Z</time>
    </trkpt>
    <trkpt lat="46.266091" lon="10.517458">
      <ele>0</ele>
      <time>2026-04-13T10:54:58.595Z</time>
    </trkpt>
    <trkpt lat="46.266264" lon="10.517385">
      <ele>0</ele>
      <time>2026-04-13T10:55:00.383Z</time>
    </trkpt>
    <trkpt lat="46.266381" lon="10.517362">
      <ele>0</ele>
      <time>2026-04-13T10:55:02.170Z</time>
    </trkpt>
    <trkpt lat="46.266548" lon="10.517346">
      <ele>0</ele>
      <time>2026-04-13T10:55:03.958Z</time>
    </trkpt>
    <trkpt lat="46.266757" lon="10.517314">
      <ele>0</ele>
      <time>2026-04-13T10:55:05.746Z</time>
    </trkpt>
    <trkpt lat="46.266877" lon="10.517301">
      <ele>0</ele>
      <time>2026-04-13T10:55:07.534Z</time>
    </trkpt>
    <trkpt lat="46.267003" lon="10.517284">
      <ele>0</ele>
      <time>2026-04-13T10:55:09.321Z</time>
    </trkpt>
    <trkpt lat="46.267106" lon="10.517276">
      <ele>0</ele>
      <time>2026-04-13T10:55:11.109Z</time>
    </trkpt>
    <trkpt lat="46.267191" lon="10.517280">
      <ele>0</ele>
      <time>2026-04-13T10:55:12.897Z</time>
    </trkpt>
    <trkpt lat="46.267247" lon="10.517290">
      <ele>0</ele>
      <time>2026-04-13T10:55:14.685Z</time>
    </trkpt>
    <trkpt lat="46.267295" lon="10.517306">
      <ele>0</ele>
      <time>2026-04-13T10:55:16.472Z</time>
    </trkpt>
    <trkpt lat="46.267488" lon="10.517429">
      <ele>0</ele>
      <time>2026-04-13T10:55:18.260Z</time>
    </trkpt>
    <trkpt lat="46.267678" lon="10.517560">
      <ele>0</ele>
      <time>2026-04-13T10:55:20.048Z</time>
    </trkpt>
    <trkpt lat="46.267769" lon="10.517614">
      <ele>0</ele>
      <time>2026-04-13T10:55:21.836Z</time>
    </trkpt>
    <trkpt lat="46.267865" lon="10.517660">
      <ele>0</ele>
      <time>2026-04-13T10:55:23.623Z</time>
    </trkpt>
    <trkpt lat="46.267997" lon="10.517703">
      <ele>0</ele>
      <time>2026-04-13T10:55:25.411Z</time>
    </trkpt>
    <trkpt lat="46.268132" lon="10.517714">
      <ele>0</ele>
      <time>2026-04-13T10:55:27.199Z</time>
    </trkpt>
    <trkpt lat="46.268265" lon="10.517706">
      <ele>0</ele>
      <time>2026-04-13T10:55:28.987Z</time>
    </trkpt>
    <trkpt lat="46.268407" lon="10.517671">
      <ele>0</ele>
      <time>2026-04-13T10:55:30.774Z</time>
    </trkpt>
    <trkpt lat="46.268550" lon="10.517620">
      <ele>0</ele>
      <time>2026-04-13T10:55:32.562Z</time>
    </trkpt>
    <trkpt lat="46.269004" lon="10.517476">
      <ele>0</ele>
      <time>2026-04-13T10:55:34.350Z</time>
    </trkpt>
    <trkpt lat="46.269207" lon="10.517460">
      <ele>0</ele>
      <time>2026-04-13T10:55:36.138Z</time>
    </trkpt>
    <trkpt lat="46.269720" lon="10.517606">
      <ele>0</ele>
      <time>2026-04-13T10:55:37.925Z</time>
    </trkpt>
    <trkpt lat="46.269996" lon="10.517611">
      <ele>0</ele>
      <time>2026-04-13T10:55:39.713Z</time>
    </trkpt>
    <trkpt lat="46.270761" lon="10.517546">
      <ele>0</ele>
      <time>2026-04-13T10:55:41.501Z</time>
    </trkpt>
    <trkpt lat="46.271114" lon="10.517407">
      <ele>0</ele>
      <time>2026-04-13T10:55:43.289Z</time>
    </trkpt>
    <trkpt lat="46.271282" lon="10.517368">
      <ele>0</ele>
      <time>2026-04-13T10:55:45.076Z</time>
    </trkpt>
    <trkpt lat="46.271527" lon="10.517379">
      <ele>0</ele>
      <time>2026-04-13T10:55:46.864Z</time>
    </trkpt>
    <trkpt lat="46.271753" lon="10.517400">
      <ele>0</ele>
      <time>2026-04-13T10:55:48.652Z</time>
    </trkpt>
    <trkpt lat="46.272053" lon="10.517396">
      <ele>0</ele>
      <time>2026-04-13T10:55:50.439Z</time>
    </trkpt>
    <trkpt lat="46.272313" lon="10.517401">
      <ele>0</ele>
      <time>2026-04-13T10:55:52.227Z</time>
    </trkpt>
    <trkpt lat="46.272559" lon="10.517451">
      <ele>0</ele>
      <time>2026-04-13T10:55:54.015Z</time>
    </trkpt>
    <trkpt lat="46.272750" lon="10.517538">
      <ele>0</ele>
      <time>2026-04-13T10:55:55.803Z</time>
    </trkpt>
    <trkpt lat="46.272998" lon="10.517729">
      <ele>0</ele>
      <time>2026-04-13T10:55:57.590Z</time>
    </trkpt>
    <trkpt lat="46.273225" lon="10.517965">
      <ele>0</ele>
      <time>2026-04-13T10:55:59.378Z</time>
    </trkpt>
    <trkpt lat="46.273624" lon="10.518383">
      <ele>0</ele>
      <time>2026-04-13T10:56:01.166Z</time>
    </trkpt>
    <trkpt lat="46.273676" lon="10.518467">
      <ele>0</ele>
      <time>2026-04-13T10:56:02.954Z</time>
    </trkpt>
    <trkpt lat="46.273738" lon="10.518613">
      <ele>0</ele>
      <time>2026-04-13T10:56:04.741Z</time>
    </trkpt>
    <trkpt lat="46.273846" lon="10.518916">
      <ele>0</ele>
      <time>2026-04-13T10:56:06.529Z</time>
    </trkpt>
    <trkpt lat="46.273890" lon="10.519017">
      <ele>0</ele>
      <time>2026-04-13T10:56:08.317Z</time>
    </trkpt>
    <trkpt lat="46.273971" lon="10.519167">
      <ele>0</ele>
      <time>2026-04-13T10:56:10.105Z</time>
    </trkpt>
    <trkpt lat="46.274060" lon="10.519223">
      <ele>0</ele>
      <time>2026-04-13T10:56:11.892Z</time>
    </trkpt>
    <trkpt lat="46.274169" lon="10.519217">
      <ele>0</ele>
      <time>2026-04-13T10:56:13.680Z</time>
    </trkpt>
    <trkpt lat="46.274318" lon="10.519182">
      <ele>0</ele>
      <time>2026-04-13T10:56:15.468Z</time>
    </trkpt>
    <trkpt lat="46.274445" lon="10.519144">
      <ele>0</ele>
      <time>2026-04-13T10:56:17.256Z</time>
    </trkpt>
    <trkpt lat="46.274605" lon="10.519143">
      <ele>0</ele>
      <time>2026-04-13T10:56:19.043Z</time>
    </trkpt>
    <trkpt lat="46.274744" lon="10.519178">
      <ele>0</ele>
      <time>2026-04-13T10:56:20.831Z</time>
    </trkpt>
    <trkpt lat="46.274942" lon="10.519276">
      <ele>0</ele>
      <time>2026-04-13T10:56:22.619Z</time>
    </trkpt>
    <trkpt lat="46.275057" lon="10.519327">
      <ele>0</ele>
      <time>2026-04-13T10:56:24.407Z</time>
    </trkpt>
    <trkpt lat="46.275310" lon="10.519384">
      <ele>0</ele>
      <time>2026-04-13T10:56:26.194Z</time>
    </trkpt>
    <trkpt lat="46.275490" lon="10.519429">
      <ele>0</ele>
      <time>2026-04-13T10:56:27.982Z</time>
    </trkpt>
    <trkpt lat="46.275592" lon="10.519457">
      <ele>0</ele>
      <time>2026-04-13T10:56:29.770Z</time>
    </trkpt>
    <trkpt lat="46.275689" lon="10.519514">
      <ele>0</ele>
      <time>2026-04-13T10:56:31.558Z</time>
    </trkpt>
    <trkpt lat="46.275999" lon="10.519662">
      <ele>0</ele>
      <time>2026-04-13T10:56:33.345Z</time>
    </trkpt>
    <trkpt lat="46.276120" lon="10.519691">
      <ele>0</ele>
      <time>2026-04-13T10:56:35.133Z</time>
    </trkpt>
    <trkpt lat="46.276384" lon="10.519734">
      <ele>0</ele>
      <time>2026-04-13T10:56:36.921Z</time>
    </trkpt>
    <trkpt lat="46.276626" lon="10.519749">
      <ele>0</ele>
      <time>2026-04-13T10:56:38.709Z</time>
    </trkpt>
    <trkpt lat="46.276759" lon="10.519733">
      <ele>0</ele>
      <time>2026-04-13T10:56:40.496Z</time>
    </trkpt>
    <trkpt lat="46.277032" lon="10.519622">
      <ele>0</ele>
      <time>2026-04-13T10:56:42.284Z</time>
    </trkpt>
    <trkpt lat="46.277394" lon="10.519489">
      <ele>0</ele>
      <time>2026-04-13T10:56:44.072Z</time>
    </trkpt>
    <trkpt lat="46.277656" lon="10.519415">
      <ele>0</ele>
      <time>2026-04-13T10:56:45.860Z</time>
    </trkpt>
    <trkpt lat="46.277902" lon="10.519376">
      <ele>0</ele>
      <time>2026-04-13T10:56:47.647Z</time>
    </trkpt>
    <trkpt lat="46.278423" lon="10.519365">
      <ele>0</ele>
      <time>2026-04-13T10:56:49.435Z</time>
    </trkpt>
    <trkpt lat="46.279150" lon="10.519441">
      <ele>0</ele>
      <time>2026-04-13T10:56:51.223Z</time>
    </trkpt>
    <trkpt lat="46.279664" lon="10.519599">
      <ele>0</ele>
      <time>2026-04-13T10:56:53.011Z</time>
    </trkpt>
    <trkpt lat="46.279724" lon="10.519618">
      <ele>0</ele>
      <time>2026-04-13T10:56:54.798Z</time>
    </trkpt>
    <trkpt lat="46.279845" lon="10.519654">
      <ele>0</ele>
      <time>2026-04-13T10:56:56.586Z</time>
    </trkpt>
    <trkpt lat="46.279947" lon="10.519662">
      <ele>0</ele>
      <time>2026-04-13T10:56:58.374Z</time>
    </trkpt>
    <trkpt lat="46.280045" lon="10.519643">
      <ele>0</ele>
      <time>2026-04-13T10:57:00.162Z</time>
    </trkpt>
    <trkpt lat="46.280143" lon="10.519609">
      <ele>0</ele>
      <time>2026-04-13T10:57:01.949Z</time>
    </trkpt>
    <trkpt lat="46.280397" lon="10.519505">
      <ele>0</ele>
      <time>2026-04-13T10:57:03.737Z</time>
    </trkpt>
    <trkpt lat="46.280623" lon="10.519388">
      <ele>0</ele>
      <time>2026-04-13T10:57:05.525Z</time>
    </trkpt>
    <trkpt lat="46.280751" lon="10.519310">
      <ele>0</ele>
      <time>2026-04-13T10:57:07.313Z</time>
    </trkpt>
    <trkpt lat="46.280877" lon="10.519195">
      <ele>0</ele>
      <time>2026-04-13T10:57:09.100Z</time>
    </trkpt>
    <trkpt lat="46.281179" lon="10.518918">
      <ele>0</ele>
      <time>2026-04-13T10:57:10.888Z</time>
    </trkpt>
    <trkpt lat="46.281265" lon="10.518862">
      <ele>0</ele>
      <time>2026-04-13T10:57:12.676Z</time>
    </trkpt>
    <trkpt lat="46.281361" lon="10.518814">
      <ele>0</ele>
      <time>2026-04-13T10:57:14.464Z</time>
    </trkpt>
    <trkpt lat="46.281484" lon="10.518782">
      <ele>0</ele>
      <time>2026-04-13T10:57:16.251Z</time>
    </trkpt>
    <trkpt lat="46.281731" lon="10.518749">
      <ele>0</ele>
      <time>2026-04-13T10:57:18.039Z</time>
    </trkpt>
    <trkpt lat="46.282509" lon="10.518638">
      <ele>0</ele>
      <time>2026-04-13T10:57:19.827Z</time>
    </trkpt>
    <trkpt lat="46.282641" lon="10.518670">
      <ele>0</ele>
      <time>2026-04-13T10:57:21.615Z</time>
    </trkpt>
    <trkpt lat="46.283064" lon="10.518819">
      <ele>0</ele>
      <time>2026-04-13T10:57:23.402Z</time>
    </trkpt>
    <trkpt lat="46.283356" lon="10.518891">
      <ele>0</ele>
      <time>2026-04-13T10:57:25.190Z</time>
    </trkpt>
    <trkpt lat="46.283622" lon="10.518903">
      <ele>0</ele>
      <time>2026-04-13T10:57:26.978Z</time>
    </trkpt>
    <trkpt lat="46.284026" lon="10.518866">
      <ele>0</ele>
      <time>2026-04-13T10:57:28.766Z</time>
    </trkpt>
    <trkpt lat="46.284255" lon="10.518857">
      <ele>0</ele>
      <time>2026-04-13T10:57:30.553Z</time>
    </trkpt>
    <trkpt lat="46.284392" lon="10.518818">
      <ele>0</ele>
      <time>2026-04-13T10:57:32.341Z</time>
    </trkpt>
    <trkpt lat="46.284492" lon="10.518742">
      <ele>0</ele>
      <time>2026-04-13T10:57:34.129Z</time>
    </trkpt>
    <trkpt lat="46.284624" lon="10.518572">
      <ele>0</ele>
      <time>2026-04-13T10:57:35.917Z</time>
    </trkpt>
    <trkpt lat="46.284768" lon="10.518344">
      <ele>0</ele>
      <time>2026-04-13T10:57:37.704Z</time>
    </trkpt>
    <trkpt lat="46.284900" lon="10.518205">
      <ele>0</ele>
      <time>2026-04-13T10:57:39.492Z</time>
    </trkpt>
    <trkpt lat="46.285050" lon="10.518093">
      <ele>0</ele>
      <time>2026-04-13T10:57:41.280Z</time>
    </trkpt>
    <trkpt lat="46.285457" lon="10.517920">
      <ele>0</ele>
      <time>2026-04-13T10:57:43.068Z</time>
    </trkpt>
    <trkpt lat="46.286295" lon="10.517645">
      <ele>0</ele>
      <time>2026-04-13T10:57:44.855Z</time>
    </trkpt>
    <trkpt lat="46.286622" lon="10.517541">
      <ele>0</ele>
      <time>2026-04-13T10:57:46.643Z</time>
    </trkpt>
    <trkpt lat="46.286919" lon="10.517448">
      <ele>0</ele>
      <time>2026-04-13T10:57:48.431Z</time>
    </trkpt>
    <trkpt lat="46.287089" lon="10.517429">
      <ele>0</ele>
      <time>2026-04-13T10:57:50.219Z</time>
    </trkpt>
    <trkpt lat="46.287173" lon="10.517469">
      <ele>0</ele>
      <time>2026-04-13T10:57:52.006Z</time>
    </trkpt>
    <trkpt lat="46.287237" lon="10.517572">
      <ele>0</ele>
      <time>2026-04-13T10:57:53.794Z</time>
    </trkpt>
    <trkpt lat="46.287259" lon="10.517697">
      <ele>0</ele>
      <time>2026-04-13T10:57:55.582Z</time>
    </trkpt>
    <trkpt lat="46.287243" lon="10.517835">
      <ele>0</ele>
      <time>2026-04-13T10:57:57.370Z</time>
    </trkpt>
    <trkpt lat="46.287194" lon="10.517977">
      <ele>0</ele>
      <time>2026-04-13T10:57:59.157Z</time>
    </trkpt>
    <trkpt lat="46.287135" lon="10.518063">
      <ele>0</ele>
      <time>2026-04-13T10:58:00.945Z</time>
    </trkpt>
    <trkpt lat="46.287043" lon="10.518172">
      <ele>0</ele>
      <time>2026-04-13T10:58:02.733Z</time>
    </trkpt>
    <trkpt lat="46.286958" lon="10.518234">
      <ele>0</ele>
      <time>2026-04-13T10:58:04.521Z</time>
    </trkpt>
    <trkpt lat="46.286850" lon="10.518281">
      <ele>0</ele>
      <time>2026-04-13T10:58:06.308Z</time>
    </trkpt>
    <trkpt lat="46.286702" lon="10.518325">
      <ele>0</ele>
      <time>2026-04-13T10:58:08.096Z</time>
    </trkpt>
    <trkpt lat="46.286568" lon="10.518354">
      <ele>0</ele>
      <time>2026-04-13T10:58:09.884Z</time>
    </trkpt>
    <trkpt lat="46.286357" lon="10.518383">
      <ele>0</ele>
      <time>2026-04-13T10:58:11.672Z</time>
    </trkpt>
    <trkpt lat="46.286257" lon="10.518430">
      <ele>0</ele>
      <time>2026-04-13T10:58:13.459Z</time>
    </trkpt>
    <trkpt lat="46.286196" lon="10.518503">
      <ele>0</ele>
      <time>2026-04-13T10:58:15.247Z</time>
    </trkpt>
    <trkpt lat="46.286137" lon="10.518597">
      <ele>0</ele>
      <time>2026-04-13T10:58:17.035Z</time>
    </trkpt>
    <trkpt lat="46.286070" lon="10.518749">
      <ele>0</ele>
      <time>2026-04-13T10:58:18.823Z</time>
    </trkpt>
    <trkpt lat="46.285987" lon="10.519008">
      <ele>0</ele>
      <time>2026-04-13T10:58:20.610Z</time>
    </trkpt>
    <trkpt lat="46.285947" lon="10.519226">
      <ele>0</ele>
      <time>2026-04-13T10:58:22.398Z</time>
    </trkpt>
    <trkpt lat="46.285920" lon="10.519479">
      <ele>0</ele>
      <time>2026-04-13T10:58:24.186Z</time>
    </trkpt>
    <trkpt lat="46.285877" lon="10.519679">
      <ele>0</ele>
      <time>2026-04-13T10:58:25.974Z</time>
    </trkpt>
    <trkpt lat="46.285811" lon="10.519880">
      <ele>0</ele>
      <time>2026-04-13T10:58:27.761Z</time>
    </trkpt>
    <trkpt lat="46.285718" lon="10.520098">
      <ele>0</ele>
      <time>2026-04-13T10:58:29.549Z</time>
    </trkpt>
    <trkpt lat="46.285559" lon="10.520388">
      <ele>0</ele>
      <time>2026-04-13T10:58:31.337Z</time>
    </trkpt>
    <trkpt lat="46.285371" lon="10.520695">
      <ele>0</ele>
      <time>2026-04-13T10:58:33.124Z</time>
    </trkpt>
    <trkpt lat="46.285358" lon="10.520725">
      <ele>0</ele>
      <time>2026-04-13T10:58:34.912Z</time>
    </trkpt>
    <trkpt lat="46.285354" lon="10.520755">
      <ele>0</ele>
      <time>2026-04-13T10:58:36.700Z</time>
    </trkpt>
    <trkpt lat="46.285354" lon="10.520783">
      <ele>0</ele>
      <time>2026-04-13T10:58:38.488Z</time>
    </trkpt>
    <trkpt lat="46.285359" lon="10.520808">
      <ele>0</ele>
      <time>2026-04-13T10:58:40.275Z</time>
    </trkpt>
    <trkpt lat="46.285379" lon="10.520835">
      <ele>0</ele>
      <time>2026-04-13T10:58:42.063Z</time>
    </trkpt>
    <trkpt lat="46.285400" lon="10.520847">
      <ele>0</ele>
      <time>2026-04-13T10:58:43.851Z</time>
    </trkpt>
    <trkpt lat="46.285419" lon="10.520851">
      <ele>0</ele>
      <time>2026-04-13T10:58:45.639Z</time>
    </trkpt>
    <trkpt lat="46.285437" lon="10.520846">
      <ele>0</ele>
      <time>2026-04-13T10:58:47.426Z</time>
    </trkpt>
    <trkpt lat="46.285460" lon="10.520835">
      <ele>0</ele>
      <time>2026-04-13T10:58:49.214Z</time>
    </trkpt>
    <trkpt lat="46.285475" lon="10.520819">
      <ele>0</ele>
      <time>2026-04-13T10:58:51.002Z</time>
    </trkpt>
    <trkpt lat="46.285640" lon="10.520596">
      <ele>0</ele>
      <time>2026-04-13T10:58:52.790Z</time>
    </trkpt>
    <trkpt lat="46.285770" lon="10.520477">
      <ele>0</ele>
      <time>2026-04-13T10:58:54.577Z</time>
    </trkpt>
    <trkpt lat="46.285907" lon="10.520365">
      <ele>0</ele>
      <time>2026-04-13T10:58:56.365Z</time>
    </trkpt>
    <trkpt lat="46.286296" lon="10.520113">
      <ele>0</ele>
      <time>2026-04-13T10:58:58.153Z</time>
    </trkpt>
    <trkpt lat="46.286439" lon="10.520004">
      <ele>0</ele>
      <time>2026-04-13T10:58:59.941Z</time>
    </trkpt>
    <trkpt lat="46.286558" lon="10.519868">
      <ele>0</ele>
      <time>2026-04-13T10:59:01.728Z</time>
    </trkpt>
    <trkpt lat="46.286812" lon="10.519543">
      <ele>0</ele>
      <time>2026-04-13T10:59:03.516Z</time>
    </trkpt>
    <trkpt lat="46.286853" lon="10.519500">
      <ele>0</ele>
      <time>2026-04-13T10:59:05.304Z</time>
    </trkpt>
    <trkpt lat="46.286898" lon="10.519465">
      <ele>0</ele>
      <time>2026-04-13T10:59:07.092Z</time>
    </trkpt>
    <trkpt lat="46.286946" lon="10.519428">
      <ele>0</ele>
      <time>2026-04-13T10:59:08.879Z</time>
    </trkpt>
    <trkpt lat="46.286970" lon="10.519410">
      <ele>0</ele>
      <time>2026-04-13T10:59:10.667Z</time>
    </trkpt>
    <trkpt lat="46.286983" lon="10.519402">
      <ele>0</ele>
      <time>2026-04-13T10:59:12.455Z</time>
    </trkpt>
    <trkpt lat="46.287003" lon="10.519388">
      <ele>0</ele>
      <time>2026-04-13T10:59:14.243Z</time>
    </trkpt>
    <trkpt lat="46.287194" lon="10.519268">
      <ele>0</ele>
      <time>2026-04-13T10:59:16.030Z</time>
    </trkpt>
    <trkpt lat="46.287235" lon="10.519246">
      <ele>0</ele>
      <time>2026-04-13T10:59:17.818Z</time>
    </trkpt>
    <trkpt lat="46.287258" lon="10.519236">
      <ele>0</ele>
      <time>2026-04-13T10:59:19.606Z</time>
    </trkpt>
    <trkpt lat="46.287272" lon="10.519231">
      <ele>0</ele>
      <time>2026-04-13T10:59:21.394Z</time>
    </trkpt>
    <trkpt lat="46.287283" lon="10.519228">
      <ele>0</ele>
      <time>2026-04-13T10:59:23.181Z</time>
    </trkpt>
    <trkpt lat="46.287375" lon="10.519199">
      <ele>0</ele>
      <time>2026-04-13T10:59:24.969Z</time>
    </trkpt>
    <trkpt lat="46.287430" lon="10.519184">
      <ele>0</ele>
      <time>2026-04-13T10:59:26.757Z</time>
    </trkpt>
    <trkpt lat="46.287479" lon="10.519164">
      <ele>0</ele>
      <time>2026-04-13T10:59:28.545Z</time>
    </trkpt>
    <trkpt lat="46.287531" lon="10.519141">
      <ele>0</ele>
      <time>2026-04-13T10:59:30.332Z</time>
    </trkpt>
    <trkpt lat="46.287558" lon="10.519128">
      <ele>0</ele>
      <time>2026-04-13T10:59:32.120Z</time>
    </trkpt>
    <trkpt lat="46.287580" lon="10.519114">
      <ele>0</ele>
      <time>2026-04-13T10:59:33.908Z</time>
    </trkpt>
    <trkpt lat="46.287600" lon="10.519104">
      <ele>0</ele>
      <time>2026-04-13T10:59:35.696Z</time>
    </trkpt>
    <trkpt lat="46.287623" lon="10.519091">
      <ele>0</ele>
      <time>2026-04-13T10:59:37.483Z</time>
    </trkpt>
    <trkpt lat="46.287662" lon="10.519054">
      <ele>0</ele>
      <time>2026-04-13T10:59:39.271Z</time>
    </trkpt>
    <trkpt lat="46.287738" lon="10.518977">
      <ele>0</ele>
      <time>2026-04-13T10:59:41.059Z</time>
    </trkpt>
    <trkpt lat="46.287777" lon="10.518931">
      <ele>0</ele>
      <time>2026-04-13T10:59:42.847Z</time>
    </trkpt>
    <trkpt lat="46.287816" lon="10.518885">
      <ele>0</ele>
      <time>2026-04-13T10:59:44.634Z</time>
    </trkpt>
    <trkpt lat="46.287883" lon="10.518785">
      <ele>0</ele>
      <time>2026-04-13T10:59:46.422Z</time>
    </trkpt>
    <trkpt lat="46.288320" lon="10.517847">
      <ele>0</ele>
      <time>2026-04-13T10:59:48.210Z</time>
    </trkpt>
    <trkpt lat="46.288569" lon="10.517381">
      <ele>0</ele>
      <time>2026-04-13T10:59:49.998Z</time>
    </trkpt>
    <trkpt lat="46.288863" lon="10.516931">
      <ele>0</ele>
      <time>2026-04-13T10:59:51.785Z</time>
    </trkpt>
    <trkpt lat="46.288941" lon="10.516770">
      <ele>0</ele>
      <time>2026-04-13T10:59:53.573Z</time>
    </trkpt>
    <trkpt lat="46.288978" lon="10.516683">
      <ele>0</ele>
      <time>2026-04-13T10:59:55.361Z</time>
    </trkpt>
    <trkpt lat="46.289007" lon="10.516596">
      <ele>0</ele>
      <time>2026-04-13T10:59:57.149Z</time>
    </trkpt>
    <trkpt lat="46.289025" lon="10.516528">
      <ele>0</ele>
      <time>2026-04-13T10:59:58.936Z</time>
    </trkpt>
    <trkpt lat="46.289032" lon="10.516454">
      <ele>0</ele>
      <time>2026-04-13T11:00:00.724Z</time>
    </trkpt>
    <trkpt lat="46.289039" lon="10.516306">
      <ele>0</ele>
      <time>2026-04-13T11:00:02.512Z</time>
    </trkpt>
    <trkpt lat="46.289049" lon="10.516231">
      <ele>0</ele>
      <time>2026-04-13T11:00:04.300Z</time>
    </trkpt>
    <trkpt lat="46.289065" lon="10.516167">
      <ele>0</ele>
      <time>2026-04-13T11:00:06.087Z</time>
    </trkpt>
    <trkpt lat="46.289083" lon="10.516127">
      <ele>0</ele>
      <time>2026-04-13T11:00:07.875Z</time>
    </trkpt>
    <trkpt lat="46.289099" lon="10.516093">
      <ele>0</ele>
      <time>2026-04-13T11:00:09.663Z</time>
    </trkpt>
    <trkpt lat="46.289114" lon="10.516067">
      <ele>0</ele>
      <time>2026-04-13T11:00:11.451Z</time>
    </trkpt>
    <trkpt lat="46.289132" lon="10.516045">
      <ele>0</ele>
      <time>2026-04-13T11:00:13.238Z</time>
    </trkpt>
    <trkpt lat="46.289475" lon="10.515710">
      <ele>0</ele>
      <time>2026-04-13T11:00:15.026Z</time>
    </trkpt>
    <trkpt lat="46.289634" lon="10.515471">
      <ele>0</ele>
      <time>2026-04-13T11:00:16.814Z</time>
    </trkpt>
    <trkpt lat="46.289880" lon="10.515087">
      <ele>0</ele>
      <time>2026-04-13T11:00:18.602Z</time>
    </trkpt>
    <trkpt lat="46.290128" lon="10.514786">
      <ele>0</ele>
      <time>2026-04-13T11:00:20.389Z</time>
    </trkpt>
    <trkpt lat="46.290185" lon="10.514728">
      <ele>0</ele>
      <time>2026-04-13T11:00:22.177Z</time>
    </trkpt>
    <trkpt lat="46.290242" lon="10.514661">
      <ele>0</ele>
      <time>2026-04-13T11:00:23.965Z</time>
    </trkpt>
    <trkpt lat="46.290301" lon="10.514598">
      <ele>0</ele>
      <time>2026-04-13T11:00:25.753Z</time>
    </trkpt>
    <trkpt lat="46.290351" lon="10.514522">
      <ele>0</ele>
      <time>2026-04-13T11:00:27.540Z</time>
    </trkpt>
    <trkpt lat="46.290370" lon="10.514494">
      <ele>0</ele>
      <time>2026-04-13T11:00:29.328Z</time>
    </trkpt>
    <trkpt lat="46.290384" lon="10.514460">
      <ele>0</ele>
      <time>2026-04-13T11:00:31.116Z</time>
    </trkpt>
    <trkpt lat="46.290415" lon="10.514388">
      <ele>0</ele>
      <time>2026-04-13T11:00:32.904Z</time>
    </trkpt>
    <trkpt lat="46.290463" lon="10.514262">
      <ele>0</ele>
      <time>2026-04-13T11:00:34.691Z</time>
    </trkpt>
    <trkpt lat="46.290520" lon="10.514054">
      <ele>0</ele>
      <time>2026-04-13T11:00:36.479Z</time>
    </trkpt>
    <trkpt lat="46.290589" lon="10.513833">
      <ele>0</ele>
      <time>2026-04-13T11:00:38.267Z</time>
    </trkpt>
    <trkpt lat="46.290625" lon="10.513732">
      <ele>0</ele>
      <time>2026-04-13T11:00:40.055Z</time>
    </trkpt>
    <trkpt lat="46.290676" lon="10.513623">
      <ele>0</ele>
      <time>2026-04-13T11:00:41.842Z</time>
    </trkpt>
    <trkpt lat="46.290838" lon="10.513275">
      <ele>0</ele>
      <time>2026-04-13T11:00:43.630Z</time>
    </trkpt>
    <trkpt lat="46.290875" lon="10.513207">
      <ele>0</ele>
      <time>2026-04-13T11:00:45.418Z</time>
    </trkpt>
    <trkpt lat="46.290916" lon="10.513151">
      <ele>0</ele>
      <time>2026-04-13T11:00:47.206Z</time>
    </trkpt>
    <trkpt lat="46.291000" lon="10.513044">
      <ele>0</ele>
      <time>2026-04-13T11:00:48.993Z</time>
    </trkpt>
    <trkpt lat="46.291053" lon="10.512971">
      <ele>0</ele>
      <time>2026-04-13T11:00:50.781Z</time>
    </trkpt>
    <trkpt lat="46.291105" lon="10.512910">
      <ele>0</ele>
      <time>2026-04-13T11:00:52.569Z</time>
    </trkpt>
    <trkpt lat="46.291160" lon="10.512842">
      <ele>0</ele>
      <time>2026-04-13T11:00:54.357Z</time>
    </trkpt>
    <trkpt lat="46.291193" lon="10.512811">
      <ele>0</ele>
      <time>2026-04-13T11:00:56.144Z</time>
    </trkpt>
    <trkpt lat="46.291217" lon="10.512794">
      <ele>0</ele>
      <time>2026-04-13T11:00:57.932Z</time>
    </trkpt>
    <trkpt lat="46.291441" lon="10.512691">
      <ele>0</ele>
      <time>2026-04-13T11:00:59.720Z</time>
    </trkpt>
    <trkpt lat="46.291757" lon="10.512566">
      <ele>0</ele>
      <time>2026-04-13T11:01:01.508Z</time>
    </trkpt>
    <trkpt lat="46.291841" lon="10.512520">
      <ele>0</ele>
      <time>2026-04-13T11:01:03.295Z</time>
    </trkpt>
    <trkpt lat="46.291916" lon="10.512473">
      <ele>0</ele>
      <time>2026-04-13T11:01:05.083Z</time>
    </trkpt>
    <trkpt lat="46.291994" lon="10.512412">
      <ele>0</ele>
      <time>2026-04-13T11:01:06.871Z</time>
    </trkpt>
    <trkpt lat="46.292065" lon="10.512341">
      <ele>0</ele>
      <time>2026-04-13T11:01:08.658Z</time>
    </trkpt>
    <trkpt lat="46.292174" lon="10.512222">
      <ele>0</ele>
      <time>2026-04-13T11:01:10.446Z</time>
    </trkpt>
    <trkpt lat="46.292274" lon="10.512095">
      <ele>0</ele>
      <time>2026-04-13T11:01:12.234Z</time>
    </trkpt>
    <trkpt lat="46.292473" lon="10.511833">
      <ele>0</ele>
      <time>2026-04-13T11:01:14.022Z</time>
    </trkpt>
    <trkpt lat="46.292580" lon="10.511682">
      <ele>0</ele>
      <time>2026-04-13T11:01:15.809Z</time>
    </trkpt>
    <trkpt lat="46.292623" lon="10.511616">
      <ele>0</ele>
      <time>2026-04-13T11:01:17.597Z</time>
    </trkpt>
    <trkpt lat="46.292655" lon="10.511546">
      <ele>0</ele>
      <time>2026-04-13T11:01:19.385Z</time>
    </trkpt>
    <trkpt lat="46.292683" lon="10.511468">
      <ele>0</ele>
      <time>2026-04-13T11:01:21.173Z</time>
    </trkpt>
    <trkpt lat="46.292706" lon="10.511387">
      <ele>0</ele>
      <time>2026-04-13T11:01:22.960Z</time>
    </trkpt>
    <trkpt lat="46.292837" lon="10.510692">
      <ele>0</ele>
      <time>2026-04-13T11:01:24.748Z</time>
    </trkpt>
    <trkpt lat="46.292941" lon="10.509958">
      <ele>0</ele>
      <time>2026-04-13T11:01:26.536Z</time>
    </trkpt>
    <trkpt lat="46.293009" lon="10.509607">
      <ele>0</ele>
      <time>2026-04-13T11:01:28.324Z</time>
    </trkpt>
    <trkpt lat="46.293053" lon="10.509432">
      <ele>0</ele>
      <time>2026-04-13T11:01:30.111Z</time>
    </trkpt>
    <trkpt lat="46.293080" lon="10.509347">
      <ele>0</ele>
      <time>2026-04-13T11:01:31.899Z</time>
    </trkpt>
    <trkpt lat="46.293114" lon="10.509266">
      <ele>0</ele>
      <time>2026-04-13T11:01:33.687Z</time>
    </trkpt>
    <trkpt lat="46.293148" lon="10.509208">
      <ele>0</ele>
      <time>2026-04-13T11:01:35.475Z</time>
    </trkpt>
    <trkpt lat="46.293181" lon="10.509161">
      <ele>0</ele>
      <time>2026-04-13T11:01:37.262Z</time>
    </trkpt>
    <trkpt lat="46.293254" lon="10.509077">
      <ele>0</ele>
      <time>2026-04-13T11:01:39.050Z</time>
    </trkpt>
    <trkpt lat="46.293339" lon="10.508971">
      <ele>0</ele>
      <time>2026-04-13T11:01:40.838Z</time>
    </trkpt>
    <trkpt lat="46.293391" lon="10.508915">
      <ele>0</ele>
      <time>2026-04-13T11:01:42.626Z</time>
    </trkpt>
    <trkpt lat="46.293422" lon="10.508887">
      <ele>0</ele>
      <time>2026-04-13T11:01:44.413Z</time>
    </trkpt>
    <trkpt lat="46.293448" lon="10.508867">
      <ele>0</ele>
      <time>2026-04-13T11:01:46.201Z</time>
    </trkpt>
    <trkpt lat="46.293666" lon="10.508661">
      <ele>0</ele>
      <time>2026-04-13T11:01:47.989Z</time>
    </trkpt>
    <trkpt lat="46.293784" lon="10.508547">
      <ele>0</ele>
      <time>2026-04-13T11:01:49.777Z</time>
    </trkpt>
    <trkpt lat="46.293863" lon="10.508469">
      <ele>0</ele>
      <time>2026-04-13T11:01:51.564Z</time>
    </trkpt>
    <trkpt lat="46.293988" lon="10.508318">
      <ele>0</ele>
      <time>2026-04-13T11:01:53.352Z</time>
    </trkpt>
    <trkpt lat="46.294068" lon="10.508195">
      <ele>0</ele>
      <time>2026-04-13T11:01:55.140Z</time>
    </trkpt>
    <trkpt lat="46.294149" lon="10.508115">
      <ele>0</ele>
      <time>2026-04-13T11:01:56.928Z</time>
    </trkpt>
    <trkpt lat="46.294253" lon="10.508068">
      <ele>0</ele>
      <time>2026-04-13T11:01:58.715Z</time>
    </trkpt>
    <trkpt lat="46.294350" lon="10.508026">
      <ele>0</ele>
      <time>2026-04-13T11:02:00.503Z</time>
    </trkpt>
    <trkpt lat="46.294495" lon="10.507928">
      <ele>0</ele>
      <time>2026-04-13T11:02:02.291Z</time>
    </trkpt>
    <trkpt lat="46.294625" lon="10.507795">
      <ele>0</ele>
      <time>2026-04-13T11:02:04.079Z</time>
    </trkpt>
    <trkpt lat="46.294780" lon="10.507640">
      <ele>0</ele>
      <time>2026-04-13T11:02:05.866Z</time>
    </trkpt>
    <trkpt lat="46.294920" lon="10.507531">
      <ele>0</ele>
      <time>2026-04-13T11:02:07.654Z</time>
    </trkpt>
    <trkpt lat="46.295091" lon="10.507498">
      <ele>0</ele>
      <time>2026-04-13T11:02:09.442Z</time>
    </trkpt>
    <trkpt lat="46.295323" lon="10.507424">
      <ele>0</ele>
      <time>2026-04-13T11:02:11.230Z</time>
    </trkpt>
    <trkpt lat="46.295630" lon="10.507207">
      <ele>0</ele>
      <time>2026-04-13T11:02:13.017Z</time>
    </trkpt>
    <trkpt lat="46.295737" lon="10.507152">
      <ele>0</ele>
      <time>2026-04-13T11:02:14.805Z</time>
    </trkpt>
    <trkpt lat="46.295867" lon="10.507107">
      <ele>0</ele>
      <time>2026-04-13T11:02:16.593Z</time>
    </trkpt>
    <trkpt lat="46.296164" lon="10.507068">
      <ele>0</ele>
      <time>2026-04-13T11:02:18.381Z</time>
    </trkpt>
    <trkpt lat="46.296308" lon="10.507018">
      <ele>0</ele>
      <time>2026-04-13T11:02:20.168Z</time>
    </trkpt>
    <trkpt lat="46.296443" lon="10.506947">
      <ele>0</ele>
      <time>2026-04-13T11:02:21.956Z</time>
    </trkpt>
    <trkpt lat="46.296763" lon="10.506652">
      <ele>0</ele>
      <time>2026-04-13T11:02:23.744Z</time>
    </trkpt>
    <trkpt lat="46.296969" lon="10.506462">
      <ele>0</ele>
      <time>2026-04-13T11:02:25.532Z</time>
    </trkpt>
    <trkpt lat="46.297054" lon="10.506392">
      <ele>0</ele>
      <time>2026-04-13T11:02:27.319Z</time>
    </trkpt>
    <trkpt lat="46.297170" lon="10.506316">
      <ele>0</ele>
      <time>2026-04-13T11:02:29.107Z</time>
    </trkpt>
    <trkpt lat="46.297251" lon="10.506289">
      <ele>0</ele>
      <time>2026-04-13T11:02:30.895Z</time>
    </trkpt>
    <trkpt lat="46.297425" lon="10.506288">
      <ele>0</ele>
      <time>2026-04-13T11:02:32.683Z</time>
    </trkpt>
    <trkpt lat="46.297545" lon="10.506300">
      <ele>0</ele>
      <time>2026-04-13T11:02:34.470Z</time>
    </trkpt>
    <trkpt lat="46.297612" lon="10.506306">
      <ele>0</ele>
      <time>2026-04-13T11:02:36.258Z</time>
    </trkpt>
    <trkpt lat="46.297782" lon="10.506294">
      <ele>0</ele>
      <time>2026-04-13T11:02:38.046Z</time>
    </trkpt>
    <trkpt lat="46.297982" lon="10.506259">
      <ele>0</ele>
      <time>2026-04-13T11:02:39.834Z</time>
    </trkpt>
    <trkpt lat="46.298250" lon="10.506104">
      <ele>0</ele>
      <time>2026-04-13T11:02:41.621Z</time>
    </trkpt>
    <trkpt lat="46.298506" lon="10.506019">
      <ele>0</ele>
      <time>2026-04-13T11:02:43.409Z</time>
    </trkpt>
    <trkpt lat="46.298691" lon="10.505902">
      <ele>0</ele>
      <time>2026-04-13T11:02:45.197Z</time>
    </trkpt>
    <trkpt lat="46.298983" lon="10.505681">
      <ele>0</ele>
      <time>2026-04-13T11:02:46.985Z</time>
    </trkpt>
    <trkpt lat="46.299520" lon="10.505261">
      <ele>0</ele>
      <time>2026-04-13T11:02:48.772Z</time>
    </trkpt>
    <trkpt lat="46.299702" lon="10.505062">
      <ele>0</ele>
      <time>2026-04-13T11:02:50.560Z</time>
    </trkpt>
    <trkpt lat="46.300053" lon="10.504819">
      <ele>0</ele>
      <time>2026-04-13T11:02:52.348Z</time>
    </trkpt>
    <trkpt lat="46.300132" lon="10.504765">
      <ele>0</ele>
      <time>2026-04-13T11:02:54.136Z</time>
    </trkpt>
    <trkpt lat="46.300224" lon="10.504651">
      <ele>0</ele>
      <time>2026-04-13T11:02:55.923Z</time>
    </trkpt>
    <trkpt lat="46.300321" lon="10.504459">
      <ele>0</ele>
      <time>2026-04-13T11:02:57.711Z</time>
    </trkpt>
    <trkpt lat="46.300387" lon="10.504380">
      <ele>0</ele>
      <time>2026-04-13T11:02:59.499Z</time>
    </trkpt>
    <trkpt lat="46.300460" lon="10.504338">
      <ele>0</ele>
      <time>2026-04-13T11:03:01.287Z</time>
    </trkpt>
    <trkpt lat="46.300623" lon="10.504284">
      <ele>0</ele>
      <time>2026-04-13T11:03:03.074Z</time>
    </trkpt>
    <trkpt lat="46.300687" lon="10.504216">
      <ele>0</ele>
      <time>2026-04-13T11:03:04.862Z</time>
    </trkpt>
    <trkpt lat="46.300840" lon="10.503982">
      <ele>0</ele>
      <time>2026-04-13T11:03:06.650Z</time>
    </trkpt>
    <trkpt lat="46.301096" lon="10.503826">
      <ele>0</ele>
      <time>2026-04-13T11:03:08.438Z</time>
    </trkpt>
    <trkpt lat="46.301307" lon="10.503680">
      <ele>0</ele>
      <time>2026-04-13T11:03:10.225Z</time>
    </trkpt>
    <trkpt lat="46.301398" lon="10.503612">
      <ele>0</ele>
      <time>2026-04-13T11:03:12.013Z</time>
    </trkpt>
    <trkpt lat="46.301478" lon="10.503502">
      <ele>0</ele>
      <time>2026-04-13T11:03:13.801Z</time>
    </trkpt>
    <trkpt lat="46.301602" lon="10.503271">
      <ele>0</ele>
      <time>2026-04-13T11:03:15.589Z</time>
    </trkpt>
    <trkpt lat="46.301768" lon="10.502997">
      <ele>0</ele>
      <time>2026-04-13T11:03:17.376Z</time>
    </trkpt>
    <trkpt lat="46.301849" lon="10.502877">
      <ele>0</ele>
      <time>2026-04-13T11:03:19.164Z</time>
    </trkpt>
    <trkpt lat="46.301886" lon="10.502831">
      <ele>0</ele>
      <time>2026-04-13T11:03:20.952Z</time>
    </trkpt>
    <trkpt lat="46.301903" lon="10.502820">
      <ele>0</ele>
      <time>2026-04-13T11:03:22.740Z</time>
    </trkpt>
    <trkpt lat="46.301920" lon="10.502817">
      <ele>0</ele>
      <time>2026-04-13T11:03:24.527Z</time>
    </trkpt>
    <trkpt lat="46.301936" lon="10.502819">
      <ele>0</ele>
      <time>2026-04-13T11:03:26.315Z</time>
    </trkpt>
    <trkpt lat="46.301951" lon="10.502828">
      <ele>0</ele>
      <time>2026-04-13T11:03:28.103Z</time>
    </trkpt>
    <trkpt lat="46.301964" lon="10.502850">
      <ele>0</ele>
      <time>2026-04-13T11:03:29.891Z</time>
    </trkpt>
    <trkpt lat="46.301971" lon="10.502874">
      <ele>0</ele>
      <time>2026-04-13T11:03:31.678Z</time>
    </trkpt>
    <trkpt lat="46.301972" lon="10.502906">
      <ele>0</ele>
      <time>2026-04-13T11:03:33.466Z</time>
    </trkpt>
    <trkpt lat="46.301964" lon="10.502950">
      <ele>0</ele>
      <time>2026-04-13T11:03:35.254Z</time>
    </trkpt>
    <trkpt lat="46.301939" lon="10.503004">
      <ele>0</ele>
      <time>2026-04-13T11:03:37.042Z</time>
    </trkpt>
    <trkpt lat="46.301883" lon="10.503101">
      <ele>0</ele>
      <time>2026-04-13T11:03:38.829Z</time>
    </trkpt>
    <trkpt lat="46.301841" lon="10.503193">
      <ele>0</ele>
      <time>2026-04-13T11:03:40.617Z</time>
    </trkpt>
    <trkpt lat="46.301784" lon="10.503408">
      <ele>0</ele>
      <time>2026-04-13T11:03:42.405Z</time>
    </trkpt>
    <trkpt lat="46.301720" lon="10.503754">
      <ele>0</ele>
      <time>2026-04-13T11:03:44.193Z</time>
    </trkpt>
    <trkpt lat="46.301683" lon="10.503899">
      <ele>0</ele>
      <time>2026-04-13T11:03:45.980Z</time>
    </trkpt>
    <trkpt lat="46.301634" lon="10.503962">
      <ele>0</ele>
      <time>2026-04-13T11:03:47.768Z</time>
    </trkpt>
    <trkpt lat="46.301408" lon="10.504192">
      <ele>0</ele>
      <time>2026-04-13T11:03:49.556Z</time>
    </trkpt>
    <trkpt lat="46.301313" lon="10.504312">
      <ele>0</ele>
      <time>2026-04-13T11:03:51.343Z</time>
    </trkpt>
    <trkpt lat="46.301237" lon="10.504422">
      <ele>0</ele>
      <time>2026-04-13T11:03:53.131Z</time>
    </trkpt>
    <trkpt lat="46.301133" lon="10.504657">
      <ele>0</ele>
      <time>2026-04-13T11:03:54.919Z</time>
    </trkpt>
    <trkpt lat="46.300998" lon="10.504961">
      <ele>0</ele>
      <time>2026-04-13T11:03:56.707Z</time>
    </trkpt>
    <trkpt lat="46.300923" lon="10.505154">
      <ele>0</ele>
      <time>2026-04-13T11:03:58.494Z</time>
    </trkpt>
    <trkpt lat="46.300871" lon="10.505348">
      <ele>0</ele>
      <time>2026-04-13T11:04:00.282Z</time>
    </trkpt>
    <trkpt lat="46.300812" lon="10.505603">
      <ele>0</ele>
      <time>2026-04-13T11:04:02.070Z</time>
    </trkpt>
    <trkpt lat="46.300776" lon="10.505709">
      <ele>0</ele>
      <time>2026-04-13T11:04:03.858Z</time>
    </trkpt>
    <trkpt lat="46.300725" lon="10.505802">
      <ele>0</ele>
      <time>2026-04-13T11:04:05.645Z</time>
    </trkpt>
    <trkpt lat="46.300657" lon="10.505903">
      <ele>0</ele>
      <time>2026-04-13T11:04:07.433Z</time>
    </trkpt>
    <trkpt lat="46.300503" lon="10.506056">
      <ele>0</ele>
      <time>2026-04-13T11:04:09.221Z</time>
    </trkpt>
    <trkpt lat="46.300444" lon="10.506125">
      <ele>0</ele>
      <time>2026-04-13T11:04:11.009Z</time>
    </trkpt>
    <trkpt lat="46.300395" lon="10.506212">
      <ele>0</ele>
      <time>2026-04-13T11:04:12.796Z</time>
    </trkpt>
    <trkpt lat="46.300308" lon="10.506403">
      <ele>0</ele>
      <time>2026-04-13T11:04:14.584Z</time>
    </trkpt>
    <trkpt lat="46.300213" lon="10.506616">
      <ele>0</ele>
      <time>2026-04-13T11:04:16.372Z</time>
    </trkpt>
    <trkpt lat="46.300117" lon="10.506776">
      <ele>0</ele>
      <time>2026-04-13T11:04:18.160Z</time>
    </trkpt>
    <trkpt lat="46.300011" lon="10.506905">
      <ele>0</ele>
      <time>2026-04-13T11:04:19.947Z</time>
    </trkpt>
    <trkpt lat="46.299931" lon="10.506956">
      <ele>0</ele>
      <time>2026-04-13T11:04:21.735Z</time>
    </trkpt>
    <trkpt lat="46.299807" lon="10.506998">
      <ele>0</ele>
      <time>2026-04-13T11:04:23.523Z</time>
    </trkpt>
    <trkpt lat="46.299750" lon="10.507042">
      <ele>0</ele>
      <time>2026-04-13T11:04:25.311Z</time>
    </trkpt>
    <trkpt lat="46.299644" lon="10.507163">
      <ele>0</ele>
      <time>2026-04-13T11:04:27.098Z</time>
    </trkpt>
    <trkpt lat="46.299414" lon="10.507487">
      <ele>0</ele>
      <time>2026-04-13T11:04:28.886Z</time>
    </trkpt>
    <trkpt lat="46.299219" lon="10.507668">
      <ele>0</ele>
      <time>2026-04-13T11:04:30.674Z</time>
    </trkpt>
    <trkpt lat="46.298778" lon="10.508225">
      <ele>0</ele>
      <time>2026-04-13T11:04:32.462Z</time>
    </trkpt>
    <trkpt lat="46.298567" lon="10.508501">
      <ele>0</ele>
      <time>2026-04-13T11:04:34.249Z</time>
    </trkpt>
    <trkpt lat="46.298272" lon="10.508989">
      <ele>0</ele>
      <time>2026-04-13T11:04:36.037Z</time>
    </trkpt>
    <trkpt lat="46.298132" lon="10.509187">
      <ele>0</ele>
      <time>2026-04-13T11:04:37.825Z</time>
    </trkpt>
    <trkpt lat="46.297800" lon="10.509517">
      <ele>0</ele>
      <time>2026-04-13T11:04:39.613Z</time>
    </trkpt>
    <trkpt lat="46.297686" lon="10.509635">
      <ele>0</ele>
      <time>2026-04-13T11:04:41.400Z</time>
    </trkpt>
    <trkpt lat="46.297599" lon="10.509748">
      <ele>0</ele>
      <time>2026-04-13T11:04:43.188Z</time>
    </trkpt>
    <trkpt lat="46.297529" lon="10.509887">
      <ele>0</ele>
      <time>2026-04-13T11:04:44.976Z</time>
    </trkpt>
    <trkpt lat="46.297404" lon="10.510040">
      <ele>0</ele>
      <time>2026-04-13T11:04:46.764Z</time>
    </trkpt>
    <trkpt lat="46.297301" lon="10.510177">
      <ele>0</ele>
      <time>2026-04-13T11:04:48.551Z</time>
    </trkpt>
    <trkpt lat="46.297243" lon="10.510410">
      <ele>0</ele>
      <time>2026-04-13T11:04:50.339Z</time>
    </trkpt>
    <trkpt lat="46.297174" lon="10.510521">
      <ele>0</ele>
      <time>2026-04-13T11:04:52.127Z</time>
    </trkpt>
    <trkpt lat="46.297150" lon="10.510580">
      <ele>0</ele>
      <time>2026-04-13T11:04:53.915Z</time>
    </trkpt>
    <trkpt lat="46.297158" lon="10.510641">
      <ele>0</ele>
      <time>2026-04-13T11:04:55.702Z</time>
    </trkpt>
    <trkpt lat="46.297186" lon="10.510676">
      <ele>0</ele>
      <time>2026-04-13T11:04:57.490Z</time>
    </trkpt>
    <trkpt lat="46.297238" lon="10.510678">
      <ele>0</ele>
      <time>2026-04-13T11:04:59.278Z</time>
    </trkpt>
    <trkpt lat="46.297346" lon="10.510592">
      <ele>0</ele>
      <time>2026-04-13T11:05:01.066Z</time>
    </trkpt>
    <trkpt lat="46.297516" lon="10.510397">
      <ele>0</ele>
      <time>2026-04-13T11:05:02.853Z</time>
    </trkpt>
    <trkpt lat="46.297618" lon="10.510323">
      <ele>0</ele>
      <time>2026-04-13T11:05:04.641Z</time>
    </trkpt>
    <trkpt lat="46.297755" lon="10.510262">
      <ele>0</ele>
      <time>2026-04-13T11:05:06.429Z</time>
    </trkpt>
    <trkpt lat="46.298006" lon="10.510132">
      <ele>0</ele>
      <time>2026-04-13T11:05:08.217Z</time>
    </trkpt>
    <trkpt lat="46.298127" lon="10.510069">
      <ele>0</ele>
      <time>2026-04-13T11:05:10.004Z</time>
    </trkpt>
    <trkpt lat="46.298575" lon="10.509522">
      <ele>0</ele>
      <time>2026-04-13T11:05:11.792Z</time>
    </trkpt>
    <trkpt lat="46.299030" lon="10.509014">
      <ele>0</ele>
      <time>2026-04-13T11:05:13.580Z</time>
    </trkpt>
    <trkpt lat="46.299310" lon="10.508757">
      <ele>0</ele>
      <time>2026-04-13T11:05:15.368Z</time>
    </trkpt>
    <trkpt lat="46.299671" lon="10.508466">
      <ele>0</ele>
      <time>2026-04-13T11:05:17.155Z</time>
    </trkpt>
    <trkpt lat="46.299918" lon="10.508306">
      <ele>0</ele>
      <time>2026-04-13T11:05:18.943Z</time>
    </trkpt>
    <trkpt lat="46.300304" lon="10.508209">
      <ele>0</ele>
      <time>2026-04-13T11:05:20.731Z</time>
    </trkpt>
    <trkpt lat="46.300534" lon="10.508117">
      <ele>0</ele>
      <time>2026-04-13T11:05:22.519Z</time>
    </trkpt>
    <trkpt lat="46.300925" lon="10.507991">
      <ele>0</ele>
      <time>2026-04-13T11:05:24.306Z</time>
    </trkpt>
    <trkpt lat="46.301366" lon="10.507807">
      <ele>0</ele>
      <time>2026-04-13T11:05:26.094Z</time>
    </trkpt>
    <trkpt lat="46.301560" lon="10.507637">
      <ele>0</ele>
      <time>2026-04-13T11:05:27.882Z</time>
    </trkpt>
    <trkpt lat="46.302211" lon="10.507224">
      <ele>0</ele>
      <time>2026-04-13T11:05:29.670Z</time>
    </trkpt>
    <trkpt lat="46.302277" lon="10.507170">
      <ele>0</ele>
      <time>2026-04-13T11:05:31.457Z</time>
    </trkpt>
    <trkpt lat="46.302326" lon="10.507108">
      <ele>0</ele>
      <time>2026-04-13T11:05:33.245Z</time>
    </trkpt>
    <trkpt lat="46.302504" lon="10.506772">
      <ele>0</ele>
      <time>2026-04-13T11:05:35.033Z</time>
    </trkpt>
    <trkpt lat="46.302759" lon="10.506468">
      <ele>0</ele>
      <time>2026-04-13T11:05:36.821Z</time>
    </trkpt>
    <trkpt lat="46.303008" lon="10.506145">
      <ele>0</ele>
      <time>2026-04-13T11:05:38.608Z</time>
    </trkpt>
    <trkpt lat="46.303258" lon="10.505865">
      <ele>0</ele>
      <time>2026-04-13T11:05:40.396Z</time>
    </trkpt>
    <trkpt lat="46.303386" lon="10.505739">
      <ele>0</ele>
      <time>2026-04-13T11:05:42.184Z</time>
    </trkpt>
    <trkpt lat="46.303417" lon="10.505727">
      <ele>0</ele>
      <time>2026-04-13T11:05:43.972Z</time>
    </trkpt>
    <trkpt lat="46.303447" lon="10.505735">
      <ele>0</ele>
      <time>2026-04-13T11:05:45.759Z</time>
    </trkpt>
    <trkpt lat="46.303467" lon="10.505747">
      <ele>0</ele>
      <time>2026-04-13T11:05:47.547Z</time>
    </trkpt>
    <trkpt lat="46.303483" lon="10.505777">
      <ele>0</ele>
      <time>2026-04-13T11:05:49.335Z</time>
    </trkpt>
    <trkpt lat="46.303496" lon="10.505824">
      <ele>0</ele>
      <time>2026-04-13T11:05:51.123Z</time>
    </trkpt>
    <trkpt lat="46.303503" lon="10.505864">
      <ele>0</ele>
      <time>2026-04-13T11:05:52.910Z</time>
    </trkpt>
    <trkpt lat="46.303496" lon="10.505904">
      <ele>0</ele>
      <time>2026-04-13T11:05:54.698Z</time>
    </trkpt>
    <trkpt lat="46.303480" lon="10.505934">
      <ele>0</ele>
      <time>2026-04-13T11:05:56.486Z</time>
    </trkpt>
    <trkpt lat="46.303426" lon="10.506018">
      <ele>0</ele>
      <time>2026-04-13T11:05:58.274Z</time>
    </trkpt>
    <trkpt lat="46.303386" lon="10.506080">
      <ele>0</ele>
      <time>2026-04-13T11:06:00.061Z</time>
    </trkpt>
    <trkpt lat="46.303344" lon="10.506156">
      <ele>0</ele>
      <time>2026-04-13T11:06:01.849Z</time>
    </trkpt>
    <trkpt lat="46.303251" lon="10.506373">
      <ele>0</ele>
      <time>2026-04-13T11:06:03.637Z</time>
    </trkpt>
    <trkpt lat="46.303125" lon="10.506624">
      <ele>0</ele>
      <time>2026-04-13T11:06:05.425Z</time>
    </trkpt>
    <trkpt lat="46.303066" lon="10.506715">
      <ele>0</ele>
      <time>2026-04-13T11:06:07.212Z</time>
    </trkpt>
    <trkpt lat="46.303021" lon="10.506833">
      <ele>0</ele>
      <time>2026-04-13T11:06:09.000Z</time>
    </trkpt>
    <trkpt lat="46.302996" lon="10.506945">
      <ele>0</ele>
      <time>2026-04-13T11:06:10.788Z</time>
    </trkpt>
    <trkpt lat="46.302993" lon="10.507067">
      <ele>0</ele>
      <time>2026-04-13T11:06:12.576Z</time>
    </trkpt>
    <trkpt lat="46.303008" lon="10.507191">
      <ele>0</ele>
      <time>2026-04-13T11:06:14.363Z</time>
    </trkpt>
    <trkpt lat="46.303009" lon="10.507374">
      <ele>0</ele>
      <time>2026-04-13T11:06:16.151Z</time>
    </trkpt>
    <trkpt lat="46.303013" lon="10.507608">
      <ele>0</ele>
      <time>2026-04-13T11:06:17.939Z</time>
    </trkpt>
    <trkpt lat="46.302990" lon="10.507789">
      <ele>0</ele>
      <time>2026-04-13T11:06:19.727Z</time>
    </trkpt>
    <trkpt lat="46.302977" lon="10.507866">
      <ele>0</ele>
      <time>2026-04-13T11:06:21.514Z</time>
    </trkpt>
    <trkpt lat="46.302950" lon="10.507927">
      <ele>0</ele>
      <time>2026-04-13T11:06:23.302Z</time>
    </trkpt>
    <trkpt lat="46.302892" lon="10.508010">
      <ele>0</ele>
      <time>2026-04-13T11:06:25.090Z</time>
    </trkpt>
    <trkpt lat="46.302671" lon="10.508193">
      <ele>0</ele>
      <time>2026-04-13T11:06:26.878Z</time>
    </trkpt>
    <trkpt lat="46.302272" lon="10.508477">
      <ele>0</ele>
      <time>2026-04-13T11:06:28.665Z</time>
    </trkpt>
    <trkpt lat="46.301998" lon="10.508690">
      <ele>0</ele>
      <time>2026-04-13T11:06:30.453Z</time>
    </trkpt>
    <trkpt lat="46.301805" lon="10.508802">
      <ele>0</ele>
      <time>2026-04-13T11:06:32.241Z</time>
    </trkpt>
    <trkpt lat="46.301612" lon="10.508951">
      <ele>0</ele>
      <time>2026-04-13T11:06:34.028Z</time>
    </trkpt>
    <trkpt lat="46.301498" lon="10.509032">
      <ele>0</ele>
      <time>2026-04-13T11:06:35.816Z</time>
    </trkpt>
    <trkpt lat="46.301319" lon="10.509107">
      <ele>0</ele>
      <time>2026-04-13T11:06:37.604Z</time>
    </trkpt>
    <trkpt lat="46.301122" lon="10.509186">
      <ele>0</ele>
      <time>2026-04-13T11:06:39.392Z</time>
    </trkpt>
    <trkpt lat="46.300944" lon="10.509329">
      <ele>0</ele>
      <time>2026-04-13T11:06:41.179Z</time>
    </trkpt>
    <trkpt lat="46.300712" lon="10.509551">
      <ele>0</ele>
      <time>2026-04-13T11:06:42.967Z</time>
    </trkpt>
    <trkpt lat="46.300645" lon="10.509640">
      <ele>0</ele>
      <time>2026-04-13T11:06:44.755Z</time>
    </trkpt>
    <trkpt lat="46.300579" lon="10.509753">
      <ele>0</ele>
      <time>2026-04-13T11:06:46.543Z</time>
    </trkpt>
    <trkpt lat="46.300440" lon="10.510057">
      <ele>0</ele>
      <time>2026-04-13T11:06:48.330Z</time>
    </trkpt>
    <trkpt lat="46.300371" lon="10.510233">
      <ele>0</ele>
      <time>2026-04-13T11:06:50.118Z</time>
    </trkpt>
    <trkpt lat="46.300327" lon="10.510360">
      <ele>0</ele>
      <time>2026-04-13T11:06:51.906Z</time>
    </trkpt>
    <trkpt lat="46.300320" lon="10.510406">
      <ele>0</ele>
      <time>2026-04-13T11:06:53.694Z</time>
    </trkpt>
    <trkpt lat="46.300320" lon="10.510432">
      <ele>0</ele>
      <time>2026-04-13T11:06:55.481Z</time>
    </trkpt>
    <trkpt lat="46.300322" lon="10.510458">
      <ele>0</ele>
      <time>2026-04-13T11:06:57.269Z</time>
    </trkpt>
    <trkpt lat="46.300327" lon="10.510474">
      <ele>0</ele>
      <time>2026-04-13T11:06:59.057Z</time>
    </trkpt>
    <trkpt lat="46.300335" lon="10.510488">
      <ele>0</ele>
      <time>2026-04-13T11:07:00.845Z</time>
    </trkpt>
    <trkpt lat="46.300344" lon="10.510497">
      <ele>0</ele>
      <time>2026-04-13T11:07:02.632Z</time>
    </trkpt>
    <trkpt lat="46.300363" lon="10.510497">
      <ele>0</ele>
      <time>2026-04-13T11:07:04.420Z</time>
    </trkpt>
    <trkpt lat="46.300375" lon="10.510491">
      <ele>0</ele>
      <time>2026-04-13T11:07:06.208Z</time>
    </trkpt>
    <trkpt lat="46.300388" lon="10.510474">
      <ele>0</ele>
      <time>2026-04-13T11:07:07.996Z</time>
    </trkpt>
    <trkpt lat="46.300399" lon="10.510449">
      <ele>0</ele>
      <time>2026-04-13T11:07:09.783Z</time>
    </trkpt>
    <trkpt lat="46.300450" lon="10.510325">
      <ele>0</ele>
      <time>2026-04-13T11:07:11.571Z</time>
    </trkpt>
    <trkpt lat="46.300537" lon="10.510100">
      <ele>0</ele>
      <time>2026-04-13T11:07:13.359Z</time>
    </trkpt>
    <trkpt lat="46.300587" lon="10.510009">
      <ele>0</ele>
      <time>2026-04-13T11:07:15.147Z</time>
    </trkpt>
    <trkpt lat="46.300648" lon="10.509943">
      <ele>0</ele>
      <time>2026-04-13T11:07:16.934Z</time>
    </trkpt>
    <trkpt lat="46.300787" lon="10.509835">
      <ele>0</ele>
      <time>2026-04-13T11:07:18.722Z</time>
    </trkpt>
    <trkpt lat="46.300950" lon="10.509729">
      <ele>0</ele>
      <time>2026-04-13T11:07:20.510Z</time>
    </trkpt>
    <trkpt lat="46.301246" lon="10.509617">
      <ele>0</ele>
      <time>2026-04-13T11:07:22.298Z</time>
    </trkpt>
    <trkpt lat="46.301499" lon="10.509560">
      <ele>0</ele>
      <time>2026-04-13T11:07:24.085Z</time>
    </trkpt>
    <trkpt lat="46.301694" lon="10.509507">
      <ele>0</ele>
      <time>2026-04-13T11:07:25.873Z</time>
    </trkpt>
    <trkpt lat="46.302000" lon="10.509425">
      <ele>0</ele>
      <time>2026-04-13T11:07:27.661Z</time>
    </trkpt>
    <trkpt lat="46.302110" lon="10.509409">
      <ele>0</ele>
      <time>2026-04-13T11:07:29.449Z</time>
    </trkpt>
    <trkpt lat="46.302270" lon="10.509395">
      <ele>0</ele>
      <time>2026-04-13T11:07:31.236Z</time>
    </trkpt>
    <trkpt lat="46.302583" lon="10.509404">
      <ele>0</ele>
      <time>2026-04-13T11:07:33.024Z</time>
    </trkpt>
    <trkpt lat="46.302858" lon="10.509373">
      <ele>0</ele>
      <time>2026-04-13T11:07:34.812Z</time>
    </trkpt>
    <trkpt lat="46.303067" lon="10.509349">
      <ele>0</ele>
      <time>2026-04-13T11:07:36.600Z</time>
    </trkpt>
    <trkpt lat="46.303105" lon="10.509339">
      <ele>0</ele>
      <time>2026-04-13T11:07:38.387Z</time>
    </trkpt>
    <trkpt lat="46.303297" lon="10.509284">
      <ele>0</ele>
      <time>2026-04-13T11:07:40.175Z</time>
    </trkpt>
    <trkpt lat="46.303371" lon="10.509263">
      <ele>0</ele>
      <time>2026-04-13T11:07:41.963Z</time>
    </trkpt>
    <trkpt lat="46.303979" lon="10.509131">
      <ele>0</ele>
      <time>2026-04-13T11:07:43.751Z</time>
    </trkpt>
    <trkpt lat="46.304067" lon="10.509080">
      <ele>0</ele>
      <time>2026-04-13T11:07:45.538Z</time>
    </trkpt>
    <trkpt lat="46.304105" lon="10.509054">
      <ele>0</ele>
      <time>2026-04-13T11:07:47.326Z</time>
    </trkpt>
    <trkpt lat="46.304142" lon="10.509007">
      <ele>0</ele>
      <time>2026-04-13T11:07:49.114Z</time>
    </trkpt>
    <trkpt lat="46.304174" lon="10.508934">
      <ele>0</ele>
      <time>2026-04-13T11:07:50.902Z</time>
    </trkpt>
    <trkpt lat="46.304200" lon="10.508851">
      <ele>0</ele>
      <time>2026-04-13T11:07:52.689Z</time>
    </trkpt>
    <trkpt lat="46.304209" lon="10.508803">
      <ele>0</ele>
      <time>2026-04-13T11:07:54.477Z</time>
    </trkpt>
    <trkpt lat="46.304210" lon="10.508747">
      <ele>0</ele>
      <time>2026-04-13T11:07:56.265Z</time>
    </trkpt>
    <trkpt lat="46.304197" lon="10.508648">
      <ele>0</ele>
      <time>2026-04-13T11:07:58.053Z</time>
    </trkpt>
    <trkpt lat="46.304160" lon="10.508425">
      <ele>0</ele>
      <time>2026-04-13T11:07:59.840Z</time>
    </trkpt>
    <trkpt lat="46.304155" lon="10.508311">
      <ele>0</ele>
      <time>2026-04-13T11:08:01.628Z</time>
    </trkpt>
    <trkpt lat="46.304162" lon="10.508269">
      <ele>0</ele>
      <time>2026-04-13T11:08:03.416Z</time>
    </trkpt>
    <trkpt lat="46.304176" lon="10.508244">
      <ele>0</ele>
      <time>2026-04-13T11:08:05.204Z</time>
    </trkpt>
    <trkpt lat="46.304187" lon="10.508231">
      <ele>0</ele>
      <time>2026-04-13T11:08:06.991Z</time>
    </trkpt>
    <trkpt lat="46.304203" lon="10.508229">
      <ele>0</ele>
      <time>2026-04-13T11:08:08.779Z</time>
    </trkpt>
    <trkpt lat="46.304223" lon="10.508230">
      <ele>0</ele>
      <time>2026-04-13T11:08:10.567Z</time>
    </trkpt>
    <trkpt lat="46.304242" lon="10.508244">
      <ele>0</ele>
      <time>2026-04-13T11:08:12.355Z</time>
    </trkpt>
    <trkpt lat="46.304255" lon="10.508272">
      <ele>0</ele>
      <time>2026-04-13T11:08:14.142Z</time>
    </trkpt>
    <trkpt lat="46.304261" lon="10.508306">
      <ele>0</ele>
      <time>2026-04-13T11:08:15.930Z</time>
    </trkpt>
    <trkpt lat="46.304263" lon="10.508401">
      <ele>0</ele>
      <time>2026-04-13T11:08:17.718Z</time>
    </trkpt>
    <trkpt lat="46.304255" lon="10.508530">
      <ele>0</ele>
      <time>2026-04-13T11:08:19.506Z</time>
    </trkpt>
    <trkpt lat="46.304267" lon="10.508734">
      <ele>0</ele>
      <time>2026-04-13T11:08:21.293Z</time>
    </trkpt>
    <trkpt lat="46.304272" lon="10.508873">
      <ele>0</ele>
      <time>2026-04-13T11:08:23.081Z</time>
    </trkpt>
    <trkpt lat="46.304252" lon="10.508996">
      <ele>0</ele>
      <time>2026-04-13T11:08:24.869Z</time>
    </trkpt>
    <trkpt lat="46.304199" lon="10.509127">
      <ele>0</ele>
      <time>2026-04-13T11:08:26.657Z</time>
    </trkpt>
    <trkpt lat="46.304134" lon="10.509234">
      <ele>0</ele>
      <time>2026-04-13T11:08:28.444Z</time>
    </trkpt>
    <trkpt lat="46.303978" lon="10.509350">
      <ele>0</ele>
      <time>2026-04-13T11:08:30.232Z</time>
    </trkpt>
    <trkpt lat="46.303742" lon="10.509428">
      <ele>0</ele>
      <time>2026-04-13T11:08:32.020Z</time>
    </trkpt>
    <trkpt lat="46.303499" lon="10.509479">
      <ele>0</ele>
      <time>2026-04-13T11:08:33.808Z</time>
    </trkpt>
    <trkpt lat="46.303315" lon="10.509564">
      <ele>0</ele>
      <time>2026-04-13T11:08:35.595Z</time>
    </trkpt>
    <trkpt lat="46.302860" lon="10.509881">
      <ele>0</ele>
      <time>2026-04-13T11:08:37.383Z</time>
    </trkpt>
    <trkpt lat="46.302671" lon="10.510008">
      <ele>0</ele>
      <time>2026-04-13T11:08:39.171Z</time>
    </trkpt>
    <trkpt lat="46.302438" lon="10.510102">
      <ele>0</ele>
      <time>2026-04-13T11:08:40.959Z</time>
    </trkpt>
    <trkpt lat="46.302368" lon="10.510161">
      <ele>0</ele>
      <time>2026-04-13T11:08:42.746Z</time>
    </trkpt>
    <trkpt lat="46.302302" lon="10.510251">
      <ele>0</ele>
      <time>2026-04-13T11:08:44.534Z</time>
    </trkpt>
    <trkpt lat="46.302271" lon="10.510334">
      <ele>0</ele>
      <time>2026-04-13T11:08:46.322Z</time>
    </trkpt>
    <trkpt lat="46.302096" lon="10.510887">
      <ele>0</ele>
      <time>2026-04-13T11:08:48.110Z</time>
    </trkpt>
    <trkpt lat="46.302068" lon="10.510975">
      <ele>0</ele>
      <time>2026-04-13T11:08:49.897Z</time>
    </trkpt>
    <trkpt lat="46.301979" lon="10.511332">
      <ele>0</ele>
      <time>2026-04-13T11:08:51.685Z</time>
    </trkpt>
    <trkpt lat="46.301914" lon="10.511510">
      <ele>0</ele>
      <time>2026-04-13T11:08:53.473Z</time>
    </trkpt>
    <trkpt lat="46.301909" lon="10.511535">
      <ele>0</ele>
      <time>2026-04-13T11:08:55.261Z</time>
    </trkpt>
    <trkpt lat="46.301914" lon="10.511558">
      <ele>0</ele>
      <time>2026-04-13T11:08:57.048Z</time>
    </trkpt>
    <trkpt lat="46.301921" lon="10.511575">
      <ele>0</ele>
      <time>2026-04-13T11:08:58.836Z</time>
    </trkpt>
    <trkpt lat="46.301937" lon="10.511589">
      <ele>0</ele>
      <time>2026-04-13T11:09:00.624Z</time>
    </trkpt>
    <trkpt lat="46.301950" lon="10.511594">
      <ele>0</ele>
      <time>2026-04-13T11:09:02.412Z</time>
    </trkpt>
    <trkpt lat="46.301971" lon="10.511588">
      <ele>0</ele>
      <time>2026-04-13T11:09:04.199Z</time>
    </trkpt>
    <trkpt lat="46.301990" lon="10.511562">
      <ele>0</ele>
      <time>2026-04-13T11:09:05.987Z</time>
    </trkpt>
    <trkpt lat="46.302006" lon="10.511528">
      <ele>0</ele>
      <time>2026-04-13T11:09:07.775Z</time>
    </trkpt>
    <trkpt lat="46.302033" lon="10.511424">
      <ele>0</ele>
      <time>2026-04-13T11:09:09.563Z</time>
    </trkpt>
    <trkpt lat="46.302118" lon="10.511144">
      <ele>0</ele>
      <time>2026-04-13T11:09:11.350Z</time>
    </trkpt>
    <trkpt lat="46.302233" lon="10.510865">
      <ele>0</ele>
      <time>2026-04-13T11:09:13.138Z</time>
    </trkpt>
    <trkpt lat="46.302333" lon="10.510642">
      <ele>0</ele>
      <time>2026-04-13T11:09:14.926Z</time>
    </trkpt>
    <trkpt lat="46.302426" lon="10.510524">
      <ele>0</ele>
      <time>2026-04-13T11:09:16.713Z</time>
    </trkpt>
    <trkpt lat="46.302538" lon="10.510438">
      <ele>0</ele>
      <time>2026-04-13T11:09:18.501Z</time>
    </trkpt>
    <trkpt lat="46.302943" lon="10.510289">
      <ele>0</ele>
      <time>2026-04-13T11:09:20.289Z</time>
    </trkpt>
    <trkpt lat="46.303244" lon="10.510154">
      <ele>0</ele>
      <time>2026-04-13T11:09:22.077Z</time>
    </trkpt>
    <trkpt lat="46.303608" lon="10.510109">
      <ele>0</ele>
      <time>2026-04-13T11:09:23.864Z</time>
    </trkpt>
    <trkpt lat="46.303834" lon="10.510044">
      <ele>0</ele>
      <time>2026-04-13T11:09:25.652Z</time>
    </trkpt>
    <trkpt lat="46.304079" lon="10.510059">
      <ele>0</ele>
      <time>2026-04-13T11:09:27.440Z</time>
    </trkpt>
    <trkpt lat="46.304419" lon="10.510008">
      <ele>0</ele>
      <time>2026-04-13T11:09:29.228Z</time>
    </trkpt>
    <trkpt lat="46.304605" lon="10.509939">
      <ele>0</ele>
      <time>2026-04-13T11:09:31.015Z</time>
    </trkpt>
    <trkpt lat="46.304703" lon="10.509883">
      <ele>0</ele>
      <time>2026-04-13T11:09:32.803Z</time>
    </trkpt>
    <trkpt lat="46.304745" lon="10.509799">
      <ele>0</ele>
      <time>2026-04-13T11:09:34.591Z</time>
    </trkpt>
    <trkpt lat="46.304773" lon="10.509662">
      <ele>0</ele>
      <time>2026-04-13T11:09:36.379Z</time>
    </trkpt>
    <trkpt lat="46.304798" lon="10.509579">
      <ele>0</ele>
      <time>2026-04-13T11:09:38.166Z</time>
    </trkpt>
    <trkpt lat="46.304879" lon="10.509451">
      <ele>0</ele>
      <time>2026-04-13T11:09:39.954Z</time>
    </trkpt>
    <trkpt lat="46.304940" lon="10.509398">
      <ele>0</ele>
      <time>2026-04-13T11:09:41.742Z</time>
    </trkpt>
    <trkpt lat="46.304994" lon="10.509375">
      <ele>0</ele>
      <time>2026-04-13T11:09:43.530Z</time>
    </trkpt>
    <trkpt lat="46.305136" lon="10.509356">
      <ele>0</ele>
      <time>2026-04-13T11:09:45.317Z</time>
    </trkpt>
    <trkpt lat="46.305453" lon="10.509350">
      <ele>0</ele>
      <time>2026-04-13T11:09:47.105Z</time>
    </trkpt>
    <trkpt lat="46.305683" lon="10.509346">
      <ele>0</ele>
      <time>2026-04-13T11:09:48.893Z</time>
    </trkpt>
    <trkpt lat="46.305933" lon="10.509327">
      <ele>0</ele>
      <time>2026-04-13T11:09:50.681Z</time>
    </trkpt>
    <trkpt lat="46.305989" lon="10.509329">
      <ele>0</ele>
      <time>2026-04-13T11:09:52.468Z</time>
    </trkpt>
    <trkpt lat="46.306012" lon="10.509323">
      <ele>0</ele>
      <time>2026-04-13T11:09:54.256Z</time>
    </trkpt>
    <trkpt lat="46.306032" lon="10.509308">
      <ele>0</ele>
      <time>2026-04-13T11:09:56.044Z</time>
    </trkpt>
    <trkpt lat="46.306069" lon="10.509260">
      <ele>0</ele>
      <time>2026-04-13T11:09:57.832Z</time>
    </trkpt>
    <trkpt lat="46.306112" lon="10.509189">
      <ele>0</ele>
      <time>2026-04-13T11:09:59.619Z</time>
    </trkpt>
    <trkpt lat="46.306207" lon="10.509073">
      <ele>0</ele>
      <time>2026-04-13T11:10:01.407Z</time>
    </trkpt>
    <trkpt lat="46.306277" lon="10.509021">
      <ele>0</ele>
      <time>2026-04-13T11:10:03.195Z</time>
    </trkpt>
    <trkpt lat="46.306326" lon="10.508976">
      <ele>0</ele>
      <time>2026-04-13T11:10:04.983Z</time>
    </trkpt>
    <trkpt lat="46.306367" lon="10.508925">
      <ele>0</ele>
      <time>2026-04-13T11:10:06.770Z</time>
    </trkpt>
    <trkpt lat="46.306400" lon="10.508876">
      <ele>0</ele>
      <time>2026-04-13T11:10:08.558Z</time>
    </trkpt>
    <trkpt lat="46.306428" lon="10.508804">
      <ele>0</ele>
      <time>2026-04-13T11:10:10.346Z</time>
    </trkpt>
    <trkpt lat="46.306439" lon="10.508742">
      <ele>0</ele>
      <time>2026-04-13T11:10:12.134Z</time>
    </trkpt>
    <trkpt lat="46.306434" lon="10.508673">
      <ele>0</ele>
      <time>2026-04-13T11:10:13.921Z</time>
    </trkpt>
    <trkpt lat="46.306413" lon="10.508581">
      <ele>0</ele>
      <time>2026-04-13T11:10:15.709Z</time>
    </trkpt>
    <trkpt lat="46.306375" lon="10.508489">
      <ele>0</ele>
      <time>2026-04-13T11:10:17.497Z</time>
    </trkpt>
    <trkpt lat="46.306287" lon="10.508308">
      <ele>0</ele>
      <time>2026-04-13T11:10:19.285Z</time>
    </trkpt>
    <trkpt lat="46.306223" lon="10.508138">
      <ele>0</ele>
      <time>2026-04-13T11:10:21.072Z</time>
    </trkpt>
    <trkpt lat="46.306207" lon="10.508072">
      <ele>0</ele>
      <time>2026-04-13T11:10:22.860Z</time>
    </trkpt>
    <trkpt lat="46.306193" lon="10.507997">
      <ele>0</ele>
      <time>2026-04-13T11:10:24.648Z</time>
    </trkpt>
    <trkpt lat="46.306198" lon="10.507903">
      <ele>0</ele>
      <time>2026-04-13T11:10:26.436Z</time>
    </trkpt>
    <trkpt lat="46.306216" lon="10.507808">
      <ele>0</ele>
      <time>2026-04-13T11:10:28.223Z</time>
    </trkpt>
    <trkpt lat="46.306252" lon="10.507623">
      <ele>0</ele>
      <time>2026-04-13T11:10:30.011Z</time>
    </trkpt>
    <trkpt lat="46.306358" lon="10.507106">
      <ele>0</ele>
      <time>2026-04-13T11:10:31.799Z</time>
    </trkpt>
    <trkpt lat="46.306372" lon="10.507027">
      <ele>0</ele>
      <time>2026-04-13T11:10:33.587Z</time>
    </trkpt>
    <trkpt lat="46.306393" lon="10.506914">
      <ele>0</ele>
      <time>2026-04-13T11:10:35.374Z</time>
    </trkpt>
    <trkpt lat="46.306413" lon="10.506840">
      <ele>0</ele>
      <time>2026-04-13T11:10:37.162Z</time>
    </trkpt>
    <trkpt lat="46.306443" lon="10.506776">
      <ele>0</ele>
      <time>2026-04-13T11:10:38.950Z</time>
    </trkpt>
    <trkpt lat="46.306472" lon="10.506717">
      <ele>0</ele>
      <time>2026-04-13T11:10:40.738Z</time>
    </trkpt>
    <trkpt lat="46.306659" lon="10.506267">
      <ele>0</ele>
      <time>2026-04-13T11:10:42.525Z</time>
    </trkpt>
    <trkpt lat="46.306811" lon="10.505868">
      <ele>0</ele>
      <time>2026-04-13T11:10:44.313Z</time>
    </trkpt>
    <trkpt lat="46.306850" lon="10.505789">
      <ele>0</ele>
      <time>2026-04-13T11:10:46.101Z</time>
    </trkpt>
    <trkpt lat="46.306895" lon="10.505738">
      <ele>0</ele>
      <time>2026-04-13T11:10:47.889Z</time>
    </trkpt>
    <trkpt lat="46.306945" lon="10.505717">
      <ele>0</ele>
      <time>2026-04-13T11:10:49.676Z</time>
    </trkpt>
    <trkpt lat="46.307216" lon="10.505644">
      <ele>0</ele>
      <time>2026-04-13T11:10:51.464Z</time>
    </trkpt>
    <trkpt lat="46.307531" lon="10.505534">
      <ele>0</ele>
      <time>2026-04-13T11:10:53.252Z</time>
    </trkpt>
    <trkpt lat="46.307768" lon="10.505384">
      <ele>0</ele>
      <time>2026-04-13T11:10:55.040Z</time>
    </trkpt>
    <trkpt lat="46.307909" lon="10.505281">
      <ele>0</ele>
      <time>2026-04-13T11:10:56.827Z</time>
    </trkpt>
    <trkpt lat="46.307965" lon="10.505228">
      <ele>0</ele>
      <time>2026-04-13T11:10:58.615Z</time>
    </trkpt>
    <trkpt lat="46.308008" lon="10.505139">
      <ele>0</ele>
      <time>2026-04-13T11:11:00.403Z</time>
    </trkpt>
    <trkpt lat="46.308108" lon="10.504879">
      <ele>0</ele>
      <time>2026-04-13T11:11:02.191Z</time>
    </trkpt>
    <trkpt lat="46.308187" lon="10.504701">
      <ele>0</ele>
      <time>2026-04-13T11:11:03.978Z</time>
    </trkpt>
    <trkpt lat="46.308277" lon="10.504571">
      <ele>0</ele>
      <time>2026-04-13T11:11:05.766Z</time>
    </trkpt>
    <trkpt lat="46.308338" lon="10.504447">
      <ele>0</ele>
      <time>2026-04-13T11:11:07.554Z</time>
    </trkpt>
    <trkpt lat="46.308356" lon="10.504432">
      <ele>0</ele>
      <time>2026-04-13T11:11:09.342Z</time>
    </trkpt>
    <trkpt lat="46.308371" lon="10.504428">
      <ele>0</ele>
      <time>2026-04-13T11:11:11.129Z</time>
    </trkpt>
    <trkpt lat="46.308383" lon="10.504430">
      <ele>0</ele>
      <time>2026-04-13T11:11:12.917Z</time>
    </trkpt>
    <trkpt lat="46.308395" lon="10.504439">
      <ele>0</ele>
      <time>2026-04-13T11:11:14.705Z</time>
    </trkpt>
    <trkpt lat="46.308409" lon="10.504457">
      <ele>0</ele>
      <time>2026-04-13T11:11:16.493Z</time>
    </trkpt>
    <trkpt lat="46.308416" lon="10.504479">
      <ele>0</ele>
      <time>2026-04-13T11:11:18.280Z</time>
    </trkpt>
    <trkpt lat="46.308416" lon="10.504507">
      <ele>0</ele>
      <time>2026-04-13T11:11:20.068Z</time>
    </trkpt>
    <trkpt lat="46.308409" lon="10.504547">
      <ele>0</ele>
      <time>2026-04-13T11:11:21.856Z</time>
    </trkpt>
    <trkpt lat="46.308359" lon="10.504628">
      <ele>0</ele>
      <time>2026-04-13T11:11:23.644Z</time>
    </trkpt>
    <trkpt lat="46.308253" lon="10.504814">
      <ele>0</ele>
      <time>2026-04-13T11:11:25.431Z</time>
    </trkpt>
    <trkpt lat="46.308171" lon="10.505022">
      <ele>0</ele>
      <time>2026-04-13T11:11:27.219Z</time>
    </trkpt>
    <trkpt lat="46.308114" lon="10.505176">
      <ele>0</ele>
      <time>2026-04-13T11:11:29.007Z</time>
    </trkpt>
    <trkpt lat="46.308018" lon="10.505360">
      <ele>0</ele>
      <time>2026-04-13T11:11:30.795Z</time>
    </trkpt>
    <trkpt lat="46.307907" lon="10.505491">
      <ele>0</ele>
      <time>2026-04-13T11:11:32.582Z</time>
    </trkpt>
    <trkpt lat="46.307782" lon="10.505608">
      <ele>0</ele>
      <time>2026-04-13T11:11:34.370Z</time>
    </trkpt>
    <trkpt lat="46.307752" lon="10.505652">
      <ele>0</ele>
      <time>2026-04-13T11:11:36.158Z</time>
    </trkpt>
    <trkpt lat="46.307734" lon="10.505706">
      <ele>0</ele>
      <time>2026-04-13T11:11:37.946Z</time>
    </trkpt>
    <trkpt lat="46.307674" lon="10.505915">
      <ele>0</ele>
      <time>2026-04-13T11:11:39.733Z</time>
    </trkpt>
    <trkpt lat="46.307611" lon="10.506123">
      <ele>0</ele>
      <time>2026-04-13T11:11:41.521Z</time>
    </trkpt>
    <trkpt lat="46.307473" lon="10.506379">
      <ele>0</ele>
      <time>2026-04-13T11:11:43.309Z</time>
    </trkpt>
    <trkpt lat="46.307316" lon="10.506768">
      <ele>0</ele>
      <time>2026-04-13T11:11:45.097Z</time>
    </trkpt>
    <trkpt lat="46.307286" lon="10.507015">
      <ele>0</ele>
      <time>2026-04-13T11:11:46.884Z</time>
    </trkpt>
    <trkpt lat="46.307267" lon="10.507326">
      <ele>0</ele>
      <time>2026-04-13T11:11:48.672Z</time>
    </trkpt>
    <trkpt lat="46.307288" lon="10.507614">
      <ele>0</ele>
      <time>2026-04-13T11:11:50.460Z</time>
    </trkpt>
    <trkpt lat="46.307332" lon="10.507909">
      <ele>0</ele>
      <time>2026-04-13T11:11:52.247Z</time>
    </trkpt>
    <trkpt lat="46.307346" lon="10.508232">
      <ele>0</ele>
      <time>2026-04-13T11:11:54.035Z</time>
    </trkpt>
    <trkpt lat="46.307358" lon="10.508472">
      <ele>0</ele>
      <time>2026-04-13T11:11:55.823Z</time>
    </trkpt>
    <trkpt lat="46.307366" lon="10.508530">
      <ele>0</ele>
      <time>2026-04-13T11:11:57.611Z</time>
    </trkpt>
    <trkpt lat="46.307377" lon="10.508551">
      <ele>0</ele>
      <time>2026-04-13T11:11:59.398Z</time>
    </trkpt>
    <trkpt lat="46.307391" lon="10.508566">
      <ele>0</ele>
      <time>2026-04-13T11:12:01.186Z</time>
    </trkpt>
    <trkpt lat="46.307419" lon="10.508565">
      <ele>0</ele>
      <time>2026-04-13T11:12:02.974Z</time>
    </trkpt>
    <trkpt lat="46.307446" lon="10.508541">
      <ele>0</ele>
      <time>2026-04-13T11:12:04.762Z</time>
    </trkpt>
    <trkpt lat="46.307457" lon="10.508505">
      <ele>0</ele>
      <time>2026-04-13T11:12:06.549Z</time>
    </trkpt>
    <trkpt lat="46.307460" lon="10.508449">
      <ele>0</ele>
      <time>2026-04-13T11:12:08.337Z</time>
    </trkpt>
    <trkpt lat="46.307457" lon="10.508316">
      <ele>0</ele>
      <time>2026-04-13T11:12:10.125Z</time>
    </trkpt>
    <trkpt lat="46.307472" lon="10.507926">
      <ele>0</ele>
      <time>2026-04-13T11:12:11.913Z</time>
    </trkpt>
    <trkpt lat="46.307481" lon="10.507556">
      <ele>0</ele>
      <time>2026-04-13T11:12:13.700Z</time>
    </trkpt>
    <trkpt lat="46.307525" lon="10.507322">
      <ele>0</ele>
      <time>2026-04-13T11:12:15.488Z</time>
    </trkpt>
    <trkpt lat="46.307608" lon="10.507101">
      <ele>0</ele>
      <time>2026-04-13T11:12:17.276Z</time>
    </trkpt>
    <trkpt lat="46.307648" lon="10.506892">
      <ele>0</ele>
      <time>2026-04-13T11:12:19.064Z</time>
    </trkpt>
    <trkpt lat="46.307706" lon="10.506748">
      <ele>0</ele>
      <time>2026-04-13T11:12:20.851Z</time>
    </trkpt>
    <trkpt lat="46.307826" lon="10.506604">
      <ele>0</ele>
      <time>2026-04-13T11:12:22.639Z</time>
    </trkpt>
    <trkpt lat="46.307921" lon="10.506518">
      <ele>0</ele>
      <time>2026-04-13T11:12:24.427Z</time>
    </trkpt>
    <trkpt lat="46.307987" lon="10.506426">
      <ele>0</ele>
      <time>2026-04-13T11:12:26.215Z</time>
    </trkpt>
    <trkpt lat="46.308036" lon="10.506284">
      <ele>0</ele>
      <time>2026-04-13T11:12:28.002Z</time>
    </trkpt>
    <trkpt lat="46.308109" lon="10.506084">
      <ele>0</ele>
      <time>2026-04-13T11:12:29.790Z</time>
    </trkpt>
    <trkpt lat="46.308200" lon="10.505921">
      <ele>0</ele>
      <time>2026-04-13T11:12:31.578Z</time>
    </trkpt>
    <trkpt lat="46.308304" lon="10.505775">
      <ele>0</ele>
      <time>2026-04-13T11:12:33.366Z</time>
    </trkpt>
    <trkpt lat="46.308568" lon="10.505464">
      <ele>0</ele>
      <time>2026-04-13T11:12:35.153Z</time>
    </trkpt>
    <trkpt lat="46.308779" lon="10.505210">
      <ele>0</ele>
      <time>2026-04-13T11:12:36.941Z</time>
    </trkpt>
    <trkpt lat="46.308932" lon="10.504968">
      <ele>0</ele>
      <time>2026-04-13T11:12:38.729Z</time>
    </trkpt>
    <trkpt lat="46.308995" lon="10.504832">
      <ele>0</ele>
      <time>2026-04-13T11:12:40.517Z</time>
    </trkpt>
    <trkpt lat="46.309091" lon="10.504663">
      <ele>0</ele>
      <time>2026-04-13T11:12:42.304Z</time>
    </trkpt>
    <trkpt lat="46.309127" lon="10.504642">
      <ele>0</ele>
      <time>2026-04-13T11:12:44.092Z</time>
    </trkpt>
    <trkpt lat="46.309159" lon="10.504641">
      <ele>0</ele>
      <time>2026-04-13T11:12:45.880Z</time>
    </trkpt>
    <trkpt lat="46.309182" lon="10.504650">
      <ele>0</ele>
      <time>2026-04-13T11:12:47.668Z</time>
    </trkpt>
    <trkpt lat="46.309198" lon="10.504703">
      <ele>0</ele>
      <time>2026-04-13T11:12:49.455Z</time>
    </trkpt>
    <trkpt lat="46.309192" lon="10.504752">
      <ele>0</ele>
      <time>2026-04-13T11:12:51.243Z</time>
    </trkpt>
    <trkpt lat="46.309178" lon="10.504789">
      <ele>0</ele>
      <time>2026-04-13T11:12:53.031Z</time>
    </trkpt>
    <trkpt lat="46.309146" lon="10.504862">
      <ele>0</ele>
      <time>2026-04-13T11:12:54.819Z</time>
    </trkpt>
    <trkpt lat="46.309015" lon="10.505074">
      <ele>0</ele>
      <time>2026-04-13T11:12:56.606Z</time>
    </trkpt>
    <trkpt lat="46.308868" lon="10.505335">
      <ele>0</ele>
      <time>2026-04-13T11:12:58.394Z</time>
    </trkpt>
    <trkpt lat="46.308824" lon="10.505442">
      <ele>0</ele>
      <time>2026-04-13T11:13:00.182Z</time>
    </trkpt>
    <trkpt lat="46.308788" lon="10.505580">
      <ele>0</ele>
      <time>2026-04-13T11:13:01.970Z</time>
    </trkpt>
    <trkpt lat="46.308772" lon="10.505807">
      <ele>0</ele>
      <time>2026-04-13T11:13:03.757Z</time>
    </trkpt>
    <trkpt lat="46.308748" lon="10.506112">
      <ele>0</ele>
      <time>2026-04-13T11:13:05.545Z</time>
    </trkpt>
    <trkpt lat="46.308690" lon="10.506447">
      <ele>0</ele>
      <time>2026-04-13T11:13:07.333Z</time>
    </trkpt>
    <trkpt lat="46.308625" lon="10.506705">
      <ele>0</ele>
      <time>2026-04-13T11:13:09.121Z</time>
    </trkpt>
    <trkpt lat="46.308506" lon="10.507049">
      <ele>0</ele>
      <time>2026-04-13T11:13:10.908Z</time>
    </trkpt>
    <trkpt lat="46.308393" lon="10.507363">
      <ele>0</ele>
      <time>2026-04-13T11:13:12.696Z</time>
    </trkpt>
    <trkpt lat="46.308331" lon="10.507532">
      <ele>0</ele>
      <time>2026-04-13T11:13:14.484Z</time>
    </trkpt>
    <trkpt lat="46.308286" lon="10.507671">
      <ele>0</ele>
      <time>2026-04-13T11:13:16.272Z</time>
    </trkpt>
    <trkpt lat="46.308274" lon="10.507717">
      <ele>0</ele>
      <time>2026-04-13T11:13:18.059Z</time>
    </trkpt>
    <trkpt lat="46.308278" lon="10.507758">
      <ele>0</ele>
      <time>2026-04-13T11:13:19.847Z</time>
    </trkpt>
    <trkpt lat="46.308289" lon="10.507780">
      <ele>0</ele>
      <time>2026-04-13T11:13:21.635Z</time>
    </trkpt>
    <trkpt lat="46.308304" lon="10.507793">
      <ele>0</ele>
      <time>2026-04-13T11:13:23.423Z</time>
    </trkpt>
    <trkpt lat="46.308325" lon="10.507803">
      <ele>0</ele>
      <time>2026-04-13T11:13:25.210Z</time>
    </trkpt>
    <trkpt lat="46.308344" lon="10.507795">
      <ele>0</ele>
      <time>2026-04-13T11:13:26.998Z</time>
    </trkpt>
    <trkpt lat="46.308365" lon="10.507779">
      <ele>0</ele>
      <time>2026-04-13T11:13:28.786Z</time>
    </trkpt>
    <trkpt lat="46.308383" lon="10.507752">
      <ele>0</ele>
      <time>2026-04-13T11:13:30.574Z</time>
    </trkpt>
    <trkpt lat="46.308425" lon="10.507678">
      <ele>0</ele>
      <time>2026-04-13T11:13:32.361Z</time>
    </trkpt>
    <trkpt lat="46.308558" lon="10.507460">
      <ele>0</ele>
      <time>2026-04-13T11:13:34.149Z</time>
    </trkpt>
    <trkpt lat="46.308770" lon="10.507101">
      <ele>0</ele>
      <time>2026-04-13T11:13:35.937Z</time>
    </trkpt>
    <trkpt lat="46.308917" lon="10.506851">
      <ele>0</ele>
      <time>2026-04-13T11:13:37.725Z</time>
    </trkpt>
    <trkpt lat="46.309294" lon="10.506381">
      <ele>0</ele>
      <time>2026-04-13T11:13:39.512Z</time>
    </trkpt>
    <trkpt lat="46.309591" lon="10.505943">
      <ele>0</ele>
      <time>2026-04-13T11:13:41.300Z</time>
    </trkpt>
    <trkpt lat="46.309867" lon="10.505660">
      <ele>0</ele>
      <time>2026-04-13T11:13:43.088Z</time>
    </trkpt>
    <trkpt lat="46.310076" lon="10.505341">
      <ele>0</ele>
      <time>2026-04-13T11:13:44.876Z</time>
    </trkpt>
    <trkpt lat="46.310287" lon="10.505072">
      <ele>0</ele>
      <time>2026-04-13T11:13:46.663Z</time>
    </trkpt>
    <trkpt lat="46.310491" lon="10.504863">
      <ele>0</ele>
      <time>2026-04-13T11:13:48.451Z</time>
    </trkpt>
    <trkpt lat="46.310647" lon="10.504769">
      <ele>0</ele>
      <time>2026-04-13T11:13:50.239Z</time>
    </trkpt>
    <trkpt lat="46.310758" lon="10.504680">
      <ele>0</ele>
      <time>2026-04-13T11:13:52.027Z</time>
    </trkpt>
    <trkpt lat="46.310846" lon="10.504566">
      <ele>0</ele>
      <time>2026-04-13T11:13:53.814Z</time>
    </trkpt>
    <trkpt lat="46.310889" lon="10.504454">
      <ele>0</ele>
      <time>2026-04-13T11:13:55.602Z</time>
    </trkpt>
    <trkpt lat="46.310925" lon="10.504337">
      <ele>0</ele>
      <time>2026-04-13T11:13:57.390Z</time>
    </trkpt>
    <trkpt lat="46.310971" lon="10.504173">
      <ele>0</ele>
      <time>2026-04-13T11:13:59.178Z</time>
    </trkpt>
    <trkpt lat="46.311029" lon="10.504078">
      <ele>0</ele>
      <time>2026-04-13T11:14:00.965Z</time>
    </trkpt>
    <trkpt lat="46.311106" lon="10.504032">
      <ele>0</ele>
      <time>2026-04-13T11:14:02.753Z</time>
    </trkpt>
    <trkpt lat="46.311178" lon="10.504019">
      <ele>0</ele>
      <time>2026-04-13T11:14:04.541Z</time>
    </trkpt>
    <trkpt lat="46.311241" lon="10.504024">
      <ele>0</ele>
      <time>2026-04-13T11:14:06.329Z</time>
    </trkpt>
    <trkpt lat="46.311398" lon="10.504083">
      <ele>0</ele>
      <time>2026-04-13T11:14:08.116Z</time>
    </trkpt>
    <trkpt lat="46.311610" lon="10.504164">
      <ele>0</ele>
      <time>2026-04-13T11:14:09.904Z</time>
    </trkpt>
    <trkpt lat="46.311802" lon="10.504244">
      <ele>0</ele>
      <time>2026-04-13T11:14:11.692Z</time>
    </trkpt>
    <trkpt lat="46.311961" lon="10.504302">
      <ele>0</ele>
      <time>2026-04-13T11:14:13.480Z</time>
    </trkpt>
    <trkpt lat="46.312186" lon="10.504469">
      <ele>0</ele>
      <time>2026-04-13T11:14:15.267Z</time>
    </trkpt>
    <trkpt lat="46.312319" lon="10.504514">
      <ele>0</ele>
      <time>2026-04-13T11:14:17.055Z</time>
    </trkpt>
    <trkpt lat="46.312425" lon="10.504524">
      <ele>0</ele>
      <time>2026-04-13T11:14:18.843Z</time>
    </trkpt>
    <trkpt lat="46.312569" lon="10.504524">
      <ele>0</ele>
      <time>2026-04-13T11:14:20.631Z</time>
    </trkpt>
    <trkpt lat="46.312687" lon="10.504469">
      <ele>0</ele>
      <time>2026-04-13T11:14:22.418Z</time>
    </trkpt>
    <trkpt lat="46.312807" lon="10.504393">
      <ele>0</ele>
      <time>2026-04-13T11:14:24.206Z</time>
    </trkpt>
    <trkpt lat="46.312888" lon="10.504325">
      <ele>0</ele>
      <time>2026-04-13T11:14:25.994Z</time>
    </trkpt>
    <trkpt lat="46.312980" lon="10.504217">
      <ele>0</ele>
      <time>2026-04-13T11:14:27.782Z</time>
    </trkpt>
    <trkpt lat="46.313196" lon="10.503869">
      <ele>0</ele>
      <time>2026-04-13T11:14:29.569Z</time>
    </trkpt>
    <trkpt lat="46.313352" lon="10.503687">
      <ele>0</ele>
      <time>2026-04-13T11:14:31.357Z</time>
    </trkpt>
    <trkpt lat="46.313394" lon="10.503621">
      <ele>0</ele>
      <time>2026-04-13T11:14:33.145Z</time>
    </trkpt>
    <trkpt lat="46.313464" lon="10.503496">
      <ele>0</ele>
      <time>2026-04-13T11:14:34.932Z</time>
    </trkpt>
    <trkpt lat="46.313636" lon="10.503136">
      <ele>0</ele>
      <time>2026-04-13T11:14:36.720Z</time>
    </trkpt>
    <trkpt lat="46.313689" lon="10.503044">
      <ele>0</ele>
      <time>2026-04-13T11:14:38.508Z</time>
    </trkpt>
    <trkpt lat="46.313948" lon="10.502717">
      <ele>0</ele>
      <time>2026-04-13T11:14:40.296Z</time>
    </trkpt>
    <trkpt lat="46.313981" lon="10.502666">
      <ele>0</ele>
      <time>2026-04-13T11:14:42.083Z</time>
    </trkpt>
    <trkpt lat="46.314036" lon="10.502557">
      <ele>0</ele>
      <time>2026-04-13T11:14:43.871Z</time>
    </trkpt>
    <trkpt lat="46.314102" lon="10.502396">
      <ele>0</ele>
      <time>2026-04-13T11:14:45.659Z</time>
    </trkpt>
    <trkpt lat="46.314117" lon="10.502312">
      <ele>0</ele>
      <time>2026-04-13T11:14:47.447Z</time>
    </trkpt>
    <trkpt lat="46.314119" lon="10.502221">
      <ele>0</ele>
      <time>2026-04-13T11:14:49.234Z</time>
    </trkpt>
    <trkpt lat="46.314103" lon="10.502068">
      <ele>0</ele>
      <time>2026-04-13T11:14:51.022Z</time>
    </trkpt>
    <trkpt lat="46.314103" lon="10.501887">
      <ele>0</ele>
      <time>2026-04-13T11:14:52.810Z</time>
    </trkpt>
    <trkpt lat="46.314122" lon="10.501766">
      <ele>0</ele>
      <time>2026-04-13T11:14:54.598Z</time>
    </trkpt>
    <trkpt lat="46.314174" lon="10.501589">
      <ele>0</ele>
      <time>2026-04-13T11:14:56.385Z</time>
    </trkpt>
    <trkpt lat="46.314295" lon="10.501397">
      <ele>0</ele>
      <time>2026-04-13T11:14:58.173Z</time>
    </trkpt>
    <trkpt lat="46.314412" lon="10.501261">
      <ele>0</ele>
      <time>2026-04-13T11:14:59.961Z</time>
    </trkpt>
    <trkpt lat="46.314547" lon="10.501094">
      <ele>0</ele>
      <time>2026-04-13T11:15:01.749Z</time>
    </trkpt>
    <trkpt lat="46.314609" lon="10.500982">
      <ele>0</ele>
      <time>2026-04-13T11:15:03.536Z</time>
    </trkpt>
    <trkpt lat="46.314654" lon="10.500870">
      <ele>0</ele>
      <time>2026-04-13T11:15:05.324Z</time>
    </trkpt>
    <trkpt lat="46.314703" lon="10.500681">
      <ele>0</ele>
      <time>2026-04-13T11:15:07.112Z</time>
    </trkpt>
    <trkpt lat="46.314725" lon="10.500532">
      <ele>0</ele>
      <time>2026-04-13T11:15:08.900Z</time>
    </trkpt>
    <trkpt lat="46.314738" lon="10.500297">
      <ele>0</ele>
      <time>2026-04-13T11:15:10.687Z</time>
    </trkpt>
    <trkpt lat="46.314733" lon="10.500188">
      <ele>0</ele>
      <time>2026-04-13T11:15:12.475Z</time>
    </trkpt>
    <trkpt lat="46.314742" lon="10.500092">
      <ele>0</ele>
      <time>2026-04-13T11:15:14.263Z</time>
    </trkpt>
    <trkpt lat="46.314755" lon="10.500038">
      <ele>0</ele>
      <time>2026-04-13T11:15:16.051Z</time>
    </trkpt>
    <trkpt lat="46.314776" lon="10.499998">
      <ele>0</ele>
      <time>2026-04-13T11:15:17.838Z</time>
    </trkpt>
    <trkpt lat="46.314804" lon="10.499978">
      <ele>0</ele>
      <time>2026-04-13T11:15:19.626Z</time>
    </trkpt>
    <trkpt lat="46.314830" lon="10.499978">
      <ele>0</ele>
      <time>2026-04-13T11:15:21.414Z</time>
    </trkpt>
    <trkpt lat="46.314873" lon="10.499978">
      <ele>0</ele>
      <time>2026-04-13T11:15:23.202Z</time>
    </trkpt>
    <trkpt lat="46.315036" lon="10.499980">
      <ele>0</ele>
      <time>2026-04-13T11:15:24.989Z</time>
    </trkpt>
    <trkpt lat="46.315154" lon="10.499934">
      <ele>0</ele>
      <time>2026-04-13T11:15:26.777Z</time>
    </trkpt>
    <trkpt lat="46.315275" lon="10.499845">
      <ele>0</ele>
      <time>2026-04-13T11:15:28.565Z</time>
    </trkpt>
    <trkpt lat="46.315508" lon="10.499622">
      <ele>0</ele>
      <time>2026-04-13T11:15:30.353Z</time>
    </trkpt>
    <trkpt lat="46.315697" lon="10.499408">
      <ele>0</ele>
      <time>2026-04-13T11:15:32.140Z</time>
    </trkpt>
    <trkpt lat="46.315846" lon="10.499228">
      <ele>0</ele>
      <time>2026-04-13T11:15:33.928Z</time>
    </trkpt>
    <trkpt lat="46.315894" lon="10.499170">
      <ele>0</ele>
      <time>2026-04-13T11:15:35.716Z</time>
    </trkpt>
    <trkpt lat="46.315961" lon="10.499138">
      <ele>0</ele>
      <time>2026-04-13T11:15:37.504Z</time>
    </trkpt>
    <trkpt lat="46.316118" lon="10.499108">
      <ele>0</ele>
      <time>2026-04-13T11:15:39.291Z</time>
    </trkpt>
    <trkpt lat="46.316287" lon="10.499037">
      <ele>0</ele>
      <time>2026-04-13T11:15:41.079Z</time>
    </trkpt>
    <trkpt lat="46.316382" lon="10.498976">
      <ele>0</ele>
      <time>2026-04-13T11:15:42.867Z</time>
    </trkpt>
    <trkpt lat="46.316468" lon="10.498904">
      <ele>0</ele>
      <time>2026-04-13T11:15:44.655Z</time>
    </trkpt>
    <trkpt lat="46.316755" lon="10.498543">
      <ele>0</ele>
      <time>2026-04-13T11:15:46.442Z</time>
    </trkpt>
    <trkpt lat="46.316837" lon="10.498451">
      <ele>0</ele>
      <time>2026-04-13T11:15:48.230Z</time>
    </trkpt>
    <trkpt lat="46.316916" lon="10.498390">
      <ele>0</ele>
      <time>2026-04-13T11:15:50.018Z</time>
    </trkpt>
    <trkpt lat="46.317065" lon="10.498305">
      <ele>0</ele>
      <time>2026-04-13T11:15:51.806Z</time>
    </trkpt>
    <trkpt lat="46.317322" lon="10.498179">
      <ele>0</ele>
      <time>2026-04-13T11:15:53.593Z</time>
    </trkpt>
    <trkpt lat="46.317513" lon="10.498085">
      <ele>0</ele>
      <time>2026-04-13T11:15:55.381Z</time>
    </trkpt>
    <trkpt lat="46.317670" lon="10.498010">
      <ele>0</ele>
      <time>2026-04-13T11:15:57.169Z</time>
    </trkpt>
    <trkpt lat="46.317803" lon="10.497933">
      <ele>0</ele>
      <time>2026-04-13T11:15:58.957Z</time>
    </trkpt>
    <trkpt lat="46.317998" lon="10.497749">
      <ele>0</ele>
      <time>2026-04-13T11:16:00.744Z</time>
    </trkpt>
    <trkpt lat="46.318190" lon="10.497583">
      <ele>0</ele>
      <time>2026-04-13T11:16:02.532Z</time>
    </trkpt>
    <trkpt lat="46.318259" lon="10.497485">
      <ele>0</ele>
      <time>2026-04-13T11:16:04.320Z</time>
    </trkpt>
    <trkpt lat="46.318306" lon="10.497386">
      <ele>0</ele>
      <time>2026-04-13T11:16:06.108Z</time>
    </trkpt>
    <trkpt lat="46.318349" lon="10.497215">
      <ele>0</ele>
      <time>2026-04-13T11:16:07.895Z</time>
    </trkpt>
    <trkpt lat="46.318361" lon="10.497140">
      <ele>0</ele>
      <time>2026-04-13T11:16:09.683Z</time>
    </trkpt>
    <trkpt lat="46.318366" lon="10.497073">
      <ele>0</ele>
      <time>2026-04-13T11:16:11.471Z</time>
    </trkpt>
    <trkpt lat="46.318360" lon="10.497035">
      <ele>0</ele>
      <time>2026-04-13T11:16:13.259Z</time>
    </trkpt>
    <trkpt lat="46.318359" lon="10.496987">
      <ele>0</ele>
      <time>2026-04-13T11:16:15.046Z</time>
    </trkpt>
    <trkpt lat="46.318348" lon="10.496909">
      <ele>0</ele>
      <time>2026-04-13T11:16:16.834Z</time>
    </trkpt>
    <trkpt lat="46.318336" lon="10.496867">
      <ele>0</ele>
      <time>2026-04-13T11:16:18.622Z</time>
    </trkpt>
    <trkpt lat="46.318314" lon="10.496838">
      <ele>0</ele>
      <time>2026-04-13T11:16:20.410Z</time>
    </trkpt>
    <trkpt lat="46.318240" lon="10.496738">
      <ele>0</ele>
      <time>2026-04-13T11:16:22.197Z</time>
    </trkpt>
    <trkpt lat="46.318207" lon="10.496661">
      <ele>0</ele>
      <time>2026-04-13T11:16:23.985Z</time>
    </trkpt>
    <trkpt lat="46.318200" lon="10.496585">
      <ele>0</ele>
      <time>2026-04-13T11:16:25.773Z</time>
    </trkpt>
    <trkpt lat="46.318214" lon="10.496502">
      <ele>0</ele>
      <time>2026-04-13T11:16:27.561Z</time>
    </trkpt>
    <trkpt lat="46.318278" lon="10.496286">
      <ele>0</ele>
      <time>2026-04-13T11:16:29.348Z</time>
    </trkpt>
    <trkpt lat="46.318316" lon="10.496183">
      <ele>0</ele>
      <time>2026-04-13T11:16:31.136Z</time>
    </trkpt>
    <trkpt lat="46.318383" lon="10.496037">
      <ele>0</ele>
      <time>2026-04-13T11:16:32.924Z</time>
    </trkpt>
    <trkpt lat="46.318467" lon="10.495901">
      <ele>0</ele>
      <time>2026-04-13T11:16:34.712Z</time>
    </trkpt>
    <trkpt lat="46.318549" lon="10.495790">
      <ele>0</ele>
      <time>2026-04-13T11:16:36.499Z</time>
    </trkpt>
    <trkpt lat="46.318661" lon="10.495696">
      <ele>0</ele>
      <time>2026-04-13T11:16:38.287Z</time>
    </trkpt>
    <trkpt lat="46.318803" lon="10.495625">
      <ele>0</ele>
      <time>2026-04-13T11:16:40.075Z</time>
    </trkpt>
    <trkpt lat="46.318925" lon="10.495486">
      <ele>0</ele>
      <time>2026-04-13T11:16:41.863Z</time>
    </trkpt>
    <trkpt lat="46.319025" lon="10.495317">
      <ele>0</ele>
      <time>2026-04-13T11:16:43.650Z</time>
    </trkpt>
    <trkpt lat="46.319173" lon="10.494972">
      <ele>0</ele>
      <time>2026-04-13T11:16:45.438Z</time>
    </trkpt>
    <trkpt lat="46.319351" lon="10.494705">
      <ele>0</ele>
      <time>2026-04-13T11:16:47.226Z</time>
    </trkpt>
    <trkpt lat="46.319452" lon="10.494529">
      <ele>0</ele>
      <time>2026-04-13T11:16:49.014Z</time>
    </trkpt>
    <trkpt lat="46.319636" lon="10.494136">
      <ele>0</ele>
      <time>2026-04-13T11:16:50.801Z</time>
    </trkpt>
    <trkpt lat="46.319779" lon="10.493734">
      <ele>0</ele>
      <time>2026-04-13T11:16:52.589Z</time>
    </trkpt>
    <trkpt lat="46.319816" lon="10.493660">
      <ele>0</ele>
      <time>2026-04-13T11:16:54.377Z</time>
    </trkpt>
    <trkpt lat="46.319853" lon="10.493622">
      <ele>0</ele>
      <time>2026-04-13T11:16:56.165Z</time>
    </trkpt>
    <trkpt lat="46.320168" lon="10.493454">
      <ele>0</ele>
      <time>2026-04-13T11:16:57.952Z</time>
    </trkpt>
    <trkpt lat="46.320428" lon="10.493244">
      <ele>0</ele>
      <time>2026-04-13T11:16:59.740Z</time>
    </trkpt>
    <trkpt lat="46.320816" lon="10.492863">
      <ele>0</ele>
      <time>2026-04-13T11:17:01.528Z</time>
    </trkpt>
    <trkpt lat="46.321154" lon="10.492646">
      <ele>0</ele>
      <time>2026-04-13T11:17:03.316Z</time>
    </trkpt>
    <trkpt lat="46.321212" lon="10.492605">
      <ele>0</ele>
      <time>2026-04-13T11:17:05.103Z</time>
    </trkpt>
    <trkpt lat="46.321418" lon="10.492399">
      <ele>0</ele>
      <time>2026-04-13T11:17:06.891Z</time>
    </trkpt>
    <trkpt lat="46.322088" lon="10.491611">
      <ele>0</ele>
      <time>2026-04-13T11:17:08.679Z</time>
    </trkpt>
    <trkpt lat="46.322221" lon="10.491459">
      <ele>0</ele>
      <time>2026-04-13T11:17:10.467Z</time>
    </trkpt>
    <trkpt lat="46.322360" lon="10.491398">
      <ele>0</ele>
      <time>2026-04-13T11:17:12.254Z</time>
    </trkpt>
    <trkpt lat="46.322452" lon="10.491381">
      <ele>0</ele>
      <time>2026-04-13T11:17:14.042Z</time>
    </trkpt>
    <trkpt lat="46.322584" lon="10.491409">
      <ele>0</ele>
      <time>2026-04-13T11:17:15.830Z</time>
    </trkpt>
    <trkpt lat="46.322676" lon="10.491446">
      <ele>0</ele>
      <time>2026-04-13T11:17:17.617Z</time>
    </trkpt>
    <trkpt lat="46.322812" lon="10.491495">
      <ele>0</ele>
      <time>2026-04-13T11:17:19.405Z</time>
    </trkpt>
    <trkpt lat="46.322892" lon="10.491476">
      <ele>0</ele>
      <time>2026-04-13T11:17:21.193Z</time>
    </trkpt>
    <trkpt lat="46.322950" lon="10.491441">
      <ele>0</ele>
      <time>2026-04-13T11:17:22.981Z</time>
    </trkpt>
    <trkpt lat="46.323094" lon="10.491304">
      <ele>0</ele>
      <time>2026-04-13T11:17:24.768Z</time>
    </trkpt>
    <trkpt lat="46.323521" lon="10.490867">
      <ele>0</ele>
      <time>2026-04-13T11:17:26.556Z</time>
    </trkpt>
    <trkpt lat="46.323689" lon="10.490700">
      <ele>0</ele>
      <time>2026-04-13T11:17:28.344Z</time>
    </trkpt>
    <trkpt lat="46.323921" lon="10.490443">
      <ele>0</ele>
      <time>2026-04-13T11:17:30.132Z</time>
    </trkpt>
    <trkpt lat="46.323968" lon="10.490418">
      <ele>0</ele>
      <time>2026-04-13T11:17:31.919Z</time>
    </trkpt>
    <trkpt lat="46.324016" lon="10.490411">
      <ele>0</ele>
      <time>2026-04-13T11:17:33.707Z</time>
    </trkpt>
    <trkpt lat="46.324130" lon="10.490416">
      <ele>0</ele>
      <time>2026-04-13T11:17:35.495Z</time>
    </trkpt>
    <trkpt lat="46.324426" lon="10.490441">
      <ele>0</ele>
      <time>2026-04-13T11:17:37.283Z</time>
    </trkpt>
    <trkpt lat="46.324592" lon="10.490433">
      <ele>0</ele>
      <time>2026-04-13T11:17:39.070Z</time>
    </trkpt>
    <trkpt lat="46.325190" lon="10.490168">
      <ele>0</ele>
      <time>2026-04-13T11:17:40.858Z</time>
    </trkpt>
    <trkpt lat="46.325413" lon="10.490066">
      <ele>0</ele>
      <time>2026-04-13T11:17:42.646Z</time>
    </trkpt>
    <trkpt lat="46.325737" lon="10.489798">
      <ele>0</ele>
      <time>2026-04-13T11:17:44.434Z</time>
    </trkpt>
    <trkpt lat="46.326037" lon="10.489574">
      <ele>0</ele>
      <time>2026-04-13T11:17:46.221Z</time>
    </trkpt>
    <trkpt lat="46.326167" lon="10.489497">
      <ele>0</ele>
      <time>2026-04-13T11:17:48.009Z</time>
    </trkpt>
    <trkpt lat="46.326275" lon="10.489459">
      <ele>0</ele>
      <time>2026-04-13T11:17:49.797Z</time>
    </trkpt>
    <trkpt lat="46.326393" lon="10.489439">
      <ele>0</ele>
      <time>2026-04-13T11:17:51.585Z</time>
    </trkpt>
    <trkpt lat="46.326492" lon="10.489434">
      <ele>0</ele>
      <time>2026-04-13T11:17:53.372Z</time>
    </trkpt>
    <trkpt lat="46.326606" lon="10.489441">
      <ele>0</ele>
      <time>2026-04-13T11:17:55.160Z</time>
    </trkpt>
    <trkpt lat="46.326811" lon="10.489473">
      <ele>0</ele>
      <time>2026-04-13T11:17:56.948Z</time>
    </trkpt>
    <trkpt lat="46.326920" lon="10.489491">
      <ele>0</ele>
      <time>2026-04-13T11:17:58.736Z</time>
    </trkpt>
    <trkpt lat="46.327005" lon="10.489490">
      <ele>0</ele>
      <time>2026-04-13T11:18:00.523Z</time>
    </trkpt>
    <trkpt lat="46.327224" lon="10.489479">
      <ele>0</ele>
      <time>2026-04-13T11:18:02.311Z</time>
    </trkpt>
    <trkpt lat="46.327403" lon="10.489470">
      <ele>0</ele>
      <time>2026-04-13T11:18:04.099Z</time>
    </trkpt>
    <trkpt lat="46.330607" lon="10.489490">
      <ele>0</ele>
      <time>2026-04-13T11:18:05.887Z</time>
    </trkpt>
    <trkpt lat="46.330691" lon="10.489482">
      <ele>0</ele>
      <time>2026-04-13T11:18:07.674Z</time>
    </trkpt>
    <trkpt lat="46.330783" lon="10.489456">
      <ele>0</ele>
      <time>2026-04-13T11:18:09.462Z</time>
    </trkpt>
    <trkpt lat="46.331313" lon="10.489144">
      <ele>0</ele>
      <time>2026-04-13T11:18:11.250Z</time>
    </trkpt>
    <trkpt lat="46.331437" lon="10.489076">
      <ele>0</ele>
      <time>2026-04-13T11:18:13.038Z</time>
    </trkpt>
    <trkpt lat="46.331619" lon="10.488979">
      <ele>0</ele>
      <time>2026-04-13T11:18:14.825Z</time>
    </trkpt>
    <trkpt lat="46.331793" lon="10.488917">
      <ele>0</ele>
      <time>2026-04-13T11:18:16.613Z</time>
    </trkpt>
    <trkpt lat="46.331894" lon="10.488887">
      <ele>0</ele>
      <time>2026-04-13T11:18:18.401Z</time>
    </trkpt>
    <trkpt lat="46.332013" lon="10.488876">
      <ele>0</ele>
      <time>2026-04-13T11:18:20.189Z</time>
    </trkpt>
    <trkpt lat="46.332111" lon="10.488873">
      <ele>0</ele>
      <time>2026-04-13T11:18:21.976Z</time>
    </trkpt>
    <trkpt lat="46.332208" lon="10.488872">
      <ele>0</ele>
      <time>2026-04-13T11:18:23.764Z</time>
    </trkpt>
    <trkpt lat="46.332493" lon="10.488889">
      <ele>0</ele>
      <time>2026-04-13T11:18:25.552Z</time>
    </trkpt>
    <trkpt lat="46.332660" lon="10.488909">
      <ele>0</ele>
      <time>2026-04-13T11:18:27.340Z</time>
    </trkpt>
    <trkpt lat="46.332860" lon="10.488969">
      <ele>0</ele>
      <time>2026-04-13T11:18:29.127Z</time>
    </trkpt>
    <trkpt lat="46.333047" lon="10.488992">
      <ele>0</ele>
      <time>2026-04-13T11:18:30.915Z</time>
    </trkpt>
    <trkpt lat="46.333375" lon="10.488984">
      <ele>0</ele>
      <time>2026-04-13T11:18:32.703Z</time>
    </trkpt>
    <trkpt lat="46.333920" lon="10.489008">
      <ele>0</ele>
      <time>2026-04-13T11:18:34.491Z</time>
    </trkpt>
    <trkpt lat="46.334060" lon="10.489018">
      <ele>0</ele>
      <time>2026-04-13T11:18:36.278Z</time>
    </trkpt>
    <trkpt lat="46.334171" lon="10.489001">
      <ele>0</ele>
      <time>2026-04-13T11:18:38.066Z</time>
    </trkpt>
    <trkpt lat="46.334242" lon="10.488946">
      <ele>0</ele>
      <time>2026-04-13T11:18:39.854Z</time>
    </trkpt>
    <trkpt lat="46.334309" lon="10.488877">
      <ele>0</ele>
      <time>2026-04-13T11:18:41.642Z</time>
    </trkpt>
    <trkpt lat="46.334369" lon="10.488789">
      <ele>0</ele>
      <time>2026-04-13T11:18:43.429Z</time>
    </trkpt>
    <trkpt lat="46.334447" lon="10.488634">
      <ele>0</ele>
      <time>2026-04-13T11:18:45.217Z</time>
    </trkpt>
    <trkpt lat="46.334681" lon="10.487996">
      <ele>0</ele>
      <time>2026-04-13T11:18:47.005Z</time>
    </trkpt>
    <trkpt lat="46.334755" lon="10.487845">
      <ele>0</ele>
      <time>2026-04-13T11:18:48.793Z</time>
    </trkpt>
    <trkpt lat="46.334829" lon="10.487766">
      <ele>0</ele>
      <time>2026-04-13T11:18:50.580Z</time>
    </trkpt>
    <trkpt lat="46.334883" lon="10.487746">
      <ele>0</ele>
      <time>2026-04-13T11:18:52.368Z</time>
    </trkpt>
    <trkpt lat="46.334966" lon="10.487769">
      <ele>0</ele>
      <time>2026-04-13T11:18:54.156Z</time>
    </trkpt>
    <trkpt lat="46.335067" lon="10.487878">
      <ele>0</ele>
      <time>2026-04-13T11:18:55.944Z</time>
    </trkpt>
    <trkpt lat="46.335159" lon="10.487977">
      <ele>0</ele>
      <time>2026-04-13T11:18:57.731Z</time>
    </trkpt>
    <trkpt lat="46.335264" lon="10.488091">
      <ele>0</ele>
      <time>2026-04-13T11:18:59.519Z</time>
    </trkpt>
    <trkpt lat="46.335437" lon="10.488235">
      <ele>0</ele>
      <time>2026-04-13T11:19:01.307Z</time>
    </trkpt>
    <trkpt lat="46.335536" lon="10.488262">
      <ele>0</ele>
      <time>2026-04-13T11:19:03.095Z</time>
    </trkpt>
    <trkpt lat="46.335737" lon="10.488288">
      <ele>0</ele>
      <time>2026-04-13T11:19:04.882Z</time>
    </trkpt>
    <trkpt lat="46.335776" lon="10.488297">
      <ele>0</ele>
      <time>2026-04-13T11:19:06.670Z</time>
    </trkpt>
    <trkpt lat="46.335834" lon="10.488330">
      <ele>0</ele>
      <time>2026-04-13T11:19:08.458Z</time>
    </trkpt>
    <trkpt lat="46.335912" lon="10.488387">
      <ele>0</ele>
      <time>2026-04-13T11:19:10.246Z</time>
    </trkpt>
    <trkpt lat="46.336277" lon="10.488597">
      <ele>0</ele>
      <time>2026-04-13T11:19:12.033Z</time>
    </trkpt>
    <trkpt lat="46.336360" lon="10.488625">
      <ele>0</ele>
      <time>2026-04-13T11:19:13.821Z</time>
    </trkpt>
    <trkpt lat="46.336451" lon="10.488620">
      <ele>0</ele>
      <time>2026-04-13T11:19:15.609Z</time>
    </trkpt>
    <trkpt lat="46.336520" lon="10.488588">
      <ele>0</ele>
      <time>2026-04-13T11:19:17.397Z</time>
    </trkpt>
    <trkpt lat="46.336595" lon="10.488545">
      <ele>0</ele>
      <time>2026-04-13T11:19:19.184Z</time>
    </trkpt>
    <trkpt lat="46.336675" lon="10.488502">
      <ele>0</ele>
      <time>2026-04-13T11:19:20.972Z</time>
    </trkpt>
    <trkpt lat="46.336740" lon="10.488483">
      <ele>0</ele>
      <time>2026-04-13T11:19:22.760Z</time>
    </trkpt>
    <trkpt lat="46.336894" lon="10.488468">
      <ele>0</ele>
      <time>2026-04-13T11:19:24.548Z</time>
    </trkpt>
    <trkpt lat="46.337116" lon="10.488481">
      <ele>0</ele>
      <time>2026-04-13T11:19:26.335Z</time>
    </trkpt>
    <trkpt lat="46.337331" lon="10.488455">
      <ele>0</ele>
      <time>2026-04-13T11:19:28.123Z</time>
    </trkpt>
    <trkpt lat="46.337683" lon="10.488357">
      <ele>0</ele>
      <time>2026-04-13T11:19:29.911Z</time>
    </trkpt>
    <trkpt lat="46.337824" lon="10.488331">
      <ele>0</ele>
      <time>2026-04-13T11:19:31.699Z</time>
    </trkpt>
    <trkpt lat="46.337928" lon="10.488305">
      <ele>0</ele>
      <time>2026-04-13T11:19:33.486Z</time>
    </trkpt>
    <trkpt lat="46.337966" lon="10.488283">
      <ele>0</ele>
      <time>2026-04-13T11:19:35.274Z</time>
    </trkpt>
    <trkpt lat="46.337986" lon="10.488252">
      <ele>0</ele>
      <time>2026-04-13T11:19:37.062Z</time>
    </trkpt>
    <trkpt lat="46.337994" lon="10.488215">
      <ele>0</ele>
      <time>2026-04-13T11:19:38.850Z</time>
    </trkpt>
    <trkpt lat="46.337990" lon="10.488136">
      <ele>0</ele>
      <time>2026-04-13T11:19:40.637Z</time>
    </trkpt>
    <trkpt lat="46.337956" lon="10.488001">
      <ele>0</ele>
      <time>2026-04-13T11:19:42.425Z</time>
    </trkpt>
    <trkpt lat="46.337917" lon="10.487831">
      <ele>0</ele>
      <time>2026-04-13T11:19:44.213Z</time>
    </trkpt>
    <trkpt lat="46.337895" lon="10.487649">
      <ele>0</ele>
      <time>2026-04-13T11:19:46.001Z</time>
    </trkpt>
    <trkpt lat="46.337859" lon="10.487307">
      <ele>0</ele>
      <time>2026-04-13T11:19:47.788Z</time>
    </trkpt>
    <trkpt lat="46.337819" lon="10.486994">
      <ele>0</ele>
      <time>2026-04-13T11:19:49.576Z</time>
    </trkpt>
    <trkpt lat="46.337815" lon="10.486767">
      <ele>0</ele>
      <time>2026-04-13T11:19:51.364Z</time>
    </trkpt>
    <trkpt lat="46.337827" lon="10.486614">
      <ele>0</ele>
      <time>2026-04-13T11:19:53.152Z</time>
    </trkpt>
    <trkpt lat="46.337850" lon="10.486470">
      <ele>0</ele>
      <time>2026-04-13T11:19:54.939Z</time>
    </trkpt>
    <trkpt lat="46.337949" lon="10.486037">
      <ele>0</ele>
      <time>2026-04-13T11:19:56.727Z</time>
    </trkpt>
    <trkpt lat="46.338002" lon="10.485672">
      <ele>0</ele>
      <time>2026-04-13T11:19:58.515Z</time>
    </trkpt>
    <trkpt lat="46.338066" lon="10.485287">
      <ele>0</ele>
      <time>2026-04-13T11:20:00.302Z</time>
    </trkpt>
    <trkpt lat="46.338175" lon="10.484901">
      <ele>0</ele>
      <time>2026-04-13T11:20:02.090Z</time>
    </trkpt>
    <trkpt lat="46.338209" lon="10.484676">
      <ele>0</ele>
      <time>2026-04-13T11:20:03.878Z</time>
    </trkpt>
    <trkpt lat="46.338240" lon="10.484588">
      <ele>0</ele>
      <time>2026-04-13T11:20:05.666Z</time>
    </trkpt>
    <trkpt lat="46.338275" lon="10.484569">
      <ele>0</ele>
      <time>2026-04-13T11:20:07.453Z</time>
    </trkpt>
    <trkpt lat="46.338301" lon="10.484591">
      <ele>0</ele>
      <time>2026-04-13T11:20:09.241Z</time>
    </trkpt>
    <trkpt lat="46.338312" lon="10.484652">
      <ele>0</ele>
      <time>2026-04-13T11:20:11.029Z</time>
    </trkpt>
    <trkpt lat="46.338299" lon="10.484718">
      <ele>0</ele>
      <time>2026-04-13T11:20:12.817Z</time>
    </trkpt>
    <trkpt lat="46.338219" lon="10.485138">
      <ele>0</ele>
      <time>2026-04-13T11:20:14.604Z</time>
    </trkpt>
    <trkpt lat="46.338197" lon="10.485343">
      <ele>0</ele>
      <time>2026-04-13T11:20:16.392Z</time>
    </trkpt>
    <trkpt lat="46.338198" lon="10.485507">
      <ele>0</ele>
      <time>2026-04-13T11:20:18.180Z</time>
    </trkpt>
    <trkpt lat="46.338209" lon="10.485669">
      <ele>0</ele>
      <time>2026-04-13T11:20:19.968Z</time>
    </trkpt>
    <trkpt lat="46.338234" lon="10.485916">
      <ele>0</ele>
      <time>2026-04-13T11:20:21.755Z</time>
    </trkpt>
    <trkpt lat="46.338239" lon="10.486007">
      <ele>0</ele>
      <time>2026-04-13T11:20:23.543Z</time>
    </trkpt>
    <trkpt lat="46.338230" lon="10.486417">
      <ele>0</ele>
      <time>2026-04-13T11:20:25.331Z</time>
    </trkpt>
    <trkpt lat="46.338234" lon="10.486501">
      <ele>0</ele>
      <time>2026-04-13T11:20:27.119Z</time>
    </trkpt>
    <trkpt lat="46.338245" lon="10.486577">
      <ele>0</ele>
      <time>2026-04-13T11:20:28.906Z</time>
    </trkpt>
    <trkpt lat="46.338264" lon="10.486652">
      <ele>0</ele>
      <time>2026-04-13T11:20:30.694Z</time>
    </trkpt>
    <trkpt lat="46.338466" lon="10.487200">
      <ele>0</ele>
      <time>2026-04-13T11:20:32.482Z</time>
    </trkpt>
    <trkpt lat="46.338494" lon="10.487303">
      <ele>0</ele>
      <time>2026-04-13T11:20:34.270Z</time>
    </trkpt>
    <trkpt lat="46.338510" lon="10.487387">
      <ele>0</ele>
      <time>2026-04-13T11:20:36.057Z</time>
    </trkpt>
    <trkpt lat="46.338537" lon="10.487581">
      <ele>0</ele>
      <time>2026-04-13T11:20:37.845Z</time>
    </trkpt>
    <trkpt lat="46.338549" lon="10.487655">
      <ele>0</ele>
      <time>2026-04-13T11:20:39.633Z</time>
    </trkpt>
    <trkpt lat="46.338596" lon="10.487814">
      <ele>0</ele>
      <time>2026-04-13T11:20:41.421Z</time>
    </trkpt>
    <trkpt lat="46.338657" lon="10.487967">
      <ele>0</ele>
      <time>2026-04-13T11:20:43.208Z</time>
    </trkpt>
    <trkpt lat="46.338737" lon="10.488098">
      <ele>0</ele>
      <time>2026-04-13T11:20:44.996Z</time>
    </trkpt>
    <trkpt lat="46.338790" lon="10.488159">
      <ele>0</ele>
      <time>2026-04-13T11:20:46.784Z</time>
    </trkpt>
    <trkpt lat="46.338971" lon="10.488292">
      <ele>0</ele>
      <time>2026-04-13T11:20:48.572Z</time>
    </trkpt>
    <trkpt lat="46.339154" lon="10.488404">
      <ele>0</ele>
      <time>2026-04-13T11:20:50.359Z</time>
    </trkpt>
    <trkpt lat="46.339224" lon="10.488446">
      <ele>0</ele>
      <time>2026-04-13T11:20:52.147Z</time>
    </trkpt>
    <trkpt lat="46.339254" lon="10.488458">
      <ele>0</ele>
      <time>2026-04-13T11:20:53.935Z</time>
    </trkpt>
    <trkpt lat="46.339281" lon="10.488450">
      <ele>0</ele>
      <time>2026-04-13T11:20:55.723Z</time>
    </trkpt>
    <trkpt lat="46.339296" lon="10.488421">
      <ele>0</ele>
      <time>2026-04-13T11:20:57.510Z</time>
    </trkpt>
    <trkpt lat="46.339292" lon="10.488380">
      <ele>0</ele>
      <time>2026-04-13T11:20:59.298Z</time>
    </trkpt>
    <trkpt lat="46.339272" lon="10.488350">
      <ele>0</ele>
      <time>2026-04-13T11:21:01.086Z</time>
    </trkpt>
    <trkpt lat="46.339216" lon="10.488320">
      <ele>0</ele>
      <time>2026-04-13T11:21:02.874Z</time>
    </trkpt>
    <trkpt lat="46.339140" lon="10.488273">
      <ele>0</ele>
      <time>2026-04-13T11:21:04.661Z</time>
    </trkpt>
    <trkpt lat="46.339066" lon="10.488217">
      <ele>0</ele>
      <time>2026-04-13T11:21:06.449Z</time>
    </trkpt>
    <trkpt lat="46.339027" lon="10.488168">
      <ele>0</ele>
      <time>2026-04-13T11:21:08.237Z</time>
    </trkpt>
    <trkpt lat="46.338969" lon="10.488058">
      <ele>0</ele>
      <time>2026-04-13T11:21:10.025Z</time>
    </trkpt>
    <trkpt lat="46.338916" lon="10.487919">
      <ele>0</ele>
      <time>2026-04-13T11:21:11.812Z</time>
    </trkpt>
    <trkpt lat="46.338902" lon="10.487840">
      <ele>0</ele>
      <time>2026-04-13T11:21:13.600Z</time>
    </trkpt>
    <trkpt lat="46.338903" lon="10.487765">
      <ele>0</ele>
      <time>2026-04-13T11:21:15.388Z</time>
    </trkpt>
    <trkpt lat="46.338923" lon="10.487518">
      <ele>0</ele>
      <time>2026-04-13T11:21:17.176Z</time>
    </trkpt>
    <trkpt lat="46.338929" lon="10.487408">
      <ele>0</ele>
      <time>2026-04-13T11:21:18.963Z</time>
    </trkpt>
    <trkpt lat="46.338930" lon="10.487318">
      <ele>0</ele>
      <time>2026-04-13T11:21:20.751Z</time>
    </trkpt>
    <trkpt lat="46.338923" lon="10.487223">
      <ele>0</ele>
      <time>2026-04-13T11:21:22.539Z</time>
    </trkpt>
    <trkpt lat="46.338911" lon="10.487127">
      <ele>0</ele>
      <time>2026-04-13T11:21:24.327Z</time>
    </trkpt>
    <trkpt lat="46.338857" lon="10.486846">
      <ele>0</ele>
      <time>2026-04-13T11:21:26.114Z</time>
    </trkpt>
    <trkpt lat="46.338805" lon="10.486563">
      <ele>0</ele>
      <time>2026-04-13T11:21:27.902Z</time>
    </trkpt>
    <trkpt lat="46.338776" lon="10.486252">
      <ele>0</ele>
      <time>2026-04-13T11:21:29.690Z</time>
    </trkpt>
    <trkpt lat="46.338750" lon="10.486015">
      <ele>0</ele>
      <time>2026-04-13T11:21:31.478Z</time>
    </trkpt>
    <trkpt lat="46.338749" lon="10.485969">
      <ele>0</ele>
      <time>2026-04-13T11:21:33.265Z</time>
    </trkpt>
    <trkpt lat="46.338755" lon="10.485918">
      <ele>0</ele>
      <time>2026-04-13T11:21:35.053Z</time>
    </trkpt>
    <trkpt lat="46.338767" lon="10.485846">
      <ele>0</ele>
      <time>2026-04-13T11:21:36.841Z</time>
    </trkpt>
    <trkpt lat="46.338807" lon="10.485668">
      <ele>0</ele>
      <time>2026-04-13T11:21:38.629Z</time>
    </trkpt>
    <trkpt lat="46.338817" lon="10.485603">
      <ele>0</ele>
      <time>2026-04-13T11:21:40.416Z</time>
    </trkpt>
    <trkpt lat="46.338847" lon="10.485377">
      <ele>0</ele>
      <time>2026-04-13T11:21:42.204Z</time>
    </trkpt>
    <trkpt lat="46.338864" lon="10.485270">
      <ele>0</ele>
      <time>2026-04-13T11:21:43.992Z</time>
    </trkpt>
    <trkpt lat="46.338962" lon="10.484784">
      <ele>0</ele>
      <time>2026-04-13T11:21:45.780Z</time>
    </trkpt>
    <trkpt lat="46.338973" lon="10.484704">
      <ele>0</ele>
      <time>2026-04-13T11:21:47.567Z</time>
    </trkpt>
    <trkpt lat="46.338986" lon="10.484490">
      <ele>0</ele>
      <time>2026-04-13T11:21:49.355Z</time>
    </trkpt>
    <trkpt lat="46.339001" lon="10.484371">
      <ele>0</ele>
      <time>2026-04-13T11:21:51.143Z</time>
    </trkpt>
    <trkpt lat="46.339039" lon="10.484155">
      <ele>0</ele>
      <time>2026-04-13T11:21:52.931Z</time>
    </trkpt>
    <trkpt lat="46.339054" lon="10.483985">
      <ele>0</ele>
      <time>2026-04-13T11:21:54.718Z</time>
    </trkpt>
    <trkpt lat="46.339070" lon="10.483809">
      <ele>0</ele>
      <time>2026-04-13T11:21:56.506Z</time>
    </trkpt>
    <trkpt lat="46.339084" lon="10.483784">
      <ele>0</ele>
      <time>2026-04-13T11:21:58.294Z</time>
    </trkpt>
    <trkpt lat="46.339107" lon="10.483777">
      <ele>0</ele>
      <time>2026-04-13T11:22:00.082Z</time>
    </trkpt>
    <trkpt lat="46.339132" lon="10.483793">
      <ele>0</ele>
      <time>2026-04-13T11:22:01.869Z</time>
    </trkpt>
    <trkpt lat="46.339145" lon="10.483831">
      <ele>0</ele>
      <time>2026-04-13T11:22:03.657Z</time>
    </trkpt>
    <trkpt lat="46.339151" lon="10.483889">
      <ele>0</ele>
      <time>2026-04-13T11:22:05.445Z</time>
    </trkpt>
    <trkpt lat="46.339150" lon="10.483969">
      <ele>0</ele>
      <time>2026-04-13T11:22:07.233Z</time>
    </trkpt>
    <trkpt lat="46.339133" lon="10.484176">
      <ele>0</ele>
      <time>2026-04-13T11:22:09.020Z</time>
    </trkpt>
    <trkpt lat="46.339119" lon="10.484385">
      <ele>0</ele>
      <time>2026-04-13T11:22:10.808Z</time>
    </trkpt>
    <trkpt lat="46.339119" lon="10.484509">
      <ele>0</ele>
      <time>2026-04-13T11:22:12.596Z</time>
    </trkpt>
    <trkpt lat="46.339143" lon="10.484795">
      <ele>0</ele>
      <time>2026-04-13T11:22:14.384Z</time>
    </trkpt>
    <trkpt lat="46.339167" lon="10.484985">
      <ele>0</ele>
      <time>2026-04-13T11:22:16.171Z</time>
    </trkpt>
    <trkpt lat="46.339181" lon="10.485039">
      <ele>0</ele>
      <time>2026-04-13T11:22:17.959Z</time>
    </trkpt>
    <trkpt lat="46.339207" lon="10.485090">
      <ele>0</ele>
      <time>2026-04-13T11:22:19.747Z</time>
    </trkpt>
    <trkpt lat="46.339250" lon="10.485137">
      <ele>0</ele>
      <time>2026-04-13T11:22:21.535Z</time>
    </trkpt>
    <trkpt lat="46.339300" lon="10.485173">
      <ele>0</ele>
      <time>2026-04-13T11:22:23.322Z</time>
    </trkpt>
    <trkpt lat="46.339346" lon="10.485193">
      <ele>0</ele>
      <time>2026-04-13T11:22:25.110Z</time>
    </trkpt>
    <trkpt lat="46.339395" lon="10.485204">
      <ele>0</ele>
      <time>2026-04-13T11:22:26.898Z</time>
    </trkpt>
    <trkpt lat="46.339565" lon="10.485211">
      <ele>0</ele>
      <time>2026-04-13T11:22:28.686Z</time>
    </trkpt>
    <trkpt lat="46.339630" lon="10.485224">
      <ele>0</ele>
      <time>2026-04-13T11:22:30.473Z</time>
    </trkpt>
    <trkpt lat="46.339695" lon="10.485246">
      <ele>0</ele>
      <time>2026-04-13T11:22:32.261Z</time>
    </trkpt>
    <trkpt lat="46.339816" lon="10.485293">
      <ele>0</ele>
      <time>2026-04-13T11:22:34.049Z</time>
    </trkpt>
    <trkpt lat="46.339861" lon="10.485319">
      <ele>0</ele>
      <time>2026-04-13T11:22:35.837Z</time>
    </trkpt>
    <trkpt lat="46.339907" lon="10.485352">
      <ele>0</ele>
      <time>2026-04-13T11:22:37.624Z</time>
    </trkpt>
    <trkpt lat="46.339947" lon="10.485398">
      <ele>0</ele>
      <time>2026-04-13T11:22:39.412Z</time>
    </trkpt>
    <trkpt lat="46.339985" lon="10.485458">
      <ele>0</ele>
      <time>2026-04-13T11:22:41.200Z</time>
    </trkpt>
    <trkpt lat="46.340114" lon="10.485699">
      <ele>0</ele>
      <time>2026-04-13T11:22:42.987Z</time>
    </trkpt>
    <trkpt lat="46.340165" lon="10.485774">
      <ele>0</ele>
      <time>2026-04-13T11:22:44.775Z</time>
    </trkpt>
    <trkpt lat="46.340193" lon="10.485805">
      <ele>0</ele>
      <time>2026-04-13T11:22:46.563Z</time>
    </trkpt>
    <trkpt lat="46.340243" lon="10.485839">
      <ele>0</ele>
      <time>2026-04-13T11:22:48.351Z</time>
    </trkpt>
    <trkpt lat="46.340321" lon="10.485871">
      <ele>0</ele>
      <time>2026-04-13T11:22:50.138Z</time>
    </trkpt>
    <trkpt lat="46.340366" lon="10.485878">
      <ele>0</ele>
      <time>2026-04-13T11:22:51.926Z</time>
    </trkpt>
    <trkpt lat="46.340422" lon="10.485872">
      <ele>0</ele>
      <time>2026-04-13T11:22:53.714Z</time>
    </trkpt>
    <trkpt lat="46.340505" lon="10.485842">
      <ele>0</ele>
      <time>2026-04-13T11:22:55.502Z</time>
    </trkpt>
    <trkpt lat="46.340602" lon="10.485797">
      <ele>0</ele>
      <time>2026-04-13T11:22:57.289Z</time>
    </trkpt>
    <trkpt lat="46.341032" lon="10.485600">
      <ele>0</ele>
      <time>2026-04-13T11:22:59.077Z</time>
    </trkpt>
    <trkpt lat="46.341119" lon="10.485546">
      <ele>0</ele>
      <time>2026-04-13T11:23:00.865Z</time>
    </trkpt>
    <trkpt lat="46.341189" lon="10.485493">
      <ele>0</ele>
      <time>2026-04-13T11:23:02.653Z</time>
    </trkpt>
    <trkpt lat="46.341265" lon="10.485414">
      <ele>0</ele>
      <time>2026-04-13T11:23:04.440Z</time>
    </trkpt>
    <trkpt lat="46.341354" lon="10.485322">
      <ele>0</ele>
      <time>2026-04-13T11:23:06.228Z</time>
    </trkpt>
    <trkpt lat="46.341420" lon="10.485231">
      <ele>0</ele>
      <time>2026-04-13T11:23:08.016Z</time>
    </trkpt>
    <trkpt lat="46.341450" lon="10.485181">
      <ele>0</ele>
      <time>2026-04-13T11:23:09.804Z</time>
    </trkpt>
    <trkpt lat="46.341468" lon="10.485132">
      <ele>0</ele>
      <time>2026-04-13T11:23:11.591Z</time>
    </trkpt>
    <trkpt lat="46.341486" lon="10.485065">
      <ele>0</ele>
      <time>2026-04-13T11:23:13.379Z</time>
    </trkpt>
    <trkpt lat="46.341509" lon="10.484926">
      <ele>0</ele>
      <time>2026-04-13T11:23:15.167Z</time>
    </trkpt>
    <trkpt lat="46.341526" lon="10.484826">
      <ele>0</ele>
      <time>2026-04-13T11:23:16.955Z</time>
    </trkpt>
    <trkpt lat="46.341545" lon="10.484763">
      <ele>0</ele>
      <time>2026-04-13T11:23:18.742Z</time>
    </trkpt>
    <trkpt lat="46.341579" lon="10.484684">
      <ele>0</ele>
      <time>2026-04-13T11:23:20.530Z</time>
    </trkpt>
    <trkpt lat="46.341625" lon="10.484606">
      <ele>0</ele>
      <time>2026-04-13T11:23:22.318Z</time>
    </trkpt>
    <trkpt lat="46.341705" lon="10.484508">
      <ele>0</ele>
      <time>2026-04-13T11:23:24.106Z</time>
    </trkpt>
    <trkpt lat="46.341777" lon="10.484444">
      <ele>0</ele>
      <time>2026-04-13T11:23:25.893Z</time>
    </trkpt>
    <trkpt lat="46.342131" lon="10.484210">
      <ele>0</ele>
      <time>2026-04-13T11:23:27.681Z</time>
    </trkpt>
    <trkpt lat="46.342557" lon="10.483948">
      <ele>0</ele>
      <time>2026-04-13T11:23:29.469Z</time>
    </trkpt>
    <trkpt lat="46.342693" lon="10.483887">
      <ele>0</ele>
      <time>2026-04-13T11:23:31.257Z</time>
    </trkpt>
    <trkpt lat="46.342742" lon="10.483882">
      <ele>0</ele>
      <time>2026-04-13T11:23:33.044Z</time>
    </trkpt>
    <trkpt lat="46.342800" lon="10.483893">
      <ele>0</ele>
      <time>2026-04-13T11:23:34.832Z</time>
    </trkpt>
    <trkpt lat="46.343003" lon="10.484014">
      <ele>0</ele>
      <time>2026-04-13T11:23:36.620Z</time>
    </trkpt>
    <trkpt lat="46.343246" lon="10.484114">
      <ele>0</ele>
      <time>2026-04-13T11:23:38.408Z</time>
    </trkpt>
    <trkpt lat="46.343678" lon="10.484220">
      <ele>0</ele>
      <time>2026-04-13T11:23:40.195Z</time>
    </trkpt>
    <trkpt lat="46.343719" lon="10.484238">
      <ele>0</ele>
      <time>2026-04-13T11:23:41.983Z</time>
    </trkpt>
    <trkpt lat="46.343755" lon="10.484263">
      <ele>0</ele>
      <time>2026-04-13T11:23:43.771Z</time>
    </trkpt>
    <trkpt lat="46.343789" lon="10.484294">
      <ele>0</ele>
      <time>2026-04-13T11:23:45.559Z</time>
    </trkpt>
    <trkpt lat="46.343825" lon="10.484348">
      <ele>0</ele>
      <time>2026-04-13T11:23:47.346Z</time>
    </trkpt>
    <trkpt lat="46.343851" lon="10.484410">
      <ele>0</ele>
      <time>2026-04-13T11:23:49.134Z</time>
    </trkpt>
    <trkpt lat="46.343872" lon="10.484484">
      <ele>0</ele>
      <time>2026-04-13T11:23:50.922Z</time>
    </trkpt>
    <trkpt lat="46.343886" lon="10.484555">
      <ele>0</ele>
      <time>2026-04-13T11:23:52.710Z</time>
    </trkpt>
    <trkpt lat="46.343894" lon="10.484629">
      <ele>0</ele>
      <time>2026-04-13T11:23:54.497Z</time>
    </trkpt>
    <trkpt lat="46.343894" lon="10.484688">
      <ele>0</ele>
      <time>2026-04-13T11:23:56.285Z</time>
    </trkpt>
    <trkpt lat="46.343885" lon="10.484769">
      <ele>0</ele>
      <time>2026-04-13T11:23:58.073Z</time>
    </trkpt>
    <trkpt lat="46.343793" lon="10.485280">
      <ele>0</ele>
      <time>2026-04-13T11:23:59.861Z</time>
    </trkpt>
    <trkpt lat="46.343780" lon="10.485366">
      <ele>0</ele>
      <time>2026-04-13T11:24:01.648Z</time>
    </trkpt>
    <trkpt lat="46.343774" lon="10.485437">
      <ele>0</ele>
      <time>2026-04-13T11:24:03.436Z</time>
    </trkpt>
    <trkpt lat="46.343758" lon="10.485718">
      <ele>0</ele>
      <time>2026-04-13T11:24:05.224Z</time>
    </trkpt>
    <trkpt lat="46.343749" lon="10.485810">
      <ele>0</ele>
      <time>2026-04-13T11:24:07.012Z</time>
    </trkpt>
    <trkpt lat="46.343652" lon="10.486290">
      <ele>0</ele>
      <time>2026-04-13T11:24:08.799Z</time>
    </trkpt>
    <trkpt lat="46.343565" lon="10.486875">
      <ele>0</ele>
      <time>2026-04-13T11:24:10.587Z</time>
    </trkpt>
    <trkpt lat="46.343541" lon="10.487013">
      <ele>0</ele>
      <time>2026-04-13T11:24:12.375Z</time>
    </trkpt>
    <trkpt lat="46.343499" lon="10.487228">
      <ele>0</ele>
      <time>2026-04-13T11:24:14.163Z</time>
    </trkpt>
    <trkpt lat="46.343480" lon="10.487334">
      <ele>0</ele>
      <time>2026-04-13T11:24:15.950Z</time>
    </trkpt>
    <trkpt lat="46.343478" lon="10.487395">
      <ele>0</ele>
      <time>2026-04-13T11:24:17.738Z</time>
    </trkpt>
    <trkpt lat="46.343480" lon="10.487458">
      <ele>0</ele>
      <time>2026-04-13T11:24:19.526Z</time>
    </trkpt>
    <trkpt lat="46.343484" lon="10.487521">
      <ele>0</ele>
      <time>2026-04-13T11:24:21.314Z</time>
    </trkpt>
    <trkpt lat="46.343517" lon="10.487695">
      <ele>0</ele>
      <time>2026-04-13T11:24:23.101Z</time>
    </trkpt>
    <trkpt lat="46.343533" lon="10.487773">
      <ele>0</ele>
      <time>2026-04-13T11:24:24.889Z</time>
    </trkpt>
    <trkpt lat="46.343555" lon="10.487874">
      <ele>0</ele>
      <time>2026-04-13T11:24:26.677Z</time>
    </trkpt>
    <trkpt lat="46.343697" lon="10.488415">
      <ele>0</ele>
      <time>2026-04-13T11:24:28.465Z</time>
    </trkpt>
    <trkpt lat="46.343704" lon="10.488437">
      <ele>0</ele>
      <time>2026-04-13T11:24:30.252Z</time>
    </trkpt>
    <trkpt lat="46.343737" lon="10.488538">
      <ele>0</ele>
      <time>2026-04-13T11:24:32.040Z</time>
    </trkpt>
    <trkpt lat="46.343768" lon="10.488634">
      <ele>0</ele>
      <time>2026-04-13T11:24:33.828Z</time>
    </trkpt>
    <trkpt lat="46.343875" lon="10.488876">
      <ele>0</ele>
      <time>2026-04-13T11:24:35.616Z</time>
    </trkpt>
    <trkpt lat="46.344061" lon="10.489282">
      <ele>0</ele>
      <time>2026-04-13T11:24:37.403Z</time>
    </trkpt>
    <trkpt lat="46.344102" lon="10.489381">
      <ele>0</ele>
      <time>2026-04-13T11:24:39.191Z</time>
    </trkpt>
    <trkpt lat="46.344114" lon="10.489466">
      <ele>0</ele>
      <time>2026-04-13T11:24:40.979Z</time>
    </trkpt>
    <trkpt lat="46.344161" lon="10.490023">
      <ele>0</ele>
      <time>2026-04-13T11:24:42.767Z</time>
    </trkpt>
    <trkpt lat="46.344224" lon="10.490358">
      <ele>0</ele>
      <time>2026-04-13T11:24:44.554Z</time>
    </trkpt>
    <trkpt lat="46.344304" lon="10.490687">
      <ele>0</ele>
      <time>2026-04-13T11:24:46.342Z</time>
    </trkpt>
    <trkpt lat="46.344492" lon="10.491257">
      <ele>0</ele>
      <time>2026-04-13T11:24:48.130Z</time>
    </trkpt>
    <trkpt lat="46.344586" lon="10.491411">
      <ele>0</ele>
      <time>2026-04-13T11:24:49.918Z</time>
    </trkpt>
    <trkpt lat="46.344716" lon="10.491535">
      <ele>0</ele>
      <time>2026-04-13T11:24:51.705Z</time>
    </trkpt>
    <trkpt lat="46.344745" lon="10.491553">
      <ele>0</ele>
      <time>2026-04-13T11:24:53.493Z</time>
    </trkpt>
    <trkpt lat="46.345187" lon="10.491835">
      <ele>0</ele>
      <time>2026-04-13T11:24:55.281Z</time>
    </trkpt>
    <trkpt lat="46.345517" lon="10.492023">
      <ele>0</ele>
      <time>2026-04-13T11:24:57.069Z</time>
    </trkpt>
    <trkpt lat="46.345606" lon="10.492113">
      <ele>0</ele>
      <time>2026-04-13T11:24:58.856Z</time>
    </trkpt>
    <trkpt lat="46.345736" lon="10.492440">
      <ele>0</ele>
      <time>2026-04-13T11:25:00.644Z</time>
    </trkpt>
    <trkpt lat="46.346000" lon="10.492959">
      <ele>0</ele>
      <time>2026-04-13T11:25:02.432Z</time>
    </trkpt>
    <trkpt lat="46.346042" lon="10.493098">
      <ele>0</ele>
      <time>2026-04-13T11:25:04.220Z</time>
    </trkpt>
    <trkpt lat="46.346137" lon="10.493717">
      <ele>0</ele>
      <time>2026-04-13T11:25:06.007Z</time>
    </trkpt>
    <trkpt lat="46.346192" lon="10.493927">
      <ele>0</ele>
      <time>2026-04-13T11:25:07.795Z</time>
    </trkpt>
    <trkpt lat="46.346252" lon="10.494073">
      <ele>0</ele>
      <time>2026-04-13T11:25:09.583Z</time>
    </trkpt>
    <trkpt lat="46.346306" lon="10.494133">
      <ele>0</ele>
      <time>2026-04-13T11:25:11.371Z</time>
    </trkpt>
    <trkpt lat="46.346404" lon="10.494181">
      <ele>0</ele>
      <time>2026-04-13T11:25:13.158Z</time>
    </trkpt>
    <trkpt lat="46.346524" lon="10.494172">
      <ele>0</ele>
      <time>2026-04-13T11:25:14.946Z</time>
    </trkpt>
    <trkpt lat="46.346703" lon="10.494105">
      <ele>0</ele>
      <time>2026-04-13T11:25:16.734Z</time>
    </trkpt>
    <trkpt lat="46.346858" lon="10.494022">
      <ele>0</ele>
      <time>2026-04-13T11:25:18.521Z</time>
    </trkpt>
    <trkpt lat="46.346941" lon="10.493953">
      <ele>0</ele>
      <time>2026-04-13T11:25:20.309Z</time>
    </trkpt>
    <trkpt lat="46.346991" lon="10.493886">
      <ele>0</ele>
      <time>2026-04-13T11:25:22.097Z</time>
    </trkpt>
    <trkpt lat="46.347063" lon="10.493781">
      <ele>0</ele>
      <time>2026-04-13T11:25:23.885Z</time>
    </trkpt>
    <trkpt lat="46.347208" lon="10.493669">
      <ele>0</ele>
      <time>2026-04-13T11:25:25.672Z</time>
    </trkpt>
    <trkpt lat="46.347395" lon="10.493574">
      <ele>0</ele>
      <time>2026-04-13T11:25:27.460Z</time>
    </trkpt>
    <trkpt lat="46.347559" lon="10.493517">
      <ele>0</ele>
      <time>2026-04-13T11:25:29.248Z</time>
    </trkpt>
    <trkpt lat="46.347909" lon="10.493551">
      <ele>0</ele>
      <time>2026-04-13T11:25:31.036Z</time>
    </trkpt>
    <trkpt lat="46.348298" lon="10.493478">
      <ele>0</ele>
      <time>2026-04-13T11:25:32.823Z</time>
    </trkpt>
    <trkpt lat="46.348421" lon="10.493477">
      <ele>0</ele>
      <time>2026-04-13T11:25:34.611Z</time>
    </trkpt>
    <trkpt lat="46.348477" lon="10.493476">
      <ele>0</ele>
      <time>2026-04-13T11:25:36.399Z</time>
    </trkpt>
    <trkpt lat="46.348671" lon="10.493528">
      <ele>0</ele>
      <time>2026-04-13T11:25:38.187Z</time>
    </trkpt>
    <trkpt lat="46.349027" lon="10.493643">
      <ele>0</ele>
      <time>2026-04-13T11:25:39.974Z</time>
    </trkpt>
    <trkpt lat="46.349332" lon="10.493829">
      <ele>0</ele>
      <time>2026-04-13T11:25:41.762Z</time>
    </trkpt>
    <trkpt lat="46.349508" lon="10.493992">
      <ele>0</ele>
      <time>2026-04-13T11:25:43.550Z</time>
    </trkpt>
    <trkpt lat="46.349591" lon="10.494050">
      <ele>0</ele>
      <time>2026-04-13T11:25:45.338Z</time>
    </trkpt>
    <trkpt lat="46.349662" lon="10.494069">
      <ele>0</ele>
      <time>2026-04-13T11:25:47.125Z</time>
    </trkpt>
    <trkpt lat="46.349774" lon="10.494068">
      <ele>0</ele>
      <time>2026-04-13T11:25:48.913Z</time>
    </trkpt>
    <trkpt lat="46.349900" lon="10.494043">
      <ele>0</ele>
      <time>2026-04-13T11:25:50.701Z</time>
    </trkpt>
    <trkpt lat="46.350017" lon="10.494020">
      <ele>0</ele>
      <time>2026-04-13T11:25:52.489Z</time>
    </trkpt>
    <trkpt lat="46.350141" lon="10.494058">
      <ele>0</ele>
      <time>2026-04-13T11:25:54.276Z</time>
    </trkpt>
    <trkpt lat="46.350441" lon="10.494193">
      <ele>0</ele>
      <time>2026-04-13T11:25:56.064Z</time>
    </trkpt>
    <trkpt lat="46.350919" lon="10.494656">
      <ele>0</ele>
      <time>2026-04-13T11:25:57.852Z</time>
    </trkpt>
    <trkpt lat="46.351128" lon="10.494776">
      <ele>0</ele>
      <time>2026-04-13T11:25:59.640Z</time>
    </trkpt>
    <trkpt lat="46.351317" lon="10.494854">
      <ele>0</ele>
      <time>2026-04-13T11:26:01.427Z</time>
    </trkpt>
    <trkpt lat="46.351701" lon="10.494997">
      <ele>0</ele>
      <time>2026-04-13T11:26:03.215Z</time>
    </trkpt>
    <trkpt lat="46.351914" lon="10.495313">
      <ele>0</ele>
      <time>2026-04-13T11:26:05.003Z</time>
    </trkpt>
    <trkpt lat="46.352094" lon="10.495560">
      <ele>0</ele>
      <time>2026-04-13T11:26:06.791Z</time>
    </trkpt>
    <trkpt lat="46.352209" lon="10.495687">
      <ele>0</ele>
      <time>2026-04-13T11:26:08.578Z</time>
    </trkpt>
    <trkpt lat="46.352369" lon="10.495799">
      <ele>0</ele>
      <time>2026-04-13T11:26:10.366Z</time>
    </trkpt>
    <trkpt lat="46.352603" lon="10.495906">
      <ele>0</ele>
      <time>2026-04-13T11:26:12.154Z</time>
    </trkpt>
    <trkpt lat="46.352997" lon="10.496114">
      <ele>0</ele>
      <time>2026-04-13T11:26:13.942Z</time>
    </trkpt>
    <trkpt lat="46.353095" lon="10.496193">
      <ele>0</ele>
      <time>2026-04-13T11:26:15.729Z</time>
    </trkpt>
    <trkpt lat="46.353162" lon="10.496291">
      <ele>0</ele>
      <time>2026-04-13T11:26:17.517Z</time>
    </trkpt>
    <trkpt lat="46.353279" lon="10.496414">
      <ele>0</ele>
      <time>2026-04-13T11:26:19.305Z</time>
    </trkpt>
    <trkpt lat="46.353356" lon="10.496442">
      <ele>0</ele>
      <time>2026-04-13T11:26:21.093Z</time>
    </trkpt>
    <trkpt lat="46.353539" lon="10.496467">
      <ele>0</ele>
      <time>2026-04-13T11:26:22.880Z</time>
    </trkpt>
    <trkpt lat="46.353660" lon="10.496497">
      <ele>0</ele>
      <time>2026-04-13T11:26:24.668Z</time>
    </trkpt>
    <trkpt lat="46.353902" lon="10.496653">
      <ele>0</ele>
      <time>2026-04-13T11:26:26.456Z</time>
    </trkpt>
    <trkpt lat="46.354111" lon="10.496879">
      <ele>0</ele>
      <time>2026-04-13T11:26:28.244Z</time>
    </trkpt>
    <trkpt lat="46.354334" lon="10.497142">
      <ele>0</ele>
      <time>2026-04-13T11:26:30.031Z</time>
    </trkpt>
    <trkpt lat="46.354561" lon="10.497431">
      <ele>0</ele>
      <time>2026-04-13T11:26:31.819Z</time>
    </trkpt>
    <trkpt lat="46.354644" lon="10.497540">
      <ele>0</ele>
      <time>2026-04-13T11:26:33.607Z</time>
    </trkpt>
    <trkpt lat="46.354718" lon="10.497600">
      <ele>0</ele>
      <time>2026-04-13T11:26:35.395Z</time>
    </trkpt>
    <trkpt lat="46.354819" lon="10.497646">
      <ele>0</ele>
      <time>2026-04-13T11:26:37.182Z</time>
    </trkpt>
    <trkpt lat="46.355391" lon="10.497813">
      <ele>0</ele>
      <time>2026-04-13T11:26:38.970Z</time>
    </trkpt>
    <trkpt lat="46.355507" lon="10.497861">
      <ele>0</ele>
      <time>2026-04-13T11:26:40.758Z</time>
    </trkpt>
    <trkpt lat="46.355604" lon="10.497909">
      <ele>0</ele>
      <time>2026-04-13T11:26:42.546Z</time>
    </trkpt>
    <trkpt lat="46.356043" lon="10.498216">
      <ele>0</ele>
      <time>2026-04-13T11:26:44.333Z</time>
    </trkpt>
    <trkpt lat="46.356388" lon="10.498297">
      <ele>0</ele>
      <time>2026-04-13T11:26:46.121Z</time>
    </trkpt>
    <trkpt lat="46.356657" lon="10.498418">
      <ele>0</ele>
      <time>2026-04-13T11:26:47.909Z</time>
    </trkpt>
    <trkpt lat="46.356949" lon="10.498647">
      <ele>0</ele>
      <time>2026-04-13T11:26:49.697Z</time>
    </trkpt>
    <trkpt lat="46.357229" lon="10.498823">
      <ele>0</ele>
      <time>2026-04-13T11:26:51.484Z</time>
    </trkpt>
    <trkpt lat="46.358111" lon="10.499084">
      <ele>0</ele>
      <time>2026-04-13T11:26:53.272Z</time>
    </trkpt>
    <trkpt lat="46.358323" lon="10.499313">
      <ele>0</ele>
      <time>2026-04-13T11:26:55.060Z</time>
    </trkpt>
    <trkpt lat="46.358493" lon="10.499453">
      <ele>0</ele>
      <time>2026-04-13T11:26:56.848Z</time>
    </trkpt>
    <trkpt lat="46.358764" lon="10.499607">
      <ele>0</ele>
      <time>2026-04-13T11:26:58.635Z</time>
    </trkpt>
    <trkpt lat="46.358805" lon="10.499630">
      <ele>0</ele>
      <time>2026-04-13T11:27:00.423Z</time>
    </trkpt>
    <trkpt lat="46.359008" lon="10.499878">
      <ele>0</ele>
      <time>2026-04-13T11:27:02.211Z</time>
    </trkpt>
    <trkpt lat="46.359161" lon="10.500139">
      <ele>0</ele>
      <time>2026-04-13T11:27:03.999Z</time>
    </trkpt>
    <trkpt lat="46.359262" lon="10.500246">
      <ele>0</ele>
      <time>2026-04-13T11:27:05.786Z</time>
    </trkpt>
    <trkpt lat="46.359363" lon="10.500274">
      <ele>0</ele>
      <time>2026-04-13T11:27:07.574Z</time>
    </trkpt>
    <trkpt lat="46.359422" lon="10.500283">
      <ele>0</ele>
      <time>2026-04-13T11:27:09.362Z</time>
    </trkpt>
    <trkpt lat="46.359499" lon="10.500273">
      <ele>0</ele>
      <time>2026-04-13T11:27:11.150Z</time>
    </trkpt>
    <trkpt lat="46.359564" lon="10.500302">
      <ele>0</ele>
      <time>2026-04-13T11:27:12.937Z</time>
    </trkpt>
    <trkpt lat="46.359756" lon="10.500434">
      <ele>0</ele>
      <time>2026-04-13T11:27:14.725Z</time>
    </trkpt>
    <trkpt lat="46.359897" lon="10.500460">
      <ele>0</ele>
      <time>2026-04-13T11:27:16.513Z</time>
    </trkpt>
    <trkpt lat="46.360045" lon="10.500474">
      <ele>0</ele>
      <time>2026-04-13T11:27:18.301Z</time>
    </trkpt>
    <trkpt lat="46.360155" lon="10.500466">
      <ele>0</ele>
      <time>2026-04-13T11:27:20.088Z</time>
    </trkpt>
    <trkpt lat="46.360193" lon="10.500464">
      <ele>0</ele>
      <time>2026-04-13T11:27:21.876Z</time>
    </trkpt>
    <trkpt lat="46.360378" lon="10.500423">
      <ele>0</ele>
      <time>2026-04-13T11:27:23.664Z</time>
    </trkpt>
    <trkpt lat="46.360817" lon="10.500333">
      <ele>0</ele>
      <time>2026-04-13T11:27:25.452Z</time>
    </trkpt>
    <trkpt lat="46.360935" lon="10.500338">
      <ele>0</ele>
      <time>2026-04-13T11:27:27.239Z</time>
    </trkpt>
    <trkpt lat="46.361026" lon="10.500380">
      <ele>0</ele>
      <time>2026-04-13T11:27:29.027Z</time>
    </trkpt>
    <trkpt lat="46.361318" lon="10.500566">
      <ele>0</ele>
      <time>2026-04-13T11:27:30.815Z</time>
    </trkpt>
    <trkpt lat="46.361818" lon="10.500800">
      <ele>0</ele>
      <time>2026-04-13T11:27:32.603Z</time>
    </trkpt>
    <trkpt lat="46.362038" lon="10.500837">
      <ele>0</ele>
      <time>2026-04-13T11:27:34.390Z</time>
    </trkpt>
    <trkpt lat="46.362108" lon="10.500849">
      <ele>0</ele>
      <time>2026-04-13T11:27:36.178Z</time>
    </trkpt>
    <trkpt lat="46.362166" lon="10.500850">
      <ele>0</ele>
      <time>2026-04-13T11:27:37.966Z</time>
    </trkpt>
    <trkpt lat="46.362259" lon="10.500853">
      <ele>0</ele>
      <time>2026-04-13T11:27:39.754Z</time>
    </trkpt>
    <trkpt lat="46.362509" lon="10.500859">
      <ele>0</ele>
      <time>2026-04-13T11:27:41.541Z</time>
    </trkpt>
    <trkpt lat="46.362735" lon="10.500924">
      <ele>0</ele>
      <time>2026-04-13T11:27:43.329Z</time>
    </trkpt>
    <trkpt lat="46.362927" lon="10.501032">
      <ele>0</ele>
      <time>2026-04-13T11:27:45.117Z</time>
    </trkpt>
    <trkpt lat="46.363525" lon="10.501435">
      <ele>0</ele>
      <time>2026-04-13T11:27:46.905Z</time>
    </trkpt>
    <trkpt lat="46.363647" lon="10.501486">
      <ele>0</ele>
      <time>2026-04-13T11:27:48.692Z</time>
    </trkpt>
    <trkpt lat="46.363945" lon="10.501461">
      <ele>0</ele>
      <time>2026-04-13T11:27:50.480Z</time>
    </trkpt>
    <trkpt lat="46.364208" lon="10.501551">
      <ele>0</ele>
      <time>2026-04-13T11:27:52.268Z</time>
    </trkpt>
    <trkpt lat="46.364864" lon="10.501904">
      <ele>0</ele>
      <time>2026-04-13T11:27:54.056Z</time>
    </trkpt>
    <trkpt lat="46.365285" lon="10.502005">
      <ele>0</ele>
      <time>2026-04-13T11:27:55.843Z</time>
    </trkpt>
    <trkpt lat="46.365864" lon="10.502253">
      <ele>0</ele>
      <time>2026-04-13T11:27:57.631Z</time>
    </trkpt>
    <trkpt lat="46.366112" lon="10.502364">
      <ele>0</ele>
      <time>2026-04-13T11:27:59.419Z</time>
    </trkpt>
    <trkpt lat="46.366244" lon="10.502396">
      <ele>0</ele>
      <time>2026-04-13T11:28:01.206Z</time>
    </trkpt>
    <trkpt lat="46.366391" lon="10.502381">
      <ele>0</ele>
      <time>2026-04-13T11:28:02.994Z</time>
    </trkpt>
    <trkpt lat="46.366516" lon="10.502355">
      <ele>0</ele>
      <time>2026-04-13T11:28:04.782Z</time>
    </trkpt>
    <trkpt lat="46.366687" lon="10.502299">
      <ele>0</ele>
      <time>2026-04-13T11:28:06.570Z</time>
    </trkpt>
    <trkpt lat="46.366840" lon="10.502213">
      <ele>0</ele>
      <time>2026-04-13T11:28:08.357Z</time>
    </trkpt>
    <trkpt lat="46.366943" lon="10.502132">
      <ele>0</ele>
      <time>2026-04-13T11:28:10.145Z</time>
    </trkpt>
    <trkpt lat="46.367017" lon="10.502089">
      <ele>0</ele>
      <time>2026-04-13T11:28:11.933Z</time>
    </trkpt>
    <trkpt lat="46.367068" lon="10.502069">
      <ele>0</ele>
      <time>2026-04-13T11:28:13.721Z</time>
    </trkpt>
    <trkpt lat="46.367146" lon="10.502060">
      <ele>0</ele>
      <time>2026-04-13T11:28:15.508Z</time>
    </trkpt>
    <trkpt lat="46.367223" lon="10.502104">
      <ele>0</ele>
      <time>2026-04-13T11:28:17.296Z</time>
    </trkpt>
    <trkpt lat="46.367445" lon="10.502342">
      <ele>0</ele>
      <time>2026-04-13T11:28:19.084Z</time>
    </trkpt>
    <trkpt lat="46.367523" lon="10.502392">
      <ele>0</ele>
      <time>2026-04-13T11:28:20.872Z</time>
    </trkpt>
    <trkpt lat="46.367583" lon="10.502412">
      <ele>0</ele>
      <time>2026-04-13T11:28:22.659Z</time>
    </trkpt>
    <trkpt lat="46.367686" lon="10.502373">
      <ele>0</ele>
      <time>2026-04-13T11:28:24.447Z</time>
    </trkpt>
    <trkpt lat="46.367876" lon="10.502167">
      <ele>0</ele>
      <time>2026-04-13T11:28:26.235Z</time>
    </trkpt>
    <trkpt lat="46.367969" lon="10.502075">
      <ele>0</ele>
      <time>2026-04-13T11:28:28.023Z</time>
    </trkpt>
    <trkpt lat="46.368096" lon="10.501997">
      <ele>0</ele>
      <time>2026-04-13T11:28:29.810Z</time>
    </trkpt>
    <trkpt lat="46.368217" lon="10.501982">
      <ele>0</ele>
      <time>2026-04-13T11:28:31.598Z</time>
    </trkpt>
    <trkpt lat="46.368783" lon="10.502010">
      <ele>0</ele>
      <time>2026-04-13T11:28:33.386Z</time>
    </trkpt>
    <trkpt lat="46.369415" lon="10.502100">
      <ele>0</ele>
      <time>2026-04-13T11:28:35.174Z</time>
    </trkpt>
    <trkpt lat="46.369648" lon="10.502103">
      <ele>0</ele>
      <time>2026-04-13T11:28:36.961Z</time>
    </trkpt>
    <trkpt lat="46.369847" lon="10.502074">
      <ele>0</ele>
      <time>2026-04-13T11:28:38.749Z</time>
    </trkpt>
    <trkpt lat="46.370076" lon="10.502108">
      <ele>0</ele>
      <time>2026-04-13T11:28:40.537Z</time>
    </trkpt>
    <trkpt lat="46.370322" lon="10.502162">
      <ele>0</ele>
      <time>2026-04-13T11:28:42.325Z</time>
    </trkpt>
    <trkpt lat="46.370702" lon="10.502138">
      <ele>0</ele>
      <time>2026-04-13T11:28:44.112Z</time>
    </trkpt>
    <trkpt lat="46.370955" lon="10.502267">
      <ele>0</ele>
      <time>2026-04-13T11:28:45.900Z</time>
    </trkpt>
    <trkpt lat="46.371048" lon="10.502299">
      <ele>0</ele>
      <time>2026-04-13T11:28:47.688Z</time>
    </trkpt>
    <trkpt lat="46.371125" lon="10.502305">
      <ele>0</ele>
      <time>2026-04-13T11:28:49.476Z</time>
    </trkpt>
    <trkpt lat="46.371183" lon="10.502294">
      <ele>0</ele>
      <time>2026-04-13T11:28:51.263Z</time>
    </trkpt>
    <trkpt lat="46.371316" lon="10.502265">
      <ele>0</ele>
      <time>2026-04-13T11:28:53.051Z</time>
    </trkpt>
    <trkpt lat="46.371419" lon="10.502267">
      <ele>0</ele>
      <time>2026-04-13T11:28:54.839Z</time>
    </trkpt>
    <trkpt lat="46.371505" lon="10.502282">
      <ele>0</ele>
      <time>2026-04-13T11:28:56.627Z</time>
    </trkpt>
    <trkpt lat="46.371724" lon="10.502332">
      <ele>0</ele>
      <time>2026-04-13T11:28:58.414Z</time>
    </trkpt>
    <trkpt lat="46.371829" lon="10.502377">
      <ele>0</ele>
      <time>2026-04-13T11:29:00.202Z</time>
    </trkpt>
    <trkpt lat="46.371889" lon="10.502392">
      <ele>0</ele>
      <time>2026-04-13T11:29:01.990Z</time>
    </trkpt>
    <trkpt lat="46.372062" lon="10.502362">
      <ele>0</ele>
      <time>2026-04-13T11:29:03.778Z</time>
    </trkpt>
    <trkpt lat="46.372318" lon="10.502337">
      <ele>0</ele>
      <time>2026-04-13T11:29:05.565Z</time>
    </trkpt>
    <trkpt lat="46.372547" lon="10.502231">
      <ele>0</ele>
      <time>2026-04-13T11:29:07.353Z</time>
    </trkpt>
    <trkpt lat="46.372761" lon="10.502288">
      <ele>0</ele>
      <time>2026-04-13T11:29:09.141Z</time>
    </trkpt>
    <trkpt lat="46.372997" lon="10.502307">
      <ele>0</ele>
      <time>2026-04-13T11:29:10.929Z</time>
    </trkpt>
    <trkpt lat="46.373324" lon="10.502270">
      <ele>0</ele>
      <time>2026-04-13T11:29:12.716Z</time>
    </trkpt>
    <trkpt lat="46.373490" lon="10.502265">
      <ele>0</ele>
      <time>2026-04-13T11:29:14.504Z</time>
    </trkpt>
    <trkpt lat="46.373594" lon="10.502299">
      <ele>0</ele>
      <time>2026-04-13T11:29:16.292Z</time>
    </trkpt>
    <trkpt lat="46.373710" lon="10.502373">
      <ele>0</ele>
      <time>2026-04-13T11:29:18.080Z</time>
    </trkpt>
    <trkpt lat="46.373806" lon="10.502463">
      <ele>0</ele>
      <time>2026-04-13T11:29:19.867Z</time>
    </trkpt>
    <trkpt lat="46.373964" lon="10.502813">
      <ele>0</ele>
      <time>2026-04-13T11:29:21.655Z</time>
    </trkpt>
    <trkpt lat="46.374146" lon="10.503055">
      <ele>0</ele>
      <time>2026-04-13T11:29:23.443Z</time>
    </trkpt>
    <trkpt lat="46.374263" lon="10.503220">
      <ele>0</ele>
      <time>2026-04-13T11:29:25.231Z</time>
    </trkpt>
    <trkpt lat="46.374344" lon="10.503315">
      <ele>0</ele>
      <time>2026-04-13T11:29:27.018Z</time>
    </trkpt>
    <trkpt lat="46.374407" lon="10.503347">
      <ele>0</ele>
      <time>2026-04-13T11:29:28.806Z</time>
    </trkpt>
    <trkpt lat="46.374704" lon="10.503425">
      <ele>0</ele>
      <time>2026-04-13T11:29:30.594Z</time>
    </trkpt>
    <trkpt lat="46.374786" lon="10.503417">
      <ele>0</ele>
      <time>2026-04-13T11:29:32.382Z</time>
    </trkpt>
    <trkpt lat="46.374861" lon="10.503366">
      <ele>0</ele>
      <time>2026-04-13T11:29:34.169Z</time>
    </trkpt>
    <trkpt lat="46.374929" lon="10.503295">
      <ele>0</ele>
      <time>2026-04-13T11:29:35.957Z</time>
    </trkpt>
    <trkpt lat="46.374979" lon="10.503267">
      <ele>0</ele>
      <time>2026-04-13T11:29:37.745Z</time>
    </trkpt>
    <trkpt lat="46.375047" lon="10.503269">
      <ele>0</ele>
      <time>2026-04-13T11:29:39.533Z</time>
    </trkpt>
    <trkpt lat="46.375332" lon="10.503446">
      <ele>0</ele>
      <time>2026-04-13T11:29:41.320Z</time>
    </trkpt>
    <trkpt lat="46.375406" lon="10.503453">
      <ele>0</ele>
      <time>2026-04-13T11:29:43.108Z</time>
    </trkpt>
    <trkpt lat="46.375472" lon="10.503418">
      <ele>0</ele>
      <time>2026-04-13T11:29:44.896Z</time>
    </trkpt>
    <trkpt lat="46.375577" lon="10.503377">
      <ele>0</ele>
      <time>2026-04-13T11:29:46.684Z</time>
    </trkpt>
    <trkpt lat="46.375635" lon="10.503380">
      <ele>0</ele>
      <time>2026-04-13T11:29:48.471Z</time>
    </trkpt>
    <trkpt lat="46.375678" lon="10.503402">
      <ele>0</ele>
      <time>2026-04-13T11:29:50.259Z</time>
    </trkpt>
    <trkpt lat="46.375867" lon="10.503516">
      <ele>0</ele>
      <time>2026-04-13T11:29:52.047Z</time>
    </trkpt>
    <trkpt lat="46.375989" lon="10.503539">
      <ele>0</ele>
      <time>2026-04-13T11:29:53.835Z</time>
    </trkpt>
    <trkpt lat="46.376094" lon="10.503598">
      <ele>0</ele>
      <time>2026-04-13T11:29:55.622Z</time>
    </trkpt>
    <trkpt lat="46.376227" lon="10.503694">
      <ele>0</ele>
      <time>2026-04-13T11:29:57.410Z</time>
    </trkpt>
    <trkpt lat="46.376373" lon="10.503789">
      <ele>0</ele>
      <time>2026-04-13T11:29:59.198Z</time>
    </trkpt>
    <trkpt lat="46.376460" lon="10.503824">
      <ele>0</ele>
      <time>2026-04-13T11:30:00.986Z</time>
    </trkpt>
    <trkpt lat="46.376541" lon="10.503830">
      <ele>0</ele>
      <time>2026-04-13T11:30:02.773Z</time>
    </trkpt>
    <trkpt lat="46.377011" lon="10.503689">
      <ele>0</ele>
      <time>2026-04-13T11:30:04.561Z</time>
    </trkpt>
    <trkpt lat="46.377396" lon="10.503725">
      <ele>0</ele>
      <time>2026-04-13T11:30:06.349Z</time>
    </trkpt>
    <trkpt lat="46.377494" lon="10.503720">
      <ele>0</ele>
      <time>2026-04-13T11:30:08.137Z</time>
    </trkpt>
    <trkpt lat="46.377567" lon="10.503672">
      <ele>0</ele>
      <time>2026-04-13T11:30:09.924Z</time>
    </trkpt>
    <trkpt lat="46.377794" lon="10.503571">
      <ele>0</ele>
      <time>2026-04-13T11:30:11.712Z</time>
    </trkpt>
    <trkpt lat="46.378027" lon="10.503542">
      <ele>0</ele>
      <time>2026-04-13T11:30:13.500Z</time>
    </trkpt>
    <trkpt lat="46.378448" lon="10.503461">
      <ele>0</ele>
      <time>2026-04-13T11:30:15.288Z</time>
    </trkpt>
    <trkpt lat="46.378553" lon="10.503468">
      <ele>0</ele>
      <time>2026-04-13T11:30:17.075Z</time>
    </trkpt>
    <trkpt lat="46.378640" lon="10.503518">
      <ele>0</ele>
      <time>2026-04-13T11:30:18.863Z</time>
    </trkpt>
    <trkpt lat="46.378881" lon="10.503742">
      <ele>0</ele>
      <time>2026-04-13T11:30:20.651Z</time>
    </trkpt>
    <trkpt lat="46.378959" lon="10.503773">
      <ele>0</ele>
      <time>2026-04-13T11:30:22.439Z</time>
    </trkpt>
    <trkpt lat="46.379054" lon="10.503744">
      <ele>0</ele>
      <time>2026-04-13T11:30:24.226Z</time>
    </trkpt>
    <trkpt lat="46.379201" lon="10.503676">
      <ele>0</ele>
      <time>2026-04-13T11:30:26.014Z</time>
    </trkpt>
    <trkpt lat="46.379416" lon="10.503656">
      <ele>0</ele>
      <time>2026-04-13T11:30:27.802Z</time>
    </trkpt>
    <trkpt lat="46.379631" lon="10.503660">
      <ele>0</ele>
      <time>2026-04-13T11:30:29.590Z</time>
    </trkpt>
    <trkpt lat="46.380058" lon="10.503691">
      <ele>0</ele>
      <time>2026-04-13T11:30:31.377Z</time>
    </trkpt>
    <trkpt lat="46.380476" lon="10.503935">
      <ele>0</ele>
      <time>2026-04-13T11:30:33.165Z</time>
    </trkpt>
    <trkpt lat="46.380683" lon="10.504008">
      <ele>0</ele>
      <time>2026-04-13T11:30:34.953Z</time>
    </trkpt>
    <trkpt lat="46.380879" lon="10.504044">
      <ele>0</ele>
      <time>2026-04-13T11:30:36.741Z</time>
    </trkpt>
    <trkpt lat="46.380971" lon="10.504054">
      <ele>0</ele>
      <time>2026-04-13T11:30:38.528Z</time>
    </trkpt>
    <trkpt lat="46.381056" lon="10.504034">
      <ele>0</ele>
      <time>2026-04-13T11:30:40.316Z</time>
    </trkpt>
    <trkpt lat="46.381120" lon="10.503959">
      <ele>0</ele>
      <time>2026-04-13T11:30:42.104Z</time>
    </trkpt>
    <trkpt lat="46.381211" lon="10.503837">
      <ele>0</ele>
      <time>2026-04-13T11:30:43.891Z</time>
    </trkpt>
    <trkpt lat="46.381369" lon="10.503676">
      <ele>0</ele>
      <time>2026-04-13T11:30:45.679Z</time>
    </trkpt>
    <trkpt lat="46.381602" lon="10.503600">
      <ele>0</ele>
      <time>2026-04-13T11:30:47.467Z</time>
    </trkpt>
    <trkpt lat="46.382073" lon="10.503493">
      <ele>0</ele>
      <time>2026-04-13T11:30:49.255Z</time>
    </trkpt>
    <trkpt lat="46.382395" lon="10.503560">
      <ele>0</ele>
      <time>2026-04-13T11:30:51.042Z</time>
    </trkpt>
    <trkpt lat="46.382514" lon="10.503563">
      <ele>0</ele>
      <time>2026-04-13T11:30:52.830Z</time>
    </trkpt>
    <trkpt lat="46.382915" lon="10.503419">
      <ele>0</ele>
      <time>2026-04-13T11:30:54.618Z</time>
    </trkpt>
    <trkpt lat="46.383030" lon="10.503411">
      <ele>0</ele>
      <time>2026-04-13T11:30:56.406Z</time>
    </trkpt>
    <trkpt lat="46.383313" lon="10.503385">
      <ele>0</ele>
      <time>2026-04-13T11:30:58.193Z</time>
    </trkpt>
    <trkpt lat="46.383467" lon="10.503337">
      <ele>0</ele>
      <time>2026-04-13T11:30:59.981Z</time>
    </trkpt>
    <trkpt lat="46.383626" lon="10.503244">
      <ele>0</ele>
      <time>2026-04-13T11:31:01.769Z</time>
    </trkpt>
    <trkpt lat="46.384025" lon="10.502931">
      <ele>0</ele>
      <time>2026-04-13T11:31:03.557Z</time>
    </trkpt>
    <trkpt lat="46.384276" lon="10.502495">
      <ele>0</ele>
      <time>2026-04-13T11:31:05.344Z</time>
    </trkpt>
    <trkpt lat="46.384342" lon="10.502277">
      <ele>0</ele>
      <time>2026-04-13T11:31:07.132Z</time>
    </trkpt>
    <trkpt lat="46.384407" lon="10.502126">
      <ele>0</ele>
      <time>2026-04-13T11:31:08.920Z</time>
    </trkpt>
    <trkpt lat="46.384523" lon="10.502052">
      <ele>0</ele>
      <time>2026-04-13T11:31:10.708Z</time>
    </trkpt>
    <trkpt lat="46.384614" lon="10.501983">
      <ele>0</ele>
      <time>2026-04-13T11:31:12.495Z</time>
    </trkpt>
    <trkpt lat="46.384692" lon="10.501783">
      <ele>0</ele>
      <time>2026-04-13T11:31:14.283Z</time>
    </trkpt>
    <trkpt lat="46.384763" lon="10.501567">
      <ele>0</ele>
      <time>2026-04-13T11:31:16.071Z</time>
    </trkpt>
    <trkpt lat="46.384816" lon="10.501386">
      <ele>0</ele>
      <time>2026-04-13T11:31:17.859Z</time>
    </trkpt>
    <trkpt lat="46.384850" lon="10.501178">
      <ele>0</ele>
      <time>2026-04-13T11:31:19.646Z</time>
    </trkpt>
    <trkpt lat="46.384842" lon="10.500933">
      <ele>0</ele>
      <time>2026-04-13T11:31:21.434Z</time>
    </trkpt>
    <trkpt lat="46.384816" lon="10.500696">
      <ele>0</ele>
      <time>2026-04-13T11:31:23.222Z</time>
    </trkpt>
    <trkpt lat="46.384774" lon="10.500542">
      <ele>0</ele>
      <time>2026-04-13T11:31:25.010Z</time>
    </trkpt>
    <trkpt lat="46.384562" lon="10.500216">
      <ele>0</ele>
      <time>2026-04-13T11:31:26.797Z</time>
    </trkpt>
    <trkpt lat="46.384544" lon="10.500142">
      <ele>0</ele>
      <time>2026-04-13T11:31:28.585Z</time>
    </trkpt>
    <trkpt lat="46.384532" lon="10.500035">
      <ele>0</ele>
      <time>2026-04-13T11:31:30.373Z</time>
    </trkpt>
    <trkpt lat="46.384546" lon="10.499795">
      <ele>0</ele>
      <time>2026-04-13T11:31:32.161Z</time>
    </trkpt>
    <trkpt lat="46.384513" lon="10.499640">
      <ele>0</ele>
      <time>2026-04-13T11:31:33.948Z</time>
    </trkpt>
    <trkpt lat="46.384437" lon="10.499456">
      <ele>0</ele>
      <time>2026-04-13T11:31:35.736Z</time>
    </trkpt>
    <trkpt lat="46.384355" lon="10.499225">
      <ele>0</ele>
      <time>2026-04-13T11:31:37.524Z</time>
    </trkpt>
    <trkpt lat="46.384296" lon="10.498949">
      <ele>0</ele>
      <time>2026-04-13T11:31:39.312Z</time>
    </trkpt>
    <trkpt lat="46.384226" lon="10.498726">
      <ele>0</ele>
      <time>2026-04-13T11:31:41.099Z</time>
    </trkpt>
    <trkpt lat="46.384160" lon="10.498476">
      <ele>0</ele>
      <time>2026-04-13T11:31:42.887Z</time>
    </trkpt>
    <trkpt lat="46.384113" lon="10.498086">
      <ele>0</ele>
      <time>2026-04-13T11:31:44.675Z</time>
    </trkpt>
    <trkpt lat="46.384095" lon="10.497682">
      <ele>0</ele>
      <time>2026-04-13T11:31:46.463Z</time>
    </trkpt>
    <trkpt lat="46.384151" lon="10.497120">
      <ele>0</ele>
      <time>2026-04-13T11:31:48.250Z</time>
    </trkpt>
    <trkpt lat="46.384164" lon="10.496753">
      <ele>0</ele>
      <time>2026-04-13T11:31:50.038Z</time>
    </trkpt>
    <trkpt lat="46.384194" lon="10.496634">
      <ele>0</ele>
      <time>2026-04-13T11:31:51.826Z</time>
    </trkpt>
    <trkpt lat="46.384249" lon="10.496515">
      <ele>0</ele>
      <time>2026-04-13T11:31:53.614Z</time>
    </trkpt>
    <trkpt lat="46.384296" lon="10.496464">
      <ele>0</ele>
      <time>2026-04-13T11:31:55.401Z</time>
    </trkpt>
    <trkpt lat="46.384366" lon="10.496425">
      <ele>0</ele>
      <time>2026-04-13T11:31:57.189Z</time>
    </trkpt>
    <trkpt lat="46.384407" lon="10.496422">
      <ele>0</ele>
      <time>2026-04-13T11:31:58.977Z</time>
    </trkpt>
    <trkpt lat="46.384477" lon="10.496435">
      <ele>0</ele>
      <time>2026-04-13T11:32:00.765Z</time>
    </trkpt>
    <trkpt lat="46.384669" lon="10.496517">
      <ele>0</ele>
      <time>2026-04-13T11:32:02.552Z</time>
    </trkpt>
    <trkpt lat="46.384837" lon="10.496613">
      <ele>0</ele>
      <time>2026-04-13T11:32:04.340Z</time>
    </trkpt>
    <trkpt lat="46.384918" lon="10.496683">
      <ele>0</ele>
      <time>2026-04-13T11:32:06.128Z</time>
    </trkpt>
    <trkpt lat="46.384981" lon="10.496737">
      <ele>0</ele>
      <time>2026-04-13T11:32:07.916Z</time>
    </trkpt>
    <trkpt lat="46.385204" lon="10.496978">
      <ele>0</ele>
      <time>2026-04-13T11:32:09.703Z</time>
    </trkpt>
    <trkpt lat="46.385392" lon="10.497292">
      <ele>0</ele>
      <time>2026-04-13T11:32:11.491Z</time>
    </trkpt>
    <trkpt lat="46.385564" lon="10.497647">
      <ele>0</ele>
      <time>2026-04-13T11:32:13.279Z</time>
    </trkpt>
    <trkpt lat="46.385609" lon="10.497766">
      <ele>0</ele>
      <time>2026-04-13T11:32:15.067Z</time>
    </trkpt>
    <trkpt lat="46.385688" lon="10.497978">
      <ele>0</ele>
      <time>2026-04-13T11:32:16.854Z</time>
    </trkpt>
    <trkpt lat="46.385934" lon="10.498532">
      <ele>0</ele>
      <time>2026-04-13T11:32:18.642Z</time>
    </trkpt>
    <trkpt lat="46.386055" lon="10.498791">
      <ele>0</ele>
      <time>2026-04-13T11:32:20.430Z</time>
    </trkpt>
    <trkpt lat="46.386187" lon="10.499025">
      <ele>0</ele>
      <time>2026-04-13T11:32:22.218Z</time>
    </trkpt>
    <trkpt lat="46.386372" lon="10.499226">
      <ele>0</ele>
      <time>2026-04-13T11:32:24.005Z</time>
    </trkpt>
    <trkpt lat="46.386466" lon="10.499322">
      <ele>0</ele>
      <time>2026-04-13T11:32:25.793Z</time>
    </trkpt>
    <trkpt lat="46.386560" lon="10.499380">
      <ele>0</ele>
      <time>2026-04-13T11:32:27.581Z</time>
    </trkpt>
    <trkpt lat="46.386670" lon="10.499402">
      <ele>0</ele>
      <time>2026-04-13T11:32:29.369Z</time>
    </trkpt>
    <trkpt lat="46.386793" lon="10.499395">
      <ele>0</ele>
      <time>2026-04-13T11:32:31.156Z</time>
    </trkpt>
    <trkpt lat="46.386908" lon="10.499424">
      <ele>0</ele>
      <time>2026-04-13T11:32:32.944Z</time>
    </trkpt>
    <trkpt lat="46.387007" lon="10.499425">
      <ele>0</ele>
      <time>2026-04-13T11:32:34.732Z</time>
    </trkpt>
    <trkpt lat="46.387110" lon="10.499375">
      <ele>0</ele>
      <time>2026-04-13T11:32:36.520Z</time>
    </trkpt>
    <trkpt lat="46.387202" lon="10.499349">
      <ele>0</ele>
      <time>2026-04-13T11:32:38.307Z</time>
    </trkpt>
    <trkpt lat="46.387303" lon="10.499376">
      <ele>0</ele>
      <time>2026-04-13T11:32:40.095Z</time>
    </trkpt>
    <trkpt lat="46.387391" lon="10.499420">
      <ele>0</ele>
      <time>2026-04-13T11:32:41.883Z</time>
    </trkpt>
    <trkpt lat="46.387795" lon="10.499657">
      <ele>0</ele>
      <time>2026-04-13T11:32:43.671Z</time>
    </trkpt>
    <trkpt lat="46.388260" lon="10.499983">
      <ele>0</ele>
      <time>2026-04-13T11:32:45.458Z</time>
    </trkpt>
    <trkpt lat="46.388708" lon="10.500556">
      <ele>0</ele>
      <time>2026-04-13T11:32:47.246Z</time>
    </trkpt>
    <trkpt lat="46.388741" lon="10.500591">
      <ele>0</ele>
      <time>2026-04-13T11:32:49.034Z</time>
    </trkpt>
    <trkpt lat="46.388771" lon="10.500608">
      <ele>0</ele>
      <time>2026-04-13T11:32:50.822Z</time>
    </trkpt>
    <trkpt lat="46.388795" lon="10.500609">
      <ele>0</ele>
      <time>2026-04-13T11:32:52.609Z</time>
    </trkpt>
    <trkpt lat="46.388821" lon="10.500597">
      <ele>0</ele>
      <time>2026-04-13T11:32:54.397Z</time>
    </trkpt>
    <trkpt lat="46.388844" lon="10.500573">
      <ele>0</ele>
      <time>2026-04-13T11:32:56.185Z</time>
    </trkpt>
    <trkpt lat="46.388900" lon="10.500466">
      <ele>0</ele>
      <time>2026-04-13T11:32:57.973Z</time>
    </trkpt>
    <trkpt lat="46.388948" lon="10.500396">
      <ele>0</ele>
      <time>2026-04-13T11:32:59.760Z</time>
    </trkpt>
    <trkpt lat="46.389001" lon="10.500348">
      <ele>0</ele>
      <time>2026-04-13T11:33:01.548Z</time>
    </trkpt>
    <trkpt lat="46.389088" lon="10.500319">
      <ele>0</ele>
      <time>2026-04-13T11:33:03.336Z</time>
    </trkpt>
    <trkpt lat="46.389151" lon="10.500340">
      <ele>0</ele>
      <time>2026-04-13T11:33:05.124Z</time>
    </trkpt>
    <trkpt lat="46.389383" lon="10.500524">
      <ele>0</ele>
      <time>2026-04-13T11:33:06.911Z</time>
    </trkpt>
    <trkpt lat="46.389882" lon="10.500935">
      <ele>0</ele>
      <time>2026-04-13T11:33:08.699Z</time>
    </trkpt>
    <trkpt lat="46.389965" lon="10.500985">
      <ele>0</ele>
      <time>2026-04-13T11:33:10.487Z</time>
    </trkpt>
    <trkpt lat="46.390067" lon="10.500996">
      <ele>0</ele>
      <time>2026-04-13T11:33:12.275Z</time>
    </trkpt>
    <trkpt lat="46.390239" lon="10.500979">
      <ele>0</ele>
      <time>2026-04-13T11:33:14.062Z</time>
    </trkpt>
    <trkpt lat="46.390416" lon="10.500930">
      <ele>0</ele>
      <time>2026-04-13T11:33:15.850Z</time>
    </trkpt>
    <trkpt lat="46.390564" lon="10.500881">
      <ele>0</ele>
      <time>2026-04-13T11:33:17.638Z</time>
    </trkpt>
    <trkpt lat="46.390699" lon="10.500787">
      <ele>0</ele>
      <time>2026-04-13T11:33:19.426Z</time>
    </trkpt>
    <trkpt lat="46.391137" lon="10.500140">
      <ele>0</ele>
      <time>2026-04-13T11:33:21.213Z</time>
    </trkpt>
    <trkpt lat="46.391274" lon="10.500008">
      <ele>0</ele>
      <time>2026-04-13T11:33:23.001Z</time>
    </trkpt>
    <trkpt lat="46.391428" lon="10.499947">
      <ele>0</ele>
      <time>2026-04-13T11:33:24.789Z</time>
    </trkpt>
    <trkpt lat="46.391810" lon="10.499899">
      <ele>0</ele>
      <time>2026-04-13T11:33:26.576Z</time>
    </trkpt>
    <trkpt lat="46.391950" lon="10.499852">
      <ele>0</ele>
      <time>2026-04-13T11:33:28.364Z</time>
    </trkpt>
    <trkpt lat="46.392084" lon="10.499777">
      <ele>0</ele>
      <time>2026-04-13T11:33:30.152Z</time>
    </trkpt>
    <trkpt lat="46.392376" lon="10.499573">
      <ele>0</ele>
      <time>2026-04-13T11:33:31.940Z</time>
    </trkpt>
    <trkpt lat="46.392642" lon="10.499323">
      <ele>0</ele>
      <time>2026-04-13T11:33:33.727Z</time>
    </trkpt>
    <trkpt lat="46.392884" lon="10.499051">
      <ele>0</ele>
      <time>2026-04-13T11:33:35.515Z</time>
    </trkpt>
    <trkpt lat="46.393151" lon="10.498803">
      <ele>0</ele>
      <time>2026-04-13T11:33:37.303Z</time>
    </trkpt>
    <trkpt lat="46.393626" lon="10.498452">
      <ele>0</ele>
      <time>2026-04-13T11:33:39.091Z</time>
    </trkpt>
    <trkpt lat="46.393838" lon="10.498320">
      <ele>0</ele>
      <time>2026-04-13T11:33:40.878Z</time>
    </trkpt>
    <trkpt lat="46.394030" lon="10.498130">
      <ele>0</ele>
      <time>2026-04-13T11:33:42.666Z</time>
    </trkpt>
    <trkpt lat="46.394180" lon="10.497899">
      <ele>0</ele>
      <time>2026-04-13T11:33:44.454Z</time>
    </trkpt>
    <trkpt lat="46.394296" lon="10.497635">
      <ele>0</ele>
      <time>2026-04-13T11:33:46.242Z</time>
    </trkpt>
    <trkpt lat="46.394523" lon="10.497284">
      <ele>0</ele>
      <time>2026-04-13T11:33:48.029Z</time>
    </trkpt>
    <trkpt lat="46.394764" lon="10.496963">
      <ele>0</ele>
      <time>2026-04-13T11:33:49.817Z</time>
    </trkpt>
    <trkpt lat="46.394972" lon="10.496684">
      <ele>0</ele>
      <time>2026-04-13T11:33:51.605Z</time>
    </trkpt>
    <trkpt lat="46.395171" lon="10.496487">
      <ele>0</ele>
      <time>2026-04-13T11:33:53.393Z</time>
    </trkpt>
    <trkpt lat="46.395560" lon="10.496243">
      <ele>0</ele>
      <time>2026-04-13T11:33:55.180Z</time>
    </trkpt>
    <trkpt lat="46.395688" lon="10.496013">
      <ele>0</ele>
      <time>2026-04-13T11:33:56.968Z</time>
    </trkpt>
    <trkpt lat="46.395787" lon="10.495900">
      <ele>0</ele>
      <time>2026-04-13T11:33:58.756Z</time>
    </trkpt>
    <trkpt lat="46.396154" lon="10.495870">
      <ele>0</ele>
      <time>2026-04-13T11:34:00.544Z</time>
    </trkpt>
    <trkpt lat="46.396394" lon="10.495805">
      <ele>0</ele>
      <time>2026-04-13T11:34:02.331Z</time>
    </trkpt>
    <trkpt lat="46.396792" lon="10.495617">
      <ele>0</ele>
      <time>2026-04-13T11:34:04.119Z</time>
    </trkpt>
    <trkpt lat="46.397152" lon="10.495403">
      <ele>0</ele>
      <time>2026-04-13T11:34:05.907Z</time>
    </trkpt>
    <trkpt lat="46.397471" lon="10.495119">
      <ele>0</ele>
      <time>2026-04-13T11:34:07.695Z</time>
    </trkpt>
    <trkpt lat="46.397636" lon="10.494909">
      <ele>0</ele>
      <time>2026-04-13T11:34:09.482Z</time>
    </trkpt>
    <trkpt lat="46.397673" lon="10.494863">
      <ele>0</ele>
      <time>2026-04-13T11:34:11.270Z</time>
    </trkpt>
    <trkpt lat="46.397822" lon="10.494607">
      <ele>0</ele>
      <time>2026-04-13T11:34:13.058Z</time>
    </trkpt>
    <trkpt lat="46.397881" lon="10.494512">
      <ele>0</ele>
      <time>2026-04-13T11:34:14.846Z</time>
    </trkpt>
    <trkpt lat="46.397948" lon="10.494445">
      <ele>0</ele>
      <time>2026-04-13T11:34:16.633Z</time>
    </trkpt>
    <trkpt lat="46.398065" lon="10.494381">
      <ele>0</ele>
      <time>2026-04-13T11:34:18.421Z</time>
    </trkpt>
    <trkpt lat="46.398181" lon="10.494357">
      <ele>0</ele>
      <time>2026-04-13T11:34:20.209Z</time>
    </trkpt>
    <trkpt lat="46.398727" lon="10.494503">
      <ele>0</ele>
      <time>2026-04-13T11:34:21.997Z</time>
    </trkpt>
    <trkpt lat="46.398973" lon="10.494525">
      <ele>0</ele>
      <time>2026-04-13T11:34:23.784Z</time>
    </trkpt>
    <trkpt lat="46.399136" lon="10.494549">
      <ele>0</ele>
      <time>2026-04-13T11:34:25.572Z</time>
    </trkpt>
    <trkpt lat="46.399221" lon="10.494529">
      <ele>0</ele>
      <time>2026-04-13T11:34:27.360Z</time>
    </trkpt>
    <trkpt lat="46.399309" lon="10.494432">
      <ele>0</ele>
      <time>2026-04-13T11:34:29.148Z</time>
    </trkpt>
    <trkpt lat="46.399475" lon="10.494174">
      <ele>0</ele>
      <time>2026-04-13T11:34:30.935Z</time>
    </trkpt>
    <trkpt lat="46.399624" lon="10.493985">
      <ele>0</ele>
      <time>2026-04-13T11:34:32.723Z</time>
    </trkpt>
    <trkpt lat="46.399752" lon="10.493777">
      <ele>0</ele>
      <time>2026-04-13T11:34:34.511Z</time>
    </trkpt>
    <trkpt lat="46.399846" lon="10.493558">
      <ele>0</ele>
      <time>2026-04-13T11:34:36.299Z</time>
    </trkpt>
    <trkpt lat="46.399859" lon="10.493547">
      <ele>0</ele>
      <time>2026-04-13T11:34:38.086Z</time>
    </trkpt>
    <trkpt lat="46.399872" lon="10.493544">
      <ele>0</ele>
      <time>2026-04-13T11:34:39.874Z</time>
    </trkpt>
    <trkpt lat="46.399888" lon="10.493545">
      <ele>0</ele>
      <time>2026-04-13T11:34:41.662Z</time>
    </trkpt>
    <trkpt lat="46.399899" lon="10.493555">
      <ele>0</ele>
      <time>2026-04-13T11:34:43.450Z</time>
    </trkpt>
    <trkpt lat="46.399910" lon="10.493572">
      <ele>0</ele>
      <time>2026-04-13T11:34:45.237Z</time>
    </trkpt>
    <trkpt lat="46.399917" lon="10.493592">
      <ele>0</ele>
      <time>2026-04-13T11:34:47.025Z</time>
    </trkpt>
    <trkpt lat="46.399922" lon="10.493620">
      <ele>0</ele>
      <time>2026-04-13T11:34:48.813Z</time>
    </trkpt>
    <trkpt lat="46.399919" lon="10.493654">
      <ele>0</ele>
      <time>2026-04-13T11:34:50.601Z</time>
    </trkpt>
    <trkpt lat="46.399913" lon="10.493685">
      <ele>0</ele>
      <time>2026-04-13T11:34:52.388Z</time>
    </trkpt>
    <trkpt lat="46.399904" lon="10.493715">
      <ele>0</ele>
      <time>2026-04-13T11:34:54.176Z</time>
    </trkpt>
    <trkpt lat="46.399797" lon="10.494060">
      <ele>0</ele>
      <time>2026-04-13T11:34:55.964Z</time>
    </trkpt>
    <trkpt lat="46.399698" lon="10.494629">
      <ele>0</ele>
      <time>2026-04-13T11:34:57.752Z</time>
    </trkpt>
    <trkpt lat="46.399635" lon="10.494770">
      <ele>0</ele>
      <time>2026-04-13T11:34:59.539Z</time>
    </trkpt>
    <trkpt lat="46.399547" lon="10.494864">
      <ele>0</ele>
      <time>2026-04-13T11:35:01.327Z</time>
    </trkpt>
    <trkpt lat="46.399347" lon="10.494973">
      <ele>0</ele>
      <time>2026-04-13T11:35:03.115Z</time>
    </trkpt>
    <trkpt lat="46.399065" lon="10.495264">
      <ele>0</ele>
      <time>2026-04-13T11:35:04.903Z</time>
    </trkpt>
    <trkpt lat="46.398850" lon="10.495306">
      <ele>0</ele>
      <time>2026-04-13T11:35:06.690Z</time>
    </trkpt>
    <trkpt lat="46.398590" lon="10.495571">
      <ele>0</ele>
      <time>2026-04-13T11:35:08.478Z</time>
    </trkpt>
    <trkpt lat="46.398576" lon="10.495590">
      <ele>0</ele>
      <time>2026-04-13T11:35:10.266Z</time>
    </trkpt>
    <trkpt lat="46.398565" lon="10.495613">
      <ele>0</ele>
      <time>2026-04-13T11:35:12.054Z</time>
    </trkpt>
    <trkpt lat="46.398559" lon="10.495656">
      <ele>0</ele>
      <time>2026-04-13T11:35:13.841Z</time>
    </trkpt>
    <trkpt lat="46.398565" lon="10.495693">
      <ele>0</ele>
      <time>2026-04-13T11:35:15.629Z</time>
    </trkpt>
    <trkpt lat="46.398581" lon="10.495723">
      <ele>0</ele>
      <time>2026-04-13T11:35:17.417Z</time>
    </trkpt>
    <trkpt lat="46.398604" lon="10.495737">
      <ele>0</ele>
      <time>2026-04-13T11:35:19.205Z</time>
    </trkpt>
    <trkpt lat="46.398626" lon="10.495737">
      <ele>0</ele>
      <time>2026-04-13T11:35:20.992Z</time>
    </trkpt>
    <trkpt lat="46.398847" lon="10.495629">
      <ele>0</ele>
      <time>2026-04-13T11:35:22.780Z</time>
    </trkpt>
    <trkpt lat="46.398982" lon="10.495627">
      <ele>0</ele>
      <time>2026-04-13T11:35:24.568Z</time>
    </trkpt>
    <trkpt lat="46.399091" lon="10.495661">
      <ele>0</ele>
      <time>2026-04-13T11:35:26.356Z</time>
    </trkpt>
    <trkpt lat="46.399287" lon="10.495701">
      <ele>0</ele>
      <time>2026-04-13T11:35:28.143Z</time>
    </trkpt>
    <trkpt lat="46.399554" lon="10.495754">
      <ele>0</ele>
      <time>2026-04-13T11:35:29.931Z</time>
    </trkpt>
    <trkpt lat="46.399729" lon="10.495718">
      <ele>0</ele>
      <time>2026-04-13T11:35:31.719Z</time>
    </trkpt>
    <trkpt lat="46.399949" lon="10.495592">
      <ele>0</ele>
      <time>2026-04-13T11:35:33.507Z</time>
    </trkpt>
    <trkpt lat="46.400073" lon="10.495411">
      <ele>0</ele>
      <time>2026-04-13T11:35:35.294Z</time>
    </trkpt>
    <trkpt lat="46.400290" lon="10.494709">
      <ele>0</ele>
      <time>2026-04-13T11:35:37.082Z</time>
    </trkpt>
    <trkpt lat="46.400477" lon="10.494365">
      <ele>0</ele>
      <time>2026-04-13T11:35:38.870Z</time>
    </trkpt>
    <trkpt lat="46.400672" lon="10.493681">
      <ele>0</ele>
      <time>2026-04-13T11:35:40.658Z</time>
    </trkpt>
    <trkpt lat="46.400909" lon="10.493007">
      <ele>0</ele>
      <time>2026-04-13T11:35:42.445Z</time>
    </trkpt>
    <trkpt lat="46.401024" lon="10.492855">
      <ele>0</ele>
      <time>2026-04-13T11:35:44.233Z</time>
    </trkpt>
    <trkpt lat="46.401284" lon="10.492474">
      <ele>0</ele>
      <time>2026-04-13T11:35:46.021Z</time>
    </trkpt>
    <trkpt lat="46.401455" lon="10.492305">
      <ele>0</ele>
      <time>2026-04-13T11:35:47.809Z</time>
    </trkpt>
    <trkpt lat="46.401634" lon="10.491979">
      <ele>0</ele>
      <time>2026-04-13T11:35:49.596Z</time>
    </trkpt>
    <trkpt lat="46.401718" lon="10.491716">
      <ele>0</ele>
      <time>2026-04-13T11:35:51.384Z</time>
    </trkpt>
    <trkpt lat="46.401742" lon="10.491673">
      <ele>0</ele>
      <time>2026-04-13T11:35:53.172Z</time>
    </trkpt>
    <trkpt lat="46.401759" lon="10.491665">
      <ele>0</ele>
      <time>2026-04-13T11:35:54.960Z</time>
    </trkpt>
    <trkpt lat="46.401776" lon="10.491670">
      <ele>0</ele>
      <time>2026-04-13T11:35:56.747Z</time>
    </trkpt>
    <trkpt lat="46.401797" lon="10.491684">
      <ele>0</ele>
      <time>2026-04-13T11:35:58.535Z</time>
    </trkpt>
    <trkpt lat="46.401813" lon="10.491712">
      <ele>0</ele>
      <time>2026-04-13T11:36:00.323Z</time>
    </trkpt>
    <trkpt lat="46.401822" lon="10.491736">
      <ele>0</ele>
      <time>2026-04-13T11:36:02.111Z</time>
    </trkpt>
    <trkpt lat="46.401823" lon="10.491760">
      <ele>0</ele>
      <time>2026-04-13T11:36:03.898Z</time>
    </trkpt>
    <trkpt lat="46.401810" lon="10.492295">
      <ele>0</ele>
      <time>2026-04-13T11:36:05.686Z</time>
    </trkpt>
    <trkpt lat="46.401746" lon="10.492677">
      <ele>0</ele>
      <time>2026-04-13T11:36:07.474Z</time>
    </trkpt>
    <trkpt lat="46.401660" lon="10.493191">
      <ele>0</ele>
      <time>2026-04-13T11:36:09.261Z</time>
    </trkpt>
    <trkpt lat="46.401520" lon="10.493430">
      <ele>0</ele>
      <time>2026-04-13T11:36:11.049Z</time>
    </trkpt>
    <trkpt lat="46.401457" lon="10.493613">
      <ele>0</ele>
      <time>2026-04-13T11:36:12.837Z</time>
    </trkpt>
    <trkpt lat="46.401248" lon="10.494210">
      <ele>0</ele>
      <time>2026-04-13T11:36:14.625Z</time>
    </trkpt>
    <trkpt lat="46.401157" lon="10.494734">
      <ele>0</ele>
      <time>2026-04-13T11:36:16.412Z</time>
    </trkpt>
    <trkpt lat="46.401207" lon="10.495049">
      <ele>0</ele>
      <time>2026-04-13T11:36:18.200Z</time>
    </trkpt>
    <trkpt lat="46.401220" lon="10.495264">
      <ele>0</ele>
      <time>2026-04-13T11:36:19.988Z</time>
    </trkpt>
    <trkpt lat="46.401176" lon="10.495623">
      <ele>0</ele>
      <time>2026-04-13T11:36:21.776Z</time>
    </trkpt>
    <trkpt lat="46.400567" lon="10.496965">
      <ele>0</ele>
      <time>2026-04-13T11:36:23.563Z</time>
    </trkpt>
    <trkpt lat="46.400353" lon="10.497468">
      <ele>0</ele>
      <time>2026-04-13T11:36:25.351Z</time>
    </trkpt>
    <trkpt lat="46.399978" lon="10.497850">
      <ele>0</ele>
      <time>2026-04-13T11:36:27.139Z</time>
    </trkpt>
    <trkpt lat="46.399480" lon="10.498089">
      <ele>0</ele>
      <time>2026-04-13T11:36:28.927Z</time>
    </trkpt>
    <trkpt lat="46.399186" lon="10.498392">
      <ele>0</ele>
      <time>2026-04-13T11:36:30.714Z</time>
    </trkpt>
    <trkpt lat="46.399010" lon="10.498514">
      <ele>0</ele>
      <time>2026-04-13T11:36:32.502Z</time>
    </trkpt>
    <trkpt lat="46.398763" lon="10.498820">
      <ele>0</ele>
      <time>2026-04-13T11:36:34.290Z</time>
    </trkpt>
    <trkpt lat="46.398668" lon="10.498952">
      <ele>0</ele>
      <time>2026-04-13T11:36:36.078Z</time>
    </trkpt>
    <trkpt lat="46.398660" lon="10.498983">
      <ele>0</ele>
      <time>2026-04-13T11:36:37.865Z</time>
    </trkpt>
    <trkpt lat="46.398657" lon="10.499020">
      <ele>0</ele>
      <time>2026-04-13T11:36:39.653Z</time>
    </trkpt>
    <trkpt lat="46.398663" lon="10.499070">
      <ele>0</ele>
      <time>2026-04-13T11:36:41.441Z</time>
    </trkpt>
    <trkpt lat="46.398686" lon="10.499106">
      <ele>0</ele>
      <time>2026-04-13T11:36:43.229Z</time>
    </trkpt>
    <trkpt lat="46.398713" lon="10.499122">
      <ele>0</ele>
      <time>2026-04-13T11:36:45.016Z</time>
    </trkpt>
    <trkpt lat="46.398746" lon="10.499126">
      <ele>0</ele>
      <time>2026-04-13T11:36:46.804Z</time>
    </trkpt>
    <trkpt lat="46.398945" lon="10.499033">
      <ele>0</ele>
      <time>2026-04-13T11:36:48.592Z</time>
    </trkpt>
    <trkpt lat="46.399090" lon="10.498878">
      <ele>0</ele>
      <time>2026-04-13T11:36:50.380Z</time>
    </trkpt>
    <trkpt lat="46.399415" lon="10.498787">
      <ele>0</ele>
      <time>2026-04-13T11:36:52.167Z</time>
    </trkpt>
    <trkpt lat="46.399639" lon="10.498636">
      <ele>0</ele>
      <time>2026-04-13T11:36:53.955Z</time>
    </trkpt>
    <trkpt lat="46.399866" lon="10.498646">
      <ele>0</ele>
      <time>2026-04-13T11:36:55.743Z</time>
    </trkpt>
    <trkpt lat="46.400292" lon="10.498600">
      <ele>0</ele>
      <time>2026-04-13T11:36:57.531Z</time>
    </trkpt>
    <trkpt lat="46.400575" lon="10.498457">
      <ele>0</ele>
      <time>2026-04-13T11:36:59.318Z</time>
    </trkpt>
    <trkpt lat="46.400835" lon="10.498272">
      <ele>0</ele>
      <time>2026-04-13T11:37:01.106Z</time>
    </trkpt>
    <trkpt lat="46.401131" lon="10.498200">
      <ele>0</ele>
      <time>2026-04-13T11:37:02.894Z</time>
    </trkpt>
    <trkpt lat="46.401474" lon="10.498119">
      <ele>0</ele>
      <time>2026-04-13T11:37:04.682Z</time>
    </trkpt>
    <trkpt lat="46.402148" lon="10.497699">
      <ele>0</ele>
      <time>2026-04-13T11:37:06.469Z</time>
    </trkpt>
    <trkpt lat="46.402405" lon="10.497385">
      <ele>0</ele>
      <time>2026-04-13T11:37:08.257Z</time>
    </trkpt>
    <trkpt lat="46.402730" lon="10.497129">
      <ele>0</ele>
      <time>2026-04-13T11:37:10.045Z</time>
    </trkpt>
    <trkpt lat="46.402903" lon="10.496727">
      <ele>0</ele>
      <time>2026-04-13T11:37:11.833Z</time>
    </trkpt>
    <trkpt lat="46.403144" lon="10.496317">
      <ele>0</ele>
      <time>2026-04-13T11:37:13.620Z</time>
    </trkpt>
    <trkpt lat="46.403418" lon="10.496170">
      <ele>0</ele>
      <time>2026-04-13T11:37:15.408Z</time>
    </trkpt>
    <trkpt lat="46.403700" lon="10.496155">
      <ele>0</ele>
      <time>2026-04-13T11:37:17.196Z</time>
    </trkpt>
    <trkpt lat="46.403796" lon="10.496125">
      <ele>0</ele>
      <time>2026-04-13T11:37:18.984Z</time>
    </trkpt>
    <trkpt lat="46.404086" lon="10.495698">
      <ele>0</ele>
      <time>2026-04-13T11:37:20.771Z</time>
    </trkpt>
    <trkpt lat="46.404392" lon="10.495300">
      <ele>0</ele>
      <time>2026-04-13T11:37:22.559Z</time>
    </trkpt>
    <trkpt lat="46.404715" lon="10.494988">
      <ele>0</ele>
      <time>2026-04-13T11:37:24.347Z</time>
    </trkpt>
    <trkpt lat="46.405025" lon="10.494911">
      <ele>0</ele>
      <time>2026-04-13T11:37:26.135Z</time>
    </trkpt>
    <trkpt lat="46.405152" lon="10.494839">
      <ele>0</ele>
      <time>2026-04-13T11:37:27.922Z</time>
    </trkpt>
    <trkpt lat="46.405222" lon="10.494720">
      <ele>0</ele>
      <time>2026-04-13T11:37:29.710Z</time>
    </trkpt>
    <trkpt lat="46.405300" lon="10.494636">
      <ele>0</ele>
      <time>2026-04-13T11:37:31.498Z</time>
    </trkpt>
    <trkpt lat="46.405588" lon="10.494451">
      <ele>0</ele>
      <time>2026-04-13T11:37:33.286Z</time>
    </trkpt>
    <trkpt lat="46.405763" lon="10.494064">
      <ele>0</ele>
      <time>2026-04-13T11:37:35.073Z</time>
    </trkpt>
    <trkpt lat="46.405791" lon="10.494031">
      <ele>0</ele>
      <time>2026-04-13T11:37:36.861Z</time>
    </trkpt>
    <trkpt lat="46.405821" lon="10.494021">
      <ele>0</ele>
      <time>2026-04-13T11:37:38.649Z</time>
    </trkpt>
    <trkpt lat="46.405846" lon="10.494033">
      <ele>0</ele>
      <time>2026-04-13T11:37:40.437Z</time>
    </trkpt>
    <trkpt lat="46.405862" lon="10.494058">
      <ele>0</ele>
      <time>2026-04-13T11:37:42.224Z</time>
    </trkpt>
    <trkpt lat="46.405871" lon="10.494096">
      <ele>0</ele>
      <time>2026-04-13T11:37:44.012Z</time>
    </trkpt>
    <trkpt lat="46.405874" lon="10.494137">
      <ele>0</ele>
      <time>2026-04-13T11:37:45.800Z</time>
    </trkpt>
    <trkpt lat="46.405867" lon="10.494176">
      <ele>0</ele>
      <time>2026-04-13T11:37:47.588Z</time>
    </trkpt>
    <trkpt lat="46.405744" lon="10.494383">
      <ele>0</ele>
      <time>2026-04-13T11:37:49.375Z</time>
    </trkpt>
    <trkpt lat="46.405571" lon="10.494680">
      <ele>0</ele>
      <time>2026-04-13T11:37:51.163Z</time>
    </trkpt>
    <trkpt lat="46.405400" lon="10.494856">
      <ele>0</ele>
      <time>2026-04-13T11:37:52.951Z</time>
    </trkpt>
    <trkpt lat="46.405287" lon="10.495098">
      <ele>0</ele>
      <time>2026-04-13T11:37:54.739Z</time>
    </trkpt>
    <trkpt lat="46.405258" lon="10.495184">
      <ele>0</ele>
      <time>2026-04-13T11:37:56.526Z</time>
    </trkpt>
    <trkpt lat="46.405213" lon="10.495239">
      <ele>0</ele>
      <time>2026-04-13T11:37:58.314Z</time>
    </trkpt>
    <trkpt lat="46.405155" lon="10.495264">
      <ele>0</ele>
      <time>2026-04-13T11:38:00.102Z</time>
    </trkpt>
    <trkpt lat="46.405038" lon="10.495318">
      <ele>0</ele>
      <time>2026-04-13T11:38:01.890Z</time>
    </trkpt>
    <trkpt lat="46.404970" lon="10.495381">
      <ele>0</ele>
      <time>2026-04-13T11:38:03.677Z</time>
    </trkpt>
    <trkpt lat="46.404939" lon="10.495457">
      <ele>0</ele>
      <time>2026-04-13T11:38:05.465Z</time>
    </trkpt>
    <trkpt lat="46.404900" lon="10.495734">
      <ele>0</ele>
      <time>2026-04-13T11:38:07.253Z</time>
    </trkpt>
    <trkpt lat="46.404871" lon="10.496053">
      <ele>0</ele>
      <time>2026-04-13T11:38:09.041Z</time>
    </trkpt>
    <trkpt lat="46.404827" lon="10.496208">
      <ele>0</ele>
      <time>2026-04-13T11:38:10.828Z</time>
    </trkpt>
    <trkpt lat="46.404701" lon="10.496500">
      <ele>0</ele>
      <time>2026-04-13T11:38:12.616Z</time>
    </trkpt>
    <trkpt lat="46.404657" lon="10.496662">
      <ele>0</ele>
      <time>2026-04-13T11:38:14.404Z</time>
    </trkpt>
    <trkpt lat="46.404607" lon="10.496798">
      <ele>0</ele>
      <time>2026-04-13T11:38:16.192Z</time>
    </trkpt>
    <trkpt lat="46.404186" lon="10.497318">
      <ele>0</ele>
      <time>2026-04-13T11:38:17.979Z</time>
    </trkpt>
    <trkpt lat="46.404125" lon="10.497452">
      <ele>0</ele>
      <time>2026-04-13T11:38:19.767Z</time>
    </trkpt>
    <trkpt lat="46.404098" lon="10.497626">
      <ele>0</ele>
      <time>2026-04-13T11:38:21.555Z</time>
    </trkpt>
    <trkpt lat="46.404077" lon="10.497798">
      <ele>0</ele>
      <time>2026-04-13T11:38:23.343Z</time>
    </trkpt>
    <trkpt lat="46.404004" lon="10.497966">
      <ele>0</ele>
      <time>2026-04-13T11:38:25.130Z</time>
    </trkpt>
    <trkpt lat="46.403906" lon="10.498139">
      <ele>0</ele>
      <time>2026-04-13T11:38:26.918Z</time>
    </trkpt>
    <trkpt lat="46.403837" lon="10.498309">
      <ele>0</ele>
      <time>2026-04-13T11:38:28.706Z</time>
    </trkpt>
    <trkpt lat="46.403769" lon="10.498510">
      <ele>0</ele>
      <time>2026-04-13T11:38:30.494Z</time>
    </trkpt>
    <trkpt lat="46.403649" lon="10.498730">
      <ele>0</ele>
      <time>2026-04-13T11:38:32.281Z</time>
    </trkpt>
    <trkpt lat="46.403479" lon="10.498903">
      <ele>0</ele>
      <time>2026-04-13T11:38:34.069Z</time>
    </trkpt>
    <trkpt lat="46.403454" lon="10.498938">
      <ele>0</ele>
      <time>2026-04-13T11:38:35.857Z</time>
    </trkpt>
    <trkpt lat="46.403442" lon="10.498992">
      <ele>0</ele>
      <time>2026-04-13T11:38:37.645Z</time>
    </trkpt>
    <trkpt lat="46.403444" lon="10.499030">
      <ele>0</ele>
      <time>2026-04-13T11:38:39.432Z</time>
    </trkpt>
    <trkpt lat="46.403451" lon="10.499066">
      <ele>0</ele>
      <time>2026-04-13T11:38:41.220Z</time>
    </trkpt>
    <trkpt lat="46.403468" lon="10.499087">
      <ele>0</ele>
      <time>2026-04-13T11:38:43.008Z</time>
    </trkpt>
    <trkpt lat="46.403490" lon="10.499097">
      <ele>0</ele>
      <time>2026-04-13T11:38:44.795Z</time>
    </trkpt>
    <trkpt lat="46.403515" lon="10.499092">
      <ele>0</ele>
      <time>2026-04-13T11:38:46.583Z</time>
    </trkpt>
    <trkpt lat="46.403552" lon="10.499077">
      <ele>0</ele>
      <time>2026-04-13T11:38:48.371Z</time>
    </trkpt>
    <trkpt lat="46.403637" lon="10.498962">
      <ele>0</ele>
      <time>2026-04-13T11:38:50.159Z</time>
    </trkpt>
    <trkpt lat="46.404830" lon="10.497434">
      <ele>0</ele>
      <time>2026-04-13T11:38:51.946Z</time>
    </trkpt>
    <trkpt lat="46.405213" lon="10.497277">
      <ele>0</ele>
      <time>2026-04-13T11:38:53.734Z</time>
    </trkpt>
    <trkpt lat="46.405365" lon="10.497190">
      <ele>0</ele>
      <time>2026-04-13T11:38:55.522Z</time>
    </trkpt>
    <trkpt lat="46.405470" lon="10.497096">
      <ele>0</ele>
      <time>2026-04-13T11:38:57.310Z</time>
    </trkpt>
    <trkpt lat="46.405599" lon="10.496802">
      <ele>0</ele>
      <time>2026-04-13T11:38:59.097Z</time>
    </trkpt>
    <trkpt lat="46.405676" lon="10.496653">
      <ele>0</ele>
      <time>2026-04-13T11:39:00.885Z</time>
    </trkpt>
    <trkpt lat="46.405701" lon="10.496625">
      <ele>0</ele>
      <time>2026-04-13T11:39:02.673Z</time>
    </trkpt>
    <trkpt lat="46.405732" lon="10.496616">
      <ele>0</ele>
      <time>2026-04-13T11:39:04.461Z</time>
    </trkpt>
    <trkpt lat="46.405755" lon="10.496626">
      <ele>0</ele>
      <time>2026-04-13T11:39:06.248Z</time>
    </trkpt>
    <trkpt lat="46.405766" lon="10.496652">
      <ele>0</ele>
      <time>2026-04-13T11:39:08.036Z</time>
    </trkpt>
    <trkpt lat="46.405764" lon="10.496708">
      <ele>0</ele>
      <time>2026-04-13T11:39:09.824Z</time>
    </trkpt>
    <trkpt lat="46.405747" lon="10.496770">
      <ele>0</ele>
      <time>2026-04-13T11:39:11.612Z</time>
    </trkpt>
    <trkpt lat="46.405671" lon="10.496905">
      <ele>0</ele>
      <time>2026-04-13T11:39:13.399Z</time>
    </trkpt>
    <trkpt lat="46.405569" lon="10.497175">
      <ele>0</ele>
      <time>2026-04-13T11:39:15.187Z</time>
    </trkpt>
    <trkpt lat="46.405472" lon="10.497418">
      <ele>0</ele>
      <time>2026-04-13T11:39:16.975Z</time>
    </trkpt>
    <trkpt lat="46.405405" lon="10.497504">
      <ele>0</ele>
      <time>2026-04-13T11:39:18.763Z</time>
    </trkpt>
    <trkpt lat="46.405331" lon="10.497553">
      <ele>0</ele>
      <time>2026-04-13T11:39:20.550Z</time>
    </trkpt>
    <trkpt lat="46.405111" lon="10.497701">
      <ele>0</ele>
      <time>2026-04-13T11:39:22.338Z</time>
    </trkpt>
    <trkpt lat="46.405053" lon="10.497828">
      <ele>0</ele>
      <time>2026-04-13T11:39:24.126Z</time>
    </trkpt>
    <trkpt lat="46.405013" lon="10.498021">
      <ele>0</ele>
      <time>2026-04-13T11:39:25.914Z</time>
    </trkpt>
    <trkpt lat="46.404912" lon="10.498246">
      <ele>0</ele>
      <time>2026-04-13T11:39:27.701Z</time>
    </trkpt>
    <trkpt lat="46.404736" lon="10.498535">
      <ele>0</ele>
      <time>2026-04-13T11:39:29.489Z</time>
    </trkpt>
    <trkpt lat="46.404506" lon="10.498877">
      <ele>0</ele>
      <time>2026-04-13T11:39:31.277Z</time>
    </trkpt>
    <trkpt lat="46.404418" lon="10.499360">
      <ele>0</ele>
      <time>2026-04-13T11:39:33.065Z</time>
    </trkpt>
    <trkpt lat="46.404380" lon="10.499488">
      <ele>0</ele>
      <time>2026-04-13T11:39:34.852Z</time>
    </trkpt>
    <trkpt lat="46.404334" lon="10.499574">
      <ele>0</ele>
      <time>2026-04-13T11:39:36.640Z</time>
    </trkpt>
    <trkpt lat="46.404274" lon="10.499676">
      <ele>0</ele>
      <time>2026-04-13T11:39:38.428Z</time>
    </trkpt>
    <trkpt lat="46.404105" lon="10.499752">
      <ele>0</ele>
      <time>2026-04-13T11:39:40.216Z</time>
    </trkpt>
    <trkpt lat="46.403936" lon="10.499955">
      <ele>0</ele>
      <time>2026-04-13T11:39:42.003Z</time>
    </trkpt>
    <trkpt lat="46.403698" lon="10.500102">
      <ele>0</ele>
      <time>2026-04-13T11:39:43.791Z</time>
    </trkpt>
    <trkpt lat="46.403615" lon="10.500170">
      <ele>0</ele>
      <time>2026-04-13T11:39:45.579Z</time>
    </trkpt>
    <trkpt lat="46.403567" lon="10.500219">
      <ele>0</ele>
      <time>2026-04-13T11:39:47.367Z</time>
    </trkpt>
    <trkpt lat="46.403545" lon="10.500291">
      <ele>0</ele>
      <time>2026-04-13T11:39:49.154Z</time>
    </trkpt>
    <trkpt lat="46.403550" lon="10.500356">
      <ele>0</ele>
      <time>2026-04-13T11:39:50.942Z</time>
    </trkpt>
    <trkpt lat="46.403585" lon="10.500372">
      <ele>0</ele>
      <time>2026-04-13T11:39:52.730Z</time>
    </trkpt>
    <trkpt lat="46.403599" lon="10.500380">
      <ele>0</ele>
      <time>2026-04-13T11:39:54.518Z</time>
    </trkpt>
    <trkpt lat="46.403624" lon="10.500363">
      <ele>0</ele>
      <time>2026-04-13T11:39:56.305Z</time>
    </trkpt>
    <trkpt lat="46.403663" lon="10.500331">
      <ele>0</ele>
      <time>2026-04-13T11:39:58.093Z</time>
    </trkpt>
    <trkpt lat="46.403755" lon="10.500211">
      <ele>0</ele>
      <time>2026-04-13T11:39:59.881Z</time>
    </trkpt>
    <trkpt lat="46.403886" lon="10.500113">
      <ele>0</ele>
      <time>2026-04-13T11:40:01.669Z</time>
    </trkpt>
    <trkpt lat="46.404033" lon="10.500015">
      <ele>0</ele>
      <time>2026-04-13T11:40:03.456Z</time>
    </trkpt>
    <trkpt lat="46.404148" lon="10.499968">
      <ele>0</ele>
      <time>2026-04-13T11:40:05.244Z</time>
    </trkpt>
    <trkpt lat="46.404497" lon="10.499913">
      <ele>0</ele>
      <time>2026-04-13T11:40:07.032Z</time>
    </trkpt>
    <trkpt lat="46.404596" lon="10.499845">
      <ele>0</ele>
      <time>2026-04-13T11:40:08.820Z</time>
    </trkpt>
    <trkpt lat="46.404695" lon="10.499723">
      <ele>0</ele>
      <time>2026-04-13T11:40:10.607Z</time>
    </trkpt>
    <trkpt lat="46.404727" lon="10.499598">
      <ele>0</ele>
      <time>2026-04-13T11:40:12.395Z</time>
    </trkpt>
    <trkpt lat="46.404758" lon="10.499393">
      <ele>0</ele>
      <time>2026-04-13T11:40:14.183Z</time>
    </trkpt>
    <trkpt lat="46.404784" lon="10.499232">
      <ele>0</ele>
      <time>2026-04-13T11:40:15.971Z</time>
    </trkpt>
    <trkpt lat="46.404847" lon="10.499129">
      <ele>0</ele>
      <time>2026-04-13T11:40:17.758Z</time>
    </trkpt>
    <trkpt lat="46.404912" lon="10.499060">
      <ele>0</ele>
      <time>2026-04-13T11:40:19.546Z</time>
    </trkpt>
    <trkpt lat="46.405008" lon="10.498984">
      <ele>0</ele>
      <time>2026-04-13T11:40:21.334Z</time>
    </trkpt>
    <trkpt lat="46.405166" lon="10.498968">
      <ele>0</ele>
      <time>2026-04-13T11:40:23.122Z</time>
    </trkpt>
    <trkpt lat="46.405467" lon="10.498802">
      <ele>0</ele>
      <time>2026-04-13T11:40:24.909Z</time>
    </trkpt>
    <trkpt lat="46.405609" lon="10.498719">
      <ele>0</ele>
      <time>2026-04-13T11:40:26.697Z</time>
    </trkpt>
    <trkpt lat="46.405752" lon="10.498599">
      <ele>0</ele>
      <time>2026-04-13T11:40:28.485Z</time>
    </trkpt>
    <trkpt lat="46.405916" lon="10.498316">
      <ele>0</ele>
      <time>2026-04-13T11:40:30.273Z</time>
    </trkpt>
    <trkpt lat="46.406134" lon="10.498190">
      <ele>0</ele>
      <time>2026-04-13T11:40:32.060Z</time>
    </trkpt>
    <trkpt lat="46.406848" lon="10.497251">
      <ele>0</ele>
      <time>2026-04-13T11:40:33.848Z</time>
    </trkpt>
    <trkpt lat="46.406905" lon="10.497126">
      <ele>0</ele>
      <time>2026-04-13T11:40:35.636Z</time>
    </trkpt>
    <trkpt lat="46.406921" lon="10.497091">
      <ele>0</ele>
      <time>2026-04-13T11:40:37.424Z</time>
    </trkpt>
    <trkpt lat="46.406914" lon="10.497043">
      <ele>0</ele>
      <time>2026-04-13T11:40:39.211Z</time>
    </trkpt>
    <trkpt lat="46.406867" lon="10.496863">
      <ele>0</ele>
      <time>2026-04-13T11:40:40.999Z</time>
    </trkpt>
    <trkpt lat="46.406822" lon="10.496672">
      <ele>0</ele>
      <time>2026-04-13T11:40:42.787Z</time>
    </trkpt>
    <trkpt lat="46.406853" lon="10.496602">
      <ele>0</ele>
      <time>2026-04-13T11:40:44.575Z</time>
    </trkpt>
    <trkpt lat="46.406868" lon="10.496585">
      <ele>0</ele>
      <time>2026-04-13T11:40:46.362Z</time>
    </trkpt>
    <trkpt lat="46.406902" lon="10.496572">
      <ele>0</ele>
      <time>2026-04-13T11:40:48.150Z</time>
    </trkpt>
    <trkpt lat="46.407113" lon="10.496539">
      <ele>0</ele>
      <time>2026-04-13T11:40:49.938Z</time>
    </trkpt>
    <trkpt lat="46.407432" lon="10.496526">
      <ele>0</ele>
      <time>2026-04-13T11:40:51.726Z</time>
    </trkpt>
    <trkpt lat="46.407527" lon="10.496513">
      <ele>0</ele>
      <time>2026-04-13T11:40:53.513Z</time>
    </trkpt>
    <trkpt lat="46.407593" lon="10.496489">
      <ele>0</ele>
      <time>2026-04-13T11:40:55.301Z</time>
    </trkpt>
    <trkpt lat="46.407923" lon="10.496364">
      <ele>0</ele>
      <time>2026-04-13T11:40:57.089Z</time>
    </trkpt>
    <trkpt lat="46.407981" lon="10.496329">
      <ele>0</ele>
      <time>2026-04-13T11:40:58.877Z</time>
    </trkpt>
    <trkpt lat="46.408031" lon="10.496270">
      <ele>0</ele>
      <time>2026-04-13T11:41:00.664Z</time>
    </trkpt>
    <trkpt lat="46.408167" lon="10.496090">
      <ele>0</ele>
      <time>2026-04-13T11:41:02.452Z</time>
    </trkpt>
    <trkpt lat="46.408256" lon="10.495982">
      <ele>0</ele>
      <time>2026-04-13T11:41:04.240Z</time>
    </trkpt>
    <trkpt lat="46.408349" lon="10.495864">
      <ele>0</ele>
      <time>2026-04-13T11:41:06.028Z</time>
    </trkpt>
    <trkpt lat="46.408437" lon="10.495796">
      <ele>0</ele>
      <time>2026-04-13T11:41:07.815Z</time>
    </trkpt>
    <trkpt lat="46.408532" lon="10.495740">
      <ele>0</ele>
      <time>2026-04-13T11:41:09.603Z</time>
    </trkpt>
    <trkpt lat="46.408606" lon="10.495680">
      <ele>0</ele>
      <time>2026-04-13T11:41:11.391Z</time>
    </trkpt>
    <trkpt lat="46.408658" lon="10.495596">
      <ele>0</ele>
      <time>2026-04-13T11:41:13.179Z</time>
    </trkpt>
    <trkpt lat="46.408736" lon="10.495386">
      <ele>0</ele>
      <time>2026-04-13T11:41:14.966Z</time>
    </trkpt>
    <trkpt lat="46.408793" lon="10.495145">
      <ele>0</ele>
      <time>2026-04-13T11:41:16.754Z</time>
    </trkpt>
    <trkpt lat="46.408840" lon="10.494821">
      <ele>0</ele>
      <time>2026-04-13T11:41:18.542Z</time>
    </trkpt>
    <trkpt lat="46.408880" lon="10.494681">
      <ele>0</ele>
      <time>2026-04-13T11:41:20.330Z</time>
    </trkpt>
    <trkpt lat="46.409067" lon="10.494371">
      <ele>0</ele>
      <time>2026-04-13T11:41:22.117Z</time>
    </trkpt>
    <trkpt lat="46.409223" lon="10.494125">
      <ele>0</ele>
      <time>2026-04-13T11:41:23.905Z</time>
    </trkpt>
    <trkpt lat="46.409277" lon="10.494058">
      <ele>0</ele>
      <time>2026-04-13T11:41:25.693Z</time>
    </trkpt>
    <trkpt lat="46.409611" lon="10.493785">
      <ele>0</ele>
      <time>2026-04-13T11:41:27.480Z</time>
    </trkpt>
    <trkpt lat="46.409766" lon="10.493698">
      <ele>0</ele>
      <time>2026-04-13T11:41:29.268Z</time>
    </trkpt>
    <trkpt lat="46.409789" lon="10.493686">
      <ele>0</ele>
      <time>2026-04-13T11:41:31.056Z</time>
    </trkpt>
    <trkpt lat="46.409814" lon="10.493675">
      <ele>0</ele>
      <time>2026-04-13T11:41:32.844Z</time>
    </trkpt>
    <trkpt lat="46.409838" lon="10.493669">
      <ele>0</ele>
      <time>2026-04-13T11:41:34.631Z</time>
    </trkpt>
    <trkpt lat="46.409860" lon="10.493677">
      <ele>0</ele>
      <time>2026-04-13T11:41:36.419Z</time>
    </trkpt>
    <trkpt lat="46.409878" lon="10.493697">
      <ele>0</ele>
      <time>2026-04-13T11:41:38.207Z</time>
    </trkpt>
    <trkpt lat="46.409885" lon="10.493723">
      <ele>0</ele>
      <time>2026-04-13T11:41:39.995Z</time>
    </trkpt>
    <trkpt lat="46.409886" lon="10.493763">
      <ele>0</ele>
      <time>2026-04-13T11:41:41.782Z</time>
    </trkpt>
    <trkpt lat="46.409878" lon="10.493792">
      <ele>0</ele>
      <time>2026-04-13T11:41:43.570Z</time>
    </trkpt>
    <trkpt lat="46.409859" lon="10.493813">
      <ele>0</ele>
      <time>2026-04-13T11:41:45.358Z</time>
    </trkpt>
    <trkpt lat="46.409805" lon="10.493850">
      <ele>0</ele>
      <time>2026-04-13T11:41:47.146Z</time>
    </trkpt>
    <trkpt lat="46.409740" lon="10.493899">
      <ele>0</ele>
      <time>2026-04-13T11:41:48.933Z</time>
    </trkpt>
    <trkpt lat="46.409690" lon="10.493954">
      <ele>0</ele>
      <time>2026-04-13T11:41:50.721Z</time>
    </trkpt>
    <trkpt lat="46.409407" lon="10.494414">
      <ele>0</ele>
      <time>2026-04-13T11:41:52.509Z</time>
    </trkpt>
    <trkpt lat="46.409340" lon="10.494584">
      <ele>0</ele>
      <time>2026-04-13T11:41:54.297Z</time>
    </trkpt>
    <trkpt lat="46.409285" lon="10.494767">
      <ele>0</ele>
      <time>2026-04-13T11:41:56.084Z</time>
    </trkpt>
    <trkpt lat="46.409279" lon="10.495393">
      <ele>0</ele>
      <time>2026-04-13T11:41:57.872Z</time>
    </trkpt>
    <trkpt lat="46.409291" lon="10.495614">
      <ele>0</ele>
      <time>2026-04-13T11:41:59.660Z</time>
    </trkpt>
    <trkpt lat="46.409273" lon="10.495836">
      <ele>0</ele>
      <time>2026-04-13T11:42:01.448Z</time>
    </trkpt>
    <trkpt lat="46.409187" lon="10.496045">
      <ele>0</ele>
      <time>2026-04-13T11:42:03.235Z</time>
    </trkpt>
    <trkpt lat="46.408810" lon="10.496678">
      <ele>0</ele>
      <time>2026-04-13T11:42:05.023Z</time>
    </trkpt>
    <trkpt lat="46.408726" lon="10.496974">
      <ele>0</ele>
      <time>2026-04-13T11:42:06.811Z</time>
    </trkpt>
    <trkpt lat="46.408719" lon="10.497066">
      <ele>0</ele>
      <time>2026-04-13T11:42:08.599Z</time>
    </trkpt>
    <trkpt lat="46.408710" lon="10.497185">
      <ele>0</ele>
      <time>2026-04-13T11:42:10.386Z</time>
    </trkpt>
    <trkpt lat="46.408676" lon="10.497273">
      <ele>0</ele>
      <time>2026-04-13T11:42:12.174Z</time>
    </trkpt>
    <trkpt lat="46.408478" lon="10.497578">
      <ele>0</ele>
      <time>2026-04-13T11:42:13.962Z</time>
    </trkpt>
    <trkpt lat="46.408401" lon="10.497929">
      <ele>0</ele>
      <time>2026-04-13T11:42:15.750Z</time>
    </trkpt>
    <trkpt lat="46.408362" lon="10.498184">
      <ele>0</ele>
      <time>2026-04-13T11:42:17.537Z</time>
    </trkpt>
    <trkpt lat="46.408339" lon="10.498268">
      <ele>0</ele>
      <time>2026-04-13T11:42:19.325Z</time>
    </trkpt>
    <trkpt lat="46.408334" lon="10.498312">
      <ele>0</ele>
      <time>2026-04-13T11:42:21.113Z</time>
    </trkpt>
    <trkpt lat="46.408336" lon="10.498346">
      <ele>0</ele>
      <time>2026-04-13T11:42:22.901Z</time>
    </trkpt>
    <trkpt lat="46.408351" lon="10.498374">
      <ele>0</ele>
      <time>2026-04-13T11:42:24.688Z</time>
    </trkpt>
    <trkpt lat="46.408369" lon="10.498390">
      <ele>0</ele>
      <time>2026-04-13T11:42:26.476Z</time>
    </trkpt>
    <trkpt lat="46.408394" lon="10.498392">
      <ele>0</ele>
      <time>2026-04-13T11:42:28.264Z</time>
    </trkpt>
    <trkpt lat="46.408425" lon="10.498382">
      <ele>0</ele>
      <time>2026-04-13T11:42:30.052Z</time>
    </trkpt>
    <trkpt lat="46.408456" lon="10.498358">
      <ele>0</ele>
      <time>2026-04-13T11:42:31.839Z</time>
    </trkpt>
    <trkpt lat="46.408501" lon="10.498314">
      <ele>0</ele>
      <time>2026-04-13T11:42:33.627Z</time>
    </trkpt>
    <trkpt lat="46.408721" lon="10.498118">
      <ele>0</ele>
      <time>2026-04-13T11:42:35.415Z</time>
    </trkpt>
    <trkpt lat="46.409139" lon="10.497585">
      <ele>0</ele>
      <time>2026-04-13T11:42:37.203Z</time>
    </trkpt>
    <trkpt lat="46.409270" lon="10.497412">
      <ele>0</ele>
      <time>2026-04-13T11:42:38.990Z</time>
    </trkpt>
    <trkpt lat="46.409444" lon="10.497284">
      <ele>0</ele>
      <time>2026-04-13T11:42:40.778Z</time>
    </trkpt>
    <trkpt lat="46.409563" lon="10.497220">
      <ele>0</ele>
      <time>2026-04-13T11:42:42.566Z</time>
    </trkpt>
    <trkpt lat="46.409678" lon="10.497163">
      <ele>0</ele>
      <time>2026-04-13T11:42:44.354Z</time>
    </trkpt>
    <trkpt lat="46.409781" lon="10.497100">
      <ele>0</ele>
      <time>2026-04-13T11:42:46.141Z</time>
    </trkpt>
    <trkpt lat="46.409852" lon="10.496996">
      <ele>0</ele>
      <time>2026-04-13T11:42:47.929Z</time>
    </trkpt>
    <trkpt lat="46.409900" lon="10.496859">
      <ele>0</ele>
      <time>2026-04-13T11:42:49.717Z</time>
    </trkpt>
    <trkpt lat="46.409947" lon="10.496630">
      <ele>0</ele>
      <time>2026-04-13T11:42:51.505Z</time>
    </trkpt>
    <trkpt lat="46.410007" lon="10.496387">
      <ele>0</ele>
      <time>2026-04-13T11:42:53.292Z</time>
    </trkpt>
    <trkpt lat="46.410107" lon="10.496125">
      <ele>0</ele>
      <time>2026-04-13T11:42:55.080Z</time>
    </trkpt>
    <trkpt lat="46.410205" lon="10.495971">
      <ele>0</ele>
      <time>2026-04-13T11:42:56.868Z</time>
    </trkpt>
    <trkpt lat="46.410286" lon="10.495868">
      <ele>0</ele>
      <time>2026-04-13T11:42:58.656Z</time>
    </trkpt>
    <trkpt lat="46.410327" lon="10.495826">
      <ele>0</ele>
      <time>2026-04-13T11:43:00.443Z</time>
    </trkpt>
    <trkpt lat="46.410502" lon="10.495632">
      <ele>0</ele>
      <time>2026-04-13T11:43:02.231Z</time>
    </trkpt>
    <trkpt lat="46.410798" lon="10.495406">
      <ele>0</ele>
      <time>2026-04-13T11:43:04.019Z</time>
    </trkpt>
    <trkpt lat="46.411034" lon="10.495205">
      <ele>0</ele>
      <time>2026-04-13T11:43:05.807Z</time>
    </trkpt>
    <trkpt lat="46.411159" lon="10.495093">
      <ele>0</ele>
      <time>2026-04-13T11:43:07.594Z</time>
    </trkpt>
    <trkpt lat="46.411355" lon="10.494919">
      <ele>0</ele>
      <time>2026-04-13T11:43:09.382Z</time>
    </trkpt>
    <trkpt lat="46.411539" lon="10.494751">
      <ele>0</ele>
      <time>2026-04-13T11:43:11.170Z</time>
    </trkpt>
    <trkpt lat="46.411672" lon="10.494641">
      <ele>0</ele>
      <time>2026-04-13T11:43:12.958Z</time>
    </trkpt>
    <trkpt lat="46.411842" lon="10.494571">
      <ele>0</ele>
      <time>2026-04-13T11:43:14.745Z</time>
    </trkpt>
    <trkpt lat="46.412346" lon="10.494386">
      <ele>0</ele>
      <time>2026-04-13T11:43:16.533Z</time>
    </trkpt>
    <trkpt lat="46.412398" lon="10.494348">
      <ele>0</ele>
      <time>2026-04-13T11:43:18.321Z</time>
    </trkpt>
    <trkpt lat="46.412455" lon="10.494287">
      <ele>0</ele>
      <time>2026-04-13T11:43:20.109Z</time>
    </trkpt>
    <trkpt lat="46.412497" lon="10.494230">
      <ele>0</ele>
      <time>2026-04-13T11:43:21.896Z</time>
    </trkpt>
    <trkpt lat="46.412503" lon="10.494221">
      <ele>0</ele>
      <time>2026-04-13T11:43:23.684Z</time>
    </trkpt>
    <trkpt lat="46.412530" lon="10.494178">
      <ele>0</ele>
      <time>2026-04-13T11:43:25.472Z</time>
    </trkpt>
    <trkpt lat="46.412563" lon="10.494117">
      <ele>0</ele>
      <time>2026-04-13T11:43:27.260Z</time>
    </trkpt>
    <trkpt lat="46.413003" lon="10.493237">
      <ele>0</ele>
      <time>2026-04-13T11:43:29.047Z</time>
    </trkpt>
    <trkpt lat="46.413837" lon="10.491636">
      <ele>0</ele>
      <time>2026-04-13T11:43:30.835Z</time>
    </trkpt>
    <trkpt lat="46.413880" lon="10.491556">
      <ele>0</ele>
      <time>2026-04-13T11:43:32.623Z</time>
    </trkpt>
    <trkpt lat="46.414247" lon="10.490873">
      <ele>0</ele>
      <time>2026-04-13T11:43:34.411Z</time>
    </trkpt>
    <trkpt lat="46.414353" lon="10.490626">
      <ele>0</ele>
      <time>2026-04-13T11:43:36.198Z</time>
    </trkpt>
    <trkpt lat="46.414372" lon="10.490521">
      <ele>0</ele>
      <time>2026-04-13T11:43:37.986Z</time>
    </trkpt>
    <trkpt lat="46.414404" lon="10.490311">
      <ele>0</ele>
      <time>2026-04-13T11:43:39.774Z</time>
    </trkpt>
    <trkpt lat="46.414444" lon="10.489432">
      <ele>0</ele>
      <time>2026-04-13T11:43:41.562Z</time>
    </trkpt>
    <trkpt lat="46.414461" lon="10.489294">
      <ele>0</ele>
      <time>2026-04-13T11:43:43.349Z</time>
    </trkpt>
    <trkpt lat="46.414497" lon="10.489160">
      <ele>0</ele>
      <time>2026-04-13T11:43:45.137Z</time>
    </trkpt>
    <trkpt lat="46.414545" lon="10.489007">
      <ele>0</ele>
      <time>2026-04-13T11:43:46.925Z</time>
    </trkpt>
    <trkpt lat="46.414729" lon="10.488629">
      <ele>0</ele>
      <time>2026-04-13T11:43:48.713Z</time>
    </trkpt>
    <trkpt lat="46.414802" lon="10.488533">
      <ele>0</ele>
      <time>2026-04-13T11:43:50.500Z</time>
    </trkpt>
    <trkpt lat="46.414813" lon="10.488524">
      <ele>0</ele>
      <time>2026-04-13T11:43:52.288Z</time>
    </trkpt>
    <trkpt lat="46.414879" lon="10.488474">
      <ele>0</ele>
      <time>2026-04-13T11:43:54.076Z</time>
    </trkpt>
    <trkpt lat="46.415054" lon="10.488362">
      <ele>0</ele>
      <time>2026-04-13T11:43:55.864Z</time>
    </trkpt>
    <trkpt lat="46.415176" lon="10.488231">
      <ele>0</ele>
      <time>2026-04-13T11:43:57.651Z</time>
    </trkpt>
    <trkpt lat="46.415348" lon="10.487989">
      <ele>0</ele>
      <time>2026-04-13T11:43:59.439Z</time>
    </trkpt>
    <trkpt lat="46.415513" lon="10.487828">
      <ele>0</ele>
      <time>2026-04-13T11:44:01.227Z</time>
    </trkpt>
    <trkpt lat="46.415636" lon="10.487746">
      <ele>0</ele>
      <time>2026-04-13T11:44:03.015Z</time>
    </trkpt>
    <trkpt lat="46.415757" lon="10.487667">
      <ele>0</ele>
      <time>2026-04-13T11:44:04.802Z</time>
    </trkpt>
    <trkpt lat="46.415903" lon="10.487487">
      <ele>0</ele>
      <time>2026-04-13T11:44:06.590Z</time>
    </trkpt>
    <trkpt lat="46.415969" lon="10.487355">
      <ele>0</ele>
      <time>2026-04-13T11:44:08.378Z</time>
    </trkpt>
    <trkpt lat="46.416058" lon="10.487146">
      <ele>0</ele>
      <time>2026-04-13T11:44:10.165Z</time>
    </trkpt>
    <trkpt lat="46.416106" lon="10.486983">
      <ele>0</ele>
      <time>2026-04-13T11:44:11.953Z</time>
    </trkpt>
    <trkpt lat="46.416113" lon="10.486967">
      <ele>0</ele>
      <time>2026-04-13T11:44:13.741Z</time>
    </trkpt>
    <trkpt lat="46.416153" lon="10.486861">
      <ele>0</ele>
      <time>2026-04-13T11:44:15.529Z</time>
    </trkpt>
    <trkpt lat="46.416205" lon="10.486657">
      <ele>0</ele>
      <time>2026-04-13T11:44:17.316Z</time>
    </trkpt>
    <trkpt lat="46.416445" lon="10.485639">
      <ele>0</ele>
      <time>2026-04-13T11:44:19.104Z</time>
    </trkpt>
    <trkpt lat="46.416525" lon="10.485486">
      <ele>0</ele>
      <time>2026-04-13T11:44:20.892Z</time>
    </trkpt>
    <trkpt lat="46.416653" lon="10.485316">
      <ele>0</ele>
      <time>2026-04-13T11:44:22.680Z</time>
    </trkpt>
    <trkpt lat="46.416891" lon="10.484969">
      <ele>0</ele>
      <time>2026-04-13T11:44:24.467Z</time>
    </trkpt>
    <trkpt lat="46.417055" lon="10.484679">
      <ele>0</ele>
      <time>2026-04-13T11:44:26.255Z</time>
    </trkpt>
    <trkpt lat="46.417154" lon="10.484569">
      <ele>0</ele>
      <time>2026-04-13T11:44:28.043Z</time>
    </trkpt>
    <trkpt lat="46.417368" lon="10.484426">
      <ele>0</ele>
      <time>2026-04-13T11:44:29.831Z</time>
    </trkpt>
    <trkpt lat="46.417491" lon="10.484235">
      <ele>0</ele>
      <time>2026-04-13T11:44:31.618Z</time>
    </trkpt>
    <trkpt lat="46.417593" lon="10.483916">
      <ele>0</ele>
      <time>2026-04-13T11:44:33.406Z</time>
    </trkpt>
    <trkpt lat="46.417643" lon="10.483683">
      <ele>0</ele>
      <time>2026-04-13T11:44:35.194Z</time>
    </trkpt>
    <trkpt lat="46.417688" lon="10.483581">
      <ele>0</ele>
      <time>2026-04-13T11:44:36.982Z</time>
    </trkpt>
    <trkpt lat="46.417723" lon="10.483503">
      <ele>0</ele>
      <time>2026-04-13T11:44:38.769Z</time>
    </trkpt>
    <trkpt lat="46.417957" lon="10.483172">
      <ele>0</ele>
      <time>2026-04-13T11:44:40.557Z</time>
    </trkpt>
    <trkpt lat="46.418301" lon="10.482632">
      <ele>0</ele>
      <time>2026-04-13T11:44:42.345Z</time>
    </trkpt>
    <trkpt lat="46.418417" lon="10.482272">
      <ele>0</ele>
      <time>2026-04-13T11:44:44.133Z</time>
    </trkpt>
    <trkpt lat="46.418572" lon="10.481927">
      <ele>0</ele>
      <time>2026-04-13T11:44:45.920Z</time>
    </trkpt>
    <trkpt lat="46.418698" lon="10.481502">
      <ele>0</ele>
      <time>2026-04-13T11:44:47.708Z</time>
    </trkpt>
    <trkpt lat="46.418713" lon="10.481183">
      <ele>0</ele>
      <time>2026-04-13T11:44:49.496Z</time>
    </trkpt>
    <trkpt lat="46.418699" lon="10.480667">
      <ele>0</ele>
      <time>2026-04-13T11:44:51.284Z</time>
    </trkpt>
    <trkpt lat="46.418705" lon="10.480224">
      <ele>0</ele>
      <time>2026-04-13T11:44:53.071Z</time>
    </trkpt>
    <trkpt lat="46.418716" lon="10.479817">
      <ele>0</ele>
      <time>2026-04-13T11:44:54.859Z</time>
    </trkpt>
    <trkpt lat="46.418745" lon="10.479342">
      <ele>0</ele>
      <time>2026-04-13T11:44:56.647Z</time>
    </trkpt>
    <trkpt lat="46.418786" lon="10.478882">
      <ele>0</ele>
      <time>2026-04-13T11:44:58.435Z</time>
    </trkpt>
    <trkpt lat="46.418871" lon="10.478464">
      <ele>0</ele>
      <time>2026-04-13T11:45:00.222Z</time>
    </trkpt>
    <trkpt lat="46.418940" lon="10.478165">
      <ele>0</ele>
      <time>2026-04-13T11:45:02.010Z</time>
    </trkpt>
    <trkpt lat="46.419059" lon="10.477936">
      <ele>0</ele>
      <time>2026-04-13T11:45:03.798Z</time>
    </trkpt>
    <trkpt lat="46.419199" lon="10.477626">
      <ele>0</ele>
      <time>2026-04-13T11:45:05.586Z</time>
    </trkpt>
    <trkpt lat="46.419673" lon="10.476263">
      <ele>0</ele>
      <time>2026-04-13T11:45:07.373Z</time>
    </trkpt>
    <trkpt lat="46.420068" lon="10.475202">
      <ele>0</ele>
      <time>2026-04-13T11:45:09.161Z</time>
    </trkpt>
    <trkpt lat="46.420585" lon="10.474250">
      <ele>0</ele>
      <time>2026-04-13T11:45:10.949Z</time>
    </trkpt>
    <trkpt lat="46.421767" lon="10.471406">
      <ele>0</ele>
      <time>2026-04-13T11:45:12.737Z</time>
    </trkpt>
    <trkpt lat="46.421915" lon="10.471236">
      <ele>0</ele>
      <time>2026-04-13T11:45:14.524Z</time>
    </trkpt>
    <trkpt lat="46.422180" lon="10.471016">
      <ele>0</ele>
      <time>2026-04-13T11:45:16.312Z</time>
    </trkpt>
    <trkpt lat="46.422326" lon="10.470808">
      <ele>0</ele>
      <time>2026-04-13T11:45:18.100Z</time>
    </trkpt>
    <trkpt lat="46.422893" lon="10.469325">
      <ele>0</ele>
      <time>2026-04-13T11:45:19.888Z</time>
    </trkpt>
    <trkpt lat="46.423023" lon="10.469147">
      <ele>0</ele>
      <time>2026-04-13T11:45:21.675Z</time>
    </trkpt>
    <trkpt lat="46.423337" lon="10.468966">
      <ele>0</ele>
      <time>2026-04-13T11:45:23.463Z</time>
    </trkpt>
    <trkpt lat="46.423614" lon="10.468712">
      <ele>0</ele>
      <time>2026-04-13T11:45:25.251Z</time>
    </trkpt>
    <trkpt lat="46.423874" lon="10.468298">
      <ele>0</ele>
      <time>2026-04-13T11:45:27.039Z</time>
    </trkpt>
    <trkpt lat="46.423962" lon="10.468054">
      <ele>0</ele>
      <time>2026-04-13T11:45:28.826Z</time>
    </trkpt>
    <trkpt lat="46.423989" lon="10.467783">
      <ele>0</ele>
      <time>2026-04-13T11:45:30.614Z</time>
    </trkpt>
    <trkpt lat="46.424037" lon="10.467068">
      <ele>0</ele>
      <time>2026-04-13T11:45:32.402Z</time>
    </trkpt>
    <trkpt lat="46.424152" lon="10.466640">
      <ele>0</ele>
      <time>2026-04-13T11:45:34.190Z</time>
    </trkpt>
    <trkpt lat="46.424316" lon="10.466158">
      <ele>0</ele>
      <time>2026-04-13T11:45:35.977Z</time>
    </trkpt>
    <trkpt lat="46.424549" lon="10.465429">
      <ele>0</ele>
      <time>2026-04-13T11:45:37.765Z</time>
    </trkpt>
    <trkpt lat="46.424731" lon="10.465061">
      <ele>0</ele>
      <time>2026-04-13T11:45:39.553Z</time>
    </trkpt>
    <trkpt lat="46.425088" lon="10.464396">
      <ele>0</ele>
      <time>2026-04-13T11:45:41.341Z</time>
    </trkpt>
    <trkpt lat="46.425493" lon="10.463517">
      <ele>0</ele>
      <time>2026-04-13T11:45:43.128Z</time>
    </trkpt>
    <trkpt lat="46.425636" lon="10.463251">
      <ele>0</ele>
      <time>2026-04-13T11:45:44.916Z</time>
    </trkpt>
    <trkpt lat="46.426178" lon="10.462246">
      <ele>0</ele>
      <time>2026-04-13T11:45:46.704Z</time>
    </trkpt>
    <trkpt lat="46.427008" lon="10.461074">
      <ele>0</ele>
      <time>2026-04-13T11:45:48.492Z</time>
    </trkpt>
    <trkpt lat="46.428359" lon="10.459493">
      <ele>0</ele>
      <time>2026-04-13T11:45:50.279Z</time>
    </trkpt>
    <trkpt lat="46.428674" lon="10.459122">
      <ele>0</ele>
      <time>2026-04-13T11:45:52.067Z</time>
    </trkpt>
    <trkpt lat="46.428818" lon="10.458952">
      <ele>0</ele>
      <time>2026-04-13T11:45:53.855Z</time>
    </trkpt>
    <trkpt lat="46.429378" lon="10.458474">
      <ele>0</ele>
      <time>2026-04-13T11:45:55.643Z</time>
    </trkpt>
    <trkpt lat="46.430370" lon="10.457878">
      <ele>0</ele>
      <time>2026-04-13T11:45:57.430Z</time>
    </trkpt>
    <trkpt lat="46.431317" lon="10.456882">
      <ele>0</ele>
      <time>2026-04-13T11:45:59.218Z</time>
    </trkpt>
    <trkpt lat="46.432148" lon="10.456130">
      <ele>0</ele>
      <time>2026-04-13T11:46:01.006Z</time>
    </trkpt>
    <trkpt lat="46.433162" lon="10.455621">
      <ele>0</ele>
      <time>2026-04-13T11:46:02.794Z</time>
    </trkpt>
    <trkpt lat="46.433604" lon="10.455552">
      <ele>0</ele>
      <time>2026-04-13T11:46:04.581Z</time>
    </trkpt>
    <trkpt lat="46.433877" lon="10.455415">
      <ele>0</ele>
      <time>2026-04-13T11:46:06.369Z</time>
    </trkpt>
    <trkpt lat="46.434146" lon="10.455235">
      <ele>0</ele>
      <time>2026-04-13T11:46:08.157Z</time>
    </trkpt>
    <trkpt lat="46.434494" lon="10.454979">
      <ele>0</ele>
      <time>2026-04-13T11:46:09.945Z</time>
    </trkpt>
    <trkpt lat="46.434784" lon="10.454794">
      <ele>0</ele>
      <time>2026-04-13T11:46:11.732Z</time>
    </trkpt>
    <trkpt lat="46.435000" lon="10.454721">
      <ele>0</ele>
      <time>2026-04-13T11:46:13.520Z</time>
    </trkpt>
    <trkpt lat="46.435236" lon="10.454654">
      <ele>0</ele>
      <time>2026-04-13T11:46:15.308Z</time>
    </trkpt>
    <trkpt lat="46.435560" lon="10.454506">
      <ele>0</ele>
      <time>2026-04-13T11:46:17.096Z</time>
    </trkpt>
    <trkpt lat="46.435776" lon="10.454385">
      <ele>0</ele>
      <time>2026-04-13T11:46:18.883Z</time>
    </trkpt>
    <trkpt lat="46.435974" lon="10.454218">
      <ele>0</ele>
      <time>2026-04-13T11:46:20.671Z</time>
    </trkpt>
    <trkpt lat="46.436157" lon="10.453961">
      <ele>0</ele>
      <time>2026-04-13T11:46:22.459Z</time>
    </trkpt>
    <trkpt lat="46.437437" lon="10.451902">
      <ele>0</ele>
      <time>2026-04-13T11:46:24.247Z</time>
    </trkpt>
    <trkpt lat="46.437624" lon="10.451631">
      <ele>0</ele>
      <time>2026-04-13T11:46:26.034Z</time>
    </trkpt>
    <trkpt lat="46.437771" lon="10.451460">
      <ele>0</ele>
      <time>2026-04-13T11:46:27.822Z</time>
    </trkpt>
    <trkpt lat="46.438146" lon="10.451163">
      <ele>0</ele>
      <time>2026-04-13T11:46:29.610Z</time>
    </trkpt>
    <trkpt lat="46.438409" lon="10.450956">
      <ele>0</ele>
      <time>2026-04-13T11:46:31.398Z</time>
    </trkpt>
    <trkpt lat="46.438721" lon="10.450721">
      <ele>0</ele>
      <time>2026-04-13T11:46:33.185Z</time>
    </trkpt>
    <trkpt lat="46.438968" lon="10.450416">
      <ele>0</ele>
      <time>2026-04-13T11:46:34.973Z</time>
    </trkpt>
    <trkpt lat="46.439408" lon="10.449823">
      <ele>0</ele>
      <time>2026-04-13T11:46:36.761Z</time>
    </trkpt>
    <trkpt lat="46.439669" lon="10.449426">
      <ele>0</ele>
      <time>2026-04-13T11:46:38.549Z</time>
    </trkpt>
    <trkpt lat="46.439837" lon="10.449095">
      <ele>0</ele>
      <time>2026-04-13T11:46:40.336Z</time>
    </trkpt>
    <trkpt lat="46.440031" lon="10.448553">
      <ele>0</ele>
      <time>2026-04-13T11:46:42.124Z</time>
    </trkpt>
    <trkpt lat="46.440251" lon="10.448070">
      <ele>0</ele>
      <time>2026-04-13T11:46:43.912Z</time>
    </trkpt>
    <trkpt lat="46.441116" lon="10.447078">
      <ele>0</ele>
      <time>2026-04-13T11:46:45.700Z</time>
    </trkpt>
    <trkpt lat="46.441327" lon="10.446379">
      <ele>0</ele>
      <time>2026-04-13T11:46:47.487Z</time>
    </trkpt>
    <trkpt lat="46.441551" lon="10.445934">
      <ele>0</ele>
      <time>2026-04-13T11:46:49.275Z</time>
    </trkpt>
    <trkpt lat="46.441665" lon="10.445733">
      <ele>0</ele>
      <time>2026-04-13T11:46:51.063Z</time>
    </trkpt>
    <trkpt lat="46.441774" lon="10.445591">
      <ele>0</ele>
      <time>2026-04-13T11:46:52.850Z</time>
    </trkpt>
    <trkpt lat="46.441974" lon="10.445395">
      <ele>0</ele>
      <time>2026-04-13T11:46:54.638Z</time>
    </trkpt>
    <trkpt lat="46.442122" lon="10.445220">
      <ele>0</ele>
      <time>2026-04-13T11:46:56.426Z</time>
    </trkpt>
    <trkpt lat="46.443025" lon="10.443787">
      <ele>0</ele>
      <time>2026-04-13T11:46:58.214Z</time>
    </trkpt>
    <trkpt lat="46.443289" lon="10.443519">
      <ele>0</ele>
      <time>2026-04-13T11:47:00.001Z</time>
    </trkpt>
    <trkpt lat="46.443697" lon="10.443110">
      <ele>0</ele>
      <time>2026-04-13T11:47:01.789Z</time>
    </trkpt>
    <trkpt lat="46.444259" lon="10.442295">
      <ele>0</ele>
      <time>2026-04-13T11:47:03.577Z</time>
    </trkpt>
    <trkpt lat="46.444741" lon="10.441654">
      <ele>0</ele>
      <time>2026-04-13T11:47:05.365Z</time>
    </trkpt>
    <trkpt lat="46.445171" lon="10.441285">
      <ele>0</ele>
      <time>2026-04-13T11:47:07.152Z</time>
    </trkpt>
    <trkpt lat="46.446450" lon="10.440463">
      <ele>0</ele>
      <time>2026-04-13T11:47:08.940Z</time>
    </trkpt>
    <trkpt lat="46.447134" lon="10.439956">
      <ele>0</ele>
      <time>2026-04-13T11:47:10.728Z</time>
    </trkpt>
    <trkpt lat="46.447851" lon="10.439725">
      <ele>0</ele>
      <time>2026-04-13T11:47:12.516Z</time>
    </trkpt>
    <trkpt lat="46.448216" lon="10.439592">
      <ele>0</ele>
      <time>2026-04-13T11:47:14.303Z</time>
    </trkpt>
    <trkpt lat="46.448529" lon="10.439305">
      <ele>0</ele>
      <time>2026-04-13T11:47:16.091Z</time>
    </trkpt>
    <trkpt lat="46.449356" lon="10.438335">
      <ele>0</ele>
      <time>2026-04-13T11:47:17.879Z</time>
    </trkpt>
    <trkpt lat="46.450151" lon="10.437670">
      <ele>0</ele>
      <time>2026-04-13T11:47:19.667Z</time>
    </trkpt>
    <trkpt lat="46.450563" lon="10.437009">
      <ele>0</ele>
      <time>2026-04-13T11:47:21.454Z</time>
    </trkpt>
    <trkpt lat="46.451023" lon="10.436515">
      <ele>0</ele>
      <time>2026-04-13T11:47:23.242Z</time>
    </trkpt>
    <trkpt lat="46.451630" lon="10.435913">
      <ele>0</ele>
      <time>2026-04-13T11:47:25.030Z</time>
    </trkpt>
    <trkpt lat="46.452168" lon="10.435604">
      <ele>0</ele>
      <time>2026-04-13T11:47:26.818Z</time>
    </trkpt>
    <trkpt lat="46.452414" lon="10.435305">
      <ele>0</ele>
      <time>2026-04-13T11:47:28.605Z</time>
    </trkpt>
    <trkpt lat="46.452591" lon="10.434566">
      <ele>0</ele>
      <time>2026-04-13T11:47:30.393Z</time>
    </trkpt>
    <trkpt lat="46.452766" lon="10.433887">
      <ele>0</ele>
      <time>2026-04-13T11:47:32.181Z</time>
    </trkpt>
    <trkpt lat="46.452957" lon="10.433383">
      <ele>0</ele>
      <time>2026-04-13T11:47:33.969Z</time>
    </trkpt>
    <trkpt lat="46.453449" lon="10.432335">
      <ele>0</ele>
      <time>2026-04-13T11:47:35.756Z</time>
    </trkpt>
    <trkpt lat="46.453715" lon="10.431974">
      <ele>0</ele>
      <time>2026-04-13T11:47:37.544Z</time>
    </trkpt>
    <trkpt lat="46.453931" lon="10.431813">
      <ele>0</ele>
      <time>2026-04-13T11:47:39.332Z</time>
    </trkpt>
    <trkpt lat="46.454146" lon="10.431704">
      <ele>0</ele>
      <time>2026-04-13T11:47:41.120Z</time>
    </trkpt>
    <trkpt lat="46.454622" lon="10.431569">
      <ele>0</ele>
      <time>2026-04-13T11:47:42.907Z</time>
    </trkpt>
    <trkpt lat="46.455143" lon="10.431398">
      <ele>0</ele>
      <time>2026-04-13T11:47:44.695Z</time>
    </trkpt>
    <trkpt lat="46.455322" lon="10.431313">
      <ele>0</ele>
      <time>2026-04-13T11:47:46.483Z</time>
    </trkpt>
    <trkpt lat="46.455484" lon="10.431199">
      <ele>0</ele>
      <time>2026-04-13T11:47:48.271Z</time>
    </trkpt>
    <trkpt lat="46.455642" lon="10.431058">
      <ele>0</ele>
      <time>2026-04-13T11:47:50.058Z</time>
    </trkpt>
    <trkpt lat="46.455790" lon="10.430842">
      <ele>0</ele>
      <time>2026-04-13T11:47:51.846Z</time>
    </trkpt>
    <trkpt lat="46.455963" lon="10.430505">
      <ele>0</ele>
      <time>2026-04-13T11:47:53.634Z</time>
    </trkpt>
    <trkpt lat="46.456105" lon="10.430126">
      <ele>0</ele>
      <time>2026-04-13T11:47:55.422Z</time>
    </trkpt>
    <trkpt lat="46.456738" lon="10.428501">
      <ele>0</ele>
      <time>2026-04-13T11:47:57.209Z</time>
    </trkpt>
    <trkpt lat="46.456929" lon="10.427992">
      <ele>0</ele>
      <time>2026-04-13T11:47:58.997Z</time>
    </trkpt>
    <trkpt lat="46.457370" lon="10.426881">
      <ele>0</ele>
      <time>2026-04-13T11:48:00.785Z</time>
    </trkpt>
    <trkpt lat="46.457395" lon="10.426799">
      <ele>0</ele>
      <time>2026-04-13T11:48:02.573Z</time>
    </trkpt>
    <trkpt lat="46.457592" lon="10.426345">
      <ele>0</ele>
      <time>2026-04-13T11:48:04.360Z</time>
    </trkpt>
    <trkpt lat="46.457642" lon="10.426265">
      <ele>0</ele>
      <time>2026-04-13T11:48:06.148Z</time>
    </trkpt>
    <trkpt lat="46.457716" lon="10.426168">
      <ele>0</ele>
      <time>2026-04-13T11:48:07.936Z</time>
    </trkpt>
    <trkpt lat="46.457825" lon="10.426098">
      <ele>0</ele>
      <time>2026-04-13T11:48:09.724Z</time>
    </trkpt>
    <trkpt lat="46.457974" lon="10.426020">
      <ele>0</ele>
      <time>2026-04-13T11:48:11.511Z</time>
    </trkpt>
    <trkpt lat="46.458062" lon="10.425983">
      <ele>0</ele>
      <time>2026-04-13T11:48:13.299Z</time>
    </trkpt>
    <trkpt lat="46.458189" lon="10.425913">
      <ele>0</ele>
      <time>2026-04-13T11:48:15.087Z</time>
    </trkpt>
    <trkpt lat="46.458215" lon="10.425888">
      <ele>0</ele>
      <time>2026-04-13T11:48:16.875Z</time>
    </trkpt>
    <trkpt lat="46.458272" lon="10.425850">
      <ele>0</ele>
      <time>2026-04-13T11:48:18.662Z</time>
    </trkpt>
    <trkpt lat="46.458352" lon="10.425724">
      <ele>0</ele>
      <time>2026-04-13T11:48:20.450Z</time>
    </trkpt>
    <trkpt lat="46.458366" lon="10.425696">
      <ele>0</ele>
      <time>2026-04-13T11:48:22.238Z</time>
    </trkpt>
    <trkpt lat="46.458383" lon="10.425584">
      <ele>0</ele>
      <time>2026-04-13T11:48:24.026Z</time>
    </trkpt>
    <trkpt lat="46.458403" lon="10.425411">
      <ele>0</ele>
      <time>2026-04-13T11:48:25.813Z</time>
    </trkpt>
    <trkpt lat="46.458439" lon="10.424987">
      <ele>0</ele>
      <time>2026-04-13T11:48:27.601Z</time>
    </trkpt>
    <trkpt lat="46.458412" lon="10.424805">
      <ele>0</ele>
      <time>2026-04-13T11:48:29.389Z</time>
    </trkpt>
    <trkpt lat="46.458387" lon="10.424720">
      <ele>0</ele>
      <time>2026-04-13T11:48:31.177Z</time>
    </trkpt>
    <trkpt lat="46.458359" lon="10.424589">
      <ele>0</ele>
      <time>2026-04-13T11:48:32.964Z</time>
    </trkpt>
    <trkpt lat="46.458357" lon="10.424415">
      <ele>0</ele>
      <time>2026-04-13T11:48:34.752Z</time>
    </trkpt>
    <trkpt lat="46.458374" lon="10.424293">
      <ele>0</ele>
      <time>2026-04-13T11:48:36.540Z</time>
    </trkpt>
    <trkpt lat="46.458412" lon="10.423936">
      <ele>0</ele>
      <time>2026-04-13T11:48:38.328Z</time>
    </trkpt>
    <trkpt lat="46.458449" lon="10.423680">
      <ele>0</ele>
      <time>2026-04-13T11:48:40.115Z</time>
    </trkpt>
    <trkpt lat="46.458486" lon="10.423489">
      <ele>0</ele>
      <time>2026-04-13T11:48:41.903Z</time>
    </trkpt>
    <trkpt lat="46.458534" lon="10.423367">
      <ele>0</ele>
      <time>2026-04-13T11:48:43.691Z</time>
    </trkpt>
    <trkpt lat="46.458819" lon="10.422847">
      <ele>0</ele>
      <time>2026-04-13T11:48:45.479Z</time>
    </trkpt>
    <trkpt lat="46.458922" lon="10.422673">
      <ele>0</ele>
      <time>2026-04-13T11:48:47.266Z</time>
    </trkpt>
    <trkpt lat="46.459004" lon="10.422579">
      <ele>0</ele>
      <time>2026-04-13T11:48:49.054Z</time>
    </trkpt>
    <trkpt lat="46.459062" lon="10.422514">
      <ele>0</ele>
      <time>2026-04-13T11:48:50.842Z</time>
    </trkpt>
    <trkpt lat="46.459286" lon="10.422291">
      <ele>0</ele>
      <time>2026-04-13T11:48:52.630Z</time>
    </trkpt>
    <trkpt lat="46.459754" lon="10.421805">
      <ele>0</ele>
      <time>2026-04-13T11:48:54.417Z</time>
    </trkpt>
    <trkpt lat="46.460201" lon="10.421312">
      <ele>0</ele>
      <time>2026-04-13T11:48:56.205Z</time>
    </trkpt>
    <trkpt lat="46.460501" lon="10.420937">
      <ele>0</ele>
      <time>2026-04-13T11:48:57.993Z</time>
    </trkpt>
    <trkpt lat="46.460607" lon="10.420761">
      <ele>0</ele>
      <time>2026-04-13T11:48:59.781Z</time>
    </trkpt>
    <trkpt lat="46.460698" lon="10.420564">
      <ele>0</ele>
      <time>2026-04-13T11:49:01.568Z</time>
    </trkpt>
    <trkpt lat="46.460756" lon="10.420364">
      <ele>0</ele>
      <time>2026-04-13T11:49:03.356Z</time>
    </trkpt>
    <trkpt lat="46.460801" lon="10.420191">
      <ele>0</ele>
      <time>2026-04-13T11:49:05.144Z</time>
    </trkpt>
    <trkpt lat="46.461087" lon="10.418932">
      <ele>0</ele>
      <time>2026-04-13T11:49:06.932Z</time>
    </trkpt>
    <trkpt lat="46.461199" lon="10.418159">
      <ele>0</ele>
      <time>2026-04-13T11:49:08.719Z</time>
    </trkpt>
    <trkpt lat="46.461242" lon="10.417869">
      <ele>0</ele>
      <time>2026-04-13T11:49:10.507Z</time>
    </trkpt>
    <trkpt lat="46.461353" lon="10.417209">
      <ele>0</ele>
      <time>2026-04-13T11:49:12.295Z</time>
    </trkpt>
    <trkpt lat="46.461616" lon="10.415791">
      <ele>0</ele>
      <time>2026-04-13T11:49:14.083Z</time>
    </trkpt>
    <trkpt lat="46.461793" lon="10.414896">
      <ele>0</ele>
      <time>2026-04-13T11:49:15.870Z</time>
    </trkpt>
    <trkpt lat="46.461871" lon="10.414193">
      <ele>0</ele>
      <time>2026-04-13T11:49:17.658Z</time>
    </trkpt>
    <trkpt lat="46.461913" lon="10.413997">
      <ele>0</ele>
      <time>2026-04-13T11:49:19.446Z</time>
    </trkpt>
    <trkpt lat="46.462070" lon="10.413388">
      <ele>0</ele>
      <time>2026-04-13T11:49:21.234Z</time>
    </trkpt>
    <trkpt lat="46.462125" lon="10.413136">
      <ele>0</ele>
      <time>2026-04-13T11:49:23.021Z</time>
    </trkpt>
    <trkpt lat="46.462141" lon="10.412867">
      <ele>0</ele>
      <time>2026-04-13T11:49:24.809Z</time>
    </trkpt>
    <trkpt lat="46.462175" lon="10.412441">
      <ele>0</ele>
      <time>2026-04-13T11:49:26.597Z</time>
    </trkpt>
    <trkpt lat="46.462214" lon="10.412161">
      <ele>0</ele>
      <time>2026-04-13T11:49:28.384Z</time>
    </trkpt>
    <trkpt lat="46.462300" lon="10.411755">
      <ele>0</ele>
      <time>2026-04-13T11:49:30.172Z</time>
    </trkpt>
    <trkpt lat="46.462603" lon="10.410804">
      <ele>0</ele>
      <time>2026-04-13T11:49:31.960Z</time>
    </trkpt>
    <trkpt lat="46.462631" lon="10.410659">
      <ele>0</ele>
      <time>2026-04-13T11:49:33.748Z</time>
    </trkpt>
    <trkpt lat="46.462641" lon="10.410561">
      <ele>0</ele>
      <time>2026-04-13T11:49:35.535Z</time>
    </trkpt>
    <trkpt lat="46.462655" lon="10.410418">
      <ele>0</ele>
      <time>2026-04-13T11:49:37.323Z</time>
    </trkpt>
    <trkpt lat="46.462657" lon="10.410394">
      <ele>0</ele>
      <time>2026-04-13T11:49:39.111Z</time>
    </trkpt>
    <trkpt lat="46.462677" lon="10.410190">
      <ele>0</ele>
      <time>2026-04-13T11:49:40.899Z</time>
    </trkpt>
    <trkpt lat="46.462742" lon="10.409142">
      <ele>0</ele>
      <time>2026-04-13T11:49:42.686Z</time>
    </trkpt>
    <trkpt lat="46.462768" lon="10.408739">
      <ele>0</ele>
      <time>2026-04-13T11:49:44.474Z</time>
    </trkpt>
    <trkpt lat="46.462769" lon="10.408653">
      <ele>0</ele>
      <time>2026-04-13T11:49:46.262Z</time>
    </trkpt>
    <trkpt lat="46.462768" lon="10.408283">
      <ele>0</ele>
      <time>2026-04-13T11:49:48.050Z</time>
    </trkpt>
    <trkpt lat="46.462749" lon="10.408199">
      <ele>0</ele>
      <time>2026-04-13T11:49:49.837Z</time>
    </trkpt>
    <trkpt lat="46.462745" lon="10.408101">
      <ele>0</ele>
      <time>2026-04-13T11:49:51.625Z</time>
    </trkpt>
    <trkpt lat="46.462759" lon="10.407959">
      <ele>0</ele>
      <time>2026-04-13T11:49:53.413Z</time>
    </trkpt>
    <trkpt lat="46.462786" lon="10.407834">
      <ele>0</ele>
      <time>2026-04-13T11:49:55.201Z</time>
    </trkpt>
    <trkpt lat="46.462807" lon="10.407696">
      <ele>0</ele>
      <time>2026-04-13T11:49:56.988Z</time>
    </trkpt>
    <trkpt lat="46.462833" lon="10.407565">
      <ele>0</ele>
      <time>2026-04-13T11:49:58.776Z</time>
    </trkpt>
    <trkpt lat="46.462881" lon="10.407439">
      <ele>0</ele>
      <time>2026-04-13T11:50:00.564Z</time>
    </trkpt>
    <trkpt lat="46.462944" lon="10.407325">
      <ele>0</ele>
      <time>2026-04-13T11:50:02.352Z</time>
    </trkpt>
    <trkpt lat="46.462999" lon="10.407205">
      <ele>0</ele>
      <time>2026-04-13T11:50:04.139Z</time>
    </trkpt>
    <trkpt lat="46.463059" lon="10.407035">
      <ele>0</ele>
      <time>2026-04-13T11:50:05.927Z</time>
    </trkpt>
    <trkpt lat="46.463090" lon="10.406883">
      <ele>0</ele>
      <time>2026-04-13T11:50:07.715Z</time>
    </trkpt>
    <trkpt lat="46.463132" lon="10.406690">
      <ele>0</ele>
      <time>2026-04-13T11:50:09.503Z</time>
    </trkpt>
    <trkpt lat="46.463179" lon="10.406465">
      <ele>0</ele>
      <time>2026-04-13T11:50:11.290Z</time>
    </trkpt>
    <trkpt lat="46.463256" lon="10.406114">
      <ele>0</ele>
      <time>2026-04-13T11:50:13.078Z</time>
    </trkpt>
    <trkpt lat="46.463289" lon="10.405952">
      <ele>0</ele>
      <time>2026-04-13T11:50:14.866Z</time>
    </trkpt>
    <trkpt lat="46.463345" lon="10.405670">
      <ele>0</ele>
      <time>2026-04-13T11:50:16.654Z</time>
    </trkpt>
    <trkpt lat="46.463361" lon="10.405476">
      <ele>0</ele>
      <time>2026-04-13T11:50:18.441Z</time>
    </trkpt>
    <trkpt lat="46.463368" lon="10.405245">
      <ele>0</ele>
      <time>2026-04-13T11:50:20.229Z</time>
    </trkpt>
    <trkpt lat="46.463350" lon="10.405014">
      <ele>0</ele>
      <time>2026-04-13T11:50:22.017Z</time>
    </trkpt>
    <trkpt lat="46.463321" lon="10.404844">
      <ele>0</ele>
      <time>2026-04-13T11:50:23.805Z</time>
    </trkpt>
    <trkpt lat="46.463270" lon="10.404656">
      <ele>0</ele>
      <time>2026-04-13T11:50:25.592Z</time>
    </trkpt>
    <trkpt lat="46.463186" lon="10.404457">
      <ele>0</ele>
      <time>2026-04-13T11:50:27.380Z</time>
    </trkpt>
    <trkpt lat="46.463110" lon="10.404259">
      <ele>0</ele>
      <time>2026-04-13T11:50:29.168Z</time>
    </trkpt>
    <trkpt lat="46.463047" lon="10.404072">
      <ele>0</ele>
      <time>2026-04-13T11:50:30.956Z</time>
    </trkpt>
    <trkpt lat="46.462989" lon="10.403803">
      <ele>0</ele>
      <time>2026-04-13T11:50:32.743Z</time>
    </trkpt>
    <trkpt lat="46.462962" lon="10.403567">
      <ele>0</ele>
      <time>2026-04-13T11:50:34.531Z</time>
    </trkpt>
    <trkpt lat="46.462958" lon="10.403500">
      <ele>0</ele>
      <time>2026-04-13T11:50:36.319Z</time>
    </trkpt>
    <trkpt lat="46.462956" lon="10.403456">
      <ele>0</ele>
      <time>2026-04-13T11:50:38.107Z</time>
    </trkpt>
    <trkpt lat="46.462952" lon="10.403375">
      <ele>0</ele>
      <time>2026-04-13T11:50:39.894Z</time>
    </trkpt>
    <trkpt lat="46.462951" lon="10.403251">
      <ele>0</ele>
      <time>2026-04-13T11:50:41.682Z</time>
    </trkpt>
    <trkpt lat="46.462962" lon="10.403135">
      <ele>0</ele>
      <time>2026-04-13T11:50:43.470Z</time>
    </trkpt>
    <trkpt lat="46.463006" lon="10.402826">
      <ele>0</ele>
      <time>2026-04-13T11:50:45.258Z</time>
    </trkpt>
    <trkpt lat="46.463155" lon="10.402067">
      <ele>0</ele>
      <time>2026-04-13T11:50:47.045Z</time>
    </trkpt>
    <trkpt lat="46.463242" lon="10.401576">
      <ele>0</ele>
      <time>2026-04-13T11:50:48.833Z</time>
    </trkpt>
    <trkpt lat="46.463340" lon="10.401268">
      <ele>0</ele>
      <time>2026-04-13T11:50:50.621Z</time>
    </trkpt>
    <trkpt lat="46.463406" lon="10.401113">
      <ele>0</ele>
      <time>2026-04-13T11:50:52.409Z</time>
    </trkpt>
    <trkpt lat="46.463489" lon="10.400956">
      <ele>0</ele>
      <time>2026-04-13T11:50:54.196Z</time>
    </trkpt>
    <trkpt lat="46.463547" lon="10.400865">
      <ele>0</ele>
      <time>2026-04-13T11:50:55.984Z</time>
    </trkpt>
    <trkpt lat="46.463672" lon="10.400676">
      <ele>0</ele>
      <time>2026-04-13T11:50:57.772Z</time>
    </trkpt>
    <trkpt lat="46.463781" lon="10.400600">
      <ele>0</ele>
      <time>2026-04-13T11:50:59.560Z</time>
    </trkpt>
    <trkpt lat="46.463901" lon="10.400541">
      <ele>0</ele>
      <time>2026-04-13T11:51:01.347Z</time>
    </trkpt>
    <trkpt lat="46.463964" lon="10.400476">
      <ele>0</ele>
      <time>2026-04-13T11:51:03.135Z</time>
    </trkpt>
    <trkpt lat="46.463994" lon="10.400445">
      <ele>0</ele>
      <time>2026-04-13T11:51:04.923Z</time>
    </trkpt>
    <trkpt lat="46.464173" lon="10.400138">
      <ele>0</ele>
      <time>2026-04-13T11:51:06.711Z</time>
    </trkpt>
    <trkpt lat="46.464278" lon="10.399960">
      <ele>0</ele>
      <time>2026-04-13T11:51:08.498Z</time>
    </trkpt>
    <trkpt lat="46.464838" lon="10.399009">
      <ele>0</ele>
      <time>2026-04-13T11:51:10.286Z</time>
    </trkpt>
    <trkpt lat="46.465066" lon="10.398575">
      <ele>0</ele>
      <time>2026-04-13T11:51:12.074Z</time>
    </trkpt>
    <trkpt lat="46.465193" lon="10.398457">
      <ele>0</ele>
      <time>2026-04-13T11:51:13.862Z</time>
    </trkpt>
    <trkpt lat="46.465293" lon="10.398405">
      <ele>0</ele>
      <time>2026-04-13T11:51:15.649Z</time>
    </trkpt>
    <trkpt lat="46.465625" lon="10.398170">
      <ele>0</ele>
      <time>2026-04-13T11:51:17.437Z</time>
    </trkpt>
    <trkpt lat="46.465846" lon="10.397981">
      <ele>0</ele>
      <time>2026-04-13T11:51:19.225Z</time>
    </trkpt>
    <trkpt lat="46.465911" lon="10.397741">
      <ele>0</ele>
      <time>2026-04-13T11:51:21.013Z</time>
    </trkpt>
    <trkpt lat="46.465933" lon="10.397551">
      <ele>0</ele>
      <time>2026-04-13T11:51:22.800Z</time>
    </trkpt>
    <trkpt lat="46.465935" lon="10.397309">
      <ele>0</ele>
      <time>2026-04-13T11:51:24.588Z</time>
    </trkpt>
    <trkpt lat="46.465931" lon="10.397102">
      <ele>0</ele>
      <time>2026-04-13T11:51:26.376Z</time>
    </trkpt>
    <trkpt lat="46.465916" lon="10.396897">
      <ele>0</ele>
      <time>2026-04-13T11:51:28.164Z</time>
    </trkpt>
    <trkpt lat="46.465892" lon="10.396528">
      <ele>0</ele>
      <time>2026-04-13T11:51:29.951Z</time>
    </trkpt>
    <trkpt lat="46.465891" lon="10.396154">
      <ele>0</ele>
      <time>2026-04-13T11:51:31.739Z</time>
    </trkpt>
    <trkpt lat="46.465954" lon="10.395342">
      <ele>0</ele>
      <time>2026-04-13T11:51:33.527Z</time>
    </trkpt>
    <trkpt lat="46.466041" lon="10.394725">
      <ele>0</ele>
      <time>2026-04-13T11:51:35.315Z</time>
    </trkpt>
    <trkpt lat="46.466166" lon="10.394117">
      <ele>0</ele>
      <time>2026-04-13T11:51:37.102Z</time>
    </trkpt>
    <trkpt lat="46.466240" lon="10.393590">
      <ele>0</ele>
      <time>2026-04-13T11:51:38.890Z</time>
    </trkpt>
    <trkpt lat="46.466291" lon="10.393088">
      <ele>0</ele>
      <time>2026-04-13T11:51:40.678Z</time>
    </trkpt>
    <trkpt lat="46.466304" lon="10.392832">
      <ele>0</ele>
      <time>2026-04-13T11:51:42.466Z</time>
    </trkpt>
    <trkpt lat="46.466288" lon="10.392511">
      <ele>0</ele>
      <time>2026-04-13T11:51:44.253Z</time>
    </trkpt>
    <trkpt lat="46.466162" lon="10.391671">
      <ele>0</ele>
      <time>2026-04-13T11:51:46.041Z</time>
    </trkpt>
    <trkpt lat="46.466083" lon="10.391191">
      <ele>0</ele>
      <time>2026-04-13T11:51:47.829Z</time>
    </trkpt>
    <trkpt lat="46.466065" lon="10.391056">
      <ele>0</ele>
      <time>2026-04-13T11:51:49.617Z</time>
    </trkpt>
    <trkpt lat="46.466060" lon="10.390900">
      <ele>0</ele>
      <time>2026-04-13T11:51:51.404Z</time>
    </trkpt>
    <trkpt lat="46.466084" lon="10.390751">
      <ele>0</ele>
      <time>2026-04-13T11:51:53.192Z</time>
    </trkpt>
    <trkpt lat="46.466199" lon="10.390251">
      <ele>0</ele>
      <time>2026-04-13T11:51:54.980Z</time>
    </trkpt>
    <trkpt lat="46.466244" lon="10.390014">
      <ele>0</ele>
      <time>2026-04-13T11:51:56.768Z</time>
    </trkpt>
    <trkpt lat="46.466268" lon="10.389842">
      <ele>0</ele>
      <time>2026-04-13T11:51:58.555Z</time>
    </trkpt>
    <trkpt lat="46.466275" lon="10.389591">
      <ele>0</ele>
      <time>2026-04-13T11:52:00.343Z</time>
    </trkpt>
    <trkpt lat="46.466200" lon="10.388538">
      <ele>0</ele>
      <time>2026-04-13T11:52:02.131Z</time>
    </trkpt>
    <trkpt lat="46.466199" lon="10.388267">
      <ele>0</ele>
      <time>2026-04-13T11:52:03.919Z</time>
    </trkpt>
    <trkpt lat="46.466257" lon="10.387584">
      <ele>0</ele>
      <time>2026-04-13T11:52:05.706Z</time>
    </trkpt>
    <trkpt lat="46.466247" lon="10.387038">
      <ele>0</ele>
      <time>2026-04-13T11:52:07.494Z</time>
    </trkpt>
    <trkpt lat="46.466230" lon="10.386441">
      <ele>0</ele>
      <time>2026-04-13T11:52:09.282Z</time>
    </trkpt>
    <trkpt lat="46.466199" lon="10.386131">
      <ele>0</ele>
      <time>2026-04-13T11:52:11.069Z</time>
    </trkpt>
    <trkpt lat="46.466163" lon="10.385878">
      <ele>0</ele>
      <time>2026-04-13T11:52:12.857Z</time>
    </trkpt>
    <trkpt lat="46.466135" lon="10.385692">
      <ele>0</ele>
      <time>2026-04-13T11:52:14.645Z</time>
    </trkpt>
    <trkpt lat="46.466129" lon="10.385594">
      <ele>0</ele>
      <time>2026-04-13T11:52:16.433Z</time>
    </trkpt>
    <trkpt lat="46.466142" lon="10.385477">
      <ele>0</ele>
      <time>2026-04-13T11:52:18.220Z</time>
    </trkpt>
    <trkpt lat="46.466283" lon="10.384673">
      <ele>0</ele>
      <time>2026-04-13T11:52:20.008Z</time>
    </trkpt>
    <trkpt lat="46.466324" lon="10.384452">
      <ele>0</ele>
      <time>2026-04-13T11:52:21.796Z</time>
    </trkpt>
    <trkpt lat="46.466380" lon="10.384223">
      <ele>0</ele>
      <time>2026-04-13T11:52:23.584Z</time>
    </trkpt>
    <trkpt lat="46.466552" lon="10.383676">
      <ele>0</ele>
      <time>2026-04-13T11:52:25.371Z</time>
    </trkpt>
    <trkpt lat="46.466686" lon="10.383162">
      <ele>0</ele>
      <time>2026-04-13T11:52:27.159Z</time>
    </trkpt>
    <trkpt lat="46.466784" lon="10.382721">
      <ele>0</ele>
      <time>2026-04-13T11:52:28.947Z</time>
    </trkpt>
    <trkpt lat="46.466888" lon="10.382006">
      <ele>0</ele>
      <time>2026-04-13T11:52:30.735Z</time>
    </trkpt>
    <trkpt lat="46.466939" lon="10.381307">
      <ele>0</ele>
      <time>2026-04-13T11:52:32.522Z</time>
    </trkpt>
    <trkpt lat="46.466964" lon="10.380740">
      <ele>0</ele>
      <time>2026-04-13T11:52:34.310Z</time>
    </trkpt>
    <trkpt lat="46.466953" lon="10.380449">
      <ele>0</ele>
      <time>2026-04-13T11:52:36.098Z</time>
    </trkpt>
    <trkpt lat="46.466898" lon="10.380057">
      <ele>0</ele>
      <time>2026-04-13T11:52:37.886Z</time>
    </trkpt>
    <trkpt lat="46.466823" lon="10.379523">
      <ele>0</ele>
      <time>2026-04-13T11:52:39.673Z</time>
    </trkpt>
    <trkpt lat="46.466811" lon="10.379471">
      <ele>0</ele>
      <time>2026-04-13T11:52:41.461Z</time>
    </trkpt>
    <trkpt lat="46.466797" lon="10.379437">
      <ele>0</ele>
      <time>2026-04-13T11:52:43.249Z</time>
    </trkpt>
    <trkpt lat="46.466700" lon="10.379146">
      <ele>0</ele>
      <time>2026-04-13T11:52:45.037Z</time>
    </trkpt>
    <trkpt lat="46.466654" lon="10.378942">
      <ele>0</ele>
      <time>2026-04-13T11:52:46.824Z</time>
    </trkpt>
    <trkpt lat="46.466571" lon="10.378464">
      <ele>0</ele>
      <time>2026-04-13T11:52:48.612Z</time>
    </trkpt>
    <trkpt lat="46.466404" lon="10.377660">
      <ele>0</ele>
      <time>2026-04-13T11:52:50.400Z</time>
    </trkpt>
    <trkpt lat="46.466149" lon="10.376618">
      <ele>0</ele>
      <time>2026-04-13T11:52:52.188Z</time>
    </trkpt>
    <trkpt lat="46.465712" lon="10.374849">
      <ele>0</ele>
      <time>2026-04-13T11:52:53.975Z</time>
    </trkpt>
    <trkpt lat="46.465693" lon="10.374766">
      <ele>0</ele>
      <time>2026-04-13T11:52:55.763Z</time>
    </trkpt>
    <trkpt lat="46.465636" lon="10.374536">
      <ele>0</ele>
      <time>2026-04-13T11:52:57.551Z</time>
    </trkpt>
    <trkpt lat="46.465422" lon="10.373636">
      <ele>0</ele>
      <time>2026-04-13T11:52:59.339Z</time>
    </trkpt>
    <trkpt lat="46.465285" lon="10.373108">
      <ele>0</ele>
      <time>2026-04-13T11:53:01.126Z</time>
    </trkpt>
    <trkpt lat="46.465263" lon="10.373031">
      <ele>0</ele>
      <time>2026-04-13T11:53:02.914Z</time>
    </trkpt>
    <trkpt lat="46.465211" lon="10.372842">
      <ele>0</ele>
      <time>2026-04-13T11:53:04.702Z</time>
    </trkpt>
    <trkpt lat="46.465548" lon="10.372748">
      <ele>0</ele>
      <time>2026-04-13T11:53:06.490Z</time>
    </trkpt>
    <trkpt lat="46.465614" lon="10.372729">
      <ele>0</ele>
      <time>2026-04-13T11:53:08.277Z</time>
    </trkpt>
    <trkpt lat="46.465765" lon="10.372688">
      <ele>0</ele>
      <time>2026-04-13T11:53:10.065Z</time>
    </trkpt>
    <trkpt lat="46.465789" lon="10.372681">
      <ele>0</ele>
      <time>2026-04-13T11:53:11.853Z</time>
    </trkpt>
    <trkpt lat="46.465967" lon="10.372628">
      <ele>0</ele>
      <time>2026-04-13T11:53:13.641Z</time>
    </trkpt>
    <trkpt lat="46.466032" lon="10.372609">
      <ele>0</ele>
      <time>2026-04-13T11:53:15.428Z</time>
    </trkpt>
    <trkpt lat="46.466206" lon="10.372535">
      <ele>0</ele>
      <time>2026-04-13T11:53:17.216Z</time>
    </trkpt>
    <trkpt lat="46.466230" lon="10.372524">
      <ele>0</ele>
      <time>2026-04-13T11:53:19.004Z</time>
    </trkpt>
    <trkpt lat="46.466321" lon="10.372428">
      <ele>0</ele>
      <time>2026-04-13T11:53:20.792Z</time>
    </trkpt>
    <trkpt lat="46.466358" lon="10.372356">
      <ele>0</ele>
      <time>2026-04-13T11:53:22.579Z</time>
    </trkpt>
    <trkpt lat="46.466503" lon="10.371835">
      <ele>0</ele>
      <time>2026-04-13T11:53:24.367Z</time>
    </trkpt>
    <trkpt lat="46.466555" lon="10.371644">
      <ele>0</ele>
      <time>2026-04-13T11:53:26.155Z</time>
    </trkpt>
    <trkpt lat="46.466587" lon="10.371514">
      <ele>0</ele>
      <time>2026-04-13T11:53:27.943Z</time>
    </trkpt>
    <trkpt lat="46.466596" lon="10.371465">
      <ele>0</ele>
      <time>2026-04-13T11:53:29.730Z</time>
    </trkpt>
    <trkpt lat="46.466604" lon="10.371409">
      <ele>0</ele>
      <time>2026-04-13T11:53:31.518Z</time>
    </trkpt>
    <trkpt lat="46.466599" lon="10.371339">
      <ele>0</ele>
      <time>2026-04-13T11:53:33.306Z</time>
    </trkpt>
    <trkpt lat="46.466577" lon="10.371268">
      <ele>0</ele>
      <time>2026-04-13T11:53:35.094Z</time>
    </trkpt>
    <trkpt lat="46.466551" lon="10.371161">
      <ele>0</ele>
      <time>2026-04-13T11:53:36.881Z</time>
    </trkpt>
    <trkpt lat="46.466525" lon="10.370964">
      <ele>0</ele>
      <time>2026-04-13T11:53:38.669Z</time>
    </trkpt>
    <trkpt lat="46.466549" lon="10.370949">
      <ele>0</ele>
      <time>2026-04-13T11:53:40.457Z</time>
    </trkpt>
    <trkpt lat="46.466568" lon="10.370924">
      <ele>0</ele>
      <time>2026-04-13T11:53:42.245Z</time>
    </trkpt>
    <trkpt lat="46.466618" lon="10.370913">
      <ele>0</ele>
      <time>2026-04-13T11:53:44.032Z</time>
    </trkpt>
    <trkpt lat="46.466668" lon="10.370902">
      <ele>0</ele>
      <time>2026-04-13T11:53:45.820Z</time>
    </trkpt>
    <trkpt lat="46.466684" lon="10.370918">
      <ele>0</ele>
      <time>2026-04-13T11:53:47.608Z</time>
    </trkpt>
    <trkpt lat="46.466691" lon="10.370925">
      <ele>0</ele>
      <time>2026-04-13T11:53:49.396Z</time>
    </trkpt>
    <trkpt lat="46.466870" lon="10.371087">
      <ele>0</ele>
      <time>2026-04-13T11:53:51.183Z</time>
    </trkpt>
    <trkpt lat="46.466919" lon="10.371129">
      <ele>0</ele>
      <time>2026-04-13T11:53:52.971Z</time>
    </trkpt>
    <trkpt lat="46.467012" lon="10.371209">
      <ele>0</ele>
      <time>2026-04-13T11:53:54.759Z</time>
    </trkpt>
    <trkpt lat="46.467073" lon="10.371253">
      <ele>0</ele>
      <time>2026-04-13T11:53:56.547Z</time>
    </trkpt>
    <trkpt lat="46.467249" lon="10.371361">
      <ele>0</ele>
      <time>2026-04-13T11:53:58.334Z</time>
    </trkpt>
    <trkpt lat="46.467584" lon="10.371572">
      <ele>0</ele>
      <time>2026-04-13T11:54:00.122Z</time>
    </trkpt>
    <trkpt lat="46.467771" lon="10.371686">
      <ele>0</ele>
      <time>2026-04-13T11:54:01.910Z</time>
    </trkpt>
    <trkpt lat="46.467959" lon="10.371792">
      <ele>0</ele>
      <time>2026-04-13T11:54:03.698Z</time>
    </trkpt>
    <trkpt lat="46.468049" lon="10.371833">
      <ele>0</ele>
      <time>2026-04-13T11:54:05.485Z</time>
    </trkpt>
    <trkpt lat="46.468131" lon="10.371854">
      <ele>0</ele>
      <time>2026-04-13T11:54:07.273Z</time>
    </trkpt>
    <trkpt lat="46.468293" lon="10.371855">
      <ele>0</ele>
      <time>2026-04-13T11:54:09.061Z</time>
    </trkpt>
    <trkpt lat="46.468361" lon="10.371849">
      <ele>0</ele>
      <time>2026-04-13T11:54:10.849Z</time>
    </trkpt>
    <trkpt lat="46.468548" lon="10.371798">
      <ele>0</ele>
      <time>2026-04-13T11:54:12.636Z</time>
    </trkpt>
    <trkpt lat="46.468506" lon="10.371484">
      <ele>0</ele>
      <time>2026-04-13T11:54:14.424Z</time>
    </trkpt>
    <trkpt lat="46.468463" lon="10.371314">
      <ele>0</ele>
      <time>2026-04-13T11:54:16.212Z</time>
    </trkpt>
  </trkseg>
</trk>
</gpx>