<?xml version="1.0" encoding="UTF-8" standalone="no" ?>
<gpx xmlns="http://www.topografix.com/GPX/1/1" xmlns:gpxx="http://www.garmin.com/xmlschemas/GpxExtensions/v3" xmlns:gpxtpx="http://www.garmin.com/xmlschemas/TrackPointExtension/v1" xmlns:trp="http://www.garmin.com/xmlschemas/TripExtensions/v1" creator="Scenic Motorcycle Navigation App" version="1.1" xmlns:xsi="http://www.w3.org/2001/XMLSchema-instance" xsi:schemaLocation="http://www.topografix.com/GPX/1/1 http://www.topografix.com/GPX/1/1/gpx.xsd http://www.garmin.com/xmlschemas/GpxExtensions/v3 http://www.garmin.com/xmlschemas/GpxExtensionsv3.xsd http://www.garmin.com/xmlschemas/TrackPointExtension/v1 http://www.garmin.com/xmlschemas/TrackPointExtensionv1.xsd">

<metadata>
  <author>
    <name>Scenic Motorcycle Navigation App</name>
  </author>
  <copyright author="scenic.app"></copyright>
  <link href="https://scenic.app">
    <text>https://scenic.app</text>
  </link>
</metadata>

<wpt lat="45.736347" lon="7.315251">
  <name>Route Start</name>
  <desc>Scenic Motorcycle Navigation App</desc>
  <src>https://scenic.app</src>
  <link href="https://scenic.app">
    <text>https://scenic.app</text>
  </link>
</wpt>

<wpt lat="45.868950" lon="7.170685">
  <name>Route End</name>
  <desc>Scenic Motorcycle Navigation App</desc>
  <src>https://scenic.app</src>
  <link href="https://scenic.app">
    <text>https://scenic.app</text>
  </link>
</wpt>

<rte>
  <name>Passo del Gran San Bernardo — SS27, Valle d&#039;Aosta (plain GPX)</name>
  <desc>Distance: 34 km (Aosta to Swiss border)
Altitude: 2,469 m
Key passes: Gran San Bernardo (2,469 m)
Best for: Alpine touring, Italy–Switzerland crossing, history
Best time: June to September
Scenic Motorcycle Navigation App
  </desc>
  <src>https://scenic.app</src>
  <link href="https://scenic.app">
    <text>https://scenic.app</text>
  </link>
  <rtept lat="45.737000" lon="7.315000">
    <name>Route Start - Route Start</name>
  </rtept>
  <rtept lat="45.868800" lon="7.170600">
    <name>Route End - Route End</name>
  </rtept>
</rte>

<rte>
  <name>Passo del Gran San Bernardo — SS27, Valle d&#039;Aosta (Garmin Trip Extension)</name>
  <desc>Distance: 34 km (Aosta to Swiss border)
Altitude: 2,469 m
Key passes: Gran San Bernardo (2,469 m)
Best for: Alpine touring, Italy–Switzerland crossing, history
Best time: June to September
Scenic Motorcycle Navigation App
  </desc>
  <src>https://scenic.app</src>
  <link href="https://scenic.app">
    <text>https://scenic.app</text>
  </link>
  <rtept lat="45.737000" lon="7.315000">
    <name>Route Start - Route Start</name>
    <extensions>
      <trp:ViaPoint/>
    </extensions>
  </rtept>
  <rtept lat="45.868800" lon="7.170600">
    <name>Route End - Route End</name>
    <extensions>
      <trp:ViaPoint/>
    </extensions>
  </rtept>
</rte>

<rte>
  <name>Passo del Gran San Bernardo — SS27, Valle d&#039;Aosta (Garmin RoutePoint Extension)</name>
  <desc>Distance: 34 km (Aosta to Swiss border)
Altitude: 2,469 m
Key passes: Gran San Bernardo (2,469 m)
Best for: Alpine touring, Italy–Switzerland crossing, history
Best time: June to September
Scenic Motorcycle Navigation App
  </desc>
  <src>https://scenic.app</src>
  <link href="https://scenic.app">
    <text>https://scenic.app</text>
  </link>
  <rtept lat="45.737000" lon="7.315000">
    <name>Route Start - Route Start</name>
  </rtept>
  <rtept lat="45.868800" lon="7.170600">
    <name>Route End - Route End</name>
  </rtept>
</rte>

<trk>
  <name>Passo del Gran San Bernardo — SS27, Valle d&#039;Aosta (Track)</name>
  <desc>Distance: 34 km (Aosta to Swiss border)
Altitude: 2,469 m
Key passes: Gran San Bernardo (2,469 m)
Best for: Alpine touring, Italy–Switzerland crossing, history
Best time: June to September
Scenic Motorcycle Navigation App
  </desc>
  <src>https://scenic.app</src>
  <link href="https://scenic.app">
    <text>https://scenic.app</text>
  </link>
  <trkseg>
    <trkpt lat="45.736347" lon="7.315251">
      <ele>0</ele>
      <time>2026-04-13T11:15:41.000Z</time>
    </trkpt>
    <trkpt lat="45.736331" lon="7.315261">
      <ele>0</ele>
      <time>2026-04-13T11:15:42.729Z</time>
    </trkpt>
    <trkpt lat="45.736296" lon="7.315137">
      <ele>0</ele>
      <time>2026-04-13T11:15:44.458Z</time>
    </trkpt>
    <trkpt lat="45.736244" lon="7.315092">
      <ele>0</ele>
      <time>2026-04-13T11:15:46.187Z</time>
    </trkpt>
    <trkpt lat="45.736212" lon="7.314994">
      <ele>0</ele>
      <time>2026-04-13T11:15:47.916Z</time>
    </trkpt>
    <trkpt lat="45.736171" lon="7.314870">
      <ele>0</ele>
      <time>2026-04-13T11:15:49.646Z</time>
    </trkpt>
    <trkpt lat="45.735884" lon="7.314998">
      <ele>0</ele>
      <time>2026-04-13T11:15:51.375Z</time>
    </trkpt>
    <trkpt lat="45.735879" lon="7.315000">
      <ele>0</ele>
      <time>2026-04-13T11:15:53.104Z</time>
    </trkpt>
    <trkpt lat="45.735623" lon="7.315099">
      <ele>0</ele>
      <time>2026-04-13T11:15:54.833Z</time>
    </trkpt>
    <trkpt lat="45.735568" lon="7.314895">
      <ele>0</ele>
      <time>2026-04-13T11:15:56.562Z</time>
    </trkpt>
    <trkpt lat="45.735507" lon="7.314660">
      <ele>0</ele>
      <time>2026-04-13T11:15:58.292Z</time>
    </trkpt>
    <trkpt lat="45.735487" lon="7.314586">
      <ele>0</ele>
      <time>2026-04-13T11:16:00.021Z</time>
    </trkpt>
    <trkpt lat="45.735613" lon="7.314529">
      <ele>0</ele>
      <time>2026-04-13T11:16:01.750Z</time>
    </trkpt>
    <trkpt lat="45.736876" lon="7.313824">
      <ele>0</ele>
      <time>2026-04-13T11:16:03.479Z</time>
    </trkpt>
    <trkpt lat="45.737768" lon="7.313326">
      <ele>0</ele>
      <time>2026-04-13T11:16:05.208Z</time>
    </trkpt>
    <trkpt lat="45.737790" lon="7.313313">
      <ele>0</ele>
      <time>2026-04-13T11:16:06.937Z</time>
    </trkpt>
    <trkpt lat="45.738121" lon="7.313128">
      <ele>0</ele>
      <time>2026-04-13T11:16:08.667Z</time>
    </trkpt>
    <trkpt lat="45.738963" lon="7.312639">
      <ele>0</ele>
      <time>2026-04-13T11:16:10.396Z</time>
    </trkpt>
    <trkpt lat="45.739251" lon="7.312482">
      <ele>0</ele>
      <time>2026-04-13T11:16:12.125Z</time>
    </trkpt>
    <trkpt lat="45.739166" lon="7.312176">
      <ele>0</ele>
      <time>2026-04-13T11:16:13.854Z</time>
    </trkpt>
    <trkpt lat="45.739120" lon="7.312013">
      <ele>0</ele>
      <time>2026-04-13T11:16:15.583Z</time>
    </trkpt>
    <trkpt lat="45.739042" lon="7.311732">
      <ele>0</ele>
      <time>2026-04-13T11:16:17.313Z</time>
    </trkpt>
    <trkpt lat="45.738877" lon="7.311104">
      <ele>0</ele>
      <time>2026-04-13T11:16:19.042Z</time>
    </trkpt>
    <trkpt lat="45.738874" lon="7.311062">
      <ele>0</ele>
      <time>2026-04-13T11:16:20.771Z</time>
    </trkpt>
    <trkpt lat="45.738892" lon="7.311045">
      <ele>0</ele>
      <time>2026-04-13T11:16:22.500Z</time>
    </trkpt>
    <trkpt lat="45.738910" lon="7.311010">
      <ele>0</ele>
      <time>2026-04-13T11:16:24.229Z</time>
    </trkpt>
    <trkpt lat="45.738909" lon="7.310962">
      <ele>0</ele>
      <time>2026-04-13T11:16:25.959Z</time>
    </trkpt>
    <trkpt lat="45.739116" lon="7.310818">
      <ele>0</ele>
      <time>2026-04-13T11:16:27.688Z</time>
    </trkpt>
    <trkpt lat="45.739315" lon="7.310706">
      <ele>0</ele>
      <time>2026-04-13T11:16:29.417Z</time>
    </trkpt>
    <trkpt lat="45.739462" lon="7.310630">
      <ele>0</ele>
      <time>2026-04-13T11:16:31.146Z</time>
    </trkpt>
    <trkpt lat="45.739600" lon="7.310569">
      <ele>0</ele>
      <time>2026-04-13T11:16:32.875Z</time>
    </trkpt>
    <trkpt lat="45.739734" lon="7.310530">
      <ele>0</ele>
      <time>2026-04-13T11:16:34.605Z</time>
    </trkpt>
    <trkpt lat="45.739909" lon="7.310528">
      <ele>0</ele>
      <time>2026-04-13T11:16:36.334Z</time>
    </trkpt>
    <trkpt lat="45.739927" lon="7.310549">
      <ele>0</ele>
      <time>2026-04-13T11:16:38.063Z</time>
    </trkpt>
    <trkpt lat="45.739970" lon="7.310578">
      <ele>0</ele>
      <time>2026-04-13T11:16:39.792Z</time>
    </trkpt>
    <trkpt lat="45.739996" lon="7.310578">
      <ele>0</ele>
      <time>2026-04-13T11:16:41.521Z</time>
    </trkpt>
    <trkpt lat="45.740024" lon="7.310552">
      <ele>0</ele>
      <time>2026-04-13T11:16:43.251Z</time>
    </trkpt>
    <trkpt lat="45.740043" lon="7.310519">
      <ele>0</ele>
      <time>2026-04-13T11:16:44.980Z</time>
    </trkpt>
    <trkpt lat="45.740051" lon="7.310495">
      <ele>0</ele>
      <time>2026-04-13T11:16:46.709Z</time>
    </trkpt>
    <trkpt lat="45.740056" lon="7.310458">
      <ele>0</ele>
      <time>2026-04-13T11:16:48.438Z</time>
    </trkpt>
    <trkpt lat="45.740048" lon="7.310430">
      <ele>0</ele>
      <time>2026-04-13T11:16:50.167Z</time>
    </trkpt>
    <trkpt lat="45.740050" lon="7.310371">
      <ele>0</ele>
      <time>2026-04-13T11:16:51.897Z</time>
    </trkpt>
    <trkpt lat="45.740046" lon="7.310311">
      <ele>0</ele>
      <time>2026-04-13T11:16:53.626Z</time>
    </trkpt>
    <trkpt lat="45.740030" lon="7.310256">
      <ele>0</ele>
      <time>2026-04-13T11:16:55.355Z</time>
    </trkpt>
    <trkpt lat="45.739995" lon="7.310220">
      <ele>0</ele>
      <time>2026-04-13T11:16:57.084Z</time>
    </trkpt>
    <trkpt lat="45.739951" lon="7.310144">
      <ele>0</ele>
      <time>2026-04-13T11:16:58.813Z</time>
    </trkpt>
    <trkpt lat="45.739894" lon="7.310060">
      <ele>0</ele>
      <time>2026-04-13T11:17:00.543Z</time>
    </trkpt>
    <trkpt lat="45.739737" lon="7.309810">
      <ele>0</ele>
      <time>2026-04-13T11:17:02.272Z</time>
    </trkpt>
    <trkpt lat="45.739726" lon="7.309771">
      <ele>0</ele>
      <time>2026-04-13T11:17:04.001Z</time>
    </trkpt>
    <trkpt lat="45.739718" lon="7.309733">
      <ele>0</ele>
      <time>2026-04-13T11:17:05.730Z</time>
    </trkpt>
    <trkpt lat="45.739720" lon="7.309697">
      <ele>0</ele>
      <time>2026-04-13T11:17:07.459Z</time>
    </trkpt>
    <trkpt lat="45.739732" lon="7.309663">
      <ele>0</ele>
      <time>2026-04-13T11:17:09.189Z</time>
    </trkpt>
    <trkpt lat="45.739756" lon="7.309641">
      <ele>0</ele>
      <time>2026-04-13T11:17:10.918Z</time>
    </trkpt>
    <trkpt lat="45.740037" lon="7.309497">
      <ele>0</ele>
      <time>2026-04-13T11:17:12.647Z</time>
    </trkpt>
    <trkpt lat="45.740206" lon="7.309461">
      <ele>0</ele>
      <time>2026-04-13T11:17:14.376Z</time>
    </trkpt>
    <trkpt lat="45.740439" lon="7.309399">
      <ele>0</ele>
      <time>2026-04-13T11:17:16.105Z</time>
    </trkpt>
    <trkpt lat="45.740609" lon="7.309353">
      <ele>0</ele>
      <time>2026-04-13T11:17:17.835Z</time>
    </trkpt>
    <trkpt lat="45.740861" lon="7.309340">
      <ele>0</ele>
      <time>2026-04-13T11:17:19.564Z</time>
    </trkpt>
    <trkpt lat="45.741197" lon="7.309469">
      <ele>0</ele>
      <time>2026-04-13T11:17:21.293Z</time>
    </trkpt>
    <trkpt lat="45.741274" lon="7.309456">
      <ele>0</ele>
      <time>2026-04-13T11:17:23.022Z</time>
    </trkpt>
    <trkpt lat="45.741410" lon="7.309377">
      <ele>0</ele>
      <time>2026-04-13T11:17:24.751Z</time>
    </trkpt>
    <trkpt lat="45.741445" lon="7.309347">
      <ele>0</ele>
      <time>2026-04-13T11:17:26.481Z</time>
    </trkpt>
    <trkpt lat="45.741582" lon="7.309231">
      <ele>0</ele>
      <time>2026-04-13T11:17:28.210Z</time>
    </trkpt>
    <trkpt lat="45.741796" lon="7.309410">
      <ele>0</ele>
      <time>2026-04-13T11:17:29.939Z</time>
    </trkpt>
    <trkpt lat="45.741944" lon="7.309551">
      <ele>0</ele>
      <time>2026-04-13T11:17:31.668Z</time>
    </trkpt>
    <trkpt lat="45.742135" lon="7.309839">
      <ele>0</ele>
      <time>2026-04-13T11:17:33.397Z</time>
    </trkpt>
    <trkpt lat="45.742455" lon="7.310460">
      <ele>0</ele>
      <time>2026-04-13T11:17:35.126Z</time>
    </trkpt>
    <trkpt lat="45.742611" lon="7.310827">
      <ele>0</ele>
      <time>2026-04-13T11:17:36.856Z</time>
    </trkpt>
    <trkpt lat="45.742666" lon="7.310945">
      <ele>0</ele>
      <time>2026-04-13T11:17:38.585Z</time>
    </trkpt>
    <trkpt lat="45.742672" lon="7.311033">
      <ele>0</ele>
      <time>2026-04-13T11:17:40.314Z</time>
    </trkpt>
    <trkpt lat="45.742695" lon="7.311436">
      <ele>0</ele>
      <time>2026-04-13T11:17:42.043Z</time>
    </trkpt>
    <trkpt lat="45.742736" lon="7.311600">
      <ele>0</ele>
      <time>2026-04-13T11:17:43.772Z</time>
    </trkpt>
    <trkpt lat="45.742794" lon="7.311729">
      <ele>0</ele>
      <time>2026-04-13T11:17:45.502Z</time>
    </trkpt>
    <trkpt lat="45.742967" lon="7.311984">
      <ele>0</ele>
      <time>2026-04-13T11:17:47.231Z</time>
    </trkpt>
    <trkpt lat="45.743071" lon="7.312099">
      <ele>0</ele>
      <time>2026-04-13T11:17:48.960Z</time>
    </trkpt>
    <trkpt lat="45.743371" lon="7.312422">
      <ele>0</ele>
      <time>2026-04-13T11:17:50.689Z</time>
    </trkpt>
    <trkpt lat="45.743582" lon="7.312579">
      <ele>0</ele>
      <time>2026-04-13T11:17:52.418Z</time>
    </trkpt>
    <trkpt lat="45.743805" lon="7.312764">
      <ele>0</ele>
      <time>2026-04-13T11:17:54.148Z</time>
    </trkpt>
    <trkpt lat="45.743838" lon="7.312793">
      <ele>0</ele>
      <time>2026-04-13T11:17:55.877Z</time>
    </trkpt>
    <trkpt lat="45.743996" lon="7.312910">
      <ele>0</ele>
      <time>2026-04-13T11:17:57.606Z</time>
    </trkpt>
    <trkpt lat="45.744438" lon="7.313300">
      <ele>0</ele>
      <time>2026-04-13T11:17:59.335Z</time>
    </trkpt>
    <trkpt lat="45.744721" lon="7.313567">
      <ele>0</ele>
      <time>2026-04-13T11:18:01.064Z</time>
    </trkpt>
    <trkpt lat="45.744932" lon="7.313769">
      <ele>0</ele>
      <time>2026-04-13T11:18:02.794Z</time>
    </trkpt>
    <trkpt lat="45.745209" lon="7.314060">
      <ele>0</ele>
      <time>2026-04-13T11:18:04.523Z</time>
    </trkpt>
    <trkpt lat="45.745475" lon="7.314401">
      <ele>0</ele>
      <time>2026-04-13T11:18:06.252Z</time>
    </trkpt>
    <trkpt lat="45.745604" lon="7.314589">
      <ele>0</ele>
      <time>2026-04-13T11:18:07.981Z</time>
    </trkpt>
    <trkpt lat="45.745659" lon="7.314684">
      <ele>0</ele>
      <time>2026-04-13T11:18:09.710Z</time>
    </trkpt>
    <trkpt lat="45.745668" lon="7.314699">
      <ele>0</ele>
      <time>2026-04-13T11:18:11.440Z</time>
    </trkpt>
    <trkpt lat="45.745826" lon="7.315055">
      <ele>0</ele>
      <time>2026-04-13T11:18:13.169Z</time>
    </trkpt>
    <trkpt lat="45.745883" lon="7.315213">
      <ele>0</ele>
      <time>2026-04-13T11:18:14.898Z</time>
    </trkpt>
    <trkpt lat="45.746026" lon="7.315579">
      <ele>0</ele>
      <time>2026-04-13T11:18:16.627Z</time>
    </trkpt>
    <trkpt lat="45.746164" lon="7.315908">
      <ele>0</ele>
      <time>2026-04-13T11:18:18.356Z</time>
    </trkpt>
    <trkpt lat="45.746338" lon="7.316398">
      <ele>0</ele>
      <time>2026-04-13T11:18:20.086Z</time>
    </trkpt>
    <trkpt lat="45.746386" lon="7.316525">
      <ele>0</ele>
      <time>2026-04-13T11:18:21.815Z</time>
    </trkpt>
    <trkpt lat="45.746512" lon="7.316861">
      <ele>0</ele>
      <time>2026-04-13T11:18:23.544Z</time>
    </trkpt>
    <trkpt lat="45.746609" lon="7.317186">
      <ele>0</ele>
      <time>2026-04-13T11:18:25.273Z</time>
    </trkpt>
    <trkpt lat="45.746677" lon="7.317377">
      <ele>0</ele>
      <time>2026-04-13T11:18:27.002Z</time>
    </trkpt>
    <trkpt lat="45.746749" lon="7.317617">
      <ele>0</ele>
      <time>2026-04-13T11:18:28.732Z</time>
    </trkpt>
    <trkpt lat="45.746822" lon="7.317866">
      <ele>0</ele>
      <time>2026-04-13T11:18:30.461Z</time>
    </trkpt>
    <trkpt lat="45.746931" lon="7.318206">
      <ele>0</ele>
      <time>2026-04-13T11:18:32.190Z</time>
    </trkpt>
    <trkpt lat="45.746980" lon="7.318334">
      <ele>0</ele>
      <time>2026-04-13T11:18:33.919Z</time>
    </trkpt>
    <trkpt lat="45.747015" lon="7.318421">
      <ele>0</ele>
      <time>2026-04-13T11:18:35.648Z</time>
    </trkpt>
    <trkpt lat="45.747060" lon="7.318473">
      <ele>0</ele>
      <time>2026-04-13T11:18:37.378Z</time>
    </trkpt>
    <trkpt lat="45.747110" lon="7.318511">
      <ele>0</ele>
      <time>2026-04-13T11:18:39.107Z</time>
    </trkpt>
    <trkpt lat="45.747370" lon="7.318547">
      <ele>0</ele>
      <time>2026-04-13T11:18:40.836Z</time>
    </trkpt>
    <trkpt lat="45.747533" lon="7.318579">
      <ele>0</ele>
      <time>2026-04-13T11:18:42.565Z</time>
    </trkpt>
    <trkpt lat="45.747795" lon="7.318681">
      <ele>0</ele>
      <time>2026-04-13T11:18:44.294Z</time>
    </trkpt>
    <trkpt lat="45.748105" lon="7.318944">
      <ele>0</ele>
      <time>2026-04-13T11:18:46.024Z</time>
    </trkpt>
    <trkpt lat="45.748405" lon="7.319237">
      <ele>0</ele>
      <time>2026-04-13T11:18:47.753Z</time>
    </trkpt>
    <trkpt lat="45.748698" lon="7.319367">
      <ele>0</ele>
      <time>2026-04-13T11:18:49.482Z</time>
    </trkpt>
    <trkpt lat="45.748876" lon="7.319426">
      <ele>0</ele>
      <time>2026-04-13T11:18:51.211Z</time>
    </trkpt>
    <trkpt lat="45.748956" lon="7.319394">
      <ele>0</ele>
      <time>2026-04-13T11:18:52.940Z</time>
    </trkpt>
    <trkpt lat="45.749015" lon="7.319340">
      <ele>0</ele>
      <time>2026-04-13T11:18:54.670Z</time>
    </trkpt>
    <trkpt lat="45.749111" lon="7.319301">
      <ele>0</ele>
      <time>2026-04-13T11:18:56.399Z</time>
    </trkpt>
    <trkpt lat="45.749186" lon="7.319257">
      <ele>0</ele>
      <time>2026-04-13T11:18:58.128Z</time>
    </trkpt>
    <trkpt lat="45.749322" lon="7.319175">
      <ele>0</ele>
      <time>2026-04-13T11:18:59.857Z</time>
    </trkpt>
    <trkpt lat="45.749421" lon="7.319136">
      <ele>0</ele>
      <time>2026-04-13T11:19:01.586Z</time>
    </trkpt>
    <trkpt lat="45.749601" lon="7.319085">
      <ele>0</ele>
      <time>2026-04-13T11:19:03.315Z</time>
    </trkpt>
    <trkpt lat="45.749754" lon="7.319032">
      <ele>0</ele>
      <time>2026-04-13T11:19:05.045Z</time>
    </trkpt>
    <trkpt lat="45.749819" lon="7.318985">
      <ele>0</ele>
      <time>2026-04-13T11:19:06.774Z</time>
    </trkpt>
    <trkpt lat="45.749891" lon="7.318924">
      <ele>0</ele>
      <time>2026-04-13T11:19:08.503Z</time>
    </trkpt>
    <trkpt lat="45.750008" lon="7.318823">
      <ele>0</ele>
      <time>2026-04-13T11:19:10.232Z</time>
    </trkpt>
    <trkpt lat="45.750076" lon="7.318720">
      <ele>0</ele>
      <time>2026-04-13T11:19:11.961Z</time>
    </trkpt>
    <trkpt lat="45.750172" lon="7.318601">
      <ele>0</ele>
      <time>2026-04-13T11:19:13.691Z</time>
    </trkpt>
    <trkpt lat="45.750188" lon="7.318581">
      <ele>0</ele>
      <time>2026-04-13T11:19:15.420Z</time>
    </trkpt>
    <trkpt lat="45.750234" lon="7.318558">
      <ele>0</ele>
      <time>2026-04-13T11:19:17.149Z</time>
    </trkpt>
    <trkpt lat="45.750294" lon="7.318544">
      <ele>0</ele>
      <time>2026-04-13T11:19:18.878Z</time>
    </trkpt>
    <trkpt lat="45.750340" lon="7.318546">
      <ele>0</ele>
      <time>2026-04-13T11:19:20.607Z</time>
    </trkpt>
    <trkpt lat="45.750373" lon="7.318563">
      <ele>0</ele>
      <time>2026-04-13T11:19:22.337Z</time>
    </trkpt>
    <trkpt lat="45.750401" lon="7.318602">
      <ele>0</ele>
      <time>2026-04-13T11:19:24.066Z</time>
    </trkpt>
    <trkpt lat="45.750404" lon="7.318634">
      <ele>0</ele>
      <time>2026-04-13T11:19:25.795Z</time>
    </trkpt>
    <trkpt lat="45.750419" lon="7.318686">
      <ele>0</ele>
      <time>2026-04-13T11:19:27.524Z</time>
    </trkpt>
    <trkpt lat="45.750472" lon="7.318767">
      <ele>0</ele>
      <time>2026-04-13T11:19:29.253Z</time>
    </trkpt>
    <trkpt lat="45.750507" lon="7.318790">
      <ele>0</ele>
      <time>2026-04-13T11:19:30.983Z</time>
    </trkpt>
    <trkpt lat="45.750546" lon="7.318801">
      <ele>0</ele>
      <time>2026-04-13T11:19:32.712Z</time>
    </trkpt>
    <trkpt lat="45.750585" lon="7.318797">
      <ele>0</ele>
      <time>2026-04-13T11:19:34.441Z</time>
    </trkpt>
    <trkpt lat="45.750622" lon="7.318780">
      <ele>0</ele>
      <time>2026-04-13T11:19:36.170Z</time>
    </trkpt>
    <trkpt lat="45.750655" lon="7.318749">
      <ele>0</ele>
      <time>2026-04-13T11:19:37.899Z</time>
    </trkpt>
    <trkpt lat="45.750681" lon="7.318709">
      <ele>0</ele>
      <time>2026-04-13T11:19:39.629Z</time>
    </trkpt>
    <trkpt lat="45.750700" lon="7.318659">
      <ele>0</ele>
      <time>2026-04-13T11:19:41.358Z</time>
    </trkpt>
    <trkpt lat="45.750935" lon="7.318485">
      <ele>0</ele>
      <time>2026-04-13T11:19:43.087Z</time>
    </trkpt>
    <trkpt lat="45.750957" lon="7.318484">
      <ele>0</ele>
      <time>2026-04-13T11:19:44.816Z</time>
    </trkpt>
    <trkpt lat="45.751061" lon="7.318443">
      <ele>0</ele>
      <time>2026-04-13T11:19:46.545Z</time>
    </trkpt>
    <trkpt lat="45.751205" lon="7.318354">
      <ele>0</ele>
      <time>2026-04-13T11:19:48.275Z</time>
    </trkpt>
    <trkpt lat="45.751306" lon="7.318252">
      <ele>0</ele>
      <time>2026-04-13T11:19:50.004Z</time>
    </trkpt>
    <trkpt lat="45.751526" lon="7.318021">
      <ele>0</ele>
      <time>2026-04-13T11:19:51.733Z</time>
    </trkpt>
    <trkpt lat="45.751719" lon="7.317820">
      <ele>0</ele>
      <time>2026-04-13T11:19:53.462Z</time>
    </trkpt>
    <trkpt lat="45.751920" lon="7.317743">
      <ele>0</ele>
      <time>2026-04-13T11:19:55.191Z</time>
    </trkpt>
    <trkpt lat="45.752009" lon="7.317728">
      <ele>0</ele>
      <time>2026-04-13T11:19:56.921Z</time>
    </trkpt>
    <trkpt lat="45.752112" lon="7.317721">
      <ele>0</ele>
      <time>2026-04-13T11:19:58.650Z</time>
    </trkpt>
    <trkpt lat="45.752255" lon="7.317726">
      <ele>0</ele>
      <time>2026-04-13T11:20:00.379Z</time>
    </trkpt>
    <trkpt lat="45.752709" lon="7.317788">
      <ele>0</ele>
      <time>2026-04-13T11:20:02.108Z</time>
    </trkpt>
    <trkpt lat="45.752771" lon="7.317784">
      <ele>0</ele>
      <time>2026-04-13T11:20:03.837Z</time>
    </trkpt>
    <trkpt lat="45.752832" lon="7.317774">
      <ele>0</ele>
      <time>2026-04-13T11:20:05.567Z</time>
    </trkpt>
    <trkpt lat="45.752930" lon="7.317745">
      <ele>0</ele>
      <time>2026-04-13T11:20:07.296Z</time>
    </trkpt>
    <trkpt lat="45.753006" lon="7.317701">
      <ele>0</ele>
      <time>2026-04-13T11:20:09.025Z</time>
    </trkpt>
    <trkpt lat="45.753117" lon="7.317642">
      <ele>0</ele>
      <time>2026-04-13T11:20:10.754Z</time>
    </trkpt>
    <trkpt lat="45.753220" lon="7.317577">
      <ele>0</ele>
      <time>2026-04-13T11:20:12.483Z</time>
    </trkpt>
    <trkpt lat="45.753322" lon="7.317531">
      <ele>0</ele>
      <time>2026-04-13T11:20:14.213Z</time>
    </trkpt>
    <trkpt lat="45.753370" lon="7.317529">
      <ele>0</ele>
      <time>2026-04-13T11:20:15.942Z</time>
    </trkpt>
    <trkpt lat="45.753408" lon="7.317531">
      <ele>0</ele>
      <time>2026-04-13T11:20:17.671Z</time>
    </trkpt>
    <trkpt lat="45.753473" lon="7.317548">
      <ele>0</ele>
      <time>2026-04-13T11:20:19.400Z</time>
    </trkpt>
    <trkpt lat="45.753590" lon="7.317615">
      <ele>0</ele>
      <time>2026-04-13T11:20:21.129Z</time>
    </trkpt>
    <trkpt lat="45.753734" lon="7.317701">
      <ele>0</ele>
      <time>2026-04-13T11:20:22.859Z</time>
    </trkpt>
    <trkpt lat="45.753782" lon="7.317713">
      <ele>0</ele>
      <time>2026-04-13T11:20:24.588Z</time>
    </trkpt>
    <trkpt lat="45.753832" lon="7.317713">
      <ele>0</ele>
      <time>2026-04-13T11:20:26.317Z</time>
    </trkpt>
    <trkpt lat="45.753898" lon="7.317697">
      <ele>0</ele>
      <time>2026-04-13T11:20:28.046Z</time>
    </trkpt>
    <trkpt lat="45.753968" lon="7.317666">
      <ele>0</ele>
      <time>2026-04-13T11:20:29.775Z</time>
    </trkpt>
    <trkpt lat="45.754021" lon="7.317622">
      <ele>0</ele>
      <time>2026-04-13T11:20:31.504Z</time>
    </trkpt>
    <trkpt lat="45.754079" lon="7.317571">
      <ele>0</ele>
      <time>2026-04-13T11:20:33.234Z</time>
    </trkpt>
    <trkpt lat="45.754267" lon="7.317380">
      <ele>0</ele>
      <time>2026-04-13T11:20:34.963Z</time>
    </trkpt>
    <trkpt lat="45.754339" lon="7.317345">
      <ele>0</ele>
      <time>2026-04-13T11:20:36.692Z</time>
    </trkpt>
    <trkpt lat="45.754378" lon="7.317326">
      <ele>0</ele>
      <time>2026-04-13T11:20:38.421Z</time>
    </trkpt>
    <trkpt lat="45.754560" lon="7.317282">
      <ele>0</ele>
      <time>2026-04-13T11:20:40.150Z</time>
    </trkpt>
    <trkpt lat="45.755071" lon="7.317201">
      <ele>0</ele>
      <time>2026-04-13T11:20:41.880Z</time>
    </trkpt>
    <trkpt lat="45.755324" lon="7.317179">
      <ele>0</ele>
      <time>2026-04-13T11:20:43.609Z</time>
    </trkpt>
    <trkpt lat="45.755447" lon="7.317166">
      <ele>0</ele>
      <time>2026-04-13T11:20:45.338Z</time>
    </trkpt>
    <trkpt lat="45.755605" lon="7.317147">
      <ele>0</ele>
      <time>2026-04-13T11:20:47.067Z</time>
    </trkpt>
    <trkpt lat="45.755710" lon="7.317124">
      <ele>0</ele>
      <time>2026-04-13T11:20:48.796Z</time>
    </trkpt>
    <trkpt lat="45.756153" lon="7.317002">
      <ele>0</ele>
      <time>2026-04-13T11:20:50.526Z</time>
    </trkpt>
    <trkpt lat="45.756437" lon="7.316934">
      <ele>0</ele>
      <time>2026-04-13T11:20:52.255Z</time>
    </trkpt>
    <trkpt lat="45.756711" lon="7.316824">
      <ele>0</ele>
      <time>2026-04-13T11:20:53.984Z</time>
    </trkpt>
    <trkpt lat="45.756829" lon="7.316747">
      <ele>0</ele>
      <time>2026-04-13T11:20:55.713Z</time>
    </trkpt>
    <trkpt lat="45.757161" lon="7.316529">
      <ele>0</ele>
      <time>2026-04-13T11:20:57.442Z</time>
    </trkpt>
    <trkpt lat="45.757314" lon="7.316429">
      <ele>0</ele>
      <time>2026-04-13T11:20:59.172Z</time>
    </trkpt>
    <trkpt lat="45.757442" lon="7.316348">
      <ele>0</ele>
      <time>2026-04-13T11:21:00.901Z</time>
    </trkpt>
    <trkpt lat="45.758293" lon="7.315814">
      <ele>0</ele>
      <time>2026-04-13T11:21:02.630Z</time>
    </trkpt>
    <trkpt lat="45.758623" lon="7.315636">
      <ele>0</ele>
      <time>2026-04-13T11:21:04.359Z</time>
    </trkpt>
    <trkpt lat="45.758858" lon="7.315533">
      <ele>0</ele>
      <time>2026-04-13T11:21:06.088Z</time>
    </trkpt>
    <trkpt lat="45.759118" lon="7.315441">
      <ele>0</ele>
      <time>2026-04-13T11:21:07.818Z</time>
    </trkpt>
    <trkpt lat="45.759413" lon="7.315343">
      <ele>0</ele>
      <time>2026-04-13T11:21:09.547Z</time>
    </trkpt>
    <trkpt lat="45.759757" lon="7.315263">
      <ele>0</ele>
      <time>2026-04-13T11:21:11.276Z</time>
    </trkpt>
    <trkpt lat="45.760017" lon="7.315206">
      <ele>0</ele>
      <time>2026-04-13T11:21:13.005Z</time>
    </trkpt>
    <trkpt lat="45.760576" lon="7.315084">
      <ele>0</ele>
      <time>2026-04-13T11:21:14.734Z</time>
    </trkpt>
    <trkpt lat="45.760980" lon="7.314997">
      <ele>0</ele>
      <time>2026-04-13T11:21:16.464Z</time>
    </trkpt>
    <trkpt lat="45.761271" lon="7.314942">
      <ele>0</ele>
      <time>2026-04-13T11:21:18.193Z</time>
    </trkpt>
    <trkpt lat="45.761457" lon="7.314909">
      <ele>0</ele>
      <time>2026-04-13T11:21:19.922Z</time>
    </trkpt>
    <trkpt lat="45.761754" lon="7.314820">
      <ele>0</ele>
      <time>2026-04-13T11:21:21.651Z</time>
    </trkpt>
    <trkpt lat="45.762103" lon="7.314635">
      <ele>0</ele>
      <time>2026-04-13T11:21:23.380Z</time>
    </trkpt>
    <trkpt lat="45.762349" lon="7.314447">
      <ele>0</ele>
      <time>2026-04-13T11:21:25.110Z</time>
    </trkpt>
    <trkpt lat="45.762557" lon="7.314255">
      <ele>0</ele>
      <time>2026-04-13T11:21:26.839Z</time>
    </trkpt>
    <trkpt lat="45.762600" lon="7.314202">
      <ele>0</ele>
      <time>2026-04-13T11:21:28.568Z</time>
    </trkpt>
    <trkpt lat="45.762833" lon="7.313957">
      <ele>0</ele>
      <time>2026-04-13T11:21:30.297Z</time>
    </trkpt>
    <trkpt lat="45.763011" lon="7.313791">
      <ele>0</ele>
      <time>2026-04-13T11:21:32.026Z</time>
    </trkpt>
    <trkpt lat="45.763463" lon="7.313307">
      <ele>0</ele>
      <time>2026-04-13T11:21:33.756Z</time>
    </trkpt>
    <trkpt lat="45.763679" lon="7.313072">
      <ele>0</ele>
      <time>2026-04-13T11:21:35.485Z</time>
    </trkpt>
    <trkpt lat="45.763940" lon="7.312772">
      <ele>0</ele>
      <time>2026-04-13T11:21:37.214Z</time>
    </trkpt>
    <trkpt lat="45.764154" lon="7.312527">
      <ele>0</ele>
      <time>2026-04-13T11:21:38.943Z</time>
    </trkpt>
    <trkpt lat="45.764199" lon="7.312470">
      <ele>0</ele>
      <time>2026-04-13T11:21:40.672Z</time>
    </trkpt>
    <trkpt lat="45.764267" lon="7.312358">
      <ele>0</ele>
      <time>2026-04-13T11:21:42.402Z</time>
    </trkpt>
    <trkpt lat="45.764433" lon="7.312208">
      <ele>0</ele>
      <time>2026-04-13T11:21:44.131Z</time>
    </trkpt>
    <trkpt lat="45.764536" lon="7.312124">
      <ele>0</ele>
      <time>2026-04-13T11:21:45.860Z</time>
    </trkpt>
    <trkpt lat="45.764620" lon="7.312067">
      <ele>0</ele>
      <time>2026-04-13T11:21:47.589Z</time>
    </trkpt>
    <trkpt lat="45.764764" lon="7.311985">
      <ele>0</ele>
      <time>2026-04-13T11:21:49.318Z</time>
    </trkpt>
    <trkpt lat="45.764867" lon="7.311940">
      <ele>0</ele>
      <time>2026-04-13T11:21:51.048Z</time>
    </trkpt>
    <trkpt lat="45.764991" lon="7.311903">
      <ele>0</ele>
      <time>2026-04-13T11:21:52.777Z</time>
    </trkpt>
    <trkpt lat="45.765332" lon="7.311834">
      <ele>0</ele>
      <time>2026-04-13T11:21:54.506Z</time>
    </trkpt>
    <trkpt lat="45.765492" lon="7.311801">
      <ele>0</ele>
      <time>2026-04-13T11:21:56.235Z</time>
    </trkpt>
    <trkpt lat="45.765837" lon="7.311727">
      <ele>0</ele>
      <time>2026-04-13T11:21:57.964Z</time>
    </trkpt>
    <trkpt lat="45.765989" lon="7.311677">
      <ele>0</ele>
      <time>2026-04-13T11:21:59.693Z</time>
    </trkpt>
    <trkpt lat="45.766174" lon="7.311591">
      <ele>0</ele>
      <time>2026-04-13T11:22:01.423Z</time>
    </trkpt>
    <trkpt lat="45.766596" lon="7.311349">
      <ele>0</ele>
      <time>2026-04-13T11:22:03.152Z</time>
    </trkpt>
    <trkpt lat="45.767019" lon="7.311071">
      <ele>0</ele>
      <time>2026-04-13T11:22:04.881Z</time>
    </trkpt>
    <trkpt lat="45.767096" lon="7.311020">
      <ele>0</ele>
      <time>2026-04-13T11:22:06.610Z</time>
    </trkpt>
    <trkpt lat="45.767422" lon="7.310812">
      <ele>0</ele>
      <time>2026-04-13T11:22:08.339Z</time>
    </trkpt>
    <trkpt lat="45.767984" lon="7.310445">
      <ele>0</ele>
      <time>2026-04-13T11:22:10.069Z</time>
    </trkpt>
    <trkpt lat="45.768978" lon="7.309760">
      <ele>0</ele>
      <time>2026-04-13T11:22:11.798Z</time>
    </trkpt>
    <trkpt lat="45.769310" lon="7.309545">
      <ele>0</ele>
      <time>2026-04-13T11:22:13.527Z</time>
    </trkpt>
    <trkpt lat="45.770691" lon="7.308629">
      <ele>0</ele>
      <time>2026-04-13T11:22:15.256Z</time>
    </trkpt>
    <trkpt lat="45.771257" lon="7.308349">
      <ele>0</ele>
      <time>2026-04-13T11:22:16.985Z</time>
    </trkpt>
    <trkpt lat="45.771906" lon="7.308087">
      <ele>0</ele>
      <time>2026-04-13T11:22:18.715Z</time>
    </trkpt>
    <trkpt lat="45.772558" lon="7.307843">
      <ele>0</ele>
      <time>2026-04-13T11:22:20.444Z</time>
    </trkpt>
    <trkpt lat="45.772768" lon="7.307793">
      <ele>0</ele>
      <time>2026-04-13T11:22:22.173Z</time>
    </trkpt>
    <trkpt lat="45.773161" lon="7.307712">
      <ele>0</ele>
      <time>2026-04-13T11:22:23.902Z</time>
    </trkpt>
    <trkpt lat="45.773287" lon="7.307662">
      <ele>0</ele>
      <time>2026-04-13T11:22:25.631Z</time>
    </trkpt>
    <trkpt lat="45.773390" lon="7.307574">
      <ele>0</ele>
      <time>2026-04-13T11:22:27.361Z</time>
    </trkpt>
    <trkpt lat="45.773458" lon="7.307487">
      <ele>0</ele>
      <time>2026-04-13T11:22:29.090Z</time>
    </trkpt>
    <trkpt lat="45.773520" lon="7.307350">
      <ele>0</ele>
      <time>2026-04-13T11:22:30.819Z</time>
    </trkpt>
    <trkpt lat="45.773545" lon="7.307236">
      <ele>0</ele>
      <time>2026-04-13T11:22:32.548Z</time>
    </trkpt>
    <trkpt lat="45.773552" lon="7.307133">
      <ele>0</ele>
      <time>2026-04-13T11:22:34.277Z</time>
    </trkpt>
    <trkpt lat="45.773538" lon="7.307027">
      <ele>0</ele>
      <time>2026-04-13T11:22:36.007Z</time>
    </trkpt>
    <trkpt lat="45.773511" lon="7.306933">
      <ele>0</ele>
      <time>2026-04-13T11:22:37.736Z</time>
    </trkpt>
    <trkpt lat="45.773453" lon="7.306847">
      <ele>0</ele>
      <time>2026-04-13T11:22:39.465Z</time>
    </trkpt>
    <trkpt lat="45.773333" lon="7.306762">
      <ele>0</ele>
      <time>2026-04-13T11:22:41.194Z</time>
    </trkpt>
    <trkpt lat="45.773234" lon="7.306734">
      <ele>0</ele>
      <time>2026-04-13T11:22:42.923Z</time>
    </trkpt>
    <trkpt lat="45.773124" lon="7.306733">
      <ele>0</ele>
      <time>2026-04-13T11:22:44.653Z</time>
    </trkpt>
    <trkpt lat="45.773014" lon="7.306762">
      <ele>0</ele>
      <time>2026-04-13T11:22:46.382Z</time>
    </trkpt>
    <trkpt lat="45.772783" lon="7.306882">
      <ele>0</ele>
      <time>2026-04-13T11:22:48.111Z</time>
    </trkpt>
    <trkpt lat="45.772646" lon="7.306939">
      <ele>0</ele>
      <time>2026-04-13T11:22:49.840Z</time>
    </trkpt>
    <trkpt lat="45.772169" lon="7.307182">
      <ele>0</ele>
      <time>2026-04-13T11:22:51.569Z</time>
    </trkpt>
    <trkpt lat="45.771937" lon="7.307279">
      <ele>0</ele>
      <time>2026-04-13T11:22:53.299Z</time>
    </trkpt>
    <trkpt lat="45.771801" lon="7.307327">
      <ele>0</ele>
      <time>2026-04-13T11:22:55.028Z</time>
    </trkpt>
    <trkpt lat="45.771309" lon="7.307489">
      <ele>0</ele>
      <time>2026-04-13T11:22:56.757Z</time>
    </trkpt>
    <trkpt lat="45.770637" lon="7.307648">
      <ele>0</ele>
      <time>2026-04-13T11:22:58.486Z</time>
    </trkpt>
    <trkpt lat="45.770487" lon="7.307674">
      <ele>0</ele>
      <time>2026-04-13T11:23:00.215Z</time>
    </trkpt>
    <trkpt lat="45.770380" lon="7.307653">
      <ele>0</ele>
      <time>2026-04-13T11:23:01.945Z</time>
    </trkpt>
    <trkpt lat="45.770295" lon="7.307625">
      <ele>0</ele>
      <time>2026-04-13T11:23:03.674Z</time>
    </trkpt>
    <trkpt lat="45.770227" lon="7.307560">
      <ele>0</ele>
      <time>2026-04-13T11:23:05.403Z</time>
    </trkpt>
    <trkpt lat="45.770180" lon="7.307462">
      <ele>0</ele>
      <time>2026-04-13T11:23:07.132Z</time>
    </trkpt>
    <trkpt lat="45.770151" lon="7.307347">
      <ele>0</ele>
      <time>2026-04-13T11:23:08.861Z</time>
    </trkpt>
    <trkpt lat="45.770144" lon="7.307249">
      <ele>0</ele>
      <time>2026-04-13T11:23:10.591Z</time>
    </trkpt>
    <trkpt lat="45.770156" lon="7.307143">
      <ele>0</ele>
      <time>2026-04-13T11:23:12.320Z</time>
    </trkpt>
    <trkpt lat="45.770188" lon="7.307035">
      <ele>0</ele>
      <time>2026-04-13T11:23:14.049Z</time>
    </trkpt>
    <trkpt lat="45.770252" lon="7.306945">
      <ele>0</ele>
      <time>2026-04-13T11:23:15.778Z</time>
    </trkpt>
    <trkpt lat="45.770308" lon="7.306905">
      <ele>0</ele>
      <time>2026-04-13T11:23:17.507Z</time>
    </trkpt>
    <trkpt lat="45.770378" lon="7.306879">
      <ele>0</ele>
      <time>2026-04-13T11:23:19.237Z</time>
    </trkpt>
    <trkpt lat="45.770444" lon="7.306872">
      <ele>0</ele>
      <time>2026-04-13T11:23:20.966Z</time>
    </trkpt>
    <trkpt lat="45.770517" lon="7.306878">
      <ele>0</ele>
      <time>2026-04-13T11:23:22.695Z</time>
    </trkpt>
    <trkpt lat="45.770792" lon="7.306954">
      <ele>0</ele>
      <time>2026-04-13T11:23:24.424Z</time>
    </trkpt>
    <trkpt lat="45.771037" lon="7.307012">
      <ele>0</ele>
      <time>2026-04-13T11:23:26.153Z</time>
    </trkpt>
    <trkpt lat="45.771159" lon="7.307012">
      <ele>0</ele>
      <time>2026-04-13T11:23:27.882Z</time>
    </trkpt>
    <trkpt lat="45.771264" lon="7.306985">
      <ele>0</ele>
      <time>2026-04-13T11:23:29.612Z</time>
    </trkpt>
    <trkpt lat="45.771486" lon="7.306874">
      <ele>0</ele>
      <time>2026-04-13T11:23:31.341Z</time>
    </trkpt>
    <trkpt lat="45.771612" lon="7.306764">
      <ele>0</ele>
      <time>2026-04-13T11:23:33.070Z</time>
    </trkpt>
    <trkpt lat="45.771687" lon="7.306659">
      <ele>0</ele>
      <time>2026-04-13T11:23:34.799Z</time>
    </trkpt>
    <trkpt lat="45.771746" lon="7.306571">
      <ele>0</ele>
      <time>2026-04-13T11:23:36.528Z</time>
    </trkpt>
    <trkpt lat="45.771798" lon="7.306463">
      <ele>0</ele>
      <time>2026-04-13T11:23:38.258Z</time>
    </trkpt>
    <trkpt lat="45.771857" lon="7.306313">
      <ele>0</ele>
      <time>2026-04-13T11:23:39.987Z</time>
    </trkpt>
    <trkpt lat="45.771892" lon="7.306145">
      <ele>0</ele>
      <time>2026-04-13T11:23:41.716Z</time>
    </trkpt>
    <trkpt lat="45.771911" lon="7.305983">
      <ele>0</ele>
      <time>2026-04-13T11:23:43.445Z</time>
    </trkpt>
    <trkpt lat="45.771932" lon="7.305658">
      <ele>0</ele>
      <time>2026-04-13T11:23:45.174Z</time>
    </trkpt>
    <trkpt lat="45.771941" lon="7.305335">
      <ele>0</ele>
      <time>2026-04-13T11:23:46.904Z</time>
    </trkpt>
    <trkpt lat="45.771949" lon="7.304987">
      <ele>0</ele>
      <time>2026-04-13T11:23:48.633Z</time>
    </trkpt>
    <trkpt lat="45.771931" lon="7.304815">
      <ele>0</ele>
      <time>2026-04-13T11:23:50.362Z</time>
    </trkpt>
    <trkpt lat="45.771889" lon="7.304655">
      <ele>0</ele>
      <time>2026-04-13T11:23:52.091Z</time>
    </trkpt>
    <trkpt lat="45.771835" lon="7.304541">
      <ele>0</ele>
      <time>2026-04-13T11:23:53.820Z</time>
    </trkpt>
    <trkpt lat="45.771736" lon="7.304437">
      <ele>0</ele>
      <time>2026-04-13T11:23:55.550Z</time>
    </trkpt>
    <trkpt lat="45.771654" lon="7.304382">
      <ele>0</ele>
      <time>2026-04-13T11:23:57.279Z</time>
    </trkpt>
    <trkpt lat="45.771535" lon="7.304348">
      <ele>0</ele>
      <time>2026-04-13T11:23:59.008Z</time>
    </trkpt>
    <trkpt lat="45.771452" lon="7.304353">
      <ele>0</ele>
      <time>2026-04-13T11:24:00.737Z</time>
    </trkpt>
    <trkpt lat="45.771347" lon="7.304385">
      <ele>0</ele>
      <time>2026-04-13T11:24:02.466Z</time>
    </trkpt>
    <trkpt lat="45.771054" lon="7.304556">
      <ele>0</ele>
      <time>2026-04-13T11:24:04.196Z</time>
    </trkpt>
    <trkpt lat="45.770150" lon="7.305120">
      <ele>0</ele>
      <time>2026-04-13T11:24:05.925Z</time>
    </trkpt>
    <trkpt lat="45.769840" lon="7.305304">
      <ele>0</ele>
      <time>2026-04-13T11:24:07.654Z</time>
    </trkpt>
    <trkpt lat="45.769185" lon="7.305702">
      <ele>0</ele>
      <time>2026-04-13T11:24:09.383Z</time>
    </trkpt>
    <trkpt lat="45.768266" lon="7.306273">
      <ele>0</ele>
      <time>2026-04-13T11:24:11.112Z</time>
    </trkpt>
    <trkpt lat="45.767949" lon="7.306468">
      <ele>0</ele>
      <time>2026-04-13T11:24:12.842Z</time>
    </trkpt>
    <trkpt lat="45.767844" lon="7.306528">
      <ele>0</ele>
      <time>2026-04-13T11:24:14.571Z</time>
    </trkpt>
    <trkpt lat="45.767707" lon="7.306573">
      <ele>0</ele>
      <time>2026-04-13T11:24:16.300Z</time>
    </trkpt>
    <trkpt lat="45.767566" lon="7.306574">
      <ele>0</ele>
      <time>2026-04-13T11:24:18.029Z</time>
    </trkpt>
    <trkpt lat="45.767458" lon="7.306518">
      <ele>0</ele>
      <time>2026-04-13T11:24:19.758Z</time>
    </trkpt>
    <trkpt lat="45.767334" lon="7.306395">
      <ele>0</ele>
      <time>2026-04-13T11:24:21.488Z</time>
    </trkpt>
    <trkpt lat="45.767283" lon="7.306313">
      <ele>0</ele>
      <time>2026-04-13T11:24:23.217Z</time>
    </trkpt>
    <trkpt lat="45.767246" lon="7.306220">
      <ele>0</ele>
      <time>2026-04-13T11:24:24.946Z</time>
    </trkpt>
    <trkpt lat="45.767204" lon="7.306013">
      <ele>0</ele>
      <time>2026-04-13T11:24:26.675Z</time>
    </trkpt>
    <trkpt lat="45.767212" lon="7.305798">
      <ele>0</ele>
      <time>2026-04-13T11:24:28.404Z</time>
    </trkpt>
    <trkpt lat="45.767271" lon="7.305599">
      <ele>0</ele>
      <time>2026-04-13T11:24:30.134Z</time>
    </trkpt>
    <trkpt lat="45.767372" lon="7.305439">
      <ele>0</ele>
      <time>2026-04-13T11:24:31.863Z</time>
    </trkpt>
    <trkpt lat="45.767505" lon="7.305337">
      <ele>0</ele>
      <time>2026-04-13T11:24:33.592Z</time>
    </trkpt>
    <trkpt lat="45.768070" lon="7.305160">
      <ele>0</ele>
      <time>2026-04-13T11:24:35.321Z</time>
    </trkpt>
    <trkpt lat="45.768379" lon="7.305053">
      <ele>0</ele>
      <time>2026-04-13T11:24:37.050Z</time>
    </trkpt>
    <trkpt lat="45.768706" lon="7.304878">
      <ele>0</ele>
      <time>2026-04-13T11:24:38.780Z</time>
    </trkpt>
    <trkpt lat="45.768996" lon="7.304712">
      <ele>0</ele>
      <time>2026-04-13T11:24:40.509Z</time>
    </trkpt>
    <trkpt lat="45.769236" lon="7.304543">
      <ele>0</ele>
      <time>2026-04-13T11:24:42.238Z</time>
    </trkpt>
    <trkpt lat="45.769429" lon="7.304394">
      <ele>0</ele>
      <time>2026-04-13T11:24:43.967Z</time>
    </trkpt>
    <trkpt lat="45.769830" lon="7.304017">
      <ele>0</ele>
      <time>2026-04-13T11:24:45.696Z</time>
    </trkpt>
    <trkpt lat="45.771281" lon="7.302554">
      <ele>0</ele>
      <time>2026-04-13T11:24:47.426Z</time>
    </trkpt>
    <trkpt lat="45.772117" lon="7.301789">
      <ele>0</ele>
      <time>2026-04-13T11:24:49.155Z</time>
    </trkpt>
    <trkpt lat="45.772394" lon="7.301552">
      <ele>0</ele>
      <time>2026-04-13T11:24:50.884Z</time>
    </trkpt>
    <trkpt lat="45.772597" lon="7.301369">
      <ele>0</ele>
      <time>2026-04-13T11:24:52.613Z</time>
    </trkpt>
    <trkpt lat="45.772812" lon="7.301180">
      <ele>0</ele>
      <time>2026-04-13T11:24:54.342Z</time>
    </trkpt>
    <trkpt lat="45.773326" lon="7.300728">
      <ele>0</ele>
      <time>2026-04-13T11:24:56.071Z</time>
    </trkpt>
    <trkpt lat="45.773716" lon="7.300378">
      <ele>0</ele>
      <time>2026-04-13T11:24:57.801Z</time>
    </trkpt>
    <trkpt lat="45.773960" lon="7.300124">
      <ele>0</ele>
      <time>2026-04-13T11:24:59.530Z</time>
    </trkpt>
    <trkpt lat="45.774205" lon="7.299811">
      <ele>0</ele>
      <time>2026-04-13T11:25:01.259Z</time>
    </trkpt>
    <trkpt lat="45.774430" lon="7.299409">
      <ele>0</ele>
      <time>2026-04-13T11:25:02.988Z</time>
    </trkpt>
    <trkpt lat="45.774623" lon="7.299008">
      <ele>0</ele>
      <time>2026-04-13T11:25:04.717Z</time>
    </trkpt>
    <trkpt lat="45.774797" lon="7.298695">
      <ele>0</ele>
      <time>2026-04-13T11:25:06.447Z</time>
    </trkpt>
    <trkpt lat="45.774893" lon="7.298558">
      <ele>0</ele>
      <time>2026-04-13T11:25:08.176Z</time>
    </trkpt>
    <trkpt lat="45.775031" lon="7.298363">
      <ele>0</ele>
      <time>2026-04-13T11:25:09.905Z</time>
    </trkpt>
    <trkpt lat="45.775270" lon="7.298084">
      <ele>0</ele>
      <time>2026-04-13T11:25:11.634Z</time>
    </trkpt>
    <trkpt lat="45.775412" lon="7.297956">
      <ele>0</ele>
      <time>2026-04-13T11:25:13.363Z</time>
    </trkpt>
    <trkpt lat="45.776567" lon="7.296894">
      <ele>0</ele>
      <time>2026-04-13T11:25:15.093Z</time>
    </trkpt>
    <trkpt lat="45.777031" lon="7.296439">
      <ele>0</ele>
      <time>2026-04-13T11:25:16.822Z</time>
    </trkpt>
    <trkpt lat="45.777081" lon="7.296390">
      <ele>0</ele>
      <time>2026-04-13T11:25:18.551Z</time>
    </trkpt>
    <trkpt lat="45.777263" lon="7.296163">
      <ele>0</ele>
      <time>2026-04-13T11:25:20.280Z</time>
    </trkpt>
    <trkpt lat="45.777339" lon="7.296069">
      <ele>0</ele>
      <time>2026-04-13T11:25:22.009Z</time>
    </trkpt>
    <trkpt lat="45.777631" lon="7.295725">
      <ele>0</ele>
      <time>2026-04-13T11:25:23.739Z</time>
    </trkpt>
    <trkpt lat="45.777740" lon="7.295616">
      <ele>0</ele>
      <time>2026-04-13T11:25:25.468Z</time>
    </trkpt>
    <trkpt lat="45.777886" lon="7.295524">
      <ele>0</ele>
      <time>2026-04-13T11:25:27.197Z</time>
    </trkpt>
    <trkpt lat="45.777984" lon="7.295482">
      <ele>0</ele>
      <time>2026-04-13T11:25:28.926Z</time>
    </trkpt>
    <trkpt lat="45.778102" lon="7.295461">
      <ele>0</ele>
      <time>2026-04-13T11:25:30.655Z</time>
    </trkpt>
    <trkpt lat="45.778470" lon="7.295441">
      <ele>0</ele>
      <time>2026-04-13T11:25:32.385Z</time>
    </trkpt>
    <trkpt lat="45.778589" lon="7.295439">
      <ele>0</ele>
      <time>2026-04-13T11:25:34.114Z</time>
    </trkpt>
    <trkpt lat="45.778748" lon="7.295436">
      <ele>0</ele>
      <time>2026-04-13T11:25:35.843Z</time>
    </trkpt>
    <trkpt lat="45.778951" lon="7.295426">
      <ele>0</ele>
      <time>2026-04-13T11:25:37.572Z</time>
    </trkpt>
    <trkpt lat="45.779138" lon="7.295368">
      <ele>0</ele>
      <time>2026-04-13T11:25:39.301Z</time>
    </trkpt>
    <trkpt lat="45.779331" lon="7.295267">
      <ele>0</ele>
      <time>2026-04-13T11:25:41.031Z</time>
    </trkpt>
    <trkpt lat="45.779361" lon="7.295251">
      <ele>0</ele>
      <time>2026-04-13T11:25:42.760Z</time>
    </trkpt>
    <trkpt lat="45.779751" lon="7.295040">
      <ele>0</ele>
      <time>2026-04-13T11:25:44.489Z</time>
    </trkpt>
    <trkpt lat="45.779822" lon="7.295022">
      <ele>0</ele>
      <time>2026-04-13T11:25:46.218Z</time>
    </trkpt>
    <trkpt lat="45.779886" lon="7.295006">
      <ele>0</ele>
      <time>2026-04-13T11:25:47.947Z</time>
    </trkpt>
    <trkpt lat="45.779982" lon="7.295012">
      <ele>0</ele>
      <time>2026-04-13T11:25:49.677Z</time>
    </trkpt>
    <trkpt lat="45.780097" lon="7.295047">
      <ele>0</ele>
      <time>2026-04-13T11:25:51.406Z</time>
    </trkpt>
    <trkpt lat="45.780254" lon="7.295122">
      <ele>0</ele>
      <time>2026-04-13T11:25:53.135Z</time>
    </trkpt>
    <trkpt lat="45.780695" lon="7.295327">
      <ele>0</ele>
      <time>2026-04-13T11:25:54.864Z</time>
    </trkpt>
    <trkpt lat="45.780976" lon="7.295478">
      <ele>0</ele>
      <time>2026-04-13T11:25:56.593Z</time>
    </trkpt>
    <trkpt lat="45.781124" lon="7.295647">
      <ele>0</ele>
      <time>2026-04-13T11:25:58.323Z</time>
    </trkpt>
    <trkpt lat="45.781201" lon="7.295828">
      <ele>0</ele>
      <time>2026-04-13T11:26:00.052Z</time>
    </trkpt>
    <trkpt lat="45.781241" lon="7.296005">
      <ele>0</ele>
      <time>2026-04-13T11:26:01.781Z</time>
    </trkpt>
    <trkpt lat="45.781253" lon="7.296212">
      <ele>0</ele>
      <time>2026-04-13T11:26:03.510Z</time>
    </trkpt>
    <trkpt lat="45.781231" lon="7.296408">
      <ele>0</ele>
      <time>2026-04-13T11:26:05.239Z</time>
    </trkpt>
    <trkpt lat="45.781083" lon="7.297018">
      <ele>0</ele>
      <time>2026-04-13T11:26:06.969Z</time>
    </trkpt>
    <trkpt lat="45.781070" lon="7.297199">
      <ele>0</ele>
      <time>2026-04-13T11:26:08.698Z</time>
    </trkpt>
    <trkpt lat="45.781088" lon="7.297409">
      <ele>0</ele>
      <time>2026-04-13T11:26:10.427Z</time>
    </trkpt>
    <trkpt lat="45.781145" lon="7.297614">
      <ele>0</ele>
      <time>2026-04-13T11:26:12.156Z</time>
    </trkpt>
    <trkpt lat="45.781218" lon="7.297753">
      <ele>0</ele>
      <time>2026-04-13T11:26:13.885Z</time>
    </trkpt>
    <trkpt lat="45.781342" lon="7.297890">
      <ele>0</ele>
      <time>2026-04-13T11:26:15.615Z</time>
    </trkpt>
    <trkpt lat="45.781448" lon="7.297959">
      <ele>0</ele>
      <time>2026-04-13T11:26:17.344Z</time>
    </trkpt>
    <trkpt lat="45.781577" lon="7.297990">
      <ele>0</ele>
      <time>2026-04-13T11:26:19.073Z</time>
    </trkpt>
    <trkpt lat="45.781747" lon="7.297974">
      <ele>0</ele>
      <time>2026-04-13T11:26:20.802Z</time>
    </trkpt>
    <trkpt lat="45.782022" lon="7.297863">
      <ele>0</ele>
      <time>2026-04-13T11:26:22.531Z</time>
    </trkpt>
    <trkpt lat="45.782254" lon="7.297768">
      <ele>0</ele>
      <time>2026-04-13T11:26:24.260Z</time>
    </trkpt>
    <trkpt lat="45.782518" lon="7.297657">
      <ele>0</ele>
      <time>2026-04-13T11:26:25.990Z</time>
    </trkpt>
    <trkpt lat="45.782822" lon="7.297480">
      <ele>0</ele>
      <time>2026-04-13T11:26:27.719Z</time>
    </trkpt>
    <trkpt lat="45.783034" lon="7.297240">
      <ele>0</ele>
      <time>2026-04-13T11:26:29.448Z</time>
    </trkpt>
    <trkpt lat="45.783226" lon="7.296971">
      <ele>0</ele>
      <time>2026-04-13T11:26:31.177Z</time>
    </trkpt>
    <trkpt lat="45.783597" lon="7.296457">
      <ele>0</ele>
      <time>2026-04-13T11:26:32.906Z</time>
    </trkpt>
    <trkpt lat="45.783898" lon="7.296178">
      <ele>0</ele>
      <time>2026-04-13T11:26:34.636Z</time>
    </trkpt>
    <trkpt lat="45.785049" lon="7.295756">
      <ele>0</ele>
      <time>2026-04-13T11:26:36.365Z</time>
    </trkpt>
    <trkpt lat="45.786165" lon="7.295415">
      <ele>0</ele>
      <time>2026-04-13T11:26:38.094Z</time>
    </trkpt>
    <trkpt lat="45.786463" lon="7.295333">
      <ele>0</ele>
      <time>2026-04-13T11:26:39.823Z</time>
    </trkpt>
    <trkpt lat="45.787936" lon="7.294875">
      <ele>0</ele>
      <time>2026-04-13T11:26:41.552Z</time>
    </trkpt>
    <trkpt lat="45.788594" lon="7.294539">
      <ele>0</ele>
      <time>2026-04-13T11:26:43.282Z</time>
    </trkpt>
    <trkpt lat="45.788747" lon="7.294437">
      <ele>0</ele>
      <time>2026-04-13T11:26:45.011Z</time>
    </trkpt>
    <trkpt lat="45.788942" lon="7.294308">
      <ele>0</ele>
      <time>2026-04-13T11:26:46.740Z</time>
    </trkpt>
    <trkpt lat="45.789672" lon="7.293809">
      <ele>0</ele>
      <time>2026-04-13T11:26:48.469Z</time>
    </trkpt>
    <trkpt lat="45.790551" lon="7.293215">
      <ele>0</ele>
      <time>2026-04-13T11:26:50.198Z</time>
    </trkpt>
    <trkpt lat="45.790763" lon="7.293060">
      <ele>0</ele>
      <time>2026-04-13T11:26:51.928Z</time>
    </trkpt>
    <trkpt lat="45.790831" lon="7.293003">
      <ele>0</ele>
      <time>2026-04-13T11:26:53.657Z</time>
    </trkpt>
    <trkpt lat="45.790892" lon="7.292940">
      <ele>0</ele>
      <time>2026-04-13T11:26:55.386Z</time>
    </trkpt>
    <trkpt lat="45.790960" lon="7.292851">
      <ele>0</ele>
      <time>2026-04-13T11:26:57.115Z</time>
    </trkpt>
    <trkpt lat="45.791031" lon="7.292744">
      <ele>0</ele>
      <time>2026-04-13T11:26:58.844Z</time>
    </trkpt>
    <trkpt lat="45.791107" lon="7.292603">
      <ele>0</ele>
      <time>2026-04-13T11:27:00.574Z</time>
    </trkpt>
    <trkpt lat="45.791166" lon="7.292457">
      <ele>0</ele>
      <time>2026-04-13T11:27:02.303Z</time>
    </trkpt>
    <trkpt lat="45.791216" lon="7.292247">
      <ele>0</ele>
      <time>2026-04-13T11:27:04.032Z</time>
    </trkpt>
    <trkpt lat="45.791236" lon="7.291992">
      <ele>0</ele>
      <time>2026-04-13T11:27:05.761Z</time>
    </trkpt>
    <trkpt lat="45.791234" lon="7.291850">
      <ele>0</ele>
      <time>2026-04-13T11:27:07.490Z</time>
    </trkpt>
    <trkpt lat="45.791118" lon="7.290995">
      <ele>0</ele>
      <time>2026-04-13T11:27:09.220Z</time>
    </trkpt>
    <trkpt lat="45.790787" lon="7.289159">
      <ele>0</ele>
      <time>2026-04-13T11:27:10.949Z</time>
    </trkpt>
    <trkpt lat="45.790762" lon="7.288776">
      <ele>0</ele>
      <time>2026-04-13T11:27:12.678Z</time>
    </trkpt>
    <trkpt lat="45.790759" lon="7.288409">
      <ele>0</ele>
      <time>2026-04-13T11:27:14.407Z</time>
    </trkpt>
    <trkpt lat="45.790786" lon="7.288110">
      <ele>0</ele>
      <time>2026-04-13T11:27:16.136Z</time>
    </trkpt>
    <trkpt lat="45.790849" lon="7.287791">
      <ele>0</ele>
      <time>2026-04-13T11:27:17.866Z</time>
    </trkpt>
    <trkpt lat="45.790899" lon="7.287608">
      <ele>0</ele>
      <time>2026-04-13T11:27:19.595Z</time>
    </trkpt>
    <trkpt lat="45.791130" lon="7.286977">
      <ele>0</ele>
      <time>2026-04-13T11:27:21.324Z</time>
    </trkpt>
    <trkpt lat="45.791299" lon="7.286473">
      <ele>0</ele>
      <time>2026-04-13T11:27:23.053Z</time>
    </trkpt>
    <trkpt lat="45.791327" lon="7.286332">
      <ele>0</ele>
      <time>2026-04-13T11:27:24.782Z</time>
    </trkpt>
    <trkpt lat="45.791345" lon="7.286099">
      <ele>0</ele>
      <time>2026-04-13T11:27:26.512Z</time>
    </trkpt>
    <trkpt lat="45.791342" lon="7.285919">
      <ele>0</ele>
      <time>2026-04-13T11:27:28.241Z</time>
    </trkpt>
    <trkpt lat="45.791316" lon="7.285694">
      <ele>0</ele>
      <time>2026-04-13T11:27:29.970Z</time>
    </trkpt>
    <trkpt lat="45.791245" lon="7.285417">
      <ele>0</ele>
      <time>2026-04-13T11:27:31.699Z</time>
    </trkpt>
    <trkpt lat="45.791162" lon="7.285163">
      <ele>0</ele>
      <time>2026-04-13T11:27:33.428Z</time>
    </trkpt>
    <trkpt lat="45.791142" lon="7.285077">
      <ele>0</ele>
      <time>2026-04-13T11:27:35.158Z</time>
    </trkpt>
    <trkpt lat="45.791143" lon="7.284967">
      <ele>0</ele>
      <time>2026-04-13T11:27:36.887Z</time>
    </trkpt>
    <trkpt lat="45.791164" lon="7.284875">
      <ele>0</ele>
      <time>2026-04-13T11:27:38.616Z</time>
    </trkpt>
    <trkpt lat="45.791228" lon="7.284745">
      <ele>0</ele>
      <time>2026-04-13T11:27:40.345Z</time>
    </trkpt>
    <trkpt lat="45.791329" lon="7.284653">
      <ele>0</ele>
      <time>2026-04-13T11:27:42.074Z</time>
    </trkpt>
    <trkpt lat="45.791413" lon="7.284631">
      <ele>0</ele>
      <time>2026-04-13T11:27:43.803Z</time>
    </trkpt>
    <trkpt lat="45.791501" lon="7.284649">
      <ele>0</ele>
      <time>2026-04-13T11:27:45.533Z</time>
    </trkpt>
    <trkpt lat="45.791605" lon="7.284716">
      <ele>0</ele>
      <time>2026-04-13T11:27:47.262Z</time>
    </trkpt>
    <trkpt lat="45.791749" lon="7.284895">
      <ele>0</ele>
      <time>2026-04-13T11:27:48.991Z</time>
    </trkpt>
    <trkpt lat="45.792164" lon="7.285518">
      <ele>0</ele>
      <time>2026-04-13T11:27:50.720Z</time>
    </trkpt>
    <trkpt lat="45.792410" lon="7.286092">
      <ele>0</ele>
      <time>2026-04-13T11:27:52.449Z</time>
    </trkpt>
    <trkpt lat="45.792573" lon="7.286941">
      <ele>0</ele>
      <time>2026-04-13T11:27:54.179Z</time>
    </trkpt>
    <trkpt lat="45.792721" lon="7.287361">
      <ele>0</ele>
      <time>2026-04-13T11:27:55.908Z</time>
    </trkpt>
    <trkpt lat="45.792920" lon="7.287535">
      <ele>0</ele>
      <time>2026-04-13T11:27:57.637Z</time>
    </trkpt>
    <trkpt lat="45.793168" lon="7.287550">
      <ele>0</ele>
      <time>2026-04-13T11:27:59.366Z</time>
    </trkpt>
    <trkpt lat="45.793416" lon="7.287320">
      <ele>0</ele>
      <time>2026-04-13T11:28:01.095Z</time>
    </trkpt>
    <trkpt lat="45.793590" lon="7.286993">
      <ele>0</ele>
      <time>2026-04-13T11:28:02.825Z</time>
    </trkpt>
    <trkpt lat="45.794639" lon="7.285205">
      <ele>0</ele>
      <time>2026-04-13T11:28:04.554Z</time>
    </trkpt>
    <trkpt lat="45.795657" lon="7.283672">
      <ele>0</ele>
      <time>2026-04-13T11:28:06.283Z</time>
    </trkpt>
    <trkpt lat="45.795904" lon="7.283300">
      <ele>0</ele>
      <time>2026-04-13T11:28:08.012Z</time>
    </trkpt>
    <trkpt lat="45.796157" lon="7.282623">
      <ele>0</ele>
      <time>2026-04-13T11:28:09.741Z</time>
    </trkpt>
    <trkpt lat="45.796251" lon="7.282319">
      <ele>0</ele>
      <time>2026-04-13T11:28:11.471Z</time>
    </trkpt>
    <trkpt lat="45.796431" lon="7.281655">
      <ele>0</ele>
      <time>2026-04-13T11:28:13.200Z</time>
    </trkpt>
    <trkpt lat="45.796661" lon="7.280887">
      <ele>0</ele>
      <time>2026-04-13T11:28:14.929Z</time>
    </trkpt>
    <trkpt lat="45.796894" lon="7.280371">
      <ele>0</ele>
      <time>2026-04-13T11:28:16.658Z</time>
    </trkpt>
    <trkpt lat="45.797831" lon="7.278858">
      <ele>0</ele>
      <time>2026-04-13T11:28:18.387Z</time>
    </trkpt>
    <trkpt lat="45.798319" lon="7.277458">
      <ele>0</ele>
      <time>2026-04-13T11:28:20.117Z</time>
    </trkpt>
    <trkpt lat="45.798852" lon="7.275814">
      <ele>0</ele>
      <time>2026-04-13T11:28:21.846Z</time>
    </trkpt>
    <trkpt lat="45.799125" lon="7.275016">
      <ele>0</ele>
      <time>2026-04-13T11:28:23.575Z</time>
    </trkpt>
    <trkpt lat="45.799427" lon="7.274576">
      <ele>0</ele>
      <time>2026-04-13T11:28:25.304Z</time>
    </trkpt>
    <trkpt lat="45.799929" lon="7.273931">
      <ele>0</ele>
      <time>2026-04-13T11:28:27.033Z</time>
    </trkpt>
    <trkpt lat="45.800321" lon="7.273320">
      <ele>0</ele>
      <time>2026-04-13T11:28:28.763Z</time>
    </trkpt>
    <trkpt lat="45.800682" lon="7.272592">
      <ele>0</ele>
      <time>2026-04-13T11:28:30.492Z</time>
    </trkpt>
    <trkpt lat="45.800926" lon="7.271686">
      <ele>0</ele>
      <time>2026-04-13T11:28:32.221Z</time>
    </trkpt>
    <trkpt lat="45.801240" lon="7.270425">
      <ele>0</ele>
      <time>2026-04-13T11:28:33.950Z</time>
    </trkpt>
    <trkpt lat="45.801603" lon="7.269621">
      <ele>0</ele>
      <time>2026-04-13T11:28:35.679Z</time>
    </trkpt>
    <trkpt lat="45.801800" lon="7.269042">
      <ele>0</ele>
      <time>2026-04-13T11:28:37.409Z</time>
    </trkpt>
    <trkpt lat="45.802056" lon="7.267760">
      <ele>0</ele>
      <time>2026-04-13T11:28:39.138Z</time>
    </trkpt>
    <trkpt lat="45.802457" lon="7.265777">
      <ele>0</ele>
      <time>2026-04-13T11:28:40.867Z</time>
    </trkpt>
    <trkpt lat="45.802489" lon="7.265524">
      <ele>0</ele>
      <time>2026-04-13T11:28:42.596Z</time>
    </trkpt>
    <trkpt lat="45.802547" lon="7.265198">
      <ele>0</ele>
      <time>2026-04-13T11:28:44.325Z</time>
    </trkpt>
    <trkpt lat="45.802656" lon="7.264637">
      <ele>0</ele>
      <time>2026-04-13T11:28:46.055Z</time>
    </trkpt>
    <trkpt lat="45.802790" lon="7.264033">
      <ele>0</ele>
      <time>2026-04-13T11:28:47.784Z</time>
    </trkpt>
    <trkpt lat="45.802884" lon="7.263613">
      <ele>0</ele>
      <time>2026-04-13T11:28:49.513Z</time>
    </trkpt>
    <trkpt lat="45.803083" lon="7.262700">
      <ele>0</ele>
      <time>2026-04-13T11:28:51.242Z</time>
    </trkpt>
    <trkpt lat="45.803144" lon="7.262338">
      <ele>0</ele>
      <time>2026-04-13T11:28:52.971Z</time>
    </trkpt>
    <trkpt lat="45.803348" lon="7.261115">
      <ele>0</ele>
      <time>2026-04-13T11:28:54.701Z</time>
    </trkpt>
    <trkpt lat="45.804309" lon="7.257188">
      <ele>0</ele>
      <time>2026-04-13T11:28:56.430Z</time>
    </trkpt>
    <trkpt lat="45.804854" lon="7.255693">
      <ele>0</ele>
      <time>2026-04-13T11:28:58.159Z</time>
    </trkpt>
    <trkpt lat="45.806499" lon="7.252602">
      <ele>0</ele>
      <time>2026-04-13T11:28:59.888Z</time>
    </trkpt>
    <trkpt lat="45.807117" lon="7.251236">
      <ele>0</ele>
      <time>2026-04-13T11:29:01.617Z</time>
    </trkpt>
    <trkpt lat="45.807395" lon="7.250517">
      <ele>0</ele>
      <time>2026-04-13T11:29:03.347Z</time>
    </trkpt>
    <trkpt lat="45.807680" lon="7.249677">
      <ele>0</ele>
      <time>2026-04-13T11:29:05.076Z</time>
    </trkpt>
    <trkpt lat="45.807840" lon="7.248994">
      <ele>0</ele>
      <time>2026-04-13T11:29:06.805Z</time>
    </trkpt>
    <trkpt lat="45.807875" lon="7.248155">
      <ele>0</ele>
      <time>2026-04-13T11:29:08.534Z</time>
    </trkpt>
    <trkpt lat="45.807811" lon="7.247357">
      <ele>0</ele>
      <time>2026-04-13T11:29:10.263Z</time>
    </trkpt>
    <trkpt lat="45.807782" lon="7.246819">
      <ele>0</ele>
      <time>2026-04-13T11:29:11.992Z</time>
    </trkpt>
    <trkpt lat="45.807794" lon="7.246465">
      <ele>0</ele>
      <time>2026-04-13T11:29:13.722Z</time>
    </trkpt>
    <trkpt lat="45.807807" lon="7.246309">
      <ele>0</ele>
      <time>2026-04-13T11:29:15.451Z</time>
    </trkpt>
    <trkpt lat="45.807825" lon="7.246156">
      <ele>0</ele>
      <time>2026-04-13T11:29:17.180Z</time>
    </trkpt>
    <trkpt lat="45.807878" lon="7.245856">
      <ele>0</ele>
      <time>2026-04-13T11:29:18.909Z</time>
    </trkpt>
    <trkpt lat="45.807932" lon="7.245657">
      <ele>0</ele>
      <time>2026-04-13T11:29:20.638Z</time>
    </trkpt>
    <trkpt lat="45.807990" lon="7.245492">
      <ele>0</ele>
      <time>2026-04-13T11:29:22.368Z</time>
    </trkpt>
    <trkpt lat="45.808074" lon="7.245255">
      <ele>0</ele>
      <time>2026-04-13T11:29:24.097Z</time>
    </trkpt>
    <trkpt lat="45.808113" lon="7.245142">
      <ele>0</ele>
      <time>2026-04-13T11:29:25.826Z</time>
    </trkpt>
    <trkpt lat="45.808188" lon="7.244928">
      <ele>0</ele>
      <time>2026-04-13T11:29:27.555Z</time>
    </trkpt>
    <trkpt lat="45.808529" lon="7.244105">
      <ele>0</ele>
      <time>2026-04-13T11:29:29.284Z</time>
    </trkpt>
    <trkpt lat="45.810043" lon="7.240452">
      <ele>0</ele>
      <time>2026-04-13T11:29:31.014Z</time>
    </trkpt>
    <trkpt lat="45.810298" lon="7.239864">
      <ele>0</ele>
      <time>2026-04-13T11:29:32.743Z</time>
    </trkpt>
    <trkpt lat="45.810405" lon="7.239655">
      <ele>0</ele>
      <time>2026-04-13T11:29:34.472Z</time>
    </trkpt>
    <trkpt lat="45.810529" lon="7.239444">
      <ele>0</ele>
      <time>2026-04-13T11:29:36.201Z</time>
    </trkpt>
    <trkpt lat="45.810678" lon="7.239267">
      <ele>0</ele>
      <time>2026-04-13T11:29:37.930Z</time>
    </trkpt>
    <trkpt lat="45.810798" lon="7.239132">
      <ele>0</ele>
      <time>2026-04-13T11:29:39.660Z</time>
    </trkpt>
    <trkpt lat="45.810949" lon="7.238990">
      <ele>0</ele>
      <time>2026-04-13T11:29:41.389Z</time>
    </trkpt>
    <trkpt lat="45.811167" lon="7.238812">
      <ele>0</ele>
      <time>2026-04-13T11:29:43.118Z</time>
    </trkpt>
    <trkpt lat="45.811526" lon="7.238597">
      <ele>0</ele>
      <time>2026-04-13T11:29:44.847Z</time>
    </trkpt>
    <trkpt lat="45.812742" lon="7.237901">
      <ele>0</ele>
      <time>2026-04-13T11:29:46.576Z</time>
    </trkpt>
    <trkpt lat="45.812972" lon="7.237791">
      <ele>0</ele>
      <time>2026-04-13T11:29:48.306Z</time>
    </trkpt>
    <trkpt lat="45.813146" lon="7.237745">
      <ele>0</ele>
      <time>2026-04-13T11:29:50.035Z</time>
    </trkpt>
    <trkpt lat="45.813344" lon="7.237729">
      <ele>0</ele>
      <time>2026-04-13T11:29:51.764Z</time>
    </trkpt>
    <trkpt lat="45.814333" lon="7.237775">
      <ele>0</ele>
      <time>2026-04-13T11:29:53.493Z</time>
    </trkpt>
    <trkpt lat="45.814621" lon="7.237792">
      <ele>0</ele>
      <time>2026-04-13T11:29:55.222Z</time>
    </trkpt>
    <trkpt lat="45.814887" lon="7.237801">
      <ele>0</ele>
      <time>2026-04-13T11:29:56.952Z</time>
    </trkpt>
    <trkpt lat="45.815496" lon="7.237844">
      <ele>0</ele>
      <time>2026-04-13T11:29:58.681Z</time>
    </trkpt>
    <trkpt lat="45.815775" lon="7.237855">
      <ele>0</ele>
      <time>2026-04-13T11:30:00.410Z</time>
    </trkpt>
    <trkpt lat="45.816036" lon="7.237810">
      <ele>0</ele>
      <time>2026-04-13T11:30:02.139Z</time>
    </trkpt>
    <trkpt lat="45.816276" lon="7.237688">
      <ele>0</ele>
      <time>2026-04-13T11:30:03.868Z</time>
    </trkpt>
    <trkpt lat="45.816392" lon="7.237605">
      <ele>0</ele>
      <time>2026-04-13T11:30:05.598Z</time>
    </trkpt>
    <trkpt lat="45.816509" lon="7.237510">
      <ele>0</ele>
      <time>2026-04-13T11:30:07.327Z</time>
    </trkpt>
    <trkpt lat="45.816634" lon="7.237339">
      <ele>0</ele>
      <time>2026-04-13T11:30:09.056Z</time>
    </trkpt>
    <trkpt lat="45.816678" lon="7.237316">
      <ele>0</ele>
      <time>2026-04-13T11:30:10.785Z</time>
    </trkpt>
    <trkpt lat="45.816758" lon="7.237203">
      <ele>0</ele>
      <time>2026-04-13T11:30:12.514Z</time>
    </trkpt>
    <trkpt lat="45.816884" lon="7.236954">
      <ele>0</ele>
      <time>2026-04-13T11:30:14.244Z</time>
    </trkpt>
    <trkpt lat="45.816987" lon="7.236727">
      <ele>0</ele>
      <time>2026-04-13T11:30:15.973Z</time>
    </trkpt>
    <trkpt lat="45.817097" lon="7.236484">
      <ele>0</ele>
      <time>2026-04-13T11:30:17.702Z</time>
    </trkpt>
    <trkpt lat="45.818140" lon="7.233995">
      <ele>0</ele>
      <time>2026-04-13T11:30:19.431Z</time>
    </trkpt>
    <trkpt lat="45.818711" lon="7.232612">
      <ele>0</ele>
      <time>2026-04-13T11:30:21.160Z</time>
    </trkpt>
    <trkpt lat="45.818960" lon="7.231957">
      <ele>0</ele>
      <time>2026-04-13T11:30:22.890Z</time>
    </trkpt>
    <trkpt lat="45.819061" lon="7.231663">
      <ele>0</ele>
      <time>2026-04-13T11:30:24.619Z</time>
    </trkpt>
    <trkpt lat="45.819155" lon="7.231289">
      <ele>0</ele>
      <time>2026-04-13T11:30:26.348Z</time>
    </trkpt>
    <trkpt lat="45.819203" lon="7.230929">
      <ele>0</ele>
      <time>2026-04-13T11:30:28.077Z</time>
    </trkpt>
    <trkpt lat="45.819223" lon="7.230565">
      <ele>0</ele>
      <time>2026-04-13T11:30:29.806Z</time>
    </trkpt>
    <trkpt lat="45.819225" lon="7.230366">
      <ele>0</ele>
      <time>2026-04-13T11:30:31.536Z</time>
    </trkpt>
    <trkpt lat="45.819233" lon="7.230243">
      <ele>0</ele>
      <time>2026-04-13T11:30:33.265Z</time>
    </trkpt>
    <trkpt lat="45.819255" lon="7.230134">
      <ele>0</ele>
      <time>2026-04-13T11:30:34.994Z</time>
    </trkpt>
    <trkpt lat="45.819285" lon="7.230085">
      <ele>0</ele>
      <time>2026-04-13T11:30:36.723Z</time>
    </trkpt>
    <trkpt lat="45.819323" lon="7.230046">
      <ele>0</ele>
      <time>2026-04-13T11:30:38.452Z</time>
    </trkpt>
    <trkpt lat="45.819385" lon="7.229999">
      <ele>0</ele>
      <time>2026-04-13T11:30:40.181Z</time>
    </trkpt>
    <trkpt lat="45.819502" lon="7.229973">
      <ele>0</ele>
      <time>2026-04-13T11:30:41.911Z</time>
    </trkpt>
    <trkpt lat="45.819576" lon="7.229960">
      <ele>0</ele>
      <time>2026-04-13T11:30:43.640Z</time>
    </trkpt>
    <trkpt lat="45.819658" lon="7.229951">
      <ele>0</ele>
      <time>2026-04-13T11:30:45.369Z</time>
    </trkpt>
    <trkpt lat="45.819759" lon="7.229951">
      <ele>0</ele>
      <time>2026-04-13T11:30:47.098Z</time>
    </trkpt>
    <trkpt lat="45.819971" lon="7.229961">
      <ele>0</ele>
      <time>2026-04-13T11:30:48.827Z</time>
    </trkpt>
    <trkpt lat="45.820195" lon="7.229953">
      <ele>0</ele>
      <time>2026-04-13T11:30:50.557Z</time>
    </trkpt>
    <trkpt lat="45.820292" lon="7.229942">
      <ele>0</ele>
      <time>2026-04-13T11:30:52.286Z</time>
    </trkpt>
    <trkpt lat="45.820370" lon="7.229934">
      <ele>0</ele>
      <time>2026-04-13T11:30:54.015Z</time>
    </trkpt>
    <trkpt lat="45.820572" lon="7.229851">
      <ele>0</ele>
      <time>2026-04-13T11:30:55.744Z</time>
    </trkpt>
    <trkpt lat="45.820608" lon="7.229828">
      <ele>0</ele>
      <time>2026-04-13T11:30:57.473Z</time>
    </trkpt>
    <trkpt lat="45.820674" lon="7.229772">
      <ele>0</ele>
      <time>2026-04-13T11:30:59.203Z</time>
    </trkpt>
    <trkpt lat="45.820762" lon="7.229690">
      <ele>0</ele>
      <time>2026-04-13T11:31:00.932Z</time>
    </trkpt>
    <trkpt lat="45.820924" lon="7.229474">
      <ele>0</ele>
      <time>2026-04-13T11:31:02.661Z</time>
    </trkpt>
    <trkpt lat="45.821065" lon="7.229256">
      <ele>0</ele>
      <time>2026-04-13T11:31:04.390Z</time>
    </trkpt>
    <trkpt lat="45.821136" lon="7.229167">
      <ele>0</ele>
      <time>2026-04-13T11:31:06.119Z</time>
    </trkpt>
    <trkpt lat="45.821173" lon="7.229145">
      <ele>0</ele>
      <time>2026-04-13T11:31:07.849Z</time>
    </trkpt>
    <trkpt lat="45.821213" lon="7.229141">
      <ele>0</ele>
      <time>2026-04-13T11:31:09.578Z</time>
    </trkpt>
    <trkpt lat="45.821252" lon="7.229156">
      <ele>0</ele>
      <time>2026-04-13T11:31:11.307Z</time>
    </trkpt>
    <trkpt lat="45.821286" lon="7.229188">
      <ele>0</ele>
      <time>2026-04-13T11:31:13.036Z</time>
    </trkpt>
    <trkpt lat="45.821311" lon="7.229234">
      <ele>0</ele>
      <time>2026-04-13T11:31:14.765Z</time>
    </trkpt>
    <trkpt lat="45.821324" lon="7.229289">
      <ele>0</ele>
      <time>2026-04-13T11:31:16.495Z</time>
    </trkpt>
    <trkpt lat="45.821324" lon="7.229347">
      <ele>0</ele>
      <time>2026-04-13T11:31:18.224Z</time>
    </trkpt>
    <trkpt lat="45.821311" lon="7.229402">
      <ele>0</ele>
      <time>2026-04-13T11:31:19.953Z</time>
    </trkpt>
    <trkpt lat="45.821074" lon="7.229905">
      <ele>0</ele>
      <time>2026-04-13T11:31:21.682Z</time>
    </trkpt>
    <trkpt lat="45.820965" lon="7.230137">
      <ele>0</ele>
      <time>2026-04-13T11:31:23.411Z</time>
    </trkpt>
    <trkpt lat="45.820950" lon="7.230207">
      <ele>0</ele>
      <time>2026-04-13T11:31:25.141Z</time>
    </trkpt>
    <trkpt lat="45.820945" lon="7.230269">
      <ele>0</ele>
      <time>2026-04-13T11:31:26.870Z</time>
    </trkpt>
    <trkpt lat="45.820951" lon="7.230337">
      <ele>0</ele>
      <time>2026-04-13T11:31:28.599Z</time>
    </trkpt>
    <trkpt lat="45.820963" lon="7.230380">
      <ele>0</ele>
      <time>2026-04-13T11:31:30.328Z</time>
    </trkpt>
    <trkpt lat="45.821001" lon="7.230436">
      <ele>0</ele>
      <time>2026-04-13T11:31:32.057Z</time>
    </trkpt>
    <trkpt lat="45.821048" lon="7.230468">
      <ele>0</ele>
      <time>2026-04-13T11:31:33.787Z</time>
    </trkpt>
    <trkpt lat="45.821101" lon="7.230478">
      <ele>0</ele>
      <time>2026-04-13T11:31:35.516Z</time>
    </trkpt>
    <trkpt lat="45.821128" lon="7.230469">
      <ele>0</ele>
      <time>2026-04-13T11:31:37.245Z</time>
    </trkpt>
    <trkpt lat="45.821183" lon="7.230404">
      <ele>0</ele>
      <time>2026-04-13T11:31:38.974Z</time>
    </trkpt>
    <trkpt lat="45.821220" lon="7.230330">
      <ele>0</ele>
      <time>2026-04-13T11:31:40.703Z</time>
    </trkpt>
    <trkpt lat="45.821341" lon="7.229997">
      <ele>0</ele>
      <time>2026-04-13T11:31:42.433Z</time>
    </trkpt>
    <trkpt lat="45.821435" lon="7.229629">
      <ele>0</ele>
      <time>2026-04-13T11:31:44.162Z</time>
    </trkpt>
    <trkpt lat="45.821510" lon="7.229226">
      <ele>0</ele>
      <time>2026-04-13T11:31:45.891Z</time>
    </trkpt>
    <trkpt lat="45.821702" lon="7.227839">
      <ele>0</ele>
      <time>2026-04-13T11:31:47.620Z</time>
    </trkpt>
    <trkpt lat="45.822394" lon="7.223387">
      <ele>0</ele>
      <time>2026-04-13T11:31:49.349Z</time>
    </trkpt>
    <trkpt lat="45.822508" lon="7.222987">
      <ele>0</ele>
      <time>2026-04-13T11:31:51.079Z</time>
    </trkpt>
    <trkpt lat="45.822696" lon="7.222619">
      <ele>0</ele>
      <time>2026-04-13T11:31:52.808Z</time>
    </trkpt>
    <trkpt lat="45.823637" lon="7.221040">
      <ele>0</ele>
      <time>2026-04-13T11:31:54.537Z</time>
    </trkpt>
    <trkpt lat="45.824074" lon="7.220287">
      <ele>0</ele>
      <time>2026-04-13T11:31:56.266Z</time>
    </trkpt>
    <trkpt lat="45.824553" lon="7.219462">
      <ele>0</ele>
      <time>2026-04-13T11:31:57.995Z</time>
    </trkpt>
    <trkpt lat="45.824698" lon="7.219204">
      <ele>0</ele>
      <time>2026-04-13T11:31:59.725Z</time>
    </trkpt>
    <trkpt lat="45.824726" lon="7.219103">
      <ele>0</ele>
      <time>2026-04-13T11:32:01.454Z</time>
    </trkpt>
    <trkpt lat="45.824780" lon="7.218965">
      <ele>0</ele>
      <time>2026-04-13T11:32:03.183Z</time>
    </trkpt>
    <trkpt lat="45.824810" lon="7.218852">
      <ele>0</ele>
      <time>2026-04-13T11:32:04.912Z</time>
    </trkpt>
    <trkpt lat="45.824826" lon="7.218737">
      <ele>0</ele>
      <time>2026-04-13T11:32:06.641Z</time>
    </trkpt>
    <trkpt lat="45.824837" lon="7.218623">
      <ele>0</ele>
      <time>2026-04-13T11:32:08.370Z</time>
    </trkpt>
    <trkpt lat="45.824833" lon="7.218513">
      <ele>0</ele>
      <time>2026-04-13T11:32:10.100Z</time>
    </trkpt>
    <trkpt lat="45.824768" lon="7.217836">
      <ele>0</ele>
      <time>2026-04-13T11:32:11.829Z</time>
    </trkpt>
    <trkpt lat="45.824710" lon="7.217264">
      <ele>0</ele>
      <time>2026-04-13T11:32:13.558Z</time>
    </trkpt>
    <trkpt lat="45.824639" lon="7.216549">
      <ele>0</ele>
      <time>2026-04-13T11:32:15.287Z</time>
    </trkpt>
    <trkpt lat="45.824637" lon="7.216360">
      <ele>0</ele>
      <time>2026-04-13T11:32:17.016Z</time>
    </trkpt>
    <trkpt lat="45.824655" lon="7.216152">
      <ele>0</ele>
      <time>2026-04-13T11:32:18.746Z</time>
    </trkpt>
    <trkpt lat="45.824724" lon="7.215877">
      <ele>0</ele>
      <time>2026-04-13T11:32:20.475Z</time>
    </trkpt>
    <trkpt lat="45.824822" lon="7.215536">
      <ele>0</ele>
      <time>2026-04-13T11:32:22.204Z</time>
    </trkpt>
    <trkpt lat="45.824851" lon="7.215447">
      <ele>0</ele>
      <time>2026-04-13T11:32:23.933Z</time>
    </trkpt>
    <trkpt lat="45.824993" lon="7.215094">
      <ele>0</ele>
      <time>2026-04-13T11:32:25.662Z</time>
    </trkpt>
    <trkpt lat="45.825015" lon="7.215014">
      <ele>0</ele>
      <time>2026-04-13T11:32:27.392Z</time>
    </trkpt>
    <trkpt lat="45.825020" lon="7.214922">
      <ele>0</ele>
      <time>2026-04-13T11:32:29.121Z</time>
    </trkpt>
    <trkpt lat="45.825017" lon="7.214838">
      <ele>0</ele>
      <time>2026-04-13T11:32:30.850Z</time>
    </trkpt>
    <trkpt lat="45.825011" lon="7.214788">
      <ele>0</ele>
      <time>2026-04-13T11:32:32.579Z</time>
    </trkpt>
    <trkpt lat="45.824988" lon="7.214611">
      <ele>0</ele>
      <time>2026-04-13T11:32:34.308Z</time>
    </trkpt>
    <trkpt lat="45.824961" lon="7.214518">
      <ele>0</ele>
      <time>2026-04-13T11:32:36.038Z</time>
    </trkpt>
    <trkpt lat="45.824920" lon="7.214372">
      <ele>0</ele>
      <time>2026-04-13T11:32:37.767Z</time>
    </trkpt>
    <trkpt lat="45.824864" lon="7.214163">
      <ele>0</ele>
      <time>2026-04-13T11:32:39.496Z</time>
    </trkpt>
    <trkpt lat="45.824740" lon="7.213909">
      <ele>0</ele>
      <time>2026-04-13T11:32:41.225Z</time>
    </trkpt>
    <trkpt lat="45.824562" lon="7.213447">
      <ele>0</ele>
      <time>2026-04-13T11:32:42.954Z</time>
    </trkpt>
    <trkpt lat="45.824487" lon="7.213104">
      <ele>0</ele>
      <time>2026-04-13T11:32:44.684Z</time>
    </trkpt>
    <trkpt lat="45.824473" lon="7.213042">
      <ele>0</ele>
      <time>2026-04-13T11:32:46.413Z</time>
    </trkpt>
    <trkpt lat="45.824414" lon="7.212598">
      <ele>0</ele>
      <time>2026-04-13T11:32:48.142Z</time>
    </trkpt>
    <trkpt lat="45.824390" lon="7.212312">
      <ele>0</ele>
      <time>2026-04-13T11:32:49.871Z</time>
    </trkpt>
    <trkpt lat="45.824304" lon="7.211538">
      <ele>0</ele>
      <time>2026-04-13T11:32:51.600Z</time>
    </trkpt>
    <trkpt lat="45.824225" lon="7.210727">
      <ele>0</ele>
      <time>2026-04-13T11:32:53.330Z</time>
    </trkpt>
    <trkpt lat="45.824173" lon="7.210473">
      <ele>0</ele>
      <time>2026-04-13T11:32:55.059Z</time>
    </trkpt>
    <trkpt lat="45.824135" lon="7.210288">
      <ele>0</ele>
      <time>2026-04-13T11:32:56.788Z</time>
    </trkpt>
    <trkpt lat="45.824016" lon="7.209755">
      <ele>0</ele>
      <time>2026-04-13T11:32:58.517Z</time>
    </trkpt>
    <trkpt lat="45.823890" lon="7.209205">
      <ele>0</ele>
      <time>2026-04-13T11:33:00.246Z</time>
    </trkpt>
    <trkpt lat="45.823880" lon="7.209043">
      <ele>0</ele>
      <time>2026-04-13T11:33:01.976Z</time>
    </trkpt>
    <trkpt lat="45.823892" lon="7.208894">
      <ele>0</ele>
      <time>2026-04-13T11:33:03.705Z</time>
    </trkpt>
    <trkpt lat="45.823924" lon="7.208709">
      <ele>0</ele>
      <time>2026-04-13T11:33:05.434Z</time>
    </trkpt>
    <trkpt lat="45.823951" lon="7.208570">
      <ele>0</ele>
      <time>2026-04-13T11:33:07.163Z</time>
    </trkpt>
    <trkpt lat="45.823978" lon="7.208379">
      <ele>0</ele>
      <time>2026-04-13T11:33:08.892Z</time>
    </trkpt>
    <trkpt lat="45.823978" lon="7.208236">
      <ele>0</ele>
      <time>2026-04-13T11:33:10.622Z</time>
    </trkpt>
    <trkpt lat="45.823962" lon="7.208143">
      <ele>0</ele>
      <time>2026-04-13T11:33:12.351Z</time>
    </trkpt>
    <trkpt lat="45.823955" lon="7.208100">
      <ele>0</ele>
      <time>2026-04-13T11:33:14.080Z</time>
    </trkpt>
    <trkpt lat="45.823912" lon="7.207938">
      <ele>0</ele>
      <time>2026-04-13T11:33:15.809Z</time>
    </trkpt>
    <trkpt lat="45.823860" lon="7.207795">
      <ele>0</ele>
      <time>2026-04-13T11:33:17.538Z</time>
    </trkpt>
    <trkpt lat="45.823816" lon="7.207631">
      <ele>0</ele>
      <time>2026-04-13T11:33:19.268Z</time>
    </trkpt>
    <trkpt lat="45.823781" lon="7.207484">
      <ele>0</ele>
      <time>2026-04-13T11:33:20.997Z</time>
    </trkpt>
    <trkpt lat="45.823650" lon="7.206794">
      <ele>0</ele>
      <time>2026-04-13T11:33:22.726Z</time>
    </trkpt>
    <trkpt lat="45.823576" lon="7.206457">
      <ele>0</ele>
      <time>2026-04-13T11:33:24.455Z</time>
    </trkpt>
    <trkpt lat="45.823562" lon="7.206387">
      <ele>0</ele>
      <time>2026-04-13T11:33:26.184Z</time>
    </trkpt>
    <trkpt lat="45.823479" lon="7.206015">
      <ele>0</ele>
      <time>2026-04-13T11:33:27.914Z</time>
    </trkpt>
    <trkpt lat="45.823356" lon="7.205465">
      <ele>0</ele>
      <time>2026-04-13T11:33:29.643Z</time>
    </trkpt>
    <trkpt lat="45.823160" lon="7.205007">
      <ele>0</ele>
      <time>2026-04-13T11:33:31.372Z</time>
    </trkpt>
    <trkpt lat="45.823055" lon="7.204750">
      <ele>0</ele>
      <time>2026-04-13T11:33:33.101Z</time>
    </trkpt>
    <trkpt lat="45.823019" lon="7.204564">
      <ele>0</ele>
      <time>2026-04-13T11:33:34.830Z</time>
    </trkpt>
    <trkpt lat="45.823010" lon="7.204307">
      <ele>0</ele>
      <time>2026-04-13T11:33:36.559Z</time>
    </trkpt>
    <trkpt lat="45.823015" lon="7.204048">
      <ele>0</ele>
      <time>2026-04-13T11:33:38.289Z</time>
    </trkpt>
    <trkpt lat="45.823031" lon="7.203817">
      <ele>0</ele>
      <time>2026-04-13T11:33:40.018Z</time>
    </trkpt>
    <trkpt lat="45.823037" lon="7.203543">
      <ele>0</ele>
      <time>2026-04-13T11:33:41.747Z</time>
    </trkpt>
    <trkpt lat="45.822994" lon="7.203258">
      <ele>0</ele>
      <time>2026-04-13T11:33:43.476Z</time>
    </trkpt>
    <trkpt lat="45.822752" lon="7.202185">
      <ele>0</ele>
      <time>2026-04-13T11:33:45.205Z</time>
    </trkpt>
    <trkpt lat="45.822736" lon="7.201922">
      <ele>0</ele>
      <time>2026-04-13T11:33:46.935Z</time>
    </trkpt>
    <trkpt lat="45.822756" lon="7.201631">
      <ele>0</ele>
      <time>2026-04-13T11:33:48.664Z</time>
    </trkpt>
    <trkpt lat="45.822764" lon="7.201273">
      <ele>0</ele>
      <time>2026-04-13T11:33:50.393Z</time>
    </trkpt>
    <trkpt lat="45.822752" lon="7.200935">
      <ele>0</ele>
      <time>2026-04-13T11:33:52.122Z</time>
    </trkpt>
    <trkpt lat="45.822728" lon="7.200431">
      <ele>0</ele>
      <time>2026-04-13T11:33:53.851Z</time>
    </trkpt>
    <trkpt lat="45.822679" lon="7.199953">
      <ele>0</ele>
      <time>2026-04-13T11:33:55.581Z</time>
    </trkpt>
    <trkpt lat="45.822610" lon="7.199696">
      <ele>0</ele>
      <time>2026-04-13T11:33:57.310Z</time>
    </trkpt>
    <trkpt lat="45.822422" lon="7.199291">
      <ele>0</ele>
      <time>2026-04-13T11:33:59.039Z</time>
    </trkpt>
    <trkpt lat="45.822333" lon="7.198873">
      <ele>0</ele>
      <time>2026-04-13T11:34:00.768Z</time>
    </trkpt>
    <trkpt lat="45.822267" lon="7.198506">
      <ele>0</ele>
      <time>2026-04-13T11:34:02.497Z</time>
    </trkpt>
    <trkpt lat="45.822167" lon="7.198047">
      <ele>0</ele>
      <time>2026-04-13T11:34:04.227Z</time>
    </trkpt>
    <trkpt lat="45.822103" lon="7.197341">
      <ele>0</ele>
      <time>2026-04-13T11:34:05.956Z</time>
    </trkpt>
    <trkpt lat="45.822139" lon="7.196649">
      <ele>0</ele>
      <time>2026-04-13T11:34:07.685Z</time>
    </trkpt>
    <trkpt lat="45.822151" lon="7.196398">
      <ele>0</ele>
      <time>2026-04-13T11:34:09.414Z</time>
    </trkpt>
    <trkpt lat="45.822262" lon="7.194396">
      <ele>0</ele>
      <time>2026-04-13T11:34:11.143Z</time>
    </trkpt>
    <trkpt lat="45.822216" lon="7.193838">
      <ele>0</ele>
      <time>2026-04-13T11:34:12.873Z</time>
    </trkpt>
    <trkpt lat="45.822219" lon="7.193771">
      <ele>0</ele>
      <time>2026-04-13T11:34:14.602Z</time>
    </trkpt>
    <trkpt lat="45.822296" lon="7.193450">
      <ele>0</ele>
      <time>2026-04-13T11:34:16.331Z</time>
    </trkpt>
    <trkpt lat="45.822406" lon="7.193154">
      <ele>0</ele>
      <time>2026-04-13T11:34:18.060Z</time>
    </trkpt>
    <trkpt lat="45.822456" lon="7.192747">
      <ele>0</ele>
      <time>2026-04-13T11:34:19.789Z</time>
    </trkpt>
    <trkpt lat="45.822675" lon="7.190915">
      <ele>0</ele>
      <time>2026-04-13T11:34:21.519Z</time>
    </trkpt>
    <trkpt lat="45.822808" lon="7.190305">
      <ele>0</ele>
      <time>2026-04-13T11:34:23.248Z</time>
    </trkpt>
    <trkpt lat="45.822948" lon="7.189948">
      <ele>0</ele>
      <time>2026-04-13T11:34:24.977Z</time>
    </trkpt>
    <trkpt lat="45.823030" lon="7.189756">
      <ele>0</ele>
      <time>2026-04-13T11:34:26.706Z</time>
    </trkpt>
    <trkpt lat="45.823213" lon="7.189463">
      <ele>0</ele>
      <time>2026-04-13T11:34:28.435Z</time>
    </trkpt>
    <trkpt lat="45.823301" lon="7.189303">
      <ele>0</ele>
      <time>2026-04-13T11:34:30.165Z</time>
    </trkpt>
    <trkpt lat="45.823503" lon="7.188900">
      <ele>0</ele>
      <time>2026-04-13T11:34:31.894Z</time>
    </trkpt>
    <trkpt lat="45.823787" lon="7.188477">
      <ele>0</ele>
      <time>2026-04-13T11:34:33.623Z</time>
    </trkpt>
    <trkpt lat="45.824026" lon="7.188124">
      <ele>0</ele>
      <time>2026-04-13T11:34:35.352Z</time>
    </trkpt>
    <trkpt lat="45.824140" lon="7.187959">
      <ele>0</ele>
      <time>2026-04-13T11:34:37.081Z</time>
    </trkpt>
    <trkpt lat="45.824215" lon="7.187861">
      <ele>0</ele>
      <time>2026-04-13T11:34:38.811Z</time>
    </trkpt>
    <trkpt lat="45.824333" lon="7.187724">
      <ele>0</ele>
      <time>2026-04-13T11:34:40.540Z</time>
    </trkpt>
    <trkpt lat="45.824434" lon="7.187649">
      <ele>0</ele>
      <time>2026-04-13T11:34:42.269Z</time>
    </trkpt>
    <trkpt lat="45.824525" lon="7.187601">
      <ele>0</ele>
      <time>2026-04-13T11:34:43.998Z</time>
    </trkpt>
    <trkpt lat="45.824593" lon="7.187572">
      <ele>0</ele>
      <time>2026-04-13T11:34:45.727Z</time>
    </trkpt>
    <trkpt lat="45.824666" lon="7.187557">
      <ele>0</ele>
      <time>2026-04-13T11:34:47.457Z</time>
    </trkpt>
    <trkpt lat="45.825083" lon="7.187535">
      <ele>0</ele>
      <time>2026-04-13T11:34:49.186Z</time>
    </trkpt>
    <trkpt lat="45.825158" lon="7.187535">
      <ele>0</ele>
      <time>2026-04-13T11:34:50.915Z</time>
    </trkpt>
    <trkpt lat="45.825230" lon="7.187552">
      <ele>0</ele>
      <time>2026-04-13T11:34:52.644Z</time>
    </trkpt>
    <trkpt lat="45.825406" lon="7.187628">
      <ele>0</ele>
      <time>2026-04-13T11:34:54.373Z</time>
    </trkpt>
    <trkpt lat="45.825472" lon="7.187639">
      <ele>0</ele>
      <time>2026-04-13T11:34:56.103Z</time>
    </trkpt>
    <trkpt lat="45.825556" lon="7.187631">
      <ele>0</ele>
      <time>2026-04-13T11:34:57.832Z</time>
    </trkpt>
    <trkpt lat="45.826092" lon="7.187543">
      <ele>0</ele>
      <time>2026-04-13T11:34:59.561Z</time>
    </trkpt>
    <trkpt lat="45.826213" lon="7.187532">
      <ele>0</ele>
      <time>2026-04-13T11:35:01.290Z</time>
    </trkpt>
    <trkpt lat="45.827007" lon="7.187508">
      <ele>0</ele>
      <time>2026-04-13T11:35:03.019Z</time>
    </trkpt>
    <trkpt lat="45.827033" lon="7.187514">
      <ele>0</ele>
      <time>2026-04-13T11:35:04.748Z</time>
    </trkpt>
    <trkpt lat="45.827056" lon="7.187532">
      <ele>0</ele>
      <time>2026-04-13T11:35:06.478Z</time>
    </trkpt>
    <trkpt lat="45.827075" lon="7.187558">
      <ele>0</ele>
      <time>2026-04-13T11:35:08.207Z</time>
    </trkpt>
    <trkpt lat="45.827087" lon="7.187592">
      <ele>0</ele>
      <time>2026-04-13T11:35:09.936Z</time>
    </trkpt>
    <trkpt lat="45.827092" lon="7.187629">
      <ele>0</ele>
      <time>2026-04-13T11:35:11.665Z</time>
    </trkpt>
    <trkpt lat="45.827089" lon="7.187666">
      <ele>0</ele>
      <time>2026-04-13T11:35:13.394Z</time>
    </trkpt>
    <trkpt lat="45.827078" lon="7.187700">
      <ele>0</ele>
      <time>2026-04-13T11:35:15.124Z</time>
    </trkpt>
    <trkpt lat="45.827060" lon="7.187728">
      <ele>0</ele>
      <time>2026-04-13T11:35:16.853Z</time>
    </trkpt>
    <trkpt lat="45.827037" lon="7.187747">
      <ele>0</ele>
      <time>2026-04-13T11:35:18.582Z</time>
    </trkpt>
    <trkpt lat="45.827011" lon="7.187755">
      <ele>0</ele>
      <time>2026-04-13T11:35:20.311Z</time>
    </trkpt>
    <trkpt lat="45.826984" lon="7.187751">
      <ele>0</ele>
      <time>2026-04-13T11:35:22.040Z</time>
    </trkpt>
    <trkpt lat="45.826622" lon="7.187669">
      <ele>0</ele>
      <time>2026-04-13T11:35:23.770Z</time>
    </trkpt>
    <trkpt lat="45.826532" lon="7.187651">
      <ele>0</ele>
      <time>2026-04-13T11:35:25.499Z</time>
    </trkpt>
    <trkpt lat="45.826456" lon="7.187650">
      <ele>0</ele>
      <time>2026-04-13T11:35:27.228Z</time>
    </trkpt>
    <trkpt lat="45.826374" lon="7.187656">
      <ele>0</ele>
      <time>2026-04-13T11:35:28.957Z</time>
    </trkpt>
    <trkpt lat="45.826010" lon="7.187734">
      <ele>0</ele>
      <time>2026-04-13T11:35:30.686Z</time>
    </trkpt>
    <trkpt lat="45.825888" lon="7.187775">
      <ele>0</ele>
      <time>2026-04-13T11:35:32.416Z</time>
    </trkpt>
    <trkpt lat="45.825800" lon="7.187807">
      <ele>0</ele>
      <time>2026-04-13T11:35:34.145Z</time>
    </trkpt>
    <trkpt lat="45.825572" lon="7.187910">
      <ele>0</ele>
      <time>2026-04-13T11:35:35.874Z</time>
    </trkpt>
    <trkpt lat="45.825488" lon="7.187939">
      <ele>0</ele>
      <time>2026-04-13T11:35:37.603Z</time>
    </trkpt>
    <trkpt lat="45.825368" lon="7.187960">
      <ele>0</ele>
      <time>2026-04-13T11:35:39.332Z</time>
    </trkpt>
    <trkpt lat="45.825263" lon="7.187958">
      <ele>0</ele>
      <time>2026-04-13T11:35:41.062Z</time>
    </trkpt>
    <trkpt lat="45.825132" lon="7.187944">
      <ele>0</ele>
      <time>2026-04-13T11:35:42.791Z</time>
    </trkpt>
    <trkpt lat="45.825041" lon="7.187941">
      <ele>0</ele>
      <time>2026-04-13T11:35:44.520Z</time>
    </trkpt>
    <trkpt lat="45.824959" lon="7.187946">
      <ele>0</ele>
      <time>2026-04-13T11:35:46.249Z</time>
    </trkpt>
    <trkpt lat="45.824876" lon="7.187972">
      <ele>0</ele>
      <time>2026-04-13T11:35:47.978Z</time>
    </trkpt>
    <trkpt lat="45.824701" lon="7.188066">
      <ele>0</ele>
      <time>2026-04-13T11:35:49.708Z</time>
    </trkpt>
    <trkpt lat="45.824567" lon="7.188124">
      <ele>0</ele>
      <time>2026-04-13T11:35:51.437Z</time>
    </trkpt>
    <trkpt lat="45.824544" lon="7.188143">
      <ele>0</ele>
      <time>2026-04-13T11:35:53.166Z</time>
    </trkpt>
    <trkpt lat="45.824525" lon="7.188171">
      <ele>0</ele>
      <time>2026-04-13T11:35:54.895Z</time>
    </trkpt>
    <trkpt lat="45.824514" lon="7.188206">
      <ele>0</ele>
      <time>2026-04-13T11:35:56.624Z</time>
    </trkpt>
    <trkpt lat="45.824510" lon="7.188245">
      <ele>0</ele>
      <time>2026-04-13T11:35:58.354Z</time>
    </trkpt>
    <trkpt lat="45.824515" lon="7.188281">
      <ele>0</ele>
      <time>2026-04-13T11:36:00.083Z</time>
    </trkpt>
    <trkpt lat="45.824527" lon="7.188313">
      <ele>0</ele>
      <time>2026-04-13T11:36:01.812Z</time>
    </trkpt>
    <trkpt lat="45.824545" lon="7.188339">
      <ele>0</ele>
      <time>2026-04-13T11:36:03.541Z</time>
    </trkpt>
    <trkpt lat="45.824567" lon="7.188357">
      <ele>0</ele>
      <time>2026-04-13T11:36:05.270Z</time>
    </trkpt>
    <trkpt lat="45.824592" lon="7.188364">
      <ele>0</ele>
      <time>2026-04-13T11:36:07.000Z</time>
    </trkpt>
    <trkpt lat="45.824620" lon="7.188359">
      <ele>0</ele>
      <time>2026-04-13T11:36:08.729Z</time>
    </trkpt>
    <trkpt lat="45.824645" lon="7.188343">
      <ele>0</ele>
      <time>2026-04-13T11:36:10.458Z</time>
    </trkpt>
    <trkpt lat="45.824820" lon="7.188155">
      <ele>0</ele>
      <time>2026-04-13T11:36:12.187Z</time>
    </trkpt>
    <trkpt lat="45.824869" lon="7.188114">
      <ele>0</ele>
      <time>2026-04-13T11:36:13.916Z</time>
    </trkpt>
    <trkpt lat="45.824917" lon="7.188086">
      <ele>0</ele>
      <time>2026-04-13T11:36:15.646Z</time>
    </trkpt>
    <trkpt lat="45.824968" lon="7.188072">
      <ele>0</ele>
      <time>2026-04-13T11:36:17.375Z</time>
    </trkpt>
    <trkpt lat="45.825033" lon="7.188074">
      <ele>0</ele>
      <time>2026-04-13T11:36:19.104Z</time>
    </trkpt>
    <trkpt lat="45.825090" lon="7.188087">
      <ele>0</ele>
      <time>2026-04-13T11:36:20.833Z</time>
    </trkpt>
    <trkpt lat="45.825288" lon="7.188165">
      <ele>0</ele>
      <time>2026-04-13T11:36:22.562Z</time>
    </trkpt>
    <trkpt lat="45.825377" lon="7.188188">
      <ele>0</ele>
      <time>2026-04-13T11:36:24.292Z</time>
    </trkpt>
    <trkpt lat="45.825493" lon="7.188194">
      <ele>0</ele>
      <time>2026-04-13T11:36:26.021Z</time>
    </trkpt>
    <trkpt lat="45.825754" lon="7.188175">
      <ele>0</ele>
      <time>2026-04-13T11:36:27.750Z</time>
    </trkpt>
    <trkpt lat="45.826012" lon="7.188168">
      <ele>0</ele>
      <time>2026-04-13T11:36:29.479Z</time>
    </trkpt>
    <trkpt lat="45.826430" lon="7.188217">
      <ele>0</ele>
      <time>2026-04-13T11:36:31.208Z</time>
    </trkpt>
    <trkpt lat="45.827192" lon="7.188252">
      <ele>0</ele>
      <time>2026-04-13T11:36:32.937Z</time>
    </trkpt>
    <trkpt lat="45.827471" lon="7.188284">
      <ele>0</ele>
      <time>2026-04-13T11:36:34.667Z</time>
    </trkpt>
    <trkpt lat="45.827775" lon="7.188324">
      <ele>0</ele>
      <time>2026-04-13T11:36:36.396Z</time>
    </trkpt>
    <trkpt lat="45.827896" lon="7.188309">
      <ele>0</ele>
      <time>2026-04-13T11:36:38.125Z</time>
    </trkpt>
    <trkpt lat="45.827977" lon="7.188277">
      <ele>0</ele>
      <time>2026-04-13T11:36:39.854Z</time>
    </trkpt>
    <trkpt lat="45.828099" lon="7.188212">
      <ele>0</ele>
      <time>2026-04-13T11:36:41.583Z</time>
    </trkpt>
    <trkpt lat="45.829544" lon="7.187983">
      <ele>0</ele>
      <time>2026-04-13T11:36:43.313Z</time>
    </trkpt>
    <trkpt lat="45.829885" lon="7.187898">
      <ele>0</ele>
      <time>2026-04-13T11:36:45.042Z</time>
    </trkpt>
    <trkpt lat="45.830198" lon="7.187872">
      <ele>0</ele>
      <time>2026-04-13T11:36:46.771Z</time>
    </trkpt>
    <trkpt lat="45.831442" lon="7.187835">
      <ele>0</ele>
      <time>2026-04-13T11:36:48.500Z</time>
    </trkpt>
    <trkpt lat="45.831934" lon="7.187790">
      <ele>0</ele>
      <time>2026-04-13T11:36:50.229Z</time>
    </trkpt>
    <trkpt lat="45.832041" lon="7.187729">
      <ele>0</ele>
      <time>2026-04-13T11:36:51.959Z</time>
    </trkpt>
    <trkpt lat="45.832144" lon="7.187613">
      <ele>0</ele>
      <time>2026-04-13T11:36:53.688Z</time>
    </trkpt>
    <trkpt lat="45.832237" lon="7.187428">
      <ele>0</ele>
      <time>2026-04-13T11:36:55.417Z</time>
    </trkpt>
    <trkpt lat="45.832351" lon="7.187182">
      <ele>0</ele>
      <time>2026-04-13T11:36:57.146Z</time>
    </trkpt>
    <trkpt lat="45.832511" lon="7.187017">
      <ele>0</ele>
      <time>2026-04-13T11:36:58.875Z</time>
    </trkpt>
    <trkpt lat="45.832822" lon="7.186706">
      <ele>0</ele>
      <time>2026-04-13T11:37:00.605Z</time>
    </trkpt>
    <trkpt lat="45.832982" lon="7.186540">
      <ele>0</ele>
      <time>2026-04-13T11:37:02.334Z</time>
    </trkpt>
    <trkpt lat="45.833056" lon="7.186421">
      <ele>0</ele>
      <time>2026-04-13T11:37:04.063Z</time>
    </trkpt>
    <trkpt lat="45.833158" lon="7.186213">
      <ele>0</ele>
      <time>2026-04-13T11:37:05.792Z</time>
    </trkpt>
    <trkpt lat="45.833325" lon="7.185910">
      <ele>0</ele>
      <time>2026-04-13T11:37:07.521Z</time>
    </trkpt>
    <trkpt lat="45.833469" lon="7.185714">
      <ele>0</ele>
      <time>2026-04-13T11:37:09.251Z</time>
    </trkpt>
    <trkpt lat="45.833650" lon="7.185536">
      <ele>0</ele>
      <time>2026-04-13T11:37:10.980Z</time>
    </trkpt>
    <trkpt lat="45.834123" lon="7.185128">
      <ele>0</ele>
      <time>2026-04-13T11:37:12.709Z</time>
    </trkpt>
    <trkpt lat="45.834450" lon="7.184806">
      <ele>0</ele>
      <time>2026-04-13T11:37:14.438Z</time>
    </trkpt>
    <trkpt lat="45.834489" lon="7.184795">
      <ele>0</ele>
      <time>2026-04-13T11:37:16.167Z</time>
    </trkpt>
    <trkpt lat="45.834520" lon="7.184798">
      <ele>0</ele>
      <time>2026-04-13T11:37:17.897Z</time>
    </trkpt>
    <trkpt lat="45.834551" lon="7.184828">
      <ele>0</ele>
      <time>2026-04-13T11:37:19.626Z</time>
    </trkpt>
    <trkpt lat="45.834564" lon="7.184872">
      <ele>0</ele>
      <time>2026-04-13T11:37:21.355Z</time>
    </trkpt>
    <trkpt lat="45.834563" lon="7.184928">
      <ele>0</ele>
      <time>2026-04-13T11:37:23.084Z</time>
    </trkpt>
    <trkpt lat="45.834531" lon="7.184975">
      <ele>0</ele>
      <time>2026-04-13T11:37:24.813Z</time>
    </trkpt>
    <trkpt lat="45.834198" lon="7.185256">
      <ele>0</ele>
      <time>2026-04-13T11:37:26.543Z</time>
    </trkpt>
    <trkpt lat="45.833920" lon="7.185500">
      <ele>0</ele>
      <time>2026-04-13T11:37:28.272Z</time>
    </trkpt>
    <trkpt lat="45.833624" lon="7.185781">
      <ele>0</ele>
      <time>2026-04-13T11:37:30.001Z</time>
    </trkpt>
    <trkpt lat="45.833565" lon="7.185863">
      <ele>0</ele>
      <time>2026-04-13T11:37:31.730Z</time>
    </trkpt>
    <trkpt lat="45.833507" lon="7.185965">
      <ele>0</ele>
      <time>2026-04-13T11:37:33.459Z</time>
    </trkpt>
    <trkpt lat="45.833398" lon="7.186253">
      <ele>0</ele>
      <time>2026-04-13T11:37:35.189Z</time>
    </trkpt>
    <trkpt lat="45.833287" lon="7.186558">
      <ele>0</ele>
      <time>2026-04-13T11:37:36.918Z</time>
    </trkpt>
    <trkpt lat="45.833228" lon="7.186863">
      <ele>0</ele>
      <time>2026-04-13T11:37:38.647Z</time>
    </trkpt>
    <trkpt lat="45.833208" lon="7.187005">
      <ele>0</ele>
      <time>2026-04-13T11:37:40.376Z</time>
    </trkpt>
    <trkpt lat="45.833178" lon="7.187103">
      <ele>0</ele>
      <time>2026-04-13T11:37:42.105Z</time>
    </trkpt>
    <trkpt lat="45.833117" lon="7.187211">
      <ele>0</ele>
      <time>2026-04-13T11:37:43.835Z</time>
    </trkpt>
    <trkpt lat="45.833073" lon="7.187286">
      <ele>0</ele>
      <time>2026-04-13T11:37:45.564Z</time>
    </trkpt>
    <trkpt lat="45.833058" lon="7.187352">
      <ele>0</ele>
      <time>2026-04-13T11:37:47.293Z</time>
    </trkpt>
    <trkpt lat="45.833074" lon="7.187424">
      <ele>0</ele>
      <time>2026-04-13T11:37:49.022Z</time>
    </trkpt>
    <trkpt lat="45.833106" lon="7.187487">
      <ele>0</ele>
      <time>2026-04-13T11:37:50.751Z</time>
    </trkpt>
    <trkpt lat="45.833154" lon="7.187492">
      <ele>0</ele>
      <time>2026-04-13T11:37:52.481Z</time>
    </trkpt>
    <trkpt lat="45.833186" lon="7.187480">
      <ele>0</ele>
      <time>2026-04-13T11:37:54.210Z</time>
    </trkpt>
    <trkpt lat="45.833214" lon="7.187441">
      <ele>0</ele>
      <time>2026-04-13T11:37:55.939Z</time>
    </trkpt>
    <trkpt lat="45.833252" lon="7.187256">
      <ele>0</ele>
      <time>2026-04-13T11:37:57.668Z</time>
    </trkpt>
    <trkpt lat="45.833302" lon="7.186937">
      <ele>0</ele>
      <time>2026-04-13T11:37:59.397Z</time>
    </trkpt>
    <trkpt lat="45.833351" lon="7.186742">
      <ele>0</ele>
      <time>2026-04-13T11:38:01.126Z</time>
    </trkpt>
    <trkpt lat="45.833411" lon="7.186618">
      <ele>0</ele>
      <time>2026-04-13T11:38:02.856Z</time>
    </trkpt>
    <trkpt lat="45.833583" lon="7.186292">
      <ele>0</ele>
      <time>2026-04-13T11:38:04.585Z</time>
    </trkpt>
    <trkpt lat="45.833683" lon="7.186154">
      <ele>0</ele>
      <time>2026-04-13T11:38:06.314Z</time>
    </trkpt>
    <trkpt lat="45.833823" lon="7.186026">
      <ele>0</ele>
      <time>2026-04-13T11:38:08.043Z</time>
    </trkpt>
    <trkpt lat="45.834116" lon="7.185828">
      <ele>0</ele>
      <time>2026-04-13T11:38:09.772Z</time>
    </trkpt>
    <trkpt lat="45.834646" lon="7.185451">
      <ele>0</ele>
      <time>2026-04-13T11:38:11.502Z</time>
    </trkpt>
    <trkpt lat="45.834930" lon="7.185329">
      <ele>0</ele>
      <time>2026-04-13T11:38:13.231Z</time>
    </trkpt>
    <trkpt lat="45.835206" lon="7.185134">
      <ele>0</ele>
      <time>2026-04-13T11:38:14.960Z</time>
    </trkpt>
    <trkpt lat="45.835480" lon="7.184931">
      <ele>0</ele>
      <time>2026-04-13T11:38:16.689Z</time>
    </trkpt>
    <trkpt lat="45.835811" lon="7.184662">
      <ele>0</ele>
      <time>2026-04-13T11:38:18.418Z</time>
    </trkpt>
    <trkpt lat="45.836129" lon="7.184416">
      <ele>0</ele>
      <time>2026-04-13T11:38:20.148Z</time>
    </trkpt>
    <trkpt lat="45.836315" lon="7.184281">
      <ele>0</ele>
      <time>2026-04-13T11:38:21.877Z</time>
    </trkpt>
    <trkpt lat="45.836672" lon="7.184149">
      <ele>0</ele>
      <time>2026-04-13T11:38:23.606Z</time>
    </trkpt>
    <trkpt lat="45.836862" lon="7.184033">
      <ele>0</ele>
      <time>2026-04-13T11:38:25.335Z</time>
    </trkpt>
    <trkpt lat="45.837145" lon="7.183779">
      <ele>0</ele>
      <time>2026-04-13T11:38:27.064Z</time>
    </trkpt>
    <trkpt lat="45.837385" lon="7.183624">
      <ele>0</ele>
      <time>2026-04-13T11:38:28.794Z</time>
    </trkpt>
    <trkpt lat="45.837546" lon="7.183470">
      <ele>0</ele>
      <time>2026-04-13T11:38:30.523Z</time>
    </trkpt>
    <trkpt lat="45.837670" lon="7.183278">
      <ele>0</ele>
      <time>2026-04-13T11:38:32.252Z</time>
    </trkpt>
    <trkpt lat="45.837818" lon="7.183108">
      <ele>0</ele>
      <time>2026-04-13T11:38:33.981Z</time>
    </trkpt>
    <trkpt lat="45.838186" lon="7.182814">
      <ele>0</ele>
      <time>2026-04-13T11:38:35.710Z</time>
    </trkpt>
    <trkpt lat="45.838391" lon="7.182642">
      <ele>0</ele>
      <time>2026-04-13T11:38:37.440Z</time>
    </trkpt>
    <trkpt lat="45.838647" lon="7.182515">
      <ele>0</ele>
      <time>2026-04-13T11:38:39.169Z</time>
    </trkpt>
    <trkpt lat="45.838804" lon="7.182463">
      <ele>0</ele>
      <time>2026-04-13T11:38:40.898Z</time>
    </trkpt>
    <trkpt lat="45.838918" lon="7.182352">
      <ele>0</ele>
      <time>2026-04-13T11:38:42.627Z</time>
    </trkpt>
    <trkpt lat="45.839024" lon="7.182200">
      <ele>0</ele>
      <time>2026-04-13T11:38:44.356Z</time>
    </trkpt>
    <trkpt lat="45.839205" lon="7.181921">
      <ele>0</ele>
      <time>2026-04-13T11:38:46.086Z</time>
    </trkpt>
    <trkpt lat="45.839365" lon="7.181748">
      <ele>0</ele>
      <time>2026-04-13T11:38:47.815Z</time>
    </trkpt>
    <trkpt lat="45.839672" lon="7.181471">
      <ele>0</ele>
      <time>2026-04-13T11:38:49.544Z</time>
    </trkpt>
    <trkpt lat="45.839795" lon="7.181334">
      <ele>0</ele>
      <time>2026-04-13T11:38:51.273Z</time>
    </trkpt>
    <trkpt lat="45.839955" lon="7.181170">
      <ele>0</ele>
      <time>2026-04-13T11:38:53.002Z</time>
    </trkpt>
    <trkpt lat="45.840175" lon="7.181032">
      <ele>0</ele>
      <time>2026-04-13T11:38:54.732Z</time>
    </trkpt>
    <trkpt lat="45.840351" lon="7.180899">
      <ele>0</ele>
      <time>2026-04-13T11:38:56.461Z</time>
    </trkpt>
    <trkpt lat="45.840587" lon="7.180666">
      <ele>0</ele>
      <time>2026-04-13T11:38:58.190Z</time>
    </trkpt>
    <trkpt lat="45.840727" lon="7.180523">
      <ele>0</ele>
      <time>2026-04-13T11:38:59.919Z</time>
    </trkpt>
    <trkpt lat="45.840874" lon="7.180414">
      <ele>0</ele>
      <time>2026-04-13T11:39:01.648Z</time>
    </trkpt>
    <trkpt lat="45.840989" lon="7.180369">
      <ele>0</ele>
      <time>2026-04-13T11:39:03.378Z</time>
    </trkpt>
    <trkpt lat="45.841236" lon="7.180258">
      <ele>0</ele>
      <time>2026-04-13T11:39:05.107Z</time>
    </trkpt>
    <trkpt lat="45.841567" lon="7.180146">
      <ele>0</ele>
      <time>2026-04-13T11:39:06.836Z</time>
    </trkpt>
    <trkpt lat="45.842056" lon="7.180070">
      <ele>0</ele>
      <time>2026-04-13T11:39:08.565Z</time>
    </trkpt>
    <trkpt lat="45.842273" lon="7.180055">
      <ele>0</ele>
      <time>2026-04-13T11:39:10.294Z</time>
    </trkpt>
    <trkpt lat="45.842462" lon="7.180012">
      <ele>0</ele>
      <time>2026-04-13T11:39:12.024Z</time>
    </trkpt>
    <trkpt lat="45.842597" lon="7.179973">
      <ele>0</ele>
      <time>2026-04-13T11:39:13.753Z</time>
    </trkpt>
    <trkpt lat="45.842696" lon="7.179917">
      <ele>0</ele>
      <time>2026-04-13T11:39:15.482Z</time>
    </trkpt>
    <trkpt lat="45.842773" lon="7.179828">
      <ele>0</ele>
      <time>2026-04-13T11:39:17.211Z</time>
    </trkpt>
    <trkpt lat="45.842851" lon="7.179718">
      <ele>0</ele>
      <time>2026-04-13T11:39:18.940Z</time>
    </trkpt>
    <trkpt lat="45.842916" lon="7.179594">
      <ele>0</ele>
      <time>2026-04-13T11:39:20.670Z</time>
    </trkpt>
    <trkpt lat="45.842972" lon="7.179403">
      <ele>0</ele>
      <time>2026-04-13T11:39:22.399Z</time>
    </trkpt>
    <trkpt lat="45.843057" lon="7.179003">
      <ele>0</ele>
      <time>2026-04-13T11:39:24.128Z</time>
    </trkpt>
    <trkpt lat="45.843089" lon="7.178876">
      <ele>0</ele>
      <time>2026-04-13T11:39:25.857Z</time>
    </trkpt>
    <trkpt lat="45.843119" lon="7.178800">
      <ele>0</ele>
      <time>2026-04-13T11:39:27.586Z</time>
    </trkpt>
    <trkpt lat="45.843189" lon="7.178686">
      <ele>0</ele>
      <time>2026-04-13T11:39:29.315Z</time>
    </trkpt>
    <trkpt lat="45.843455" lon="7.178273">
      <ele>0</ele>
      <time>2026-04-13T11:39:31.045Z</time>
    </trkpt>
    <trkpt lat="45.843514" lon="7.178191">
      <ele>0</ele>
      <time>2026-04-13T11:39:32.774Z</time>
    </trkpt>
    <trkpt lat="45.843602" lon="7.177980">
      <ele>0</ele>
      <time>2026-04-13T11:39:34.503Z</time>
    </trkpt>
    <trkpt lat="45.843715" lon="7.177725">
      <ele>0</ele>
      <time>2026-04-13T11:39:36.232Z</time>
    </trkpt>
    <trkpt lat="45.843784" lon="7.177624">
      <ele>0</ele>
      <time>2026-04-13T11:39:37.961Z</time>
    </trkpt>
    <trkpt lat="45.843943" lon="7.177436">
      <ele>0</ele>
      <time>2026-04-13T11:39:39.691Z</time>
    </trkpt>
    <trkpt lat="45.844213" lon="7.177125">
      <ele>0</ele>
      <time>2026-04-13T11:39:41.420Z</time>
    </trkpt>
    <trkpt lat="45.844431" lon="7.176931">
      <ele>0</ele>
      <time>2026-04-13T11:39:43.149Z</time>
    </trkpt>
    <trkpt lat="45.844696" lon="7.176723">
      <ele>0</ele>
      <time>2026-04-13T11:39:44.878Z</time>
    </trkpt>
    <trkpt lat="45.844946" lon="7.176502">
      <ele>0</ele>
      <time>2026-04-13T11:39:46.607Z</time>
    </trkpt>
    <trkpt lat="45.845106" lon="7.176315">
      <ele>0</ele>
      <time>2026-04-13T11:39:48.337Z</time>
    </trkpt>
    <trkpt lat="45.845287" lon="7.176183">
      <ele>0</ele>
      <time>2026-04-13T11:39:50.066Z</time>
    </trkpt>
    <trkpt lat="45.845598" lon="7.175989">
      <ele>0</ele>
      <time>2026-04-13T11:39:51.795Z</time>
    </trkpt>
    <trkpt lat="45.845660" lon="7.175929">
      <ele>0</ele>
      <time>2026-04-13T11:39:53.524Z</time>
    </trkpt>
    <trkpt lat="45.845690" lon="7.175856">
      <ele>0</ele>
      <time>2026-04-13T11:39:55.253Z</time>
    </trkpt>
    <trkpt lat="45.845697" lon="7.175762">
      <ele>0</ele>
      <time>2026-04-13T11:39:56.983Z</time>
    </trkpt>
    <trkpt lat="45.845684" lon="7.175671">
      <ele>0</ele>
      <time>2026-04-13T11:39:58.712Z</time>
    </trkpt>
    <trkpt lat="45.845666" lon="7.175635">
      <ele>0</ele>
      <time>2026-04-13T11:40:00.441Z</time>
    </trkpt>
    <trkpt lat="45.845584" lon="7.175535">
      <ele>0</ele>
      <time>2026-04-13T11:40:02.170Z</time>
    </trkpt>
    <trkpt lat="45.845523" lon="7.175460">
      <ele>0</ele>
      <time>2026-04-13T11:40:03.899Z</time>
    </trkpt>
    <trkpt lat="45.845394" lon="7.175304">
      <ele>0</ele>
      <time>2026-04-13T11:40:05.629Z</time>
    </trkpt>
    <trkpt lat="45.845343" lon="7.175262">
      <ele>0</ele>
      <time>2026-04-13T11:40:07.358Z</time>
    </trkpt>
    <trkpt lat="45.845210" lon="7.175282">
      <ele>0</ele>
      <time>2026-04-13T11:40:09.087Z</time>
    </trkpt>
    <trkpt lat="45.845121" lon="7.175369">
      <ele>0</ele>
      <time>2026-04-13T11:40:10.816Z</time>
    </trkpt>
    <trkpt lat="45.845006" lon="7.175473">
      <ele>0</ele>
      <time>2026-04-13T11:40:12.545Z</time>
    </trkpt>
    <trkpt lat="45.844738" lon="7.175719">
      <ele>0</ele>
      <time>2026-04-13T11:40:14.275Z</time>
    </trkpt>
    <trkpt lat="45.844574" lon="7.175861">
      <ele>0</ele>
      <time>2026-04-13T11:40:16.004Z</time>
    </trkpt>
    <trkpt lat="45.844444" lon="7.176006">
      <ele>0</ele>
      <time>2026-04-13T11:40:17.733Z</time>
    </trkpt>
    <trkpt lat="45.844341" lon="7.176223">
      <ele>0</ele>
      <time>2026-04-13T11:40:19.462Z</time>
    </trkpt>
    <trkpt lat="45.844267" lon="7.176320">
      <ele>0</ele>
      <time>2026-04-13T11:40:21.191Z</time>
    </trkpt>
    <trkpt lat="45.843999" lon="7.176580">
      <ele>0</ele>
      <time>2026-04-13T11:40:22.921Z</time>
    </trkpt>
    <trkpt lat="45.843863" lon="7.176752">
      <ele>0</ele>
      <time>2026-04-13T11:40:24.650Z</time>
    </trkpt>
    <trkpt lat="45.843698" lon="7.176886">
      <ele>0</ele>
      <time>2026-04-13T11:40:26.379Z</time>
    </trkpt>
    <trkpt lat="45.843504" lon="7.176958">
      <ele>0</ele>
      <time>2026-04-13T11:40:28.108Z</time>
    </trkpt>
    <trkpt lat="45.843233" lon="7.176990">
      <ele>0</ele>
      <time>2026-04-13T11:40:29.837Z</time>
    </trkpt>
    <trkpt lat="45.843005" lon="7.177039">
      <ele>0</ele>
      <time>2026-04-13T11:40:31.567Z</time>
    </trkpt>
    <trkpt lat="45.842798" lon="7.177175">
      <ele>0</ele>
      <time>2026-04-13T11:40:33.296Z</time>
    </trkpt>
    <trkpt lat="45.842468" lon="7.177430">
      <ele>0</ele>
      <time>2026-04-13T11:40:35.025Z</time>
    </trkpt>
    <trkpt lat="45.841911" lon="7.177659">
      <ele>0</ele>
      <time>2026-04-13T11:40:36.754Z</time>
    </trkpt>
    <trkpt lat="45.841369" lon="7.177968">
      <ele>0</ele>
      <time>2026-04-13T11:40:38.483Z</time>
    </trkpt>
    <trkpt lat="45.841190" lon="7.178029">
      <ele>0</ele>
      <time>2026-04-13T11:40:40.213Z</time>
    </trkpt>
    <trkpt lat="45.841067" lon="7.178130">
      <ele>0</ele>
      <time>2026-04-13T11:40:41.942Z</time>
    </trkpt>
    <trkpt lat="45.840930" lon="7.178165">
      <ele>0</ele>
      <time>2026-04-13T11:40:43.671Z</time>
    </trkpt>
    <trkpt lat="45.840862" lon="7.178127">
      <ele>0</ele>
      <time>2026-04-13T11:40:45.400Z</time>
    </trkpt>
    <trkpt lat="45.840822" lon="7.178044">
      <ele>0</ele>
      <time>2026-04-13T11:40:47.129Z</time>
    </trkpt>
    <trkpt lat="45.840849" lon="7.177916">
      <ele>0</ele>
      <time>2026-04-13T11:40:48.859Z</time>
    </trkpt>
    <trkpt lat="45.840923" lon="7.177837">
      <ele>0</ele>
      <time>2026-04-13T11:40:50.588Z</time>
    </trkpt>
    <trkpt lat="45.841045" lon="7.177864">
      <ele>0</ele>
      <time>2026-04-13T11:40:52.317Z</time>
    </trkpt>
    <trkpt lat="45.841170" lon="7.177875">
      <ele>0</ele>
      <time>2026-04-13T11:40:54.046Z</time>
    </trkpt>
    <trkpt lat="45.841335" lon="7.177823">
      <ele>0</ele>
      <time>2026-04-13T11:40:55.775Z</time>
    </trkpt>
    <trkpt lat="45.841577" lon="7.177611">
      <ele>0</ele>
      <time>2026-04-13T11:40:57.504Z</time>
    </trkpt>
    <trkpt lat="45.841781" lon="7.177371">
      <ele>0</ele>
      <time>2026-04-13T11:40:59.234Z</time>
    </trkpt>
    <trkpt lat="45.841954" lon="7.177223">
      <ele>0</ele>
      <time>2026-04-13T11:41:00.963Z</time>
    </trkpt>
    <trkpt lat="45.842444" lon="7.176700">
      <ele>0</ele>
      <time>2026-04-13T11:41:02.692Z</time>
    </trkpt>
    <trkpt lat="45.842586" lon="7.176555">
      <ele>0</ele>
      <time>2026-04-13T11:41:04.421Z</time>
    </trkpt>
    <trkpt lat="45.842964" lon="7.176191">
      <ele>0</ele>
      <time>2026-04-13T11:41:06.150Z</time>
    </trkpt>
    <trkpt lat="45.843174" lon="7.175944">
      <ele>0</ele>
      <time>2026-04-13T11:41:07.880Z</time>
    </trkpt>
    <trkpt lat="45.843361" lon="7.175687">
      <ele>0</ele>
      <time>2026-04-13T11:41:09.609Z</time>
    </trkpt>
    <trkpt lat="45.843468" lon="7.175455">
      <ele>0</ele>
      <time>2026-04-13T11:41:11.338Z</time>
    </trkpt>
    <trkpt lat="45.843580" lon="7.175328">
      <ele>0</ele>
      <time>2026-04-13T11:41:13.067Z</time>
    </trkpt>
    <trkpt lat="45.843731" lon="7.175123">
      <ele>0</ele>
      <time>2026-04-13T11:41:14.796Z</time>
    </trkpt>
    <trkpt lat="45.843872" lon="7.174763">
      <ele>0</ele>
      <time>2026-04-13T11:41:16.526Z</time>
    </trkpt>
    <trkpt lat="45.844098" lon="7.174447">
      <ele>0</ele>
      <time>2026-04-13T11:41:18.255Z</time>
    </trkpt>
    <trkpt lat="45.844219" lon="7.174311">
      <ele>0</ele>
      <time>2026-04-13T11:41:19.984Z</time>
    </trkpt>
    <trkpt lat="45.844325" lon="7.174134">
      <ele>0</ele>
      <time>2026-04-13T11:41:21.713Z</time>
    </trkpt>
    <trkpt lat="45.844448" lon="7.173798">
      <ele>0</ele>
      <time>2026-04-13T11:41:23.442Z</time>
    </trkpt>
    <trkpt lat="45.844606" lon="7.173370">
      <ele>0</ele>
      <time>2026-04-13T11:41:25.172Z</time>
    </trkpt>
    <trkpt lat="45.844746" lon="7.173061">
      <ele>0</ele>
      <time>2026-04-13T11:41:26.901Z</time>
    </trkpt>
    <trkpt lat="45.844962" lon="7.172626">
      <ele>0</ele>
      <time>2026-04-13T11:41:28.630Z</time>
    </trkpt>
    <trkpt lat="45.845090" lon="7.172314">
      <ele>0</ele>
      <time>2026-04-13T11:41:30.359Z</time>
    </trkpt>
    <trkpt lat="45.845228" lon="7.172084">
      <ele>0</ele>
      <time>2026-04-13T11:41:32.088Z</time>
    </trkpt>
    <trkpt lat="45.845445" lon="7.171791">
      <ele>0</ele>
      <time>2026-04-13T11:41:33.818Z</time>
    </trkpt>
    <trkpt lat="45.845542" lon="7.171615">
      <ele>0</ele>
      <time>2026-04-13T11:41:35.547Z</time>
    </trkpt>
    <trkpt lat="45.845662" lon="7.171371">
      <ele>0</ele>
      <time>2026-04-13T11:41:37.276Z</time>
    </trkpt>
    <trkpt lat="45.845776" lon="7.171122">
      <ele>0</ele>
      <time>2026-04-13T11:41:39.005Z</time>
    </trkpt>
    <trkpt lat="45.845901" lon="7.170746">
      <ele>0</ele>
      <time>2026-04-13T11:41:40.734Z</time>
    </trkpt>
    <trkpt lat="45.845984" lon="7.170640">
      <ele>0</ele>
      <time>2026-04-13T11:41:42.464Z</time>
    </trkpt>
    <trkpt lat="45.846124" lon="7.170431">
      <ele>0</ele>
      <time>2026-04-13T11:41:44.193Z</time>
    </trkpt>
    <trkpt lat="45.846164" lon="7.170317">
      <ele>0</ele>
      <time>2026-04-13T11:41:45.922Z</time>
    </trkpt>
    <trkpt lat="45.846190" lon="7.170184">
      <ele>0</ele>
      <time>2026-04-13T11:41:47.651Z</time>
    </trkpt>
    <trkpt lat="45.846202" lon="7.169945">
      <ele>0</ele>
      <time>2026-04-13T11:41:49.380Z</time>
    </trkpt>
    <trkpt lat="45.846243" lon="7.169746">
      <ele>0</ele>
      <time>2026-04-13T11:41:51.110Z</time>
    </trkpt>
    <trkpt lat="45.846310" lon="7.169499">
      <ele>0</ele>
      <time>2026-04-13T11:41:52.839Z</time>
    </trkpt>
    <trkpt lat="45.846427" lon="7.169151">
      <ele>0</ele>
      <time>2026-04-13T11:41:54.568Z</time>
    </trkpt>
    <trkpt lat="45.846550" lon="7.168773">
      <ele>0</ele>
      <time>2026-04-13T11:41:56.297Z</time>
    </trkpt>
    <trkpt lat="45.846648" lon="7.168573">
      <ele>0</ele>
      <time>2026-04-13T11:41:58.026Z</time>
    </trkpt>
    <trkpt lat="45.846752" lon="7.168365">
      <ele>0</ele>
      <time>2026-04-13T11:41:59.756Z</time>
    </trkpt>
    <trkpt lat="45.846855" lon="7.168063">
      <ele>0</ele>
      <time>2026-04-13T11:42:01.485Z</time>
    </trkpt>
    <trkpt lat="45.846994" lon="7.167861">
      <ele>0</ele>
      <time>2026-04-13T11:42:03.214Z</time>
    </trkpt>
    <trkpt lat="45.847133" lon="7.167661">
      <ele>0</ele>
      <time>2026-04-13T11:42:04.943Z</time>
    </trkpt>
    <trkpt lat="45.847239" lon="7.167432">
      <ele>0</ele>
      <time>2026-04-13T11:42:06.672Z</time>
    </trkpt>
    <trkpt lat="45.847307" lon="7.167207">
      <ele>0</ele>
      <time>2026-04-13T11:42:08.402Z</time>
    </trkpt>
    <trkpt lat="45.847349" lon="7.166988">
      <ele>0</ele>
      <time>2026-04-13T11:42:10.131Z</time>
    </trkpt>
    <trkpt lat="45.847358" lon="7.166648">
      <ele>0</ele>
      <time>2026-04-13T11:42:11.860Z</time>
    </trkpt>
    <trkpt lat="45.847370" lon="7.166376">
      <ele>0</ele>
      <time>2026-04-13T11:42:13.589Z</time>
    </trkpt>
    <trkpt lat="45.847424" lon="7.166013">
      <ele>0</ele>
      <time>2026-04-13T11:42:15.318Z</time>
    </trkpt>
    <trkpt lat="45.847442" lon="7.165797">
      <ele>0</ele>
      <time>2026-04-13T11:42:17.048Z</time>
    </trkpt>
    <trkpt lat="45.847396" lon="7.165568">
      <ele>0</ele>
      <time>2026-04-13T11:42:18.777Z</time>
    </trkpt>
    <trkpt lat="45.847394" lon="7.165426">
      <ele>0</ele>
      <time>2026-04-13T11:42:20.506Z</time>
    </trkpt>
    <trkpt lat="45.847430" lon="7.165307">
      <ele>0</ele>
      <time>2026-04-13T11:42:22.235Z</time>
    </trkpt>
    <trkpt lat="45.847533" lon="7.165153">
      <ele>0</ele>
      <time>2026-04-13T11:42:23.964Z</time>
    </trkpt>
    <trkpt lat="45.847670" lon="7.164966">
      <ele>0</ele>
      <time>2026-04-13T11:42:25.693Z</time>
    </trkpt>
    <trkpt lat="45.847776" lon="7.164803">
      <ele>0</ele>
      <time>2026-04-13T11:42:27.423Z</time>
    </trkpt>
    <trkpt lat="45.847863" lon="7.164590">
      <ele>0</ele>
      <time>2026-04-13T11:42:29.152Z</time>
    </trkpt>
    <trkpt lat="45.847926" lon="7.164362">
      <ele>0</ele>
      <time>2026-04-13T11:42:30.881Z</time>
    </trkpt>
    <trkpt lat="45.848020" lon="7.164133">
      <ele>0</ele>
      <time>2026-04-13T11:42:32.610Z</time>
    </trkpt>
    <trkpt lat="45.848191" lon="7.163736">
      <ele>0</ele>
      <time>2026-04-13T11:42:34.339Z</time>
    </trkpt>
    <trkpt lat="45.848266" lon="7.163516">
      <ele>0</ele>
      <time>2026-04-13T11:42:36.069Z</time>
    </trkpt>
    <trkpt lat="45.848323" lon="7.163246">
      <ele>0</ele>
      <time>2026-04-13T11:42:37.798Z</time>
    </trkpt>
    <trkpt lat="45.848347" lon="7.163156">
      <ele>0</ele>
      <time>2026-04-13T11:42:39.527Z</time>
    </trkpt>
    <trkpt lat="45.848388" lon="7.163069">
      <ele>0</ele>
      <time>2026-04-13T11:42:41.256Z</time>
    </trkpt>
    <trkpt lat="45.848526" lon="7.162882">
      <ele>0</ele>
      <time>2026-04-13T11:42:42.985Z</time>
    </trkpt>
    <trkpt lat="45.848606" lon="7.162740">
      <ele>0</ele>
      <time>2026-04-13T11:42:44.715Z</time>
    </trkpt>
    <trkpt lat="45.848713" lon="7.162445">
      <ele>0</ele>
      <time>2026-04-13T11:42:46.444Z</time>
    </trkpt>
    <trkpt lat="45.848891" lon="7.161973">
      <ele>0</ele>
      <time>2026-04-13T11:42:48.173Z</time>
    </trkpt>
    <trkpt lat="45.848942" lon="7.161755">
      <ele>0</ele>
      <time>2026-04-13T11:42:49.902Z</time>
    </trkpt>
    <trkpt lat="45.849003" lon="7.161518">
      <ele>0</ele>
      <time>2026-04-13T11:42:51.631Z</time>
    </trkpt>
    <trkpt lat="45.849034" lon="7.161432">
      <ele>0</ele>
      <time>2026-04-13T11:42:53.361Z</time>
    </trkpt>
    <trkpt lat="45.849095" lon="7.161323">
      <ele>0</ele>
      <time>2026-04-13T11:42:55.090Z</time>
    </trkpt>
    <trkpt lat="45.849224" lon="7.161151">
      <ele>0</ele>
      <time>2026-04-13T11:42:56.819Z</time>
    </trkpt>
    <trkpt lat="45.849470" lon="7.160868">
      <ele>0</ele>
      <time>2026-04-13T11:42:58.548Z</time>
    </trkpt>
    <trkpt lat="45.849656" lon="7.160717">
      <ele>0</ele>
      <time>2026-04-13T11:43:00.277Z</time>
    </trkpt>
    <trkpt lat="45.849749" lon="7.160589">
      <ele>0</ele>
      <time>2026-04-13T11:43:02.007Z</time>
    </trkpt>
    <trkpt lat="45.849824" lon="7.160424">
      <ele>0</ele>
      <time>2026-04-13T11:43:03.736Z</time>
    </trkpt>
    <trkpt lat="45.849895" lon="7.160219">
      <ele>0</ele>
      <time>2026-04-13T11:43:05.465Z</time>
    </trkpt>
    <trkpt lat="45.849932" lon="7.159954">
      <ele>0</ele>
      <time>2026-04-13T11:43:07.194Z</time>
    </trkpt>
    <trkpt lat="45.849940" lon="7.159916">
      <ele>0</ele>
      <time>2026-04-13T11:43:08.923Z</time>
    </trkpt>
    <trkpt lat="45.849993" lon="7.159664">
      <ele>0</ele>
      <time>2026-04-13T11:43:10.653Z</time>
    </trkpt>
    <trkpt lat="45.850063" lon="7.159476">
      <ele>0</ele>
      <time>2026-04-13T11:43:12.382Z</time>
    </trkpt>
    <trkpt lat="45.850147" lon="7.159300">
      <ele>0</ele>
      <time>2026-04-13T11:43:14.111Z</time>
    </trkpt>
    <trkpt lat="45.850225" lon="7.159134">
      <ele>0</ele>
      <time>2026-04-13T11:43:15.840Z</time>
    </trkpt>
    <trkpt lat="45.850291" lon="7.158962">
      <ele>0</ele>
      <time>2026-04-13T11:43:17.569Z</time>
    </trkpt>
    <trkpt lat="45.850329" lon="7.158791">
      <ele>0</ele>
      <time>2026-04-13T11:43:19.299Z</time>
    </trkpt>
    <trkpt lat="45.850333" lon="7.158602">
      <ele>0</ele>
      <time>2026-04-13T11:43:21.028Z</time>
    </trkpt>
    <trkpt lat="45.850354" lon="7.158470">
      <ele>0</ele>
      <time>2026-04-13T11:43:22.757Z</time>
    </trkpt>
    <trkpt lat="45.850440" lon="7.158073">
      <ele>0</ele>
      <time>2026-04-13T11:43:24.486Z</time>
    </trkpt>
    <trkpt lat="45.850467" lon="7.157845">
      <ele>0</ele>
      <time>2026-04-13T11:43:26.215Z</time>
    </trkpt>
    <trkpt lat="45.850491" lon="7.157585">
      <ele>0</ele>
      <time>2026-04-13T11:43:27.945Z</time>
    </trkpt>
    <trkpt lat="45.850509" lon="7.157460">
      <ele>0</ele>
      <time>2026-04-13T11:43:29.674Z</time>
    </trkpt>
    <trkpt lat="45.850542" lon="7.157326">
      <ele>0</ele>
      <time>2026-04-13T11:43:31.403Z</time>
    </trkpt>
    <trkpt lat="45.850631" lon="7.157066">
      <ele>0</ele>
      <time>2026-04-13T11:43:33.132Z</time>
    </trkpt>
    <trkpt lat="45.850737" lon="7.156766">
      <ele>0</ele>
      <time>2026-04-13T11:43:34.861Z</time>
    </trkpt>
    <trkpt lat="45.850856" lon="7.156574">
      <ele>0</ele>
      <time>2026-04-13T11:43:36.591Z</time>
    </trkpt>
    <trkpt lat="45.850990" lon="7.156404">
      <ele>0</ele>
      <time>2026-04-13T11:43:38.320Z</time>
    </trkpt>
    <trkpt lat="45.851045" lon="7.156333">
      <ele>0</ele>
      <time>2026-04-13T11:43:40.049Z</time>
    </trkpt>
    <trkpt lat="45.851104" lon="7.156236">
      <ele>0</ele>
      <time>2026-04-13T11:43:41.778Z</time>
    </trkpt>
    <trkpt lat="45.851252" lon="7.155912">
      <ele>0</ele>
      <time>2026-04-13T11:43:43.507Z</time>
    </trkpt>
    <trkpt lat="45.851397" lon="7.155644">
      <ele>0</ele>
      <time>2026-04-13T11:43:45.237Z</time>
    </trkpt>
    <trkpt lat="45.851617" lon="7.155315">
      <ele>0</ele>
      <time>2026-04-13T11:43:46.966Z</time>
    </trkpt>
    <trkpt lat="45.851776" lon="7.154938">
      <ele>0</ele>
      <time>2026-04-13T11:43:48.695Z</time>
    </trkpt>
    <trkpt lat="45.851924" lon="7.154608">
      <ele>0</ele>
      <time>2026-04-13T11:43:50.424Z</time>
    </trkpt>
    <trkpt lat="45.851930" lon="7.154591">
      <ele>0</ele>
      <time>2026-04-13T11:43:52.153Z</time>
    </trkpt>
    <trkpt lat="45.851971" lon="7.154490">
      <ele>0</ele>
      <time>2026-04-13T11:43:53.882Z</time>
    </trkpt>
    <trkpt lat="45.851986" lon="7.154455">
      <ele>0</ele>
      <time>2026-04-13T11:43:55.612Z</time>
    </trkpt>
    <trkpt lat="45.852029" lon="7.154267">
      <ele>0</ele>
      <time>2026-04-13T11:43:57.341Z</time>
    </trkpt>
    <trkpt lat="45.852082" lon="7.153993">
      <ele>0</ele>
      <time>2026-04-13T11:43:59.070Z</time>
    </trkpt>
    <trkpt lat="45.852140" lon="7.153833">
      <ele>0</ele>
      <time>2026-04-13T11:44:00.799Z</time>
    </trkpt>
    <trkpt lat="45.852226" lon="7.153728">
      <ele>0</ele>
      <time>2026-04-13T11:44:02.528Z</time>
    </trkpt>
    <trkpt lat="45.852313" lon="7.153661">
      <ele>0</ele>
      <time>2026-04-13T11:44:04.258Z</time>
    </trkpt>
    <trkpt lat="45.852435" lon="7.153581">
      <ele>0</ele>
      <time>2026-04-13T11:44:05.987Z</time>
    </trkpt>
    <trkpt lat="45.852521" lon="7.153450">
      <ele>0</ele>
      <time>2026-04-13T11:44:07.716Z</time>
    </trkpt>
    <trkpt lat="45.852553" lon="7.153331">
      <ele>0</ele>
      <time>2026-04-13T11:44:09.445Z</time>
    </trkpt>
    <trkpt lat="45.852559" lon="7.153276">
      <ele>0</ele>
      <time>2026-04-13T11:44:11.174Z</time>
    </trkpt>
    <trkpt lat="45.852564" lon="7.153155">
      <ele>0</ele>
      <time>2026-04-13T11:44:12.904Z</time>
    </trkpt>
    <trkpt lat="45.852515" lon="7.152981">
      <ele>0</ele>
      <time>2026-04-13T11:44:14.633Z</time>
    </trkpt>
    <trkpt lat="45.852457" lon="7.152803">
      <ele>0</ele>
      <time>2026-04-13T11:44:16.362Z</time>
    </trkpt>
    <trkpt lat="45.852488" lon="7.152630">
      <ele>0</ele>
      <time>2026-04-13T11:44:18.091Z</time>
    </trkpt>
    <trkpt lat="45.852565" lon="7.152483">
      <ele>0</ele>
      <time>2026-04-13T11:44:19.820Z</time>
    </trkpt>
    <trkpt lat="45.852579" lon="7.152470">
      <ele>0</ele>
      <time>2026-04-13T11:44:21.550Z</time>
    </trkpt>
    <trkpt lat="45.852649" lon="7.152411">
      <ele>0</ele>
      <time>2026-04-13T11:44:23.279Z</time>
    </trkpt>
    <trkpt lat="45.852668" lon="7.152394">
      <ele>0</ele>
      <time>2026-04-13T11:44:25.008Z</time>
    </trkpt>
    <trkpt lat="45.852729" lon="7.152375">
      <ele>0</ele>
      <time>2026-04-13T11:44:26.737Z</time>
    </trkpt>
    <trkpt lat="45.852859" lon="7.152379">
      <ele>0</ele>
      <time>2026-04-13T11:44:28.466Z</time>
    </trkpt>
    <trkpt lat="45.853107" lon="7.152411">
      <ele>0</ele>
      <time>2026-04-13T11:44:30.196Z</time>
    </trkpt>
    <trkpt lat="45.853209" lon="7.152408">
      <ele>0</ele>
      <time>2026-04-13T11:44:31.925Z</time>
    </trkpt>
    <trkpt lat="45.853310" lon="7.152366">
      <ele>0</ele>
      <time>2026-04-13T11:44:33.654Z</time>
    </trkpt>
    <trkpt lat="45.853436" lon="7.152277">
      <ele>0</ele>
      <time>2026-04-13T11:44:35.383Z</time>
    </trkpt>
    <trkpt lat="45.853543" lon="7.152170">
      <ele>0</ele>
      <time>2026-04-13T11:44:37.112Z</time>
    </trkpt>
    <trkpt lat="45.853770" lon="7.151836">
      <ele>0</ele>
      <time>2026-04-13T11:44:38.842Z</time>
    </trkpt>
    <trkpt lat="45.854046" lon="7.151379">
      <ele>0</ele>
      <time>2026-04-13T11:44:40.571Z</time>
    </trkpt>
    <trkpt lat="45.854232" lon="7.150974">
      <ele>0</ele>
      <time>2026-04-13T11:44:42.300Z</time>
    </trkpt>
    <trkpt lat="45.854297" lon="7.150834">
      <ele>0</ele>
      <time>2026-04-13T11:44:44.029Z</time>
    </trkpt>
    <trkpt lat="45.854361" lon="7.150592">
      <ele>0</ele>
      <time>2026-04-13T11:44:45.758Z</time>
    </trkpt>
    <trkpt lat="45.854393" lon="7.150498">
      <ele>0</ele>
      <time>2026-04-13T11:44:47.488Z</time>
    </trkpt>
    <trkpt lat="45.854471" lon="7.150443">
      <ele>0</ele>
      <time>2026-04-13T11:44:49.217Z</time>
    </trkpt>
    <trkpt lat="45.854483" lon="7.150441">
      <ele>0</ele>
      <time>2026-04-13T11:44:50.946Z</time>
    </trkpt>
    <trkpt lat="45.854525" lon="7.150433">
      <ele>0</ele>
      <time>2026-04-13T11:44:52.675Z</time>
    </trkpt>
    <trkpt lat="45.854597" lon="7.150452">
      <ele>0</ele>
      <time>2026-04-13T11:44:54.404Z</time>
    </trkpt>
    <trkpt lat="45.854658" lon="7.150475">
      <ele>0</ele>
      <time>2026-04-13T11:44:56.134Z</time>
    </trkpt>
    <trkpt lat="45.854832" lon="7.150613">
      <ele>0</ele>
      <time>2026-04-13T11:44:57.863Z</time>
    </trkpt>
    <trkpt lat="45.855043" lon="7.150716">
      <ele>0</ele>
      <time>2026-04-13T11:44:59.592Z</time>
    </trkpt>
    <trkpt lat="45.855263" lon="7.150913">
      <ele>0</ele>
      <time>2026-04-13T11:45:01.321Z</time>
    </trkpt>
    <trkpt lat="45.855456" lon="7.151126">
      <ele>0</ele>
      <time>2026-04-13T11:45:03.050Z</time>
    </trkpt>
    <trkpt lat="45.855482" lon="7.151154">
      <ele>0</ele>
      <time>2026-04-13T11:45:04.780Z</time>
    </trkpt>
    <trkpt lat="45.855618" lon="7.151289">
      <ele>0</ele>
      <time>2026-04-13T11:45:06.509Z</time>
    </trkpt>
    <trkpt lat="45.855714" lon="7.151341">
      <ele>0</ele>
      <time>2026-04-13T11:45:08.238Z</time>
    </trkpt>
    <trkpt lat="45.855805" lon="7.151320">
      <ele>0</ele>
      <time>2026-04-13T11:45:09.967Z</time>
    </trkpt>
    <trkpt lat="45.855862" lon="7.151241">
      <ele>0</ele>
      <time>2026-04-13T11:45:11.696Z</time>
    </trkpt>
    <trkpt lat="45.855897" lon="7.151162">
      <ele>0</ele>
      <time>2026-04-13T11:45:13.426Z</time>
    </trkpt>
    <trkpt lat="45.855979" lon="7.150943">
      <ele>0</ele>
      <time>2026-04-13T11:45:15.155Z</time>
    </trkpt>
    <trkpt lat="45.856046" lon="7.150751">
      <ele>0</ele>
      <time>2026-04-13T11:45:16.884Z</time>
    </trkpt>
    <trkpt lat="45.856109" lon="7.150571">
      <ele>0</ele>
      <time>2026-04-13T11:45:18.613Z</time>
    </trkpt>
    <trkpt lat="45.856130" lon="7.150515">
      <ele>0</ele>
      <time>2026-04-13T11:45:20.342Z</time>
    </trkpt>
    <trkpt lat="45.856177" lon="7.150491">
      <ele>0</ele>
      <time>2026-04-13T11:45:22.071Z</time>
    </trkpt>
    <trkpt lat="45.856246" lon="7.150473">
      <ele>0</ele>
      <time>2026-04-13T11:45:23.801Z</time>
    </trkpt>
    <trkpt lat="45.856302" lon="7.150511">
      <ele>0</ele>
      <time>2026-04-13T11:45:25.530Z</time>
    </trkpt>
    <trkpt lat="45.856399" lon="7.150823">
      <ele>0</ele>
      <time>2026-04-13T11:45:27.259Z</time>
    </trkpt>
    <trkpt lat="45.856506" lon="7.151197">
      <ele>0</ele>
      <time>2026-04-13T11:45:28.988Z</time>
    </trkpt>
    <trkpt lat="45.856559" lon="7.151475">
      <ele>0</ele>
      <time>2026-04-13T11:45:30.717Z</time>
    </trkpt>
    <trkpt lat="45.856551" lon="7.151753">
      <ele>0</ele>
      <time>2026-04-13T11:45:32.447Z</time>
    </trkpt>
    <trkpt lat="45.856538" lon="7.152626">
      <ele>0</ele>
      <time>2026-04-13T11:45:34.176Z</time>
    </trkpt>
    <trkpt lat="45.856548" lon="7.152980">
      <ele>0</ele>
      <time>2026-04-13T11:45:35.905Z</time>
    </trkpt>
    <trkpt lat="45.856587" lon="7.153140">
      <ele>0</ele>
      <time>2026-04-13T11:45:37.634Z</time>
    </trkpt>
    <trkpt lat="45.856688" lon="7.153337">
      <ele>0</ele>
      <time>2026-04-13T11:45:39.363Z</time>
    </trkpt>
    <trkpt lat="45.856844" lon="7.153567">
      <ele>0</ele>
      <time>2026-04-13T11:45:41.093Z</time>
    </trkpt>
    <trkpt lat="45.856965" lon="7.153852">
      <ele>0</ele>
      <time>2026-04-13T11:45:42.822Z</time>
    </trkpt>
    <trkpt lat="45.857034" lon="7.154023">
      <ele>0</ele>
      <time>2026-04-13T11:45:44.551Z</time>
    </trkpt>
    <trkpt lat="45.857081" lon="7.154215">
      <ele>0</ele>
      <time>2026-04-13T11:45:46.280Z</time>
    </trkpt>
    <trkpt lat="45.857076" lon="7.154391">
      <ele>0</ele>
      <time>2026-04-13T11:45:48.009Z</time>
    </trkpt>
    <trkpt lat="45.857050" lon="7.154666">
      <ele>0</ele>
      <time>2026-04-13T11:45:49.739Z</time>
    </trkpt>
    <trkpt lat="45.857059" lon="7.154774">
      <ele>0</ele>
      <time>2026-04-13T11:45:51.468Z</time>
    </trkpt>
    <trkpt lat="45.857096" lon="7.154824">
      <ele>0</ele>
      <time>2026-04-13T11:45:53.197Z</time>
    </trkpt>
    <trkpt lat="45.857148" lon="7.154829">
      <ele>0</ele>
      <time>2026-04-13T11:45:54.926Z</time>
    </trkpt>
    <trkpt lat="45.857194" lon="7.154784">
      <ele>0</ele>
      <time>2026-04-13T11:45:56.655Z</time>
    </trkpt>
    <trkpt lat="45.857209" lon="7.154718">
      <ele>0</ele>
      <time>2026-04-13T11:45:58.385Z</time>
    </trkpt>
    <trkpt lat="45.857225" lon="7.154325">
      <ele>0</ele>
      <time>2026-04-13T11:46:00.114Z</time>
    </trkpt>
    <trkpt lat="45.857217" lon="7.154103">
      <ele>0</ele>
      <time>2026-04-13T11:46:01.843Z</time>
    </trkpt>
    <trkpt lat="45.857204" lon="7.153847">
      <ele>0</ele>
      <time>2026-04-13T11:46:03.572Z</time>
    </trkpt>
    <trkpt lat="45.857180" lon="7.153669">
      <ele>0</ele>
      <time>2026-04-13T11:46:05.301Z</time>
    </trkpt>
    <trkpt lat="45.857127" lon="7.153522">
      <ele>0</ele>
      <time>2026-04-13T11:46:07.031Z</time>
    </trkpt>
    <trkpt lat="45.857063" lon="7.153379">
      <ele>0</ele>
      <time>2026-04-13T11:46:08.760Z</time>
    </trkpt>
    <trkpt lat="45.856967" lon="7.153219">
      <ele>0</ele>
      <time>2026-04-13T11:46:10.489Z</time>
    </trkpt>
    <trkpt lat="45.856911" lon="7.153077">
      <ele>0</ele>
      <time>2026-04-13T11:46:12.218Z</time>
    </trkpt>
    <trkpt lat="45.856882" lon="7.152925">
      <ele>0</ele>
      <time>2026-04-13T11:46:13.947Z</time>
    </trkpt>
    <trkpt lat="45.856900" lon="7.152656">
      <ele>0</ele>
      <time>2026-04-13T11:46:15.677Z</time>
    </trkpt>
    <trkpt lat="45.856951" lon="7.152390">
      <ele>0</ele>
      <time>2026-04-13T11:46:17.406Z</time>
    </trkpt>
    <trkpt lat="45.857027" lon="7.151953">
      <ele>0</ele>
      <time>2026-04-13T11:46:19.135Z</time>
    </trkpt>
    <trkpt lat="45.857074" lon="7.151667">
      <ele>0</ele>
      <time>2026-04-13T11:46:20.864Z</time>
    </trkpt>
    <trkpt lat="45.857092" lon="7.151380">
      <ele>0</ele>
      <time>2026-04-13T11:46:22.593Z</time>
    </trkpt>
    <trkpt lat="45.857103" lon="7.151171">
      <ele>0</ele>
      <time>2026-04-13T11:46:24.323Z</time>
    </trkpt>
    <trkpt lat="45.857066" lon="7.150798">
      <ele>0</ele>
      <time>2026-04-13T11:46:26.052Z</time>
    </trkpt>
    <trkpt lat="45.857075" lon="7.150593">
      <ele>0</ele>
      <time>2026-04-13T11:46:27.781Z</time>
    </trkpt>
    <trkpt lat="45.857101" lon="7.150379">
      <ele>0</ele>
      <time>2026-04-13T11:46:29.510Z</time>
    </trkpt>
    <trkpt lat="45.857131" lon="7.150091">
      <ele>0</ele>
      <time>2026-04-13T11:46:31.239Z</time>
    </trkpt>
    <trkpt lat="45.857113" lon="7.149858">
      <ele>0</ele>
      <time>2026-04-13T11:46:32.969Z</time>
    </trkpt>
    <trkpt lat="45.857085" lon="7.149634">
      <ele>0</ele>
      <time>2026-04-13T11:46:34.698Z</time>
    </trkpt>
    <trkpt lat="45.856998" lon="7.148993">
      <ele>0</ele>
      <time>2026-04-13T11:46:36.427Z</time>
    </trkpt>
    <trkpt lat="45.856984" lon="7.148840">
      <ele>0</ele>
      <time>2026-04-13T11:46:38.156Z</time>
    </trkpt>
    <trkpt lat="45.856983" lon="7.148650">
      <ele>0</ele>
      <time>2026-04-13T11:46:39.885Z</time>
    </trkpt>
    <trkpt lat="45.857017" lon="7.148151">
      <ele>0</ele>
      <time>2026-04-13T11:46:41.615Z</time>
    </trkpt>
    <trkpt lat="45.857025" lon="7.147950">
      <ele>0</ele>
      <time>2026-04-13T11:46:43.344Z</time>
    </trkpt>
    <trkpt lat="45.857015" lon="7.147806">
      <ele>0</ele>
      <time>2026-04-13T11:46:45.073Z</time>
    </trkpt>
    <trkpt lat="45.856979" lon="7.147609">
      <ele>0</ele>
      <time>2026-04-13T11:46:46.802Z</time>
    </trkpt>
    <trkpt lat="45.856914" lon="7.147332">
      <ele>0</ele>
      <time>2026-04-13T11:46:48.531Z</time>
    </trkpt>
    <trkpt lat="45.856825" lon="7.146932">
      <ele>0</ele>
      <time>2026-04-13T11:46:50.260Z</time>
    </trkpt>
    <trkpt lat="45.856780" lon="7.146750">
      <ele>0</ele>
      <time>2026-04-13T11:46:51.990Z</time>
    </trkpt>
    <trkpt lat="45.856736" lon="7.146552">
      <ele>0</ele>
      <time>2026-04-13T11:46:53.719Z</time>
    </trkpt>
    <trkpt lat="45.856711" lon="7.146331">
      <ele>0</ele>
      <time>2026-04-13T11:46:55.448Z</time>
    </trkpt>
    <trkpt lat="45.856695" lon="7.146099">
      <ele>0</ele>
      <time>2026-04-13T11:46:57.177Z</time>
    </trkpt>
    <trkpt lat="45.856664" lon="7.145963">
      <ele>0</ele>
      <time>2026-04-13T11:46:58.906Z</time>
    </trkpt>
    <trkpt lat="45.856625" lon="7.145858">
      <ele>0</ele>
      <time>2026-04-13T11:47:00.636Z</time>
    </trkpt>
    <trkpt lat="45.856549" lon="7.145694">
      <ele>0</ele>
      <time>2026-04-13T11:47:02.365Z</time>
    </trkpt>
    <trkpt lat="45.856476" lon="7.145571">
      <ele>0</ele>
      <time>2026-04-13T11:47:04.094Z</time>
    </trkpt>
    <trkpt lat="45.856379" lon="7.145459">
      <ele>0</ele>
      <time>2026-04-13T11:47:05.823Z</time>
    </trkpt>
    <trkpt lat="45.856157" lon="7.145307">
      <ele>0</ele>
      <time>2026-04-13T11:47:07.552Z</time>
    </trkpt>
    <trkpt lat="45.855960" lon="7.145125">
      <ele>0</ele>
      <time>2026-04-13T11:47:09.282Z</time>
    </trkpt>
    <trkpt lat="45.855759" lon="7.144881">
      <ele>0</ele>
      <time>2026-04-13T11:47:11.011Z</time>
    </trkpt>
    <trkpt lat="45.855649" lon="7.144800">
      <ele>0</ele>
      <time>2026-04-13T11:47:12.740Z</time>
    </trkpt>
    <trkpt lat="45.855547" lon="7.144740">
      <ele>0</ele>
      <time>2026-04-13T11:47:14.469Z</time>
    </trkpt>
    <trkpt lat="45.855359" lon="7.144657">
      <ele>0</ele>
      <time>2026-04-13T11:47:16.198Z</time>
    </trkpt>
    <trkpt lat="45.855299" lon="7.144596">
      <ele>0</ele>
      <time>2026-04-13T11:47:17.928Z</time>
    </trkpt>
    <trkpt lat="45.855274" lon="7.144527">
      <ele>0</ele>
      <time>2026-04-13T11:47:19.657Z</time>
    </trkpt>
    <trkpt lat="45.855285" lon="7.144465">
      <ele>0</ele>
      <time>2026-04-13T11:47:21.386Z</time>
    </trkpt>
    <trkpt lat="45.855336" lon="7.144402">
      <ele>0</ele>
      <time>2026-04-13T11:47:23.115Z</time>
    </trkpt>
    <trkpt lat="45.855380" lon="7.144383">
      <ele>0</ele>
      <time>2026-04-13T11:47:24.844Z</time>
    </trkpt>
    <trkpt lat="45.855440" lon="7.144402">
      <ele>0</ele>
      <time>2026-04-13T11:47:26.574Z</time>
    </trkpt>
    <trkpt lat="45.855492" lon="7.144475">
      <ele>0</ele>
      <time>2026-04-13T11:47:28.303Z</time>
    </trkpt>
    <trkpt lat="45.855551" lon="7.144554">
      <ele>0</ele>
      <time>2026-04-13T11:47:30.032Z</time>
    </trkpt>
    <trkpt lat="45.855643" lon="7.144625">
      <ele>0</ele>
      <time>2026-04-13T11:47:31.761Z</time>
    </trkpt>
    <trkpt lat="45.855717" lon="7.144640">
      <ele>0</ele>
      <time>2026-04-13T11:47:33.490Z</time>
    </trkpt>
    <trkpt lat="45.855817" lon="7.144667">
      <ele>0</ele>
      <time>2026-04-13T11:47:35.220Z</time>
    </trkpt>
    <trkpt lat="45.855887" lon="7.144705">
      <ele>0</ele>
      <time>2026-04-13T11:47:36.949Z</time>
    </trkpt>
    <trkpt lat="45.855982" lon="7.144781">
      <ele>0</ele>
      <time>2026-04-13T11:47:38.678Z</time>
    </trkpt>
    <trkpt lat="45.856132" lon="7.144905">
      <ele>0</ele>
      <time>2026-04-13T11:47:40.407Z</time>
    </trkpt>
    <trkpt lat="45.856237" lon="7.144952">
      <ele>0</ele>
      <time>2026-04-13T11:47:42.136Z</time>
    </trkpt>
    <trkpt lat="45.856481" lon="7.145042">
      <ele>0</ele>
      <time>2026-04-13T11:47:43.866Z</time>
    </trkpt>
    <trkpt lat="45.856748" lon="7.145145">
      <ele>0</ele>
      <time>2026-04-13T11:47:45.595Z</time>
    </trkpt>
    <trkpt lat="45.856841" lon="7.145175">
      <ele>0</ele>
      <time>2026-04-13T11:47:47.324Z</time>
    </trkpt>
    <trkpt lat="45.856919" lon="7.145210">
      <ele>0</ele>
      <time>2026-04-13T11:47:49.053Z</time>
    </trkpt>
    <trkpt lat="45.856965" lon="7.145264">
      <ele>0</ele>
      <time>2026-04-13T11:47:50.782Z</time>
    </trkpt>
    <trkpt lat="45.857011" lon="7.145346">
      <ele>0</ele>
      <time>2026-04-13T11:47:52.512Z</time>
    </trkpt>
    <trkpt lat="45.857075" lon="7.145529">
      <ele>0</ele>
      <time>2026-04-13T11:47:54.241Z</time>
    </trkpt>
    <trkpt lat="45.857197" lon="7.145849">
      <ele>0</ele>
      <time>2026-04-13T11:47:55.970Z</time>
    </trkpt>
    <trkpt lat="45.857331" lon="7.146053">
      <ele>0</ele>
      <time>2026-04-13T11:47:57.699Z</time>
    </trkpt>
    <trkpt lat="45.857466" lon="7.146240">
      <ele>0</ele>
      <time>2026-04-13T11:47:59.428Z</time>
    </trkpt>
    <trkpt lat="45.857567" lon="7.146391">
      <ele>0</ele>
      <time>2026-04-13T11:48:01.158Z</time>
    </trkpt>
    <trkpt lat="45.857601" lon="7.146446">
      <ele>0</ele>
      <time>2026-04-13T11:48:02.887Z</time>
    </trkpt>
    <trkpt lat="45.857656" lon="7.146535">
      <ele>0</ele>
      <time>2026-04-13T11:48:04.616Z</time>
    </trkpt>
    <trkpt lat="45.857716" lon="7.146674">
      <ele>0</ele>
      <time>2026-04-13T11:48:06.345Z</time>
    </trkpt>
    <trkpt lat="45.857761" lon="7.146868">
      <ele>0</ele>
      <time>2026-04-13T11:48:08.074Z</time>
    </trkpt>
    <trkpt lat="45.858075" lon="7.148665">
      <ele>0</ele>
      <time>2026-04-13T11:48:09.803Z</time>
    </trkpt>
    <trkpt lat="45.858131" lon="7.149045">
      <ele>0</ele>
      <time>2026-04-13T11:48:11.533Z</time>
    </trkpt>
    <trkpt lat="45.858146" lon="7.149469">
      <ele>0</ele>
      <time>2026-04-13T11:48:13.262Z</time>
    </trkpt>
    <trkpt lat="45.858333" lon="7.151103">
      <ele>0</ele>
      <time>2026-04-13T11:48:14.991Z</time>
    </trkpt>
    <trkpt lat="45.858355" lon="7.151303">
      <ele>0</ele>
      <time>2026-04-13T11:48:16.720Z</time>
    </trkpt>
    <trkpt lat="45.858377" lon="7.151459">
      <ele>0</ele>
      <time>2026-04-13T11:48:18.449Z</time>
    </trkpt>
    <trkpt lat="45.858450" lon="7.151697">
      <ele>0</ele>
      <time>2026-04-13T11:48:20.179Z</time>
    </trkpt>
    <trkpt lat="45.858519" lon="7.151956">
      <ele>0</ele>
      <time>2026-04-13T11:48:21.908Z</time>
    </trkpt>
    <trkpt lat="45.858530" lon="7.152110">
      <ele>0</ele>
      <time>2026-04-13T11:48:23.637Z</time>
    </trkpt>
    <trkpt lat="45.858502" lon="7.152355">
      <ele>0</ele>
      <time>2026-04-13T11:48:25.366Z</time>
    </trkpt>
    <trkpt lat="45.858462" lon="7.152771">
      <ele>0</ele>
      <time>2026-04-13T11:48:27.095Z</time>
    </trkpt>
    <trkpt lat="45.858491" lon="7.153043">
      <ele>0</ele>
      <time>2026-04-13T11:48:28.825Z</time>
    </trkpt>
    <trkpt lat="45.858540" lon="7.153187">
      <ele>0</ele>
      <time>2026-04-13T11:48:30.554Z</time>
    </trkpt>
    <trkpt lat="45.858605" lon="7.153286">
      <ele>0</ele>
      <time>2026-04-13T11:48:32.283Z</time>
    </trkpt>
    <trkpt lat="45.858748" lon="7.153432">
      <ele>0</ele>
      <time>2026-04-13T11:48:34.012Z</time>
    </trkpt>
    <trkpt lat="45.858856" lon="7.153599">
      <ele>0</ele>
      <time>2026-04-13T11:48:35.741Z</time>
    </trkpt>
    <trkpt lat="45.858955" lon="7.153885">
      <ele>0</ele>
      <time>2026-04-13T11:48:37.471Z</time>
    </trkpt>
    <trkpt lat="45.859070" lon="7.154109">
      <ele>0</ele>
      <time>2026-04-13T11:48:39.200Z</time>
    </trkpt>
    <trkpt lat="45.859194" lon="7.154247">
      <ele>0</ele>
      <time>2026-04-13T11:48:40.929Z</time>
    </trkpt>
    <trkpt lat="45.859364" lon="7.154364">
      <ele>0</ele>
      <time>2026-04-13T11:48:42.658Z</time>
    </trkpt>
    <trkpt lat="45.859541" lon="7.154454">
      <ele>0</ele>
      <time>2026-04-13T11:48:44.387Z</time>
    </trkpt>
    <trkpt lat="45.859710" lon="7.154567">
      <ele>0</ele>
      <time>2026-04-13T11:48:46.117Z</time>
    </trkpt>
    <trkpt lat="45.859814" lon="7.154703">
      <ele>0</ele>
      <time>2026-04-13T11:48:47.846Z</time>
    </trkpt>
    <trkpt lat="45.859942" lon="7.154876">
      <ele>0</ele>
      <time>2026-04-13T11:48:49.575Z</time>
    </trkpt>
    <trkpt lat="45.860127" lon="7.154999">
      <ele>0</ele>
      <time>2026-04-13T11:48:51.304Z</time>
    </trkpt>
    <trkpt lat="45.860380" lon="7.155089">
      <ele>0</ele>
      <time>2026-04-13T11:48:53.033Z</time>
    </trkpt>
    <trkpt lat="45.860624" lon="7.155218">
      <ele>0</ele>
      <time>2026-04-13T11:48:54.763Z</time>
    </trkpt>
    <trkpt lat="45.860794" lon="7.155341">
      <ele>0</ele>
      <time>2026-04-13T11:48:56.492Z</time>
    </trkpt>
    <trkpt lat="45.860954" lon="7.155457">
      <ele>0</ele>
      <time>2026-04-13T11:48:58.221Z</time>
    </trkpt>
    <trkpt lat="45.861069" lon="7.155622">
      <ele>0</ele>
      <time>2026-04-13T11:48:59.950Z</time>
    </trkpt>
    <trkpt lat="45.861155" lon="7.155716">
      <ele>0</ele>
      <time>2026-04-13T11:49:01.679Z</time>
    </trkpt>
    <trkpt lat="45.861216" lon="7.155758">
      <ele>0</ele>
      <time>2026-04-13T11:49:03.409Z</time>
    </trkpt>
    <trkpt lat="45.861297" lon="7.155813">
      <ele>0</ele>
      <time>2026-04-13T11:49:05.138Z</time>
    </trkpt>
    <trkpt lat="45.861358" lon="7.155915">
      <ele>0</ele>
      <time>2026-04-13T11:49:06.867Z</time>
    </trkpt>
    <trkpt lat="45.861412" lon="7.156075">
      <ele>0</ele>
      <time>2026-04-13T11:49:08.596Z</time>
    </trkpt>
    <trkpt lat="45.861428" lon="7.156267">
      <ele>0</ele>
      <time>2026-04-13T11:49:10.325Z</time>
    </trkpt>
    <trkpt lat="45.861378" lon="7.156538">
      <ele>0</ele>
      <time>2026-04-13T11:49:12.055Z</time>
    </trkpt>
    <trkpt lat="45.861259" lon="7.157028">
      <ele>0</ele>
      <time>2026-04-13T11:49:13.784Z</time>
    </trkpt>
    <trkpt lat="45.861223" lon="7.157185">
      <ele>0</ele>
      <time>2026-04-13T11:49:15.513Z</time>
    </trkpt>
    <trkpt lat="45.861167" lon="7.157303">
      <ele>0</ele>
      <time>2026-04-13T11:49:17.242Z</time>
    </trkpt>
    <trkpt lat="45.861047" lon="7.157415">
      <ele>0</ele>
      <time>2026-04-13T11:49:18.971Z</time>
    </trkpt>
    <trkpt lat="45.860792" lon="7.157615">
      <ele>0</ele>
      <time>2026-04-13T11:49:20.701Z</time>
    </trkpt>
    <trkpt lat="45.860553" lon="7.157848">
      <ele>0</ele>
      <time>2026-04-13T11:49:22.430Z</time>
    </trkpt>
    <trkpt lat="45.860479" lon="7.157971">
      <ele>0</ele>
      <time>2026-04-13T11:49:24.159Z</time>
    </trkpt>
    <trkpt lat="45.860438" lon="7.158118">
      <ele>0</ele>
      <time>2026-04-13T11:49:25.888Z</time>
    </trkpt>
    <trkpt lat="45.860456" lon="7.158245">
      <ele>0</ele>
      <time>2026-04-13T11:49:27.617Z</time>
    </trkpt>
    <trkpt lat="45.860513" lon="7.158355">
      <ele>0</ele>
      <time>2026-04-13T11:49:29.347Z</time>
    </trkpt>
    <trkpt lat="45.860644" lon="7.158532">
      <ele>0</ele>
      <time>2026-04-13T11:49:31.076Z</time>
    </trkpt>
    <trkpt lat="45.860753" lon="7.158679">
      <ele>0</ele>
      <time>2026-04-13T11:49:32.805Z</time>
    </trkpt>
    <trkpt lat="45.860837" lon="7.158741">
      <ele>0</ele>
      <time>2026-04-13T11:49:34.534Z</time>
    </trkpt>
    <trkpt lat="45.860989" lon="7.158755">
      <ele>0</ele>
      <time>2026-04-13T11:49:36.263Z</time>
    </trkpt>
    <trkpt lat="45.861158" lon="7.158749">
      <ele>0</ele>
      <time>2026-04-13T11:49:37.992Z</time>
    </trkpt>
    <trkpt lat="45.861262" lon="7.158825">
      <ele>0</ele>
      <time>2026-04-13T11:49:39.722Z</time>
    </trkpt>
    <trkpt lat="45.861352" lon="7.158892">
      <ele>0</ele>
      <time>2026-04-13T11:49:41.451Z</time>
    </trkpt>
    <trkpt lat="45.861443" lon="7.158903">
      <ele>0</ele>
      <time>2026-04-13T11:49:43.180Z</time>
    </trkpt>
    <trkpt lat="45.861519" lon="7.158901">
      <ele>0</ele>
      <time>2026-04-13T11:49:44.909Z</time>
    </trkpt>
    <trkpt lat="45.861620" lon="7.158903">
      <ele>0</ele>
      <time>2026-04-13T11:49:46.638Z</time>
    </trkpt>
    <trkpt lat="45.861672" lon="7.158931">
      <ele>0</ele>
      <time>2026-04-13T11:49:48.368Z</time>
    </trkpt>
    <trkpt lat="45.861713" lon="7.159025">
      <ele>0</ele>
      <time>2026-04-13T11:49:50.097Z</time>
    </trkpt>
    <trkpt lat="45.861722" lon="7.159067">
      <ele>0</ele>
      <time>2026-04-13T11:49:51.826Z</time>
    </trkpt>
    <trkpt lat="45.861748" lon="7.159177">
      <ele>0</ele>
      <time>2026-04-13T11:49:53.555Z</time>
    </trkpt>
    <trkpt lat="45.861753" lon="7.159200">
      <ele>0</ele>
      <time>2026-04-13T11:49:55.284Z</time>
    </trkpt>
    <trkpt lat="45.861754" lon="7.159290">
      <ele>0</ele>
      <time>2026-04-13T11:49:57.014Z</time>
    </trkpt>
    <trkpt lat="45.861725" lon="7.159370">
      <ele>0</ele>
      <time>2026-04-13T11:49:58.743Z</time>
    </trkpt>
    <trkpt lat="45.861656" lon="7.159456">
      <ele>0</ele>
      <time>2026-04-13T11:50:00.472Z</time>
    </trkpt>
    <trkpt lat="45.861431" lon="7.159729">
      <ele>0</ele>
      <time>2026-04-13T11:50:02.201Z</time>
    </trkpt>
    <trkpt lat="45.861236" lon="7.159982">
      <ele>0</ele>
      <time>2026-04-13T11:50:03.930Z</time>
    </trkpt>
    <trkpt lat="45.861196" lon="7.160090">
      <ele>0</ele>
      <time>2026-04-13T11:50:05.660Z</time>
    </trkpt>
    <trkpt lat="45.861191" lon="7.160211">
      <ele>0</ele>
      <time>2026-04-13T11:50:07.389Z</time>
    </trkpt>
    <trkpt lat="45.861190" lon="7.160284">
      <ele>0</ele>
      <time>2026-04-13T11:50:09.118Z</time>
    </trkpt>
    <trkpt lat="45.861210" lon="7.160361">
      <ele>0</ele>
      <time>2026-04-13T11:50:10.847Z</time>
    </trkpt>
    <trkpt lat="45.861299" lon="7.160458">
      <ele>0</ele>
      <time>2026-04-13T11:50:12.576Z</time>
    </trkpt>
    <trkpt lat="45.861468" lon="7.160511">
      <ele>0</ele>
      <time>2026-04-13T11:50:14.306Z</time>
    </trkpt>
    <trkpt lat="45.861632" lon="7.160600">
      <ele>0</ele>
      <time>2026-04-13T11:50:16.035Z</time>
    </trkpt>
    <trkpt lat="45.861705" lon="7.160657">
      <ele>0</ele>
      <time>2026-04-13T11:50:17.764Z</time>
    </trkpt>
    <trkpt lat="45.861787" lon="7.160720">
      <ele>0</ele>
      <time>2026-04-13T11:50:19.493Z</time>
    </trkpt>
    <trkpt lat="45.861948" lon="7.160855">
      <ele>0</ele>
      <time>2026-04-13T11:50:21.222Z</time>
    </trkpt>
    <trkpt lat="45.862067" lon="7.160881">
      <ele>0</ele>
      <time>2026-04-13T11:50:22.952Z</time>
    </trkpt>
    <trkpt lat="45.862322" lon="7.160852">
      <ele>0</ele>
      <time>2026-04-13T11:50:24.681Z</time>
    </trkpt>
    <trkpt lat="45.862504" lon="7.160822">
      <ele>0</ele>
      <time>2026-04-13T11:50:26.410Z</time>
    </trkpt>
    <trkpt lat="45.862599" lon="7.160759">
      <ele>0</ele>
      <time>2026-04-13T11:50:28.139Z</time>
    </trkpt>
    <trkpt lat="45.862855" lon="7.160454">
      <ele>0</ele>
      <time>2026-04-13T11:50:29.868Z</time>
    </trkpt>
    <trkpt lat="45.862985" lon="7.160339">
      <ele>0</ele>
      <time>2026-04-13T11:50:31.598Z</time>
    </trkpt>
    <trkpt lat="45.863070" lon="7.160229">
      <ele>0</ele>
      <time>2026-04-13T11:50:33.327Z</time>
    </trkpt>
    <trkpt lat="45.863100" lon="7.160106">
      <ele>0</ele>
      <time>2026-04-13T11:50:35.056Z</time>
    </trkpt>
    <trkpt lat="45.863107" lon="7.159949">
      <ele>0</ele>
      <time>2026-04-13T11:50:36.785Z</time>
    </trkpt>
    <trkpt lat="45.863094" lon="7.159710">
      <ele>0</ele>
      <time>2026-04-13T11:50:38.514Z</time>
    </trkpt>
    <trkpt lat="45.863099" lon="7.159530">
      <ele>0</ele>
      <time>2026-04-13T11:50:40.244Z</time>
    </trkpt>
    <trkpt lat="45.863138" lon="7.159480">
      <ele>0</ele>
      <time>2026-04-13T11:50:41.973Z</time>
    </trkpt>
    <trkpt lat="45.863249" lon="7.159454">
      <ele>0</ele>
      <time>2026-04-13T11:50:43.702Z</time>
    </trkpt>
    <trkpt lat="45.863428" lon="7.159425">
      <ele>0</ele>
      <time>2026-04-13T11:50:45.431Z</time>
    </trkpt>
    <trkpt lat="45.863632" lon="7.159411">
      <ele>0</ele>
      <time>2026-04-13T11:50:47.160Z</time>
    </trkpt>
    <trkpt lat="45.863761" lon="7.159401">
      <ele>0</ele>
      <time>2026-04-13T11:50:48.890Z</time>
    </trkpt>
    <trkpt lat="45.863876" lon="7.159383">
      <ele>0</ele>
      <time>2026-04-13T11:50:50.619Z</time>
    </trkpt>
    <trkpt lat="45.863982" lon="7.159336">
      <ele>0</ele>
      <time>2026-04-13T11:50:52.348Z</time>
    </trkpt>
    <trkpt lat="45.864076" lon="7.159243">
      <ele>0</ele>
      <time>2026-04-13T11:50:54.077Z</time>
    </trkpt>
    <trkpt lat="45.864147" lon="7.159168">
      <ele>0</ele>
      <time>2026-04-13T11:50:55.806Z</time>
    </trkpt>
    <trkpt lat="45.864227" lon="7.159147">
      <ele>0</ele>
      <time>2026-04-13T11:50:57.536Z</time>
    </trkpt>
    <trkpt lat="45.864368" lon="7.159175">
      <ele>0</ele>
      <time>2026-04-13T11:50:59.265Z</time>
    </trkpt>
    <trkpt lat="45.864553" lon="7.159227">
      <ele>0</ele>
      <time>2026-04-13T11:51:00.994Z</time>
    </trkpt>
    <trkpt lat="45.864776" lon="7.159252">
      <ele>0</ele>
      <time>2026-04-13T11:51:02.723Z</time>
    </trkpt>
    <trkpt lat="45.865149" lon="7.159256">
      <ele>0</ele>
      <time>2026-04-13T11:51:04.452Z</time>
    </trkpt>
    <trkpt lat="45.865268" lon="7.159235">
      <ele>0</ele>
      <time>2026-04-13T11:51:06.181Z</time>
    </trkpt>
    <trkpt lat="45.865340" lon="7.159183">
      <ele>0</ele>
      <time>2026-04-13T11:51:07.911Z</time>
    </trkpt>
    <trkpt lat="45.865371" lon="7.159139">
      <ele>0</ele>
      <time>2026-04-13T11:51:09.640Z</time>
    </trkpt>
    <trkpt lat="45.865417" lon="7.158942">
      <ele>0</ele>
      <time>2026-04-13T11:51:11.369Z</time>
    </trkpt>
    <trkpt lat="45.865464" lon="7.158716">
      <ele>0</ele>
      <time>2026-04-13T11:51:13.098Z</time>
    </trkpt>
    <trkpt lat="45.865521" lon="7.158439">
      <ele>0</ele>
      <time>2026-04-13T11:51:14.827Z</time>
    </trkpt>
    <trkpt lat="45.865510" lon="7.158309">
      <ele>0</ele>
      <time>2026-04-13T11:51:16.557Z</time>
    </trkpt>
    <trkpt lat="45.865466" lon="7.158221">
      <ele>0</ele>
      <time>2026-04-13T11:51:18.286Z</time>
    </trkpt>
    <trkpt lat="45.865375" lon="7.158141">
      <ele>0</ele>
      <time>2026-04-13T11:51:20.015Z</time>
    </trkpt>
    <trkpt lat="45.865072" lon="7.157925">
      <ele>0</ele>
      <time>2026-04-13T11:51:21.744Z</time>
    </trkpt>
    <trkpt lat="45.864802" lon="7.157709">
      <ele>0</ele>
      <time>2026-04-13T11:51:23.473Z</time>
    </trkpt>
    <trkpt lat="45.864655" lon="7.157572">
      <ele>0</ele>
      <time>2026-04-13T11:51:25.203Z</time>
    </trkpt>
    <trkpt lat="45.864499" lon="7.157432">
      <ele>0</ele>
      <time>2026-04-13T11:51:26.932Z</time>
    </trkpt>
    <trkpt lat="45.864385" lon="7.157309">
      <ele>0</ele>
      <time>2026-04-13T11:51:28.661Z</time>
    </trkpt>
    <trkpt lat="45.864314" lon="7.157157">
      <ele>0</ele>
      <time>2026-04-13T11:51:30.390Z</time>
    </trkpt>
    <trkpt lat="45.864225" lon="7.156789">
      <ele>0</ele>
      <time>2026-04-13T11:51:32.119Z</time>
    </trkpt>
    <trkpt lat="45.864140" lon="7.156436">
      <ele>0</ele>
      <time>2026-04-13T11:51:33.849Z</time>
    </trkpt>
    <trkpt lat="45.864050" lon="7.156227">
      <ele>0</ele>
      <time>2026-04-13T11:51:35.578Z</time>
    </trkpt>
    <trkpt lat="45.863969" lon="7.156063">
      <ele>0</ele>
      <time>2026-04-13T11:51:37.307Z</time>
    </trkpt>
    <trkpt lat="45.863904" lon="7.155929">
      <ele>0</ele>
      <time>2026-04-13T11:51:39.036Z</time>
    </trkpt>
    <trkpt lat="45.863823" lon="7.155819">
      <ele>0</ele>
      <time>2026-04-13T11:51:40.765Z</time>
    </trkpt>
    <trkpt lat="45.863662" lon="7.155742">
      <ele>0</ele>
      <time>2026-04-13T11:51:42.495Z</time>
    </trkpt>
    <trkpt lat="45.863600" lon="7.155705">
      <ele>0</ele>
      <time>2026-04-13T11:51:44.224Z</time>
    </trkpt>
    <trkpt lat="45.863545" lon="7.155626">
      <ele>0</ele>
      <time>2026-04-13T11:51:45.953Z</time>
    </trkpt>
    <trkpt lat="45.863528" lon="7.155529">
      <ele>0</ele>
      <time>2026-04-13T11:51:47.682Z</time>
    </trkpt>
    <trkpt lat="45.863536" lon="7.155441">
      <ele>0</ele>
      <time>2026-04-13T11:51:49.411Z</time>
    </trkpt>
    <trkpt lat="45.863572" lon="7.155370">
      <ele>0</ele>
      <time>2026-04-13T11:51:51.141Z</time>
    </trkpt>
    <trkpt lat="45.863629" lon="7.155351">
      <ele>0</ele>
      <time>2026-04-13T11:51:52.870Z</time>
    </trkpt>
    <trkpt lat="45.863734" lon="7.155387">
      <ele>0</ele>
      <time>2026-04-13T11:51:54.599Z</time>
    </trkpt>
    <trkpt lat="45.863898" lon="7.155433">
      <ele>0</ele>
      <time>2026-04-13T11:51:56.328Z</time>
    </trkpt>
    <trkpt lat="45.864039" lon="7.155480">
      <ele>0</ele>
      <time>2026-04-13T11:51:58.057Z</time>
    </trkpt>
    <trkpt lat="45.864091" lon="7.155534">
      <ele>0</ele>
      <time>2026-04-13T11:51:59.787Z</time>
    </trkpt>
    <trkpt lat="45.864181" lon="7.155641">
      <ele>0</ele>
      <time>2026-04-13T11:52:01.516Z</time>
    </trkpt>
    <trkpt lat="45.864256" lon="7.155682">
      <ele>0</ele>
      <time>2026-04-13T11:52:03.245Z</time>
    </trkpt>
    <trkpt lat="45.864302" lon="7.155682">
      <ele>0</ele>
      <time>2026-04-13T11:52:04.974Z</time>
    </trkpt>
    <trkpt lat="45.864392" lon="7.155534">
      <ele>0</ele>
      <time>2026-04-13T11:52:06.703Z</time>
    </trkpt>
    <trkpt lat="45.864459" lon="7.155289">
      <ele>0</ele>
      <time>2026-04-13T11:52:08.433Z</time>
    </trkpt>
    <trkpt lat="45.864461" lon="7.155126">
      <ele>0</ele>
      <time>2026-04-13T11:52:10.162Z</time>
    </trkpt>
    <trkpt lat="45.864401" lon="7.154904">
      <ele>0</ele>
      <time>2026-04-13T11:52:11.891Z</time>
    </trkpt>
    <trkpt lat="45.864316" lon="7.154633">
      <ele>0</ele>
      <time>2026-04-13T11:52:13.620Z</time>
    </trkpt>
    <trkpt lat="45.864275" lon="7.154454">
      <ele>0</ele>
      <time>2026-04-13T11:52:15.349Z</time>
    </trkpt>
    <trkpt lat="45.864296" lon="7.154322">
      <ele>0</ele>
      <time>2026-04-13T11:52:17.079Z</time>
    </trkpt>
    <trkpt lat="45.864370" lon="7.154274">
      <ele>0</ele>
      <time>2026-04-13T11:52:18.808Z</time>
    </trkpt>
    <trkpt lat="45.864577" lon="7.154242">
      <ele>0</ele>
      <time>2026-04-13T11:52:20.537Z</time>
    </trkpt>
    <trkpt lat="45.864734" lon="7.154190">
      <ele>0</ele>
      <time>2026-04-13T11:52:22.266Z</time>
    </trkpt>
    <trkpt lat="45.864891" lon="7.154077">
      <ele>0</ele>
      <time>2026-04-13T11:52:23.995Z</time>
    </trkpt>
    <trkpt lat="45.865188" lon="7.153814">
      <ele>0</ele>
      <time>2026-04-13T11:52:25.725Z</time>
    </trkpt>
    <trkpt lat="45.865390" lon="7.153630">
      <ele>0</ele>
      <time>2026-04-13T11:52:27.454Z</time>
    </trkpt>
    <trkpt lat="45.865521" lon="7.153402">
      <ele>0</ele>
      <time>2026-04-13T11:52:29.183Z</time>
    </trkpt>
    <trkpt lat="45.866194" lon="7.152147">
      <ele>0</ele>
      <time>2026-04-13T11:52:30.912Z</time>
    </trkpt>
    <trkpt lat="45.866509" lon="7.151491">
      <ele>0</ele>
      <time>2026-04-13T11:52:32.641Z</time>
    </trkpt>
    <trkpt lat="45.866546" lon="7.151446">
      <ele>0</ele>
      <time>2026-04-13T11:52:34.370Z</time>
    </trkpt>
    <trkpt lat="45.866595" lon="7.151417">
      <ele>0</ele>
      <time>2026-04-13T11:52:36.100Z</time>
    </trkpt>
    <trkpt lat="45.866654" lon="7.151415">
      <ele>0</ele>
      <time>2026-04-13T11:52:37.829Z</time>
    </trkpt>
    <trkpt lat="45.866726" lon="7.151459">
      <ele>0</ele>
      <time>2026-04-13T11:52:39.558Z</time>
    </trkpt>
    <trkpt lat="45.866810" lon="7.151566">
      <ele>0</ele>
      <time>2026-04-13T11:52:41.287Z</time>
    </trkpt>
    <trkpt lat="45.866887" lon="7.151642">
      <ele>0</ele>
      <time>2026-04-13T11:52:43.016Z</time>
    </trkpt>
    <trkpt lat="45.866952" lon="7.151646">
      <ele>0</ele>
      <time>2026-04-13T11:52:44.746Z</time>
    </trkpt>
    <trkpt lat="45.867037" lon="7.151600">
      <ele>0</ele>
      <time>2026-04-13T11:52:46.475Z</time>
    </trkpt>
    <trkpt lat="45.867133" lon="7.151527">
      <ele>0</ele>
      <time>2026-04-13T11:52:48.204Z</time>
    </trkpt>
    <trkpt lat="45.867195" lon="7.151492">
      <ele>0</ele>
      <time>2026-04-13T11:52:49.933Z</time>
    </trkpt>
    <trkpt lat="45.867264" lon="7.151481">
      <ele>0</ele>
      <time>2026-04-13T11:52:51.662Z</time>
    </trkpt>
    <trkpt lat="45.867313" lon="7.151486">
      <ele>0</ele>
      <time>2026-04-13T11:52:53.392Z</time>
    </trkpt>
    <trkpt lat="45.867374" lon="7.151510">
      <ele>0</ele>
      <time>2026-04-13T11:52:55.121Z</time>
    </trkpt>
    <trkpt lat="45.867580" lon="7.151699">
      <ele>0</ele>
      <time>2026-04-13T11:52:56.850Z</time>
    </trkpt>
    <trkpt lat="45.867794" lon="7.151903">
      <ele>0</ele>
      <time>2026-04-13T11:52:58.579Z</time>
    </trkpt>
    <trkpt lat="45.867853" lon="7.151985">
      <ele>0</ele>
      <time>2026-04-13T11:53:00.308Z</time>
    </trkpt>
    <trkpt lat="45.867880" lon="7.152089">
      <ele>0</ele>
      <time>2026-04-13T11:53:02.038Z</time>
    </trkpt>
    <trkpt lat="45.867878" lon="7.152187">
      <ele>0</ele>
      <time>2026-04-13T11:53:03.767Z</time>
    </trkpt>
    <trkpt lat="45.867783" lon="7.152610">
      <ele>0</ele>
      <time>2026-04-13T11:53:05.496Z</time>
    </trkpt>
    <trkpt lat="45.867752" lon="7.152778">
      <ele>0</ele>
      <time>2026-04-13T11:53:07.225Z</time>
    </trkpt>
    <trkpt lat="45.867746" lon="7.152929">
      <ele>0</ele>
      <time>2026-04-13T11:53:08.954Z</time>
    </trkpt>
    <trkpt lat="45.867794" lon="7.153260">
      <ele>0</ele>
      <time>2026-04-13T11:53:10.684Z</time>
    </trkpt>
    <trkpt lat="45.867849" lon="7.153483">
      <ele>0</ele>
      <time>2026-04-13T11:53:12.413Z</time>
    </trkpt>
    <trkpt lat="45.867913" lon="7.153740">
      <ele>0</ele>
      <time>2026-04-13T11:53:14.142Z</time>
    </trkpt>
    <trkpt lat="45.868020" lon="7.153919">
      <ele>0</ele>
      <time>2026-04-13T11:53:15.871Z</time>
    </trkpt>
    <trkpt lat="45.868154" lon="7.154025">
      <ele>0</ele>
      <time>2026-04-13T11:53:17.600Z</time>
    </trkpt>
    <trkpt lat="45.868306" lon="7.154078">
      <ele>0</ele>
      <time>2026-04-13T11:53:19.330Z</time>
    </trkpt>
    <trkpt lat="45.869102" lon="7.153755">
      <ele>0</ele>
      <time>2026-04-13T11:53:21.059Z</time>
    </trkpt>
    <trkpt lat="45.869168" lon="7.153734">
      <ele>0</ele>
      <time>2026-04-13T11:53:22.788Z</time>
    </trkpt>
    <trkpt lat="45.869243" lon="7.153783">
      <ele>0</ele>
      <time>2026-04-13T11:53:24.517Z</time>
    </trkpt>
    <trkpt lat="45.869293" lon="7.153905">
      <ele>0</ele>
      <time>2026-04-13T11:53:26.246Z</time>
    </trkpt>
    <trkpt lat="45.869259" lon="7.154371">
      <ele>0</ele>
      <time>2026-04-13T11:53:27.976Z</time>
    </trkpt>
    <trkpt lat="45.869207" lon="7.154946">
      <ele>0</ele>
      <time>2026-04-13T11:53:29.705Z</time>
    </trkpt>
    <trkpt lat="45.869205" lon="7.155216">
      <ele>0</ele>
      <time>2026-04-13T11:53:31.434Z</time>
    </trkpt>
    <trkpt lat="45.869264" lon="7.155526">
      <ele>0</ele>
      <time>2026-04-13T11:53:33.163Z</time>
    </trkpt>
    <trkpt lat="45.869250" lon="7.155728">
      <ele>0</ele>
      <time>2026-04-13T11:53:34.892Z</time>
    </trkpt>
    <trkpt lat="45.869165" lon="7.156021">
      <ele>0</ele>
      <time>2026-04-13T11:53:36.622Z</time>
    </trkpt>
    <trkpt lat="45.869133" lon="7.156231">
      <ele>0</ele>
      <time>2026-04-13T11:53:38.351Z</time>
    </trkpt>
    <trkpt lat="45.869142" lon="7.156391">
      <ele>0</ele>
      <time>2026-04-13T11:53:40.080Z</time>
    </trkpt>
    <trkpt lat="45.869179" lon="7.156578">
      <ele>0</ele>
      <time>2026-04-13T11:53:41.809Z</time>
    </trkpt>
    <trkpt lat="45.869271" lon="7.156759">
      <ele>0</ele>
      <time>2026-04-13T11:53:43.538Z</time>
    </trkpt>
    <trkpt lat="45.869353" lon="7.156838">
      <ele>0</ele>
      <time>2026-04-13T11:53:45.268Z</time>
    </trkpt>
    <trkpt lat="45.869493" lon="7.156913">
      <ele>0</ele>
      <time>2026-04-13T11:53:46.997Z</time>
    </trkpt>
    <trkpt lat="45.870146" lon="7.156840">
      <ele>0</ele>
      <time>2026-04-13T11:53:48.726Z</time>
    </trkpt>
    <trkpt lat="45.870229" lon="7.156832">
      <ele>0</ele>
      <time>2026-04-13T11:53:50.455Z</time>
    </trkpt>
    <trkpt lat="45.870309" lon="7.156883">
      <ele>0</ele>
      <time>2026-04-13T11:53:52.184Z</time>
    </trkpt>
    <trkpt lat="45.870390" lon="7.157013">
      <ele>0</ele>
      <time>2026-04-13T11:53:53.914Z</time>
    </trkpt>
    <trkpt lat="45.870560" lon="7.157491">
      <ele>0</ele>
      <time>2026-04-13T11:53:55.643Z</time>
    </trkpt>
    <trkpt lat="45.870593" lon="7.157761">
      <ele>0</ele>
      <time>2026-04-13T11:53:57.372Z</time>
    </trkpt>
    <trkpt lat="45.870599" lon="7.157981">
      <ele>0</ele>
      <time>2026-04-13T11:53:59.101Z</time>
    </trkpt>
    <trkpt lat="45.870536" lon="7.158273">
      <ele>0</ele>
      <time>2026-04-13T11:54:00.830Z</time>
    </trkpt>
    <trkpt lat="45.870447" lon="7.158492">
      <ele>0</ele>
      <time>2026-04-13T11:54:02.559Z</time>
    </trkpt>
    <trkpt lat="45.868943" lon="7.161360">
      <ele>0</ele>
      <time>2026-04-13T11:54:04.289Z</time>
    </trkpt>
    <trkpt lat="45.868832" lon="7.161468">
      <ele>0</ele>
      <time>2026-04-13T11:54:06.018Z</time>
    </trkpt>
    <trkpt lat="45.868781" lon="7.161497">
      <ele>0</ele>
      <time>2026-04-13T11:54:07.747Z</time>
    </trkpt>
    <trkpt lat="45.868727" lon="7.161508">
      <ele>0</ele>
      <time>2026-04-13T11:54:09.476Z</time>
    </trkpt>
    <trkpt lat="45.868356" lon="7.161525">
      <ele>0</ele>
      <time>2026-04-13T11:54:11.205Z</time>
    </trkpt>
    <trkpt lat="45.868260" lon="7.161526">
      <ele>0</ele>
      <time>2026-04-13T11:54:12.935Z</time>
    </trkpt>
    <trkpt lat="45.868160" lon="7.161537">
      <ele>0</ele>
      <time>2026-04-13T11:54:14.664Z</time>
    </trkpt>
    <trkpt lat="45.868084" lon="7.161558">
      <ele>0</ele>
      <time>2026-04-13T11:54:16.393Z</time>
    </trkpt>
    <trkpt lat="45.868024" lon="7.161583">
      <ele>0</ele>
      <time>2026-04-13T11:54:18.122Z</time>
    </trkpt>
    <trkpt lat="45.867972" lon="7.161624">
      <ele>0</ele>
      <time>2026-04-13T11:54:19.851Z</time>
    </trkpt>
    <trkpt lat="45.867920" lon="7.161682">
      <ele>0</ele>
      <time>2026-04-13T11:54:21.581Z</time>
    </trkpt>
    <trkpt lat="45.867827" lon="7.161841">
      <ele>0</ele>
      <time>2026-04-13T11:54:23.310Z</time>
    </trkpt>
    <trkpt lat="45.867727" lon="7.162038">
      <ele>0</ele>
      <time>2026-04-13T11:54:25.039Z</time>
    </trkpt>
    <trkpt lat="45.867555" lon="7.162433">
      <ele>0</ele>
      <time>2026-04-13T11:54:26.768Z</time>
    </trkpt>
    <trkpt lat="45.867504" lon="7.162565">
      <ele>0</ele>
      <time>2026-04-13T11:54:28.497Z</time>
    </trkpt>
    <trkpt lat="45.867462" lon="7.162716">
      <ele>0</ele>
      <time>2026-04-13T11:54:30.227Z</time>
    </trkpt>
    <trkpt lat="45.867428" lon="7.162901">
      <ele>0</ele>
      <time>2026-04-13T11:54:31.956Z</time>
    </trkpt>
    <trkpt lat="45.867409" lon="7.163108">
      <ele>0</ele>
      <time>2026-04-13T11:54:33.685Z</time>
    </trkpt>
    <trkpt lat="45.867385" lon="7.163223">
      <ele>0</ele>
      <time>2026-04-13T11:54:35.414Z</time>
    </trkpt>
    <trkpt lat="45.867362" lon="7.163291">
      <ele>0</ele>
      <time>2026-04-13T11:54:37.143Z</time>
    </trkpt>
    <trkpt lat="45.867327" lon="7.163364">
      <ele>0</ele>
      <time>2026-04-13T11:54:38.873Z</time>
    </trkpt>
    <trkpt lat="45.867282" lon="7.163463">
      <ele>0</ele>
      <time>2026-04-13T11:54:40.602Z</time>
    </trkpt>
    <trkpt lat="45.867122" lon="7.163800">
      <ele>0</ele>
      <time>2026-04-13T11:54:42.331Z</time>
    </trkpt>
    <trkpt lat="45.867098" lon="7.163900">
      <ele>0</ele>
      <time>2026-04-13T11:54:44.060Z</time>
    </trkpt>
    <trkpt lat="45.867089" lon="7.163987">
      <ele>0</ele>
      <time>2026-04-13T11:54:45.789Z</time>
    </trkpt>
    <trkpt lat="45.867091" lon="7.164089">
      <ele>0</ele>
      <time>2026-04-13T11:54:47.519Z</time>
    </trkpt>
    <trkpt lat="45.867107" lon="7.164260">
      <ele>0</ele>
      <time>2026-04-13T11:54:49.248Z</time>
    </trkpt>
    <trkpt lat="45.867183" lon="7.164575">
      <ele>0</ele>
      <time>2026-04-13T11:54:50.977Z</time>
    </trkpt>
    <trkpt lat="45.867229" lon="7.164698">
      <ele>0</ele>
      <time>2026-04-13T11:54:52.706Z</time>
    </trkpt>
    <trkpt lat="45.867266" lon="7.164781">
      <ele>0</ele>
      <time>2026-04-13T11:54:54.435Z</time>
    </trkpt>
    <trkpt lat="45.867321" lon="7.164858">
      <ele>0</ele>
      <time>2026-04-13T11:54:56.165Z</time>
    </trkpt>
    <trkpt lat="45.867529" lon="7.165007">
      <ele>0</ele>
      <time>2026-04-13T11:54:57.894Z</time>
    </trkpt>
    <trkpt lat="45.867697" lon="7.165133">
      <ele>0</ele>
      <time>2026-04-13T11:54:59.623Z</time>
    </trkpt>
    <trkpt lat="45.867892" lon="7.165222">
      <ele>0</ele>
      <time>2026-04-13T11:55:01.352Z</time>
    </trkpt>
    <trkpt lat="45.867951" lon="7.165248">
      <ele>0</ele>
      <time>2026-04-13T11:55:03.081Z</time>
    </trkpt>
    <trkpt lat="45.868061" lon="7.165287">
      <ele>0</ele>
      <time>2026-04-13T11:55:04.811Z</time>
    </trkpt>
    <trkpt lat="45.868139" lon="7.165300">
      <ele>0</ele>
      <time>2026-04-13T11:55:06.540Z</time>
    </trkpt>
    <trkpt lat="45.868207" lon="7.165303">
      <ele>0</ele>
      <time>2026-04-13T11:55:08.269Z</time>
    </trkpt>
    <trkpt lat="45.868265" lon="7.165296">
      <ele>0</ele>
      <time>2026-04-13T11:55:09.998Z</time>
    </trkpt>
    <trkpt lat="45.868361" lon="7.165265">
      <ele>0</ele>
      <time>2026-04-13T11:55:11.727Z</time>
    </trkpt>
    <trkpt lat="45.868489" lon="7.165236">
      <ele>0</ele>
      <time>2026-04-13T11:55:13.457Z</time>
    </trkpt>
    <trkpt lat="45.868535" lon="7.165233">
      <ele>0</ele>
      <time>2026-04-13T11:55:15.186Z</time>
    </trkpt>
    <trkpt lat="45.868588" lon="7.165238">
      <ele>0</ele>
      <time>2026-04-13T11:55:16.915Z</time>
    </trkpt>
    <trkpt lat="45.868624" lon="7.165252">
      <ele>0</ele>
      <time>2026-04-13T11:55:18.644Z</time>
    </trkpt>
    <trkpt lat="45.868651" lon="7.165269">
      <ele>0</ele>
      <time>2026-04-13T11:55:20.373Z</time>
    </trkpt>
    <trkpt lat="45.868754" lon="7.165354">
      <ele>0</ele>
      <time>2026-04-13T11:55:22.103Z</time>
    </trkpt>
    <trkpt lat="45.868867" lon="7.165468">
      <ele>0</ele>
      <time>2026-04-13T11:55:23.832Z</time>
    </trkpt>
    <trkpt lat="45.868978" lon="7.165589">
      <ele>0</ele>
      <time>2026-04-13T11:55:25.561Z</time>
    </trkpt>
    <trkpt lat="45.869030" lon="7.165644">
      <ele>0</ele>
      <time>2026-04-13T11:55:27.290Z</time>
    </trkpt>
    <trkpt lat="45.869059" lon="7.165683">
      <ele>0</ele>
      <time>2026-04-13T11:55:29.019Z</time>
    </trkpt>
    <trkpt lat="45.869077" lon="7.165721">
      <ele>0</ele>
      <time>2026-04-13T11:55:30.748Z</time>
    </trkpt>
    <trkpt lat="45.869197" lon="7.166074">
      <ele>0</ele>
      <time>2026-04-13T11:55:32.478Z</time>
    </trkpt>
    <trkpt lat="45.869226" lon="7.166169">
      <ele>0</ele>
      <time>2026-04-13T11:55:34.207Z</time>
    </trkpt>
    <trkpt lat="45.869238" lon="7.166221">
      <ele>0</ele>
      <time>2026-04-13T11:55:35.936Z</time>
    </trkpt>
    <trkpt lat="45.869246" lon="7.166276">
      <ele>0</ele>
      <time>2026-04-13T11:55:37.665Z</time>
    </trkpt>
    <trkpt lat="45.869254" lon="7.166355">
      <ele>0</ele>
      <time>2026-04-13T11:55:39.394Z</time>
    </trkpt>
    <trkpt lat="45.869257" lon="7.166432">
      <ele>0</ele>
      <time>2026-04-13T11:55:41.124Z</time>
    </trkpt>
    <trkpt lat="45.869260" lon="7.166753">
      <ele>0</ele>
      <time>2026-04-13T11:55:42.853Z</time>
    </trkpt>
    <trkpt lat="45.869263" lon="7.166995">
      <ele>0</ele>
      <time>2026-04-13T11:55:44.582Z</time>
    </trkpt>
    <trkpt lat="45.869271" lon="7.167079">
      <ele>0</ele>
      <time>2026-04-13T11:55:46.311Z</time>
    </trkpt>
    <trkpt lat="45.869281" lon="7.167149">
      <ele>0</ele>
      <time>2026-04-13T11:55:48.040Z</time>
    </trkpt>
    <trkpt lat="45.869294" lon="7.167222">
      <ele>0</ele>
      <time>2026-04-13T11:55:49.770Z</time>
    </trkpt>
    <trkpt lat="45.869320" lon="7.167339">
      <ele>0</ele>
      <time>2026-04-13T11:55:51.499Z</time>
    </trkpt>
    <trkpt lat="45.869501" lon="7.168001">
      <ele>0</ele>
      <time>2026-04-13T11:55:53.228Z</time>
    </trkpt>
    <trkpt lat="45.869553" lon="7.168215">
      <ele>0</ele>
      <time>2026-04-13T11:55:54.957Z</time>
    </trkpt>
    <trkpt lat="45.869574" lon="7.168321">
      <ele>0</ele>
      <time>2026-04-13T11:55:56.686Z</time>
    </trkpt>
    <trkpt lat="45.869588" lon="7.168406">
      <ele>0</ele>
      <time>2026-04-13T11:55:58.416Z</time>
    </trkpt>
    <trkpt lat="45.869594" lon="7.168464">
      <ele>0</ele>
      <time>2026-04-13T11:56:00.145Z</time>
    </trkpt>
    <trkpt lat="45.869595" lon="7.168523">
      <ele>0</ele>
      <time>2026-04-13T11:56:01.874Z</time>
    </trkpt>
    <trkpt lat="45.869593" lon="7.168570">
      <ele>0</ele>
      <time>2026-04-13T11:56:03.603Z</time>
    </trkpt>
    <trkpt lat="45.869586" lon="7.168639">
      <ele>0</ele>
      <time>2026-04-13T11:56:05.332Z</time>
    </trkpt>
    <trkpt lat="45.869570" lon="7.168739">
      <ele>0</ele>
      <time>2026-04-13T11:56:07.062Z</time>
    </trkpt>
    <trkpt lat="45.869447" lon="7.169516">
      <ele>0</ele>
      <time>2026-04-13T11:56:08.791Z</time>
    </trkpt>
    <trkpt lat="45.869421" lon="7.169654">
      <ele>0</ele>
      <time>2026-04-13T11:56:10.520Z</time>
    </trkpt>
    <trkpt lat="45.869391" lon="7.169778">
      <ele>0</ele>
      <time>2026-04-13T11:56:12.249Z</time>
    </trkpt>
    <trkpt lat="45.869352" lon="7.169909">
      <ele>0</ele>
      <time>2026-04-13T11:56:13.978Z</time>
    </trkpt>
    <trkpt lat="45.869313" lon="7.170006">
      <ele>0</ele>
      <time>2026-04-13T11:56:15.708Z</time>
    </trkpt>
    <trkpt lat="45.869268" lon="7.170091">
      <ele>0</ele>
      <time>2026-04-13T11:56:17.437Z</time>
    </trkpt>
    <trkpt lat="45.869222" lon="7.170163">
      <ele>0</ele>
      <time>2026-04-13T11:56:19.166Z</time>
    </trkpt>
    <trkpt lat="45.869126" lon="7.170308">
      <ele>0</ele>
      <time>2026-04-13T11:56:20.895Z</time>
    </trkpt>
    <trkpt lat="45.869061" lon="7.170397">
      <ele>0</ele>
      <time>2026-04-13T11:56:22.624Z</time>
    </trkpt>
    <trkpt lat="45.869053" lon="7.170409">
      <ele>0</ele>
      <time>2026-04-13T11:56:24.354Z</time>
    </trkpt>
    <trkpt lat="45.869025" lon="7.170447">
      <ele>0</ele>
      <time>2026-04-13T11:56:26.083Z</time>
    </trkpt>
    <trkpt lat="45.869009" lon="7.170482">
      <ele>0</ele>
      <time>2026-04-13T11:56:27.812Z</time>
    </trkpt>
    <trkpt lat="45.868992" lon="7.170531">
      <ele>0</ele>
      <time>2026-04-13T11:56:29.541Z</time>
    </trkpt>
    <trkpt lat="45.868950" lon="7.170685">
      <ele>0</ele>
      <time>2026-04-13T11:56:31.270Z</time>
    </trkpt>
  </trkseg>
</trk>
</gpx>