<?xml version="1.0" encoding="UTF-8"?>
<gpx xmlns="http://www.topografix.com/GPX/1/1" version="1.1" creator="MotoMap">
  <trk>
    <name>sella_ronda</name>
    <trkseg>
      <trkpt lat="46.550044" lon="11.873985"><ele>0</ele></trkpt>
      <trkpt lat="46.550027" lon="11.873874"><ele>0</ele></trkpt>
      <trkpt lat="46.549996" lon="11.873716"><ele>0</ele></trkpt>
      <trkpt lat="46.549793" lon="11.872979"><ele>0</ele></trkpt>
      <trkpt lat="46.549898" lon="11.872950"><ele>0</ele></trkpt>
      <trkpt lat="46.550895" lon="11.872679"><ele>0</ele></trkpt>
      <trkpt lat="46.550977" lon="11.872657"><ele>0</ele></trkpt>
      <trkpt lat="46.551015" lon="11.872647"><ele>0</ele></trkpt>
      <trkpt lat="46.551233" lon="11.872591"><ele>0</ele></trkpt>
      <trkpt lat="46.551497" lon="11.872521"><ele>0</ele></trkpt>
      <trkpt lat="46.551906" lon="11.872427"><ele>0</ele></trkpt>
      <trkpt lat="46.551958" lon="11.872411"><ele>0</ele></trkpt>
      <trkpt lat="46.551949" lon="11.872353"><ele>0</ele></trkpt>
      <trkpt lat="46.551827" lon="11.871772"><ele>0</ele></trkpt>
      <trkpt lat="46.551822" lon="11.871743"><ele>0</ele></trkpt>
      <trkpt lat="46.551722" lon="11.871256"><ele>0</ele></trkpt>
      <trkpt lat="46.551712" lon="11.871200"><ele>0</ele></trkpt>
      <trkpt lat="46.551632" lon="11.870800"><ele>0</ele></trkpt>
      <trkpt lat="46.551593" lon="11.870603"><ele>0</ele></trkpt>
      <trkpt lat="46.551484" lon="11.870078"><ele>0</ele></trkpt>
      <trkpt lat="46.551419" lon="11.869754"><ele>0</ele></trkpt>
      <trkpt lat="46.551372" lon="11.869518"><ele>0</ele></trkpt>
      <trkpt lat="46.551334" lon="11.869314"><ele>0</ele></trkpt>
      <trkpt lat="46.551302" lon="11.869104"><ele>0</ele></trkpt>
      <trkpt lat="46.551281" lon="11.868922"><ele>0</ele></trkpt>
      <trkpt lat="46.551264" lon="11.868763"><ele>0</ele></trkpt>
      <trkpt lat="46.551255" lon="11.868621"><ele>0</ele></trkpt>
      <trkpt lat="46.551242" lon="11.868354"><ele>0</ele></trkpt>
      <trkpt lat="46.551231" lon="11.867994"><ele>0</ele></trkpt>
      <trkpt lat="46.551229" lon="11.867899"><ele>0</ele></trkpt>
      <trkpt lat="46.551214" lon="11.867333"><ele>0</ele></trkpt>
      <trkpt lat="46.551210" lon="11.867237"><ele>0</ele></trkpt>
      <trkpt lat="46.551203" lon="11.866944"><ele>0</ele></trkpt>
      <trkpt lat="46.551188" lon="11.866465"><ele>0</ele></trkpt>
      <trkpt lat="46.551179" lon="11.866153"><ele>0</ele></trkpt>
      <trkpt lat="46.551176" lon="11.866055"><ele>0</ele></trkpt>
      <trkpt lat="46.551175" lon="11.866021"><ele>0</ele></trkpt>
      <trkpt lat="46.551173" lon="11.865920"><ele>0</ele></trkpt>
      <trkpt lat="46.551169" lon="11.865782"><ele>0</ele></trkpt>
      <trkpt lat="46.551154" lon="11.865143"><ele>0</ele></trkpt>
      <trkpt lat="46.551153" lon="11.865092"><ele>0</ele></trkpt>
      <trkpt lat="46.551149" lon="11.864944"><ele>0</ele></trkpt>
      <trkpt lat="46.551145" lon="11.864821"><ele>0</ele></trkpt>
      <trkpt lat="46.551143" lon="11.864774"><ele>0</ele></trkpt>
      <trkpt lat="46.551140" lon="11.864675"><ele>0</ele></trkpt>
      <trkpt lat="46.551130" lon="11.864186"><ele>0</ele></trkpt>
      <trkpt lat="46.551131" lon="11.864031"><ele>0</ele></trkpt>
      <trkpt lat="46.551141" lon="11.863910"><ele>0</ele></trkpt>
      <trkpt lat="46.551159" lon="11.863790"><ele>0</ele></trkpt>
      <trkpt lat="46.551182" lon="11.863673"><ele>0</ele></trkpt>
      <trkpt lat="46.551207" lon="11.863558"><ele>0</ele></trkpt>
      <trkpt lat="46.551263" lon="11.863406"><ele>0</ele></trkpt>
      <trkpt lat="46.551325" lon="11.863262"><ele>0</ele></trkpt>
      <trkpt lat="46.551466" lon="11.863033"><ele>0</ele></trkpt>
      <trkpt lat="46.551519" lon="11.862961"><ele>0</ele></trkpt>
      <trkpt lat="46.551696" lon="11.862717"><ele>0</ele></trkpt>
      <trkpt lat="46.551709" lon="11.862699"><ele>0</ele></trkpt>
      <trkpt lat="46.551737" lon="11.862656"><ele>0</ele></trkpt>
      <trkpt lat="46.551785" lon="11.862556"><ele>0</ele></trkpt>
      <trkpt lat="46.551814" lon="11.862469"><ele>0</ele></trkpt>
      <trkpt lat="46.551833" lon="11.862376"><ele>0</ele></trkpt>
      <trkpt lat="46.551851" lon="11.862256"><ele>0</ele></trkpt>
      <trkpt lat="46.551846" lon="11.862131"><ele>0</ele></trkpt>
      <trkpt lat="46.551831" lon="11.862008"><ele>0</ele></trkpt>
      <trkpt lat="46.551545" lon="11.860388"><ele>0</ele></trkpt>
      <trkpt lat="46.551496" lon="11.860119"><ele>0</ele></trkpt>
      <trkpt lat="46.551455" lon="11.859841"><ele>0</ele></trkpt>
      <trkpt lat="46.551384" lon="11.859422"><ele>0</ele></trkpt>
      <trkpt lat="46.551354" lon="11.859280"><ele>0</ele></trkpt>
      <trkpt lat="46.551303" lon="11.859137"><ele>0</ele></trkpt>
      <trkpt lat="46.551245" lon="11.859031"><ele>0</ele></trkpt>
      <trkpt lat="46.551083" lon="11.858774"><ele>0</ele></trkpt>
      <trkpt lat="46.551013" lon="11.858650"><ele>0</ele></trkpt>
      <trkpt lat="46.550959" lon="11.858534"><ele>0</ele></trkpt>
      <trkpt lat="46.550917" lon="11.858410"><ele>0</ele></trkpt>
      <trkpt lat="46.550878" lon="11.858253"><ele>0</ele></trkpt>
      <trkpt lat="46.550850" lon="11.858068"><ele>0</ele></trkpt>
      <trkpt lat="46.550841" lon="11.857903"><ele>0</ele></trkpt>
      <trkpt lat="46.550842" lon="11.857364"><ele>0</ele></trkpt>
      <trkpt lat="46.550843" lon="11.857148"><ele>0</ele></trkpt>
      <trkpt lat="46.550842" lon="11.857074"><ele>0</ele></trkpt>
      <trkpt lat="46.550843" lon="11.857019"><ele>0</ele></trkpt>
      <trkpt lat="46.550847" lon="11.856087"><ele>0</ele></trkpt>
      <trkpt lat="46.550848" lon="11.855842"><ele>0</ele></trkpt>
      <trkpt lat="46.550849" lon="11.855776"><ele>0</ele></trkpt>
      <trkpt lat="46.550857" lon="11.855677"><ele>0</ele></trkpt>
      <trkpt lat="46.550878" lon="11.855607"><ele>0</ele></trkpt>
      <trkpt lat="46.550913" lon="11.855537"><ele>0</ele></trkpt>
      <trkpt lat="46.550969" lon="11.855498"><ele>0</ele></trkpt>
      <trkpt lat="46.551026" lon="11.855489"><ele>0</ele></trkpt>
      <trkpt lat="46.551070" lon="11.855503"><ele>0</ele></trkpt>
      <trkpt lat="46.551115" lon="11.855546"><ele>0</ele></trkpt>
      <trkpt lat="46.551151" lon="11.855596"><ele>0</ele></trkpt>
      <trkpt lat="46.551185" lon="11.855702"><ele>0</ele></trkpt>
      <trkpt lat="46.551328" lon="11.856480"><ele>0</ele></trkpt>
      <trkpt lat="46.551356" lon="11.856600"><ele>0</ele></trkpt>
      <trkpt lat="46.551391" lon="11.856702"><ele>0</ele></trkpt>
      <trkpt lat="46.551443" lon="11.856808"><ele>0</ele></trkpt>
      <trkpt lat="46.551501" lon="11.856897"><ele>0</ele></trkpt>
      <trkpt lat="46.551565" lon="11.856967"><ele>0</ele></trkpt>
      <trkpt lat="46.551627" lon="11.857021"><ele>0</ele></trkpt>
      <trkpt lat="46.551723" lon="11.857080"><ele>0</ele></trkpt>
      <trkpt lat="46.551931" lon="11.857160"><ele>0</ele></trkpt>
      <trkpt lat="46.552186" lon="11.857243"><ele>0</ele></trkpt>
      <trkpt lat="46.552319" lon="11.857251"><ele>0</ele></trkpt>
      <trkpt lat="46.552409" lon="11.857229"><ele>0</ele></trkpt>
      <trkpt lat="46.552502" lon="11.857185"><ele>0</ele></trkpt>
      <trkpt lat="46.552538" lon="11.857157"><ele>0</ele></trkpt>
      <trkpt lat="46.552614" lon="11.857079"><ele>0</ele></trkpt>
      <trkpt lat="46.552690" lon="11.856974"><ele>0</ele></trkpt>
      <trkpt lat="46.552749" lon="11.856841"><ele>0</ele></trkpt>
      <trkpt lat="46.552782" lon="11.856715"><ele>0</ele></trkpt>
      <trkpt lat="46.552828" lon="11.856454"><ele>0</ele></trkpt>
      <trkpt lat="46.552851" lon="11.856297"><ele>0</ele></trkpt>
      <trkpt lat="46.552995" lon="11.855267"><ele>0</ele></trkpt>
      <trkpt lat="46.553023" lon="11.855047"><ele>0</ele></trkpt>
      <trkpt lat="46.553037" lon="11.854946"><ele>0</ele></trkpt>
      <trkpt lat="46.553115" lon="11.854359"><ele>0</ele></trkpt>
      <trkpt lat="46.553150" lon="11.854151"><ele>0</ele></trkpt>
      <trkpt lat="46.553179" lon="11.854017"><ele>0</ele></trkpt>
      <trkpt lat="46.553216" lon="11.853872"><ele>0</ele></trkpt>
      <trkpt lat="46.553244" lon="11.853774"><ele>0</ele></trkpt>
      <trkpt lat="46.553281" lon="11.853669"><ele>0</ele></trkpt>
      <trkpt lat="46.553308" lon="11.853597"><ele>0</ele></trkpt>
      <trkpt lat="46.553426" lon="11.853319"><ele>0</ele></trkpt>
      <trkpt lat="46.553463" lon="11.853224"><ele>0</ele></trkpt>
      <trkpt lat="46.553514" lon="11.853067"><ele>0</ele></trkpt>
      <trkpt lat="46.553562" lon="11.852896"><ele>0</ele></trkpt>
      <trkpt lat="46.553579" lon="11.852828"><ele>0</ele></trkpt>
      <trkpt lat="46.553601" lon="11.852729"><ele>0</ele></trkpt>
      <trkpt lat="46.553670" lon="11.852409"><ele>0</ele></trkpt>
      <trkpt lat="46.553675" lon="11.852385"><ele>0</ele></trkpt>
      <trkpt lat="46.553695" lon="11.852252"><ele>0</ele></trkpt>
      <trkpt lat="46.553708" lon="11.852134"><ele>0</ele></trkpt>
      <trkpt lat="46.553718" lon="11.852031"><ele>0</ele></trkpt>
      <trkpt lat="46.553722" lon="11.851903"><ele>0</ele></trkpt>
      <trkpt lat="46.553722" lon="11.851815"><ele>0</ele></trkpt>
      <trkpt lat="46.553718" lon="11.851722"><ele>0</ele></trkpt>
      <trkpt lat="46.553711" lon="11.851617"><ele>0</ele></trkpt>
      <trkpt lat="46.553687" lon="11.851428"><ele>0</ele></trkpt>
      <trkpt lat="46.553676" lon="11.851377"><ele>0</ele></trkpt>
      <trkpt lat="46.553663" lon="11.851320"><ele>0</ele></trkpt>
      <trkpt lat="46.553611" lon="11.851130"><ele>0</ele></trkpt>
      <trkpt lat="46.553516" lon="11.850869"><ele>0</ele></trkpt>
      <trkpt lat="46.553395" lon="11.850553"><ele>0</ele></trkpt>
      <trkpt lat="46.553286" lon="11.850261"><ele>0</ele></trkpt>
      <trkpt lat="46.553232" lon="11.850114"><ele>0</ele></trkpt>
      <trkpt lat="46.553117" lon="11.849802"><ele>0</ele></trkpt>
      <trkpt lat="46.553034" lon="11.849536"><ele>0</ele></trkpt>
      <trkpt lat="46.552990" lon="11.849339"><ele>0</ele></trkpt>
      <trkpt lat="46.552953" lon="11.849098"><ele>0</ele></trkpt>
      <trkpt lat="46.552940" lon="11.849010"><ele>0</ele></trkpt>
      <trkpt lat="46.552927" lon="11.848916"><ele>0</ele></trkpt>
      <trkpt lat="46.552906" lon="11.848777"><ele>0</ele></trkpt>
      <trkpt lat="46.552892" lon="11.848687"><ele>0</ele></trkpt>
      <trkpt lat="46.552788" lon="11.848027"><ele>0</ele></trkpt>
      <trkpt lat="46.552765" lon="11.847904"><ele>0</ele></trkpt>
      <trkpt lat="46.552738" lon="11.847788"><ele>0</ele></trkpt>
      <trkpt lat="46.552717" lon="11.847727"><ele>0</ele></trkpt>
      <trkpt lat="46.552672" lon="11.847616"><ele>0</ele></trkpt>
      <trkpt lat="46.552411" lon="11.847037"><ele>0</ele></trkpt>
      <trkpt lat="46.552337" lon="11.846874"><ele>0</ele></trkpt>
      <trkpt lat="46.552298" lon="11.846786"><ele>0</ele></trkpt>
      <trkpt lat="46.552219" lon="11.846614"><ele>0</ele></trkpt>
      <trkpt lat="46.552106" lon="11.846336"><ele>0</ele></trkpt>
      <trkpt lat="46.552088" lon="11.846296"><ele>0</ele></trkpt>
      <trkpt lat="46.552017" lon="11.846208"><ele>0</ele></trkpt>
      <trkpt lat="46.551906" lon="11.846147"><ele>0</ele></trkpt>
      <trkpt lat="46.551689" lon="11.846000"><ele>0</ele></trkpt>
      <trkpt lat="46.551543" lon="11.845903"><ele>0</ele></trkpt>
      <trkpt lat="46.551464" lon="11.845850"><ele>0</ele></trkpt>
      <trkpt lat="46.551217" lon="11.845682"><ele>0</ele></trkpt>
      <trkpt lat="46.551137" lon="11.845618"><ele>0</ele></trkpt>
      <trkpt lat="46.551093" lon="11.845574"><ele>0</ele></trkpt>
      <trkpt lat="46.550994" lon="11.845462"><ele>0</ele></trkpt>
      <trkpt lat="46.550906" lon="11.845359"><ele>0</ele></trkpt>
      <trkpt lat="46.550843" lon="11.845280"><ele>0</ele></trkpt>
      <trkpt lat="46.550796" lon="11.845229"><ele>0</ele></trkpt>
      <trkpt lat="46.550698" lon="11.845099"><ele>0</ele></trkpt>
      <trkpt lat="46.550625" lon="11.845012"><ele>0</ele></trkpt>
      <trkpt lat="46.550458" lon="11.844813"><ele>0</ele></trkpt>
      <trkpt lat="46.550342" lon="11.844646"><ele>0</ele></trkpt>
      <trkpt lat="46.550232" lon="11.844444"><ele>0</ele></trkpt>
      <trkpt lat="46.550020" lon="11.843942"><ele>0</ele></trkpt>
      <trkpt lat="46.549984" lon="11.843839"><ele>0</ele></trkpt>
      <trkpt lat="46.549967" lon="11.843723"><ele>0</ele></trkpt>
      <trkpt lat="46.549965" lon="11.843606"><ele>0</ele></trkpt>
      <trkpt lat="46.550023" lon="11.842805"><ele>0</ele></trkpt>
      <trkpt lat="46.550015" lon="11.842655"><ele>0</ele></trkpt>
      <trkpt lat="46.549987" lon="11.842505"><ele>0</ele></trkpt>
      <trkpt lat="46.549939" lon="11.842361"><ele>0</ele></trkpt>
      <trkpt lat="46.549875" lon="11.842254"><ele>0</ele></trkpt>
      <trkpt lat="46.549806" lon="11.842158"><ele>0</ele></trkpt>
      <trkpt lat="46.549688" lon="11.842023"><ele>0</ele></trkpt>
      <trkpt lat="46.549440" lon="11.841741"><ele>0</ele></trkpt>
      <trkpt lat="46.549166" lon="11.841324"><ele>0</ele></trkpt>
      <trkpt lat="46.549103" lon="11.841220"><ele>0</ele></trkpt>
      <trkpt lat="46.549055" lon="11.841107"><ele>0</ele></trkpt>
      <trkpt lat="46.548750" lon="11.840236"><ele>0</ele></trkpt>
      <trkpt lat="46.548718" lon="11.840123"><ele>0</ele></trkpt>
      <trkpt lat="46.548697" lon="11.840010"><ele>0</ele></trkpt>
      <trkpt lat="46.548690" lon="11.839873"><ele>0</ele></trkpt>
      <trkpt lat="46.548698" lon="11.839706"><ele>0</ele></trkpt>
      <trkpt lat="46.548748" lon="11.839069"><ele>0</ele></trkpt>
      <trkpt lat="46.548777" lon="11.838767"><ele>0</ele></trkpt>
      <trkpt lat="46.548798" lon="11.838612"><ele>0</ele></trkpt>
      <trkpt lat="46.548824" lon="11.838490"><ele>0</ele></trkpt>
      <trkpt lat="46.548848" lon="11.838363"><ele>0</ele></trkpt>
      <trkpt lat="46.548860" lon="11.838292"><ele>0</ele></trkpt>
      <trkpt lat="46.548865" lon="11.838165"><ele>0</ele></trkpt>
      <trkpt lat="46.548855" lon="11.837996"><ele>0</ele></trkpt>
      <trkpt lat="46.548852" lon="11.837875"><ele>0</ele></trkpt>
      <trkpt lat="46.548861" lon="11.837788"><ele>0</ele></trkpt>
      <trkpt lat="46.548886" lon="11.837717"><ele>0</ele></trkpt>
      <trkpt lat="46.548910" lon="11.837676"><ele>0</ele></trkpt>
      <trkpt lat="46.548942" lon="11.837644"><ele>0</ele></trkpt>
      <trkpt lat="46.548981" lon="11.837628"><ele>0</ele></trkpt>
      <trkpt lat="46.549025" lon="11.837628"><ele>0</ele></trkpt>
      <trkpt lat="46.549059" lon="11.837651"><ele>0</ele></trkpt>
      <trkpt lat="46.549083" lon="11.837681"><ele>0</ele></trkpt>
      <trkpt lat="46.549095" lon="11.837710"><ele>0</ele></trkpt>
      <trkpt lat="46.549107" lon="11.837765"><ele>0</ele></trkpt>
      <trkpt lat="46.549105" lon="11.837846"><ele>0</ele></trkpt>
      <trkpt lat="46.549066" lon="11.838019"><ele>0</ele></trkpt>
      <trkpt lat="46.549017" lon="11.838270"><ele>0</ele></trkpt>
      <trkpt lat="46.549001" lon="11.838443"><ele>0</ele></trkpt>
      <trkpt lat="46.548992" lon="11.838619"><ele>0</ele></trkpt>
      <trkpt lat="46.549001" lon="11.838788"><ele>0</ele></trkpt>
      <trkpt lat="46.549029" lon="11.838971"><ele>0</ele></trkpt>
      <trkpt lat="46.549064" lon="11.839117"><ele>0</ele></trkpt>
      <trkpt lat="46.549112" lon="11.839273"><ele>0</ele></trkpt>
      <trkpt lat="46.549221" lon="11.839570"><ele>0</ele></trkpt>
      <trkpt lat="46.549260" lon="11.839705"><ele>0</ele></trkpt>
      <trkpt lat="46.549278" lon="11.839783"><ele>0</ele></trkpt>
      <trkpt lat="46.549287" lon="11.839865"><ele>0</ele></trkpt>
      <trkpt lat="46.549294" lon="11.839962"><ele>0</ele></trkpt>
      <trkpt lat="46.549295" lon="11.840064"><ele>0</ele></trkpt>
      <trkpt lat="46.549298" lon="11.840119"><ele>0</ele></trkpt>
      <trkpt lat="46.549311" lon="11.840159"><ele>0</ele></trkpt>
      <trkpt lat="46.549333" lon="11.840186"><ele>0</ele></trkpt>
      <trkpt lat="46.549368" lon="11.840195"><ele>0</ele></trkpt>
      <trkpt lat="46.549403" lon="11.840192"><ele>0</ele></trkpt>
      <trkpt lat="46.549436" lon="11.840173"><ele>0</ele></trkpt>
      <trkpt lat="46.549466" lon="11.840125"><ele>0</ele></trkpt>
      <trkpt lat="46.549475" lon="11.840077"><ele>0</ele></trkpt>
      <trkpt lat="46.549477" lon="11.840027"><ele>0</ele></trkpt>
      <trkpt lat="46.549470" lon="11.839906"><ele>0</ele></trkpt>
      <trkpt lat="46.549441" lon="11.839620"><ele>0</ele></trkpt>
      <trkpt lat="46.549384" lon="11.839048"><ele>0</ele></trkpt>
      <trkpt lat="46.549362" lon="11.838762"><ele>0</ele></trkpt>
      <trkpt lat="46.549357" lon="11.838568"><ele>0</ele></trkpt>
      <trkpt lat="46.549375" lon="11.838343"><ele>0</ele></trkpt>
      <trkpt lat="46.549473" lon="11.837459"><ele>0</ele></trkpt>
      <trkpt lat="46.549618" lon="11.836562"><ele>0</ele></trkpt>
      <trkpt lat="46.549653" lon="11.836350"><ele>0</ele></trkpt>
      <trkpt lat="46.549663" lon="11.836235"><ele>0</ele></trkpt>
      <trkpt lat="46.549666" lon="11.836130"><ele>0</ele></trkpt>
      <trkpt lat="46.549661" lon="11.836019"><ele>0</ele></trkpt>
      <trkpt lat="46.549648" lon="11.835787"><ele>0</ele></trkpt>
      <trkpt lat="46.549653" lon="11.835683"><ele>0</ele></trkpt>
      <trkpt lat="46.549666" lon="11.835560"><ele>0</ele></trkpt>
      <trkpt lat="46.549690" lon="11.835418"><ele>0</ele></trkpt>
      <trkpt lat="46.549719" lon="11.835263"><ele>0</ele></trkpt>
      <trkpt lat="46.549740" lon="11.835141"><ele>0</ele></trkpt>
      <trkpt lat="46.549747" lon="11.835001"><ele>0</ele></trkpt>
      <trkpt lat="46.549744" lon="11.834891"><ele>0</ele></trkpt>
      <trkpt lat="46.549733" lon="11.834765"><ele>0</ele></trkpt>
      <trkpt lat="46.549700" lon="11.834515"><ele>0</ele></trkpt>
      <trkpt lat="46.549452" lon="11.832877"><ele>0</ele></trkpt>
      <trkpt lat="46.549431" lon="11.832783"><ele>0</ele></trkpt>
      <trkpt lat="46.549400" lon="11.832680"><ele>0</ele></trkpt>
      <trkpt lat="46.549361" lon="11.832564"><ele>0</ele></trkpt>
      <trkpt lat="46.549127" lon="11.831946"><ele>0</ele></trkpt>
      <trkpt lat="46.549062" lon="11.831733"><ele>0</ele></trkpt>
      <trkpt lat="46.549034" lon="11.831593"><ele>0</ele></trkpt>
      <trkpt lat="46.549010" lon="11.831445"><ele>0</ele></trkpt>
      <trkpt lat="46.548887" lon="11.830447"><ele>0</ele></trkpt>
      <trkpt lat="46.548891" lon="11.830369"><ele>0</ele></trkpt>
      <trkpt lat="46.548905" lon="11.830320"><ele>0</ele></trkpt>
      <trkpt lat="46.548945" lon="11.830294"><ele>0</ele></trkpt>
      <trkpt lat="46.548979" lon="11.830286"><ele>0</ele></trkpt>
      <trkpt lat="46.549013" lon="11.830297"><ele>0</ele></trkpt>
      <trkpt lat="46.549042" lon="11.830331"><ele>0</ele></trkpt>
      <trkpt lat="46.549070" lon="11.830380"><ele>0</ele></trkpt>
      <trkpt lat="46.549128" lon="11.830521"><ele>0</ele></trkpt>
      <trkpt lat="46.549153" lon="11.830584"><ele>0</ele></trkpt>
      <trkpt lat="46.549206" lon="11.830709"><ele>0</ele></trkpt>
      <trkpt lat="46.549269" lon="11.830843"><ele>0</ele></trkpt>
      <trkpt lat="46.549329" lon="11.830957"><ele>0</ele></trkpt>
      <trkpt lat="46.549509" lon="11.831263"><ele>0</ele></trkpt>
      <trkpt lat="46.549813" lon="11.831779"><ele>0</ele></trkpt>
      <trkpt lat="46.549896" lon="11.831920"><ele>0</ele></trkpt>
      <trkpt lat="46.550592" lon="11.833126"><ele>0</ele></trkpt>
      <trkpt lat="46.550755" lon="11.833424"><ele>0</ele></trkpt>
      <trkpt lat="46.550796" lon="11.833469"><ele>0</ele></trkpt>
      <trkpt lat="46.550839" lon="11.833484"><ele>0</ele></trkpt>
      <trkpt lat="46.550880" lon="11.833465"><ele>0</ele></trkpt>
      <trkpt lat="46.550911" lon="11.833425"><ele>0</ele></trkpt>
      <trkpt lat="46.550924" lon="11.833364"><ele>0</ele></trkpt>
      <trkpt lat="46.550919" lon="11.833308"><ele>0</ele></trkpt>
      <trkpt lat="46.550896" lon="11.833249"><ele>0</ele></trkpt>
      <trkpt lat="46.550675" lon="11.832845"><ele>0</ele></trkpt>
      <trkpt lat="46.550614" lon="11.832724"><ele>0</ele></trkpt>
      <trkpt lat="46.550572" lon="11.832597"><ele>0</ele></trkpt>
      <trkpt lat="46.550548" lon="11.832467"><ele>0</ele></trkpt>
      <trkpt lat="46.550436" lon="11.831575"><ele>0</ele></trkpt>
      <trkpt lat="46.550406" lon="11.831353"><ele>0</ele></trkpt>
      <trkpt lat="46.550361" lon="11.831085"><ele>0</ele></trkpt>
      <trkpt lat="46.549972" lon="11.829122"><ele>0</ele></trkpt>
      <trkpt lat="46.549929" lon="11.828839"><ele>0</ele></trkpt>
      <trkpt lat="46.549789" lon="11.827452"><ele>0</ele></trkpt>
      <trkpt lat="46.549766" lon="11.827281"><ele>0</ele></trkpt>
      <trkpt lat="46.549741" lon="11.827151"><ele>0</ele></trkpt>
      <trkpt lat="46.549702" lon="11.827027"><ele>0</ele></trkpt>
      <trkpt lat="46.549665" lon="11.826924"><ele>0</ele></trkpt>
      <trkpt lat="46.549615" lon="11.826799"><ele>0</ele></trkpt>
      <trkpt lat="46.549550" lon="11.826661"><ele>0</ele></trkpt>
      <trkpt lat="46.549483" lon="11.826518"><ele>0</ele></trkpt>
      <trkpt lat="46.549452" lon="11.826441"><ele>0</ele></trkpt>
      <trkpt lat="46.549430" lon="11.826380"><ele>0</ele></trkpt>
      <trkpt lat="46.549431" lon="11.826313"><ele>0</ele></trkpt>
      <trkpt lat="46.549450" lon="11.826271"><ele>0</ele></trkpt>
      <trkpt lat="46.549479" lon="11.826251"><ele>0</ele></trkpt>
      <trkpt lat="46.549521" lon="11.826242"><ele>0</ele></trkpt>
      <trkpt lat="46.549563" lon="11.826265"><ele>0</ele></trkpt>
      <trkpt lat="46.549602" lon="11.826318"><ele>0</ele></trkpt>
      <trkpt lat="46.549833" lon="11.826760"><ele>0</ele></trkpt>
      <trkpt lat="46.549911" lon="11.826966"><ele>0</ele></trkpt>
      <trkpt lat="46.550129" lon="11.827607"><ele>0</ele></trkpt>
      <trkpt lat="46.550272" lon="11.828038"><ele>0</ele></trkpt>
      <trkpt lat="46.550340" lon="11.828266"><ele>0</ele></trkpt>
      <trkpt lat="46.550397" lon="11.828492"><ele>0</ele></trkpt>
      <trkpt lat="46.550424" lon="11.828558"><ele>0</ele></trkpt>
      <trkpt lat="46.550460" lon="11.828584"><ele>0</ele></trkpt>
      <trkpt lat="46.550495" lon="11.828581"><ele>0</ele></trkpt>
      <trkpt lat="46.550521" lon="11.828559"><ele>0</ele></trkpt>
      <trkpt lat="46.550542" lon="11.828500"><ele>0</ele></trkpt>
      <trkpt lat="46.550550" lon="11.828429"><ele>0</ele></trkpt>
      <trkpt lat="46.550529" lon="11.828316"><ele>0</ele></trkpt>
      <trkpt lat="46.550155" lon="11.826550"><ele>0</ele></trkpt>
      <trkpt lat="46.549768" lon="11.824848"><ele>0</ele></trkpt>
      <trkpt lat="46.549742" lon="11.824749"><ele>0</ele></trkpt>
      <trkpt lat="46.549717" lon="11.824688"><ele>0</ele></trkpt>
      <trkpt lat="46.549687" lon="11.824635"><ele>0</ele></trkpt>
      <trkpt lat="46.549650" lon="11.824587"><ele>0</ele></trkpt>
      <trkpt lat="46.549609" lon="11.824562"><ele>0</ele></trkpt>
      <trkpt lat="46.549561" lon="11.824537"><ele>0</ele></trkpt>
      <trkpt lat="46.549496" lon="11.824526"><ele>0</ele></trkpt>
      <trkpt lat="46.549403" lon="11.824542"><ele>0</ele></trkpt>
      <trkpt lat="46.549111" lon="11.824574"><ele>0</ele></trkpt>
      <trkpt lat="46.549062" lon="11.824572"><ele>0</ele></trkpt>
      <trkpt lat="46.549012" lon="11.824561"><ele>0</ele></trkpt>
      <trkpt lat="46.548969" lon="11.824543"><ele>0</ele></trkpt>
      <trkpt lat="46.548925" lon="11.824515"><ele>0</ele></trkpt>
      <trkpt lat="46.548879" lon="11.824471"><ele>0</ele></trkpt>
      <trkpt lat="46.548852" lon="11.824434"><ele>0</ele></trkpt>
      <trkpt lat="46.548828" lon="11.824398"><ele>0</ele></trkpt>
      <trkpt lat="46.548774" lon="11.824291"><ele>0</ele></trkpt>
      <trkpt lat="46.548745" lon="11.824238"><ele>0</ele></trkpt>
      <trkpt lat="46.548713" lon="11.824193"><ele>0</ele></trkpt>
      <trkpt lat="46.548676" lon="11.824156"><ele>0</ele></trkpt>
      <trkpt lat="46.548640" lon="11.824124"><ele>0</ele></trkpt>
      <trkpt lat="46.548603" lon="11.824094"><ele>0</ele></trkpt>
      <trkpt lat="46.548566" lon="11.824072"><ele>0</ele></trkpt>
      <trkpt lat="46.548532" lon="11.824049"><ele>0</ele></trkpt>
      <trkpt lat="46.548493" lon="11.824037"><ele>0</ele></trkpt>
      <trkpt lat="46.548451" lon="11.824020"><ele>0</ele></trkpt>
      <trkpt lat="46.548378" lon="11.824013"><ele>0</ele></trkpt>
      <trkpt lat="46.548334" lon="11.824006"><ele>0</ele></trkpt>
      <trkpt lat="46.548302" lon="11.824002"><ele>0</ele></trkpt>
      <trkpt lat="46.548259" lon="11.823993"><ele>0</ele></trkpt>
      <trkpt lat="46.548222" lon="11.823975"><ele>0</ele></trkpt>
      <trkpt lat="46.548199" lon="11.823934"><ele>0</ele></trkpt>
      <trkpt lat="46.548187" lon="11.823872"><ele>0</ele></trkpt>
      <trkpt lat="46.548186" lon="11.823812"><ele>0</ele></trkpt>
      <trkpt lat="46.548215" lon="11.823755"><ele>0</ele></trkpt>
      <trkpt lat="46.548257" lon="11.823717"><ele>0</ele></trkpt>
      <trkpt lat="46.548358" lon="11.823643"><ele>0</ele></trkpt>
      <trkpt lat="46.548527" lon="11.823545"><ele>0</ele></trkpt>
      <trkpt lat="46.548585" lon="11.823519"><ele>0</ele></trkpt>
      <trkpt lat="46.548645" lon="11.823501"><ele>0</ele></trkpt>
      <trkpt lat="46.548697" lon="11.823504"><ele>0</ele></trkpt>
      <trkpt lat="46.548770" lon="11.823528"><ele>0</ele></trkpt>
      <trkpt lat="46.548833" lon="11.823558"><ele>0</ele></trkpt>
      <trkpt lat="46.548893" lon="11.823589"><ele>0</ele></trkpt>
      <trkpt lat="46.548949" lon="11.823629"><ele>0</ele></trkpt>
      <trkpt lat="46.548997" lon="11.823671"><ele>0</ele></trkpt>
      <trkpt lat="46.549039" lon="11.823721"><ele>0</ele></trkpt>
      <trkpt lat="46.549103" lon="11.823793"><ele>0</ele></trkpt>
      <trkpt lat="46.549170" lon="11.823870"><ele>0</ele></trkpt>
      <trkpt lat="46.549219" lon="11.823895"><ele>0</ele></trkpt>
      <trkpt lat="46.549261" lon="11.823895"><ele>0</ele></trkpt>
      <trkpt lat="46.549288" lon="11.823882"><ele>0</ele></trkpt>
      <trkpt lat="46.549301" lon="11.823847"><ele>0</ele></trkpt>
      <trkpt lat="46.549304" lon="11.823799"><ele>0</ele></trkpt>
      <trkpt lat="46.549292" lon="11.823752"><ele>0</ele></trkpt>
      <trkpt lat="46.549273" lon="11.823705"><ele>0</ele></trkpt>
      <trkpt lat="46.549240" lon="11.823626"><ele>0</ele></trkpt>
      <trkpt lat="46.549090" lon="11.823340"><ele>0</ele></trkpt>
      <trkpt lat="46.549041" lon="11.823248"><ele>0</ele></trkpt>
      <trkpt lat="46.548983" lon="11.823175"><ele>0</ele></trkpt>
      <trkpt lat="46.548933" lon="11.823119"><ele>0</ele></trkpt>
      <trkpt lat="46.548885" lon="11.823087"><ele>0</ele></trkpt>
      <trkpt lat="46.548838" lon="11.823066"><ele>0</ele></trkpt>
      <trkpt lat="46.548795" lon="11.823060"><ele>0</ele></trkpt>
      <trkpt lat="46.548718" lon="11.823064"><ele>0</ele></trkpt>
      <trkpt lat="46.548634" lon="11.823079"><ele>0</ele></trkpt>
      <trkpt lat="46.548570" lon="11.823086"><ele>0</ele></trkpt>
      <trkpt lat="46.548515" lon="11.823078"><ele>0</ele></trkpt>
      <trkpt lat="46.548472" lon="11.823070"><ele>0</ele></trkpt>
      <trkpt lat="46.548426" lon="11.823044"><ele>0</ele></trkpt>
      <trkpt lat="46.548380" lon="11.822998"><ele>0</ele></trkpt>
      <trkpt lat="46.548329" lon="11.822924"><ele>0</ele></trkpt>
      <trkpt lat="46.548283" lon="11.822842"><ele>0</ele></trkpt>
      <trkpt lat="46.548238" lon="11.822779"><ele>0</ele></trkpt>
      <trkpt lat="46.548190" lon="11.822742"><ele>0</ele></trkpt>
      <trkpt lat="46.548141" lon="11.822735"><ele>0</ele></trkpt>
      <trkpt lat="46.548093" lon="11.822748"><ele>0</ele></trkpt>
      <trkpt lat="46.547986" lon="11.822814"><ele>0</ele></trkpt>
      <trkpt lat="46.547891" lon="11.822876"><ele>0</ele></trkpt>
      <trkpt lat="46.547839" lon="11.822904"><ele>0</ele></trkpt>
      <trkpt lat="46.547793" lon="11.822919"><ele>0</ele></trkpt>
      <trkpt lat="46.547762" lon="11.822920"><ele>0</ele></trkpt>
      <trkpt lat="46.547742" lon="11.822912"><ele>0</ele></trkpt>
      <trkpt lat="46.547729" lon="11.822901"><ele>0</ele></trkpt>
      <trkpt lat="46.547717" lon="11.822877"><ele>0</ele></trkpt>
      <trkpt lat="46.547710" lon="11.822851"><ele>0</ele></trkpt>
      <trkpt lat="46.547710" lon="11.822824"><ele>0</ele></trkpt>
      <trkpt lat="46.547717" lon="11.822797"><ele>0</ele></trkpt>
      <trkpt lat="46.547728" lon="11.822758"><ele>0</ele></trkpt>
      <trkpt lat="46.547775" lon="11.822678"><ele>0</ele></trkpt>
      <trkpt lat="46.547849" lon="11.822574"><ele>0</ele></trkpt>
      <trkpt lat="46.547942" lon="11.822445"><ele>0</ele></trkpt>
      <trkpt lat="46.548036" lon="11.822312"><ele>0</ele></trkpt>
      <trkpt lat="46.548080" lon="11.822255"><ele>0</ele></trkpt>
      <trkpt lat="46.548127" lon="11.822223"><ele>0</ele></trkpt>
      <trkpt lat="46.548175" lon="11.822211"><ele>0</ele></trkpt>
      <trkpt lat="46.548238" lon="11.822209"><ele>0</ele></trkpt>
      <trkpt lat="46.548311" lon="11.822227"><ele>0</ele></trkpt>
      <trkpt lat="46.548476" lon="11.822275"><ele>0</ele></trkpt>
      <trkpt lat="46.548683" lon="11.822320"><ele>0</ele></trkpt>
      <trkpt lat="46.548772" lon="11.822324"><ele>0</ele></trkpt>
      <trkpt lat="46.548833" lon="11.822315"><ele>0</ele></trkpt>
      <trkpt lat="46.548873" lon="11.822293"><ele>0</ele></trkpt>
      <trkpt lat="46.548893" lon="11.822263"><ele>0</ele></trkpt>
      <trkpt lat="46.548905" lon="11.822227"><ele>0</ele></trkpt>
      <trkpt lat="46.548908" lon="11.822188"><ele>0</ele></trkpt>
      <trkpt lat="46.548905" lon="11.822133"><ele>0</ele></trkpt>
      <trkpt lat="46.548892" lon="11.822098"><ele>0</ele></trkpt>
      <trkpt lat="46.548864" lon="11.822044"><ele>0</ele></trkpt>
      <trkpt lat="46.548818" lon="11.821989"><ele>0</ele></trkpt>
      <trkpt lat="46.548720" lon="11.821879"><ele>0</ele></trkpt>
      <trkpt lat="46.548621" lon="11.821779"><ele>0</ele></trkpt>
      <trkpt lat="46.548520" lon="11.821719"><ele>0</ele></trkpt>
      <trkpt lat="46.548360" lon="11.821672"><ele>0</ele></trkpt>
      <trkpt lat="46.548212" lon="11.821646"><ele>0</ele></trkpt>
      <trkpt lat="46.548114" lon="11.821625"><ele>0</ele></trkpt>
      <trkpt lat="46.548026" lon="11.821610"><ele>0</ele></trkpt>
      <trkpt lat="46.547944" lon="11.821600"><ele>0</ele></trkpt>
      <trkpt lat="46.547848" lon="11.821587"><ele>0</ele></trkpt>
      <trkpt lat="46.547755" lon="11.821577"><ele>0</ele></trkpt>
      <trkpt lat="46.547665" lon="11.821564"><ele>0</ele></trkpt>
      <trkpt lat="46.547620" lon="11.821548"><ele>0</ele></trkpt>
      <trkpt lat="46.547585" lon="11.821519"><ele>0</ele></trkpt>
      <trkpt lat="46.547561" lon="11.821473"><ele>0</ele></trkpt>
      <trkpt lat="46.547543" lon="11.821410"><ele>0</ele></trkpt>
      <trkpt lat="46.547543" lon="11.821345"><ele>0</ele></trkpt>
      <trkpt lat="46.547557" lon="11.821293"><ele>0</ele></trkpt>
      <trkpt lat="46.547572" lon="11.821249"><ele>0</ele></trkpt>
      <trkpt lat="46.547602" lon="11.821214"><ele>0</ele></trkpt>
      <trkpt lat="46.547642" lon="11.821194"><ele>0</ele></trkpt>
      <trkpt lat="46.547702" lon="11.821176"><ele>0</ele></trkpt>
      <trkpt lat="46.547780" lon="11.821151"><ele>0</ele></trkpt>
      <trkpt lat="46.547892" lon="11.821088"><ele>0</ele></trkpt>
      <trkpt lat="46.547984" lon="11.821006"><ele>0</ele></trkpt>
      <trkpt lat="46.548109" lon="11.820908"><ele>0</ele></trkpt>
      <trkpt lat="46.548192" lon="11.820844"><ele>0</ele></trkpt>
      <trkpt lat="46.548217" lon="11.820825"><ele>0</ele></trkpt>
      <trkpt lat="46.548265" lon="11.820790"><ele>0</ele></trkpt>
      <trkpt lat="46.548312" lon="11.820761"><ele>0</ele></trkpt>
      <trkpt lat="46.548356" lon="11.820746"><ele>0</ele></trkpt>
      <trkpt lat="46.548409" lon="11.820739"><ele>0</ele></trkpt>
      <trkpt lat="46.548463" lon="11.820743"><ele>0</ele></trkpt>
      <trkpt lat="46.548501" lon="11.820758"><ele>0</ele></trkpt>
      <trkpt lat="46.548572" lon="11.820806"><ele>0</ele></trkpt>
      <trkpt lat="46.548695" lon="11.820904"><ele>0</ele></trkpt>
      <trkpt lat="46.548845" lon="11.821002"><ele>0</ele></trkpt>
      <trkpt lat="46.548947" lon="11.821055"><ele>0</ele></trkpt>
      <trkpt lat="46.549009" lon="11.821068"><ele>0</ele></trkpt>
      <trkpt lat="46.549074" lon="11.821068"><ele>0</ele></trkpt>
      <trkpt lat="46.549135" lon="11.821055"><ele>0</ele></trkpt>
      <trkpt lat="46.549195" lon="11.821031"><ele>0</ele></trkpt>
      <trkpt lat="46.549234" lon="11.821001"><ele>0</ele></trkpt>
      <trkpt lat="46.549258" lon="11.820960"><ele>0</ele></trkpt>
      <trkpt lat="46.549276" lon="11.820914"><ele>0</ele></trkpt>
      <trkpt lat="46.549286" lon="11.820866"><ele>0</ele></trkpt>
      <trkpt lat="46.549289" lon="11.820825"><ele>0</ele></trkpt>
      <trkpt lat="46.549283" lon="11.820781"><ele>0</ele></trkpt>
      <trkpt lat="46.549268" lon="11.820737"><ele>0</ele></trkpt>
      <trkpt lat="46.549241" lon="11.820694"><ele>0</ele></trkpt>
      <trkpt lat="46.549203" lon="11.820660"><ele>0</ele></trkpt>
      <trkpt lat="46.549159" lon="11.820626"><ele>0</ele></trkpt>
      <trkpt lat="46.549126" lon="11.820589"><ele>0</ele></trkpt>
      <trkpt lat="46.549088" lon="11.820518"><ele>0</ele></trkpt>
      <trkpt lat="46.549063" lon="11.820423"><ele>0</ele></trkpt>
      <trkpt lat="46.549061" lon="11.820326"><ele>0</ele></trkpt>
      <trkpt lat="46.549072" lon="11.820226"><ele>0</ele></trkpt>
      <trkpt lat="46.549120" lon="11.820021"><ele>0</ele></trkpt>
      <trkpt lat="46.549134" lon="11.819925"><ele>0</ele></trkpt>
      <trkpt lat="46.549134" lon="11.819829"><ele>0</ele></trkpt>
      <trkpt lat="46.549123" lon="11.819764"><ele>0</ele></trkpt>
      <trkpt lat="46.549098" lon="11.819707"><ele>0</ele></trkpt>
      <trkpt lat="46.549067" lon="11.819665"><ele>0</ele></trkpt>
      <trkpt lat="46.548951" lon="11.819495"><ele>0</ele></trkpt>
      <trkpt lat="46.548893" lon="11.819383"><ele>0</ele></trkpt>
      <trkpt lat="46.548859" lon="11.819289"><ele>0</ele></trkpt>
      <trkpt lat="46.548830" lon="11.819185"><ele>0</ele></trkpt>
      <trkpt lat="46.548807" lon="11.819085"><ele>0</ele></trkpt>
      <trkpt lat="46.548792" lon="11.818967"><ele>0</ele></trkpt>
      <trkpt lat="46.548790" lon="11.818859"><ele>0</ele></trkpt>
      <trkpt lat="46.548794" lon="11.818755"><ele>0</ele></trkpt>
      <trkpt lat="46.548809" lon="11.818638"><ele>0</ele></trkpt>
      <trkpt lat="46.548826" lon="11.818540"><ele>0</ele></trkpt>
      <trkpt lat="46.548848" lon="11.818440"><ele>0</ele></trkpt>
      <trkpt lat="46.548900" lon="11.818229"><ele>0</ele></trkpt>
      <trkpt lat="46.548937" lon="11.818082"><ele>0</ele></trkpt>
      <trkpt lat="46.548948" lon="11.817996"><ele>0</ele></trkpt>
      <trkpt lat="46.548942" lon="11.817926"><ele>0</ele></trkpt>
      <trkpt lat="46.548927" lon="11.817843"><ele>0</ele></trkpt>
      <trkpt lat="46.548892" lon="11.817764"><ele>0</ele></trkpt>
      <trkpt lat="46.548789" lon="11.817544"><ele>0</ele></trkpt>
      <trkpt lat="46.548750" lon="11.817410"><ele>0</ele></trkpt>
      <trkpt lat="46.548737" lon="11.817290"><ele>0</ele></trkpt>
      <trkpt lat="46.548747" lon="11.817167"><ele>0</ele></trkpt>
      <trkpt lat="46.548764" lon="11.817042"><ele>0</ele></trkpt>
      <trkpt lat="46.548786" lon="11.816912"><ele>0</ele></trkpt>
      <trkpt lat="46.548803" lon="11.816798"><ele>0</ele></trkpt>
      <trkpt lat="46.548805" lon="11.816698"><ele>0</ele></trkpt>
      <trkpt lat="46.548808" lon="11.816559"><ele>0</ele></trkpt>
      <trkpt lat="46.548798" lon="11.816402"><ele>0</ele></trkpt>
      <trkpt lat="46.548792" lon="11.816293"><ele>0</ele></trkpt>
      <trkpt lat="46.548800" lon="11.816227"><ele>0</ele></trkpt>
      <trkpt lat="46.548822" lon="11.816163"><ele>0</ele></trkpt>
      <trkpt lat="46.548852" lon="11.816132"><ele>0</ele></trkpt>
      <trkpt lat="46.548889" lon="11.816122"><ele>0</ele></trkpt>
      <trkpt lat="46.548916" lon="11.816127"><ele>0</ele></trkpt>
      <trkpt lat="46.548955" lon="11.816154"><ele>0</ele></trkpt>
      <trkpt lat="46.548996" lon="11.816216"><ele>0</ele></trkpt>
      <trkpt lat="46.549061" lon="11.816403"><ele>0</ele></trkpt>
      <trkpt lat="46.549117" lon="11.816577"><ele>0</ele></trkpt>
      <trkpt lat="46.549199" lon="11.816755"><ele>0</ele></trkpt>
      <trkpt lat="46.549259" lon="11.816883"><ele>0</ele></trkpt>
      <trkpt lat="46.549305" lon="11.817001"><ele>0</ele></trkpt>
      <trkpt lat="46.549339" lon="11.817124"><ele>0</ele></trkpt>
      <trkpt lat="46.549366" lon="11.817223"><ele>0</ele></trkpt>
      <trkpt lat="46.549384" lon="11.817323"><ele>0</ele></trkpt>
      <trkpt lat="46.549403" lon="11.817423"><ele>0</ele></trkpt>
      <trkpt lat="46.549420" lon="11.817486"><ele>0</ele></trkpt>
      <trkpt lat="46.549444" lon="11.817527"><ele>0</ele></trkpt>
      <trkpt lat="46.549463" lon="11.817544"><ele>0</ele></trkpt>
      <trkpt lat="46.549492" lon="11.817552"><ele>0</ele></trkpt>
      <trkpt lat="46.549528" lon="11.817546"><ele>0</ele></trkpt>
      <trkpt lat="46.549553" lon="11.817526"><ele>0</ele></trkpt>
      <trkpt lat="46.549570" lon="11.817496"><ele>0</ele></trkpt>
      <trkpt lat="46.549579" lon="11.817464"><ele>0</ele></trkpt>
      <trkpt lat="46.549580" lon="11.817415"><ele>0</ele></trkpt>
      <trkpt lat="46.549571" lon="11.817352"><ele>0</ele></trkpt>
      <trkpt lat="46.549526" lon="11.817172"><ele>0</ele></trkpt>
      <trkpt lat="46.549490" lon="11.817051"><ele>0</ele></trkpt>
      <trkpt lat="46.549454" lon="11.816873"><ele>0</ele></trkpt>
      <trkpt lat="46.549428" lon="11.816701"><ele>0</ele></trkpt>
      <trkpt lat="46.549419" lon="11.816562"><ele>0</ele></trkpt>
      <trkpt lat="46.549416" lon="11.816411"><ele>0</ele></trkpt>
      <trkpt lat="46.549422" lon="11.816286"><ele>0</ele></trkpt>
      <trkpt lat="46.549433" lon="11.816177"><ele>0</ele></trkpt>
      <trkpt lat="46.549456" lon="11.816050"><ele>0</ele></trkpt>
      <trkpt lat="46.549487" lon="11.815927"><ele>0</ele></trkpt>
      <trkpt lat="46.549571" lon="11.815574"><ele>0</ele></trkpt>
      <trkpt lat="46.549724" lon="11.815039"><ele>0</ele></trkpt>
      <trkpt lat="46.549747" lon="11.814933"><ele>0</ele></trkpt>
      <trkpt lat="46.549755" lon="11.814815"><ele>0</ele></trkpt>
      <trkpt lat="46.549747" lon="11.814700"><ele>0</ele></trkpt>
      <trkpt lat="46.549731" lon="11.814597"><ele>0</ele></trkpt>
      <trkpt lat="46.549708" lon="11.814506"><ele>0</ele></trkpt>
      <trkpt lat="46.549678" lon="11.814429"><ele>0</ele></trkpt>
      <trkpt lat="46.549634" lon="11.814344"><ele>0</ele></trkpt>
      <trkpt lat="46.549580" lon="11.814255"><ele>0</ele></trkpt>
      <trkpt lat="46.549526" lon="11.814178"><ele>0</ele></trkpt>
      <trkpt lat="46.549493" lon="11.814149"><ele>0</ele></trkpt>
      <trkpt lat="46.549455" lon="11.814116"><ele>0</ele></trkpt>
      <trkpt lat="46.549375" lon="11.814073"><ele>0</ele></trkpt>
      <trkpt lat="46.549299" lon="11.814058"><ele>0</ele></trkpt>
      <trkpt lat="46.549196" lon="11.814062"><ele>0</ele></trkpt>
      <trkpt lat="46.549154" lon="11.814059"><ele>0</ele></trkpt>
      <trkpt lat="46.549116" lon="11.814027"><ele>0</ele></trkpt>
      <trkpt lat="46.549092" lon="11.813975"><ele>0</ele></trkpt>
      <trkpt lat="46.549099" lon="11.813916"><ele>0</ele></trkpt>
      <trkpt lat="46.549126" lon="11.813865"><ele>0</ele></trkpt>
      <trkpt lat="46.549190" lon="11.813843"><ele>0</ele></trkpt>
      <trkpt lat="46.549312" lon="11.813808"><ele>0</ele></trkpt>
      <trkpt lat="46.549494" lon="11.813763"><ele>0</ele></trkpt>
      <trkpt lat="46.549551" lon="11.813752"><ele>0</ele></trkpt>
      <trkpt lat="46.549608" lon="11.813709"><ele>0</ele></trkpt>
      <trkpt lat="46.549681" lon="11.813642"><ele>0</ele></trkpt>
      <trkpt lat="46.549741" lon="11.813585"><ele>0</ele></trkpt>
      <trkpt lat="46.549796" lon="11.813519"><ele>0</ele></trkpt>
      <trkpt lat="46.549853" lon="11.813494"><ele>0</ele></trkpt>
      <trkpt lat="46.549919" lon="11.813479"><ele>0</ele></trkpt>
      <trkpt lat="46.549980" lon="11.813500"><ele>0</ele></trkpt>
      <trkpt lat="46.550025" lon="11.813533"><ele>0</ele></trkpt>
      <trkpt lat="46.550062" lon="11.813599"><ele>0</ele></trkpt>
      <trkpt lat="46.550096" lon="11.813679"><ele>0</ele></trkpt>
      <trkpt lat="46.550142" lon="11.813848"><ele>0</ele></trkpt>
      <trkpt lat="46.550195" lon="11.814088"><ele>0</ele></trkpt>
      <trkpt lat="46.550214" lon="11.814212"><ele>0</ele></trkpt>
      <trkpt lat="46.550232" lon="11.814335"><ele>0</ele></trkpt>
      <trkpt lat="46.550271" lon="11.814448"><ele>0</ele></trkpt>
      <trkpt lat="46.550307" lon="11.814564"><ele>0</ele></trkpt>
      <trkpt lat="46.550335" lon="11.814660"><ele>0</ele></trkpt>
      <trkpt lat="46.550345" lon="11.814742"><ele>0</ele></trkpt>
      <trkpt lat="46.550350" lon="11.814856"><ele>0</ele></trkpt>
      <trkpt lat="46.550351" lon="11.814941"><ele>0</ele></trkpt>
      <trkpt lat="46.550360" lon="11.815020"><ele>0</ele></trkpt>
      <trkpt lat="46.550388" lon="11.815083"><ele>0</ele></trkpt>
      <trkpt lat="46.550457" lon="11.815151"><ele>0</ele></trkpt>
      <trkpt lat="46.550528" lon="11.815222"><ele>0</ele></trkpt>
      <trkpt lat="46.550605" lon="11.815281"><ele>0</ele></trkpt>
      <trkpt lat="46.550661" lon="11.815334"><ele>0</ele></trkpt>
      <trkpt lat="46.550704" lon="11.815396"><ele>0</ele></trkpt>
      <trkpt lat="46.550734" lon="11.815456"><ele>0</ele></trkpt>
      <trkpt lat="46.550754" lon="11.815534"><ele>0</ele></trkpt>
      <trkpt lat="46.550765" lon="11.815616"><ele>0</ele></trkpt>
      <trkpt lat="46.550771" lon="11.815704"><ele>0</ele></trkpt>
      <trkpt lat="46.550774" lon="11.815776"><ele>0</ele></trkpt>
      <trkpt lat="46.550796" lon="11.815849"><ele>0</ele></trkpt>
      <trkpt lat="46.550833" lon="11.815893"><ele>0</ele></trkpt>
      <trkpt lat="46.550891" lon="11.815920"><ele>0</ele></trkpt>
      <trkpt lat="46.550946" lon="11.815899"><ele>0</ele></trkpt>
      <trkpt lat="46.550980" lon="11.815861"><ele>0</ele></trkpt>
      <trkpt lat="46.551002" lon="11.815759"><ele>0</ele></trkpt>
      <trkpt lat="46.551007" lon="11.815656"><ele>0</ele></trkpt>
      <trkpt lat="46.550998" lon="11.815530"><ele>0</ele></trkpt>
      <trkpt lat="46.550964" lon="11.815441"><ele>0</ele></trkpt>
      <trkpt lat="46.550911" lon="11.815371"><ele>0</ele></trkpt>
      <trkpt lat="46.550808" lon="11.815247"><ele>0</ele></trkpt>
      <trkpt lat="46.550761" lon="11.815192"><ele>0</ele></trkpt>
      <trkpt lat="46.550722" lon="11.815113"><ele>0</ele></trkpt>
      <trkpt lat="46.550693" lon="11.814995"><ele>0</ele></trkpt>
      <trkpt lat="46.550670" lon="11.814818"><ele>0</ele></trkpt>
      <trkpt lat="46.550653" lon="11.814677"><ele>0</ele></trkpt>
      <trkpt lat="46.550649" lon="11.814556"><ele>0</ele></trkpt>
      <trkpt lat="46.550668" lon="11.814419"><ele>0</ele></trkpt>
      <trkpt lat="46.550694" lon="11.814323"><ele>0</ele></trkpt>
      <trkpt lat="46.550797" lon="11.813993"><ele>0</ele></trkpt>
      <trkpt lat="46.550842" lon="11.813859"><ele>0</ele></trkpt>
      <trkpt lat="46.550857" lon="11.813768"><ele>0</ele></trkpt>
      <trkpt lat="46.550859" lon="11.813680"><ele>0</ele></trkpt>
      <trkpt lat="46.550839" lon="11.813552"><ele>0</ele></trkpt>
      <trkpt lat="46.550805" lon="11.813382"><ele>0</ele></trkpt>
      <trkpt lat="46.550790" lon="11.813216"><ele>0</ele></trkpt>
      <trkpt lat="46.550780" lon="11.812964"><ele>0</ele></trkpt>
      <trkpt lat="46.550777" lon="11.812819"><ele>0</ele></trkpt>
      <trkpt lat="46.550784" lon="11.812693"><ele>0</ele></trkpt>
      <trkpt lat="46.550796" lon="11.812615"><ele>0</ele></trkpt>
      <trkpt lat="46.550832" lon="11.812505"><ele>0</ele></trkpt>
      <trkpt lat="46.550883" lon="11.812415"><ele>0</ele></trkpt>
      <trkpt lat="46.550941" lon="11.812343"><ele>0</ele></trkpt>
      <trkpt lat="46.551010" lon="11.812315"><ele>0</ele></trkpt>
      <trkpt lat="46.551078" lon="11.812318"><ele>0</ele></trkpt>
      <trkpt lat="46.551122" lon="11.812338"><ele>0</ele></trkpt>
      <trkpt lat="46.551164" lon="11.812377"><ele>0</ele></trkpt>
      <trkpt lat="46.551221" lon="11.812454"><ele>0</ele></trkpt>
      <trkpt lat="46.551272" lon="11.812533"><ele>0</ele></trkpt>
      <trkpt lat="46.551301" lon="11.812570"><ele>0</ele></trkpt>
      <trkpt lat="46.551345" lon="11.812619"><ele>0</ele></trkpt>
      <trkpt lat="46.551408" lon="11.812663"><ele>0</ele></trkpt>
      <trkpt lat="46.551452" lon="11.812682"><ele>0</ele></trkpt>
      <trkpt lat="46.551500" lon="11.812695"><ele>0</ele></trkpt>
      <trkpt lat="46.551549" lon="11.812689"><ele>0</ele></trkpt>
      <trkpt lat="46.551596" lon="11.812667"><ele>0</ele></trkpt>
      <trkpt lat="46.551642" lon="11.812636"><ele>0</ele></trkpt>
      <trkpt lat="46.551668" lon="11.812604"><ele>0</ele></trkpt>
      <trkpt lat="46.551695" lon="11.812567"><ele>0</ele></trkpt>
      <trkpt lat="46.551721" lon="11.812496"><ele>0</ele></trkpt>
      <trkpt lat="46.551728" lon="11.812462"><ele>0</ele></trkpt>
      <trkpt lat="46.551729" lon="11.812402"><ele>0</ele></trkpt>
      <trkpt lat="46.551721" lon="11.812302"><ele>0</ele></trkpt>
      <trkpt lat="46.551715" lon="11.812198"><ele>0</ele></trkpt>
      <trkpt lat="46.551709" lon="11.812107"><ele>0</ele></trkpt>
      <trkpt lat="46.551704" lon="11.812003"><ele>0</ele></trkpt>
      <trkpt lat="46.551701" lon="11.811836"><ele>0</ele></trkpt>
      <trkpt lat="46.551702" lon="11.811656"><ele>0</ele></trkpt>
      <trkpt lat="46.551707" lon="11.811578"><ele>0</ele></trkpt>
      <trkpt lat="46.551717" lon="11.811480"><ele>0</ele></trkpt>
      <trkpt lat="46.551734" lon="11.811355"><ele>0</ele></trkpt>
      <trkpt lat="46.551753" lon="11.811248"><ele>0</ele></trkpt>
      <trkpt lat="46.551763" lon="11.811140"><ele>0</ele></trkpt>
      <trkpt lat="46.551765" lon="11.811096"><ele>0</ele></trkpt>
      <trkpt lat="46.551762" lon="11.811050"><ele>0</ele></trkpt>
      <trkpt lat="46.551749" lon="11.811003"><ele>0</ele></trkpt>
      <trkpt lat="46.551723" lon="11.810954"><ele>0</ele></trkpt>
      <trkpt lat="46.551691" lon="11.810899"><ele>0</ele></trkpt>
      <trkpt lat="46.551653" lon="11.810858"><ele>0</ele></trkpt>
      <trkpt lat="46.551602" lon="11.810815"><ele>0</ele></trkpt>
      <trkpt lat="46.551541" lon="11.810766"><ele>0</ele></trkpt>
      <trkpt lat="46.551494" lon="11.810747"><ele>0</ele></trkpt>
      <trkpt lat="46.551424" lon="11.810735"><ele>0</ele></trkpt>
      <trkpt lat="46.551343" lon="11.810734"><ele>0</ele></trkpt>
      <trkpt lat="46.551286" lon="11.810725"><ele>0</ele></trkpt>
      <trkpt lat="46.551235" lon="11.810703"><ele>0</ele></trkpt>
      <trkpt lat="46.551189" lon="11.810668"><ele>0</ele></trkpt>
      <trkpt lat="46.551136" lon="11.810601"><ele>0</ele></trkpt>
      <trkpt lat="46.550976" lon="11.810335"><ele>0</ele></trkpt>
      <trkpt lat="46.550849" lon="11.810131"><ele>0</ele></trkpt>
      <trkpt lat="46.550606" lon="11.809805"><ele>0</ele></trkpt>
      <trkpt lat="46.550351" lon="11.809464"><ele>0</ele></trkpt>
      <trkpt lat="46.550233" lon="11.809318"><ele>0</ele></trkpt>
      <trkpt lat="46.550216" lon="11.809296"><ele>0</ele></trkpt>
      <trkpt lat="46.550192" lon="11.809264"><ele>0</ele></trkpt>
      <trkpt lat="46.550015" lon="11.809048"><ele>0</ele></trkpt>
      <trkpt lat="46.549943" lon="11.808961"><ele>0</ele></trkpt>
      <trkpt lat="46.549907" lon="11.808899"><ele>0</ele></trkpt>
      <trkpt lat="46.549874" lon="11.808831"><ele>0</ele></trkpt>
      <trkpt lat="46.549840" lon="11.808720"><ele>0</ele></trkpt>
      <trkpt lat="46.549816" lon="11.808605"><ele>0</ele></trkpt>
      <trkpt lat="46.549806" lon="11.808540"><ele>0</ele></trkpt>
      <trkpt lat="46.549805" lon="11.808471"><ele>0</ele></trkpt>
      <trkpt lat="46.549809" lon="11.808430"><ele>0</ele></trkpt>
      <trkpt lat="46.549819" lon="11.808389"><ele>0</ele></trkpt>
      <trkpt lat="46.549839" lon="11.808343"><ele>0</ele></trkpt>
      <trkpt lat="46.549911" lon="11.808222"><ele>0</ele></trkpt>
      <trkpt lat="46.549959" lon="11.808116"><ele>0</ele></trkpt>
      <trkpt lat="46.549998" lon="11.807986"><ele>0</ele></trkpt>
      <trkpt lat="46.550045" lon="11.807765"><ele>0</ele></trkpt>
      <trkpt lat="46.550070" lon="11.807571"><ele>0</ele></trkpt>
      <trkpt lat="46.550078" lon="11.807438"><ele>0</ele></trkpt>
      <trkpt lat="46.550068" lon="11.807309"><ele>0</ele></trkpt>
      <trkpt lat="46.550046" lon="11.807180"><ele>0</ele></trkpt>
      <trkpt lat="46.550010" lon="11.807056"><ele>0</ele></trkpt>
      <trkpt lat="46.549952" lon="11.806916"><ele>0</ele></trkpt>
      <trkpt lat="46.549919" lon="11.806853"><ele>0</ele></trkpt>
      <trkpt lat="46.549840" lon="11.806738"><ele>0</ele></trkpt>
      <trkpt lat="46.549795" lon="11.806667"><ele>0</ele></trkpt>
      <trkpt lat="46.549754" lon="11.806592"><ele>0</ele></trkpt>
      <trkpt lat="46.549720" lon="11.806509"><ele>0</ele></trkpt>
      <trkpt lat="46.549687" lon="11.806401"><ele>0</ele></trkpt>
      <trkpt lat="46.549654" lon="11.806282"><ele>0</ele></trkpt>
      <trkpt lat="46.549621" lon="11.806156"><ele>0</ele></trkpt>
      <trkpt lat="46.549592" lon="11.806057"><ele>0</ele></trkpt>
      <trkpt lat="46.549554" lon="11.805957"><ele>0</ele></trkpt>
      <trkpt lat="46.549504" lon="11.805852"><ele>0</ele></trkpt>
      <trkpt lat="46.549448" lon="11.805769"><ele>0</ele></trkpt>
      <trkpt lat="46.549373" lon="11.805684"><ele>0</ele></trkpt>
      <trkpt lat="46.549279" lon="11.805605"><ele>0</ele></trkpt>
      <trkpt lat="46.549201" lon="11.805539"><ele>0</ele></trkpt>
      <trkpt lat="46.549159" lon="11.805478"><ele>0</ele></trkpt>
      <trkpt lat="46.549132" lon="11.805408"><ele>0</ele></trkpt>
      <trkpt lat="46.549108" lon="11.805326"><ele>0</ele></trkpt>
      <trkpt lat="46.549094" lon="11.805280"><ele>0</ele></trkpt>
      <trkpt lat="46.549077" lon="11.805249"><ele>0</ele></trkpt>
      <trkpt lat="46.549055" lon="11.805231"><ele>0</ele></trkpt>
      <trkpt lat="46.549030" lon="11.805225"><ele>0</ele></trkpt>
      <trkpt lat="46.549004" lon="11.805226"><ele>0</ele></trkpt>
      <trkpt lat="46.548980" lon="11.805240"><ele>0</ele></trkpt>
      <trkpt lat="46.548959" lon="11.805259"><ele>0</ele></trkpt>
      <trkpt lat="46.548944" lon="11.805293"><ele>0</ele></trkpt>
      <trkpt lat="46.548938" lon="11.805325"><ele>0</ele></trkpt>
      <trkpt lat="46.548938" lon="11.805362"><ele>0</ele></trkpt>
      <trkpt lat="46.548950" lon="11.805445"><ele>0</ele></trkpt>
      <trkpt lat="46.548971" lon="11.805543"><ele>0</ele></trkpt>
      <trkpt lat="46.548979" lon="11.805600"><ele>0</ele></trkpt>
      <trkpt lat="46.548981" lon="11.805661"><ele>0</ele></trkpt>
      <trkpt lat="46.548977" lon="11.805733"><ele>0</ele></trkpt>
      <trkpt lat="46.548965" lon="11.805796"><ele>0</ele></trkpt>
      <trkpt lat="46.548809" lon="11.806424"><ele>0</ele></trkpt>
      <trkpt lat="46.548781" lon="11.806515"><ele>0</ele></trkpt>
      <trkpt lat="46.548761" lon="11.806563"><ele>0</ele></trkpt>
      <trkpt lat="46.548741" lon="11.806597"><ele>0</ele></trkpt>
      <trkpt lat="46.548708" lon="11.806639"><ele>0</ele></trkpt>
      <trkpt lat="46.548672" lon="11.806668"><ele>0</ele></trkpt>
      <trkpt lat="46.548629" lon="11.806691"><ele>0</ele></trkpt>
      <trkpt lat="46.548576" lon="11.806703"><ele>0</ele></trkpt>
      <trkpt lat="46.548511" lon="11.806691"><ele>0</ele></trkpt>
      <trkpt lat="46.548451" lon="11.806659"><ele>0</ele></trkpt>
      <trkpt lat="46.548394" lon="11.806596"><ele>0</ele></trkpt>
      <trkpt lat="46.548349" lon="11.806514"><ele>0</ele></trkpt>
      <trkpt lat="46.548264" lon="11.806328"><ele>0</ele></trkpt>
      <trkpt lat="46.548225" lon="11.806261"><ele>0</ele></trkpt>
      <trkpt lat="46.548176" lon="11.806208"><ele>0</ele></trkpt>
      <trkpt lat="46.548047" lon="11.806098"><ele>0</ele></trkpt>
      <trkpt lat="46.547873" lon="11.805950"><ele>0</ele></trkpt>
      <trkpt lat="46.547821" lon="11.805883"><ele>0</ele></trkpt>
      <trkpt lat="46.547790" lon="11.805826"><ele>0</ele></trkpt>
      <trkpt lat="46.547773" lon="11.805770"><ele>0</ele></trkpt>
      <trkpt lat="46.547764" lon="11.805714"><ele>0</ele></trkpt>
      <trkpt lat="46.547759" lon="11.805660"><ele>0</ele></trkpt>
      <trkpt lat="46.547761" lon="11.805606"><ele>0</ele></trkpt>
      <trkpt lat="46.547775" lon="11.805487"><ele>0</ele></trkpt>
      <trkpt lat="46.547807" lon="11.805254"><ele>0</ele></trkpt>
      <trkpt lat="46.547812" lon="11.805159"><ele>0</ele></trkpt>
      <trkpt lat="46.547806" lon="11.805058"><ele>0</ele></trkpt>
      <trkpt lat="46.547782" lon="11.804960"><ele>0</ele></trkpt>
      <trkpt lat="46.547745" lon="11.804885"><ele>0</ele></trkpt>
      <trkpt lat="46.547694" lon="11.804830"><ele>0</ele></trkpt>
      <trkpt lat="46.547633" lon="11.804799"><ele>0</ele></trkpt>
      <trkpt lat="46.547568" lon="11.804792"><ele>0</ele></trkpt>
      <trkpt lat="46.547497" lon="11.804815"><ele>0</ele></trkpt>
      <trkpt lat="46.547437" lon="11.804870"><ele>0</ele></trkpt>
      <trkpt lat="46.547396" lon="11.804934"><ele>0</ele></trkpt>
      <trkpt lat="46.547366" lon="11.805009"><ele>0</ele></trkpt>
      <trkpt lat="46.547293" lon="11.805273"><ele>0</ele></trkpt>
      <trkpt lat="46.547270" lon="11.805381"><ele>0</ele></trkpt>
      <trkpt lat="46.547265" lon="11.805509"><ele>0</ele></trkpt>
      <trkpt lat="46.547276" lon="11.805624"><ele>0</ele></trkpt>
      <trkpt lat="46.547324" lon="11.805852"><ele>0</ele></trkpt>
      <trkpt lat="46.547362" lon="11.806029"><ele>0</ele></trkpt>
      <trkpt lat="46.547361" lon="11.806095"><ele>0</ele></trkpt>
      <trkpt lat="46.547344" lon="11.806148"><ele>0</ele></trkpt>
      <trkpt lat="46.547317" lon="11.806186"><ele>0</ele></trkpt>
      <trkpt lat="46.547282" lon="11.806196"><ele>0</ele></trkpt>
      <trkpt lat="46.547243" lon="11.806189"><ele>0</ele></trkpt>
      <trkpt lat="46.547208" lon="11.806154"><ele>0</ele></trkpt>
      <trkpt lat="46.547187" lon="11.806100"><ele>0</ele></trkpt>
      <trkpt lat="46.547187" lon="11.806020"><ele>0</ele></trkpt>
      <trkpt lat="46.547198" lon="11.805913"><ele>0</ele></trkpt>
      <trkpt lat="46.547197" lon="11.805821"><ele>0</ele></trkpt>
      <trkpt lat="46.547175" lon="11.805722"><ele>0</ele></trkpt>
      <trkpt lat="46.547143" lon="11.805626"><ele>0</ele></trkpt>
      <trkpt lat="46.547084" lon="11.805482"><ele>0</ele></trkpt>
      <trkpt lat="46.547050" lon="11.805374"><ele>0</ele></trkpt>
      <trkpt lat="46.547032" lon="11.805251"><ele>0</ele></trkpt>
      <trkpt lat="46.547027" lon="11.805081"><ele>0</ele></trkpt>
      <trkpt lat="46.547025" lon="11.804891"><ele>0</ele></trkpt>
      <trkpt lat="46.547031" lon="11.804721"><ele>0</ele></trkpt>
      <trkpt lat="46.547057" lon="11.804590"><ele>0</ele></trkpt>
      <trkpt lat="46.547097" lon="11.804498"><ele>0</ele></trkpt>
      <trkpt lat="46.547154" lon="11.804425"><ele>0</ele></trkpt>
      <trkpt lat="46.547230" lon="11.804372"><ele>0</ele></trkpt>
      <trkpt lat="46.547378" lon="11.804282"><ele>0</ele></trkpt>
      <trkpt lat="46.547454" lon="11.804232"><ele>0</ele></trkpt>
      <trkpt lat="46.547522" lon="11.804176"><ele>0</ele></trkpt>
      <trkpt lat="46.547569" lon="11.804101"><ele>0</ele></trkpt>
      <trkpt lat="46.547628" lon="11.803981"><ele>0</ele></trkpt>
      <trkpt lat="46.547716" lon="11.803770"><ele>0</ele></trkpt>
      <trkpt lat="46.547792" lon="11.803630"><ele>0</ele></trkpt>
      <trkpt lat="46.547829" lon="11.803572"><ele>0</ele></trkpt>
      <trkpt lat="46.547868" lon="11.803529"><ele>0</ele></trkpt>
      <trkpt lat="46.547897" lon="11.803488"><ele>0</ele></trkpt>
      <trkpt lat="46.547911" lon="11.803450"><ele>0</ele></trkpt>
      <trkpt lat="46.547914" lon="11.803403"><ele>0</ele></trkpt>
      <trkpt lat="46.547909" lon="11.803367"><ele>0</ele></trkpt>
      <trkpt lat="46.547897" lon="11.803336"><ele>0</ele></trkpt>
      <trkpt lat="46.547880" lon="11.803314"><ele>0</ele></trkpt>
      <trkpt lat="46.547857" lon="11.803297"><ele>0</ele></trkpt>
      <trkpt lat="46.547833" lon="11.803293"><ele>0</ele></trkpt>
      <trkpt lat="46.547805" lon="11.803296"><ele>0</ele></trkpt>
      <trkpt lat="46.547781" lon="11.803312"><ele>0</ele></trkpt>
      <trkpt lat="46.547760" lon="11.803339"><ele>0</ele></trkpt>
      <trkpt lat="46.547746" lon="11.803371"><ele>0</ele></trkpt>
      <trkpt lat="46.547730" lon="11.803431"><ele>0</ele></trkpt>
      <trkpt lat="46.547702" lon="11.803516"><ele>0</ele></trkpt>
      <trkpt lat="46.547673" lon="11.803575"><ele>0</ele></trkpt>
      <trkpt lat="46.547639" lon="11.803624"><ele>0</ele></trkpt>
      <trkpt lat="46.547591" lon="11.803663"><ele>0</ele></trkpt>
      <trkpt lat="46.547536" lon="11.803708"><ele>0</ele></trkpt>
      <trkpt lat="46.547451" lon="11.803764"><ele>0</ele></trkpt>
      <trkpt lat="46.547379" lon="11.803807"><ele>0</ele></trkpt>
      <trkpt lat="46.547291" lon="11.803851"><ele>0</ele></trkpt>
      <trkpt lat="46.547194" lon="11.803875"><ele>0</ele></trkpt>
      <trkpt lat="46.547075" lon="11.803885"><ele>0</ele></trkpt>
      <trkpt lat="46.546989" lon="11.803888"><ele>0</ele></trkpt>
      <trkpt lat="46.546925" lon="11.803892"><ele>0</ele></trkpt>
      <trkpt lat="46.546862" lon="11.803904"><ele>0</ele></trkpt>
      <trkpt lat="46.546801" lon="11.803928"><ele>0</ele></trkpt>
      <trkpt lat="46.546766" lon="11.803944"><ele>0</ele></trkpt>
      <trkpt lat="46.546586" lon="11.804033"><ele>0</ele></trkpt>
      <trkpt lat="46.546380" lon="11.804136"><ele>0</ele></trkpt>
      <trkpt lat="46.546339" lon="11.804169"><ele>0</ele></trkpt>
      <trkpt lat="46.546303" lon="11.804200"><ele>0</ele></trkpt>
      <trkpt lat="46.546269" lon="11.804241"><ele>0</ele></trkpt>
      <trkpt lat="46.546224" lon="11.804321"><ele>0</ele></trkpt>
      <trkpt lat="46.546189" lon="11.804411"><ele>0</ele></trkpt>
      <trkpt lat="46.546163" lon="11.804518"><ele>0</ele></trkpt>
      <trkpt lat="46.546059" lon="11.805001"><ele>0</ele></trkpt>
      <trkpt lat="46.546046" lon="11.805116"><ele>0</ele></trkpt>
      <trkpt lat="46.546044" lon="11.805251"><ele>0</ele></trkpt>
      <trkpt lat="46.546057" lon="11.805408"><ele>0</ele></trkpt>
      <trkpt lat="46.546076" lon="11.805576"><ele>0</ele></trkpt>
      <trkpt lat="46.546080" lon="11.805705"><ele>0</ele></trkpt>
      <trkpt lat="46.546070" lon="11.805800"><ele>0</ele></trkpt>
      <trkpt lat="46.546046" lon="11.805895"><ele>0</ele></trkpt>
      <trkpt lat="46.546007" lon="11.805971"><ele>0</ele></trkpt>
      <trkpt lat="46.545957" lon="11.806039"><ele>0</ele></trkpt>
      <trkpt lat="46.545768" lon="11.806267"><ele>0</ele></trkpt>
      <trkpt lat="46.545709" lon="11.806352"><ele>0</ele></trkpt>
      <trkpt lat="46.545656" lon="11.806443"><ele>0</ele></trkpt>
      <trkpt lat="46.545549" lon="11.806673"><ele>0</ele></trkpt>
      <trkpt lat="46.545501" lon="11.806744"><ele>0</ele></trkpt>
      <trkpt lat="46.545460" lon="11.806785"><ele>0</ele></trkpt>
      <trkpt lat="46.545410" lon="11.806815"><ele>0</ele></trkpt>
      <trkpt lat="46.545357" lon="11.806829"><ele>0</ele></trkpt>
      <trkpt lat="46.545310" lon="11.806832"><ele>0</ele></trkpt>
      <trkpt lat="46.545263" lon="11.806823"><ele>0</ele></trkpt>
      <trkpt lat="46.545174" lon="11.806785"><ele>0</ele></trkpt>
      <trkpt lat="46.545051" lon="11.806714"><ele>0</ele></trkpt>
      <trkpt lat="46.544968" lon="11.806661"><ele>0</ele></trkpt>
      <trkpt lat="46.544891" lon="11.806602"><ele>0</ele></trkpt>
      <trkpt lat="46.544821" lon="11.806531"><ele>0</ele></trkpt>
      <trkpt lat="46.544740" lon="11.806423"><ele>0</ele></trkpt>
      <trkpt lat="46.544430" lon="11.805993"><ele>0</ele></trkpt>
      <trkpt lat="46.544357" lon="11.805876"><ele>0</ele></trkpt>
      <trkpt lat="46.543925" lon="11.805123"><ele>0</ele></trkpt>
      <trkpt lat="46.543633" lon="11.804614"><ele>0</ele></trkpt>
      <trkpt lat="46.543553" lon="11.804474"><ele>0</ele></trkpt>
      <trkpt lat="46.543488" lon="11.804387"><ele>0</ele></trkpt>
      <trkpt lat="46.543421" lon="11.804317"><ele>0</ele></trkpt>
      <trkpt lat="46.543349" lon="11.804262"><ele>0</ele></trkpt>
      <trkpt lat="46.543264" lon="11.804220"><ele>0</ele></trkpt>
      <trkpt lat="46.543178" lon="11.804194"><ele>0</ele></trkpt>
      <trkpt lat="46.543095" lon="11.804188"><ele>0</ele></trkpt>
      <trkpt lat="46.543021" lon="11.804198"><ele>0</ele></trkpt>
      <trkpt lat="46.542944" lon="11.804220"><ele>0</ele></trkpt>
      <trkpt lat="46.542885" lon="11.804249"><ele>0</ele></trkpt>
      <trkpt lat="46.542825" lon="11.804282"><ele>0</ele></trkpt>
      <trkpt lat="46.542757" lon="11.804322"><ele>0</ele></trkpt>
      <trkpt lat="46.542680" lon="11.804351"><ele>0</ele></trkpt>
      <trkpt lat="46.542598" lon="11.804367"><ele>0</ele></trkpt>
      <trkpt lat="46.542506" lon="11.804364"><ele>0</ele></trkpt>
      <trkpt lat="46.542435" lon="11.804349"><ele>0</ele></trkpt>
      <trkpt lat="46.542368" lon="11.804316"><ele>0</ele></trkpt>
      <trkpt lat="46.542301" lon="11.804270"><ele>0</ele></trkpt>
      <trkpt lat="46.542228" lon="11.804193"><ele>0</ele></trkpt>
      <trkpt lat="46.542048" lon="11.803941"><ele>0</ele></trkpt>
      <trkpt lat="46.541988" lon="11.803848"><ele>0</ele></trkpt>
      <trkpt lat="46.541944" lon="11.803768"><ele>0</ele></trkpt>
      <trkpt lat="46.541901" lon="11.803670"><ele>0</ele></trkpt>
      <trkpt lat="46.541859" lon="11.803538"><ele>0</ele></trkpt>
      <trkpt lat="46.541814" lon="11.803401"><ele>0</ele></trkpt>
      <trkpt lat="46.541765" lon="11.803292"><ele>0</ele></trkpt>
      <trkpt lat="46.541716" lon="11.803212"><ele>0</ele></trkpt>
      <trkpt lat="46.541652" lon="11.803131"><ele>0</ele></trkpt>
      <trkpt lat="46.541581" lon="11.803057"><ele>0</ele></trkpt>
      <trkpt lat="46.541316" lon="11.802808"><ele>0</ele></trkpt>
      <trkpt lat="46.541241" lon="11.802724"><ele>0</ele></trkpt>
      <trkpt lat="46.541189" lon="11.802642"><ele>0</ele></trkpt>
      <trkpt lat="46.541155" lon="11.802566"><ele>0</ele></trkpt>
      <trkpt lat="46.541127" lon="11.802481"><ele>0</ele></trkpt>
      <trkpt lat="46.541110" lon="11.802373"><ele>0</ele></trkpt>
      <trkpt lat="46.541044" lon="11.801811"><ele>0</ele></trkpt>
      <trkpt lat="46.541019" lon="11.801661"><ele>0</ele></trkpt>
      <trkpt lat="46.540988" lon="11.801521"><ele>0</ele></trkpt>
      <trkpt lat="46.540920" lon="11.801255"><ele>0</ele></trkpt>
      <trkpt lat="46.540842" lon="11.800958"><ele>0</ele></trkpt>
      <trkpt lat="46.540798" lon="11.800795"><ele>0</ele></trkpt>
      <trkpt lat="46.540734" lon="11.800613"><ele>0</ele></trkpt>
      <trkpt lat="46.540669" lon="11.800462"><ele>0</ele></trkpt>
      <trkpt lat="46.540598" lon="11.800322"><ele>0</ele></trkpt>
      <trkpt lat="46.540522" lon="11.800190"><ele>0</ele></trkpt>
      <trkpt lat="46.540375" lon="11.799993"><ele>0</ele></trkpt>
      <trkpt lat="46.540174" lon="11.799701"><ele>0</ele></trkpt>
      <trkpt lat="46.540092" lon="11.799567"><ele>0</ele></trkpt>
      <trkpt lat="46.540011" lon="11.799418"><ele>0</ele></trkpt>
      <trkpt lat="46.539941" lon="11.799267"><ele>0</ele></trkpt>
      <trkpt lat="46.539887" lon="11.799134"><ele>0</ele></trkpt>
      <trkpt lat="46.539823" lon="11.798931"><ele>0</ele></trkpt>
      <trkpt lat="46.539773" lon="11.798743"><ele>0</ele></trkpt>
      <trkpt lat="46.539732" lon="11.798529"><ele>0</ele></trkpt>
      <trkpt lat="46.539703" lon="11.798320"><ele>0</ele></trkpt>
      <trkpt lat="46.539684" lon="11.798082"><ele>0</ele></trkpt>
      <trkpt lat="46.539671" lon="11.797658"><ele>0</ele></trkpt>
      <trkpt lat="46.539660" lon="11.797520"><ele>0</ele></trkpt>
      <trkpt lat="46.539642" lon="11.797399"><ele>0</ele></trkpt>
      <trkpt lat="46.539611" lon="11.797279"><ele>0</ele></trkpt>
      <trkpt lat="46.539531" lon="11.797036"><ele>0</ele></trkpt>
      <trkpt lat="46.539368" lon="11.796578"><ele>0</ele></trkpt>
      <trkpt lat="46.539332" lon="11.796446"><ele>0</ele></trkpt>
      <trkpt lat="46.539310" lon="11.796315"><ele>0</ele></trkpt>
      <trkpt lat="46.539308" lon="11.796190"><ele>0</ele></trkpt>
      <trkpt lat="46.539321" lon="11.796079"><ele>0</ele></trkpt>
      <trkpt lat="46.539345" lon="11.795954"><ele>0</ele></trkpt>
      <trkpt lat="46.539383" lon="11.795799"><ele>0</ele></trkpt>
      <trkpt lat="46.539410" lon="11.795658"><ele>0</ele></trkpt>
      <trkpt lat="46.539428" lon="11.795526"><ele>0</ele></trkpt>
      <trkpt lat="46.539434" lon="11.795391"><ele>0</ele></trkpt>
      <trkpt lat="46.539430" lon="11.795251"><ele>0</ele></trkpt>
      <trkpt lat="46.539415" lon="11.795124"><ele>0</ele></trkpt>
      <trkpt lat="46.539384" lon="11.794969"><ele>0</ele></trkpt>
      <trkpt lat="46.539015" lon="11.793456"><ele>0</ele></trkpt>
      <trkpt lat="46.538976" lon="11.793312"><ele>0</ele></trkpt>
      <trkpt lat="46.538928" lon="11.793172"><ele>0</ele></trkpt>
      <trkpt lat="46.538876" lon="11.793048"><ele>0</ele></trkpt>
      <trkpt lat="46.538281" lon="11.791667"><ele>0</ele></trkpt>
      <trkpt lat="46.538226" lon="11.791523"><ele>0</ele></trkpt>
      <trkpt lat="46.538174" lon="11.791368"><ele>0</ele></trkpt>
      <trkpt lat="46.538124" lon="11.791164"><ele>0</ele></trkpt>
      <trkpt lat="46.537893" lon="11.789798"><ele>0</ele></trkpt>
      <trkpt lat="46.537866" lon="11.789647"><ele>0</ele></trkpt>
      <trkpt lat="46.537835" lon="11.789514"><ele>0</ele></trkpt>
      <trkpt lat="46.537795" lon="11.789392"><ele>0</ele></trkpt>
      <trkpt lat="46.537746" lon="11.789258"><ele>0</ele></trkpt>
      <trkpt lat="46.537598" lon="11.788937"><ele>0</ele></trkpt>
      <trkpt lat="46.537405" lon="11.788544"><ele>0</ele></trkpt>
      <trkpt lat="46.536962" lon="11.787251"><ele>0</ele></trkpt>
      <trkpt lat="46.536941" lon="11.787151"><ele>0</ele></trkpt>
      <trkpt lat="46.536932" lon="11.787050"><ele>0</ele></trkpt>
      <trkpt lat="46.536936" lon="11.786947"><ele>0</ele></trkpt>
      <trkpt lat="46.536953" lon="11.786817"><ele>0</ele></trkpt>
      <trkpt lat="46.537009" lon="11.786533"><ele>0</ele></trkpt>
      <trkpt lat="46.537073" lon="11.786279"><ele>0</ele></trkpt>
      <trkpt lat="46.537195" lon="11.785863"><ele>0</ele></trkpt>
      <trkpt lat="46.537269" lon="11.785567"><ele>0</ele></trkpt>
      <trkpt lat="46.537310" lon="11.785461"><ele>0</ele></trkpt>
      <trkpt lat="46.537468" lon="11.785173"><ele>0</ele></trkpt>
      <trkpt lat="46.537508" lon="11.785076"><ele>0</ele></trkpt>
      <trkpt lat="46.537535" lon="11.784967"><ele>0</ele></trkpt>
      <trkpt lat="46.537560" lon="11.784798"><ele>0</ele></trkpt>
      <trkpt lat="46.537585" lon="11.784684"><ele>0</ele></trkpt>
      <trkpt lat="46.537626" lon="11.784582"><ele>0</ele></trkpt>
      <trkpt lat="46.537688" lon="11.784494"><ele>0</ele></trkpt>
      <trkpt lat="46.537831" lon="11.784373"><ele>0</ele></trkpt>
      <trkpt lat="46.537928" lon="11.784281"><ele>0</ele></trkpt>
      <trkpt lat="46.538019" lon="11.784165"><ele>0</ele></trkpt>
      <trkpt lat="46.538330" lon="11.783760"><ele>0</ele></trkpt>
      <trkpt lat="46.538399" lon="11.783663"><ele>0</ele></trkpt>
      <trkpt lat="46.538442" lon="11.783584"><ele>0</ele></trkpt>
      <trkpt lat="46.538468" lon="11.783491"><ele>0</ele></trkpt>
      <trkpt lat="46.538468" lon="11.783397"><ele>0</ele></trkpt>
      <trkpt lat="46.538445" lon="11.783323"><ele>0</ele></trkpt>
      <trkpt lat="46.538409" lon="11.783271"><ele>0</ele></trkpt>
      <trkpt lat="46.538373" lon="11.783239"><ele>0</ele></trkpt>
      <trkpt lat="46.538360" lon="11.783234"><ele>0</ele></trkpt>
      <trkpt lat="46.538335" lon="11.783224"><ele>0</ele></trkpt>
      <trkpt lat="46.538295" lon="11.783222"><ele>0</ele></trkpt>
      <trkpt lat="46.538240" lon="11.783244"><ele>0</ele></trkpt>
      <trkpt lat="46.538089" lon="11.783299"><ele>0</ele></trkpt>
      <trkpt lat="46.537956" lon="11.783354"><ele>0</ele></trkpt>
      <trkpt lat="46.537782" lon="11.783420"><ele>0</ele></trkpt>
      <trkpt lat="46.537663" lon="11.783457"><ele>0</ele></trkpt>
      <trkpt lat="46.537552" lon="11.783484"><ele>0</ele></trkpt>
      <trkpt lat="46.537463" lon="11.783491"><ele>0</ele></trkpt>
      <trkpt lat="46.537383" lon="11.783495"><ele>0</ele></trkpt>
      <trkpt lat="46.537302" lon="11.783482"><ele>0</ele></trkpt>
      <trkpt lat="46.537227" lon="11.783451"><ele>0</ele></trkpt>
      <trkpt lat="46.537133" lon="11.783399"><ele>0</ele></trkpt>
      <trkpt lat="46.537029" lon="11.783339"><ele>0</ele></trkpt>
      <trkpt lat="46.536900" lon="11.783265"><ele>0</ele></trkpt>
      <trkpt lat="46.536757" lon="11.783180"><ele>0</ele></trkpt>
      <trkpt lat="46.536592" lon="11.783082"><ele>0</ele></trkpt>
      <trkpt lat="46.536430" lon="11.782984"><ele>0</ele></trkpt>
      <trkpt lat="46.536259" lon="11.782881"><ele>0</ele></trkpt>
      <trkpt lat="46.536060" lon="11.782749"><ele>0</ele></trkpt>
      <trkpt lat="46.535912" lon="11.782666"><ele>0</ele></trkpt>
      <trkpt lat="46.535784" lon="11.782585"><ele>0</ele></trkpt>
      <trkpt lat="46.535666" lon="11.782509"><ele>0</ele></trkpt>
      <trkpt lat="46.535575" lon="11.782455"><ele>0</ele></trkpt>
      <trkpt lat="46.535469" lon="11.782398"><ele>0</ele></trkpt>
      <trkpt lat="46.535372" lon="11.782376"><ele>0</ele></trkpt>
      <trkpt lat="46.535268" lon="11.782385"><ele>0</ele></trkpt>
      <trkpt lat="46.535186" lon="11.782407"><ele>0</ele></trkpt>
      <trkpt lat="46.535109" lon="11.782447"><ele>0</ele></trkpt>
      <trkpt lat="46.535031" lon="11.782508"><ele>0</ele></trkpt>
      <trkpt lat="46.534967" lon="11.782580"><ele>0</ele></trkpt>
      <trkpt lat="46.534917" lon="11.782645"><ele>0</ele></trkpt>
      <trkpt lat="46.534857" lon="11.782737"><ele>0</ele></trkpt>
      <trkpt lat="46.534839" lon="11.782759"><ele>0</ele></trkpt>
      <trkpt lat="46.534813" lon="11.782772"><ele>0</ele></trkpt>
      <trkpt lat="46.534766" lon="11.782765"><ele>0</ele></trkpt>
      <trkpt lat="46.534748" lon="11.782750"><ele>0</ele></trkpt>
      <trkpt lat="46.534732" lon="11.782714"><ele>0</ele></trkpt>
      <trkpt lat="46.534722" lon="11.782642"><ele>0</ele></trkpt>
      <trkpt lat="46.534731" lon="11.782589"><ele>0</ele></trkpt>
      <trkpt lat="46.534754" lon="11.782542"><ele>0</ele></trkpt>
      <trkpt lat="46.534774" lon="11.782521"><ele>0</ele></trkpt>
      <trkpt lat="46.534806" lon="11.782496"><ele>0</ele></trkpt>
      <trkpt lat="46.534841" lon="11.782464"><ele>0</ele></trkpt>
      <trkpt lat="46.534929" lon="11.782374"><ele>0</ele></trkpt>
      <trkpt lat="46.535000" lon="11.782264"><ele>0</ele></trkpt>
      <trkpt lat="46.535034" lon="11.782198"><ele>0</ele></trkpt>
      <trkpt lat="46.535057" lon="11.782142"><ele>0</ele></trkpt>
      <trkpt lat="46.535088" lon="11.782053"><ele>0</ele></trkpt>
      <trkpt lat="46.535145" lon="11.781884"><ele>0</ele></trkpt>
      <trkpt lat="46.535194" lon="11.781725"><ele>0</ele></trkpt>
      <trkpt lat="46.535242" lon="11.781609"><ele>0</ele></trkpt>
      <trkpt lat="46.535290" lon="11.781517"><ele>0</ele></trkpt>
      <trkpt lat="46.535345" lon="11.781428"><ele>0</ele></trkpt>
      <trkpt lat="46.535408" lon="11.781343"><ele>0</ele></trkpt>
      <trkpt lat="46.535514" lon="11.781224"><ele>0</ele></trkpt>
      <trkpt lat="46.535559" lon="11.781155"><ele>0</ele></trkpt>
      <trkpt lat="46.535603" lon="11.781084"><ele>0</ele></trkpt>
      <trkpt lat="46.535636" lon="11.781019"><ele>0</ele></trkpt>
      <trkpt lat="46.535696" lon="11.780870"><ele>0</ele></trkpt>
      <trkpt lat="46.535844" lon="11.780441"><ele>0</ele></trkpt>
      <trkpt lat="46.536195" lon="11.779420"><ele>0</ele></trkpt>
      <trkpt lat="46.536261" lon="11.779233"><ele>0</ele></trkpt>
      <trkpt lat="46.536346" lon="11.778986"><ele>0</ele></trkpt>
      <trkpt lat="46.536609" lon="11.778217"><ele>0</ele></trkpt>
      <trkpt lat="46.536654" lon="11.778118"><ele>0</ele></trkpt>
      <trkpt lat="46.536710" lon="11.778041"><ele>0</ele></trkpt>
      <trkpt lat="46.536769" lon="11.777967"><ele>0</ele></trkpt>
      <trkpt lat="46.536838" lon="11.777918"><ele>0</ele></trkpt>
      <trkpt lat="46.536902" lon="11.777891"><ele>0</ele></trkpt>
      <trkpt lat="46.536986" lon="11.777875"><ele>0</ele></trkpt>
      <trkpt lat="46.537081" lon="11.777874"><ele>0</ele></trkpt>
      <trkpt lat="46.537193" lon="11.777859"><ele>0</ele></trkpt>
      <trkpt lat="46.537293" lon="11.777844"><ele>0</ele></trkpt>
      <trkpt lat="46.537393" lon="11.777809"><ele>0</ele></trkpt>
      <trkpt lat="46.537477" lon="11.777781"><ele>0</ele></trkpt>
      <trkpt lat="46.537542" lon="11.777758"><ele>0</ele></trkpt>
      <trkpt lat="46.537596" lon="11.777712"><ele>0</ele></trkpt>
      <trkpt lat="46.537653" lon="11.777636"><ele>0</ele></trkpt>
      <trkpt lat="46.537700" lon="11.777518"><ele>0</ele></trkpt>
      <trkpt lat="46.537719" lon="11.777414"><ele>0</ele></trkpt>
      <trkpt lat="46.537723" lon="11.777365"><ele>0</ele></trkpt>
      <trkpt lat="46.537723" lon="11.777220"><ele>0</ele></trkpt>
      <trkpt lat="46.537720" lon="11.777095"><ele>0</ele></trkpt>
      <trkpt lat="46.537729" lon="11.777000"><ele>0</ele></trkpt>
      <trkpt lat="46.537748" lon="11.776930"><ele>0</ele></trkpt>
      <trkpt lat="46.537777" lon="11.776856"><ele>0</ele></trkpt>
      <trkpt lat="46.537824" lon="11.776755"><ele>0</ele></trkpt>
      <trkpt lat="46.537852" lon="11.776649"><ele>0</ele></trkpt>
      <trkpt lat="46.537872" lon="11.776570"><ele>0</ele></trkpt>
      <trkpt lat="46.537874" lon="11.776481"><ele>0</ele></trkpt>
      <trkpt lat="46.537864" lon="11.776365"><ele>0</ele></trkpt>
      <trkpt lat="46.537831" lon="11.776206"><ele>0</ele></trkpt>
      <trkpt lat="46.537796" lon="11.776028"><ele>0</ele></trkpt>
      <trkpt lat="46.537768" lon="11.775881"><ele>0</ele></trkpt>
      <trkpt lat="46.537755" lon="11.775816"><ele>0</ele></trkpt>
      <trkpt lat="46.537745" lon="11.775678"><ele>0</ele></trkpt>
      <trkpt lat="46.537745" lon="11.775564"><ele>0</ele></trkpt>
      <trkpt lat="46.537753" lon="11.775512"><ele>0</ele></trkpt>
      <trkpt lat="46.537766" lon="11.775466"><ele>0</ele></trkpt>
      <trkpt lat="46.537797" lon="11.775385"><ele>0</ele></trkpt>
      <trkpt lat="46.537837" lon="11.775289"><ele>0</ele></trkpt>
      <trkpt lat="46.537858" lon="11.775235"><ele>0</ele></trkpt>
      <trkpt lat="46.537869" lon="11.775181"><ele>0</ele></trkpt>
      <trkpt lat="46.537869" lon="11.775142"><ele>0</ele></trkpt>
      <trkpt lat="46.537858" lon="11.775103"><ele>0</ele></trkpt>
      <trkpt lat="46.537845" lon="11.775084"><ele>0</ele></trkpt>
      <trkpt lat="46.537821" lon="11.775072"><ele>0</ele></trkpt>
      <trkpt lat="46.537791" lon="11.775069"><ele>0</ele></trkpt>
      <trkpt lat="46.537764" lon="11.775079"><ele>0</ele></trkpt>
      <trkpt lat="46.537738" lon="11.775100"><ele>0</ele></trkpt>
      <trkpt lat="46.537717" lon="11.775137"><ele>0</ele></trkpt>
      <trkpt lat="46.537693" lon="11.775189"><ele>0</ele></trkpt>
      <trkpt lat="46.537676" lon="11.775249"><ele>0</ele></trkpt>
      <trkpt lat="46.537647" lon="11.775413"><ele>0</ele></trkpt>
      <trkpt lat="46.537622" lon="11.775534"><ele>0</ele></trkpt>
      <trkpt lat="46.537600" lon="11.775630"><ele>0</ele></trkpt>
      <trkpt lat="46.537568" lon="11.775698"><ele>0</ele></trkpt>
      <trkpt lat="46.537525" lon="11.775780"><ele>0</ele></trkpt>
      <trkpt lat="46.537473" lon="11.775867"><ele>0</ele></trkpt>
      <trkpt lat="46.537425" lon="11.775960"><ele>0</ele></trkpt>
      <trkpt lat="46.537397" lon="11.776032"><ele>0</ele></trkpt>
      <trkpt lat="46.537384" lon="11.776070"><ele>0</ele></trkpt>
      <trkpt lat="46.537372" lon="11.776112"><ele>0</ele></trkpt>
      <trkpt lat="46.537364" lon="11.776208"><ele>0</ele></trkpt>
      <trkpt lat="46.537354" lon="11.776326"><ele>0</ele></trkpt>
      <trkpt lat="46.537353" lon="11.776420"><ele>0</ele></trkpt>
      <trkpt lat="46.537347" lon="11.776474"><ele>0</ele></trkpt>
      <trkpt lat="46.537332" lon="11.776527"><ele>0</ele></trkpt>
      <trkpt lat="46.537318" lon="11.776570"><ele>0</ele></trkpt>
      <trkpt lat="46.537302" lon="11.776605"><ele>0</ele></trkpt>
      <trkpt lat="46.537261" lon="11.776677"><ele>0</ele></trkpt>
      <trkpt lat="46.537199" lon="11.776743"><ele>0</ele></trkpt>
      <trkpt lat="46.537101" lon="11.776816"><ele>0</ele></trkpt>
      <trkpt lat="46.536996" lon="11.776886"><ele>0</ele></trkpt>
      <trkpt lat="46.536910" lon="11.776930"><ele>0</ele></trkpt>
      <trkpt lat="46.536818" lon="11.776953"><ele>0</ele></trkpt>
      <trkpt lat="46.536748" lon="11.776944"><ele>0</ele></trkpt>
      <trkpt lat="46.536678" lon="11.776919"><ele>0</ele></trkpt>
      <trkpt lat="46.536615" lon="11.776870"><ele>0</ele></trkpt>
      <trkpt lat="46.536551" lon="11.776790"><ele>0</ele></trkpt>
      <trkpt lat="46.536493" lon="11.776699"><ele>0</ele></trkpt>
      <trkpt lat="46.536441" lon="11.776613"><ele>0</ele></trkpt>
      <trkpt lat="46.536384" lon="11.776547"><ele>0</ele></trkpt>
      <trkpt lat="46.536296" lon="11.776482"><ele>0</ele></trkpt>
      <trkpt lat="46.536232" lon="11.776460"><ele>0</ele></trkpt>
      <trkpt lat="46.536155" lon="11.776456"><ele>0</ele></trkpt>
      <trkpt lat="46.536058" lon="11.776489"><ele>0</ele></trkpt>
      <trkpt lat="46.535895" lon="11.776582"><ele>0</ele></trkpt>
      <trkpt lat="46.535595" lon="11.776759"><ele>0</ele></trkpt>
      <trkpt lat="46.535510" lon="11.776800"><ele>0</ele></trkpt>
      <trkpt lat="46.535432" lon="11.776822"><ele>0</ele></trkpt>
      <trkpt lat="46.535338" lon="11.776837"><ele>0</ele></trkpt>
      <trkpt lat="46.535248" lon="11.776876"><ele>0</ele></trkpt>
      <trkpt lat="46.535165" lon="11.776925"><ele>0</ele></trkpt>
      <trkpt lat="46.535088" lon="11.776992"><ele>0</ele></trkpt>
      <trkpt lat="46.535001" lon="11.777097"><ele>0</ele></trkpt>
      <trkpt lat="46.534916" lon="11.777194"><ele>0</ele></trkpt>
      <trkpt lat="46.534834" lon="11.777300"><ele>0</ele></trkpt>
      <trkpt lat="46.534757" lon="11.777406"><ele>0</ele></trkpt>
      <trkpt lat="46.534693" lon="11.777474"><ele>0</ele></trkpt>
      <trkpt lat="46.534651" lon="11.777507"><ele>0</ele></trkpt>
      <trkpt lat="46.534610" lon="11.777527"><ele>0</ele></trkpt>
      <trkpt lat="46.534541" lon="11.777539"><ele>0</ele></trkpt>
      <trkpt lat="46.534476" lon="11.777531"><ele>0</ele></trkpt>
      <trkpt lat="46.534407" lon="11.777504"><ele>0</ele></trkpt>
      <trkpt lat="46.534350" lon="11.777469"><ele>0</ele></trkpt>
      <trkpt lat="46.534299" lon="11.777409"><ele>0</ele></trkpt>
      <trkpt lat="46.534222" lon="11.777309"><ele>0</ele></trkpt>
      <trkpt lat="46.534149" lon="11.777206"><ele>0</ele></trkpt>
      <trkpt lat="46.534121" lon="11.777179"><ele>0</ele></trkpt>
      <trkpt lat="46.534086" lon="11.777158"><ele>0</ele></trkpt>
      <trkpt lat="46.534056" lon="11.777132"><ele>0</ele></trkpt>
      <trkpt lat="46.534026" lon="11.777115"><ele>0</ele></trkpt>
      <trkpt lat="46.533989" lon="11.777098"><ele>0</ele></trkpt>
      <trkpt lat="46.533943" lon="11.777085"><ele>0</ele></trkpt>
      <trkpt lat="46.533866" lon="11.777087"><ele>0</ele></trkpt>
      <trkpt lat="46.533806" lon="11.777108"><ele>0</ele></trkpt>
      <trkpt lat="46.533740" lon="11.777159"><ele>0</ele></trkpt>
      <trkpt lat="46.533629" lon="11.777267"><ele>0</ele></trkpt>
      <trkpt lat="46.533388" lon="11.777557"><ele>0</ele></trkpt>
      <trkpt lat="46.533234" lon="11.777733"><ele>0</ele></trkpt>
      <trkpt lat="46.533068" lon="11.777918"><ele>0</ele></trkpt>
      <trkpt lat="46.532886" lon="11.778110"><ele>0</ele></trkpt>
      <trkpt lat="46.532707" lon="11.778310"><ele>0</ele></trkpt>
      <trkpt lat="46.532629" lon="11.778404"><ele>0</ele></trkpt>
      <trkpt lat="46.532544" lon="11.778545"><ele>0</ele></trkpt>
      <trkpt lat="46.532501" lon="11.778696"><ele>0</ele></trkpt>
      <trkpt lat="46.532485" lon="11.778809"><ele>0</ele></trkpt>
      <trkpt lat="46.532476" lon="11.778937"><ele>0</ele></trkpt>
      <trkpt lat="46.532468" lon="11.779068"><ele>0</ele></trkpt>
      <trkpt lat="46.532461" lon="11.779109"><ele>0</ele></trkpt>
      <trkpt lat="46.532448" lon="11.779146"><ele>0</ele></trkpt>
      <trkpt lat="46.532434" lon="11.779176"><ele>0</ele></trkpt>
      <trkpt lat="46.532414" lon="11.779204"><ele>0</ele></trkpt>
      <trkpt lat="46.532367" lon="11.779242"><ele>0</ele></trkpt>
      <trkpt lat="46.532300" lon="11.779268"><ele>0</ele></trkpt>
      <trkpt lat="46.532265" lon="11.779284"><ele>0</ele></trkpt>
      <trkpt lat="46.532230" lon="11.779530"><ele>0</ele></trkpt>
      <trkpt lat="46.532221" lon="11.779632"><ele>0</ele></trkpt>
      <trkpt lat="46.532229" lon="11.779753"><ele>0</ele></trkpt>
      <trkpt lat="46.532257" lon="11.779845"><ele>0</ele></trkpt>
      <trkpt lat="46.532300" lon="11.780003"><ele>0</ele></trkpt>
      <trkpt lat="46.532308" lon="11.780123"><ele>0</ele></trkpt>
      <trkpt lat="46.532290" lon="11.780232"><ele>0</ele></trkpt>
      <trkpt lat="46.532244" lon="11.780327"><ele>0</ele></trkpt>
      <trkpt lat="46.532195" lon="11.780375"><ele>0</ele></trkpt>
      <trkpt lat="46.532067" lon="11.780483"><ele>0</ele></trkpt>
      <trkpt lat="46.532008" lon="11.780568"><ele>0</ele></trkpt>
      <trkpt lat="46.531961" lon="11.780679"><ele>0</ele></trkpt>
      <trkpt lat="46.531885" lon="11.780968"><ele>0</ele></trkpt>
      <trkpt lat="46.531878" lon="11.781088"><ele>0</ele></trkpt>
      <trkpt lat="46.531953" lon="11.781906"><ele>0</ele></trkpt>
      <trkpt lat="46.531972" lon="11.782130"><ele>0</ele></trkpt>
      <trkpt lat="46.531978" lon="11.782265"><ele>0</ele></trkpt>
      <trkpt lat="46.531956" lon="11.782436"><ele>0</ele></trkpt>
      <trkpt lat="46.531908" lon="11.782582"><ele>0</ele></trkpt>
      <trkpt lat="46.531843" lon="11.782699"><ele>0</ele></trkpt>
      <trkpt lat="46.531762" lon="11.782790"><ele>0</ele></trkpt>
      <trkpt lat="46.531699" lon="11.782839"><ele>0</ele></trkpt>
      <trkpt lat="46.531524" lon="11.782922"><ele>0</ele></trkpt>
      <trkpt lat="46.531440" lon="11.782973"><ele>0</ele></trkpt>
      <trkpt lat="46.531388" lon="11.783024"><ele>0</ele></trkpt>
      <trkpt lat="46.531327" lon="11.783095"><ele>0</ele></trkpt>
      <trkpt lat="46.531270" lon="11.783181"><ele>0</ele></trkpt>
      <trkpt lat="46.531150" lon="11.783387"><ele>0</ele></trkpt>
      <trkpt lat="46.531111" lon="11.783440"><ele>0</ele></trkpt>
      <trkpt lat="46.531047" lon="11.783505"><ele>0</ele></trkpt>
      <trkpt lat="46.530967" lon="11.783547"><ele>0</ele></trkpt>
      <trkpt lat="46.530839" lon="11.783585"><ele>0</ele></trkpt>
      <trkpt lat="46.530480" lon="11.783616"><ele>0</ele></trkpt>
      <trkpt lat="46.530358" lon="11.783615"><ele>0</ele></trkpt>
      <trkpt lat="46.530246" lon="11.783558"><ele>0</ele></trkpt>
      <trkpt lat="46.530125" lon="11.783380"><ele>0</ele></trkpt>
      <trkpt lat="46.530035" lon="11.783117"><ele>0</ele></trkpt>
      <trkpt lat="46.529883" lon="11.782661"><ele>0</ele></trkpt>
      <trkpt lat="46.529802" lon="11.782367"><ele>0</ele></trkpt>
      <trkpt lat="46.529707" lon="11.781892"><ele>0</ele></trkpt>
      <trkpt lat="46.529625" lon="11.781427"><ele>0</ele></trkpt>
      <trkpt lat="46.529567" lon="11.780969"><ele>0</ele></trkpt>
      <trkpt lat="46.529542" lon="11.780583"><ele>0</ele></trkpt>
      <trkpt lat="46.529542" lon="11.780106"><ele>0</ele></trkpt>
      <trkpt lat="46.529478" lon="11.779936"><ele>0</ele></trkpt>
      <trkpt lat="46.529427" lon="11.779872"><ele>0</ele></trkpt>
      <trkpt lat="46.529367" lon="11.779831"><ele>0</ele></trkpt>
      <trkpt lat="46.529055" lon="11.779732"><ele>0</ele></trkpt>
      <trkpt lat="46.528875" lon="11.779745"><ele>0</ele></trkpt>
      <trkpt lat="46.528710" lon="11.779780"><ele>0</ele></trkpt>
      <trkpt lat="46.528549" lon="11.779772"><ele>0</ele></trkpt>
      <trkpt lat="46.528259" lon="11.779727"><ele>0</ele></trkpt>
      <trkpt lat="46.528115" lon="11.779736"><ele>0</ele></trkpt>
      <trkpt lat="46.528010" lon="11.779783"><ele>0</ele></trkpt>
      <trkpt lat="46.527857" lon="11.779881"><ele>0</ele></trkpt>
      <trkpt lat="46.527592" lon="11.780063"><ele>0</ele></trkpt>
      <trkpt lat="46.527491" lon="11.780122"><ele>0</ele></trkpt>
      <trkpt lat="46.527424" lon="11.780141"><ele>0</ele></trkpt>
      <trkpt lat="46.527345" lon="11.780123"><ele>0</ele></trkpt>
      <trkpt lat="46.527283" lon="11.780093"><ele>0</ele></trkpt>
      <trkpt lat="46.527234" lon="11.780046"><ele>0</ele></trkpt>
      <trkpt lat="46.527074" lon="11.779840"><ele>0</ele></trkpt>
      <trkpt lat="46.526935" lon="11.779700"><ele>0</ele></trkpt>
      <trkpt lat="46.526809" lon="11.779593"><ele>0</ele></trkpt>
      <trkpt lat="46.526619" lon="11.779456"><ele>0</ele></trkpt>
      <trkpt lat="46.526531" lon="11.779389"><ele>0</ele></trkpt>
      <trkpt lat="46.526205" lon="11.779160"><ele>0</ele></trkpt>
      <trkpt lat="46.525776" lon="11.778854"><ele>0</ele></trkpt>
      <trkpt lat="46.525696" lon="11.778807"><ele>0</ele></trkpt>
      <trkpt lat="46.525609" lon="11.778776"><ele>0</ele></trkpt>
      <trkpt lat="46.525538" lon="11.778770"><ele>0</ele></trkpt>
      <trkpt lat="46.525456" lon="11.778795"><ele>0</ele></trkpt>
      <trkpt lat="46.525335" lon="11.778877"><ele>0</ele></trkpt>
      <trkpt lat="46.525239" lon="11.778966"><ele>0</ele></trkpt>
      <trkpt lat="46.525100" lon="11.779090"><ele>0</ele></trkpt>
      <trkpt lat="46.525045" lon="11.779115"><ele>0</ele></trkpt>
      <trkpt lat="46.524975" lon="11.779114"><ele>0</ele></trkpt>
      <trkpt lat="46.524919" lon="11.779092"><ele>0</ele></trkpt>
      <trkpt lat="46.524869" lon="11.779050"><ele>0</ele></trkpt>
      <trkpt lat="46.524825" lon="11.778999"><ele>0</ele></trkpt>
      <trkpt lat="46.524544" lon="11.778604"><ele>0</ele></trkpt>
      <trkpt lat="46.524496" lon="11.778558"><ele>0</ele></trkpt>
      <trkpt lat="46.524443" lon="11.778516"><ele>0</ele></trkpt>
      <trkpt lat="46.524389" lon="11.778487"><ele>0</ele></trkpt>
      <trkpt lat="46.524325" lon="11.778464"><ele>0</ele></trkpt>
      <trkpt lat="46.524214" lon="11.778450"><ele>0</ele></trkpt>
      <trkpt lat="46.522667" lon="11.778405"><ele>0</ele></trkpt>
      <trkpt lat="46.522259" lon="11.778390"><ele>0</ele></trkpt>
      <trkpt lat="46.522192" lon="11.778375"><ele>0</ele></trkpt>
      <trkpt lat="46.522150" lon="11.778314"><ele>0</ele></trkpt>
      <trkpt lat="46.522119" lon="11.778201"><ele>0</ele></trkpt>
      <trkpt lat="46.522101" lon="11.777961"><ele>0</ele></trkpt>
      <trkpt lat="46.522056" lon="11.777760"><ele>0</ele></trkpt>
      <trkpt lat="46.522016" lon="11.777657"><ele>0</ele></trkpt>
      <trkpt lat="46.521973" lon="11.777586"><ele>0</ele></trkpt>
      <trkpt lat="46.521924" lon="11.777530"><ele>0</ele></trkpt>
      <trkpt lat="46.521883" lon="11.777483"><ele>0</ele></trkpt>
      <trkpt lat="46.521737" lon="11.777330"><ele>0</ele></trkpt>
      <trkpt lat="46.521659" lon="11.777245"><ele>0</ele></trkpt>
      <trkpt lat="46.521625" lon="11.777195"><ele>0</ele></trkpt>
      <trkpt lat="46.521590" lon="11.777126"><ele>0</ele></trkpt>
      <trkpt lat="46.521578" lon="11.777048"><ele>0</ele></trkpt>
      <trkpt lat="46.521581" lon="11.776978"><ele>0</ele></trkpt>
      <trkpt lat="46.521595" lon="11.776908"><ele>0</ele></trkpt>
      <trkpt lat="46.521626" lon="11.776842"><ele>0</ele></trkpt>
      <trkpt lat="46.521770" lon="11.776609"><ele>0</ele></trkpt>
      <trkpt lat="46.521922" lon="11.776350"><ele>0</ele></trkpt>
      <trkpt lat="46.522121" lon="11.775909"><ele>0</ele></trkpt>
      <trkpt lat="46.522281" lon="11.775508"><ele>0</ele></trkpt>
      <trkpt lat="46.522312" lon="11.775389"><ele>0</ele></trkpt>
      <trkpt lat="46.522329" lon="11.775252"><ele>0</ele></trkpt>
      <trkpt lat="46.522317" lon="11.774830"><ele>0</ele></trkpt>
      <trkpt lat="46.522324" lon="11.774733"><ele>0</ele></trkpt>
      <trkpt lat="46.522345" lon="11.774658"><ele>0</ele></trkpt>
      <trkpt lat="46.522378" lon="11.774602"><ele>0</ele></trkpt>
      <trkpt lat="46.522579" lon="11.774359"><ele>0</ele></trkpt>
      <trkpt lat="46.522616" lon="11.774270"><ele>0</ele></trkpt>
      <trkpt lat="46.522640" lon="11.774156"><ele>0</ele></trkpt>
      <trkpt lat="46.522645" lon="11.774034"><ele>0</ele></trkpt>
      <trkpt lat="46.522630" lon="11.773941"><ele>0</ele></trkpt>
      <trkpt lat="46.522595" lon="11.773844"><ele>0</ele></trkpt>
      <trkpt lat="46.522485" lon="11.773649"><ele>0</ele></trkpt>
      <trkpt lat="46.522419" lon="11.773493"><ele>0</ele></trkpt>
      <trkpt lat="46.522365" lon="11.773315"><ele>0</ele></trkpt>
      <trkpt lat="46.522142" lon="11.772367"><ele>0</ele></trkpt>
      <trkpt lat="46.522131" lon="11.772269"><ele>0</ele></trkpt>
      <trkpt lat="46.522137" lon="11.772193"><ele>0</ele></trkpt>
      <trkpt lat="46.522167" lon="11.772097"><ele>0</ele></trkpt>
      <trkpt lat="46.522268" lon="11.771894"><ele>0</ele></trkpt>
      <trkpt lat="46.522301" lon="11.771808"><ele>0</ele></trkpt>
      <trkpt lat="46.522316" lon="11.771688"><ele>0</ele></trkpt>
      <trkpt lat="46.522300" lon="11.771556"><ele>0</ele></trkpt>
      <trkpt lat="46.522256" lon="11.771456"><ele>0</ele></trkpt>
      <trkpt lat="46.522194" lon="11.771388"><ele>0</ele></trkpt>
      <trkpt lat="46.522110" lon="11.771336"><ele>0</ele></trkpt>
      <trkpt lat="46.521609" lon="11.771148"><ele>0</ele></trkpt>
      <trkpt lat="46.521101" lon="11.770955"><ele>0</ele></trkpt>
      <trkpt lat="46.520869" lon="11.770794"><ele>0</ele></trkpt>
      <trkpt lat="46.520497" lon="11.770455"><ele>0</ele></trkpt>
      <trkpt lat="46.520338" lon="11.770353"><ele>0</ele></trkpt>
      <trkpt lat="46.519653" lon="11.770142"><ele>0</ele></trkpt>
      <trkpt lat="46.518735" lon="11.769877"><ele>0</ele></trkpt>
      <trkpt lat="46.518317" lon="11.769710"><ele>0</ele></trkpt>
      <trkpt lat="46.517773" lon="11.769535"><ele>0</ele></trkpt>
      <trkpt lat="46.517639" lon="11.769481"><ele>0</ele></trkpt>
      <trkpt lat="46.517511" lon="11.769404"><ele>0</ele></trkpt>
      <trkpt lat="46.517417" lon="11.769332"><ele>0</ele></trkpt>
      <trkpt lat="46.517326" lon="11.769242"><ele>0</ele></trkpt>
      <trkpt lat="46.517269" lon="11.769176"><ele>0</ele></trkpt>
      <trkpt lat="46.517033" lon="11.768867"><ele>0</ele></trkpt>
      <trkpt lat="46.516929" lon="11.768762"><ele>0</ele></trkpt>
      <trkpt lat="46.516810" lon="11.768696"><ele>0</ele></trkpt>
      <trkpt lat="46.516387" lon="11.768548"><ele>0</ele></trkpt>
      <trkpt lat="46.516200" lon="11.768432"><ele>0</ele></trkpt>
      <trkpt lat="46.515967" lon="11.768169"><ele>0</ele></trkpt>
      <trkpt lat="46.514466" lon="11.766497"><ele>0</ele></trkpt>
      <trkpt lat="46.513818" lon="11.765768"><ele>0</ele></trkpt>
      <trkpt lat="46.513625" lon="11.765555"><ele>0</ele></trkpt>
      <trkpt lat="46.513562" lon="11.765469"><ele>0</ele></trkpt>
      <trkpt lat="46.513504" lon="11.765372"><ele>0</ele></trkpt>
      <trkpt lat="46.513473" lon="11.765257"><ele>0</ele></trkpt>
      <trkpt lat="46.513462" lon="11.765117"><ele>0</ele></trkpt>
      <trkpt lat="46.513488" lon="11.764821"><ele>0</ele></trkpt>
      <trkpt lat="46.513491" lon="11.764686"><ele>0</ele></trkpt>
      <trkpt lat="46.513474" lon="11.764535"><ele>0</ele></trkpt>
      <trkpt lat="46.513444" lon="11.764411"><ele>0</ele></trkpt>
      <trkpt lat="46.513366" lon="11.764228"><ele>0</ele></trkpt>
      <trkpt lat="46.512726" lon="11.763253"><ele>0</ele></trkpt>
      <trkpt lat="46.512680" lon="11.763130"><ele>0</ele></trkpt>
      <trkpt lat="46.512608" lon="11.762854"><ele>0</ele></trkpt>
      <trkpt lat="46.512551" lon="11.762728"><ele>0</ele></trkpt>
      <trkpt lat="46.512464" lon="11.762631"><ele>0</ele></trkpt>
      <trkpt lat="46.512106" lon="11.762385"><ele>0</ele></trkpt>
      <trkpt lat="46.511914" lon="11.762231"><ele>0</ele></trkpt>
      <trkpt lat="46.511761" lon="11.762082"><ele>0</ele></trkpt>
      <trkpt lat="46.511681" lon="11.761954"><ele>0</ele></trkpt>
      <trkpt lat="46.511652" lon="11.761852"><ele>0</ele></trkpt>
      <trkpt lat="46.511586" lon="11.761527"><ele>0</ele></trkpt>
      <trkpt lat="46.511538" lon="11.761337"><ele>0</ele></trkpt>
      <trkpt lat="46.511492" lon="11.761221"><ele>0</ele></trkpt>
      <trkpt lat="46.511432" lon="11.761128"><ele>0</ele></trkpt>
      <trkpt lat="46.511281" lon="11.760931"><ele>0</ele></trkpt>
      <trkpt lat="46.511083" lon="11.760666"><ele>0</ele></trkpt>
      <trkpt lat="46.510640" lon="11.760004"><ele>0</ele></trkpt>
      <trkpt lat="46.510509" lon="11.759832"><ele>0</ele></trkpt>
      <trkpt lat="46.510370" lon="11.759695"><ele>0</ele></trkpt>
      <trkpt lat="46.510184" lon="11.759541"><ele>0</ele></trkpt>
      <trkpt lat="46.510125" lon="11.759480"><ele>0</ele></trkpt>
      <trkpt lat="46.510075" lon="11.759416"><ele>0</ele></trkpt>
      <trkpt lat="46.510033" lon="11.759342"><ele>0</ele></trkpt>
      <trkpt lat="46.509995" lon="11.759231"><ele>0</ele></trkpt>
      <trkpt lat="46.509976" lon="11.759081"><ele>0</ele></trkpt>
      <trkpt lat="46.509973" lon="11.758843"><ele>0</ele></trkpt>
      <trkpt lat="46.509992" lon="11.758310"><ele>0</ele></trkpt>
      <trkpt lat="46.509992" lon="11.758123"><ele>0</ele></trkpt>
      <trkpt lat="46.509975" lon="11.758007"><ele>0</ele></trkpt>
      <trkpt lat="46.509942" lon="11.757900"><ele>0</ele></trkpt>
      <trkpt lat="46.509904" lon="11.757816"><ele>0</ele></trkpt>
      <trkpt lat="46.509846" lon="11.757722"><ele>0</ele></trkpt>
      <trkpt lat="46.509798" lon="11.757672"><ele>0</ele></trkpt>
      <trkpt lat="46.509748" lon="11.757632"><ele>0</ele></trkpt>
      <trkpt lat="46.509661" lon="11.757583"><ele>0</ele></trkpt>
      <trkpt lat="46.509570" lon="11.757549"><ele>0</ele></trkpt>
      <trkpt lat="46.509254" lon="11.757479"><ele>0</ele></trkpt>
      <trkpt lat="46.508946" lon="11.757408"><ele>0</ele></trkpt>
      <trkpt lat="46.508850" lon="11.757362"><ele>0</ele></trkpt>
      <trkpt lat="46.508796" lon="11.757332"><ele>0</ele></trkpt>
      <trkpt lat="46.508687" lon="11.757241"><ele>0</ele></trkpt>
      <trkpt lat="46.508629" lon="11.757169"><ele>0</ele></trkpt>
      <trkpt lat="46.508592" lon="11.757107"><ele>0</ele></trkpt>
      <trkpt lat="46.508550" lon="11.757016"><ele>0</ele></trkpt>
      <trkpt lat="46.508506" lon="11.756932"><ele>0</ele></trkpt>
      <trkpt lat="46.508466" lon="11.756879"><ele>0</ele></trkpt>
      <trkpt lat="46.508421" lon="11.756848"><ele>0</ele></trkpt>
      <trkpt lat="46.508371" lon="11.756830"><ele>0</ele></trkpt>
      <trkpt lat="46.508323" lon="11.756829"><ele>0</ele></trkpt>
      <trkpt lat="46.508275" lon="11.756846"><ele>0</ele></trkpt>
      <trkpt lat="46.508231" lon="11.756875"><ele>0</ele></trkpt>
      <trkpt lat="46.508051" lon="11.757032"><ele>0</ele></trkpt>
      <trkpt lat="46.507992" lon="11.757093"><ele>0</ele></trkpt>
      <trkpt lat="46.507945" lon="11.757148"><ele>0</ele></trkpt>
      <trkpt lat="46.507904" lon="11.757235"><ele>0</ele></trkpt>
      <trkpt lat="46.507886" lon="11.757317"><ele>0</ele></trkpt>
      <trkpt lat="46.507880" lon="11.757402"><ele>0</ele></trkpt>
      <trkpt lat="46.507880" lon="11.757495"><ele>0</ele></trkpt>
      <trkpt lat="46.507890" lon="11.757607"><ele>0</ele></trkpt>
      <trkpt lat="46.507914" lon="11.757697"><ele>0</ele></trkpt>
      <trkpt lat="46.507939" lon="11.757745"><ele>0</ele></trkpt>
      <trkpt lat="46.508098" lon="11.757966"><ele>0</ele></trkpt>
      <trkpt lat="46.508143" lon="11.758051"><ele>0</ele></trkpt>
      <trkpt lat="46.508162" lon="11.758146"><ele>0</ele></trkpt>
      <trkpt lat="46.508181" lon="11.758513"><ele>0</ele></trkpt>
      <trkpt lat="46.508197" lon="11.758734"><ele>0</ele></trkpt>
      <trkpt lat="46.508226" lon="11.758899"><ele>0</ele></trkpt>
      <trkpt lat="46.508287" lon="11.759087"><ele>0</ele></trkpt>
      <trkpt lat="46.508416" lon="11.759476"><ele>0</ele></trkpt>
      <trkpt lat="46.508510" lon="11.759644"><ele>0</ele></trkpt>
      <trkpt lat="46.508555" lon="11.759708"><ele>0</ele></trkpt>
      <trkpt lat="46.508556" lon="11.759710"><ele>0</ele></trkpt>
      <trkpt lat="46.508715" lon="11.759942"><ele>0</ele></trkpt>
      <trkpt lat="46.508777" lon="11.760032"><ele>0</ele></trkpt>
      <trkpt lat="46.508857" lon="11.760120"><ele>0</ele></trkpt>
      <trkpt lat="46.509005" lon="11.760227"><ele>0</ele></trkpt>
      <trkpt lat="46.509108" lon="11.760345"><ele>0</ele></trkpt>
      <trkpt lat="46.509178" lon="11.760451"><ele>0</ele></trkpt>
      <trkpt lat="46.509260" lon="11.760621"><ele>0</ele></trkpt>
      <trkpt lat="46.509298" lon="11.760730"><ele>0</ele></trkpt>
      <trkpt lat="46.509332" lon="11.760867"><ele>0</ele></trkpt>
      <trkpt lat="46.509343" lon="11.760984"><ele>0</ele></trkpt>
      <trkpt lat="46.509339" lon="11.761061"><ele>0</ele></trkpt>
      <trkpt lat="46.509316" lon="11.761126"><ele>0</ele></trkpt>
      <trkpt lat="46.509275" lon="11.761210"><ele>0</ele></trkpt>
      <trkpt lat="46.509230" lon="11.761321"><ele>0</ele></trkpt>
      <trkpt lat="46.509206" lon="11.761432"><ele>0</ele></trkpt>
      <trkpt lat="46.509178" lon="11.761653"><ele>0</ele></trkpt>
      <trkpt lat="46.509156" lon="11.761811"><ele>0</ele></trkpt>
      <trkpt lat="46.509128" lon="11.761930"><ele>0</ele></trkpt>
      <trkpt lat="46.509098" lon="11.762017"><ele>0</ele></trkpt>
      <trkpt lat="46.509045" lon="11.762124"><ele>0</ele></trkpt>
      <trkpt lat="46.508889" lon="11.762396"><ele>0</ele></trkpt>
      <trkpt lat="46.508705" lon="11.762726"><ele>0</ele></trkpt>
      <trkpt lat="46.508633" lon="11.762862"><ele>0</ele></trkpt>
      <trkpt lat="46.508557" lon="11.763049"><ele>0</ele></trkpt>
      <trkpt lat="46.508514" lon="11.763239"><ele>0</ele></trkpt>
      <trkpt lat="46.508390" lon="11.764189"><ele>0</ele></trkpt>
      <trkpt lat="46.508346" lon="11.764357"><ele>0</ele></trkpt>
      <trkpt lat="46.508331" lon="11.764383"><ele>0</ele></trkpt>
      <trkpt lat="46.508289" lon="11.764455"><ele>0</ele></trkpt>
      <trkpt lat="46.508185" lon="11.764632"><ele>0</ele></trkpt>
      <trkpt lat="46.508167" lon="11.764658"><ele>0</ele></trkpt>
      <trkpt lat="46.508135" lon="11.764750"><ele>0</ele></trkpt>
      <trkpt lat="46.508125" lon="11.764824"><ele>0</ele></trkpt>
      <trkpt lat="46.508120" lon="11.764885"><ele>0</ele></trkpt>
      <trkpt lat="46.508129" lon="11.764952"><ele>0</ele></trkpt>
      <trkpt lat="46.508152" lon="11.765025"><ele>0</ele></trkpt>
      <trkpt lat="46.508182" lon="11.765100"><ele>0</ele></trkpt>
      <trkpt lat="46.508643" lon="11.765911"><ele>0</ele></trkpt>
      <trkpt lat="46.508687" lon="11.765998"><ele>0</ele></trkpt>
      <trkpt lat="46.508706" lon="11.766058"><ele>0</ele></trkpt>
      <trkpt lat="46.508721" lon="11.766125"><ele>0</ele></trkpt>
      <trkpt lat="46.508721" lon="11.766224"><ele>0</ele></trkpt>
      <trkpt lat="46.508699" lon="11.766319"><ele>0</ele></trkpt>
      <trkpt lat="46.508670" lon="11.766390"><ele>0</ele></trkpt>
      <trkpt lat="46.508606" lon="11.766513"><ele>0</ele></trkpt>
      <trkpt lat="46.508540" lon="11.766633"><ele>0</ele></trkpt>
      <trkpt lat="46.508424" lon="11.766848"><ele>0</ele></trkpt>
      <trkpt lat="46.508329" lon="11.767024"><ele>0</ele></trkpt>
      <trkpt lat="46.508292" lon="11.767081"><ele>0</ele></trkpt>
      <trkpt lat="46.508251" lon="11.767144"><ele>0</ele></trkpt>
      <trkpt lat="46.508213" lon="11.767195"><ele>0</ele></trkpt>
      <trkpt lat="46.508139" lon="11.767267"><ele>0</ele></trkpt>
      <trkpt lat="46.508084" lon="11.767313"><ele>0</ele></trkpt>
      <trkpt lat="46.508069" lon="11.767326"><ele>0</ele></trkpt>
      <trkpt lat="46.508047" lon="11.767349"><ele>0</ele></trkpt>
      <trkpt lat="46.508025" lon="11.767388"><ele>0</ele></trkpt>
      <trkpt lat="46.508011" lon="11.767447"><ele>0</ele></trkpt>
      <trkpt lat="46.508004" lon="11.767512"><ele>0</ele></trkpt>
      <trkpt lat="46.507984" lon="11.767745"><ele>0</ele></trkpt>
      <trkpt lat="46.507972" lon="11.767888"><ele>0</ele></trkpt>
      <trkpt lat="46.507953" lon="11.768087"><ele>0</ele></trkpt>
      <trkpt lat="46.507943" lon="11.768190"><ele>0</ele></trkpt>
      <trkpt lat="46.507914" lon="11.768500"><ele>0</ele></trkpt>
      <trkpt lat="46.507898" lon="11.768665"><ele>0</ele></trkpt>
      <trkpt lat="46.507883" lon="11.768827"><ele>0</ele></trkpt>
      <trkpt lat="46.507871" lon="11.768956"><ele>0</ele></trkpt>
      <trkpt lat="46.507863" lon="11.769033"><ele>0</ele></trkpt>
      <trkpt lat="46.507855" lon="11.769079"><ele>0</ele></trkpt>
      <trkpt lat="46.507843" lon="11.769123"><ele>0</ele></trkpt>
      <trkpt lat="46.507826" lon="11.769164"><ele>0</ele></trkpt>
      <trkpt lat="46.507806" lon="11.769202"><ele>0</ele></trkpt>
      <trkpt lat="46.507783" lon="11.769235"><ele>0</ele></trkpt>
      <trkpt lat="46.507720" lon="11.769299"><ele>0</ele></trkpt>
      <trkpt lat="46.507563" lon="11.769460"><ele>0</ele></trkpt>
      <trkpt lat="46.507526" lon="11.769491"><ele>0</ele></trkpt>
      <trkpt lat="46.507481" lon="11.769519"><ele>0</ele></trkpt>
      <trkpt lat="46.507276" lon="11.769636"><ele>0</ele></trkpt>
      <trkpt lat="46.507230" lon="11.769664"><ele>0</ele></trkpt>
      <trkpt lat="46.507184" lon="11.769695"><ele>0</ele></trkpt>
      <trkpt lat="46.507004" lon="11.769839"><ele>0</ele></trkpt>
      <trkpt lat="46.506970" lon="11.769871"><ele>0</ele></trkpt>
      <trkpt lat="46.506937" lon="11.769906"><ele>0</ele></trkpt>
      <trkpt lat="46.506906" lon="11.769946"><ele>0</ele></trkpt>
      <trkpt lat="46.506877" lon="11.769989"><ele>0</ele></trkpt>
      <trkpt lat="46.506850" lon="11.770034"><ele>0</ele></trkpt>
      <trkpt lat="46.506726" lon="11.770268"><ele>0</ele></trkpt>
      <trkpt lat="46.506584" lon="11.770534"><ele>0</ele></trkpt>
      <trkpt lat="46.506503" lon="11.770687"><ele>0</ele></trkpt>
      <trkpt lat="46.506486" lon="11.770715"><ele>0</ele></trkpt>
      <trkpt lat="46.506466" lon="11.770740"><ele>0</ele></trkpt>
      <trkpt lat="46.506445" lon="11.770762"><ele>0</ele></trkpt>
      <trkpt lat="46.506423" lon="11.770781"><ele>0</ele></trkpt>
      <trkpt lat="46.506399" lon="11.770796"><ele>0</ele></trkpt>
      <trkpt lat="46.506359" lon="11.770815"><ele>0</ele></trkpt>
      <trkpt lat="46.506272" lon="11.770857"><ele>0</ele></trkpt>
      <trkpt lat="46.506224" lon="11.770883"><ele>0</ele></trkpt>
      <trkpt lat="46.506199" lon="11.770900"><ele>0</ele></trkpt>
      <trkpt lat="46.506175" lon="11.770920"><ele>0</ele></trkpt>
      <trkpt lat="46.506153" lon="11.770943"><ele>0</ele></trkpt>
      <trkpt lat="46.505797" lon="11.771426"><ele>0</ele></trkpt>
      <trkpt lat="46.505763" lon="11.771477"><ele>0</ele></trkpt>
      <trkpt lat="46.505740" lon="11.771511"><ele>0</ele></trkpt>
      <trkpt lat="46.505719" lon="11.771548"><ele>0</ele></trkpt>
      <trkpt lat="46.505699" lon="11.771586"><ele>0</ele></trkpt>
      <trkpt lat="46.505682" lon="11.771627"><ele>0</ele></trkpt>
      <trkpt lat="46.505667" lon="11.771669"><ele>0</ele></trkpt>
      <trkpt lat="46.505643" lon="11.771746"><ele>0</ele></trkpt>
      <trkpt lat="46.505574" lon="11.772000"><ele>0</ele></trkpt>
      <trkpt lat="46.505563" lon="11.772037"><ele>0</ele></trkpt>
      <trkpt lat="46.505549" lon="11.772072"><ele>0</ele></trkpt>
      <trkpt lat="46.505533" lon="11.772105"><ele>0</ele></trkpt>
      <trkpt lat="46.505515" lon="11.772136"><ele>0</ele></trkpt>
      <trkpt lat="46.505494" lon="11.772164"><ele>0</ele></trkpt>
      <trkpt lat="46.505472" lon="11.772189"><ele>0</ele></trkpt>
      <trkpt lat="46.505449" lon="11.772212"><ele>0</ele></trkpt>
      <trkpt lat="46.505424" lon="11.772230"><ele>0</ele></trkpt>
      <trkpt lat="46.505264" lon="11.772341"><ele>0</ele></trkpt>
      <trkpt lat="46.505243" lon="11.772358"><ele>0</ele></trkpt>
      <trkpt lat="46.505229" lon="11.772381"><ele>0</ele></trkpt>
      <trkpt lat="46.505222" lon="11.772410"><ele>0</ele></trkpt>
      <trkpt lat="46.505222" lon="11.772443"><ele>0</ele></trkpt>
      <trkpt lat="46.505227" lon="11.772475"><ele>0</ele></trkpt>
      <trkpt lat="46.505241" lon="11.772514"><ele>0</ele></trkpt>
      <trkpt lat="46.505257" lon="11.772536"><ele>0</ele></trkpt>
      <trkpt lat="46.505277" lon="11.772555"><ele>0</ele></trkpt>
      <trkpt lat="46.505302" lon="11.772566"><ele>0</ele></trkpt>
      <trkpt lat="46.505331" lon="11.772572"><ele>0</ele></trkpt>
      <trkpt lat="46.505386" lon="11.772584"><ele>0</ele></trkpt>
      <trkpt lat="46.505522" lon="11.772624"><ele>0</ele></trkpt>
      <trkpt lat="46.505546" lon="11.772636"><ele>0</ele></trkpt>
      <trkpt lat="46.505568" lon="11.772654"><ele>0</ele></trkpt>
      <trkpt lat="46.505587" lon="11.772678"><ele>0</ele></trkpt>
      <trkpt lat="46.505602" lon="11.772706"><ele>0</ele></trkpt>
      <trkpt lat="46.505614" lon="11.772739"><ele>0</ele></trkpt>
      <trkpt lat="46.505621" lon="11.772774"><ele>0</ele></trkpt>
      <trkpt lat="46.505620" lon="11.772800"><ele>0</ele></trkpt>
      <trkpt lat="46.505614" lon="11.772824"><ele>0</ele></trkpt>
      <trkpt lat="46.505602" lon="11.772844"><ele>0</ele></trkpt>
      <trkpt lat="46.505587" lon="11.772858"><ele>0</ele></trkpt>
      <trkpt lat="46.505569" lon="11.772864"><ele>0</ele></trkpt>
      <trkpt lat="46.505551" lon="11.772862"><ele>0</ele></trkpt>
      <trkpt lat="46.505534" lon="11.772851"><ele>0</ele></trkpt>
      <trkpt lat="46.505508" lon="11.772837"><ele>0</ele></trkpt>
      <trkpt lat="46.505482" lon="11.772824"><ele>0</ele></trkpt>
      <trkpt lat="46.505455" lon="11.772813"><ele>0</ele></trkpt>
      <trkpt lat="46.505428" lon="11.772806"><ele>0</ele></trkpt>
      <trkpt lat="46.505397" lon="11.772798"><ele>0</ele></trkpt>
      <trkpt lat="46.505358" lon="11.772792"><ele>0</ele></trkpt>
      <trkpt lat="46.505315" lon="11.772789"><ele>0</ele></trkpt>
      <trkpt lat="46.505272" lon="11.772790"><ele>0</ele></trkpt>
      <trkpt lat="46.505230" lon="11.772795"><ele>0</ele></trkpt>
      <trkpt lat="46.505188" lon="11.772806"><ele>0</ele></trkpt>
      <trkpt lat="46.505146" lon="11.772821"><ele>0</ele></trkpt>
      <trkpt lat="46.505064" lon="11.772858"><ele>0</ele></trkpt>
      <trkpt lat="46.504878" lon="11.772955"><ele>0</ele></trkpt>
      <trkpt lat="46.504841" lon="11.772966"><ele>0</ele></trkpt>
      <trkpt lat="46.504804" lon="11.772973"><ele>0</ele></trkpt>
      <trkpt lat="46.504767" lon="11.772977"><ele>0</ele></trkpt>
      <trkpt lat="46.504730" lon="11.772977"><ele>0</ele></trkpt>
      <trkpt lat="46.504375" lon="11.772948"><ele>0</ele></trkpt>
      <trkpt lat="46.504346" lon="11.772946"><ele>0</ele></trkpt>
      <trkpt lat="46.504318" lon="11.772951"><ele>0</ele></trkpt>
      <trkpt lat="46.504291" lon="11.772963"><ele>0</ele></trkpt>
      <trkpt lat="46.504266" lon="11.772982"><ele>0</ele></trkpt>
      <trkpt lat="46.504252" lon="11.773011"><ele>0</ele></trkpt>
      <trkpt lat="46.504247" lon="11.773046"><ele>0</ele></trkpt>
      <trkpt lat="46.504253" lon="11.773080"><ele>0</ele></trkpt>
      <trkpt lat="46.504269" lon="11.773119"><ele>0</ele></trkpt>
      <trkpt lat="46.504290" lon="11.773153"><ele>0</ele></trkpt>
      <trkpt lat="46.504316" lon="11.773185"><ele>0</ele></trkpt>
      <trkpt lat="46.504458" lon="11.773316"><ele>0</ele></trkpt>
      <trkpt lat="46.504492" lon="11.773339"><ele>0</ele></trkpt>
      <trkpt lat="46.504527" lon="11.773358"><ele>0</ele></trkpt>
      <trkpt lat="46.504563" lon="11.773373"><ele>0</ele></trkpt>
      <trkpt lat="46.504600" lon="11.773384"><ele>0</ele></trkpt>
      <trkpt lat="46.504637" lon="11.773391"><ele>0</ele></trkpt>
      <trkpt lat="46.505086" lon="11.773445"><ele>0</ele></trkpt>
      <trkpt lat="46.505110" lon="11.773457"><ele>0</ele></trkpt>
      <trkpt lat="46.505132" lon="11.773476"><ele>0</ele></trkpt>
      <trkpt lat="46.505150" lon="11.773502"><ele>0</ele></trkpt>
      <trkpt lat="46.505164" lon="11.773533"><ele>0</ele></trkpt>
      <trkpt lat="46.505173" lon="11.773568"><ele>0</ele></trkpt>
      <trkpt lat="46.505176" lon="11.773605"><ele>0</ele></trkpt>
      <trkpt lat="46.505173" lon="11.773642"><ele>0</ele></trkpt>
      <trkpt lat="46.505162" lon="11.773702"><ele>0</ele></trkpt>
      <trkpt lat="46.505129" lon="11.773892"><ele>0</ele></trkpt>
      <trkpt lat="46.505123" lon="11.773949"><ele>0</ele></trkpt>
      <trkpt lat="46.505122" lon="11.774007"><ele>0</ele></trkpt>
      <trkpt lat="46.505125" lon="11.774064"><ele>0</ele></trkpt>
      <trkpt lat="46.505133" lon="11.774121"><ele>0</ele></trkpt>
      <trkpt lat="46.505146" lon="11.774176"><ele>0</ele></trkpt>
      <trkpt lat="46.505163" lon="11.774228"><ele>0</ele></trkpt>
      <trkpt lat="46.505184" lon="11.774278"><ele>0</ele></trkpt>
      <trkpt lat="46.505241" lon="11.774380"><ele>0</ele></trkpt>
      <trkpt lat="46.505294" lon="11.774469"><ele>0</ele></trkpt>
      <trkpt lat="46.505314" lon="11.774505"><ele>0</ele></trkpt>
      <trkpt lat="46.505330" lon="11.774539"><ele>0</ele></trkpt>
      <trkpt lat="46.505342" lon="11.774577"><ele>0</ele></trkpt>
      <trkpt lat="46.505350" lon="11.774616"><ele>0</ele></trkpt>
      <trkpt lat="46.505355" lon="11.774660"><ele>0</ele></trkpt>
      <trkpt lat="46.505355" lon="11.774705"><ele>0</ele></trkpt>
      <trkpt lat="46.505350" lon="11.774748"><ele>0</ele></trkpt>
      <trkpt lat="46.505340" lon="11.774791"><ele>0</ele></trkpt>
      <trkpt lat="46.505326" lon="11.774830"><ele>0</ele></trkpt>
      <trkpt lat="46.505308" lon="11.774866"><ele>0</ele></trkpt>
      <trkpt lat="46.505287" lon="11.774897"><ele>0</ele></trkpt>
      <trkpt lat="46.505262" lon="11.774923"><ele>0</ele></trkpt>
      <trkpt lat="46.505235" lon="11.774943"><ele>0</ele></trkpt>
      <trkpt lat="46.505193" lon="11.774971"><ele>0</ele></trkpt>
      <trkpt lat="46.505097" lon="11.775034"><ele>0</ele></trkpt>
      <trkpt lat="46.504962" lon="11.775132"><ele>0</ele></trkpt>
      <trkpt lat="46.504830" lon="11.775238"><ele>0</ele></trkpt>
      <trkpt lat="46.504718" lon="11.775322"><ele>0</ele></trkpt>
      <trkpt lat="46.504693" lon="11.775337"><ele>0</ele></trkpt>
      <trkpt lat="46.504666" lon="11.775347"><ele>0</ele></trkpt>
      <trkpt lat="46.504639" lon="11.775351"><ele>0</ele></trkpt>
      <trkpt lat="46.504612" lon="11.775349"><ele>0</ele></trkpt>
      <trkpt lat="46.504585" lon="11.775342"><ele>0</ele></trkpt>
      <trkpt lat="46.504559" lon="11.775329"><ele>0</ele></trkpt>
      <trkpt lat="46.504534" lon="11.775310"><ele>0</ele></trkpt>
      <trkpt lat="46.504511" lon="11.775286"><ele>0</ele></trkpt>
      <trkpt lat="46.504491" lon="11.775257"><ele>0</ele></trkpt>
      <trkpt lat="46.504474" lon="11.775224"><ele>0</ele></trkpt>
      <trkpt lat="46.504453" lon="11.775168"><ele>0</ele></trkpt>
      <trkpt lat="46.504368" lon="11.774857"><ele>0</ele></trkpt>
      <trkpt lat="46.504363" lon="11.774819"><ele>0</ele></trkpt>
      <trkpt lat="46.504361" lon="11.774781"><ele>0</ele></trkpt>
      <trkpt lat="46.504364" lon="11.774742"><ele>0</ele></trkpt>
      <trkpt lat="46.504384" lon="11.774585"><ele>0</ele></trkpt>
      <trkpt lat="46.504395" lon="11.774537"><ele>0</ele></trkpt>
      <trkpt lat="46.504411" lon="11.774483"><ele>0</ele></trkpt>
      <trkpt lat="46.504439" lon="11.774382"><ele>0</ele></trkpt>
      <trkpt lat="46.504443" lon="11.774353"><ele>0</ele></trkpt>
      <trkpt lat="46.504439" lon="11.774325"><ele>0</ele></trkpt>
      <trkpt lat="46.504428" lon="11.774300"><ele>0</ele></trkpt>
      <trkpt lat="46.504411" lon="11.774284"><ele>0</ele></trkpt>
      <trkpt lat="46.504392" lon="11.774278"><ele>0</ele></trkpt>
      <trkpt lat="46.504372" lon="11.774285"><ele>0</ele></trkpt>
      <trkpt lat="46.504352" lon="11.774295"><ele>0</ele></trkpt>
      <trkpt lat="46.504336" lon="11.774313"><ele>0</ele></trkpt>
      <trkpt lat="46.504324" lon="11.774338"><ele>0</ele></trkpt>
      <trkpt lat="46.504319" lon="11.774367"><ele>0</ele></trkpt>
      <trkpt lat="46.504316" lon="11.774495"><ele>0</ele></trkpt>
      <trkpt lat="46.504312" lon="11.774583"><ele>0</ele></trkpt>
      <trkpt lat="46.504300" lon="11.774733"><ele>0</ele></trkpt>
      <trkpt lat="46.504284" lon="11.774882"><ele>0</ele></trkpt>
      <trkpt lat="46.504265" lon="11.775031"><ele>0</ele></trkpt>
      <trkpt lat="46.504243" lon="11.775178"><ele>0</ele></trkpt>
      <trkpt lat="46.504219" lon="11.775325"><ele>0</ele></trkpt>
      <trkpt lat="46.504193" lon="11.775465"><ele>0</ele></trkpt>
      <trkpt lat="46.504146" lon="11.775694"><ele>0</ele></trkpt>
      <trkpt lat="46.504130" lon="11.775762"><ele>0</ele></trkpt>
      <trkpt lat="46.504114" lon="11.775831"><ele>0</ele></trkpt>
      <trkpt lat="46.504097" lon="11.775899"><ele>0</ele></trkpt>
      <trkpt lat="46.504079" lon="11.775966"><ele>0</ele></trkpt>
      <trkpt lat="46.504075" lon="11.776007"><ele>0</ele></trkpt>
      <trkpt lat="46.504075" lon="11.776048"><ele>0</ele></trkpt>
      <trkpt lat="46.504079" lon="11.776088"><ele>0</ele></trkpt>
      <trkpt lat="46.504088" lon="11.776127"><ele>0</ele></trkpt>
      <trkpt lat="46.504111" lon="11.776199"><ele>0</ele></trkpt>
      <trkpt lat="46.504135" lon="11.776269"><ele>0</ele></trkpt>
      <trkpt lat="46.504162" lon="11.776338"><ele>0</ele></trkpt>
      <trkpt lat="46.504190" lon="11.776409"><ele>0</ele></trkpt>
      <trkpt lat="46.504264" lon="11.776568"><ele>0</ele></trkpt>
      <trkpt lat="46.504288" lon="11.776617"><ele>0</ele></trkpt>
      <trkpt lat="46.504315" lon="11.776665"><ele>0</ele></trkpt>
      <trkpt lat="46.504344" lon="11.776710"><ele>0</ele></trkpt>
      <trkpt lat="46.504374" lon="11.776752"><ele>0</ele></trkpt>
      <trkpt lat="46.504406" lon="11.776792"><ele>0</ele></trkpt>
      <trkpt lat="46.504440" lon="11.776828"><ele>0</ele></trkpt>
      <trkpt lat="46.504476" lon="11.776861"><ele>0</ele></trkpt>
      <trkpt lat="46.504511" lon="11.776893"><ele>0</ele></trkpt>
      <trkpt lat="46.504543" lon="11.776920"><ele>0</ele></trkpt>
      <trkpt lat="46.504576" lon="11.776946"><ele>0</ele></trkpt>
      <trkpt lat="46.504609" lon="11.776969"><ele>0</ele></trkpt>
      <trkpt lat="46.504643" lon="11.776991"><ele>0</ele></trkpt>
      <trkpt lat="46.504678" lon="11.777010"><ele>0</ele></trkpt>
      <trkpt lat="46.504713" lon="11.777028"><ele>0</ele></trkpt>
      <trkpt lat="46.504754" lon="11.777043"><ele>0</ele></trkpt>
      <trkpt lat="46.504791" lon="11.777053"><ele>0</ele></trkpt>
      <trkpt lat="46.504839" lon="11.777066"><ele>0</ele></trkpt>
      <trkpt lat="46.504885" lon="11.777083"><ele>0</ele></trkpt>
      <trkpt lat="46.504917" lon="11.777101"><ele>0</ele></trkpt>
      <trkpt lat="46.504947" lon="11.777125"><ele>0</ele></trkpt>
      <trkpt lat="46.504975" lon="11.777154"><ele>0</ele></trkpt>
      <trkpt lat="46.504999" lon="11.777188"><ele>0</ele></trkpt>
      <trkpt lat="46.505021" lon="11.777227"><ele>0</ele></trkpt>
      <trkpt lat="46.505043" lon="11.777274"><ele>0</ele></trkpt>
      <trkpt lat="46.505172" lon="11.777588"><ele>0</ele></trkpt>
      <trkpt lat="46.505297" lon="11.777916"><ele>0</ele></trkpt>
      <trkpt lat="46.505311" lon="11.777966"><ele>0</ele></trkpt>
      <trkpt lat="46.505319" lon="11.778018"><ele>0</ele></trkpt>
      <trkpt lat="46.505324" lon="11.778071"><ele>0</ele></trkpt>
      <trkpt lat="46.505323" lon="11.778124"><ele>0</ele></trkpt>
      <trkpt lat="46.505317" lon="11.778177"><ele>0</ele></trkpt>
      <trkpt lat="46.505307" lon="11.778228"><ele>0</ele></trkpt>
      <trkpt lat="46.505293" lon="11.778277"><ele>0</ele></trkpt>
      <trkpt lat="46.505274" lon="11.778323"><ele>0</ele></trkpt>
      <trkpt lat="46.505231" lon="11.778405"><ele>0</ele></trkpt>
      <trkpt lat="46.505161" lon="11.778543"><ele>0</ele></trkpt>
      <trkpt lat="46.505046" lon="11.778759"><ele>0</ele></trkpt>
      <trkpt lat="46.505021" lon="11.778800"><ele>0</ele></trkpt>
      <trkpt lat="46.504994" lon="11.778839"><ele>0</ele></trkpt>
      <trkpt lat="46.504966" lon="11.778876"><ele>0</ele></trkpt>
      <trkpt lat="46.504936" lon="11.778910"><ele>0</ele></trkpt>
      <trkpt lat="46.504905" lon="11.778942"><ele>0</ele></trkpt>
      <trkpt lat="46.504873" lon="11.778971"><ele>0</ele></trkpt>
      <trkpt lat="46.504839" lon="11.778997"><ele>0</ele></trkpt>
      <trkpt lat="46.504744" lon="11.779070"><ele>0</ele></trkpt>
      <trkpt lat="46.504579" lon="11.779166"><ele>0</ele></trkpt>
      <trkpt lat="46.504558" lon="11.779188"><ele>0</ele></trkpt>
      <trkpt lat="46.504542" lon="11.779218"><ele>0</ele></trkpt>
      <trkpt lat="46.504532" lon="11.779252"><ele>0</ele></trkpt>
      <trkpt lat="46.504528" lon="11.779289"><ele>0</ele></trkpt>
      <trkpt lat="46.504531" lon="11.779326"><ele>0</ele></trkpt>
      <trkpt lat="46.504540" lon="11.779361"><ele>0</ele></trkpt>
      <trkpt lat="46.504554" lon="11.779395"><ele>0</ele></trkpt>
      <trkpt lat="46.504611" lon="11.779522"><ele>0</ele></trkpt>
      <trkpt lat="46.504647" lon="11.779602"><ele>0</ele></trkpt>
      <trkpt lat="46.504956" lon="11.780297"><ele>0</ele></trkpt>
      <trkpt lat="46.504959" lon="11.780305"><ele>0</ele></trkpt>
      <trkpt lat="46.505044" lon="11.780497"><ele>0</ele></trkpt>
      <trkpt lat="46.505158" lon="11.780754"><ele>0</ele></trkpt>
      <trkpt lat="46.505171" lon="11.780783"><ele>0</ele></trkpt>
      <trkpt lat="46.505195" lon="11.780837"><ele>0</ele></trkpt>
      <trkpt lat="46.505236" lon="11.780918"><ele>0</ele></trkpt>
      <trkpt lat="46.505279" lon="11.780995"><ele>0</ele></trkpt>
      <trkpt lat="46.505304" lon="11.781035"><ele>0</ele></trkpt>
      <trkpt lat="46.505325" lon="11.781068"><ele>0</ele></trkpt>
      <trkpt lat="46.505374" lon="11.781138"><ele>0</ele></trkpt>
      <trkpt lat="46.505407" lon="11.781185"><ele>0</ele></trkpt>
      <trkpt lat="46.505761" lon="11.781681"><ele>0</ele></trkpt>
      <trkpt lat="46.505791" lon="11.781724"><ele>0</ele></trkpt>
      <trkpt lat="46.505820" lon="11.781770"><ele>0</ele></trkpt>
      <trkpt lat="46.505847" lon="11.781818"><ele>0</ele></trkpt>
      <trkpt lat="46.505873" lon="11.781867"><ele>0</ele></trkpt>
      <trkpt lat="46.505897" lon="11.781919"><ele>0</ele></trkpt>
      <trkpt lat="46.505918" lon="11.781972"><ele>0</ele></trkpt>
      <trkpt lat="46.505938" lon="11.782027"><ele>0</ele></trkpt>
      <trkpt lat="46.505948" lon="11.782056"><ele>0</ele></trkpt>
      <trkpt lat="46.505957" lon="11.782083"><ele>0</ele></trkpt>
      <trkpt lat="46.506028" lon="11.782314"><ele>0</ele></trkpt>
      <trkpt lat="46.506217" lon="11.782927"><ele>0</ele></trkpt>
      <trkpt lat="46.506250" lon="11.783034"><ele>0</ele></trkpt>
      <trkpt lat="46.506279" lon="11.783132"><ele>0</ele></trkpt>
      <trkpt lat="46.506304" lon="11.783224"><ele>0</ele></trkpt>
      <trkpt lat="46.506409" lon="11.783649"><ele>0</ele></trkpt>
      <trkpt lat="46.506430" lon="11.783748"><ele>0</ele></trkpt>
      <trkpt lat="46.506454" lon="11.783863"><ele>0</ele></trkpt>
      <trkpt lat="46.506539" lon="11.784255"><ele>0</ele></trkpt>
      <trkpt lat="46.506564" lon="11.784400"><ele>0</ele></trkpt>
      <trkpt lat="46.506584" lon="11.784530"><ele>0</ele></trkpt>
      <trkpt lat="46.506600" lon="11.784636"><ele>0</ele></trkpt>
      <trkpt lat="46.506607" lon="11.784691"><ele>0</ele></trkpt>
      <trkpt lat="46.506612" lon="11.784745"><ele>0</ele></trkpt>
      <trkpt lat="46.506615" lon="11.784800"><ele>0</ele></trkpt>
      <trkpt lat="46.506617" lon="11.784864"><ele>0</ele></trkpt>
      <trkpt lat="46.506629" lon="11.785491"><ele>0</ele></trkpt>
      <trkpt lat="46.506631" lon="11.785658"><ele>0</ele></trkpt>
      <trkpt lat="46.506632" lon="11.785797"><ele>0</ele></trkpt>
      <trkpt lat="46.506636" lon="11.786065"><ele>0</ele></trkpt>
      <trkpt lat="46.506638" lon="11.786133"><ele>0</ele></trkpt>
      <trkpt lat="46.506644" lon="11.786201"><ele>0</ele></trkpt>
      <trkpt lat="46.506651" lon="11.786268"><ele>0</ele></trkpt>
      <trkpt lat="46.506661" lon="11.786335"><ele>0</ele></trkpt>
      <trkpt lat="46.506674" lon="11.786401"><ele>0</ele></trkpt>
      <trkpt lat="46.506688" lon="11.786466"><ele>0</ele></trkpt>
      <trkpt lat="46.506756" lon="11.786783"><ele>0</ele></trkpt>
      <trkpt lat="46.506767" lon="11.786833"><ele>0</ele></trkpt>
      <trkpt lat="46.506775" lon="11.786884"><ele>0</ele></trkpt>
      <trkpt lat="46.506782" lon="11.786936"><ele>0</ele></trkpt>
      <trkpt lat="46.506787" lon="11.786988"><ele>0</ele></trkpt>
      <trkpt lat="46.506790" lon="11.787040"><ele>0</ele></trkpt>
      <trkpt lat="46.506791" lon="11.787093"><ele>0</ele></trkpt>
      <trkpt lat="46.506790" lon="11.787145"><ele>0</ele></trkpt>
      <trkpt lat="46.506784" lon="11.787453"><ele>0</ele></trkpt>
      <trkpt lat="46.506784" lon="11.787510"><ele>0</ele></trkpt>
      <trkpt lat="46.506786" lon="11.787568"><ele>0</ele></trkpt>
      <trkpt lat="46.506789" lon="11.787625"><ele>0</ele></trkpt>
      <trkpt lat="46.506834" lon="11.788204"><ele>0</ele></trkpt>
      <trkpt lat="46.506839" lon="11.788309"><ele>0</ele></trkpt>
      <trkpt lat="46.506842" lon="11.788424"><ele>0</ele></trkpt>
      <trkpt lat="46.506841" lon="11.788482"><ele>0</ele></trkpt>
      <trkpt lat="46.506838" lon="11.788510"><ele>0</ele></trkpt>
      <trkpt lat="46.506828" lon="11.788534"><ele>0</ele></trkpt>
      <trkpt lat="46.506814" lon="11.788552"><ele>0</ele></trkpt>
      <trkpt lat="46.506797" lon="11.788562"><ele>0</ele></trkpt>
      <trkpt lat="46.506778" lon="11.788563"><ele>0</ele></trkpt>
      <trkpt lat="46.506760" lon="11.788556"><ele>0</ele></trkpt>
      <trkpt lat="46.506746" lon="11.788540"><ele>0</ele></trkpt>
      <trkpt lat="46.506735" lon="11.788518"><ele>0</ele></trkpt>
      <trkpt lat="46.506730" lon="11.788492"><ele>0</ele></trkpt>
      <trkpt lat="46.506726" lon="11.788442"><ele>0</ele></trkpt>
      <trkpt lat="46.506722" lon="11.788299"><ele>0</ele></trkpt>
      <trkpt lat="46.506718" lon="11.788243"><ele>0</ele></trkpt>
      <trkpt lat="46.506711" lon="11.788187"><ele>0</ele></trkpt>
      <trkpt lat="46.506703" lon="11.788132"><ele>0</ele></trkpt>
      <trkpt lat="46.506692" lon="11.788077"><ele>0</ele></trkpt>
      <trkpt lat="46.506679" lon="11.788024"><ele>0</ele></trkpt>
      <trkpt lat="46.506664" lon="11.787972"><ele>0</ele></trkpt>
      <trkpt lat="46.506548" lon="11.787560"><ele>0</ele></trkpt>
      <trkpt lat="46.506488" lon="11.787377"><ele>0</ele></trkpt>
      <trkpt lat="46.506451" lon="11.787280"><ele>0</ele></trkpt>
      <trkpt lat="46.506412" lon="11.787210"><ele>0</ele></trkpt>
      <trkpt lat="46.506324" lon="11.787081"><ele>0</ele></trkpt>
      <trkpt lat="46.506152" lon="11.786853"><ele>0</ele></trkpt>
      <trkpt lat="46.505492" lon="11.786055"><ele>0</ele></trkpt>
      <trkpt lat="46.504573" lon="11.784933"><ele>0</ele></trkpt>
      <trkpt lat="46.504413" lon="11.784727"><ele>0</ele></trkpt>
      <trkpt lat="46.504203" lon="11.784482"><ele>0</ele></trkpt>
      <trkpt lat="46.504139" lon="11.784456"><ele>0</ele></trkpt>
      <trkpt lat="46.504086" lon="11.784477"><ele>0</ele></trkpt>
      <trkpt lat="46.504048" lon="11.784545"><ele>0</ele></trkpt>
      <trkpt lat="46.504044" lon="11.784640"><ele>0</ele></trkpt>
      <trkpt lat="46.504061" lon="11.784705"><ele>0</ele></trkpt>
      <trkpt lat="46.504074" lon="11.784754"><ele>0</ele></trkpt>
      <trkpt lat="46.504178" lon="11.785054"><ele>0</ele></trkpt>
      <trkpt lat="46.504198" lon="11.785141"><ele>0</ele></trkpt>
      <trkpt lat="46.504207" lon="11.785182"><ele>0</ele></trkpt>
      <trkpt lat="46.504258" lon="11.785714"><ele>0</ele></trkpt>
      <trkpt lat="46.504305" lon="11.786098"><ele>0</ele></trkpt>
      <trkpt lat="46.504504" lon="11.786985"><ele>0</ele></trkpt>
      <trkpt lat="46.504508" lon="11.787114"><ele>0</ele></trkpt>
      <trkpt lat="46.504469" lon="11.787197"><ele>0</ele></trkpt>
      <trkpt lat="46.504414" lon="11.787215"><ele>0</ele></trkpt>
      <trkpt lat="46.504354" lon="11.787191"><ele>0</ele></trkpt>
      <trkpt lat="46.504276" lon="11.787055"><ele>0</ele></trkpt>
      <trkpt lat="46.504077" lon="11.786711"><ele>0</ele></trkpt>
      <trkpt lat="46.503912" lon="11.786493"><ele>0</ele></trkpt>
      <trkpt lat="46.503685" lon="11.786258"><ele>0</ele></trkpt>
      <trkpt lat="46.503312" lon="11.785875"><ele>0</ele></trkpt>
      <trkpt lat="46.502830" lon="11.785254"><ele>0</ele></trkpt>
      <trkpt lat="46.502810" lon="11.785220"><ele>0</ele></trkpt>
      <trkpt lat="46.502699" lon="11.785038"><ele>0</ele></trkpt>
      <trkpt lat="46.502640" lon="11.784809"><ele>0</ele></trkpt>
      <trkpt lat="46.502535" lon="11.784403"><ele>0</ele></trkpt>
      <trkpt lat="46.502427" lon="11.784068"><ele>0</ele></trkpt>
      <trkpt lat="46.502304" lon="11.783937"><ele>0</ele></trkpt>
      <trkpt lat="46.502153" lon="11.783851"><ele>0</ele></trkpt>
      <trkpt lat="46.502136" lon="11.783849"><ele>0</ele></trkpt>
      <trkpt lat="46.501971" lon="11.783831"><ele>0</ele></trkpt>
      <trkpt lat="46.501882" lon="11.783835"><ele>0</ele></trkpt>
      <trkpt lat="46.501579" lon="11.783845"><ele>0</ele></trkpt>
      <trkpt lat="46.501537" lon="11.783840"><ele>0</ele></trkpt>
      <trkpt lat="46.501407" lon="11.783824"><ele>0</ele></trkpt>
      <trkpt lat="46.501301" lon="11.783777"><ele>0</ele></trkpt>
      <trkpt lat="46.501211" lon="11.783709"><ele>0</ele></trkpt>
      <trkpt lat="46.501120" lon="11.783587"><ele>0</ele></trkpt>
      <trkpt lat="46.500762" lon="11.782896"><ele>0</ele></trkpt>
      <trkpt lat="46.500689" lon="11.782814"><ele>0</ele></trkpt>
      <trkpt lat="46.500639" lon="11.782809"><ele>0</ele></trkpt>
      <trkpt lat="46.500595" lon="11.782838"><ele>0</ele></trkpt>
      <trkpt lat="46.500576" lon="11.782898"><ele>0</ele></trkpt>
      <trkpt lat="46.500577" lon="11.782963"><ele>0</ele></trkpt>
      <trkpt lat="46.500597" lon="11.783011"><ele>0</ele></trkpt>
      <trkpt lat="46.501032" lon="11.783855"><ele>0</ele></trkpt>
      <trkpt lat="46.501434" lon="11.784725"><ele>0</ele></trkpt>
      <trkpt lat="46.501635" lon="11.784971"><ele>0</ele></trkpt>
      <trkpt lat="46.501833" lon="11.785212"><ele>0</ele></trkpt>
      <trkpt lat="46.501857" lon="11.785256"><ele>0</ele></trkpt>
      <trkpt lat="46.501923" lon="11.785378"><ele>0</ele></trkpt>
      <trkpt lat="46.501968" lon="11.785531"><ele>0</ele></trkpt>
      <trkpt lat="46.502221" lon="11.786533"><ele>0</ele></trkpt>
      <trkpt lat="46.502450" lon="11.787689"><ele>0</ele></trkpt>
      <trkpt lat="46.502568" lon="11.788013"><ele>0</ele></trkpt>
      <trkpt lat="46.502788" lon="11.788341"><ele>0</ele></trkpt>
      <trkpt lat="46.503079" lon="11.788738"><ele>0</ele></trkpt>
      <trkpt lat="46.503495" lon="11.789570"><ele>0</ele></trkpt>
      <trkpt lat="46.503568" lon="11.789770"><ele>0</ele></trkpt>
      <trkpt lat="46.503583" lon="11.789876"><ele>0</ele></trkpt>
      <trkpt lat="46.503580" lon="11.789975"><ele>0</ele></trkpt>
      <trkpt lat="46.503556" lon="11.790078"><ele>0</ele></trkpt>
      <trkpt lat="46.503495" lon="11.790210"><ele>0</ele></trkpt>
      <trkpt lat="46.502982" lon="11.790949"><ele>0</ele></trkpt>
      <trkpt lat="46.502907" lon="11.791041"><ele>0</ele></trkpt>
      <trkpt lat="46.502853" lon="11.791089"><ele>0</ele></trkpt>
      <trkpt lat="46.502804" lon="11.791133"><ele>0</ele></trkpt>
      <trkpt lat="46.502765" lon="11.791154"><ele>0</ele></trkpt>
      <trkpt lat="46.502744" lon="11.791166"><ele>0</ele></trkpt>
      <trkpt lat="46.502697" lon="11.791193"><ele>0</ele></trkpt>
      <trkpt lat="46.502315" lon="11.791354"><ele>0</ele></trkpt>
      <trkpt lat="46.502103" lon="11.791439"><ele>0</ele></trkpt>
      <trkpt lat="46.501744" lon="11.791585"><ele>0</ele></trkpt>
      <trkpt lat="46.501659" lon="11.791610"><ele>0</ele></trkpt>
      <trkpt lat="46.501562" lon="11.791626"><ele>0</ele></trkpt>
      <trkpt lat="46.501507" lon="11.791626"><ele>0</ele></trkpt>
      <trkpt lat="46.501478" lon="11.791626"><ele>0</ele></trkpt>
      <trkpt lat="46.501408" lon="11.791617"><ele>0</ele></trkpt>
      <trkpt lat="46.501339" lon="11.791601"><ele>0</ele></trkpt>
      <trkpt lat="46.501274" lon="11.791574"><ele>0</ele></trkpt>
      <trkpt lat="46.501188" lon="11.791521"><ele>0</ele></trkpt>
      <trkpt lat="46.500694" lon="11.791123"><ele>0</ele></trkpt>
      <trkpt lat="46.500384" lon="11.790845"><ele>0</ele></trkpt>
      <trkpt lat="46.500332" lon="11.790798"><ele>0</ele></trkpt>
      <trkpt lat="46.500213" lon="11.790709"><ele>0</ele></trkpt>
      <trkpt lat="46.500081" lon="11.790624"><ele>0</ele></trkpt>
      <trkpt lat="46.499927" lon="11.790594"><ele>0</ele></trkpt>
      <trkpt lat="46.499763" lon="11.790601"><ele>0</ele></trkpt>
      <trkpt lat="46.499409" lon="11.790703"><ele>0</ele></trkpt>
      <trkpt lat="46.498840" lon="11.790869"><ele>0</ele></trkpt>
      <trkpt lat="46.498766" lon="11.790882"><ele>0</ele></trkpt>
      <trkpt lat="46.498699" lon="11.790887"><ele>0</ele></trkpt>
      <trkpt lat="46.498641" lon="11.790882"><ele>0</ele></trkpt>
      <trkpt lat="46.498408" lon="11.790827"><ele>0</ele></trkpt>
      <trkpt lat="46.498147" lon="11.790752"><ele>0</ele></trkpt>
      <trkpt lat="46.497985" lon="11.790696"><ele>0</ele></trkpt>
      <trkpt lat="46.497796" lon="11.790613"><ele>0</ele></trkpt>
      <trkpt lat="46.497745" lon="11.790579"><ele>0</ele></trkpt>
      <trkpt lat="46.497153" lon="11.790040"><ele>0</ele></trkpt>
      <trkpt lat="46.496939" lon="11.789887"><ele>0</ele></trkpt>
      <trkpt lat="46.496463" lon="11.789683"><ele>0</ele></trkpt>
      <trkpt lat="46.496421" lon="11.789665"><ele>0</ele></trkpt>
      <trkpt lat="46.496294" lon="11.789567"><ele>0</ele></trkpt>
      <trkpt lat="46.496270" lon="11.789535"><ele>0</ele></trkpt>
      <trkpt lat="46.496181" lon="11.789412"><ele>0</ele></trkpt>
      <trkpt lat="46.496028" lon="11.789202"><ele>0</ele></trkpt>
      <trkpt lat="46.495712" lon="11.788733"><ele>0</ele></trkpt>
      <trkpt lat="46.495661" lon="11.788630"><ele>0</ele></trkpt>
      <trkpt lat="46.495628" lon="11.788535"><ele>0</ele></trkpt>
      <trkpt lat="46.495590" lon="11.788316"><ele>0</ele></trkpt>
      <trkpt lat="46.495587" lon="11.788188"><ele>0</ele></trkpt>
      <trkpt lat="46.495597" lon="11.788101"><ele>0</ele></trkpt>
      <trkpt lat="46.495628" lon="11.788043"><ele>0</ele></trkpt>
      <trkpt lat="46.495673" lon="11.787998"><ele>0</ele></trkpt>
      <trkpt lat="46.495717" lon="11.787990"><ele>0</ele></trkpt>
      <trkpt lat="46.495758" lon="11.788004"><ele>0</ele></trkpt>
      <trkpt lat="46.495800" lon="11.788042"><ele>0</ele></trkpt>
      <trkpt lat="46.495820" lon="11.788100"><ele>0</ele></trkpt>
      <trkpt lat="46.495831" lon="11.788193"><ele>0</ele></trkpt>
      <trkpt lat="46.495850" lon="11.788372"><ele>0</ele></trkpt>
      <trkpt lat="46.495881" lon="11.788430"><ele>0</ele></trkpt>
      <trkpt lat="46.495917" lon="11.788464"><ele>0</ele></trkpt>
      <trkpt lat="46.495960" lon="11.788471"><ele>0</ele></trkpt>
      <trkpt lat="46.496003" lon="11.788460"><ele>0</ele></trkpt>
      <trkpt lat="46.496045" lon="11.788412"><ele>0</ele></trkpt>
      <trkpt lat="46.496068" lon="11.788301"><ele>0</ele></trkpt>
      <trkpt lat="46.496041" lon="11.788007"><ele>0</ele></trkpt>
      <trkpt lat="46.495988" lon="11.787671"><ele>0</ele></trkpt>
      <trkpt lat="46.495908" lon="11.787425"><ele>0</ele></trkpt>
      <trkpt lat="46.495893" lon="11.787394"><ele>0</ele></trkpt>
      <trkpt lat="46.495839" lon="11.787442"><ele>0</ele></trkpt>
      <trkpt lat="46.495760" lon="11.787438"><ele>0</ele></trkpt>
      <trkpt lat="46.495656" lon="11.787319"><ele>0</ele></trkpt>
      <trkpt lat="46.495564" lon="11.787243"><ele>0</ele></trkpt>
      <trkpt lat="46.495409" lon="11.787134"><ele>0</ele></trkpt>
      <trkpt lat="46.495296" lon="11.787066"><ele>0</ele></trkpt>
      <trkpt lat="46.495197" lon="11.787022"><ele>0</ele></trkpt>
      <trkpt lat="46.495057" lon="11.786961"><ele>0</ele></trkpt>
      <trkpt lat="46.494781" lon="11.786868"><ele>0</ele></trkpt>
      <trkpt lat="46.494650" lon="11.786798"><ele>0</ele></trkpt>
      <trkpt lat="46.494558" lon="11.786710"><ele>0</ele></trkpt>
      <trkpt lat="46.494436" lon="11.786571"><ele>0</ele></trkpt>
      <trkpt lat="46.494337" lon="11.786485"><ele>0</ele></trkpt>
      <trkpt lat="46.494246" lon="11.786451"><ele>0</ele></trkpt>
      <trkpt lat="46.494153" lon="11.786446"><ele>0</ele></trkpt>
      <trkpt lat="46.494034" lon="11.786483"><ele>0</ele></trkpt>
      <trkpt lat="46.493931" lon="11.786578"><ele>0</ele></trkpt>
      <trkpt lat="46.493863" lon="11.786673"><ele>0</ele></trkpt>
      <trkpt lat="46.493799" lon="11.786878"><ele>0</ele></trkpt>
      <trkpt lat="46.493746" lon="11.787110"><ele>0</ele></trkpt>
      <trkpt lat="46.493707" lon="11.787225"><ele>0</ele></trkpt>
      <trkpt lat="46.493664" lon="11.787306"><ele>0</ele></trkpt>
      <trkpt lat="46.493613" lon="11.787365"><ele>0</ele></trkpt>
      <trkpt lat="46.493560" lon="11.787401"><ele>0</ele></trkpt>
      <trkpt lat="46.493503" lon="11.787421"><ele>0</ele></trkpt>
      <trkpt lat="46.493403" lon="11.787415"><ele>0</ele></trkpt>
      <trkpt lat="46.492972" lon="11.787329"><ele>0</ele></trkpt>
      <trkpt lat="46.492633" lon="11.787175"><ele>0</ele></trkpt>
      <trkpt lat="46.491898" lon="11.787043"><ele>0</ele></trkpt>
      <trkpt lat="46.491679" lon="11.787008"><ele>0</ele></trkpt>
      <trkpt lat="46.491600" lon="11.787014"><ele>0</ele></trkpt>
      <trkpt lat="46.491514" lon="11.787048"><ele>0</ele></trkpt>
      <trkpt lat="46.491471" lon="11.787067"><ele>0</ele></trkpt>
      <trkpt lat="46.491398" lon="11.787122"><ele>0</ele></trkpt>
      <trkpt lat="46.491263" lon="11.787247"><ele>0</ele></trkpt>
      <trkpt lat="46.491164" lon="11.787345"><ele>0</ele></trkpt>
      <trkpt lat="46.491099" lon="11.787401"><ele>0</ele></trkpt>
      <trkpt lat="46.491029" lon="11.787419"><ele>0</ele></trkpt>
      <trkpt lat="46.490856" lon="11.787460"><ele>0</ele></trkpt>
      <trkpt lat="46.490615" lon="11.787514"><ele>0</ele></trkpt>
      <trkpt lat="46.490325" lon="11.787553"><ele>0</ele></trkpt>
      <trkpt lat="46.490074" lon="11.787532"><ele>0</ele></trkpt>
      <trkpt lat="46.489870" lon="11.787549"><ele>0</ele></trkpt>
      <trkpt lat="46.489715" lon="11.787595"><ele>0</ele></trkpt>
      <trkpt lat="46.489587" lon="11.787609"><ele>0</ele></trkpt>
      <trkpt lat="46.489241" lon="11.787560"><ele>0</ele></trkpt>
      <trkpt lat="46.489149" lon="11.787559"><ele>0</ele></trkpt>
      <trkpt lat="46.488896" lon="11.787586"><ele>0</ele></trkpt>
      <trkpt lat="46.488827" lon="11.787618"><ele>0</ele></trkpt>
      <trkpt lat="46.488643" lon="11.787892"><ele>0</ele></trkpt>
      <trkpt lat="46.488562" lon="11.787978"><ele>0</ele></trkpt>
      <trkpt lat="46.488440" lon="11.788069"><ele>0</ele></trkpt>
      <trkpt lat="46.488141" lon="11.788193"><ele>0</ele></trkpt>
      <trkpt lat="46.488054" lon="11.788217"><ele>0</ele></trkpt>
      <trkpt lat="46.487826" lon="11.788153"><ele>0</ele></trkpt>
      <trkpt lat="46.487585" lon="11.788081"><ele>0</ele></trkpt>
      <trkpt lat="46.487150" lon="11.787781"><ele>0</ele></trkpt>
      <trkpt lat="46.486826" lon="11.787494"><ele>0</ele></trkpt>
      <trkpt lat="46.486599" lon="11.787362"><ele>0</ele></trkpt>
      <trkpt lat="46.486414" lon="11.787328"><ele>0</ele></trkpt>
      <trkpt lat="46.486249" lon="11.787243"><ele>0</ele></trkpt>
      <trkpt lat="46.485988" lon="11.787094"><ele>0</ele></trkpt>
      <trkpt lat="46.485877" lon="11.787098"><ele>0</ele></trkpt>
      <trkpt lat="46.485827" lon="11.787142"><ele>0</ele></trkpt>
      <trkpt lat="46.485754" lon="11.787297"><ele>0</ele></trkpt>
      <trkpt lat="46.485664" lon="11.787648"><ele>0</ele></trkpt>
      <trkpt lat="46.485595" lon="11.787843"><ele>0</ele></trkpt>
      <trkpt lat="46.485545" lon="11.787921"><ele>0</ele></trkpt>
      <trkpt lat="46.485456" lon="11.787948"><ele>0</ele></trkpt>
      <trkpt lat="46.485368" lon="11.787929"><ele>0</ele></trkpt>
      <trkpt lat="46.485326" lon="11.787875"><ele>0</ele></trkpt>
      <trkpt lat="46.485102" lon="11.787443"><ele>0</ele></trkpt>
      <trkpt lat="46.485027" lon="11.787353"><ele>0</ele></trkpt>
      <trkpt lat="46.484648" lon="11.787129"><ele>0</ele></trkpt>
      <trkpt lat="46.484497" lon="11.787109"><ele>0</ele></trkpt>
      <trkpt lat="46.484104" lon="11.787052"><ele>0</ele></trkpt>
      <trkpt lat="46.483708" lon="11.786995"><ele>0</ele></trkpt>
      <trkpt lat="46.483562" lon="11.786988"><ele>0</ele></trkpt>
      <trkpt lat="46.483482" lon="11.786991"><ele>0</ele></trkpt>
      <trkpt lat="46.483397" lon="11.787025"><ele>0</ele></trkpt>
      <trkpt lat="46.483332" lon="11.787101"><ele>0</ele></trkpt>
      <trkpt lat="46.483261" lon="11.787223"><ele>0</ele></trkpt>
      <trkpt lat="46.483204" lon="11.787320"><ele>0</ele></trkpt>
      <trkpt lat="46.483152" lon="11.787378"><ele>0</ele></trkpt>
      <trkpt lat="46.483068" lon="11.787441"><ele>0</ele></trkpt>
      <trkpt lat="46.482775" lon="11.787651"><ele>0</ele></trkpt>
      <trkpt lat="46.482479" lon="11.787834"><ele>0</ele></trkpt>
      <trkpt lat="46.482263" lon="11.787894"><ele>0</ele></trkpt>
      <trkpt lat="46.482093" lon="11.787887"><ele>0</ele></trkpt>
      <trkpt lat="46.482046" lon="11.787874"><ele>0</ele></trkpt>
      <trkpt lat="46.481980" lon="11.787858"><ele>0</ele></trkpt>
      <trkpt lat="46.481901" lon="11.787858"><ele>0</ele></trkpt>
      <trkpt lat="46.481840" lon="11.787888"><ele>0</ele></trkpt>
      <trkpt lat="46.481768" lon="11.788013"><ele>0</ele></trkpt>
      <trkpt lat="46.481620" lon="11.788306"><ele>0</ele></trkpt>
      <trkpt lat="46.481591" lon="11.788380"><ele>0</ele></trkpt>
      <trkpt lat="46.481583" lon="11.788436"><ele>0</ele></trkpt>
      <trkpt lat="46.481588" lon="11.788498"><ele>0</ele></trkpt>
      <trkpt lat="46.481601" lon="11.788537"><ele>0</ele></trkpt>
      <trkpt lat="46.481622" lon="11.788577"><ele>0</ele></trkpt>
      <trkpt lat="46.481662" lon="11.788596"><ele>0</ele></trkpt>
      <trkpt lat="46.481709" lon="11.788596"><ele>0</ele></trkpt>
      <trkpt lat="46.481747" lon="11.788571"><ele>0</ele></trkpt>
      <trkpt lat="46.481772" lon="11.788529"><ele>0</ele></trkpt>
      <trkpt lat="46.481811" lon="11.788411"><ele>0</ele></trkpt>
      <trkpt lat="46.481847" lon="11.788318"><ele>0</ele></trkpt>
      <trkpt lat="46.481880" lon="11.788265"><ele>0</ele></trkpt>
      <trkpt lat="46.481921" lon="11.788239"><ele>0</ele></trkpt>
      <trkpt lat="46.481994" lon="11.788220"><ele>0</ele></trkpt>
      <trkpt lat="46.482450" lon="11.788191"><ele>0</ele></trkpt>
      <trkpt lat="46.482732" lon="11.788157"><ele>0</ele></trkpt>
      <trkpt lat="46.482960" lon="11.788084"><ele>0</ele></trkpt>
      <trkpt lat="46.483260" lon="11.787941"><ele>0</ele></trkpt>
      <trkpt lat="46.483449" lon="11.787852"><ele>0</ele></trkpt>
      <trkpt lat="46.483546" lon="11.787815"><ele>0</ele></trkpt>
      <trkpt lat="46.483643" lon="11.787811"><ele>0</ele></trkpt>
      <trkpt lat="46.483859" lon="11.787878"><ele>0</ele></trkpt>
      <trkpt lat="46.484062" lon="11.787943"><ele>0</ele></trkpt>
      <trkpt lat="46.484113" lon="11.787985"><ele>0</ele></trkpt>
      <trkpt lat="46.484153" lon="11.788071"><ele>0</ele></trkpt>
      <trkpt lat="46.484219" lon="11.788266"><ele>0</ele></trkpt>
      <trkpt lat="46.484428" lon="11.789008"><ele>0</ele></trkpt>
      <trkpt lat="46.484519" lon="11.789525"><ele>0</ele></trkpt>
      <trkpt lat="46.484615" lon="11.789779"><ele>0</ele></trkpt>
      <trkpt lat="46.484725" lon="11.789970"><ele>0</ele></trkpt>
      <trkpt lat="46.484814" lon="11.790206"><ele>0</ele></trkpt>
      <trkpt lat="46.484835" lon="11.790409"><ele>0</ele></trkpt>
      <trkpt lat="46.484834" lon="11.790587"><ele>0</ele></trkpt>
      <trkpt lat="46.484848" lon="11.790735"><ele>0</ele></trkpt>
      <trkpt lat="46.484868" lon="11.790851"><ele>0</ele></trkpt>
      <trkpt lat="46.484896" lon="11.790933"><ele>0</ele></trkpt>
      <trkpt lat="46.484950" lon="11.791029"><ele>0</ele></trkpt>
      <trkpt lat="46.485014" lon="11.791059"><ele>0</ele></trkpt>
      <trkpt lat="46.485095" lon="11.791033"><ele>0</ele></trkpt>
      <trkpt lat="46.485222" lon="11.790904"><ele>0</ele></trkpt>
      <trkpt lat="46.485413" lon="11.790821"><ele>0</ele></trkpt>
      <trkpt lat="46.485572" lon="11.790780"><ele>0</ele></trkpt>
      <trkpt lat="46.485645" lon="11.790784"><ele>0</ele></trkpt>
      <trkpt lat="46.485771" lon="11.790836"><ele>0</ele></trkpt>
      <trkpt lat="46.485823" lon="11.790859"><ele>0</ele></trkpt>
      <trkpt lat="46.485919" lon="11.790939"><ele>0</ele></trkpt>
      <trkpt lat="46.485952" lon="11.790998"><ele>0</ele></trkpt>
      <trkpt lat="46.486041" lon="11.791290"><ele>0</ele></trkpt>
      <trkpt lat="46.486139" lon="11.791531"><ele>0</ele></trkpt>
      <trkpt lat="46.486295" lon="11.791826"><ele>0</ele></trkpt>
      <trkpt lat="46.486416" lon="11.792012"><ele>0</ele></trkpt>
      <trkpt lat="46.486486" lon="11.792050"><ele>0</ele></trkpt>
      <trkpt lat="46.486562" lon="11.792046"><ele>0</ele></trkpt>
      <trkpt lat="46.486635" lon="11.792005"><ele>0</ele></trkpt>
      <trkpt lat="46.486704" lon="11.791878"><ele>0</ele></trkpt>
      <trkpt lat="46.486755" lon="11.791595"><ele>0</ele></trkpt>
      <trkpt lat="46.486839" lon="11.791407"><ele>0</ele></trkpt>
      <trkpt lat="46.486915" lon="11.791298"><ele>0</ele></trkpt>
      <trkpt lat="46.487021" lon="11.791251"><ele>0</ele></trkpt>
      <trkpt lat="46.487191" lon="11.791267"><ele>0</ele></trkpt>
      <trkpt lat="46.487635" lon="11.791436"><ele>0</ele></trkpt>
      <trkpt lat="46.487759" lon="11.791456"><ele>0</ele></trkpt>
      <trkpt lat="46.487912" lon="11.791417"><ele>0</ele></trkpt>
      <trkpt lat="46.488032" lon="11.791348"><ele>0</ele></trkpt>
      <trkpt lat="46.488909" lon="11.790818"><ele>0</ele></trkpt>
      <trkpt lat="46.489132" lon="11.790580"><ele>0</ele></trkpt>
      <trkpt lat="46.489275" lon="11.790518"><ele>0</ele></trkpt>
      <trkpt lat="46.489410" lon="11.790530"><ele>0</ele></trkpt>
      <trkpt lat="46.489537" lon="11.790629"><ele>0</ele></trkpt>
      <trkpt lat="46.489677" lon="11.790802"><ele>0</ele></trkpt>
      <trkpt lat="46.489884" lon="11.791197"><ele>0</ele></trkpt>
      <trkpt lat="46.489950" lon="11.791420"><ele>0</ele></trkpt>
      <trkpt lat="46.490052" lon="11.791992"><ele>0</ele></trkpt>
      <trkpt lat="46.490120" lon="11.792254"><ele>0</ele></trkpt>
      <trkpt lat="46.490219" lon="11.792450"><ele>0</ele></trkpt>
      <trkpt lat="46.490264" lon="11.792606"><ele>0</ele></trkpt>
      <trkpt lat="46.490249" lon="11.792668"><ele>0</ele></trkpt>
      <trkpt lat="46.490237" lon="11.792716"><ele>0</ele></trkpt>
      <trkpt lat="46.490154" lon="11.792786"><ele>0</ele></trkpt>
      <trkpt lat="46.490101" lon="11.792789"><ele>0</ele></trkpt>
      <trkpt lat="46.490046" lon="11.792738"><ele>0</ele></trkpt>
      <trkpt lat="46.490015" lon="11.792612"><ele>0</ele></trkpt>
      <trkpt lat="46.489994" lon="11.792344"><ele>0</ele></trkpt>
      <trkpt lat="46.489890" lon="11.791993"><ele>0</ele></trkpt>
      <trkpt lat="46.489722" lon="11.791630"><ele>0</ele></trkpt>
      <trkpt lat="46.489438" lon="11.791472"><ele>0</ele></trkpt>
      <trkpt lat="46.489329" lon="11.791466"><ele>0</ele></trkpt>
      <trkpt lat="46.489265" lon="11.791519"><ele>0</ele></trkpt>
      <trkpt lat="46.489060" lon="11.791999"><ele>0</ele></trkpt>
      <trkpt lat="46.488808" lon="11.792288"><ele>0</ele></trkpt>
      <trkpt lat="46.488399" lon="11.792768"><ele>0</ele></trkpt>
      <trkpt lat="46.488252" lon="11.792843"><ele>0</ele></trkpt>
      <trkpt lat="46.488060" lon="11.792906"><ele>0</ele></trkpt>
      <trkpt lat="46.487945" lon="11.792953"><ele>0</ele></trkpt>
      <trkpt lat="46.487826" lon="11.793001"><ele>0</ele></trkpt>
      <trkpt lat="46.487772" lon="11.793044"><ele>0</ele></trkpt>
      <trkpt lat="46.487719" lon="11.793115"><ele>0</ele></trkpt>
      <trkpt lat="46.487674" lon="11.793204"><ele>0</ele></trkpt>
      <trkpt lat="46.487633" lon="11.793319"><ele>0</ele></trkpt>
      <trkpt lat="46.487608" lon="11.793435"><ele>0</ele></trkpt>
      <trkpt lat="46.487604" lon="11.793578"><ele>0</ele></trkpt>
      <trkpt lat="46.487617" lon="11.794250"><ele>0</ele></trkpt>
      <trkpt lat="46.487661" lon="11.795970"><ele>0</ele></trkpt>
      <trkpt lat="46.487667" lon="11.796137"><ele>0</ele></trkpt>
      <trkpt lat="46.487676" lon="11.796202"><ele>0</ele></trkpt>
      <trkpt lat="46.487741" lon="11.796423"><ele>0</ele></trkpt>
      <trkpt lat="46.487759" lon="11.796509"><ele>0</ele></trkpt>
      <trkpt lat="46.487766" lon="11.796600"><ele>0</ele></trkpt>
      <trkpt lat="46.487766" lon="11.796700"><ele>0</ele></trkpt>
      <trkpt lat="46.487743" lon="11.796797"><ele>0</ele></trkpt>
      <trkpt lat="46.487702" lon="11.796889"><ele>0</ele></trkpt>
      <trkpt lat="46.487654" lon="11.796945"><ele>0</ele></trkpt>
      <trkpt lat="46.487611" lon="11.796987"><ele>0</ele></trkpt>
      <trkpt lat="46.487542" lon="11.797017"><ele>0</ele></trkpt>
      <trkpt lat="46.487191" lon="11.797123"><ele>0</ele></trkpt>
      <trkpt lat="46.487120" lon="11.797164"><ele>0</ele></trkpt>
      <trkpt lat="46.487094" lon="11.797190"><ele>0</ele></trkpt>
      <trkpt lat="46.487074" lon="11.797229"><ele>0</ele></trkpt>
      <trkpt lat="46.487048" lon="11.797322"><ele>0</ele></trkpt>
      <trkpt lat="46.487031" lon="11.797610"><ele>0</ele></trkpt>
      <trkpt lat="46.487013" lon="11.797664"><ele>0</ele></trkpt>
      <trkpt lat="46.486986" lon="11.797702"><ele>0</ele></trkpt>
      <trkpt lat="46.486954" lon="11.797727"><ele>0</ele></trkpt>
      <trkpt lat="46.486906" lon="11.797746"><ele>0</ele></trkpt>
      <trkpt lat="46.486860" lon="11.797742"><ele>0</ele></trkpt>
      <trkpt lat="46.486819" lon="11.797717"><ele>0</ele></trkpt>
      <trkpt lat="46.486759" lon="11.797653"><ele>0</ele></trkpt>
      <trkpt lat="46.486694" lon="11.797554"><ele>0</ele></trkpt>
      <trkpt lat="46.486646" lon="11.797471"><ele>0</ele></trkpt>
      <trkpt lat="46.486599" lon="11.797400"><ele>0</ele></trkpt>
      <trkpt lat="46.486562" lon="11.797369"><ele>0</ele></trkpt>
      <trkpt lat="46.486518" lon="11.797354"><ele>0</ele></trkpt>
      <trkpt lat="46.486468" lon="11.797345"><ele>0</ele></trkpt>
      <trkpt lat="46.486410" lon="11.797346"><ele>0</ele></trkpt>
      <trkpt lat="46.486354" lon="11.797363"><ele>0</ele></trkpt>
      <trkpt lat="46.486299" lon="11.797401"><ele>0</ele></trkpt>
      <trkpt lat="46.486241" lon="11.797469"><ele>0</ele></trkpt>
      <trkpt lat="46.486086" lon="11.797785"><ele>0</ele></trkpt>
      <trkpt lat="46.486051" lon="11.797841"><ele>0</ele></trkpt>
      <trkpt lat="46.486013" lon="11.797881"><ele>0</ele></trkpt>
      <trkpt lat="46.485974" lon="11.797906"><ele>0</ele></trkpt>
      <trkpt lat="46.485930" lon="11.797916"><ele>0</ele></trkpt>
      <trkpt lat="46.485883" lon="11.797915"><ele>0</ele></trkpt>
      <trkpt lat="46.485844" lon="11.797900"><ele>0</ele></trkpt>
      <trkpt lat="46.485765" lon="11.797865"><ele>0</ele></trkpt>
      <trkpt lat="46.485730" lon="11.797862"><ele>0</ele></trkpt>
      <trkpt lat="46.485693" lon="11.797870"><ele>0</ele></trkpt>
      <trkpt lat="46.485660" lon="11.797907"><ele>0</ele></trkpt>
      <trkpt lat="46.485643" lon="11.797954"><ele>0</ele></trkpt>
      <trkpt lat="46.485634" lon="11.798020"><ele>0</ele></trkpt>
      <trkpt lat="46.485648" lon="11.798095"><ele>0</ele></trkpt>
      <trkpt lat="46.485668" lon="11.798137"><ele>0</ele></trkpt>
      <trkpt lat="46.485700" lon="11.798164"><ele>0</ele></trkpt>
      <trkpt lat="46.485728" lon="11.798170"><ele>0</ele></trkpt>
      <trkpt lat="46.485766" lon="11.798168"><ele>0</ele></trkpt>
      <trkpt lat="46.485896" lon="11.798139"><ele>0</ele></trkpt>
      <trkpt lat="46.485946" lon="11.798142"><ele>0</ele></trkpt>
      <trkpt lat="46.485997" lon="11.798164"><ele>0</ele></trkpt>
      <trkpt lat="46.486046" lon="11.798201"><ele>0</ele></trkpt>
      <trkpt lat="46.486126" lon="11.798301"><ele>0</ele></trkpt>
      <trkpt lat="46.486635" lon="11.799035"><ele>0</ele></trkpt>
      <trkpt lat="46.486714" lon="11.799148"><ele>0</ele></trkpt>
      <trkpt lat="46.486824" lon="11.799293"><ele>0</ele></trkpt>
      <trkpt lat="46.486911" lon="11.799407"><ele>0</ele></trkpt>
      <trkpt lat="46.486960" lon="11.799450"><ele>0</ele></trkpt>
      <trkpt lat="46.487016" lon="11.799483"><ele>0</ele></trkpt>
      <trkpt lat="46.487198" lon="11.799544"><ele>0</ele></trkpt>
      <trkpt lat="46.487224" lon="11.799557"><ele>0</ele></trkpt>
      <trkpt lat="46.487248" lon="11.799590"><ele>0</ele></trkpt>
      <trkpt lat="46.487260" lon="11.799632"><ele>0</ele></trkpt>
      <trkpt lat="46.487261" lon="11.799675"><ele>0</ele></trkpt>
      <trkpt lat="46.487255" lon="11.799719"><ele>0</ele></trkpt>
      <trkpt lat="46.487239" lon="11.799758"><ele>0</ele></trkpt>
      <trkpt lat="46.487207" lon="11.799784"><ele>0</ele></trkpt>
      <trkpt lat="46.487171" lon="11.799792"><ele>0</ele></trkpt>
      <trkpt lat="46.487132" lon="11.799790"><ele>0</ele></trkpt>
      <trkpt lat="46.486428" lon="11.799560"><ele>0</ele></trkpt>
      <trkpt lat="46.486258" lon="11.799505"><ele>0</ele></trkpt>
      <trkpt lat="46.486219" lon="11.799512"><ele>0</ele></trkpt>
      <trkpt lat="46.486181" lon="11.799548"><ele>0</ele></trkpt>
      <trkpt lat="46.486158" lon="11.799613"><ele>0</ele></trkpt>
      <trkpt lat="46.486155" lon="11.799695"><ele>0</ele></trkpt>
      <trkpt lat="46.486183" lon="11.799757"><ele>0</ele></trkpt>
      <trkpt lat="46.486215" lon="11.799792"><ele>0</ele></trkpt>
      <trkpt lat="46.486357" lon="11.799835"><ele>0</ele></trkpt>
      <trkpt lat="46.486428" lon="11.799856"><ele>0</ele></trkpt>
      <trkpt lat="46.486467" lon="11.799886"><ele>0</ele></trkpt>
      <trkpt lat="46.486709" lon="11.800174"><ele>0</ele></trkpt>
      <trkpt lat="46.487022" lon="11.800418"><ele>0</ele></trkpt>
      <trkpt lat="46.487110" lon="11.800487"><ele>0</ele></trkpt>
      <trkpt lat="46.487311" lon="11.800603"><ele>0</ele></trkpt>
      <trkpt lat="46.488110" lon="11.800907"><ele>0</ele></trkpt>
      <trkpt lat="46.488163" lon="11.800918"><ele>0</ele></trkpt>
      <trkpt lat="46.488201" lon="11.800917"><ele>0</ele></trkpt>
      <trkpt lat="46.488241" lon="11.800911"><ele>0</ele></trkpt>
      <trkpt lat="46.488315" lon="11.800872"><ele>0</ele></trkpt>
      <trkpt lat="46.488453" lon="11.800778"><ele>0</ele></trkpt>
      <trkpt lat="46.488504" lon="11.800747"><ele>0</ele></trkpt>
      <trkpt lat="46.488556" lon="11.800728"><ele>0</ele></trkpt>
      <trkpt lat="46.488618" lon="11.800723"><ele>0</ele></trkpt>
      <trkpt lat="46.488681" lon="11.800734"><ele>0</ele></trkpt>
      <trkpt lat="46.488738" lon="11.800757"><ele>0</ele></trkpt>
      <trkpt lat="46.488795" lon="11.800797"><ele>0</ele></trkpt>
      <trkpt lat="46.488836" lon="11.800839"><ele>0</ele></trkpt>
      <trkpt lat="46.488879" lon="11.800906"><ele>0</ele></trkpt>
      <trkpt lat="46.488921" lon="11.801020"><ele>0</ele></trkpt>
      <trkpt lat="46.488932" lon="11.801096"><ele>0</ele></trkpt>
      <trkpt lat="46.488936" lon="11.801171"><ele>0</ele></trkpt>
      <trkpt lat="46.488930" lon="11.801252"><ele>0</ele></trkpt>
      <trkpt lat="46.488914" lon="11.801335"><ele>0</ele></trkpt>
      <trkpt lat="46.488858" lon="11.801497"><ele>0</ele></trkpt>
      <trkpt lat="46.488743" lon="11.801767"><ele>0</ele></trkpt>
      <trkpt lat="46.488574" lon="11.802165"><ele>0</ele></trkpt>
      <trkpt lat="46.488259" lon="11.802903"><ele>0</ele></trkpt>
      <trkpt lat="46.488237" lon="11.802979"><ele>0</ele></trkpt>
      <trkpt lat="46.488225" lon="11.803056"><ele>0</ele></trkpt>
      <trkpt lat="46.488231" lon="11.803161"><ele>0</ele></trkpt>
      <trkpt lat="46.488257" lon="11.803238"><ele>0</ele></trkpt>
      <trkpt lat="46.488277" lon="11.803281"><ele>0</ele></trkpt>
      <trkpt lat="46.488303" lon="11.803305"><ele>0</ele></trkpt>
      <trkpt lat="46.488349" lon="11.803325"><ele>0</ele></trkpt>
      <trkpt lat="46.488412" lon="11.803325"><ele>0</ele></trkpt>
      <trkpt lat="46.488911" lon="11.803168"><ele>0</ele></trkpt>
      <trkpt lat="46.489003" lon="11.803075"><ele>0</ele></trkpt>
      <trkpt lat="46.489030" lon="11.803047"><ele>0</ele></trkpt>
      <trkpt lat="46.489058" lon="11.803035"><ele>0</ele></trkpt>
      <trkpt lat="46.489080" lon="11.803039"><ele>0</ele></trkpt>
      <trkpt lat="46.489103" lon="11.803054"><ele>0</ele></trkpt>
      <trkpt lat="46.489127" lon="11.803085"><ele>0</ele></trkpt>
      <trkpt lat="46.489142" lon="11.803131"><ele>0</ele></trkpt>
      <trkpt lat="46.489147" lon="11.803173"><ele>0</ele></trkpt>
      <trkpt lat="46.489145" lon="11.803216"><ele>0</ele></trkpt>
      <trkpt lat="46.489136" lon="11.803237"><ele>0</ele></trkpt>
      <trkpt lat="46.489100" lon="11.803286"><ele>0</ele></trkpt>
      <trkpt lat="46.489006" lon="11.803418"><ele>0</ele></trkpt>
      <trkpt lat="46.488814" lon="11.803669"><ele>0</ele></trkpt>
      <trkpt lat="46.488665" lon="11.803859"><ele>0</ele></trkpt>
      <trkpt lat="46.488426" lon="11.804061"><ele>0</ele></trkpt>
      <trkpt lat="46.488154" lon="11.804400"><ele>0</ele></trkpt>
      <trkpt lat="46.488119" lon="11.804455"><ele>0</ele></trkpt>
      <trkpt lat="46.488086" lon="11.804522"><ele>0</ele></trkpt>
      <trkpt lat="46.488079" lon="11.804577"><ele>0</ele></trkpt>
      <trkpt lat="46.488087" lon="11.804645"><ele>0</ele></trkpt>
      <trkpt lat="46.488102" lon="11.804686"><ele>0</ele></trkpt>
      <trkpt lat="46.488125" lon="11.804717"><ele>0</ele></trkpt>
      <trkpt lat="46.488153" lon="11.804736"><ele>0</ele></trkpt>
      <trkpt lat="46.488193" lon="11.804743"><ele>0</ele></trkpt>
      <trkpt lat="46.488228" lon="11.804725"><ele>0</ele></trkpt>
      <trkpt lat="46.488263" lon="11.804689"><ele>0</ele></trkpt>
      <trkpt lat="46.488548" lon="11.804361"><ele>0</ele></trkpt>
      <trkpt lat="46.488577" lon="11.804335"><ele>0</ele></trkpt>
      <trkpt lat="46.488607" lon="11.804328"><ele>0</ele></trkpt>
      <trkpt lat="46.488635" lon="11.804331"><ele>0</ele></trkpt>
      <trkpt lat="46.488662" lon="11.804355"><ele>0</ele></trkpt>
      <trkpt lat="46.488679" lon="11.804389"><ele>0</ele></trkpt>
      <trkpt lat="46.488687" lon="11.804432"><ele>0</ele></trkpt>
      <trkpt lat="46.488682" lon="11.804467"><ele>0</ele></trkpt>
      <trkpt lat="46.488667" lon="11.804503"><ele>0</ele></trkpt>
      <trkpt lat="46.488619" lon="11.804585"><ele>0</ele></trkpt>
      <trkpt lat="46.488536" lon="11.804699"><ele>0</ele></trkpt>
      <trkpt lat="46.488355" lon="11.804992"><ele>0</ele></trkpt>
      <trkpt lat="46.488225" lon="11.805280"><ele>0</ele></trkpt>
      <trkpt lat="46.488190" lon="11.805369"><ele>0</ele></trkpt>
      <trkpt lat="46.488172" lon="11.805429"><ele>0</ele></trkpt>
      <trkpt lat="46.488168" lon="11.805483"><ele>0</ele></trkpt>
      <trkpt lat="46.488168" lon="11.805534"><ele>0</ele></trkpt>
      <trkpt lat="46.488173" lon="11.805565"><ele>0</ele></trkpt>
      <trkpt lat="46.488181" lon="11.805593"><ele>0</ele></trkpt>
      <trkpt lat="46.488200" lon="11.805627"><ele>0</ele></trkpt>
      <trkpt lat="46.488220" lon="11.805658"><ele>0</ele></trkpt>
      <trkpt lat="46.488246" lon="11.805679"><ele>0</ele></trkpt>
      <trkpt lat="46.488281" lon="11.805694"><ele>0</ele></trkpt>
      <trkpt lat="46.488323" lon="11.805698"><ele>0</ele></trkpt>
      <trkpt lat="46.488344" lon="11.805691"><ele>0</ele></trkpt>
      <trkpt lat="46.488362" lon="11.805681"><ele>0</ele></trkpt>
      <trkpt lat="46.488378" lon="11.805665"><ele>0</ele></trkpt>
      <trkpt lat="46.488390" lon="11.805646"><ele>0</ele></trkpt>
      <trkpt lat="46.488536" lon="11.805325"><ele>0</ele></trkpt>
      <trkpt lat="46.488563" lon="11.805288"><ele>0</ele></trkpt>
      <trkpt lat="46.488589" lon="11.805264"><ele>0</ele></trkpt>
      <trkpt lat="46.488624" lon="11.805238"><ele>0</ele></trkpt>
      <trkpt lat="46.488668" lon="11.805231"><ele>0</ele></trkpt>
      <trkpt lat="46.488707" lon="11.805240"><ele>0</ele></trkpt>
      <trkpt lat="46.488742" lon="11.805271"><ele>0</ele></trkpt>
      <trkpt lat="46.488756" lon="11.805292"><ele>0</ele></trkpt>
      <trkpt lat="46.488771" lon="11.805323"><ele>0</ele></trkpt>
      <trkpt lat="46.488780" lon="11.805380"><ele>0</ele></trkpt>
      <trkpt lat="46.488777" lon="11.805427"><ele>0</ele></trkpt>
      <trkpt lat="46.488765" lon="11.805489"><ele>0</ele></trkpt>
      <trkpt lat="46.488741" lon="11.805626"><ele>0</ele></trkpt>
      <trkpt lat="46.488705" lon="11.805852"><ele>0</ele></trkpt>
      <trkpt lat="46.488665" lon="11.806103"><ele>0</ele></trkpt>
      <trkpt lat="46.488571" lon="11.806671"><ele>0</ele></trkpt>
      <trkpt lat="46.488529" lon="11.806865"><ele>0</ele></trkpt>
      <trkpt lat="46.488478" lon="11.807057"><ele>0</ele></trkpt>
      <trkpt lat="46.488278" lon="11.807619"><ele>0</ele></trkpt>
      <trkpt lat="46.488264" lon="11.807682"><ele>0</ele></trkpt>
      <trkpt lat="46.488260" lon="11.807740"><ele>0</ele></trkpt>
      <trkpt lat="46.488266" lon="11.807800"><ele>0</ele></trkpt>
      <trkpt lat="46.488282" lon="11.807857"><ele>0</ele></trkpt>
      <trkpt lat="46.488299" lon="11.807888"><ele>0</ele></trkpt>
      <trkpt lat="46.488320" lon="11.807913"><ele>0</ele></trkpt>
      <trkpt lat="46.488358" lon="11.807938"><ele>0</ele></trkpt>
      <trkpt lat="46.488431" lon="11.807942"><ele>0</ele></trkpt>
      <trkpt lat="46.488458" lon="11.807931"><ele>0</ele></trkpt>
      <trkpt lat="46.488503" lon="11.807899"><ele>0</ele></trkpt>
      <trkpt lat="46.488531" lon="11.807856"><ele>0</ele></trkpt>
      <trkpt lat="46.488600" lon="11.807706"><ele>0</ele></trkpt>
      <trkpt lat="46.488961" lon="11.806910"><ele>0</ele></trkpt>
      <trkpt lat="46.488998" lon="11.806834"><ele>0</ele></trkpt>
      <trkpt lat="46.489017" lon="11.806811"><ele>0</ele></trkpt>
      <trkpt lat="46.489035" lon="11.806797"><ele>0</ele></trkpt>
      <trkpt lat="46.489074" lon="11.806784"><ele>0</ele></trkpt>
      <trkpt lat="46.489113" lon="11.806790"><ele>0</ele></trkpt>
      <trkpt lat="46.489142" lon="11.806813"><ele>0</ele></trkpt>
      <trkpt lat="46.489164" lon="11.806846"><ele>0</ele></trkpt>
      <trkpt lat="46.489174" lon="11.806894"><ele>0</ele></trkpt>
      <trkpt lat="46.489169" lon="11.806950"><ele>0</ele></trkpt>
      <trkpt lat="46.489128" lon="11.807076"><ele>0</ele></trkpt>
      <trkpt lat="46.489034" lon="11.807345"><ele>0</ele></trkpt>
      <trkpt lat="46.489016" lon="11.807410"><ele>0</ele></trkpt>
      <trkpt lat="46.489003" lon="11.807479"><ele>0</ele></trkpt>
      <trkpt lat="46.488982" lon="11.807643"><ele>0</ele></trkpt>
      <trkpt lat="46.488958" lon="11.808143"><ele>0</ele></trkpt>
      <trkpt lat="46.488938" lon="11.808630"><ele>0</ele></trkpt>
      <trkpt lat="46.488927" lon="11.808790"><ele>0</ele></trkpt>
      <trkpt lat="46.488917" lon="11.808871"><ele>0</ele></trkpt>
      <trkpt lat="46.488903" lon="11.808949"><ele>0</ele></trkpt>
      <trkpt lat="46.488869" lon="11.809063"><ele>0</ele></trkpt>
      <trkpt lat="46.488829" lon="11.809172"><ele>0</ele></trkpt>
      <trkpt lat="46.488603" lon="11.809761"><ele>0</ele></trkpt>
      <trkpt lat="46.488565" lon="11.809855"><ele>0</ele></trkpt>
      <trkpt lat="46.488459" lon="11.810118"><ele>0</ele></trkpt>
      <trkpt lat="46.488256" lon="11.810698"><ele>0</ele></trkpt>
      <trkpt lat="46.488209" lon="11.810846"><ele>0</ele></trkpt>
      <trkpt lat="46.488137" lon="11.811075"><ele>0</ele></trkpt>
      <trkpt lat="46.488093" lon="11.811200"><ele>0</ele></trkpt>
      <trkpt lat="46.488039" lon="11.811318"><ele>0</ele></trkpt>
      <trkpt lat="46.487972" lon="11.811442"><ele>0</ele></trkpt>
      <trkpt lat="46.487863" lon="11.811634"><ele>0</ele></trkpt>
      <trkpt lat="46.487741" lon="11.811843"><ele>0</ele></trkpt>
      <trkpt lat="46.487641" lon="11.812016"><ele>0</ele></trkpt>
      <trkpt lat="46.487596" lon="11.812100"><ele>0</ele></trkpt>
      <trkpt lat="46.487573" lon="11.812144"><ele>0</ele></trkpt>
      <trkpt lat="46.487552" lon="11.812193"><ele>0</ele></trkpt>
      <trkpt lat="46.487541" lon="11.812226"><ele>0</ele></trkpt>
      <trkpt lat="46.487504" lon="11.812359"><ele>0</ele></trkpt>
      <trkpt lat="46.487468" lon="11.812525"><ele>0</ele></trkpt>
      <trkpt lat="46.487452" lon="11.812614"><ele>0</ele></trkpt>
      <trkpt lat="46.487439" lon="11.812703"><ele>0</ele></trkpt>
      <trkpt lat="46.487422" lon="11.812962"><ele>0</ele></trkpt>
      <trkpt lat="46.487197" lon="11.812952"><ele>0</ele></trkpt>
      <trkpt lat="46.486927" lon="11.812940"><ele>0</ele></trkpt>
      <trkpt lat="46.487422" lon="11.812962"><ele>0</ele></trkpt>
      <trkpt lat="46.487396" lon="11.813339"><ele>0</ele></trkpt>
      <trkpt lat="46.487388" lon="11.813436"><ele>0</ele></trkpt>
      <trkpt lat="46.487368" lon="11.813535"><ele>0</ele></trkpt>
      <trkpt lat="46.487334" lon="11.813614"><ele>0</ele></trkpt>
      <trkpt lat="46.487279" lon="11.813670"><ele>0</ele></trkpt>
      <trkpt lat="46.487221" lon="11.813677"><ele>0</ele></trkpt>
      <trkpt lat="46.487161" lon="11.813663"><ele>0</ele></trkpt>
      <trkpt lat="46.487109" lon="11.813629"><ele>0</ele></trkpt>
      <trkpt lat="46.486967" lon="11.813539"><ele>0</ele></trkpt>
      <trkpt lat="46.486898" lon="11.813527"><ele>0</ele></trkpt>
      <trkpt lat="46.486839" lon="11.813545"><ele>0</ele></trkpt>
      <trkpt lat="46.486770" lon="11.813618"><ele>0</ele></trkpt>
      <trkpt lat="46.486739" lon="11.813721"><ele>0</ele></trkpt>
      <trkpt lat="46.486722" lon="11.813844"><ele>0</ele></trkpt>
      <trkpt lat="46.486723" lon="11.813872"><ele>0</ele></trkpt>
      <trkpt lat="46.486726" lon="11.813971"><ele>0</ele></trkpt>
      <trkpt lat="46.486835" lon="11.814849"><ele>0</ele></trkpt>
      <trkpt lat="46.486842" lon="11.814988"><ele>0</ele></trkpt>
      <trkpt lat="46.486828" lon="11.815103"><ele>0</ele></trkpt>
      <trkpt lat="46.486786" lon="11.815228"><ele>0</ele></trkpt>
      <trkpt lat="46.486720" lon="11.815334"><ele>0</ele></trkpt>
      <trkpt lat="46.486588" lon="11.815482"><ele>0</ele></trkpt>
      <trkpt lat="46.486094" lon="11.815965"><ele>0</ele></trkpt>
      <trkpt lat="46.486004" lon="11.815993"><ele>0</ele></trkpt>
      <trkpt lat="46.485938" lon="11.815987"><ele>0</ele></trkpt>
      <trkpt lat="46.485493" lon="11.815728"><ele>0</ele></trkpt>
      <trkpt lat="46.485382" lon="11.815728"><ele>0</ele></trkpt>
      <trkpt lat="46.485294" lon="11.815765"><ele>0</ele></trkpt>
      <trkpt lat="46.485225" lon="11.815850"><ele>0</ele></trkpt>
      <trkpt lat="46.484679" lon="11.816957"><ele>0</ele></trkpt>
      <trkpt lat="46.484612" lon="11.817046"><ele>0</ele></trkpt>
      <trkpt lat="46.484541" lon="11.817096"><ele>0</ele></trkpt>
      <trkpt lat="46.484093" lon="11.817219"><ele>0</ele></trkpt>
      <trkpt lat="46.483991" lon="11.817266"><ele>0</ele></trkpt>
      <trkpt lat="46.483915" lon="11.817363"><ele>0</ele></trkpt>
      <trkpt lat="46.483798" lon="11.817745"><ele>0</ele></trkpt>
      <trkpt lat="46.483737" lon="11.817949"><ele>0</ele></trkpt>
      <trkpt lat="46.483646" lon="11.818257"><ele>0</ele></trkpt>
      <trkpt lat="46.483569" lon="11.818518"><ele>0</ele></trkpt>
      <trkpt lat="46.483287" lon="11.819575"><ele>0</ele></trkpt>
      <trkpt lat="46.483229" lon="11.819856"><ele>0</ele></trkpt>
      <trkpt lat="46.483207" lon="11.820171"><ele>0</ele></trkpt>
      <trkpt lat="46.483203" lon="11.820222"><ele>0</ele></trkpt>
      <trkpt lat="46.483192" lon="11.820559"><ele>0</ele></trkpt>
      <trkpt lat="46.483178" lon="11.820748"><ele>0</ele></trkpt>
      <trkpt lat="46.483145" lon="11.820970"><ele>0</ele></trkpt>
      <trkpt lat="46.483072" lon="11.821442"><ele>0</ele></trkpt>
      <trkpt lat="46.482995" lon="11.821889"><ele>0</ele></trkpt>
      <trkpt lat="46.482945" lon="11.822132"><ele>0</ele></trkpt>
      <trkpt lat="46.482861" lon="11.822375"><ele>0</ele></trkpt>
      <trkpt lat="46.482730" lon="11.822594"><ele>0</ele></trkpt>
      <trkpt lat="46.482572" lon="11.822749"><ele>0</ele></trkpt>
      <trkpt lat="46.482431" lon="11.822840"><ele>0</ele></trkpt>
      <trkpt lat="46.482252" lon="11.822956"><ele>0</ele></trkpt>
      <trkpt lat="46.482121" lon="11.823041"><ele>0</ele></trkpt>
      <trkpt lat="46.482046" lon="11.823153"><ele>0</ele></trkpt>
      <trkpt lat="46.482015" lon="11.823306"><ele>0</ele></trkpt>
      <trkpt lat="46.482026" lon="11.823442"><ele>0</ele></trkpt>
      <trkpt lat="46.482071" lon="11.823565"><ele>0</ele></trkpt>
      <trkpt lat="46.482142" lon="11.823644"><ele>0</ele></trkpt>
      <trkpt lat="46.482229" lon="11.823671"><ele>0</ele></trkpt>
      <trkpt lat="46.482341" lon="11.823652"><ele>0</ele></trkpt>
      <trkpt lat="46.482917" lon="11.823393"><ele>0</ele></trkpt>
      <trkpt lat="46.482994" lon="11.823331"><ele>0</ele></trkpt>
      <trkpt lat="46.483064" lon="11.823224"><ele>0</ele></trkpt>
      <trkpt lat="46.483157" lon="11.822923"><ele>0</ele></trkpt>
      <trkpt lat="46.483211" lon="11.822828"><ele>0</ele></trkpt>
      <trkpt lat="46.483277" lon="11.822789"><ele>0</ele></trkpt>
      <trkpt lat="46.483713" lon="11.822782"><ele>0</ele></trkpt>
      <trkpt lat="46.483751" lon="11.822785"><ele>0</ele></trkpt>
      <trkpt lat="46.483780" lon="11.822801"><ele>0</ele></trkpt>
      <trkpt lat="46.483805" lon="11.822831"><ele>0</ele></trkpt>
      <trkpt lat="46.483818" lon="11.822864"><ele>0</ele></trkpt>
      <trkpt lat="46.483825" lon="11.822911"><ele>0</ele></trkpt>
      <trkpt lat="46.483818" lon="11.822959"><ele>0</ele></trkpt>
      <trkpt lat="46.483797" lon="11.823007"><ele>0</ele></trkpt>
      <trkpt lat="46.483767" lon="11.823035"><ele>0</ele></trkpt>
      <trkpt lat="46.483730" lon="11.823056"><ele>0</ele></trkpt>
      <trkpt lat="46.483573" lon="11.823109"><ele>0</ele></trkpt>
      <trkpt lat="46.483507" lon="11.823155"><ele>0</ele></trkpt>
      <trkpt lat="46.483464" lon="11.823230"><ele>0</ele></trkpt>
      <trkpt lat="46.483405" lon="11.823526"><ele>0</ele></trkpt>
      <trkpt lat="46.483345" lon="11.823825"><ele>0</ele></trkpt>
      <trkpt lat="46.483320" lon="11.823951"><ele>0</ele></trkpt>
      <trkpt lat="46.483277" lon="11.824231"><ele>0</ele></trkpt>
      <trkpt lat="46.483197" lon="11.825034"><ele>0</ele></trkpt>
      <trkpt lat="46.483166" lon="11.825162"><ele>0</ele></trkpt>
      <trkpt lat="46.483103" lon="11.825333"><ele>0</ele></trkpt>
      <trkpt lat="46.482938" lon="11.825745"><ele>0</ele></trkpt>
      <trkpt lat="46.482929" lon="11.825831"><ele>0</ele></trkpt>
      <trkpt lat="46.482951" lon="11.825919"><ele>0</ele></trkpt>
      <trkpt lat="46.483001" lon="11.825989"><ele>0</ele></trkpt>
      <trkpt lat="46.483054" lon="11.825998"><ele>0</ele></trkpt>
      <trkpt lat="46.483113" lon="11.825970"><ele>0</ele></trkpt>
      <trkpt lat="46.483144" lon="11.825915"><ele>0</ele></trkpt>
      <trkpt lat="46.483180" lon="11.825810"><ele>0</ele></trkpt>
      <trkpt lat="46.483272" lon="11.825566"><ele>0</ele></trkpt>
      <trkpt lat="46.483537" lon="11.824944"><ele>0</ele></trkpt>
      <trkpt lat="46.483609" lon="11.824824"><ele>0</ele></trkpt>
      <trkpt lat="46.484075" lon="11.824291"><ele>0</ele></trkpt>
      <trkpt lat="46.484171" lon="11.824222"><ele>0</ele></trkpt>
      <trkpt lat="46.484249" lon="11.824185"><ele>0</ele></trkpt>
      <trkpt lat="46.484827" lon="11.824045"><ele>0</ele></trkpt>
      <trkpt lat="46.484914" lon="11.824017"><ele>0</ele></trkpt>
      <trkpt lat="46.484976" lon="11.824029"><ele>0</ele></trkpt>
      <trkpt lat="46.485018" lon="11.824098"><ele>0</ele></trkpt>
      <trkpt lat="46.485027" lon="11.824185"><ele>0</ele></trkpt>
      <trkpt lat="46.485005" lon="11.824264"><ele>0</ele></trkpt>
      <trkpt lat="46.484954" lon="11.824303"><ele>0</ele></trkpt>
      <trkpt lat="46.484850" lon="11.824335"><ele>0</ele></trkpt>
      <trkpt lat="46.484781" lon="11.824377"><ele>0</ele></trkpt>
      <trkpt lat="46.484605" lon="11.824626"><ele>0</ele></trkpt>
      <trkpt lat="46.484430" lon="11.824819"><ele>0</ele></trkpt>
      <trkpt lat="46.484383" lon="11.824903"><ele>0</ele></trkpt>
      <trkpt lat="46.484349" lon="11.825054"><ele>0</ele></trkpt>
      <trkpt lat="46.484316" lon="11.825228"><ele>0</ele></trkpt>
      <trkpt lat="46.484273" lon="11.825362"><ele>0</ele></trkpt>
      <trkpt lat="46.484138" lon="11.825675"><ele>0</ele></trkpt>
      <trkpt lat="46.484098" lon="11.825836"><ele>0</ele></trkpt>
      <trkpt lat="46.484058" lon="11.826144"><ele>0</ele></trkpt>
      <trkpt lat="46.484025" lon="11.826269"><ele>0</ele></trkpt>
      <trkpt lat="46.483930" lon="11.826442"><ele>0</ele></trkpt>
      <trkpt lat="46.483832" lon="11.826550"><ele>0</ele></trkpt>
      <trkpt lat="46.483661" lon="11.826639"><ele>0</ele></trkpt>
      <trkpt lat="46.483604" lon="11.826708"><ele>0</ele></trkpt>
      <trkpt lat="46.483570" lon="11.826804"><ele>0</ele></trkpt>
      <trkpt lat="46.483571" lon="11.826924"><ele>0</ele></trkpt>
      <trkpt lat="46.483615" lon="11.827060"><ele>0</ele></trkpt>
      <trkpt lat="46.483885" lon="11.827652"><ele>0</ele></trkpt>
      <trkpt lat="46.483933" lon="11.827802"><ele>0</ele></trkpt>
      <trkpt lat="46.484065" lon="11.828661"><ele>0</ele></trkpt>
      <trkpt lat="46.484063" lon="11.828855"><ele>0</ele></trkpt>
      <trkpt lat="46.484037" lon="11.829039"><ele>0</ele></trkpt>
      <trkpt lat="46.483962" lon="11.829573"><ele>0</ele></trkpt>
      <trkpt lat="46.483924" lon="11.829700"><ele>0</ele></trkpt>
      <trkpt lat="46.483862" lon="11.829819"><ele>0</ele></trkpt>
      <trkpt lat="46.483691" lon="11.830050"><ele>0</ele></trkpt>
      <trkpt lat="46.483669" lon="11.830120"><ele>0</ele></trkpt>
      <trkpt lat="46.483681" lon="11.830207"><ele>0</ele></trkpt>
      <trkpt lat="46.483724" lon="11.830272"><ele>0</ele></trkpt>
      <trkpt lat="46.483775" lon="11.830280"><ele>0</ele></trkpt>
      <trkpt lat="46.483826" lon="11.830253"><ele>0</ele></trkpt>
      <trkpt lat="46.483857" lon="11.830203"><ele>0</ele></trkpt>
      <trkpt lat="46.483996" lon="11.829856"><ele>0</ele></trkpt>
      <trkpt lat="46.484197" lon="11.829577"><ele>0</ele></trkpt>
      <trkpt lat="46.484353" lon="11.829344"><ele>0</ele></trkpt>
      <trkpt lat="46.484401" lon="11.829233"><ele>0</ele></trkpt>
      <trkpt lat="46.484410" lon="11.829201"><ele>0</ele></trkpt>
      <trkpt lat="46.484483" lon="11.828908"><ele>0</ele></trkpt>
      <trkpt lat="46.484513" lon="11.828787"><ele>0</ele></trkpt>
      <trkpt lat="46.484564" lon="11.828734"><ele>0</ele></trkpt>
      <trkpt lat="46.484620" lon="11.828727"><ele>0</ele></trkpt>
      <trkpt lat="46.484669" lon="11.828762"><ele>0</ele></trkpt>
      <trkpt lat="46.484694" lon="11.828825"><ele>0</ele></trkpt>
      <trkpt lat="46.484694" lon="11.828927"><ele>0</ele></trkpt>
      <trkpt lat="46.484576" lon="11.829227"><ele>0</ele></trkpt>
      <trkpt lat="46.484578" lon="11.829324"><ele>0</ele></trkpt>
      <trkpt lat="46.484604" lon="11.829376"><ele>0</ele></trkpt>
      <trkpt lat="46.484657" lon="11.829411"><ele>0</ele></trkpt>
      <trkpt lat="46.484715" lon="11.829393"><ele>0</ele></trkpt>
      <trkpt lat="46.484757" lon="11.829345"><ele>0</ele></trkpt>
      <trkpt lat="46.484889" lon="11.828915"><ele>0</ele></trkpt>
      <trkpt lat="46.484895" lon="11.828820"><ele>0</ele></trkpt>
      <trkpt lat="46.484886" lon="11.828703"><ele>0</ele></trkpt>
      <trkpt lat="46.484776" lon="11.828259"><ele>0</ele></trkpt>
      <trkpt lat="46.484780" lon="11.828133"><ele>0</ele></trkpt>
      <trkpt lat="46.484820" lon="11.828042"><ele>0</ele></trkpt>
      <trkpt lat="46.484887" lon="11.827971"><ele>0</ele></trkpt>
      <trkpt lat="46.484969" lon="11.827951"><ele>0</ele></trkpt>
      <trkpt lat="46.485044" lon="11.827965"><ele>0</ele></trkpt>
      <trkpt lat="46.485119" lon="11.828032"><ele>0</ele></trkpt>
      <trkpt lat="46.485157" lon="11.828131"><ele>0</ele></trkpt>
      <trkpt lat="46.485163" lon="11.828199"><ele>0</ele></trkpt>
      <trkpt lat="46.485170" lon="11.828287"><ele>0</ele></trkpt>
      <trkpt lat="46.485203" lon="11.828737"><ele>0</ele></trkpt>
      <trkpt lat="46.485252" lon="11.829397"><ele>0</ele></trkpt>
      <trkpt lat="46.485244" lon="11.829601"><ele>0</ele></trkpt>
      <trkpt lat="46.485213" lon="11.829740"><ele>0</ele></trkpt>
      <trkpt lat="46.485140" lon="11.829874"><ele>0</ele></trkpt>
      <trkpt lat="46.484705" lon="11.830460"><ele>0</ele></trkpt>
      <trkpt lat="46.484609" lon="11.830602"><ele>0</ele></trkpt>
      <trkpt lat="46.484535" lon="11.830763"><ele>0</ele></trkpt>
      <trkpt lat="46.484171" lon="11.832053"><ele>0</ele></trkpt>
      <trkpt lat="46.484160" lon="11.832158"><ele>0</ele></trkpt>
      <trkpt lat="46.484180" lon="11.832253"><ele>0</ele></trkpt>
      <trkpt lat="46.484227" lon="11.832299"><ele>0</ele></trkpt>
      <trkpt lat="46.484291" lon="11.832300"><ele>0</ele></trkpt>
      <trkpt lat="46.484348" lon="11.832252"><ele>0</ele></trkpt>
      <trkpt lat="46.484476" lon="11.832007"><ele>0</ele></trkpt>
      <trkpt lat="46.484722" lon="11.831679"><ele>0</ele></trkpt>
      <trkpt lat="46.484783" lon="11.831563"><ele>0</ele></trkpt>
      <trkpt lat="46.484922" lon="11.831183"><ele>0</ele></trkpt>
      <trkpt lat="46.484974" lon="11.831130"><ele>0</ele></trkpt>
      <trkpt lat="46.485029" lon="11.831121"><ele>0</ele></trkpt>
      <trkpt lat="46.485077" lon="11.831139"><ele>0</ele></trkpt>
      <trkpt lat="46.485112" lon="11.831207"><ele>0</ele></trkpt>
      <trkpt lat="46.485125" lon="11.831298"><ele>0</ele></trkpt>
      <trkpt lat="46.485097" lon="11.831458"><ele>0</ele></trkpt>
      <trkpt lat="46.484906" lon="11.832308"><ele>0</ele></trkpt>
      <trkpt lat="46.484760" lon="11.832779"><ele>0</ele></trkpt>
      <trkpt lat="46.484346" lon="11.833980"><ele>0</ele></trkpt>
      <trkpt lat="46.484289" lon="11.834198"><ele>0</ele></trkpt>
      <trkpt lat="46.484278" lon="11.834375"><ele>0</ele></trkpt>
      <trkpt lat="46.484292" lon="11.834570"><ele>0</ele></trkpt>
      <trkpt lat="46.484322" lon="11.834856"><ele>0</ele></trkpt>
      <trkpt lat="46.484384" lon="11.835434"><ele>0</ele></trkpt>
      <trkpt lat="46.484395" lon="11.836391"><ele>0</ele></trkpt>
      <trkpt lat="46.484400" lon="11.836892"><ele>0</ele></trkpt>
      <trkpt lat="46.484389" lon="11.837052"><ele>0</ele></trkpt>
      <trkpt lat="46.484368" lon="11.837342"><ele>0</ele></trkpt>
      <trkpt lat="46.484322" lon="11.837744"><ele>0</ele></trkpt>
      <trkpt lat="46.484286" lon="11.838042"><ele>0</ele></trkpt>
      <trkpt lat="46.484294" lon="11.838190"><ele>0</ele></trkpt>
      <trkpt lat="46.484340" lon="11.838426"><ele>0</ele></trkpt>
      <trkpt lat="46.484561" lon="11.839378"><ele>0</ele></trkpt>
      <trkpt lat="46.484759" lon="11.840410"><ele>0</ele></trkpt>
      <trkpt lat="46.484797" lon="11.840659"><ele>0</ele></trkpt>
      <trkpt lat="46.484791" lon="11.840766"><ele>0</ele></trkpt>
      <trkpt lat="46.484750" lon="11.840885"><ele>0</ele></trkpt>
      <trkpt lat="46.484674" lon="11.841002"><ele>0</ele></trkpt>
      <trkpt lat="46.484562" lon="11.841150"><ele>0</ele></trkpt>
      <trkpt lat="46.484533" lon="11.841231"><ele>0</ele></trkpt>
      <trkpt lat="46.484540" lon="11.841332"><ele>0</ele></trkpt>
      <trkpt lat="46.484580" lon="11.841406"><ele>0</ele></trkpt>
      <trkpt lat="46.484623" lon="11.841420"><ele>0</ele></trkpt>
      <trkpt lat="46.484689" lon="11.841413"><ele>0</ele></trkpt>
      <trkpt lat="46.484745" lon="11.841352"><ele>0</ele></trkpt>
      <trkpt lat="46.484851" lon="11.841106"><ele>0</ele></trkpt>
      <trkpt lat="46.484949" lon="11.840849"><ele>0</ele></trkpt>
      <trkpt lat="46.484997" lon="11.840612"><ele>0</ele></trkpt>
      <trkpt lat="46.485026" lon="11.840229"><ele>0</ele></trkpt>
      <trkpt lat="46.485038" lon="11.839931"><ele>0</ele></trkpt>
      <trkpt lat="46.485070" lon="11.839766"><ele>0</ele></trkpt>
      <trkpt lat="46.485118" lon="11.839670"><ele>0</ele></trkpt>
      <trkpt lat="46.485348" lon="11.839382"><ele>0</ele></trkpt>
      <trkpt lat="46.485501" lon="11.839041"><ele>0</ele></trkpt>
      <trkpt lat="46.485551" lon="11.838907"><ele>0</ele></trkpt>
      <trkpt lat="46.485603" lon="11.838853"><ele>0</ele></trkpt>
      <trkpt lat="46.485658" lon="11.838840"><ele>0</ele></trkpt>
      <trkpt lat="46.485714" lon="11.838860"><ele>0</ele></trkpt>
      <trkpt lat="46.485755" lon="11.838923"><ele>0</ele></trkpt>
      <trkpt lat="46.485762" lon="11.839012"><ele>0</ele></trkpt>
      <trkpt lat="46.485717" lon="11.839652"><ele>0</ele></trkpt>
      <trkpt lat="46.485689" lon="11.839770"><ele>0</ele></trkpt>
      <trkpt lat="46.485518" lon="11.840234"><ele>0</ele></trkpt>
      <trkpt lat="46.485487" lon="11.840443"><ele>0</ele></trkpt>
      <trkpt lat="46.485481" lon="11.840690"><ele>0</ele></trkpt>
      <trkpt lat="46.485492" lon="11.840891"><ele>0</ele></trkpt>
      <trkpt lat="46.485533" lon="11.841039"><ele>0</ele></trkpt>
      <trkpt lat="46.485781" lon="11.841407"><ele>0</ele></trkpt>
      <trkpt lat="46.485834" lon="11.841523"><ele>0</ele></trkpt>
      <trkpt lat="46.485870" lon="11.841655"><ele>0</ele></trkpt>
      <trkpt lat="46.486023" lon="11.842489"><ele>0</ele></trkpt>
      <trkpt lat="46.486095" lon="11.842881"><ele>0</ele></trkpt>
      <trkpt lat="46.486101" lon="11.842910"><ele>0</ele></trkpt>
      <trkpt lat="46.486138" lon="11.842988"><ele>0</ele></trkpt>
      <trkpt lat="46.486196" lon="11.843028"><ele>0</ele></trkpt>
      <trkpt lat="46.486261" lon="11.843021"><ele>0</ele></trkpt>
      <trkpt lat="46.486315" lon="11.842967"><ele>0</ele></trkpt>
      <trkpt lat="46.486333" lon="11.842895"><ele>0</ele></trkpt>
      <trkpt lat="46.486341" lon="11.842371"><ele>0</ele></trkpt>
      <trkpt lat="46.486360" lon="11.842214"><ele>0</ele></trkpt>
      <trkpt lat="46.486484" lon="11.841692"><ele>0</ele></trkpt>
      <trkpt lat="46.486529" lon="11.841619"><ele>0</ele></trkpt>
      <trkpt lat="46.486582" lon="11.841598"><ele>0</ele></trkpt>
      <trkpt lat="46.486640" lon="11.841604"><ele>0</ele></trkpt>
      <trkpt lat="46.486683" lon="11.841657"><ele>0</ele></trkpt>
      <trkpt lat="46.486720" lon="11.841790"><ele>0</ele></trkpt>
      <trkpt lat="46.486896" lon="11.842920"><ele>0</ele></trkpt>
      <trkpt lat="46.486919" lon="11.843120"><ele>0</ele></trkpt>
      <trkpt lat="46.486921" lon="11.843296"><ele>0</ele></trkpt>
      <trkpt lat="46.486869" lon="11.843555"><ele>0</ele></trkpt>
      <trkpt lat="46.486881" lon="11.843649"><ele>0</ele></trkpt>
      <trkpt lat="46.486920" lon="11.843703"><ele>0</ele></trkpt>
      <trkpt lat="46.486980" lon="11.843712"><ele>0</ele></trkpt>
      <trkpt lat="46.487048" lon="11.843670"><ele>0</ele></trkpt>
      <trkpt lat="46.487081" lon="11.843568"><ele>0</ele></trkpt>
      <trkpt lat="46.487132" lon="11.842978"><ele>0</ele></trkpt>
      <trkpt lat="46.487159" lon="11.842904"><ele>0</ele></trkpt>
      <trkpt lat="46.487211" lon="11.842857"><ele>0</ele></trkpt>
      <trkpt lat="46.487274" lon="11.842861"><ele>0</ele></trkpt>
      <trkpt lat="46.487330" lon="11.842904"><ele>0</ele></trkpt>
      <trkpt lat="46.487356" lon="11.842984"><ele>0</ele></trkpt>
      <trkpt lat="46.487331" lon="11.844030"><ele>0</ele></trkpt>
      <trkpt lat="46.487359" lon="11.844133"><ele>0</ele></trkpt>
      <trkpt lat="46.487407" lon="11.844172"><ele>0</ele></trkpt>
      <trkpt lat="46.487455" lon="11.844175"><ele>0</ele></trkpt>
      <trkpt lat="46.487505" lon="11.844142"><ele>0</ele></trkpt>
      <trkpt lat="46.487536" lon="11.844064"><ele>0</ele></trkpt>
      <trkpt lat="46.487531" lon="11.843739"><ele>0</ele></trkpt>
      <trkpt lat="46.487543" lon="11.843683"><ele>0</ele></trkpt>
      <trkpt lat="46.487575" lon="11.843636"><ele>0</ele></trkpt>
      <trkpt lat="46.487619" lon="11.843621"><ele>0</ele></trkpt>
      <trkpt lat="46.487679" lon="11.843645"><ele>0</ele></trkpt>
      <trkpt lat="46.487713" lon="11.843708"><ele>0</ele></trkpt>
      <trkpt lat="46.487721" lon="11.843821"><ele>0</ele></trkpt>
      <trkpt lat="46.487704" lon="11.844146"><ele>0</ele></trkpt>
      <trkpt lat="46.487705" lon="11.844294"><ele>0</ele></trkpt>
      <trkpt lat="46.487718" lon="11.844430"><ele>0</ele></trkpt>
      <trkpt lat="46.487736" lon="11.844560"><ele>0</ele></trkpt>
      <trkpt lat="46.487753" lon="11.844673"><ele>0</ele></trkpt>
      <trkpt lat="46.487761" lon="11.844796"><ele>0</ele></trkpt>
      <trkpt lat="46.487757" lon="11.844879"><ele>0</ele></trkpt>
      <trkpt lat="46.487743" lon="11.844995"><ele>0</ele></trkpt>
      <trkpt lat="46.487707" lon="11.845142"><ele>0</ele></trkpt>
      <trkpt lat="46.487643" lon="11.845379"><ele>0</ele></trkpt>
      <trkpt lat="46.487633" lon="11.845454"><ele>0</ele></trkpt>
      <trkpt lat="46.487640" lon="11.845512"><ele>0</ele></trkpt>
      <trkpt lat="46.487660" lon="11.845557"><ele>0</ele></trkpt>
      <trkpt lat="46.487693" lon="11.845593"><ele>0</ele></trkpt>
      <trkpt lat="46.487728" lon="11.845609"><ele>0</ele></trkpt>
      <trkpt lat="46.487757" lon="11.845605"><ele>0</ele></trkpt>
      <trkpt lat="46.487794" lon="11.845586"><ele>0</ele></trkpt>
      <trkpt lat="46.487830" lon="11.845537"><ele>0</ele></trkpt>
      <trkpt lat="46.488083" lon="11.844897"><ele>0</ele></trkpt>
      <trkpt lat="46.488109" lon="11.844833"><ele>0</ele></trkpt>
      <trkpt lat="46.488159" lon="11.844727"><ele>0</ele></trkpt>
      <trkpt lat="46.488221" lon="11.844665"><ele>0</ele></trkpt>
      <trkpt lat="46.488261" lon="11.844636"><ele>0</ele></trkpt>
      <trkpt lat="46.488312" lon="11.844616"><ele>0</ele></trkpt>
      <trkpt lat="46.488371" lon="11.844608"><ele>0</ele></trkpt>
      <trkpt lat="46.488425" lon="11.844620"><ele>0</ele></trkpt>
      <trkpt lat="46.488473" lon="11.844658"><ele>0</ele></trkpt>
      <trkpt lat="46.488514" lon="11.844706"><ele>0</ele></trkpt>
      <trkpt lat="46.488570" lon="11.844838"><ele>0</ele></trkpt>
      <trkpt lat="46.488614" lon="11.844995"><ele>0</ele></trkpt>
      <trkpt lat="46.488672" lon="11.845308"><ele>0</ele></trkpt>
      <trkpt lat="46.488690" lon="11.845543"><ele>0</ele></trkpt>
      <trkpt lat="46.488696" lon="11.845609"><ele>0</ele></trkpt>
      <trkpt lat="46.488725" lon="11.846813"><ele>0</ele></trkpt>
      <trkpt lat="46.488769" lon="11.846919"><ele>0</ele></trkpt>
      <trkpt lat="46.488832" lon="11.846975"><ele>0</ele></trkpt>
      <trkpt lat="46.489088" lon="11.847104"><ele>0</ele></trkpt>
      <trkpt lat="46.489142" lon="11.847170"><ele>0</ele></trkpt>
      <trkpt lat="46.489165" lon="11.847243"><ele>0</ele></trkpt>
      <trkpt lat="46.489156" lon="11.847342"><ele>0</ele></trkpt>
      <trkpt lat="46.489118" lon="11.847418"><ele>0</ele></trkpt>
      <trkpt lat="46.488963" lon="11.847506"><ele>0</ele></trkpt>
      <trkpt lat="46.488914" lon="11.847562"><ele>0</ele></trkpt>
      <trkpt lat="46.488894" lon="11.847647"><ele>0</ele></trkpt>
      <trkpt lat="46.488894" lon="11.847737"><ele>0</ele></trkpt>
      <trkpt lat="46.488926" lon="11.847812"><ele>0</ele></trkpt>
      <trkpt lat="46.488981" lon="11.847860"><ele>0</ele></trkpt>
      <trkpt lat="46.489058" lon="11.847863"><ele>0</ele></trkpt>
      <trkpt lat="46.489208" lon="11.847890"><ele>0</ele></trkpt>
      <trkpt lat="46.489289" lon="11.847939"><ele>0</ele></trkpt>
      <trkpt lat="46.489704" lon="11.848379"><ele>0</ele></trkpt>
      <trkpt lat="46.489793" lon="11.848494"><ele>0</ele></trkpt>
      <trkpt lat="46.490144" lon="11.849237"><ele>0</ele></trkpt>
      <trkpt lat="46.490195" lon="11.849379"><ele>0</ele></trkpt>
      <trkpt lat="46.490213" lon="11.849544"><ele>0</ele></trkpt>
      <trkpt lat="46.490298" lon="11.850870"><ele>0</ele></trkpt>
      <trkpt lat="46.490417" lon="11.851663"><ele>0</ele></trkpt>
      <trkpt lat="46.490497" lon="11.852121"><ele>0</ele></trkpt>
      <trkpt lat="46.490538" lon="11.852391"><ele>0</ele></trkpt>
      <trkpt lat="46.490578" lon="11.852509"><ele>0</ele></trkpt>
      <trkpt lat="46.490839" lon="11.852876"><ele>0</ele></trkpt>
      <trkpt lat="46.490883" lon="11.852964"><ele>0</ele></trkpt>
      <trkpt lat="46.491167" lon="11.853868"><ele>0</ele></trkpt>
      <trkpt lat="46.491209" lon="11.853956"><ele>0</ele></trkpt>
      <trkpt lat="46.491236" lon="11.854016"><ele>0</ele></trkpt>
      <trkpt lat="46.491309" lon="11.854100"><ele>0</ele></trkpt>
      <trkpt lat="46.491639" lon="11.854438"><ele>0</ele></trkpt>
      <trkpt lat="46.491726" lon="11.854524"><ele>0</ele></trkpt>
      <trkpt lat="46.491958" lon="11.854686"><ele>0</ele></trkpt>
      <trkpt lat="46.492038" lon="11.854799"><ele>0</ele></trkpt>
      <trkpt lat="46.492131" lon="11.854944"><ele>0</ele></trkpt>
      <trkpt lat="46.492205" lon="11.854996"><ele>0</ele></trkpt>
      <trkpt lat="46.492661" lon="11.855121"><ele>0</ele></trkpt>
      <trkpt lat="46.492819" lon="11.855167"><ele>0</ele></trkpt>
      <trkpt lat="46.492903" lon="11.855192"><ele>0</ele></trkpt>
      <trkpt lat="46.493006" lon="11.855243"><ele>0</ele></trkpt>
      <trkpt lat="46.493081" lon="11.855315"><ele>0</ele></trkpt>
      <trkpt lat="46.493136" lon="11.855410"><ele>0</ele></trkpt>
      <trkpt lat="46.493177" lon="11.855572"><ele>0</ele></trkpt>
      <trkpt lat="46.493198" lon="11.855793"><ele>0</ele></trkpt>
      <trkpt lat="46.493212" lon="11.856067"><ele>0</ele></trkpt>
      <trkpt lat="46.493236" lon="11.856185"><ele>0</ele></trkpt>
      <trkpt lat="46.493301" lon="11.856362"><ele>0</ele></trkpt>
      <trkpt lat="46.493479" lon="11.856755"><ele>0</ele></trkpt>
      <trkpt lat="46.493529" lon="11.856875"><ele>0</ele></trkpt>
      <trkpt lat="46.493539" lon="11.856965"><ele>0</ele></trkpt>
      <trkpt lat="46.493530" lon="11.857030"><ele>0</ele></trkpt>
      <trkpt lat="46.493491" lon="11.857076"><ele>0</ele></trkpt>
      <trkpt lat="46.493448" lon="11.857084"><ele>0</ele></trkpt>
      <trkpt lat="46.493397" lon="11.857035"><ele>0</ele></trkpt>
      <trkpt lat="46.493338" lon="11.856814"><ele>0</ele></trkpt>
      <trkpt lat="46.493303" lon="11.856772"><ele>0</ele></trkpt>
      <trkpt lat="46.493260" lon="11.856764"><ele>0</ele></trkpt>
      <trkpt lat="46.493225" lon="11.856788"><ele>0</ele></trkpt>
      <trkpt lat="46.493200" lon="11.856844"><ele>0</ele></trkpt>
      <trkpt lat="46.493199" lon="11.856915"><ele>0</ele></trkpt>
      <trkpt lat="46.493208" lon="11.856989"><ele>0</ele></trkpt>
      <trkpt lat="46.493343" lon="11.857607"><ele>0</ele></trkpt>
      <trkpt lat="46.493340" lon="11.857691"><ele>0</ele></trkpt>
      <trkpt lat="46.493311" lon="11.857755"><ele>0</ele></trkpt>
      <trkpt lat="46.493266" lon="11.857772"><ele>0</ele></trkpt>
      <trkpt lat="46.493214" lon="11.857751"><ele>0</ele></trkpt>
      <trkpt lat="46.493179" lon="11.857687"><ele>0</ele></trkpt>
      <trkpt lat="46.493147" lon="11.857424"><ele>0</ele></trkpt>
      <trkpt lat="46.493116" lon="11.857361"><ele>0</ele></trkpt>
      <trkpt lat="46.493073" lon="11.857346"><ele>0</ele></trkpt>
      <trkpt lat="46.493028" lon="11.857363"><ele>0</ele></trkpt>
      <trkpt lat="46.492998" lon="11.857403"><ele>0</ele></trkpt>
      <trkpt lat="46.492981" lon="11.857459"><ele>0</ele></trkpt>
      <trkpt lat="46.493007" lon="11.858082"><ele>0</ele></trkpt>
      <trkpt lat="46.493028" lon="11.858162"><ele>0</ele></trkpt>
      <trkpt lat="46.493083" lon="11.858216"><ele>0</ele></trkpt>
      <trkpt lat="46.493249" lon="11.858273"><ele>0</ele></trkpt>
      <trkpt lat="46.493298" lon="11.858306"><ele>0</ele></trkpt>
      <trkpt lat="46.493330" lon="11.858359"><ele>0</ele></trkpt>
      <trkpt lat="46.493343" lon="11.858455"><ele>0</ele></trkpt>
      <trkpt lat="46.493329" lon="11.858632"><ele>0</ele></trkpt>
      <trkpt lat="46.493249" lon="11.859223"><ele>0</ele></trkpt>
      <trkpt lat="46.493256" lon="11.859332"><ele>0</ele></trkpt>
      <trkpt lat="46.493295" lon="11.859404"><ele>0</ele></trkpt>
      <trkpt lat="46.493359" lon="11.859426"><ele>0</ele></trkpt>
      <trkpt lat="46.493668" lon="11.859390"><ele>0</ele></trkpt>
      <trkpt lat="46.493716" lon="11.859401"><ele>0</ele></trkpt>
      <trkpt lat="46.493776" lon="11.859457"><ele>0</ele></trkpt>
      <trkpt lat="46.493820" lon="11.859536"><ele>0</ele></trkpt>
      <trkpt lat="46.494084" lon="11.860411"><ele>0</ele></trkpt>
      <trkpt lat="46.494107" lon="11.860588"><ele>0</ele></trkpt>
      <trkpt lat="46.494118" lon="11.861126"><ele>0</ele></trkpt>
      <trkpt lat="46.494145" lon="11.861324"><ele>0</ele></trkpt>
      <trkpt lat="46.494227" lon="11.861542"><ele>0</ele></trkpt>
      <trkpt lat="46.494673" lon="11.862328"><ele>0</ele></trkpt>
      <trkpt lat="46.494717" lon="11.862459"><ele>0</ele></trkpt>
      <trkpt lat="46.494744" lon="11.862603"><ele>0</ele></trkpt>
      <trkpt lat="46.494760" lon="11.863057"><ele>0</ele></trkpt>
      <trkpt lat="46.494790" lon="11.863532"><ele>0</ele></trkpt>
      <trkpt lat="46.495196" lon="11.865948"><ele>0</ele></trkpt>
      <trkpt lat="46.495231" lon="11.866090"><ele>0</ele></trkpt>
      <trkpt lat="46.495266" lon="11.866206"><ele>0</ele></trkpt>
      <trkpt lat="46.495342" lon="11.866357"><ele>0</ele></trkpt>
      <trkpt lat="46.495435" lon="11.866483"><ele>0</ele></trkpt>
      <trkpt lat="46.495583" lon="11.866655"><ele>0</ele></trkpt>
      <trkpt lat="46.495601" lon="11.866724"><ele>0</ele></trkpt>
      <trkpt lat="46.495597" lon="11.866813"><ele>0</ele></trkpt>
      <trkpt lat="46.495555" lon="11.866883"><ele>0</ele></trkpt>
      <trkpt lat="46.495497" lon="11.866893"><ele>0</ele></trkpt>
      <trkpt lat="46.495031" lon="11.866573"><ele>0</ele></trkpt>
      <trkpt lat="46.494939" lon="11.866547"><ele>0</ele></trkpt>
      <trkpt lat="46.494854" lon="11.866564"><ele>0</ele></trkpt>
      <trkpt lat="46.494784" lon="11.866622"><ele>0</ele></trkpt>
      <trkpt lat="46.494743" lon="11.866688"><ele>0</ele></trkpt>
      <trkpt lat="46.494710" lon="11.866828"><ele>0</ele></trkpt>
      <trkpt lat="46.494679" lon="11.866960"><ele>0</ele></trkpt>
      <trkpt lat="46.494655" lon="11.867014"><ele>0</ele></trkpt>
      <trkpt lat="46.494611" lon="11.867053"><ele>0</ele></trkpt>
      <trkpt lat="46.494539" lon="11.867048"><ele>0</ele></trkpt>
      <trkpt lat="46.494479" lon="11.866999"><ele>0</ele></trkpt>
      <trkpt lat="46.494368" lon="11.866698"><ele>0</ele></trkpt>
      <trkpt lat="46.494317" lon="11.866643"><ele>0</ele></trkpt>
      <trkpt lat="46.494293" lon="11.866642"><ele>0</ele></trkpt>
      <trkpt lat="46.494222" lon="11.866657"><ele>0</ele></trkpt>
      <trkpt lat="46.494205" lon="11.866682"><ele>0</ele></trkpt>
      <trkpt lat="46.494182" lon="11.866738"><ele>0</ele></trkpt>
      <trkpt lat="46.494189" lon="11.866814"><ele>0</ele></trkpt>
      <trkpt lat="46.494209" lon="11.866865"><ele>0</ele></trkpt>
      <trkpt lat="46.494365" lon="11.867118"><ele>0</ele></trkpt>
      <trkpt lat="46.494630" lon="11.867555"><ele>0</ele></trkpt>
      <trkpt lat="46.494730" lon="11.867763"><ele>0</ele></trkpt>
      <trkpt lat="46.494754" lon="11.867907"><ele>0</ele></trkpt>
      <trkpt lat="46.494750" lon="11.868143"><ele>0</ele></trkpt>
      <trkpt lat="46.494739" lon="11.868315"><ele>0</ele></trkpt>
      <trkpt lat="46.494756" lon="11.868484"><ele>0</ele></trkpt>
      <trkpt lat="46.494809" lon="11.868631"><ele>0</ele></trkpt>
      <trkpt lat="46.495166" lon="11.869244"><ele>0</ele></trkpt>
      <trkpt lat="46.495281" lon="11.869481"><ele>0</ele></trkpt>
      <trkpt lat="46.495336" lon="11.869699"><ele>0</ele></trkpt>
      <trkpt lat="46.495572" lon="11.870614"><ele>0</ele></trkpt>
      <trkpt lat="46.495610" lon="11.870684"><ele>0</ele></trkpt>
      <trkpt lat="46.495670" lon="11.870718"><ele>0</ele></trkpt>
      <trkpt lat="46.495741" lon="11.870718"><ele>0</ele></trkpt>
      <trkpt lat="46.495827" lon="11.870642"><ele>0</ele></trkpt>
      <trkpt lat="46.496025" lon="11.870396"><ele>0</ele></trkpt>
      <trkpt lat="46.496091" lon="11.870375"><ele>0</ele></trkpt>
      <trkpt lat="46.496160" lon="11.870397"><ele>0</ele></trkpt>
      <trkpt lat="46.496209" lon="11.870474"><ele>0</ele></trkpt>
      <trkpt lat="46.496224" lon="11.870589"><ele>0</ele></trkpt>
      <trkpt lat="46.496213" lon="11.870718"><ele>0</ele></trkpt>
      <trkpt lat="46.496008" lon="11.871672"><ele>0</ele></trkpt>
      <trkpt lat="46.496008" lon="11.871753"><ele>0</ele></trkpt>
      <trkpt lat="46.496032" lon="11.871837"><ele>0</ele></trkpt>
      <trkpt lat="46.496085" lon="11.871878"><ele>0</ele></trkpt>
      <trkpt lat="46.496142" lon="11.871881"><ele>0</ele></trkpt>
      <trkpt lat="46.496196" lon="11.871862"><ele>0</ele></trkpt>
      <trkpt lat="46.496584" lon="11.871489"><ele>0</ele></trkpt>
      <trkpt lat="46.496633" lon="11.871468"><ele>0</ele></trkpt>
      <trkpt lat="46.496678" lon="11.871473"><ele>0</ele></trkpt>
      <trkpt lat="46.496720" lon="11.871508"><ele>0</ele></trkpt>
      <trkpt lat="46.496750" lon="11.871573"><ele>0</ele></trkpt>
      <trkpt lat="46.496758" lon="11.871642"><ele>0</ele></trkpt>
      <trkpt lat="46.496751" lon="11.871734"><ele>0</ele></trkpt>
      <trkpt lat="46.496411" lon="11.873064"><ele>0</ele></trkpt>
      <trkpt lat="46.496399" lon="11.873167"><ele>0</ele></trkpt>
      <trkpt lat="46.496409" lon="11.873245"><ele>0</ele></trkpt>
      <trkpt lat="46.496454" lon="11.873313"><ele>0</ele></trkpt>
      <trkpt lat="46.496542" lon="11.873354"><ele>0</ele></trkpt>
      <trkpt lat="46.496747" lon="11.873421"><ele>0</ele></trkpt>
      <trkpt lat="46.496932" lon="11.873490"><ele>0</ele></trkpt>
      <trkpt lat="46.496944" lon="11.873495"><ele>0</ele></trkpt>
      <trkpt lat="46.497051" lon="11.873573"><ele>0</ele></trkpt>
      <trkpt lat="46.497153" lon="11.873764"><ele>0</ele></trkpt>
      <trkpt lat="46.497174" lon="11.873850"><ele>0</ele></trkpt>
      <trkpt lat="46.497207" lon="11.873960"><ele>0</ele></trkpt>
      <trkpt lat="46.497219" lon="11.874003"><ele>0</ele></trkpt>
      <trkpt lat="46.497286" lon="11.874225"><ele>0</ele></trkpt>
      <trkpt lat="46.497330" lon="11.874534"><ele>0</ele></trkpt>
      <trkpt lat="46.497446" lon="11.875037"><ele>0</ele></trkpt>
      <trkpt lat="46.497452" lon="11.875063"><ele>0</ele></trkpt>
      <trkpt lat="46.497504" lon="11.875159"><ele>0</ele></trkpt>
      <trkpt lat="46.497542" lon="11.875232"><ele>0</ele></trkpt>
      <trkpt lat="46.497581" lon="11.875303"><ele>0</ele></trkpt>
      <trkpt lat="46.497619" lon="11.875379"><ele>0</ele></trkpt>
      <trkpt lat="46.497653" lon="11.875445"><ele>0</ele></trkpt>
      <trkpt lat="46.497664" lon="11.875471"><ele>0</ele></trkpt>
      <trkpt lat="46.497672" lon="11.875483"><ele>0</ele></trkpt>
      <trkpt lat="46.497681" lon="11.875491"><ele>0</ele></trkpt>
      <trkpt lat="46.497691" lon="11.875499"><ele>0</ele></trkpt>
      <trkpt lat="46.497699" lon="11.875502"><ele>0</ele></trkpt>
      <trkpt lat="46.497706" lon="11.875504"><ele>0</ele></trkpt>
      <trkpt lat="46.497715" lon="11.875505"><ele>0</ele></trkpt>
      <trkpt lat="46.497725" lon="11.875505"><ele>0</ele></trkpt>
      <trkpt lat="46.497739" lon="11.875501"><ele>0</ele></trkpt>
      <trkpt lat="46.497752" lon="11.875489"><ele>0</ele></trkpt>
      <trkpt lat="46.497759" lon="11.875482"><ele>0</ele></trkpt>
      <trkpt lat="46.497764" lon="11.875474"><ele>0</ele></trkpt>
      <trkpt lat="46.497781" lon="11.875426"><ele>0</ele></trkpt>
      <trkpt lat="46.497782" lon="11.875411"><ele>0</ele></trkpt>
      <trkpt lat="46.497781" lon="11.875389"><ele>0</ele></trkpt>
      <trkpt lat="46.497779" lon="11.875378"><ele>0</ele></trkpt>
      <trkpt lat="46.497776" lon="11.875367"><ele>0</ele></trkpt>
      <trkpt lat="46.497770" lon="11.875352"><ele>0</ele></trkpt>
      <trkpt lat="46.497712" lon="11.875207"><ele>0</ele></trkpt>
      <trkpt lat="46.497715" lon="11.875145"><ele>0</ele></trkpt>
      <trkpt lat="46.497717" lon="11.874950"><ele>0</ele></trkpt>
      <trkpt lat="46.497717" lon="11.874889"><ele>0</ele></trkpt>
      <trkpt lat="46.497732" lon="11.874721"><ele>0</ele></trkpt>
      <trkpt lat="46.497752" lon="11.874619"><ele>0</ele></trkpt>
      <trkpt lat="46.497783" lon="11.874546"><ele>0</ele></trkpt>
      <trkpt lat="46.497841" lon="11.874499"><ele>0</ele></trkpt>
      <trkpt lat="46.497895" lon="11.874467"><ele>0</ele></trkpt>
      <trkpt lat="46.497954" lon="11.874457"><ele>0</ele></trkpt>
      <trkpt lat="46.498027" lon="11.874459"><ele>0</ele></trkpt>
      <trkpt lat="46.498086" lon="11.874467"><ele>0</ele></trkpt>
      <trkpt lat="46.498127" lon="11.874472"><ele>0</ele></trkpt>
      <trkpt lat="46.498242" lon="11.874495"><ele>0</ele></trkpt>
      <trkpt lat="46.498271" lon="11.874502"><ele>0</ele></trkpt>
      <trkpt lat="46.498468" lon="11.874549"><ele>0</ele></trkpt>
      <trkpt lat="46.498521" lon="11.874573"><ele>0</ele></trkpt>
      <trkpt lat="46.498791" lon="11.874774"><ele>0</ele></trkpt>
      <trkpt lat="46.499057" lon="11.874883"><ele>0</ele></trkpt>
      <trkpt lat="46.499168" lon="11.874931"><ele>0</ele></trkpt>
      <trkpt lat="46.499250" lon="11.875002"><ele>0</ele></trkpt>
      <trkpt lat="46.499297" lon="11.875068"><ele>0</ele></trkpt>
      <trkpt lat="46.499328" lon="11.875151"><ele>0</ele></trkpt>
      <trkpt lat="46.499333" lon="11.875257"><ele>0</ele></trkpt>
      <trkpt lat="46.499318" lon="11.875370"><ele>0</ele></trkpt>
      <trkpt lat="46.499281" lon="11.875515"><ele>0</ele></trkpt>
      <trkpt lat="46.499243" lon="11.875659"><ele>0</ele></trkpt>
      <trkpt lat="46.499235" lon="11.875837"><ele>0</ele></trkpt>
      <trkpt lat="46.499237" lon="11.875975"><ele>0</ele></trkpt>
      <trkpt lat="46.499318" lon="11.876313"><ele>0</ele></trkpt>
      <trkpt lat="46.499341" lon="11.876432"><ele>0</ele></trkpt>
      <trkpt lat="46.499348" lon="11.876566"><ele>0</ele></trkpt>
      <trkpt lat="46.499329" lon="11.876690"><ele>0</ele></trkpt>
      <trkpt lat="46.499258" lon="11.876958"><ele>0</ele></trkpt>
      <trkpt lat="46.499227" lon="11.877147"><ele>0</ele></trkpt>
      <trkpt lat="46.499239" lon="11.877353"><ele>0</ele></trkpt>
      <trkpt lat="46.499372" lon="11.878082"><ele>0</ele></trkpt>
      <trkpt lat="46.499400" lon="11.878601"><ele>0</ele></trkpt>
      <trkpt lat="46.499440" lon="11.879129"><ele>0</ele></trkpt>
      <trkpt lat="46.499482" lon="11.879324"><ele>0</ele></trkpt>
      <trkpt lat="46.499613" lon="11.879615"><ele>0</ele></trkpt>
      <trkpt lat="46.499678" lon="11.879839"><ele>0</ele></trkpt>
      <trkpt lat="46.499732" lon="11.880207"><ele>0</ele></trkpt>
      <trkpt lat="46.499866" lon="11.881220"><ele>0</ele></trkpt>
      <trkpt lat="46.499912" lon="11.881583"><ele>0</ele></trkpt>
      <trkpt lat="46.499944" lon="11.881745"><ele>0</ele></trkpt>
      <trkpt lat="46.499987" lon="11.881914"><ele>0</ele></trkpt>
      <trkpt lat="46.500250" lon="11.882992"><ele>0</ele></trkpt>
      <trkpt lat="46.500283" lon="11.883096"><ele>0</ele></trkpt>
      <trkpt lat="46.500318" lon="11.883198"><ele>0</ele></trkpt>
      <trkpt lat="46.500498" lon="11.883567"><ele>0</ele></trkpt>
      <trkpt lat="46.500550" lon="11.883703"><ele>0</ele></trkpt>
      <trkpt lat="46.500595" lon="11.883846"><ele>0</ele></trkpt>
      <trkpt lat="46.500629" lon="11.884019"><ele>0</ele></trkpt>
      <trkpt lat="46.500654" lon="11.884194"><ele>0</ele></trkpt>
      <trkpt lat="46.500681" lon="11.884530"><ele>0</ele></trkpt>
      <trkpt lat="46.500709" lon="11.884844"><ele>0</ele></trkpt>
      <trkpt lat="46.500707" lon="11.884923"><ele>0</ele></trkpt>
      <trkpt lat="46.500700" lon="11.885006"><ele>0</ele></trkpt>
      <trkpt lat="46.500686" lon="11.885091"><ele>0</ele></trkpt>
      <trkpt lat="46.500647" lon="11.885276"><ele>0</ele></trkpt>
      <trkpt lat="46.500626" lon="11.885400"><ele>0</ele></trkpt>
      <trkpt lat="46.500629" lon="11.885451"><ele>0</ele></trkpt>
      <trkpt lat="46.500643" lon="11.885497"><ele>0</ele></trkpt>
      <trkpt lat="46.500664" lon="11.885527"><ele>0</ele></trkpt>
      <trkpt lat="46.500693" lon="11.885543"><ele>0</ele></trkpt>
      <trkpt lat="46.500734" lon="11.885539"><ele>0</ele></trkpt>
      <trkpt lat="46.500773" lon="11.885516"><ele>0</ele></trkpt>
      <trkpt lat="46.500800" lon="11.885476"><ele>0</ele></trkpt>
      <trkpt lat="46.500819" lon="11.885425"><ele>0</ele></trkpt>
      <trkpt lat="46.500867" lon="11.885148"><ele>0</ele></trkpt>
      <trkpt lat="46.500938" lon="11.884774"><ele>0</ele></trkpt>
      <trkpt lat="46.500949" lon="11.884687"><ele>0</ele></trkpt>
      <trkpt lat="46.500946" lon="11.884567"><ele>0</ele></trkpt>
      <trkpt lat="46.500943" lon="11.884449"><ele>0</ele></trkpt>
      <trkpt lat="46.500959" lon="11.884368"><ele>0</ele></trkpt>
      <trkpt lat="46.500989" lon="11.884303"><ele>0</ele></trkpt>
      <trkpt lat="46.501041" lon="11.884270"><ele>0</ele></trkpt>
      <trkpt lat="46.501095" lon="11.884270"><ele>0</ele></trkpt>
      <trkpt lat="46.501136" lon="11.884292"><ele>0</ele></trkpt>
      <trkpt lat="46.501168" lon="11.884356"><ele>0</ele></trkpt>
      <trkpt lat="46.501181" lon="11.884417"><ele>0</ele></trkpt>
      <trkpt lat="46.501184" lon="11.884509"><ele>0</ele></trkpt>
      <trkpt lat="46.501176" lon="11.884587"><ele>0</ele></trkpt>
      <trkpt lat="46.501164" lon="11.884717"><ele>0</ele></trkpt>
      <trkpt lat="46.501165" lon="11.884883"><ele>0</ele></trkpt>
      <trkpt lat="46.501173" lon="11.885099"><ele>0</ele></trkpt>
      <trkpt lat="46.501216" lon="11.885605"><ele>0</ele></trkpt>
      <trkpt lat="46.501276" lon="11.886539"><ele>0</ele></trkpt>
      <trkpt lat="46.501299" lon="11.887140"><ele>0</ele></trkpt>
      <trkpt lat="46.501296" lon="11.887346"><ele>0</ele></trkpt>
      <trkpt lat="46.501303" lon="11.887420"><ele>0</ele></trkpt>
      <trkpt lat="46.501320" lon="11.887482"><ele>0</ele></trkpt>
      <trkpt lat="46.501348" lon="11.887515"><ele>0</ele></trkpt>
      <trkpt lat="46.501383" lon="11.887525"><ele>0</ele></trkpt>
      <trkpt lat="46.501413" lon="11.887525"><ele>0</ele></trkpt>
      <trkpt lat="46.501443" lon="11.887516"><ele>0</ele></trkpt>
      <trkpt lat="46.501471" lon="11.887491"><ele>0</ele></trkpt>
      <trkpt lat="46.501491" lon="11.887458"><ele>0</ele></trkpt>
      <trkpt lat="46.501506" lon="11.887393"><ele>0</ele></trkpt>
      <trkpt lat="46.501506" lon="11.887323"><ele>0</ele></trkpt>
      <trkpt lat="46.501475" lon="11.887102"><ele>0</ele></trkpt>
      <trkpt lat="46.501465" lon="11.887009"><ele>0</ele></trkpt>
      <trkpt lat="46.501465" lon="11.886912"><ele>0</ele></trkpt>
      <trkpt lat="46.501478" lon="11.886784"><ele>0</ele></trkpt>
      <trkpt lat="46.501565" lon="11.886325"><ele>0</ele></trkpt>
      <trkpt lat="46.501674" lon="11.885935"><ele>0</ele></trkpt>
      <trkpt lat="46.501989" lon="11.885082"><ele>0</ele></trkpt>
      <trkpt lat="46.502017" lon="11.884986"><ele>0</ele></trkpt>
      <trkpt lat="46.502032" lon="11.884883"><ele>0</ele></trkpt>
      <trkpt lat="46.502031" lon="11.884776"><ele>0</ele></trkpt>
      <trkpt lat="46.502010" lon="11.884643"><ele>0</ele></trkpt>
      <trkpt lat="46.501963" lon="11.884481"><ele>0</ele></trkpt>
      <trkpt lat="46.501913" lon="11.884208"><ele>0</ele></trkpt>
      <trkpt lat="46.501884" lon="11.883527"><ele>0</ele></trkpt>
      <trkpt lat="46.501729" lon="11.882877"><ele>0</ele></trkpt>
      <trkpt lat="46.501678" lon="11.882514"><ele>0</ele></trkpt>
      <trkpt lat="46.501745" lon="11.880493"><ele>0</ele></trkpt>
      <trkpt lat="46.501759" lon="11.880394"><ele>0</ele></trkpt>
      <trkpt lat="46.501965" lon="11.878997"><ele>0</ele></trkpt>
      <trkpt lat="46.502044" lon="11.878767"><ele>0</ele></trkpt>
      <trkpt lat="46.502131" lon="11.878629"><ele>0</ele></trkpt>
      <trkpt lat="46.502239" lon="11.878534"><ele>0</ele></trkpt>
      <trkpt lat="46.502411" lon="11.878349"><ele>0</ele></trkpt>
      <trkpt lat="46.502504" lon="11.878179"><ele>0</ele></trkpt>
      <trkpt lat="46.502667" lon="11.877518"><ele>0</ele></trkpt>
      <trkpt lat="46.502725" lon="11.877353"><ele>0</ele></trkpt>
      <trkpt lat="46.502884" lon="11.877153"><ele>0</ele></trkpt>
      <trkpt lat="46.503125" lon="11.876943"><ele>0</ele></trkpt>
      <trkpt lat="46.503209" lon="11.876899"><ele>0</ele></trkpt>
      <trkpt lat="46.503284" lon="11.876880"><ele>0</ele></trkpt>
      <trkpt lat="46.503348" lon="11.876885"><ele>0</ele></trkpt>
      <trkpt lat="46.503393" lon="11.876918"><ele>0</ele></trkpt>
      <trkpt lat="46.503444" lon="11.876981"><ele>0</ele></trkpt>
      <trkpt lat="46.503488" lon="11.877086"><ele>0</ele></trkpt>
      <trkpt lat="46.503534" lon="11.877310"><ele>0</ele></trkpt>
      <trkpt lat="46.503583" lon="11.877452"><ele>0</ele></trkpt>
      <trkpt lat="46.503657" lon="11.877581"><ele>0</ele></trkpt>
      <trkpt lat="46.503767" lon="11.877678"><ele>0</ele></trkpt>
      <trkpt lat="46.503882" lon="11.877758"><ele>0</ele></trkpt>
      <trkpt lat="46.503996" lon="11.877800"><ele>0</ele></trkpt>
      <trkpt lat="46.504069" lon="11.877824"><ele>0</ele></trkpt>
      <trkpt lat="46.504249" lon="11.877830"><ele>0</ele></trkpt>
      <trkpt lat="46.506220" lon="11.877695"><ele>0</ele></trkpt>
      <trkpt lat="46.506328" lon="11.877677"><ele>0</ele></trkpt>
      <trkpt lat="46.506455" lon="11.877607"><ele>0</ele></trkpt>
      <trkpt lat="46.507555" lon="11.876940"><ele>0</ele></trkpt>
      <trkpt lat="46.507634" lon="11.876903"><ele>0</ele></trkpt>
      <trkpt lat="46.507692" lon="11.876897"><ele>0</ele></trkpt>
      <trkpt lat="46.507726" lon="11.876903"><ele>0</ele></trkpt>
      <trkpt lat="46.507752" lon="11.876921"><ele>0</ele></trkpt>
      <trkpt lat="46.507772" lon="11.876948"><ele>0</ele></trkpt>
      <trkpt lat="46.507782" lon="11.876979"><ele>0</ele></trkpt>
      <trkpt lat="46.507784" lon="11.877025"><ele>0</ele></trkpt>
      <trkpt lat="46.507769" lon="11.877082"><ele>0</ele></trkpt>
      <trkpt lat="46.507738" lon="11.877133"><ele>0</ele></trkpt>
      <trkpt lat="46.507679" lon="11.877197"><ele>0</ele></trkpt>
      <trkpt lat="46.507156" lon="11.877491"><ele>0</ele></trkpt>
      <trkpt lat="46.507115" lon="11.877530"><ele>0</ele></trkpt>
      <trkpt lat="46.507074" lon="11.877588"><ele>0</ele></trkpt>
      <trkpt lat="46.507053" lon="11.877671"><ele>0</ele></trkpt>
      <trkpt lat="46.507050" lon="11.877735"><ele>0</ele></trkpt>
      <trkpt lat="46.507077" lon="11.877790"><ele>0</ele></trkpt>
      <trkpt lat="46.507109" lon="11.877826"><ele>0</ele></trkpt>
      <trkpt lat="46.507160" lon="11.877855"><ele>0</ele></trkpt>
      <trkpt lat="46.507254" lon="11.877881"><ele>0</ele></trkpt>
      <trkpt lat="46.507364" lon="11.877900"><ele>0</ele></trkpt>
      <trkpt lat="46.507465" lon="11.877906"><ele>0</ele></trkpt>
      <trkpt lat="46.507550" lon="11.877884"><ele>0</ele></trkpt>
      <trkpt lat="46.507617" lon="11.877851"><ele>0</ele></trkpt>
      <trkpt lat="46.507673" lon="11.877810"><ele>0</ele></trkpt>
      <trkpt lat="46.507729" lon="11.877747"><ele>0</ele></trkpt>
      <trkpt lat="46.507789" lon="11.877660"><ele>0</ele></trkpt>
      <trkpt lat="46.507998" lon="11.877236"><ele>0</ele></trkpt>
      <trkpt lat="46.508063" lon="11.877154"><ele>0</ele></trkpt>
      <trkpt lat="46.508127" lon="11.877099"><ele>0</ele></trkpt>
      <trkpt lat="46.508199" lon="11.877064"><ele>0</ele></trkpt>
      <trkpt lat="46.508266" lon="11.877038"><ele>0</ele></trkpt>
      <trkpt lat="46.508355" lon="11.876989"><ele>0</ele></trkpt>
      <trkpt lat="46.508400" lon="11.876946"><ele>0</ele></trkpt>
      <trkpt lat="46.508441" lon="11.876899"><ele>0</ele></trkpt>
      <trkpt lat="46.508477" lon="11.876813"><ele>0</ele></trkpt>
      <trkpt lat="46.508511" lon="11.876655"><ele>0</ele></trkpt>
      <trkpt lat="46.508529" lon="11.876494"><ele>0</ele></trkpt>
      <trkpt lat="46.508552" lon="11.876399"><ele>0</ele></trkpt>
      <trkpt lat="46.508589" lon="11.876328"><ele>0</ele></trkpt>
      <trkpt lat="46.508642" lon="11.876279"><ele>0</ele></trkpt>
      <trkpt lat="46.508710" lon="11.876265"><ele>0</ele></trkpt>
      <trkpt lat="46.508751" lon="11.876279"><ele>0</ele></trkpt>
      <trkpt lat="46.508794" lon="11.876304"><ele>0</ele></trkpt>
      <trkpt lat="46.508892" lon="11.876431"><ele>0</ele></trkpt>
      <trkpt lat="46.508992" lon="11.876548"><ele>0</ele></trkpt>
      <trkpt lat="46.509058" lon="11.876618"><ele>0</ele></trkpt>
      <trkpt lat="46.509168" lon="11.876670"><ele>0</ele></trkpt>
      <trkpt lat="46.509239" lon="11.876668"><ele>0</ele></trkpt>
      <trkpt lat="46.509323" lon="11.876647"><ele>0</ele></trkpt>
      <trkpt lat="46.509397" lon="11.876614"><ele>0</ele></trkpt>
      <trkpt lat="46.509474" lon="11.876545"><ele>0</ele></trkpt>
      <trkpt lat="46.509529" lon="11.876464"><ele>0</ele></trkpt>
      <trkpt lat="46.509987" lon="11.875765"><ele>0</ele></trkpt>
      <trkpt lat="46.510153" lon="11.875579"><ele>0</ele></trkpt>
      <trkpt lat="46.510387" lon="11.875394"><ele>0</ele></trkpt>
      <trkpt lat="46.511184" lon="11.874843"><ele>0</ele></trkpt>
      <trkpt lat="46.511941" lon="11.874417"><ele>0</ele></trkpt>
      <trkpt lat="46.512325" lon="11.874094"><ele>0</ele></trkpt>
      <trkpt lat="46.512588" lon="11.873786"><ele>0</ele></trkpt>
      <trkpt lat="46.513443" lon="11.872785"><ele>0</ele></trkpt>
      <trkpt lat="46.513644" lon="11.872552"><ele>0</ele></trkpt>
      <trkpt lat="46.513859" lon="11.872367"><ele>0</ele></trkpt>
      <trkpt lat="46.514060" lon="11.872341"><ele>0</ele></trkpt>
      <trkpt lat="46.514247" lon="11.872355"><ele>0</ele></trkpt>
      <trkpt lat="46.515856" lon="11.872806"><ele>0</ele></trkpt>
      <trkpt lat="46.516109" lon="11.872866"><ele>0</ele></trkpt>
      <trkpt lat="46.517257" lon="11.872829"><ele>0</ele></trkpt>
      <trkpt lat="46.517410" lon="11.872819"><ele>0</ele></trkpt>
      <trkpt lat="46.517613" lon="11.872837"><ele>0</ele></trkpt>
      <trkpt lat="46.517664" lon="11.872856"><ele>0</ele></trkpt>
      <trkpt lat="46.518042" lon="11.873053"><ele>0</ele></trkpt>
      <trkpt lat="46.519099" lon="11.873666"><ele>0</ele></trkpt>
      <trkpt lat="46.519301" lon="11.873767"><ele>0</ele></trkpt>
      <trkpt lat="46.519392" lon="11.873787"><ele>0</ele></trkpt>
      <trkpt lat="46.519513" lon="11.873805"><ele>0</ele></trkpt>
      <trkpt lat="46.519952" lon="11.873803"><ele>0</ele></trkpt>
      <trkpt lat="46.520152" lon="11.873806"><ele>0</ele></trkpt>
      <trkpt lat="46.520737" lon="11.873796"><ele>0</ele></trkpt>
      <trkpt lat="46.521009" lon="11.873805"><ele>0</ele></trkpt>
      <trkpt lat="46.521171" lon="11.873816"><ele>0</ele></trkpt>
      <trkpt lat="46.521242" lon="11.873834"><ele>0</ele></trkpt>
      <trkpt lat="46.521398" lon="11.873893"><ele>0</ele></trkpt>
      <trkpt lat="46.521543" lon="11.873988"><ele>0</ele></trkpt>
      <trkpt lat="46.521713" lon="11.874135"><ele>0</ele></trkpt>
      <trkpt lat="46.523988" lon="11.876131"><ele>0</ele></trkpt>
      <trkpt lat="46.524362" lon="11.876506"><ele>0</ele></trkpt>
      <trkpt lat="46.525216" lon="11.877705"><ele>0</ele></trkpt>
      <trkpt lat="46.525484" lon="11.877959"><ele>0</ele></trkpt>
      <trkpt lat="46.527351" lon="11.879207"><ele>0</ele></trkpt>
      <trkpt lat="46.527479" lon="11.879326"><ele>0</ele></trkpt>
      <trkpt lat="46.528576" lon="11.880569"><ele>0</ele></trkpt>
      <trkpt lat="46.528662" lon="11.880694"><ele>0</ele></trkpt>
      <trkpt lat="46.528737" lon="11.880830"><ele>0</ele></trkpt>
      <trkpt lat="46.528934" lon="11.881193"><ele>0</ele></trkpt>
      <trkpt lat="46.529091" lon="11.881447"><ele>0</ele></trkpt>
      <trkpt lat="46.530510" lon="11.883226"><ele>0</ele></trkpt>
      <trkpt lat="46.531101" lon="11.884105"><ele>0</ele></trkpt>
      <trkpt lat="46.531178" lon="11.884218"><ele>0</ele></trkpt>
      <trkpt lat="46.531230" lon="11.884266"><ele>0</ele></trkpt>
      <trkpt lat="46.531288" lon="11.884300"><ele>0</ele></trkpt>
      <trkpt lat="46.531344" lon="11.884320"><ele>0</ele></trkpt>
      <trkpt lat="46.531420" lon="11.884318"><ele>0</ele></trkpt>
      <trkpt lat="46.531499" lon="11.884318"><ele>0</ele></trkpt>
      <trkpt lat="46.532207" lon="11.884221"><ele>0</ele></trkpt>
      <trkpt lat="46.532400" lon="11.884202"><ele>0</ele></trkpt>
      <trkpt lat="46.532565" lon="11.884211"><ele>0</ele></trkpt>
      <trkpt lat="46.532661" lon="11.884252"><ele>0</ele></trkpt>
      <trkpt lat="46.532735" lon="11.884297"><ele>0</ele></trkpt>
      <trkpt lat="46.532826" lon="11.884360"><ele>0</ele></trkpt>
      <trkpt lat="46.532963" lon="11.884484"><ele>0</ele></trkpt>
      <trkpt lat="46.533366" lon="11.884879"><ele>0</ele></trkpt>
      <trkpt lat="46.533460" lon="11.884940"><ele>0</ele></trkpt>
      <trkpt lat="46.533566" lon="11.884990"><ele>0</ele></trkpt>
      <trkpt lat="46.533715" lon="11.885038"><ele>0</ele></trkpt>
      <trkpt lat="46.533820" lon="11.885069"><ele>0</ele></trkpt>
      <trkpt lat="46.533892" lon="11.885102"><ele>0</ele></trkpt>
      <trkpt lat="46.533950" lon="11.885153"><ele>0</ele></trkpt>
      <trkpt lat="46.533993" lon="11.885213"><ele>0</ele></trkpt>
      <trkpt lat="46.534023" lon="11.885302"><ele>0</ele></trkpt>
      <trkpt lat="46.534051" lon="11.885413"><ele>0</ele></trkpt>
      <trkpt lat="46.534053" lon="11.885551"><ele>0</ele></trkpt>
      <trkpt lat="46.534052" lon="11.885721"><ele>0</ele></trkpt>
      <trkpt lat="46.534025" lon="11.886209"><ele>0</ele></trkpt>
      <trkpt lat="46.534041" lon="11.886385"><ele>0</ele></trkpt>
      <trkpt lat="46.534059" lon="11.886470"><ele>0</ele></trkpt>
      <trkpt lat="46.534091" lon="11.886547"><ele>0</ele></trkpt>
      <trkpt lat="46.534124" lon="11.886613"><ele>0</ele></trkpt>
      <trkpt lat="46.534167" lon="11.886667"><ele>0</ele></trkpt>
      <trkpt lat="46.534231" lon="11.886719"><ele>0</ele></trkpt>
      <trkpt lat="46.534290" lon="11.886754"><ele>0</ele></trkpt>
      <trkpt lat="46.534348" lon="11.886769"><ele>0</ele></trkpt>
      <trkpt lat="46.534426" lon="11.886781"><ele>0</ele></trkpt>
      <trkpt lat="46.535257" lon="11.886850"><ele>0</ele></trkpt>
      <trkpt lat="46.535305" lon="11.886843"><ele>0</ele></trkpt>
      <trkpt lat="46.535360" lon="11.886832"><ele>0</ele></trkpt>
      <trkpt lat="46.535409" lon="11.886805"><ele>0</ele></trkpt>
      <trkpt lat="46.535553" lon="11.886703"><ele>0</ele></trkpt>
      <trkpt lat="46.535592" lon="11.886686"><ele>0</ele></trkpt>
      <trkpt lat="46.535638" lon="11.886683"><ele>0</ele></trkpt>
      <trkpt lat="46.535676" lon="11.886699"><ele>0</ele></trkpt>
      <trkpt lat="46.535702" lon="11.886733"><ele>0</ele></trkpt>
      <trkpt lat="46.535723" lon="11.886787"><ele>0</ele></trkpt>
      <trkpt lat="46.535733" lon="11.886855"><ele>0</ele></trkpt>
      <trkpt lat="46.535724" lon="11.886931"><ele>0</ele></trkpt>
      <trkpt lat="46.535700" lon="11.886994"><ele>0</ele></trkpt>
      <trkpt lat="46.535656" lon="11.887062"><ele>0</ele></trkpt>
      <trkpt lat="46.535568" lon="11.887158"><ele>0</ele></trkpt>
      <trkpt lat="46.535523" lon="11.887214"><ele>0</ele></trkpt>
      <trkpt lat="46.535488" lon="11.887283"><ele>0</ele></trkpt>
      <trkpt lat="46.535469" lon="11.887345"><ele>0</ele></trkpt>
      <trkpt lat="46.535469" lon="11.887400"><ele>0</ele></trkpt>
      <trkpt lat="46.535493" lon="11.887493"><ele>0</ele></trkpt>
      <trkpt lat="46.535517" lon="11.887530"><ele>0</ele></trkpt>
      <trkpt lat="46.535546" lon="11.887554"><ele>0</ele></trkpt>
      <trkpt lat="46.535565" lon="11.887566"><ele>0</ele></trkpt>
      <trkpt lat="46.535589" lon="11.887572"><ele>0</ele></trkpt>
      <trkpt lat="46.535632" lon="11.887565"><ele>0</ele></trkpt>
      <trkpt lat="46.535699" lon="11.887538"><ele>0</ele></trkpt>
      <trkpt lat="46.535781" lon="11.887483"><ele>0</ele></trkpt>
      <trkpt lat="46.535891" lon="11.887420"><ele>0</ele></trkpt>
      <trkpt lat="46.536398" lon="11.887192"><ele>0</ele></trkpt>
      <trkpt lat="46.536510" lon="11.887113"><ele>0</ele></trkpt>
      <trkpt lat="46.536572" lon="11.887044"><ele>0</ele></trkpt>
      <trkpt lat="46.536777" lon="11.886768"><ele>0</ele></trkpt>
      <trkpt lat="46.536828" lon="11.886735"><ele>0</ele></trkpt>
      <trkpt lat="46.536898" lon="11.886711"><ele>0</ele></trkpt>
      <trkpt lat="46.537040" lon="11.886708"><ele>0</ele></trkpt>
      <trkpt lat="46.537125" lon="11.886706"><ele>0</ele></trkpt>
      <trkpt lat="46.537198" lon="11.886703"><ele>0</ele></trkpt>
      <trkpt lat="46.537296" lon="11.886700"><ele>0</ele></trkpt>
      <trkpt lat="46.537350" lon="11.886697"><ele>0</ele></trkpt>
      <trkpt lat="46.537558" lon="11.886687"><ele>0</ele></trkpt>
      <trkpt lat="46.537661" lon="11.886657"><ele>0</ele></trkpt>
      <trkpt lat="46.537755" lon="11.886613"><ele>0</ele></trkpt>
      <trkpt lat="46.537803" lon="11.886575"><ele>0</ele></trkpt>
      <trkpt lat="46.537863" lon="11.886509"><ele>0</ele></trkpt>
      <trkpt lat="46.537908" lon="11.886452"><ele>0</ele></trkpt>
      <trkpt lat="46.537962" lon="11.886361"><ele>0</ele></trkpt>
      <trkpt lat="46.538000" lon="11.886272"><ele>0</ele></trkpt>
      <trkpt lat="46.538034" lon="11.886151"><ele>0</ele></trkpt>
      <trkpt lat="46.538048" lon="11.886050"><ele>0</ele></trkpt>
      <trkpt lat="46.538056" lon="11.885927"><ele>0</ele></trkpt>
      <trkpt lat="46.538075" lon="11.885794"><ele>0</ele></trkpt>
      <trkpt lat="46.538116" lon="11.885680"><ele>0</ele></trkpt>
      <trkpt lat="46.538310" lon="11.885320"><ele>0</ele></trkpt>
      <trkpt lat="46.538412" lon="11.885178"><ele>0</ele></trkpt>
      <trkpt lat="46.538518" lon="11.885035"><ele>0</ele></trkpt>
      <trkpt lat="46.538634" lon="11.884931"><ele>0</ele></trkpt>
      <trkpt lat="46.539118" lon="11.884575"><ele>0</ele></trkpt>
      <trkpt lat="46.539703" lon="11.884105"><ele>0</ele></trkpt>
      <trkpt lat="46.540017" lon="11.883803"><ele>0</ele></trkpt>
      <trkpt lat="46.540103" lon="11.883742"><ele>0</ele></trkpt>
      <trkpt lat="46.540148" lon="11.883728"><ele>0</ele></trkpt>
      <trkpt lat="46.540211" lon="11.883731"><ele>0</ele></trkpt>
      <trkpt lat="46.540276" lon="11.883745"><ele>0</ele></trkpt>
      <trkpt lat="46.540578" lon="11.883979"><ele>0</ele></trkpt>
      <trkpt lat="46.540742" lon="11.884100"><ele>0</ele></trkpt>
      <trkpt lat="46.540800" lon="11.884123"><ele>0</ele></trkpt>
      <trkpt lat="46.541020" lon="11.884122"><ele>0</ele></trkpt>
      <trkpt lat="46.541104" lon="11.884122"><ele>0</ele></trkpt>
      <trkpt lat="46.541151" lon="11.884115"><ele>0</ele></trkpt>
      <trkpt lat="46.541182" lon="11.884095"><ele>0</ele></trkpt>
      <trkpt lat="46.541215" lon="11.884068"><ele>0</ele></trkpt>
      <trkpt lat="46.541243" lon="11.884034"><ele>0</ele></trkpt>
      <trkpt lat="46.541261" lon="11.883998"><ele>0</ele></trkpt>
      <trkpt lat="46.541273" lon="11.883942"><ele>0</ele></trkpt>
      <trkpt lat="46.541283" lon="11.883859"><ele>0</ele></trkpt>
      <trkpt lat="46.541281" lon="11.883791"><ele>0</ele></trkpt>
      <trkpt lat="46.541208" lon="11.883365"><ele>0</ele></trkpt>
      <trkpt lat="46.541210" lon="11.883281"><ele>0</ele></trkpt>
      <trkpt lat="46.541228" lon="11.883193"><ele>0</ele></trkpt>
      <trkpt lat="46.541257" lon="11.883101"><ele>0</ele></trkpt>
      <trkpt lat="46.541297" lon="11.882997"><ele>0</ele></trkpt>
      <trkpt lat="46.541340" lon="11.882932"><ele>0</ele></trkpt>
      <trkpt lat="46.541442" lon="11.882761"><ele>0</ele></trkpt>
      <trkpt lat="46.541466" lon="11.882712"><ele>0</ele></trkpt>
      <trkpt lat="46.541482" lon="11.882655"><ele>0</ele></trkpt>
      <trkpt lat="46.541494" lon="11.882585"><ele>0</ele></trkpt>
      <trkpt lat="46.541488" lon="11.882479"><ele>0</ele></trkpt>
      <trkpt lat="46.541471" lon="11.882334"><ele>0</ele></trkpt>
      <trkpt lat="46.541438" lon="11.882102"><ele>0</ele></trkpt>
      <trkpt lat="46.541413" lon="11.881979"><ele>0</ele></trkpt>
      <trkpt lat="46.541409" lon="11.881914"><ele>0</ele></trkpt>
      <trkpt lat="46.541421" lon="11.881846"><ele>0</ele></trkpt>
      <trkpt lat="46.541445" lon="11.881787"><ele>0</ele></trkpt>
      <trkpt lat="46.541477" lon="11.881752"><ele>0</ele></trkpt>
      <trkpt lat="46.541515" lon="11.881736"><ele>0</ele></trkpt>
      <trkpt lat="46.541569" lon="11.881725"><ele>0</ele></trkpt>
      <trkpt lat="46.541614" lon="11.881731"><ele>0</ele></trkpt>
      <trkpt lat="46.541663" lon="11.881769"><ele>0</ele></trkpt>
      <trkpt lat="46.541707" lon="11.881817"><ele>0</ele></trkpt>
      <trkpt lat="46.541742" lon="11.881875"><ele>0</ele></trkpt>
      <trkpt lat="46.541826" lon="11.882044"><ele>0</ele></trkpt>
      <trkpt lat="46.541859" lon="11.882075"><ele>0</ele></trkpt>
      <trkpt lat="46.541891" lon="11.882091"><ele>0</ele></trkpt>
      <trkpt lat="46.541936" lon="11.882094"><ele>0</ele></trkpt>
      <trkpt lat="46.541970" lon="11.882069"><ele>0</ele></trkpt>
      <trkpt lat="46.541993" lon="11.882029"><ele>0</ele></trkpt>
      <trkpt lat="46.542014" lon="11.881963"><ele>0</ele></trkpt>
      <trkpt lat="46.542022" lon="11.881861"><ele>0</ele></trkpt>
      <trkpt lat="46.542019" lon="11.881754"><ele>0</ele></trkpt>
      <trkpt lat="46.542019" lon="11.881544"><ele>0</ele></trkpt>
      <trkpt lat="46.542028" lon="11.881083"><ele>0</ele></trkpt>
      <trkpt lat="46.542111" lon="11.880515"><ele>0</ele></trkpt>
      <trkpt lat="46.542193" lon="11.880168"><ele>0</ele></trkpt>
      <trkpt lat="46.542212" lon="11.880047"><ele>0</ele></trkpt>
      <trkpt lat="46.542219" lon="11.879913"><ele>0</ele></trkpt>
      <trkpt lat="46.542219" lon="11.879787"><ele>0</ele></trkpt>
      <trkpt lat="46.542222" lon="11.879672"><ele>0</ele></trkpt>
      <trkpt lat="46.542219" lon="11.879586"><ele>0</ele></trkpt>
      <trkpt lat="46.542237" lon="11.879527"><ele>0</ele></trkpt>
      <trkpt lat="46.542263" lon="11.879466"><ele>0</ele></trkpt>
      <trkpt lat="46.542298" lon="11.879428"><ele>0</ele></trkpt>
      <trkpt lat="46.542352" lon="11.879392"><ele>0</ele></trkpt>
      <trkpt lat="46.542408" lon="11.879374"><ele>0</ele></trkpt>
      <trkpt lat="46.542471" lon="11.879368"><ele>0</ele></trkpt>
      <trkpt lat="46.542529" lon="11.879387"><ele>0</ele></trkpt>
      <trkpt lat="46.542570" lon="11.879415"><ele>0</ele></trkpt>
      <trkpt lat="46.542610" lon="11.879459"><ele>0</ele></trkpt>
      <trkpt lat="46.542645" lon="11.879521"><ele>0</ele></trkpt>
      <trkpt lat="46.542678" lon="11.879608"><ele>0</ele></trkpt>
      <trkpt lat="46.542704" lon="11.879719"><ele>0</ele></trkpt>
      <trkpt lat="46.542750" lon="11.879984"><ele>0</ele></trkpt>
      <trkpt lat="46.542781" lon="11.880091"><ele>0</ele></trkpt>
      <trkpt lat="46.542805" lon="11.880154"><ele>0</ele></trkpt>
      <trkpt lat="46.542839" lon="11.880214"><ele>0</ele></trkpt>
      <trkpt lat="46.542879" lon="11.880261"><ele>0</ele></trkpt>
      <trkpt lat="46.542923" lon="11.880288"><ele>0</ele></trkpt>
      <trkpt lat="46.542977" lon="11.880292"><ele>0</ele></trkpt>
      <trkpt lat="46.543018" lon="11.880274"><ele>0</ele></trkpt>
      <trkpt lat="46.543054" lon="11.880237"><ele>0</ele></trkpt>
      <trkpt lat="46.543085" lon="11.880179"><ele>0</ele></trkpt>
      <trkpt lat="46.543122" lon="11.880026"><ele>0</ele></trkpt>
      <trkpt lat="46.543169" lon="11.879859"><ele>0</ele></trkpt>
      <trkpt lat="46.543391" lon="11.879357"><ele>0</ele></trkpt>
      <trkpt lat="46.543423" lon="11.879214"><ele>0</ele></trkpt>
      <trkpt lat="46.543428" lon="11.879016"><ele>0</ele></trkpt>
      <trkpt lat="46.543405" lon="11.878848"><ele>0</ele></trkpt>
      <trkpt lat="46.543358" lon="11.878630"><ele>0</ele></trkpt>
      <trkpt lat="46.543336" lon="11.878529"><ele>0</ele></trkpt>
      <trkpt lat="46.543322" lon="11.878403"><ele>0</ele></trkpt>
      <trkpt lat="46.543329" lon="11.878275"><ele>0</ele></trkpt>
      <trkpt lat="46.543336" lon="11.878161"><ele>0</ele></trkpt>
      <trkpt lat="46.543347" lon="11.878054"><ele>0</ele></trkpt>
      <trkpt lat="46.543388" lon="11.877915"><ele>0</ele></trkpt>
      <trkpt lat="46.543431" lon="11.877857"><ele>0</ele></trkpt>
      <trkpt lat="46.543493" lon="11.877809"><ele>0</ele></trkpt>
      <trkpt lat="46.543559" lon="11.877772"><ele>0</ele></trkpt>
      <trkpt lat="46.543616" lon="11.877764"><ele>0</ele></trkpt>
      <trkpt lat="46.543668" lon="11.877768"><ele>0</ele></trkpt>
      <trkpt lat="46.543721" lon="11.877796"><ele>0</ele></trkpt>
      <trkpt lat="46.543758" lon="11.877840"><ele>0</ele></trkpt>
      <trkpt lat="46.543805" lon="11.877917"><ele>0</ele></trkpt>
      <trkpt lat="46.543855" lon="11.878032"><ele>0</ele></trkpt>
      <trkpt lat="46.544010" lon="11.878581"><ele>0</ele></trkpt>
      <trkpt lat="46.544050" lon="11.878660"><ele>0</ele></trkpt>
      <trkpt lat="46.544092" lon="11.878716"><ele>0</ele></trkpt>
      <trkpt lat="46.544140" lon="11.878750"><ele>0</ele></trkpt>
      <trkpt lat="46.544206" lon="11.878748"><ele>0</ele></trkpt>
      <trkpt lat="46.544257" lon="11.878714"><ele>0</ele></trkpt>
      <trkpt lat="46.544298" lon="11.878658"><ele>0</ele></trkpt>
      <trkpt lat="46.544330" lon="11.878559"><ele>0</ele></trkpt>
      <trkpt lat="46.544344" lon="11.878426"><ele>0</ele></trkpt>
      <trkpt lat="46.544336" lon="11.878070"><ele>0</ele></trkpt>
      <trkpt lat="46.544345" lon="11.877894"><ele>0</ele></trkpt>
      <trkpt lat="46.544360" lon="11.877745"><ele>0</ele></trkpt>
      <trkpt lat="46.544364" lon="11.877586"><ele>0</ele></trkpt>
      <trkpt lat="46.544354" lon="11.877428"><ele>0</ele></trkpt>
      <trkpt lat="46.544327" lon="11.877234"><ele>0</ele></trkpt>
      <trkpt lat="46.544289" lon="11.877038"><ele>0</ele></trkpt>
      <trkpt lat="46.544233" lon="11.876883"><ele>0</ele></trkpt>
      <trkpt lat="46.544193" lon="11.876792"><ele>0</ele></trkpt>
      <trkpt lat="46.544185" lon="11.876718"><ele>0</ele></trkpt>
      <trkpt lat="46.544189" lon="11.876651"><ele>0</ele></trkpt>
      <trkpt lat="46.544218" lon="11.876607"><ele>0</ele></trkpt>
      <trkpt lat="46.544256" lon="11.876585"><ele>0</ele></trkpt>
      <trkpt lat="46.544308" lon="11.876583"><ele>0</ele></trkpt>
      <trkpt lat="46.544370" lon="11.876596"><ele>0</ele></trkpt>
      <trkpt lat="46.544438" lon="11.876633"><ele>0</ele></trkpt>
      <trkpt lat="46.544568" lon="11.876711"><ele>0</ele></trkpt>
      <trkpt lat="46.544635" lon="11.876756"><ele>0</ele></trkpt>
      <trkpt lat="46.544707" lon="11.876805"><ele>0</ele></trkpt>
      <trkpt lat="46.544751" lon="11.876814"><ele>0</ele></trkpt>
      <trkpt lat="46.544798" lon="11.876814"><ele>0</ele></trkpt>
      <trkpt lat="46.544841" lon="11.876799"><ele>0</ele></trkpt>
      <trkpt lat="46.544885" lon="11.876760"><ele>0</ele></trkpt>
      <trkpt lat="46.544925" lon="11.876700"><ele>0</ele></trkpt>
      <trkpt lat="46.544956" lon="11.876631"><ele>0</ele></trkpt>
      <trkpt lat="46.544965" lon="11.876537"><ele>0</ele></trkpt>
      <trkpt lat="46.544945" lon="11.876438"><ele>0</ele></trkpt>
      <trkpt lat="46.544906" lon="11.876324"><ele>0</ele></trkpt>
      <trkpt lat="46.544866" lon="11.876225"><ele>0</ele></trkpt>
      <trkpt lat="46.544770" lon="11.875997"><ele>0</ele></trkpt>
      <trkpt lat="46.544756" lon="11.875906"><ele>0</ele></trkpt>
      <trkpt lat="46.544757" lon="11.875816"><ele>0</ele></trkpt>
      <trkpt lat="46.544793" lon="11.875741"><ele>0</ele></trkpt>
      <trkpt lat="46.544826" lon="11.875701"><ele>0</ele></trkpt>
      <trkpt lat="46.544873" lon="11.875670"><ele>0</ele></trkpt>
      <trkpt lat="46.544922" lon="11.875657"><ele>0</ele></trkpt>
      <trkpt lat="46.544979" lon="11.875679"><ele>0</ele></trkpt>
      <trkpt lat="46.545024" lon="11.875713"><ele>0</ele></trkpt>
      <trkpt lat="46.545492" lon="11.876076"><ele>0</ele></trkpt>
      <trkpt lat="46.545532" lon="11.876097"><ele>0</ele></trkpt>
      <trkpt lat="46.545588" lon="11.876108"><ele>0</ele></trkpt>
      <trkpt lat="46.545626" lon="11.876095"><ele>0</ele></trkpt>
      <trkpt lat="46.545649" lon="11.876071"><ele>0</ele></trkpt>
      <trkpt lat="46.545675" lon="11.876020"><ele>0</ele></trkpt>
      <trkpt lat="46.545699" lon="11.875936"><ele>0</ele></trkpt>
      <trkpt lat="46.545703" lon="11.875836"><ele>0</ele></trkpt>
      <trkpt lat="46.545696" lon="11.875566"><ele>0</ele></trkpt>
      <trkpt lat="46.545696" lon="11.875393"><ele>0</ele></trkpt>
      <trkpt lat="46.545704" lon="11.875322"><ele>0</ele></trkpt>
      <trkpt lat="46.545723" lon="11.875265"><ele>0</ele></trkpt>
      <trkpt lat="46.545749" lon="11.875218"><ele>0</ele></trkpt>
      <trkpt lat="46.545785" lon="11.875188"><ele>0</ele></trkpt>
      <trkpt lat="46.545822" lon="11.875180"><ele>0</ele></trkpt>
      <trkpt lat="46.545856" lon="11.875193"><ele>0</ele></trkpt>
      <trkpt lat="46.545886" lon="11.875222"><ele>0</ele></trkpt>
      <trkpt lat="46.545907" lon="11.875266"><ele>0</ele></trkpt>
      <trkpt lat="46.545927" lon="11.875338"><ele>0</ele></trkpt>
      <trkpt lat="46.545948" lon="11.875478"><ele>0</ele></trkpt>
      <trkpt lat="46.545952" lon="11.875636"><ele>0</ele></trkpt>
      <trkpt lat="46.545956" lon="11.875799"><ele>0</ele></trkpt>
      <trkpt lat="46.545979" lon="11.875912"><ele>0</ele></trkpt>
      <trkpt lat="46.545992" lon="11.876019"><ele>0</ele></trkpt>
      <trkpt lat="46.546025" lon="11.876080"><ele>0</ele></trkpt>
      <trkpt lat="46.546082" lon="11.876138"><ele>0</ele></trkpt>
      <trkpt lat="46.546291" lon="11.876267"><ele>0</ele></trkpt>
      <trkpt lat="46.546402" lon="11.876328"><ele>0</ele></trkpt>
      <trkpt lat="46.546510" lon="11.876340"><ele>0</ele></trkpt>
      <trkpt lat="46.546564" lon="11.876321"><ele>0</ele></trkpt>
      <trkpt lat="46.546617" lon="11.876288"><ele>0</ele></trkpt>
      <trkpt lat="46.546820" lon="11.876123"><ele>0</ele></trkpt>
      <trkpt lat="46.546895" lon="11.876063"><ele>0</ele></trkpt>
      <trkpt lat="46.546937" lon="11.876020"><ele>0</ele></trkpt>
      <trkpt lat="46.546975" lon="11.875960"><ele>0</ele></trkpt>
      <trkpt lat="46.546992" lon="11.875902"><ele>0</ele></trkpt>
      <trkpt lat="46.546998" lon="11.875846"><ele>0</ele></trkpt>
      <trkpt lat="46.546988" lon="11.875777"><ele>0</ele></trkpt>
      <trkpt lat="46.546965" lon="11.875721"><ele>0</ele></trkpt>
      <trkpt lat="46.546930" lon="11.875670"><ele>0</ele></trkpt>
      <trkpt lat="46.546794" lon="11.875509"><ele>0</ele></trkpt>
      <trkpt lat="46.546768" lon="11.875448"><ele>0</ele></trkpt>
      <trkpt lat="46.546755" lon="11.875373"><ele>0</ele></trkpt>
      <trkpt lat="46.546758" lon="11.875306"><ele>0</ele></trkpt>
      <trkpt lat="46.546775" lon="11.875240"><ele>0</ele></trkpt>
      <trkpt lat="46.546807" lon="11.875184"><ele>0</ele></trkpt>
      <trkpt lat="46.546845" lon="11.875145"><ele>0</ele></trkpt>
      <trkpt lat="46.546892" lon="11.875126"><ele>0</ele></trkpt>
      <trkpt lat="46.546981" lon="11.875107"><ele>0</ele></trkpt>
      <trkpt lat="46.547056" lon="11.875107"><ele>0</ele></trkpt>
      <trkpt lat="46.547097" lon="11.875108"><ele>0</ele></trkpt>
      <trkpt lat="46.547144" lon="11.875116"><ele>0</ele></trkpt>
      <trkpt lat="46.547213" lon="11.875144"><ele>0</ele></trkpt>
      <trkpt lat="46.547477" lon="11.875360"><ele>0</ele></trkpt>
      <trkpt lat="46.547519" lon="11.875382"><ele>0</ele></trkpt>
      <trkpt lat="46.547572" lon="11.875385"><ele>0</ele></trkpt>
      <trkpt lat="46.547628" lon="11.875362"><ele>0</ele></trkpt>
      <trkpt lat="46.547662" lon="11.875338"><ele>0</ele></trkpt>
      <trkpt lat="46.547831" lon="11.875237"><ele>0</ele></trkpt>
      <trkpt lat="46.548037" lon="11.875137"><ele>0</ele></trkpt>
      <trkpt lat="46.548207" lon="11.875063"><ele>0</ele></trkpt>
      <trkpt lat="46.548442" lon="11.874979"><ele>0</ele></trkpt>
      <trkpt lat="46.548640" lon="11.874909"><ele>0</ele></trkpt>
      <trkpt lat="46.548866" lon="11.874830"><ele>0</ele></trkpt>
      <trkpt lat="46.548909" lon="11.874810"><ele>0</ele></trkpt>
      <trkpt lat="46.549029" lon="11.874771"><ele>0</ele></trkpt>
      <trkpt lat="46.549152" lon="11.874729"><ele>0</ele></trkpt>
      <trkpt lat="46.549252" lon="11.874691"><ele>0</ele></trkpt>
      <trkpt lat="46.549387" lon="11.874641"><ele>0</ele></trkpt>
      <trkpt lat="46.549591" lon="11.874565"><ele>0</ele></trkpt>
      <trkpt lat="46.549627" lon="11.874552"><ele>0</ele></trkpt>
      <trkpt lat="46.550107" lon="11.874384"><ele>0</ele></trkpt>
      <trkpt lat="46.550063" lon="11.874104"><ele>0</ele></trkpt>
      <trkpt lat="46.550044" lon="11.873985"><ele>0</ele></trkpt>
    </trkseg>
  </trk>
</gpx>