<?xml version="1.0" encoding="UTF-8" standalone="no" ?>
<gpx xmlns="http://www.topografix.com/GPX/1/1" xmlns:gpxx="http://www.garmin.com/xmlschemas/GpxExtensions/v3" xmlns:gpxtpx="http://www.garmin.com/xmlschemas/TrackPointExtension/v1" xmlns:trp="http://www.garmin.com/xmlschemas/TripExtensions/v1" creator="Scenic Motorcycle Navigation App" version="1.1" xmlns:xsi="http://www.w3.org/2001/XMLSchema-instance" xsi:schemaLocation="http://www.topografix.com/GPX/1/1 http://www.topografix.com/GPX/1/1/gpx.xsd http://www.garmin.com/xmlschemas/GpxExtensions/v3 http://www.garmin.com/xmlschemas/GpxExtensionsv3.xsd http://www.garmin.com/xmlschemas/TrackPointExtension/v1 http://www.garmin.com/xmlschemas/TrackPointExtensionv1.xsd">

<metadata>
  <author>
    <name>Scenic Motorcycle Navigation App</name>
  </author>
  <copyright author="scenic.app"></copyright>
  <link href="https://scenic.app">
    <text>https://scenic.app</text>
  </link>
</metadata>

<wpt lat="40.288000" lon="9.592000">
  <name>Route Start</name>
  <desc>Scenic Motorcycle Navigation App</desc>
  <src>https://scenic.app</src>
  <link href="https://scenic.app">
    <text>https://scenic.app</text>
  </link>
</wpt>

<wpt lat="39.938408" lon="9.688488">
  <name>Route End</name>
  <desc>Scenic Motorcycle Navigation App</desc>
  <src>https://scenic.app</src>
  <link href="https://scenic.app">
    <text>https://scenic.app</text>
  </link>
</wpt>

<rte>
  <name>SS125 Orientale Sarda — Dorgali to Arbatax, Sardinia (plain GPX)</name>
  <desc>Distance: 60 km
Best for: Endless curves, perfect tarmac, wild Mediterranean scenery
Best time: April to June, September to November
Scenic Motorcycle Navigation App
  </desc>
  <src>https://scenic.app</src>
  <link href="https://scenic.app">
    <text>https://scenic.app</text>
  </link>
  <rtept lat="40.288000" lon="9.592000">
    <name>Route Start - Route Start</name>
  </rtept>
  <rtept lat="40.034000" lon="9.667000">
    <name>Via 1</name>
  </rtept>
  <rtept lat="39.938000" lon="9.688000">
    <name>Route End - Route End</name>
  </rtept>
</rte>

<rte>
  <name>SS125 Orientale Sarda — Dorgali to Arbatax, Sardinia (Garmin Trip Extension)</name>
  <desc>Distance: 60 km
Best for: Endless curves, perfect tarmac, wild Mediterranean scenery
Best time: April to June, September to November
Scenic Motorcycle Navigation App
  </desc>
  <src>https://scenic.app</src>
  <link href="https://scenic.app">
    <text>https://scenic.app</text>
  </link>
  <rtept lat="40.288000" lon="9.592000">
    <name>Route Start - Route Start</name>
    <extensions>
      <trp:ViaPoint/>
    </extensions>
  </rtept>
  <rtept lat="40.034000" lon="9.667000">
    <name>Via 1</name>
    <extensions>
      <trp:ShapingPoint/>
    </extensions>
  </rtept>
  <rtept lat="39.938000" lon="9.688000">
    <name>Route End - Route End</name>
    <extensions>
      <trp:ViaPoint/>
    </extensions>
  </rtept>
</rte>

<rte>
  <name>SS125 Orientale Sarda — Dorgali to Arbatax, Sardinia (Garmin RoutePoint Extension)</name>
  <desc>Distance: 60 km
Best for: Endless curves, perfect tarmac, wild Mediterranean scenery
Best time: April to June, September to November
Scenic Motorcycle Navigation App
  </desc>
  <src>https://scenic.app</src>
  <link href="https://scenic.app">
    <text>https://scenic.app</text>
  </link>
  <rtept lat="40.288000" lon="9.592000">
    <name>Route Start - Route Start</name>
    <extensions>
      <gpxx:RoutePointExtension>
        <gpxx:rpt lat="40.034000" lon="9.667000"/>
      </gpxx:RoutePointExtension>
    </extensions>
  </rtept>
  <rtept lat="39.938000" lon="9.688000">
    <name>Route End - Route End</name>
  </rtept>
</rte>

<trk>
  <name>SS125 Orientale Sarda — Dorgali to Arbatax, Sardinia (Track)</name>
  <desc>Distance: 60 km
Best for: Endless curves, perfect tarmac, wild Mediterranean scenery
Best time: April to June, September to November
Scenic Motorcycle Navigation App
  </desc>
  <src>https://scenic.app</src>
  <link href="https://scenic.app">
    <text>https://scenic.app</text>
  </link>
  <trkseg>
    <trkpt lat="40.288000" lon="9.592000">
      <ele>0</ele>
      <time>2026-04-13T11:03:36.000Z</time>
    </trkpt>
    <trkpt lat="40.288022" lon="9.592013">
      <ele>0</ele>
      <time>2026-04-13T11:03:37.564Z</time>
    </trkpt>
    <trkpt lat="40.288192" lon="9.592242">
      <ele>0</ele>
      <time>2026-04-13T11:03:39.129Z</time>
    </trkpt>
    <trkpt lat="40.288237" lon="9.592298">
      <ele>0</ele>
      <time>2026-04-13T11:03:40.693Z</time>
    </trkpt>
    <trkpt lat="40.288259" lon="9.592324">
      <ele>0</ele>
      <time>2026-04-13T11:03:42.258Z</time>
    </trkpt>
    <trkpt lat="40.288143" lon="9.592432">
      <ele>0</ele>
      <time>2026-04-13T11:03:43.822Z</time>
    </trkpt>
    <trkpt lat="40.288109" lon="9.592511">
      <ele>0</ele>
      <time>2026-04-13T11:03:45.387Z</time>
    </trkpt>
    <trkpt lat="40.288122" lon="9.592557">
      <ele>0</ele>
      <time>2026-04-13T11:03:46.951Z</time>
    </trkpt>
    <trkpt lat="40.288153" lon="9.592578">
      <ele>0</ele>
      <time>2026-04-13T11:03:48.516Z</time>
    </trkpt>
    <trkpt lat="40.288294" lon="9.592652">
      <ele>0</ele>
      <time>2026-04-13T11:03:50.081Z</time>
    </trkpt>
    <trkpt lat="40.288434" lon="9.592701">
      <ele>0</ele>
      <time>2026-04-13T11:03:51.645Z</time>
    </trkpt>
    <trkpt lat="40.288429" lon="9.592784">
      <ele>0</ele>
      <time>2026-04-13T11:03:53.210Z</time>
    </trkpt>
    <trkpt lat="40.288115" lon="9.592724">
      <ele>0</ele>
      <time>2026-04-13T11:03:54.774Z</time>
    </trkpt>
    <trkpt lat="40.287601" lon="9.592601">
      <ele>0</ele>
      <time>2026-04-13T11:03:56.339Z</time>
    </trkpt>
    <trkpt lat="40.287276" lon="9.592518">
      <ele>0</ele>
      <time>2026-04-13T11:03:57.903Z</time>
    </trkpt>
    <trkpt lat="40.287083" lon="9.592440">
      <ele>0</ele>
      <time>2026-04-13T11:03:59.468Z</time>
    </trkpt>
    <trkpt lat="40.286863" lon="9.592321">
      <ele>0</ele>
      <time>2026-04-13T11:04:01.033Z</time>
    </trkpt>
    <trkpt lat="40.286545" lon="9.592275">
      <ele>0</ele>
      <time>2026-04-13T11:04:02.597Z</time>
    </trkpt>
    <trkpt lat="40.286439" lon="9.592309">
      <ele>0</ele>
      <time>2026-04-13T11:04:04.162Z</time>
    </trkpt>
    <trkpt lat="40.286429" lon="9.592335">
      <ele>0</ele>
      <time>2026-04-13T11:04:05.726Z</time>
    </trkpt>
    <trkpt lat="40.286411" lon="9.592382">
      <ele>0</ele>
      <time>2026-04-13T11:04:07.291Z</time>
    </trkpt>
    <trkpt lat="40.286007" lon="9.592204">
      <ele>0</ele>
      <time>2026-04-13T11:04:08.855Z</time>
    </trkpt>
    <trkpt lat="40.285695" lon="9.592030">
      <ele>0</ele>
      <time>2026-04-13T11:04:10.420Z</time>
    </trkpt>
    <trkpt lat="40.285593" lon="9.591989">
      <ele>0</ele>
      <time>2026-04-13T11:04:11.984Z</time>
    </trkpt>
    <trkpt lat="40.285485" lon="9.591949">
      <ele>0</ele>
      <time>2026-04-13T11:04:13.549Z</time>
    </trkpt>
    <trkpt lat="40.285359" lon="9.591943">
      <ele>0</ele>
      <time>2026-04-13T11:04:15.114Z</time>
    </trkpt>
    <trkpt lat="40.285201" lon="9.591922">
      <ele>0</ele>
      <time>2026-04-13T11:04:16.678Z</time>
    </trkpt>
    <trkpt lat="40.285060" lon="9.591883">
      <ele>0</ele>
      <time>2026-04-13T11:04:18.243Z</time>
    </trkpt>
    <trkpt lat="40.284851" lon="9.591803">
      <ele>0</ele>
      <time>2026-04-13T11:04:19.807Z</time>
    </trkpt>
    <trkpt lat="40.284806" lon="9.591768">
      <ele>0</ele>
      <time>2026-04-13T11:04:21.372Z</time>
    </trkpt>
    <trkpt lat="40.284349" lon="9.591494">
      <ele>0</ele>
      <time>2026-04-13T11:04:22.936Z</time>
    </trkpt>
    <trkpt lat="40.284165" lon="9.591353">
      <ele>0</ele>
      <time>2026-04-13T11:04:24.501Z</time>
    </trkpt>
    <trkpt lat="40.283919" lon="9.591285">
      <ele>0</ele>
      <time>2026-04-13T11:04:26.065Z</time>
    </trkpt>
    <trkpt lat="40.283621" lon="9.591204">
      <ele>0</ele>
      <time>2026-04-13T11:04:27.630Z</time>
    </trkpt>
    <trkpt lat="40.283381" lon="9.591137">
      <ele>0</ele>
      <time>2026-04-13T11:04:29.195Z</time>
    </trkpt>
    <trkpt lat="40.283186" lon="9.591133">
      <ele>0</ele>
      <time>2026-04-13T11:04:30.759Z</time>
    </trkpt>
    <trkpt lat="40.282982" lon="9.591191">
      <ele>0</ele>
      <time>2026-04-13T11:04:32.324Z</time>
    </trkpt>
    <trkpt lat="40.282895" lon="9.591223">
      <ele>0</ele>
      <time>2026-04-13T11:04:33.888Z</time>
    </trkpt>
    <trkpt lat="40.282786" lon="9.591254">
      <ele>0</ele>
      <time>2026-04-13T11:04:35.453Z</time>
    </trkpt>
    <trkpt lat="40.282720" lon="9.591256">
      <ele>0</ele>
      <time>2026-04-13T11:04:37.017Z</time>
    </trkpt>
    <trkpt lat="40.282641" lon="9.591231">
      <ele>0</ele>
      <time>2026-04-13T11:04:38.582Z</time>
    </trkpt>
    <trkpt lat="40.282445" lon="9.591126">
      <ele>0</ele>
      <time>2026-04-13T11:04:40.147Z</time>
    </trkpt>
    <trkpt lat="40.282312" lon="9.591080">
      <ele>0</ele>
      <time>2026-04-13T11:04:41.711Z</time>
    </trkpt>
    <trkpt lat="40.282212" lon="9.591060">
      <ele>0</ele>
      <time>2026-04-13T11:04:43.276Z</time>
    </trkpt>
    <trkpt lat="40.282075" lon="9.591050">
      <ele>0</ele>
      <time>2026-04-13T11:04:44.840Z</time>
    </trkpt>
    <trkpt lat="40.281959" lon="9.591053">
      <ele>0</ele>
      <time>2026-04-13T11:04:46.405Z</time>
    </trkpt>
    <trkpt lat="40.281797" lon="9.591054">
      <ele>0</ele>
      <time>2026-04-13T11:04:47.969Z</time>
    </trkpt>
    <trkpt lat="40.281629" lon="9.591055">
      <ele>0</ele>
      <time>2026-04-13T11:04:49.534Z</time>
    </trkpt>
    <trkpt lat="40.281470" lon="9.591057">
      <ele>0</ele>
      <time>2026-04-13T11:04:51.098Z</time>
    </trkpt>
    <trkpt lat="40.281290" lon="9.591064">
      <ele>0</ele>
      <time>2026-04-13T11:04:52.663Z</time>
    </trkpt>
    <trkpt lat="40.281014" lon="9.591133">
      <ele>0</ele>
      <time>2026-04-13T11:04:54.228Z</time>
    </trkpt>
    <trkpt lat="40.280801" lon="9.591215">
      <ele>0</ele>
      <time>2026-04-13T11:04:55.792Z</time>
    </trkpt>
    <trkpt lat="40.280577" lon="9.591291">
      <ele>0</ele>
      <time>2026-04-13T11:04:57.357Z</time>
    </trkpt>
    <trkpt lat="40.280386" lon="9.591332">
      <ele>0</ele>
      <time>2026-04-13T11:04:58.921Z</time>
    </trkpt>
    <trkpt lat="40.279928" lon="9.591370">
      <ele>0</ele>
      <time>2026-04-13T11:05:00.486Z</time>
    </trkpt>
    <trkpt lat="40.279549" lon="9.591422">
      <ele>0</ele>
      <time>2026-04-13T11:05:02.050Z</time>
    </trkpt>
    <trkpt lat="40.279239" lon="9.591458">
      <ele>0</ele>
      <time>2026-04-13T11:05:03.615Z</time>
    </trkpt>
    <trkpt lat="40.278742" lon="9.591581">
      <ele>0</ele>
      <time>2026-04-13T11:05:05.179Z</time>
    </trkpt>
    <trkpt lat="40.278215" lon="9.591721">
      <ele>0</ele>
      <time>2026-04-13T11:05:06.744Z</time>
    </trkpt>
    <trkpt lat="40.276770" lon="9.592098">
      <ele>0</ele>
      <time>2026-04-13T11:05:08.309Z</time>
    </trkpt>
    <trkpt lat="40.276442" lon="9.592178">
      <ele>0</ele>
      <time>2026-04-13T11:05:09.873Z</time>
    </trkpt>
    <trkpt lat="40.276215" lon="9.592212">
      <ele>0</ele>
      <time>2026-04-13T11:05:11.438Z</time>
    </trkpt>
    <trkpt lat="40.276026" lon="9.592227">
      <ele>0</ele>
      <time>2026-04-13T11:05:13.002Z</time>
    </trkpt>
    <trkpt lat="40.275970" lon="9.592231">
      <ele>0</ele>
      <time>2026-04-13T11:05:14.567Z</time>
    </trkpt>
    <trkpt lat="40.275619" lon="9.592249">
      <ele>0</ele>
      <time>2026-04-13T11:05:16.131Z</time>
    </trkpt>
    <trkpt lat="40.275373" lon="9.592288">
      <ele>0</ele>
      <time>2026-04-13T11:05:17.696Z</time>
    </trkpt>
    <trkpt lat="40.275117" lon="9.592255">
      <ele>0</ele>
      <time>2026-04-13T11:05:19.261Z</time>
    </trkpt>
    <trkpt lat="40.274980" lon="9.592176">
      <ele>0</ele>
      <time>2026-04-13T11:05:20.825Z</time>
    </trkpt>
    <trkpt lat="40.274887" lon="9.592123">
      <ele>0</ele>
      <time>2026-04-13T11:05:22.390Z</time>
    </trkpt>
    <trkpt lat="40.274699" lon="9.591953">
      <ele>0</ele>
      <time>2026-04-13T11:05:23.954Z</time>
    </trkpt>
    <trkpt lat="40.274316" lon="9.591621">
      <ele>0</ele>
      <time>2026-04-13T11:05:25.519Z</time>
    </trkpt>
    <trkpt lat="40.274043" lon="9.591333">
      <ele>0</ele>
      <time>2026-04-13T11:05:27.083Z</time>
    </trkpt>
    <trkpt lat="40.273464" lon="9.590540">
      <ele>0</ele>
      <time>2026-04-13T11:05:28.648Z</time>
    </trkpt>
    <trkpt lat="40.273331" lon="9.590343">
      <ele>0</ele>
      <time>2026-04-13T11:05:30.212Z</time>
    </trkpt>
    <trkpt lat="40.273260" lon="9.590190">
      <ele>0</ele>
      <time>2026-04-13T11:05:31.777Z</time>
    </trkpt>
    <trkpt lat="40.273200" lon="9.589987">
      <ele>0</ele>
      <time>2026-04-13T11:05:33.342Z</time>
    </trkpt>
    <trkpt lat="40.273124" lon="9.589496">
      <ele>0</ele>
      <time>2026-04-13T11:05:34.906Z</time>
    </trkpt>
    <trkpt lat="40.273055" lon="9.589165">
      <ele>0</ele>
      <time>2026-04-13T11:05:36.471Z</time>
    </trkpt>
    <trkpt lat="40.273000" lon="9.588984">
      <ele>0</ele>
      <time>2026-04-13T11:05:38.035Z</time>
    </trkpt>
    <trkpt lat="40.272973" lon="9.588900">
      <ele>0</ele>
      <time>2026-04-13T11:05:39.600Z</time>
    </trkpt>
    <trkpt lat="40.272942" lon="9.588843">
      <ele>0</ele>
      <time>2026-04-13T11:05:41.164Z</time>
    </trkpt>
    <trkpt lat="40.272814" lon="9.588735">
      <ele>0</ele>
      <time>2026-04-13T11:05:42.729Z</time>
    </trkpt>
    <trkpt lat="40.272631" lon="9.588609">
      <ele>0</ele>
      <time>2026-04-13T11:05:44.294Z</time>
    </trkpt>
    <trkpt lat="40.272546" lon="9.588515">
      <ele>0</ele>
      <time>2026-04-13T11:05:45.858Z</time>
    </trkpt>
    <trkpt lat="40.272492" lon="9.588427">
      <ele>0</ele>
      <time>2026-04-13T11:05:47.423Z</time>
    </trkpt>
    <trkpt lat="40.272459" lon="9.588325">
      <ele>0</ele>
      <time>2026-04-13T11:05:48.987Z</time>
    </trkpt>
    <trkpt lat="40.272441" lon="9.588169">
      <ele>0</ele>
      <time>2026-04-13T11:05:50.552Z</time>
    </trkpt>
    <trkpt lat="40.272433" lon="9.587998">
      <ele>0</ele>
      <time>2026-04-13T11:05:52.116Z</time>
    </trkpt>
    <trkpt lat="40.272410" lon="9.587879">
      <ele>0</ele>
      <time>2026-04-13T11:05:53.681Z</time>
    </trkpt>
    <trkpt lat="40.272373" lon="9.587800">
      <ele>0</ele>
      <time>2026-04-13T11:05:55.245Z</time>
    </trkpt>
    <trkpt lat="40.272278" lon="9.587692">
      <ele>0</ele>
      <time>2026-04-13T11:05:56.810Z</time>
    </trkpt>
    <trkpt lat="40.272168" lon="9.587579">
      <ele>0</ele>
      <time>2026-04-13T11:05:58.375Z</time>
    </trkpt>
    <trkpt lat="40.272020" lon="9.587468">
      <ele>0</ele>
      <time>2026-04-13T11:05:59.939Z</time>
    </trkpt>
    <trkpt lat="40.271721" lon="9.587334">
      <ele>0</ele>
      <time>2026-04-13T11:06:01.504Z</time>
    </trkpt>
    <trkpt lat="40.271623" lon="9.587261">
      <ele>0</ele>
      <time>2026-04-13T11:06:03.068Z</time>
    </trkpt>
    <trkpt lat="40.271538" lon="9.587157">
      <ele>0</ele>
      <time>2026-04-13T11:06:04.633Z</time>
    </trkpt>
    <trkpt lat="40.271487" lon="9.587064">
      <ele>0</ele>
      <time>2026-04-13T11:06:06.197Z</time>
    </trkpt>
    <trkpt lat="40.271350" lon="9.586780">
      <ele>0</ele>
      <time>2026-04-13T11:06:07.762Z</time>
    </trkpt>
    <trkpt lat="40.271282" lon="9.586598">
      <ele>0</ele>
      <time>2026-04-13T11:06:09.326Z</time>
    </trkpt>
    <trkpt lat="40.271230" lon="9.586420">
      <ele>0</ele>
      <time>2026-04-13T11:06:10.891Z</time>
    </trkpt>
    <trkpt lat="40.271170" lon="9.586084">
      <ele>0</ele>
      <time>2026-04-13T11:06:12.456Z</time>
    </trkpt>
    <trkpt lat="40.271137" lon="9.585941">
      <ele>0</ele>
      <time>2026-04-13T11:06:14.020Z</time>
    </trkpt>
    <trkpt lat="40.271096" lon="9.585803">
      <ele>0</ele>
      <time>2026-04-13T11:06:15.585Z</time>
    </trkpt>
    <trkpt lat="40.271070" lon="9.585742">
      <ele>0</ele>
      <time>2026-04-13T11:06:17.149Z</time>
    </trkpt>
    <trkpt lat="40.271015" lon="9.585625">
      <ele>0</ele>
      <time>2026-04-13T11:06:18.714Z</time>
    </trkpt>
    <trkpt lat="40.270881" lon="9.585445">
      <ele>0</ele>
      <time>2026-04-13T11:06:20.278Z</time>
    </trkpt>
    <trkpt lat="40.270817" lon="9.585306">
      <ele>0</ele>
      <time>2026-04-13T11:06:21.843Z</time>
    </trkpt>
    <trkpt lat="40.270752" lon="9.585060">
      <ele>0</ele>
      <time>2026-04-13T11:06:23.408Z</time>
    </trkpt>
    <trkpt lat="40.270729" lon="9.584972">
      <ele>0</ele>
      <time>2026-04-13T11:06:24.972Z</time>
    </trkpt>
    <trkpt lat="40.270695" lon="9.584890">
      <ele>0</ele>
      <time>2026-04-13T11:06:26.537Z</time>
    </trkpt>
    <trkpt lat="40.270604" lon="9.584786">
      <ele>0</ele>
      <time>2026-04-13T11:06:28.101Z</time>
    </trkpt>
    <trkpt lat="40.270433" lon="9.584691">
      <ele>0</ele>
      <time>2026-04-13T11:06:29.666Z</time>
    </trkpt>
    <trkpt lat="40.270360" lon="9.584637">
      <ele>0</ele>
      <time>2026-04-13T11:06:31.230Z</time>
    </trkpt>
    <trkpt lat="40.270245" lon="9.584514">
      <ele>0</ele>
      <time>2026-04-13T11:06:32.795Z</time>
    </trkpt>
    <trkpt lat="40.269946" lon="9.584153">
      <ele>0</ele>
      <time>2026-04-13T11:06:34.359Z</time>
    </trkpt>
    <trkpt lat="40.269847" lon="9.583967">
      <ele>0</ele>
      <time>2026-04-13T11:06:35.924Z</time>
    </trkpt>
    <trkpt lat="40.269793" lon="9.583836">
      <ele>0</ele>
      <time>2026-04-13T11:06:37.489Z</time>
    </trkpt>
    <trkpt lat="40.269752" lon="9.583781">
      <ele>0</ele>
      <time>2026-04-13T11:06:39.053Z</time>
    </trkpt>
    <trkpt lat="40.269689" lon="9.583693">
      <ele>0</ele>
      <time>2026-04-13T11:06:40.618Z</time>
    </trkpt>
    <trkpt lat="40.269587" lon="9.583624">
      <ele>0</ele>
      <time>2026-04-13T11:06:42.182Z</time>
    </trkpt>
    <trkpt lat="40.269512" lon="9.583586">
      <ele>0</ele>
      <time>2026-04-13T11:06:43.747Z</time>
    </trkpt>
    <trkpt lat="40.269358" lon="9.583553">
      <ele>0</ele>
      <time>2026-04-13T11:06:45.311Z</time>
    </trkpt>
    <trkpt lat="40.269277" lon="9.583506">
      <ele>0</ele>
      <time>2026-04-13T11:06:46.876Z</time>
    </trkpt>
    <trkpt lat="40.269214" lon="9.583430">
      <ele>0</ele>
      <time>2026-04-13T11:06:48.440Z</time>
    </trkpt>
    <trkpt lat="40.269156" lon="9.583356">
      <ele>0</ele>
      <time>2026-04-13T11:06:50.005Z</time>
    </trkpt>
    <trkpt lat="40.269090" lon="9.583213">
      <ele>0</ele>
      <time>2026-04-13T11:06:51.570Z</time>
    </trkpt>
    <trkpt lat="40.269021" lon="9.583111">
      <ele>0</ele>
      <time>2026-04-13T11:06:53.134Z</time>
    </trkpt>
    <trkpt lat="40.268968" lon="9.583061">
      <ele>0</ele>
      <time>2026-04-13T11:06:54.699Z</time>
    </trkpt>
    <trkpt lat="40.268912" lon="9.583028">
      <ele>0</ele>
      <time>2026-04-13T11:06:56.263Z</time>
    </trkpt>
    <trkpt lat="40.268833" lon="9.583009">
      <ele>0</ele>
      <time>2026-04-13T11:06:57.828Z</time>
    </trkpt>
    <trkpt lat="40.268599" lon="9.583004">
      <ele>0</ele>
      <time>2026-04-13T11:06:59.392Z</time>
    </trkpt>
    <trkpt lat="40.268526" lon="9.582991">
      <ele>0</ele>
      <time>2026-04-13T11:07:00.957Z</time>
    </trkpt>
    <trkpt lat="40.268468" lon="9.582978">
      <ele>0</ele>
      <time>2026-04-13T11:07:02.522Z</time>
    </trkpt>
    <trkpt lat="40.268418" lon="9.582931">
      <ele>0</ele>
      <time>2026-04-13T11:07:04.086Z</time>
    </trkpt>
    <trkpt lat="40.268364" lon="9.582859">
      <ele>0</ele>
      <time>2026-04-13T11:07:05.651Z</time>
    </trkpt>
    <trkpt lat="40.268298" lon="9.582755">
      <ele>0</ele>
      <time>2026-04-13T11:07:07.215Z</time>
    </trkpt>
    <trkpt lat="40.268237" lon="9.582681">
      <ele>0</ele>
      <time>2026-04-13T11:07:08.780Z</time>
    </trkpt>
    <trkpt lat="40.268024" lon="9.582489">
      <ele>0</ele>
      <time>2026-04-13T11:07:10.344Z</time>
    </trkpt>
    <trkpt lat="40.266989" lon="9.581599">
      <ele>0</ele>
      <time>2026-04-13T11:07:11.909Z</time>
    </trkpt>
    <trkpt lat="40.266919" lon="9.581537">
      <ele>0</ele>
      <time>2026-04-13T11:07:13.473Z</time>
    </trkpt>
    <trkpt lat="40.266839" lon="9.581390">
      <ele>0</ele>
      <time>2026-04-13T11:07:15.038Z</time>
    </trkpt>
    <trkpt lat="40.266705" lon="9.581197">
      <ele>0</ele>
      <time>2026-04-13T11:07:16.603Z</time>
    </trkpt>
    <trkpt lat="40.266642" lon="9.581119">
      <ele>0</ele>
      <time>2026-04-13T11:07:18.167Z</time>
    </trkpt>
    <trkpt lat="40.266585" lon="9.581066">
      <ele>0</ele>
      <time>2026-04-13T11:07:19.732Z</time>
    </trkpt>
    <trkpt lat="40.266289" lon="9.580898">
      <ele>0</ele>
      <time>2026-04-13T11:07:21.296Z</time>
    </trkpt>
    <trkpt lat="40.266005" lon="9.580757">
      <ele>0</ele>
      <time>2026-04-13T11:07:22.861Z</time>
    </trkpt>
    <trkpt lat="40.265920" lon="9.580676">
      <ele>0</ele>
      <time>2026-04-13T11:07:24.425Z</time>
    </trkpt>
    <trkpt lat="40.265849" lon="9.580588">
      <ele>0</ele>
      <time>2026-04-13T11:07:25.990Z</time>
    </trkpt>
    <trkpt lat="40.265442" lon="9.579973">
      <ele>0</ele>
      <time>2026-04-13T11:07:27.554Z</time>
    </trkpt>
    <trkpt lat="40.265323" lon="9.579820">
      <ele>0</ele>
      <time>2026-04-13T11:07:29.119Z</time>
    </trkpt>
    <trkpt lat="40.265274" lon="9.579784">
      <ele>0</ele>
      <time>2026-04-13T11:07:30.684Z</time>
    </trkpt>
    <trkpt lat="40.265227" lon="9.579764">
      <ele>0</ele>
      <time>2026-04-13T11:07:32.248Z</time>
    </trkpt>
    <trkpt lat="40.265171" lon="9.579762">
      <ele>0</ele>
      <time>2026-04-13T11:07:33.813Z</time>
    </trkpt>
    <trkpt lat="40.265090" lon="9.579770">
      <ele>0</ele>
      <time>2026-04-13T11:07:35.377Z</time>
    </trkpt>
    <trkpt lat="40.264783" lon="9.579894">
      <ele>0</ele>
      <time>2026-04-13T11:07:36.942Z</time>
    </trkpt>
    <trkpt lat="40.264603" lon="9.579955">
      <ele>0</ele>
      <time>2026-04-13T11:07:38.506Z</time>
    </trkpt>
    <trkpt lat="40.264516" lon="9.579944">
      <ele>0</ele>
      <time>2026-04-13T11:07:40.071Z</time>
    </trkpt>
    <trkpt lat="40.263919" lon="9.579741">
      <ele>0</ele>
      <time>2026-04-13T11:07:41.636Z</time>
    </trkpt>
    <trkpt lat="40.263816" lon="9.579705">
      <ele>0</ele>
      <time>2026-04-13T11:07:43.200Z</time>
    </trkpt>
    <trkpt lat="40.263718" lon="9.579713">
      <ele>0</ele>
      <time>2026-04-13T11:07:44.765Z</time>
    </trkpt>
    <trkpt lat="40.263549" lon="9.579775">
      <ele>0</ele>
      <time>2026-04-13T11:07:46.329Z</time>
    </trkpt>
    <trkpt lat="40.263425" lon="9.579797">
      <ele>0</ele>
      <time>2026-04-13T11:07:47.894Z</time>
    </trkpt>
    <trkpt lat="40.263164" lon="9.579739">
      <ele>0</ele>
      <time>2026-04-13T11:07:49.458Z</time>
    </trkpt>
    <trkpt lat="40.262951" lon="9.579748">
      <ele>0</ele>
      <time>2026-04-13T11:07:51.023Z</time>
    </trkpt>
    <trkpt lat="40.262821" lon="9.579764">
      <ele>0</ele>
      <time>2026-04-13T11:07:52.587Z</time>
    </trkpt>
    <trkpt lat="40.262689" lon="9.579724">
      <ele>0</ele>
      <time>2026-04-13T11:07:54.152Z</time>
    </trkpt>
    <trkpt lat="40.262214" lon="9.579485">
      <ele>0</ele>
      <time>2026-04-13T11:07:55.717Z</time>
    </trkpt>
    <trkpt lat="40.261912" lon="9.579257">
      <ele>0</ele>
      <time>2026-04-13T11:07:57.281Z</time>
    </trkpt>
    <trkpt lat="40.261797" lon="9.579182">
      <ele>0</ele>
      <time>2026-04-13T11:07:58.846Z</time>
    </trkpt>
    <trkpt lat="40.261656" lon="9.579190">
      <ele>0</ele>
      <time>2026-04-13T11:08:00.410Z</time>
    </trkpt>
    <trkpt lat="40.261506" lon="9.579206">
      <ele>0</ele>
      <time>2026-04-13T11:08:01.975Z</time>
    </trkpt>
    <trkpt lat="40.261354" lon="9.579196">
      <ele>0</ele>
      <time>2026-04-13T11:08:03.539Z</time>
    </trkpt>
    <trkpt lat="40.261247" lon="9.579166">
      <ele>0</ele>
      <time>2026-04-13T11:08:05.104Z</time>
    </trkpt>
    <trkpt lat="40.260992" lon="9.578989">
      <ele>0</ele>
      <time>2026-04-13T11:08:06.669Z</time>
    </trkpt>
    <trkpt lat="40.260716" lon="9.578849">
      <ele>0</ele>
      <time>2026-04-13T11:08:08.233Z</time>
    </trkpt>
    <trkpt lat="40.260099" lon="9.578610">
      <ele>0</ele>
      <time>2026-04-13T11:08:09.798Z</time>
    </trkpt>
    <trkpt lat="40.259899" lon="9.578502">
      <ele>0</ele>
      <time>2026-04-13T11:08:11.362Z</time>
    </trkpt>
    <trkpt lat="40.259829" lon="9.578418">
      <ele>0</ele>
      <time>2026-04-13T11:08:12.927Z</time>
    </trkpt>
    <trkpt lat="40.259775" lon="9.578298">
      <ele>0</ele>
      <time>2026-04-13T11:08:14.491Z</time>
    </trkpt>
    <trkpt lat="40.259712" lon="9.578069">
      <ele>0</ele>
      <time>2026-04-13T11:08:16.056Z</time>
    </trkpt>
    <trkpt lat="40.259623" lon="9.577923">
      <ele>0</ele>
      <time>2026-04-13T11:08:17.620Z</time>
    </trkpt>
    <trkpt lat="40.259413" lon="9.577746">
      <ele>0</ele>
      <time>2026-04-13T11:08:19.185Z</time>
    </trkpt>
    <trkpt lat="40.259226" lon="9.577731">
      <ele>0</ele>
      <time>2026-04-13T11:08:20.750Z</time>
    </trkpt>
    <trkpt lat="40.258964" lon="9.577751">
      <ele>0</ele>
      <time>2026-04-13T11:08:22.314Z</time>
    </trkpt>
    <trkpt lat="40.258843" lon="9.577715">
      <ele>0</ele>
      <time>2026-04-13T11:08:23.879Z</time>
    </trkpt>
    <trkpt lat="40.258747" lon="9.577680">
      <ele>0</ele>
      <time>2026-04-13T11:08:25.443Z</time>
    </trkpt>
    <trkpt lat="40.258584" lon="9.577601">
      <ele>0</ele>
      <time>2026-04-13T11:08:27.008Z</time>
    </trkpt>
    <trkpt lat="40.258273" lon="9.577534">
      <ele>0</ele>
      <time>2026-04-13T11:08:28.572Z</time>
    </trkpt>
    <trkpt lat="40.257650" lon="9.577448">
      <ele>0</ele>
      <time>2026-04-13T11:08:30.137Z</time>
    </trkpt>
    <trkpt lat="40.257447" lon="9.577364">
      <ele>0</ele>
      <time>2026-04-13T11:08:31.701Z</time>
    </trkpt>
    <trkpt lat="40.257187" lon="9.577264">
      <ele>0</ele>
      <time>2026-04-13T11:08:33.266Z</time>
    </trkpt>
    <trkpt lat="40.256993" lon="9.577232">
      <ele>0</ele>
      <time>2026-04-13T11:08:34.831Z</time>
    </trkpt>
    <trkpt lat="40.256809" lon="9.577236">
      <ele>0</ele>
      <time>2026-04-13T11:08:36.395Z</time>
    </trkpt>
    <trkpt lat="40.256469" lon="9.577229">
      <ele>0</ele>
      <time>2026-04-13T11:08:37.960Z</time>
    </trkpt>
    <trkpt lat="40.256354" lon="9.577208">
      <ele>0</ele>
      <time>2026-04-13T11:08:39.524Z</time>
    </trkpt>
    <trkpt lat="40.256226" lon="9.577177">
      <ele>0</ele>
      <time>2026-04-13T11:08:41.089Z</time>
    </trkpt>
    <trkpt lat="40.255938" lon="9.577002">
      <ele>0</ele>
      <time>2026-04-13T11:08:42.653Z</time>
    </trkpt>
    <trkpt lat="40.255618" lon="9.576932">
      <ele>0</ele>
      <time>2026-04-13T11:08:44.218Z</time>
    </trkpt>
    <trkpt lat="40.255454" lon="9.576884">
      <ele>0</ele>
      <time>2026-04-13T11:08:45.783Z</time>
    </trkpt>
    <trkpt lat="40.255316" lon="9.576794">
      <ele>0</ele>
      <time>2026-04-13T11:08:47.347Z</time>
    </trkpt>
    <trkpt lat="40.255052" lon="9.576410">
      <ele>0</ele>
      <time>2026-04-13T11:08:48.912Z</time>
    </trkpt>
    <trkpt lat="40.254744" lon="9.576059">
      <ele>0</ele>
      <time>2026-04-13T11:08:50.476Z</time>
    </trkpt>
    <trkpt lat="40.254583" lon="9.575919">
      <ele>0</ele>
      <time>2026-04-13T11:08:52.041Z</time>
    </trkpt>
    <trkpt lat="40.254521" lon="9.575836">
      <ele>0</ele>
      <time>2026-04-13T11:08:53.605Z</time>
    </trkpt>
    <trkpt lat="40.254467" lon="9.575730">
      <ele>0</ele>
      <time>2026-04-13T11:08:55.170Z</time>
    </trkpt>
    <trkpt lat="40.254435" lon="9.575541">
      <ele>0</ele>
      <time>2026-04-13T11:08:56.734Z</time>
    </trkpt>
    <trkpt lat="40.254390" lon="9.575377">
      <ele>0</ele>
      <time>2026-04-13T11:08:58.299Z</time>
    </trkpt>
    <trkpt lat="40.254301" lon="9.575210">
      <ele>0</ele>
      <time>2026-04-13T11:08:59.864Z</time>
    </trkpt>
    <trkpt lat="40.254208" lon="9.575142">
      <ele>0</ele>
      <time>2026-04-13T11:09:01.428Z</time>
    </trkpt>
    <trkpt lat="40.254038" lon="9.575101">
      <ele>0</ele>
      <time>2026-04-13T11:09:02.993Z</time>
    </trkpt>
    <trkpt lat="40.253534" lon="9.575045">
      <ele>0</ele>
      <time>2026-04-13T11:09:04.557Z</time>
    </trkpt>
    <trkpt lat="40.253366" lon="9.575017">
      <ele>0</ele>
      <time>2026-04-13T11:09:06.122Z</time>
    </trkpt>
    <trkpt lat="40.253177" lon="9.574932">
      <ele>0</ele>
      <time>2026-04-13T11:09:07.686Z</time>
    </trkpt>
    <trkpt lat="40.252856" lon="9.574783">
      <ele>0</ele>
      <time>2026-04-13T11:09:09.251Z</time>
    </trkpt>
    <trkpt lat="40.252549" lon="9.574612">
      <ele>0</ele>
      <time>2026-04-13T11:09:10.815Z</time>
    </trkpt>
    <trkpt lat="40.252219" lon="9.574413">
      <ele>0</ele>
      <time>2026-04-13T11:09:12.380Z</time>
    </trkpt>
    <trkpt lat="40.251943" lon="9.574319">
      <ele>0</ele>
      <time>2026-04-13T11:09:13.945Z</time>
    </trkpt>
    <trkpt lat="40.251479" lon="9.573978">
      <ele>0</ele>
      <time>2026-04-13T11:09:15.509Z</time>
    </trkpt>
    <trkpt lat="40.251157" lon="9.573891">
      <ele>0</ele>
      <time>2026-04-13T11:09:17.074Z</time>
    </trkpt>
    <trkpt lat="40.251052" lon="9.573854">
      <ele>0</ele>
      <time>2026-04-13T11:09:18.638Z</time>
    </trkpt>
    <trkpt lat="40.250939" lon="9.573780">
      <ele>0</ele>
      <time>2026-04-13T11:09:20.203Z</time>
    </trkpt>
    <trkpt lat="40.250783" lon="9.573589">
      <ele>0</ele>
      <time>2026-04-13T11:09:21.767Z</time>
    </trkpt>
    <trkpt lat="40.250743" lon="9.573561">
      <ele>0</ele>
      <time>2026-04-13T11:09:23.332Z</time>
    </trkpt>
    <trkpt lat="40.250665" lon="9.573517">
      <ele>0</ele>
      <time>2026-04-13T11:09:24.897Z</time>
    </trkpt>
    <trkpt lat="40.250392" lon="9.573461">
      <ele>0</ele>
      <time>2026-04-13T11:09:26.461Z</time>
    </trkpt>
    <trkpt lat="40.250265" lon="9.573427">
      <ele>0</ele>
      <time>2026-04-13T11:09:28.026Z</time>
    </trkpt>
    <trkpt lat="40.249689" lon="9.573052">
      <ele>0</ele>
      <time>2026-04-13T11:09:29.590Z</time>
    </trkpt>
    <trkpt lat="40.249576" lon="9.573003">
      <ele>0</ele>
      <time>2026-04-13T11:09:31.155Z</time>
    </trkpt>
    <trkpt lat="40.249440" lon="9.572966">
      <ele>0</ele>
      <time>2026-04-13T11:09:32.719Z</time>
    </trkpt>
    <trkpt lat="40.249042" lon="9.572945">
      <ele>0</ele>
      <time>2026-04-13T11:09:34.284Z</time>
    </trkpt>
    <trkpt lat="40.248884" lon="9.572935">
      <ele>0</ele>
      <time>2026-04-13T11:09:35.848Z</time>
    </trkpt>
    <trkpt lat="40.248718" lon="9.572870">
      <ele>0</ele>
      <time>2026-04-13T11:09:37.413Z</time>
    </trkpt>
    <trkpt lat="40.248388" lon="9.572677">
      <ele>0</ele>
      <time>2026-04-13T11:09:38.978Z</time>
    </trkpt>
    <trkpt lat="40.248090" lon="9.572418">
      <ele>0</ele>
      <time>2026-04-13T11:09:40.542Z</time>
    </trkpt>
    <trkpt lat="40.247801" lon="9.572155">
      <ele>0</ele>
      <time>2026-04-13T11:09:42.107Z</time>
    </trkpt>
    <trkpt lat="40.247680" lon="9.572048">
      <ele>0</ele>
      <time>2026-04-13T11:09:43.671Z</time>
    </trkpt>
    <trkpt lat="40.247529" lon="9.571964">
      <ele>0</ele>
      <time>2026-04-13T11:09:45.236Z</time>
    </trkpt>
    <trkpt lat="40.247160" lon="9.571952">
      <ele>0</ele>
      <time>2026-04-13T11:09:46.800Z</time>
    </trkpt>
    <trkpt lat="40.247026" lon="9.571887">
      <ele>0</ele>
      <time>2026-04-13T11:09:48.365Z</time>
    </trkpt>
    <trkpt lat="40.246918" lon="9.571787">
      <ele>0</ele>
      <time>2026-04-13T11:09:49.929Z</time>
    </trkpt>
    <trkpt lat="40.246648" lon="9.571455">
      <ele>0</ele>
      <time>2026-04-13T11:09:51.494Z</time>
    </trkpt>
    <trkpt lat="40.246000" lon="9.571001">
      <ele>0</ele>
      <time>2026-04-13T11:09:53.059Z</time>
    </trkpt>
    <trkpt lat="40.245837" lon="9.570853">
      <ele>0</ele>
      <time>2026-04-13T11:09:54.623Z</time>
    </trkpt>
    <trkpt lat="40.245533" lon="9.570577">
      <ele>0</ele>
      <time>2026-04-13T11:09:56.188Z</time>
    </trkpt>
    <trkpt lat="40.245251" lon="9.570344">
      <ele>0</ele>
      <time>2026-04-13T11:09:57.752Z</time>
    </trkpt>
    <trkpt lat="40.245142" lon="9.570230">
      <ele>0</ele>
      <time>2026-04-13T11:09:59.317Z</time>
    </trkpt>
    <trkpt lat="40.245052" lon="9.570076">
      <ele>0</ele>
      <time>2026-04-13T11:10:00.881Z</time>
    </trkpt>
    <trkpt lat="40.244938" lon="9.569922">
      <ele>0</ele>
      <time>2026-04-13T11:10:02.446Z</time>
    </trkpt>
    <trkpt lat="40.244343" lon="9.569290">
      <ele>0</ele>
      <time>2026-04-13T11:10:04.011Z</time>
    </trkpt>
    <trkpt lat="40.244088" lon="9.569007">
      <ele>0</ele>
      <time>2026-04-13T11:10:05.575Z</time>
    </trkpt>
    <trkpt lat="40.243903" lon="9.568801">
      <ele>0</ele>
      <time>2026-04-13T11:10:07.140Z</time>
    </trkpt>
    <trkpt lat="40.243753" lon="9.568655">
      <ele>0</ele>
      <time>2026-04-13T11:10:08.704Z</time>
    </trkpt>
    <trkpt lat="40.243655" lon="9.568597">
      <ele>0</ele>
      <time>2026-04-13T11:10:10.269Z</time>
    </trkpt>
    <trkpt lat="40.243500" lon="9.568547">
      <ele>0</ele>
      <time>2026-04-13T11:10:11.833Z</time>
    </trkpt>
    <trkpt lat="40.243299" lon="9.568480">
      <ele>0</ele>
      <time>2026-04-13T11:10:13.398Z</time>
    </trkpt>
    <trkpt lat="40.243056" lon="9.568323">
      <ele>0</ele>
      <time>2026-04-13T11:10:14.962Z</time>
    </trkpt>
    <trkpt lat="40.242945" lon="9.568214">
      <ele>0</ele>
      <time>2026-04-13T11:10:16.527Z</time>
    </trkpt>
    <trkpt lat="40.242783" lon="9.568081">
      <ele>0</ele>
      <time>2026-04-13T11:10:18.092Z</time>
    </trkpt>
    <trkpt lat="40.242489" lon="9.567877">
      <ele>0</ele>
      <time>2026-04-13T11:10:19.656Z</time>
    </trkpt>
    <trkpt lat="40.242107" lon="9.567629">
      <ele>0</ele>
      <time>2026-04-13T11:10:21.221Z</time>
    </trkpt>
    <trkpt lat="40.241944" lon="9.567476">
      <ele>0</ele>
      <time>2026-04-13T11:10:22.785Z</time>
    </trkpt>
    <trkpt lat="40.241872" lon="9.567323">
      <ele>0</ele>
      <time>2026-04-13T11:10:24.350Z</time>
    </trkpt>
    <trkpt lat="40.241882" lon="9.567095">
      <ele>0</ele>
      <time>2026-04-13T11:10:25.914Z</time>
    </trkpt>
    <trkpt lat="40.241865" lon="9.566961">
      <ele>0</ele>
      <time>2026-04-13T11:10:27.479Z</time>
    </trkpt>
    <trkpt lat="40.241820" lon="9.566806">
      <ele>0</ele>
      <time>2026-04-13T11:10:29.044Z</time>
    </trkpt>
    <trkpt lat="40.241747" lon="9.566683">
      <ele>0</ele>
      <time>2026-04-13T11:10:30.608Z</time>
    </trkpt>
    <trkpt lat="40.241613" lon="9.566513">
      <ele>0</ele>
      <time>2026-04-13T11:10:32.173Z</time>
    </trkpt>
    <trkpt lat="40.241414" lon="9.566279">
      <ele>0</ele>
      <time>2026-04-13T11:10:33.737Z</time>
    </trkpt>
    <trkpt lat="40.241201" lon="9.566118">
      <ele>0</ele>
      <time>2026-04-13T11:10:35.302Z</time>
    </trkpt>
    <trkpt lat="40.241115" lon="9.566088">
      <ele>0</ele>
      <time>2026-04-13T11:10:36.866Z</time>
    </trkpt>
    <trkpt lat="40.241019" lon="9.566090">
      <ele>0</ele>
      <time>2026-04-13T11:10:38.431Z</time>
    </trkpt>
    <trkpt lat="40.240604" lon="9.565947">
      <ele>0</ele>
      <time>2026-04-13T11:10:39.995Z</time>
    </trkpt>
    <trkpt lat="40.240415" lon="9.565868">
      <ele>0</ele>
      <time>2026-04-13T11:10:41.560Z</time>
    </trkpt>
    <trkpt lat="40.240015" lon="9.565641">
      <ele>0</ele>
      <time>2026-04-13T11:10:43.125Z</time>
    </trkpt>
    <trkpt lat="40.239798" lon="9.565491">
      <ele>0</ele>
      <time>2026-04-13T11:10:44.689Z</time>
    </trkpt>
    <trkpt lat="40.239649" lon="9.565367">
      <ele>0</ele>
      <time>2026-04-13T11:10:46.254Z</time>
    </trkpt>
    <trkpt lat="40.239496" lon="9.565174">
      <ele>0</ele>
      <time>2026-04-13T11:10:47.818Z</time>
    </trkpt>
    <trkpt lat="40.239393" lon="9.565027">
      <ele>0</ele>
      <time>2026-04-13T11:10:49.383Z</time>
    </trkpt>
    <trkpt lat="40.239327" lon="9.564954">
      <ele>0</ele>
      <time>2026-04-13T11:10:50.947Z</time>
    </trkpt>
    <trkpt lat="40.239253" lon="9.564897">
      <ele>0</ele>
      <time>2026-04-13T11:10:52.512Z</time>
    </trkpt>
    <trkpt lat="40.238976" lon="9.564776">
      <ele>0</ele>
      <time>2026-04-13T11:10:54.076Z</time>
    </trkpt>
    <trkpt lat="40.238811" lon="9.564678">
      <ele>0</ele>
      <time>2026-04-13T11:10:55.641Z</time>
    </trkpt>
    <trkpt lat="40.238576" lon="9.564441">
      <ele>0</ele>
      <time>2026-04-13T11:10:57.206Z</time>
    </trkpt>
    <trkpt lat="40.238342" lon="9.564122">
      <ele>0</ele>
      <time>2026-04-13T11:10:58.770Z</time>
    </trkpt>
    <trkpt lat="40.238267" lon="9.563995">
      <ele>0</ele>
      <time>2026-04-13T11:11:00.335Z</time>
    </trkpt>
    <trkpt lat="40.238128" lon="9.563626">
      <ele>0</ele>
      <time>2026-04-13T11:11:01.899Z</time>
    </trkpt>
    <trkpt lat="40.238006" lon="9.563254">
      <ele>0</ele>
      <time>2026-04-13T11:11:03.464Z</time>
    </trkpt>
    <trkpt lat="40.237857" lon="9.562956">
      <ele>0</ele>
      <time>2026-04-13T11:11:05.028Z</time>
    </trkpt>
    <trkpt lat="40.237684" lon="9.562701">
      <ele>0</ele>
      <time>2026-04-13T11:11:06.593Z</time>
    </trkpt>
    <trkpt lat="40.237532" lon="9.562495">
      <ele>0</ele>
      <time>2026-04-13T11:11:08.158Z</time>
    </trkpt>
    <trkpt lat="40.237392" lon="9.562343">
      <ele>0</ele>
      <time>2026-04-13T11:11:09.722Z</time>
    </trkpt>
    <trkpt lat="40.237228" lon="9.562223">
      <ele>0</ele>
      <time>2026-04-13T11:11:11.287Z</time>
    </trkpt>
    <trkpt lat="40.236618" lon="9.561729">
      <ele>0</ele>
      <time>2026-04-13T11:11:12.851Z</time>
    </trkpt>
    <trkpt lat="40.236462" lon="9.561564">
      <ele>0</ele>
      <time>2026-04-13T11:11:14.416Z</time>
    </trkpt>
    <trkpt lat="40.236258" lon="9.561233">
      <ele>0</ele>
      <time>2026-04-13T11:11:15.980Z</time>
    </trkpt>
    <trkpt lat="40.236086" lon="9.560990">
      <ele>0</ele>
      <time>2026-04-13T11:11:17.545Z</time>
    </trkpt>
    <trkpt lat="40.235932" lon="9.560849">
      <ele>0</ele>
      <time>2026-04-13T11:11:19.109Z</time>
    </trkpt>
    <trkpt lat="40.235732" lon="9.560700">
      <ele>0</ele>
      <time>2026-04-13T11:11:20.674Z</time>
    </trkpt>
    <trkpt lat="40.235243" lon="9.560550">
      <ele>0</ele>
      <time>2026-04-13T11:11:22.239Z</time>
    </trkpt>
    <trkpt lat="40.235031" lon="9.560464">
      <ele>0</ele>
      <time>2026-04-13T11:11:23.803Z</time>
    </trkpt>
    <trkpt lat="40.234844" lon="9.560316">
      <ele>0</ele>
      <time>2026-04-13T11:11:25.368Z</time>
    </trkpt>
    <trkpt lat="40.234566" lon="9.560043">
      <ele>0</ele>
      <time>2026-04-13T11:11:26.932Z</time>
    </trkpt>
    <trkpt lat="40.234201" lon="9.559721">
      <ele>0</ele>
      <time>2026-04-13T11:11:28.497Z</time>
    </trkpt>
    <trkpt lat="40.233801" lon="9.559414">
      <ele>0</ele>
      <time>2026-04-13T11:11:30.061Z</time>
    </trkpt>
    <trkpt lat="40.233694" lon="9.559325">
      <ele>0</ele>
      <time>2026-04-13T11:11:31.626Z</time>
    </trkpt>
    <trkpt lat="40.233565" lon="9.559145">
      <ele>0</ele>
      <time>2026-04-13T11:11:33.190Z</time>
    </trkpt>
    <trkpt lat="40.233450" lon="9.559047">
      <ele>0</ele>
      <time>2026-04-13T11:11:34.755Z</time>
    </trkpt>
    <trkpt lat="40.233250" lon="9.558871">
      <ele>0</ele>
      <time>2026-04-13T11:11:36.320Z</time>
    </trkpt>
    <trkpt lat="40.233158" lon="9.558808">
      <ele>0</ele>
      <time>2026-04-13T11:11:37.884Z</time>
    </trkpt>
    <trkpt lat="40.233073" lon="9.558690">
      <ele>0</ele>
      <time>2026-04-13T11:11:39.449Z</time>
    </trkpt>
    <trkpt lat="40.233040" lon="9.558547">
      <ele>0</ele>
      <time>2026-04-13T11:11:41.013Z</time>
    </trkpt>
    <trkpt lat="40.233020" lon="9.558387">
      <ele>0</ele>
      <time>2026-04-13T11:11:42.578Z</time>
    </trkpt>
    <trkpt lat="40.232977" lon="9.558238">
      <ele>0</ele>
      <time>2026-04-13T11:11:44.142Z</time>
    </trkpt>
    <trkpt lat="40.232919" lon="9.558162">
      <ele>0</ele>
      <time>2026-04-13T11:11:45.707Z</time>
    </trkpt>
    <trkpt lat="40.232719" lon="9.557990">
      <ele>0</ele>
      <time>2026-04-13T11:11:47.272Z</time>
    </trkpt>
    <trkpt lat="40.232481" lon="9.557849">
      <ele>0</ele>
      <time>2026-04-13T11:11:48.836Z</time>
    </trkpt>
    <trkpt lat="40.232070" lon="9.557663">
      <ele>0</ele>
      <time>2026-04-13T11:11:50.401Z</time>
    </trkpt>
    <trkpt lat="40.231878" lon="9.557574">
      <ele>0</ele>
      <time>2026-04-13T11:11:51.965Z</time>
    </trkpt>
    <trkpt lat="40.231765" lon="9.557556">
      <ele>0</ele>
      <time>2026-04-13T11:11:53.530Z</time>
    </trkpt>
    <trkpt lat="40.231568" lon="9.557639">
      <ele>0</ele>
      <time>2026-04-13T11:11:55.094Z</time>
    </trkpt>
    <trkpt lat="40.231456" lon="9.557656">
      <ele>0</ele>
      <time>2026-04-13T11:11:56.659Z</time>
    </trkpt>
    <trkpt lat="40.231349" lon="9.557612">
      <ele>0</ele>
      <time>2026-04-13T11:11:58.223Z</time>
    </trkpt>
    <trkpt lat="40.231247" lon="9.557502">
      <ele>0</ele>
      <time>2026-04-13T11:11:59.788Z</time>
    </trkpt>
    <trkpt lat="40.231133" lon="9.557321">
      <ele>0</ele>
      <time>2026-04-13T11:12:01.353Z</time>
    </trkpt>
    <trkpt lat="40.230952" lon="9.557049">
      <ele>0</ele>
      <time>2026-04-13T11:12:02.917Z</time>
    </trkpt>
    <trkpt lat="40.230837" lon="9.557008">
      <ele>0</ele>
      <time>2026-04-13T11:12:04.482Z</time>
    </trkpt>
    <trkpt lat="40.230702" lon="9.556987">
      <ele>0</ele>
      <time>2026-04-13T11:12:06.046Z</time>
    </trkpt>
    <trkpt lat="40.230341" lon="9.556905">
      <ele>0</ele>
      <time>2026-04-13T11:12:07.611Z</time>
    </trkpt>
    <trkpt lat="40.230072" lon="9.556783">
      <ele>0</ele>
      <time>2026-04-13T11:12:09.175Z</time>
    </trkpt>
    <trkpt lat="40.229902" lon="9.556692">
      <ele>0</ele>
      <time>2026-04-13T11:12:10.740Z</time>
    </trkpt>
    <trkpt lat="40.229765" lon="9.556573">
      <ele>0</ele>
      <time>2026-04-13T11:12:12.304Z</time>
    </trkpt>
    <trkpt lat="40.229619" lon="9.556366">
      <ele>0</ele>
      <time>2026-04-13T11:12:13.869Z</time>
    </trkpt>
    <trkpt lat="40.229523" lon="9.556244">
      <ele>0</ele>
      <time>2026-04-13T11:12:15.434Z</time>
    </trkpt>
    <trkpt lat="40.229472" lon="9.556197">
      <ele>0</ele>
      <time>2026-04-13T11:12:16.998Z</time>
    </trkpt>
    <trkpt lat="40.229395" lon="9.556161">
      <ele>0</ele>
      <time>2026-04-13T11:12:18.563Z</time>
    </trkpt>
    <trkpt lat="40.229282" lon="9.556186">
      <ele>0</ele>
      <time>2026-04-13T11:12:20.127Z</time>
    </trkpt>
    <trkpt lat="40.229174" lon="9.556261">
      <ele>0</ele>
      <time>2026-04-13T11:12:21.692Z</time>
    </trkpt>
    <trkpt lat="40.229073" lon="9.556375">
      <ele>0</ele>
      <time>2026-04-13T11:12:23.256Z</time>
    </trkpt>
    <trkpt lat="40.228986" lon="9.556445">
      <ele>0</ele>
      <time>2026-04-13T11:12:24.821Z</time>
    </trkpt>
    <trkpt lat="40.228890" lon="9.556440">
      <ele>0</ele>
      <time>2026-04-13T11:12:26.386Z</time>
    </trkpt>
    <trkpt lat="40.228735" lon="9.556377">
      <ele>0</ele>
      <time>2026-04-13T11:12:27.950Z</time>
    </trkpt>
    <trkpt lat="40.228347" lon="9.556223">
      <ele>0</ele>
      <time>2026-04-13T11:12:29.515Z</time>
    </trkpt>
    <trkpt lat="40.228132" lon="9.556113">
      <ele>0</ele>
      <time>2026-04-13T11:12:31.079Z</time>
    </trkpt>
    <trkpt lat="40.227840" lon="9.555852">
      <ele>0</ele>
      <time>2026-04-13T11:12:32.644Z</time>
    </trkpt>
    <trkpt lat="40.227696" lon="9.555733">
      <ele>0</ele>
      <time>2026-04-13T11:12:34.208Z</time>
    </trkpt>
    <trkpt lat="40.227372" lon="9.555616">
      <ele>0</ele>
      <time>2026-04-13T11:12:35.773Z</time>
    </trkpt>
    <trkpt lat="40.226879" lon="9.555355">
      <ele>0</ele>
      <time>2026-04-13T11:12:37.337Z</time>
    </trkpt>
    <trkpt lat="40.226670" lon="9.555222">
      <ele>0</ele>
      <time>2026-04-13T11:12:38.902Z</time>
    </trkpt>
    <trkpt lat="40.226512" lon="9.555167">
      <ele>0</ele>
      <time>2026-04-13T11:12:40.467Z</time>
    </trkpt>
    <trkpt lat="40.226139" lon="9.555041">
      <ele>0</ele>
      <time>2026-04-13T11:12:42.031Z</time>
    </trkpt>
    <trkpt lat="40.225999" lon="9.554984">
      <ele>0</ele>
      <time>2026-04-13T11:12:43.596Z</time>
    </trkpt>
    <trkpt lat="40.225736" lon="9.554931">
      <ele>0</ele>
      <time>2026-04-13T11:12:45.160Z</time>
    </trkpt>
    <trkpt lat="40.225596" lon="9.554915">
      <ele>0</ele>
      <time>2026-04-13T11:12:46.725Z</time>
    </trkpt>
    <trkpt lat="40.225508" lon="9.554861">
      <ele>0</ele>
      <time>2026-04-13T11:12:48.289Z</time>
    </trkpt>
    <trkpt lat="40.225336" lon="9.554664">
      <ele>0</ele>
      <time>2026-04-13T11:12:49.854Z</time>
    </trkpt>
    <trkpt lat="40.225216" lon="9.554556">
      <ele>0</ele>
      <time>2026-04-13T11:12:51.419Z</time>
    </trkpt>
    <trkpt lat="40.224945" lon="9.554433">
      <ele>0</ele>
      <time>2026-04-13T11:12:52.983Z</time>
    </trkpt>
    <trkpt lat="40.224789" lon="9.554352">
      <ele>0</ele>
      <time>2026-04-13T11:12:54.548Z</time>
    </trkpt>
    <trkpt lat="40.224636" lon="9.554279">
      <ele>0</ele>
      <time>2026-04-13T11:12:56.112Z</time>
    </trkpt>
    <trkpt lat="40.224362" lon="9.554195">
      <ele>0</ele>
      <time>2026-04-13T11:12:57.677Z</time>
    </trkpt>
    <trkpt lat="40.224238" lon="9.554122">
      <ele>0</ele>
      <time>2026-04-13T11:12:59.241Z</time>
    </trkpt>
    <trkpt lat="40.224110" lon="9.554049">
      <ele>0</ele>
      <time>2026-04-13T11:13:00.806Z</time>
    </trkpt>
    <trkpt lat="40.223966" lon="9.553979">
      <ele>0</ele>
      <time>2026-04-13T11:13:02.370Z</time>
    </trkpt>
    <trkpt lat="40.223800" lon="9.553928">
      <ele>0</ele>
      <time>2026-04-13T11:13:03.935Z</time>
    </trkpt>
    <trkpt lat="40.223583" lon="9.553926">
      <ele>0</ele>
      <time>2026-04-13T11:13:05.500Z</time>
    </trkpt>
    <trkpt lat="40.223364" lon="9.553959">
      <ele>0</ele>
      <time>2026-04-13T11:13:07.064Z</time>
    </trkpt>
    <trkpt lat="40.223171" lon="9.553986">
      <ele>0</ele>
      <time>2026-04-13T11:13:08.629Z</time>
    </trkpt>
    <trkpt lat="40.223036" lon="9.553986">
      <ele>0</ele>
      <time>2026-04-13T11:13:10.193Z</time>
    </trkpt>
    <trkpt lat="40.222762" lon="9.553932">
      <ele>0</ele>
      <time>2026-04-13T11:13:11.758Z</time>
    </trkpt>
    <trkpt lat="40.222612" lon="9.553892">
      <ele>0</ele>
      <time>2026-04-13T11:13:13.322Z</time>
    </trkpt>
    <trkpt lat="40.222519" lon="9.553872">
      <ele>0</ele>
      <time>2026-04-13T11:13:14.887Z</time>
    </trkpt>
    <trkpt lat="40.222411" lon="9.553865">
      <ele>0</ele>
      <time>2026-04-13T11:13:16.451Z</time>
    </trkpt>
    <trkpt lat="40.222026" lon="9.553904">
      <ele>0</ele>
      <time>2026-04-13T11:13:18.016Z</time>
    </trkpt>
    <trkpt lat="40.221709" lon="9.553882">
      <ele>0</ele>
      <time>2026-04-13T11:13:19.581Z</time>
    </trkpt>
    <trkpt lat="40.221544" lon="9.553876">
      <ele>0</ele>
      <time>2026-04-13T11:13:21.145Z</time>
    </trkpt>
    <trkpt lat="40.221388" lon="9.553868">
      <ele>0</ele>
      <time>2026-04-13T11:13:22.710Z</time>
    </trkpt>
    <trkpt lat="40.221187" lon="9.553833">
      <ele>0</ele>
      <time>2026-04-13T11:13:24.274Z</time>
    </trkpt>
    <trkpt lat="40.221112" lon="9.553802">
      <ele>0</ele>
      <time>2026-04-13T11:13:25.839Z</time>
    </trkpt>
    <trkpt lat="40.220980" lon="9.553744">
      <ele>0</ele>
      <time>2026-04-13T11:13:27.403Z</time>
    </trkpt>
    <trkpt lat="40.220892" lon="9.553775">
      <ele>0</ele>
      <time>2026-04-13T11:13:28.968Z</time>
    </trkpt>
    <trkpt lat="40.220772" lon="9.553886">
      <ele>0</ele>
      <time>2026-04-13T11:13:30.533Z</time>
    </trkpt>
    <trkpt lat="40.220671" lon="9.553936">
      <ele>0</ele>
      <time>2026-04-13T11:13:32.097Z</time>
    </trkpt>
    <trkpt lat="40.220565" lon="9.553936">
      <ele>0</ele>
      <time>2026-04-13T11:13:33.662Z</time>
    </trkpt>
    <trkpt lat="40.220372" lon="9.553906">
      <ele>0</ele>
      <time>2026-04-13T11:13:35.226Z</time>
    </trkpt>
    <trkpt lat="40.220156" lon="9.553892">
      <ele>0</ele>
      <time>2026-04-13T11:13:36.791Z</time>
    </trkpt>
    <trkpt lat="40.219731" lon="9.553845">
      <ele>0</ele>
      <time>2026-04-13T11:13:38.355Z</time>
    </trkpt>
    <trkpt lat="40.219629" lon="9.553830">
      <ele>0</ele>
      <time>2026-04-13T11:13:39.920Z</time>
    </trkpt>
    <trkpt lat="40.219537" lon="9.553791">
      <ele>0</ele>
      <time>2026-04-13T11:13:41.484Z</time>
    </trkpt>
    <trkpt lat="40.219469" lon="9.553720">
      <ele>0</ele>
      <time>2026-04-13T11:13:43.049Z</time>
    </trkpt>
    <trkpt lat="40.219323" lon="9.553432">
      <ele>0</ele>
      <time>2026-04-13T11:13:44.614Z</time>
    </trkpt>
    <trkpt lat="40.219269" lon="9.553369">
      <ele>0</ele>
      <time>2026-04-13T11:13:46.178Z</time>
    </trkpt>
    <trkpt lat="40.219208" lon="9.553330">
      <ele>0</ele>
      <time>2026-04-13T11:13:47.743Z</time>
    </trkpt>
    <trkpt lat="40.219096" lon="9.553300">
      <ele>0</ele>
      <time>2026-04-13T11:13:49.307Z</time>
    </trkpt>
    <trkpt lat="40.218956" lon="9.553302">
      <ele>0</ele>
      <time>2026-04-13T11:13:50.872Z</time>
    </trkpt>
    <trkpt lat="40.218794" lon="9.553259">
      <ele>0</ele>
      <time>2026-04-13T11:13:52.436Z</time>
    </trkpt>
    <trkpt lat="40.218688" lon="9.553188">
      <ele>0</ele>
      <time>2026-04-13T11:13:54.001Z</time>
    </trkpt>
    <trkpt lat="40.218518" lon="9.553033">
      <ele>0</ele>
      <time>2026-04-13T11:13:55.565Z</time>
    </trkpt>
    <trkpt lat="40.218433" lon="9.552985">
      <ele>0</ele>
      <time>2026-04-13T11:13:57.130Z</time>
    </trkpt>
    <trkpt lat="40.218327" lon="9.552952">
      <ele>0</ele>
      <time>2026-04-13T11:13:58.695Z</time>
    </trkpt>
    <trkpt lat="40.218020" lon="9.552953">
      <ele>0</ele>
      <time>2026-04-13T11:14:00.259Z</time>
    </trkpt>
    <trkpt lat="40.217814" lon="9.552898">
      <ele>0</ele>
      <time>2026-04-13T11:14:01.824Z</time>
    </trkpt>
    <trkpt lat="40.217688" lon="9.552836">
      <ele>0</ele>
      <time>2026-04-13T11:14:03.388Z</time>
    </trkpt>
    <trkpt lat="40.217567" lon="9.552746">
      <ele>0</ele>
      <time>2026-04-13T11:14:04.953Z</time>
    </trkpt>
    <trkpt lat="40.217456" lon="9.552620">
      <ele>0</ele>
      <time>2026-04-13T11:14:06.517Z</time>
    </trkpt>
    <trkpt lat="40.217326" lon="9.552494">
      <ele>0</ele>
      <time>2026-04-13T11:14:08.082Z</time>
    </trkpt>
    <trkpt lat="40.217196" lon="9.552380">
      <ele>0</ele>
      <time>2026-04-13T11:14:09.647Z</time>
    </trkpt>
    <trkpt lat="40.217078" lon="9.552313">
      <ele>0</ele>
      <time>2026-04-13T11:14:11.211Z</time>
    </trkpt>
    <trkpt lat="40.216920" lon="9.552251">
      <ele>0</ele>
      <time>2026-04-13T11:14:12.776Z</time>
    </trkpt>
    <trkpt lat="40.216737" lon="9.552201">
      <ele>0</ele>
      <time>2026-04-13T11:14:14.340Z</time>
    </trkpt>
    <trkpt lat="40.216436" lon="9.552193">
      <ele>0</ele>
      <time>2026-04-13T11:14:15.905Z</time>
    </trkpt>
    <trkpt lat="40.216229" lon="9.552227">
      <ele>0</ele>
      <time>2026-04-13T11:14:17.469Z</time>
    </trkpt>
    <trkpt lat="40.216073" lon="9.552217">
      <ele>0</ele>
      <time>2026-04-13T11:14:19.034Z</time>
    </trkpt>
    <trkpt lat="40.215599" lon="9.552101">
      <ele>0</ele>
      <time>2026-04-13T11:14:20.598Z</time>
    </trkpt>
    <trkpt lat="40.215387" lon="9.552003">
      <ele>0</ele>
      <time>2026-04-13T11:14:22.163Z</time>
    </trkpt>
    <trkpt lat="40.215220" lon="9.551875">
      <ele>0</ele>
      <time>2026-04-13T11:14:23.728Z</time>
    </trkpt>
    <trkpt lat="40.215120" lon="9.551820">
      <ele>0</ele>
      <time>2026-04-13T11:14:25.292Z</time>
    </trkpt>
    <trkpt lat="40.215007" lon="9.551817">
      <ele>0</ele>
      <time>2026-04-13T11:14:26.857Z</time>
    </trkpt>
    <trkpt lat="40.214715" lon="9.551825">
      <ele>0</ele>
      <time>2026-04-13T11:14:28.421Z</time>
    </trkpt>
    <trkpt lat="40.214322" lon="9.551825">
      <ele>0</ele>
      <time>2026-04-13T11:14:29.986Z</time>
    </trkpt>
    <trkpt lat="40.214075" lon="9.551747">
      <ele>0</ele>
      <time>2026-04-13T11:14:31.550Z</time>
    </trkpt>
    <trkpt lat="40.213788" lon="9.551590">
      <ele>0</ele>
      <time>2026-04-13T11:14:33.115Z</time>
    </trkpt>
    <trkpt lat="40.213259" lon="9.551310">
      <ele>0</ele>
      <time>2026-04-13T11:14:34.679Z</time>
    </trkpt>
    <trkpt lat="40.213102" lon="9.551231">
      <ele>0</ele>
      <time>2026-04-13T11:14:36.244Z</time>
    </trkpt>
    <trkpt lat="40.212760" lon="9.550931">
      <ele>0</ele>
      <time>2026-04-13T11:14:37.809Z</time>
    </trkpt>
    <trkpt lat="40.212530" lon="9.550727">
      <ele>0</ele>
      <time>2026-04-13T11:14:39.373Z</time>
    </trkpt>
    <trkpt lat="40.212297" lon="9.550446">
      <ele>0</ele>
      <time>2026-04-13T11:14:40.938Z</time>
    </trkpt>
    <trkpt lat="40.212122" lon="9.550228">
      <ele>0</ele>
      <time>2026-04-13T11:14:42.502Z</time>
    </trkpt>
    <trkpt lat="40.211807" lon="9.549941">
      <ele>0</ele>
      <time>2026-04-13T11:14:44.067Z</time>
    </trkpt>
    <trkpt lat="40.211680" lon="9.549760">
      <ele>0</ele>
      <time>2026-04-13T11:14:45.631Z</time>
    </trkpt>
    <trkpt lat="40.211411" lon="9.549239">
      <ele>0</ele>
      <time>2026-04-13T11:14:47.196Z</time>
    </trkpt>
    <trkpt lat="40.211188" lon="9.548926">
      <ele>0</ele>
      <time>2026-04-13T11:14:48.761Z</time>
    </trkpt>
    <trkpt lat="40.210177" lon="9.548087">
      <ele>0</ele>
      <time>2026-04-13T11:14:50.325Z</time>
    </trkpt>
    <trkpt lat="40.209896" lon="9.547615">
      <ele>0</ele>
      <time>2026-04-13T11:14:51.890Z</time>
    </trkpt>
    <trkpt lat="40.209810" lon="9.547493">
      <ele>0</ele>
      <time>2026-04-13T11:14:53.454Z</time>
    </trkpt>
    <trkpt lat="40.209657" lon="9.547342">
      <ele>0</ele>
      <time>2026-04-13T11:14:55.019Z</time>
    </trkpt>
    <trkpt lat="40.209566" lon="9.547233">
      <ele>0</ele>
      <time>2026-04-13T11:14:56.583Z</time>
    </trkpt>
    <trkpt lat="40.209464" lon="9.547100">
      <ele>0</ele>
      <time>2026-04-13T11:14:58.148Z</time>
    </trkpt>
    <trkpt lat="40.209355" lon="9.546945">
      <ele>0</ele>
      <time>2026-04-13T11:14:59.712Z</time>
    </trkpt>
    <trkpt lat="40.209217" lon="9.546736">
      <ele>0</ele>
      <time>2026-04-13T11:15:01.277Z</time>
    </trkpt>
    <trkpt lat="40.208804" lon="9.545939">
      <ele>0</ele>
      <time>2026-04-13T11:15:02.842Z</time>
    </trkpt>
    <trkpt lat="40.208391" lon="9.545140">
      <ele>0</ele>
      <time>2026-04-13T11:15:04.406Z</time>
    </trkpt>
    <trkpt lat="40.208336" lon="9.545055">
      <ele>0</ele>
      <time>2026-04-13T11:15:05.971Z</time>
    </trkpt>
    <trkpt lat="40.208292" lon="9.545004">
      <ele>0</ele>
      <time>2026-04-13T11:15:07.535Z</time>
    </trkpt>
    <trkpt lat="40.208211" lon="9.544952">
      <ele>0</ele>
      <time>2026-04-13T11:15:09.100Z</time>
    </trkpt>
    <trkpt lat="40.207839" lon="9.544814">
      <ele>0</ele>
      <time>2026-04-13T11:15:10.664Z</time>
    </trkpt>
    <trkpt lat="40.207615" lon="9.544727">
      <ele>0</ele>
      <time>2026-04-13T11:15:12.229Z</time>
    </trkpt>
    <trkpt lat="40.207396" lon="9.544676">
      <ele>0</ele>
      <time>2026-04-13T11:15:13.794Z</time>
    </trkpt>
    <trkpt lat="40.207193" lon="9.544633">
      <ele>0</ele>
      <time>2026-04-13T11:15:15.358Z</time>
    </trkpt>
    <trkpt lat="40.206941" lon="9.544568">
      <ele>0</ele>
      <time>2026-04-13T11:15:16.923Z</time>
    </trkpt>
    <trkpt lat="40.206740" lon="9.544492">
      <ele>0</ele>
      <time>2026-04-13T11:15:18.487Z</time>
    </trkpt>
    <trkpt lat="40.206573" lon="9.544434">
      <ele>0</ele>
      <time>2026-04-13T11:15:20.052Z</time>
    </trkpt>
    <trkpt lat="40.206418" lon="9.544389">
      <ele>0</ele>
      <time>2026-04-13T11:15:21.616Z</time>
    </trkpt>
    <trkpt lat="40.206213" lon="9.544350">
      <ele>0</ele>
      <time>2026-04-13T11:15:23.181Z</time>
    </trkpt>
    <trkpt lat="40.205818" lon="9.544374">
      <ele>0</ele>
      <time>2026-04-13T11:15:24.745Z</time>
    </trkpt>
    <trkpt lat="40.205524" lon="9.544406">
      <ele>0</ele>
      <time>2026-04-13T11:15:26.310Z</time>
    </trkpt>
    <trkpt lat="40.205436" lon="9.544398">
      <ele>0</ele>
      <time>2026-04-13T11:15:27.875Z</time>
    </trkpt>
    <trkpt lat="40.205307" lon="9.544346">
      <ele>0</ele>
      <time>2026-04-13T11:15:29.439Z</time>
    </trkpt>
    <trkpt lat="40.205229" lon="9.544271">
      <ele>0</ele>
      <time>2026-04-13T11:15:31.004Z</time>
    </trkpt>
    <trkpt lat="40.204929" lon="9.543915">
      <ele>0</ele>
      <time>2026-04-13T11:15:32.568Z</time>
    </trkpt>
    <trkpt lat="40.204846" lon="9.543860">
      <ele>0</ele>
      <time>2026-04-13T11:15:34.133Z</time>
    </trkpt>
    <trkpt lat="40.204759" lon="9.543836">
      <ele>0</ele>
      <time>2026-04-13T11:15:35.697Z</time>
    </trkpt>
    <trkpt lat="40.204631" lon="9.543804">
      <ele>0</ele>
      <time>2026-04-13T11:15:37.262Z</time>
    </trkpt>
    <trkpt lat="40.204552" lon="9.543775">
      <ele>0</ele>
      <time>2026-04-13T11:15:38.826Z</time>
    </trkpt>
    <trkpt lat="40.204442" lon="9.543725">
      <ele>0</ele>
      <time>2026-04-13T11:15:40.391Z</time>
    </trkpt>
    <trkpt lat="40.204342" lon="9.543632">
      <ele>0</ele>
      <time>2026-04-13T11:15:41.956Z</time>
    </trkpt>
    <trkpt lat="40.204208" lon="9.543498">
      <ele>0</ele>
      <time>2026-04-13T11:15:43.520Z</time>
    </trkpt>
    <trkpt lat="40.204119" lon="9.543432">
      <ele>0</ele>
      <time>2026-04-13T11:15:45.085Z</time>
    </trkpt>
    <trkpt lat="40.204049" lon="9.543396">
      <ele>0</ele>
      <time>2026-04-13T11:15:46.649Z</time>
    </trkpt>
    <trkpt lat="40.203876" lon="9.543304">
      <ele>0</ele>
      <time>2026-04-13T11:15:48.214Z</time>
    </trkpt>
    <trkpt lat="40.203707" lon="9.543221">
      <ele>0</ele>
      <time>2026-04-13T11:15:49.778Z</time>
    </trkpt>
    <trkpt lat="40.203622" lon="9.543145">
      <ele>0</ele>
      <time>2026-04-13T11:15:51.343Z</time>
    </trkpt>
    <trkpt lat="40.203346" lon="9.542809">
      <ele>0</ele>
      <time>2026-04-13T11:15:52.908Z</time>
    </trkpt>
    <trkpt lat="40.203041" lon="9.542413">
      <ele>0</ele>
      <time>2026-04-13T11:15:54.472Z</time>
    </trkpt>
    <trkpt lat="40.202961" lon="9.542295">
      <ele>0</ele>
      <time>2026-04-13T11:15:56.037Z</time>
    </trkpt>
    <trkpt lat="40.202892" lon="9.542149">
      <ele>0</ele>
      <time>2026-04-13T11:15:57.601Z</time>
    </trkpt>
    <trkpt lat="40.202807" lon="9.541946">
      <ele>0</ele>
      <time>2026-04-13T11:15:59.166Z</time>
    </trkpt>
    <trkpt lat="40.202772" lon="9.541869">
      <ele>0</ele>
      <time>2026-04-13T11:16:00.730Z</time>
    </trkpt>
    <trkpt lat="40.202737" lon="9.541781">
      <ele>0</ele>
      <time>2026-04-13T11:16:02.295Z</time>
    </trkpt>
    <trkpt lat="40.202682" lon="9.541721">
      <ele>0</ele>
      <time>2026-04-13T11:16:03.859Z</time>
    </trkpt>
    <trkpt lat="40.202612" lon="9.541684">
      <ele>0</ele>
      <time>2026-04-13T11:16:05.424Z</time>
    </trkpt>
    <trkpt lat="40.202529" lon="9.541659">
      <ele>0</ele>
      <time>2026-04-13T11:16:06.989Z</time>
    </trkpt>
    <trkpt lat="40.202414" lon="9.541653">
      <ele>0</ele>
      <time>2026-04-13T11:16:08.553Z</time>
    </trkpt>
    <trkpt lat="40.202299" lon="9.541651">
      <ele>0</ele>
      <time>2026-04-13T11:16:10.118Z</time>
    </trkpt>
    <trkpt lat="40.202142" lon="9.541629">
      <ele>0</ele>
      <time>2026-04-13T11:16:11.682Z</time>
    </trkpt>
    <trkpt lat="40.201850" lon="9.541592">
      <ele>0</ele>
      <time>2026-04-13T11:16:13.247Z</time>
    </trkpt>
    <trkpt lat="40.201626" lon="9.541536">
      <ele>0</ele>
      <time>2026-04-13T11:16:14.811Z</time>
    </trkpt>
    <trkpt lat="40.201536" lon="9.541495">
      <ele>0</ele>
      <time>2026-04-13T11:16:16.376Z</time>
    </trkpt>
    <trkpt lat="40.201440" lon="9.541410">
      <ele>0</ele>
      <time>2026-04-13T11:16:17.940Z</time>
    </trkpt>
    <trkpt lat="40.201375" lon="9.541321">
      <ele>0</ele>
      <time>2026-04-13T11:16:19.505Z</time>
    </trkpt>
    <trkpt lat="40.201327" lon="9.541186">
      <ele>0</ele>
      <time>2026-04-13T11:16:21.070Z</time>
    </trkpt>
    <trkpt lat="40.201282" lon="9.541019">
      <ele>0</ele>
      <time>2026-04-13T11:16:22.634Z</time>
    </trkpt>
    <trkpt lat="40.201205" lon="9.540884">
      <ele>0</ele>
      <time>2026-04-13T11:16:24.199Z</time>
    </trkpt>
    <trkpt lat="40.201096" lon="9.540800">
      <ele>0</ele>
      <time>2026-04-13T11:16:25.763Z</time>
    </trkpt>
    <trkpt lat="40.200976" lon="9.540725">
      <ele>0</ele>
      <time>2026-04-13T11:16:27.328Z</time>
    </trkpt>
    <trkpt lat="40.200880" lon="9.540689">
      <ele>0</ele>
      <time>2026-04-13T11:16:28.892Z</time>
    </trkpt>
    <trkpt lat="40.200781" lon="9.540705">
      <ele>0</ele>
      <time>2026-04-13T11:16:30.457Z</time>
    </trkpt>
    <trkpt lat="40.200663" lon="9.540758">
      <ele>0</ele>
      <time>2026-04-13T11:16:32.022Z</time>
    </trkpt>
    <trkpt lat="40.200421" lon="9.540897">
      <ele>0</ele>
      <time>2026-04-13T11:16:33.586Z</time>
    </trkpt>
    <trkpt lat="40.200358" lon="9.540933">
      <ele>0</ele>
      <time>2026-04-13T11:16:35.151Z</time>
    </trkpt>
    <trkpt lat="40.200307" lon="9.540932">
      <ele>0</ele>
      <time>2026-04-13T11:16:36.715Z</time>
    </trkpt>
    <trkpt lat="40.200252" lon="9.540931">
      <ele>0</ele>
      <time>2026-04-13T11:16:38.280Z</time>
    </trkpt>
    <trkpt lat="40.200184" lon="9.540931">
      <ele>0</ele>
      <time>2026-04-13T11:16:39.844Z</time>
    </trkpt>
    <trkpt lat="40.200066" lon="9.540857">
      <ele>0</ele>
      <time>2026-04-13T11:16:41.409Z</time>
    </trkpt>
    <trkpt lat="40.199956" lon="9.540725">
      <ele>0</ele>
      <time>2026-04-13T11:16:42.973Z</time>
    </trkpt>
    <trkpt lat="40.199874" lon="9.540612">
      <ele>0</ele>
      <time>2026-04-13T11:16:44.538Z</time>
    </trkpt>
    <trkpt lat="40.199778" lon="9.540542">
      <ele>0</ele>
      <time>2026-04-13T11:16:46.103Z</time>
    </trkpt>
    <trkpt lat="40.199696" lon="9.540490">
      <ele>0</ele>
      <time>2026-04-13T11:16:47.667Z</time>
    </trkpt>
    <trkpt lat="40.199644" lon="9.540464">
      <ele>0</ele>
      <time>2026-04-13T11:16:49.232Z</time>
    </trkpt>
    <trkpt lat="40.199535" lon="9.540414">
      <ele>0</ele>
      <time>2026-04-13T11:16:50.796Z</time>
    </trkpt>
    <trkpt lat="40.199482" lon="9.540379">
      <ele>0</ele>
      <time>2026-04-13T11:16:52.361Z</time>
    </trkpt>
    <trkpt lat="40.199427" lon="9.540328">
      <ele>0</ele>
      <time>2026-04-13T11:16:53.925Z</time>
    </trkpt>
    <trkpt lat="40.199388" lon="9.540222">
      <ele>0</ele>
      <time>2026-04-13T11:16:55.490Z</time>
    </trkpt>
    <trkpt lat="40.199380" lon="9.540143">
      <ele>0</ele>
      <time>2026-04-13T11:16:57.054Z</time>
    </trkpt>
    <trkpt lat="40.199386" lon="9.540060">
      <ele>0</ele>
      <time>2026-04-13T11:16:58.619Z</time>
    </trkpt>
    <trkpt lat="40.199426" lon="9.539781">
      <ele>0</ele>
      <time>2026-04-13T11:17:00.184Z</time>
    </trkpt>
    <trkpt lat="40.199424" lon="9.539693">
      <ele>0</ele>
      <time>2026-04-13T11:17:01.748Z</time>
    </trkpt>
    <trkpt lat="40.199409" lon="9.539618">
      <ele>0</ele>
      <time>2026-04-13T11:17:03.313Z</time>
    </trkpt>
    <trkpt lat="40.199378" lon="9.539493">
      <ele>0</ele>
      <time>2026-04-13T11:17:04.877Z</time>
    </trkpt>
    <trkpt lat="40.199293" lon="9.539376">
      <ele>0</ele>
      <time>2026-04-13T11:17:06.442Z</time>
    </trkpt>
    <trkpt lat="40.199233" lon="9.539292">
      <ele>0</ele>
      <time>2026-04-13T11:17:08.006Z</time>
    </trkpt>
    <trkpt lat="40.199128" lon="9.539233">
      <ele>0</ele>
      <time>2026-04-13T11:17:09.571Z</time>
    </trkpt>
    <trkpt lat="40.199031" lon="9.539198">
      <ele>0</ele>
      <time>2026-04-13T11:17:11.136Z</time>
    </trkpt>
    <trkpt lat="40.198920" lon="9.539168">
      <ele>0</ele>
      <time>2026-04-13T11:17:12.700Z</time>
    </trkpt>
    <trkpt lat="40.198818" lon="9.539208">
      <ele>0</ele>
      <time>2026-04-13T11:17:14.265Z</time>
    </trkpt>
    <trkpt lat="40.198707" lon="9.539235">
      <ele>0</ele>
      <time>2026-04-13T11:17:15.829Z</time>
    </trkpt>
    <trkpt lat="40.198631" lon="9.539270">
      <ele>0</ele>
      <time>2026-04-13T11:17:17.394Z</time>
    </trkpt>
    <trkpt lat="40.198519" lon="9.539327">
      <ele>0</ele>
      <time>2026-04-13T11:17:18.958Z</time>
    </trkpt>
    <trkpt lat="40.198420" lon="9.539355">
      <ele>0</ele>
      <time>2026-04-13T11:17:20.523Z</time>
    </trkpt>
    <trkpt lat="40.198301" lon="9.539313">
      <ele>0</ele>
      <time>2026-04-13T11:17:22.087Z</time>
    </trkpt>
    <trkpt lat="40.198083" lon="9.538976">
      <ele>0</ele>
      <time>2026-04-13T11:17:23.652Z</time>
    </trkpt>
    <trkpt lat="40.197869" lon="9.538673">
      <ele>0</ele>
      <time>2026-04-13T11:17:25.217Z</time>
    </trkpt>
    <trkpt lat="40.197777" lon="9.538604">
      <ele>0</ele>
      <time>2026-04-13T11:17:26.781Z</time>
    </trkpt>
    <trkpt lat="40.197658" lon="9.538543">
      <ele>0</ele>
      <time>2026-04-13T11:17:28.346Z</time>
    </trkpt>
    <trkpt lat="40.197535" lon="9.538484">
      <ele>0</ele>
      <time>2026-04-13T11:17:29.910Z</time>
    </trkpt>
    <trkpt lat="40.197443" lon="9.538372">
      <ele>0</ele>
      <time>2026-04-13T11:17:31.475Z</time>
    </trkpt>
    <trkpt lat="40.197380" lon="9.538258">
      <ele>0</ele>
      <time>2026-04-13T11:17:33.039Z</time>
    </trkpt>
    <trkpt lat="40.197365" lon="9.538094">
      <ele>0</ele>
      <time>2026-04-13T11:17:34.604Z</time>
    </trkpt>
    <trkpt lat="40.197381" lon="9.537943">
      <ele>0</ele>
      <time>2026-04-13T11:17:36.169Z</time>
    </trkpt>
    <trkpt lat="40.197392" lon="9.537809">
      <ele>0</ele>
      <time>2026-04-13T11:17:37.733Z</time>
    </trkpt>
    <trkpt lat="40.197411" lon="9.537643">
      <ele>0</ele>
      <time>2026-04-13T11:17:39.298Z</time>
    </trkpt>
    <trkpt lat="40.197394" lon="9.537308">
      <ele>0</ele>
      <time>2026-04-13T11:17:40.862Z</time>
    </trkpt>
    <trkpt lat="40.197361" lon="9.537028">
      <ele>0</ele>
      <time>2026-04-13T11:17:42.427Z</time>
    </trkpt>
    <trkpt lat="40.197327" lon="9.536549">
      <ele>0</ele>
      <time>2026-04-13T11:17:43.991Z</time>
    </trkpt>
    <trkpt lat="40.197333" lon="9.536251">
      <ele>0</ele>
      <time>2026-04-13T11:17:45.556Z</time>
    </trkpt>
    <trkpt lat="40.197339" lon="9.536137">
      <ele>0</ele>
      <time>2026-04-13T11:17:47.120Z</time>
    </trkpt>
    <trkpt lat="40.197319" lon="9.536060">
      <ele>0</ele>
      <time>2026-04-13T11:17:48.685Z</time>
    </trkpt>
    <trkpt lat="40.197279" lon="9.535993">
      <ele>0</ele>
      <time>2026-04-13T11:17:50.250Z</time>
    </trkpt>
    <trkpt lat="40.197246" lon="9.535969">
      <ele>0</ele>
      <time>2026-04-13T11:17:51.814Z</time>
    </trkpt>
    <trkpt lat="40.197202" lon="9.535934">
      <ele>0</ele>
      <time>2026-04-13T11:17:53.379Z</time>
    </trkpt>
    <trkpt lat="40.197160" lon="9.535921">
      <ele>0</ele>
      <time>2026-04-13T11:17:54.943Z</time>
    </trkpt>
    <trkpt lat="40.197119" lon="9.535922">
      <ele>0</ele>
      <time>2026-04-13T11:17:56.508Z</time>
    </trkpt>
    <trkpt lat="40.197009" lon="9.535946">
      <ele>0</ele>
      <time>2026-04-13T11:17:58.072Z</time>
    </trkpt>
    <trkpt lat="40.196744" lon="9.536066">
      <ele>0</ele>
      <time>2026-04-13T11:17:59.637Z</time>
    </trkpt>
    <trkpt lat="40.196182" lon="9.536381">
      <ele>0</ele>
      <time>2026-04-13T11:18:01.201Z</time>
    </trkpt>
    <trkpt lat="40.196014" lon="9.536507">
      <ele>0</ele>
      <time>2026-04-13T11:18:02.766Z</time>
    </trkpt>
    <trkpt lat="40.195786" lon="9.536878">
      <ele>0</ele>
      <time>2026-04-13T11:18:04.331Z</time>
    </trkpt>
    <trkpt lat="40.195592" lon="9.537206">
      <ele>0</ele>
      <time>2026-04-13T11:18:05.895Z</time>
    </trkpt>
    <trkpt lat="40.195516" lon="9.537287">
      <ele>0</ele>
      <time>2026-04-13T11:18:07.460Z</time>
    </trkpt>
    <trkpt lat="40.195353" lon="9.537409">
      <ele>0</ele>
      <time>2026-04-13T11:18:09.024Z</time>
    </trkpt>
    <trkpt lat="40.195174" lon="9.537502">
      <ele>0</ele>
      <time>2026-04-13T11:18:10.589Z</time>
    </trkpt>
    <trkpt lat="40.195103" lon="9.537497">
      <ele>0</ele>
      <time>2026-04-13T11:18:12.153Z</time>
    </trkpt>
    <trkpt lat="40.195061" lon="9.537478">
      <ele>0</ele>
      <time>2026-04-13T11:18:13.718Z</time>
    </trkpt>
    <trkpt lat="40.195009" lon="9.537439">
      <ele>0</ele>
      <time>2026-04-13T11:18:15.283Z</time>
    </trkpt>
    <trkpt lat="40.194909" lon="9.537268">
      <ele>0</ele>
      <time>2026-04-13T11:18:16.847Z</time>
    </trkpt>
    <trkpt lat="40.194812" lon="9.537132">
      <ele>0</ele>
      <time>2026-04-13T11:18:18.412Z</time>
    </trkpt>
    <trkpt lat="40.194744" lon="9.537088">
      <ele>0</ele>
      <time>2026-04-13T11:18:19.976Z</time>
    </trkpt>
    <trkpt lat="40.194686" lon="9.537053">
      <ele>0</ele>
      <time>2026-04-13T11:18:21.541Z</time>
    </trkpt>
    <trkpt lat="40.194385" lon="9.537010">
      <ele>0</ele>
      <time>2026-04-13T11:18:23.105Z</time>
    </trkpt>
    <trkpt lat="40.194313" lon="9.537027">
      <ele>0</ele>
      <time>2026-04-13T11:18:24.670Z</time>
    </trkpt>
    <trkpt lat="40.194236" lon="9.537066">
      <ele>0</ele>
      <time>2026-04-13T11:18:26.234Z</time>
    </trkpt>
    <trkpt lat="40.194159" lon="9.537141">
      <ele>0</ele>
      <time>2026-04-13T11:18:27.799Z</time>
    </trkpt>
    <trkpt lat="40.194001" lon="9.537338">
      <ele>0</ele>
      <time>2026-04-13T11:18:29.364Z</time>
    </trkpt>
    <trkpt lat="40.193867" lon="9.537390">
      <ele>0</ele>
      <time>2026-04-13T11:18:30.928Z</time>
    </trkpt>
    <trkpt lat="40.193807" lon="9.537374">
      <ele>0</ele>
      <time>2026-04-13T11:18:32.493Z</time>
    </trkpt>
    <trkpt lat="40.193770" lon="9.537369">
      <ele>0</ele>
      <time>2026-04-13T11:18:34.057Z</time>
    </trkpt>
    <trkpt lat="40.193727" lon="9.537337">
      <ele>0</ele>
      <time>2026-04-13T11:18:35.622Z</time>
    </trkpt>
    <trkpt lat="40.193258" lon="9.536791">
      <ele>0</ele>
      <time>2026-04-13T11:18:37.186Z</time>
    </trkpt>
    <trkpt lat="40.192800" lon="9.536284">
      <ele>0</ele>
      <time>2026-04-13T11:18:38.751Z</time>
    </trkpt>
    <trkpt lat="40.192755" lon="9.536213">
      <ele>0</ele>
      <time>2026-04-13T11:18:40.315Z</time>
    </trkpt>
    <trkpt lat="40.192742" lon="9.536159">
      <ele>0</ele>
      <time>2026-04-13T11:18:41.880Z</time>
    </trkpt>
    <trkpt lat="40.192738" lon="9.536009">
      <ele>0</ele>
      <time>2026-04-13T11:18:43.445Z</time>
    </trkpt>
    <trkpt lat="40.192732" lon="9.535890">
      <ele>0</ele>
      <time>2026-04-13T11:18:45.009Z</time>
    </trkpt>
    <trkpt lat="40.192702" lon="9.535805">
      <ele>0</ele>
      <time>2026-04-13T11:18:46.574Z</time>
    </trkpt>
    <trkpt lat="40.192661" lon="9.535717">
      <ele>0</ele>
      <time>2026-04-13T11:18:48.138Z</time>
    </trkpt>
    <trkpt lat="40.192611" lon="9.535651">
      <ele>0</ele>
      <time>2026-04-13T11:18:49.703Z</time>
    </trkpt>
    <trkpt lat="40.192549" lon="9.535617">
      <ele>0</ele>
      <time>2026-04-13T11:18:51.267Z</time>
    </trkpt>
    <trkpt lat="40.192455" lon="9.535610">
      <ele>0</ele>
      <time>2026-04-13T11:18:52.832Z</time>
    </trkpt>
    <trkpt lat="40.192110" lon="9.535625">
      <ele>0</ele>
      <time>2026-04-13T11:18:54.397Z</time>
    </trkpt>
    <trkpt lat="40.192042" lon="9.535654">
      <ele>0</ele>
      <time>2026-04-13T11:18:55.961Z</time>
    </trkpt>
    <trkpt lat="40.191942" lon="9.535704">
      <ele>0</ele>
      <time>2026-04-13T11:18:57.526Z</time>
    </trkpt>
    <trkpt lat="40.191036" lon="9.536195">
      <ele>0</ele>
      <time>2026-04-13T11:18:59.090Z</time>
    </trkpt>
    <trkpt lat="40.190930" lon="9.536282">
      <ele>0</ele>
      <time>2026-04-13T11:19:00.655Z</time>
    </trkpt>
    <trkpt lat="40.190856" lon="9.536347">
      <ele>0</ele>
      <time>2026-04-13T11:19:02.219Z</time>
    </trkpt>
    <trkpt lat="40.190787" lon="9.536402">
      <ele>0</ele>
      <time>2026-04-13T11:19:03.784Z</time>
    </trkpt>
    <trkpt lat="40.190724" lon="9.536426">
      <ele>0</ele>
      <time>2026-04-13T11:19:05.348Z</time>
    </trkpt>
    <trkpt lat="40.190647" lon="9.536434">
      <ele>0</ele>
      <time>2026-04-13T11:19:06.913Z</time>
    </trkpt>
    <trkpt lat="40.190558" lon="9.536428">
      <ele>0</ele>
      <time>2026-04-13T11:19:08.478Z</time>
    </trkpt>
    <trkpt lat="40.190486" lon="9.536427">
      <ele>0</ele>
      <time>2026-04-13T11:19:10.042Z</time>
    </trkpt>
    <trkpt lat="40.190415" lon="9.536440">
      <ele>0</ele>
      <time>2026-04-13T11:19:11.607Z</time>
    </trkpt>
    <trkpt lat="40.190344" lon="9.536471">
      <ele>0</ele>
      <time>2026-04-13T11:19:13.171Z</time>
    </trkpt>
    <trkpt lat="40.190233" lon="9.536509">
      <ele>0</ele>
      <time>2026-04-13T11:19:14.736Z</time>
    </trkpt>
    <trkpt lat="40.190145" lon="9.536519">
      <ele>0</ele>
      <time>2026-04-13T11:19:16.300Z</time>
    </trkpt>
    <trkpt lat="40.190100" lon="9.536500">
      <ele>0</ele>
      <time>2026-04-13T11:19:17.865Z</time>
    </trkpt>
    <trkpt lat="40.190050" lon="9.536464">
      <ele>0</ele>
      <time>2026-04-13T11:19:19.429Z</time>
    </trkpt>
    <trkpt lat="40.189992" lon="9.536396">
      <ele>0</ele>
      <time>2026-04-13T11:19:20.994Z</time>
    </trkpt>
    <trkpt lat="40.189819" lon="9.536026">
      <ele>0</ele>
      <time>2026-04-13T11:19:22.559Z</time>
    </trkpt>
    <trkpt lat="40.189784" lon="9.535943">
      <ele>0</ele>
      <time>2026-04-13T11:19:24.123Z</time>
    </trkpt>
    <trkpt lat="40.189727" lon="9.535886">
      <ele>0</ele>
      <time>2026-04-13T11:19:25.688Z</time>
    </trkpt>
    <trkpt lat="40.189679" lon="9.535847">
      <ele>0</ele>
      <time>2026-04-13T11:19:27.252Z</time>
    </trkpt>
    <trkpt lat="40.189343" lon="9.535687">
      <ele>0</ele>
      <time>2026-04-13T11:19:28.817Z</time>
    </trkpt>
    <trkpt lat="40.189287" lon="9.535660">
      <ele>0</ele>
      <time>2026-04-13T11:19:30.381Z</time>
    </trkpt>
    <trkpt lat="40.189258" lon="9.535644">
      <ele>0</ele>
      <time>2026-04-13T11:19:31.946Z</time>
    </trkpt>
    <trkpt lat="40.189200" lon="9.535613">
      <ele>0</ele>
      <time>2026-04-13T11:19:33.511Z</time>
    </trkpt>
    <trkpt lat="40.189121" lon="9.535585">
      <ele>0</ele>
      <time>2026-04-13T11:19:35.075Z</time>
    </trkpt>
    <trkpt lat="40.189033" lon="9.535546">
      <ele>0</ele>
      <time>2026-04-13T11:19:36.640Z</time>
    </trkpt>
    <trkpt lat="40.188958" lon="9.535543">
      <ele>0</ele>
      <time>2026-04-13T11:19:38.204Z</time>
    </trkpt>
    <trkpt lat="40.188900" lon="9.535561">
      <ele>0</ele>
      <time>2026-04-13T11:19:39.769Z</time>
    </trkpt>
    <trkpt lat="40.188793" lon="9.535598">
      <ele>0</ele>
      <time>2026-04-13T11:19:41.333Z</time>
    </trkpt>
    <trkpt lat="40.188549" lon="9.535740">
      <ele>0</ele>
      <time>2026-04-13T11:19:42.898Z</time>
    </trkpt>
    <trkpt lat="40.188398" lon="9.535885">
      <ele>0</ele>
      <time>2026-04-13T11:19:44.462Z</time>
    </trkpt>
    <trkpt lat="40.188287" lon="9.535987">
      <ele>0</ele>
      <time>2026-04-13T11:19:46.027Z</time>
    </trkpt>
    <trkpt lat="40.188178" lon="9.536055">
      <ele>0</ele>
      <time>2026-04-13T11:19:47.592Z</time>
    </trkpt>
    <trkpt lat="40.188105" lon="9.536058">
      <ele>0</ele>
      <time>2026-04-13T11:19:49.156Z</time>
    </trkpt>
    <trkpt lat="40.188038" lon="9.536047">
      <ele>0</ele>
      <time>2026-04-13T11:19:50.721Z</time>
    </trkpt>
    <trkpt lat="40.187954" lon="9.536014">
      <ele>0</ele>
      <time>2026-04-13T11:19:52.285Z</time>
    </trkpt>
    <trkpt lat="40.187861" lon="9.535977">
      <ele>0</ele>
      <time>2026-04-13T11:19:53.850Z</time>
    </trkpt>
    <trkpt lat="40.187798" lon="9.535924">
      <ele>0</ele>
      <time>2026-04-13T11:19:55.414Z</time>
    </trkpt>
    <trkpt lat="40.187604" lon="9.535785">
      <ele>0</ele>
      <time>2026-04-13T11:19:56.979Z</time>
    </trkpt>
    <trkpt lat="40.187536" lon="9.535702">
      <ele>0</ele>
      <time>2026-04-13T11:19:58.544Z</time>
    </trkpt>
    <trkpt lat="40.187386" lon="9.535530">
      <ele>0</ele>
      <time>2026-04-13T11:20:00.108Z</time>
    </trkpt>
    <trkpt lat="40.187309" lon="9.535481">
      <ele>0</ele>
      <time>2026-04-13T11:20:01.673Z</time>
    </trkpt>
    <trkpt lat="40.187224" lon="9.535474">
      <ele>0</ele>
      <time>2026-04-13T11:20:03.237Z</time>
    </trkpt>
    <trkpt lat="40.187164" lon="9.535497">
      <ele>0</ele>
      <time>2026-04-13T11:20:04.802Z</time>
    </trkpt>
    <trkpt lat="40.187086" lon="9.535543">
      <ele>0</ele>
      <time>2026-04-13T11:20:06.366Z</time>
    </trkpt>
    <trkpt lat="40.186768" lon="9.535799">
      <ele>0</ele>
      <time>2026-04-13T11:20:07.931Z</time>
    </trkpt>
    <trkpt lat="40.186559" lon="9.535991">
      <ele>0</ele>
      <time>2026-04-13T11:20:09.495Z</time>
    </trkpt>
    <trkpt lat="40.186428" lon="9.536135">
      <ele>0</ele>
      <time>2026-04-13T11:20:11.060Z</time>
    </trkpt>
    <trkpt lat="40.186342" lon="9.536215">
      <ele>0</ele>
      <time>2026-04-13T11:20:12.625Z</time>
    </trkpt>
    <trkpt lat="40.186226" lon="9.536265">
      <ele>0</ele>
      <time>2026-04-13T11:20:14.189Z</time>
    </trkpt>
    <trkpt lat="40.186147" lon="9.536260">
      <ele>0</ele>
      <time>2026-04-13T11:20:15.754Z</time>
    </trkpt>
    <trkpt lat="40.186111" lon="9.536237">
      <ele>0</ele>
      <time>2026-04-13T11:20:17.318Z</time>
    </trkpt>
    <trkpt lat="40.186064" lon="9.536209">
      <ele>0</ele>
      <time>2026-04-13T11:20:18.883Z</time>
    </trkpt>
    <trkpt lat="40.186025" lon="9.536166">
      <ele>0</ele>
      <time>2026-04-13T11:20:20.447Z</time>
    </trkpt>
    <trkpt lat="40.185970" lon="9.536082">
      <ele>0</ele>
      <time>2026-04-13T11:20:22.012Z</time>
    </trkpt>
    <trkpt lat="40.185898" lon="9.535985">
      <ele>0</ele>
      <time>2026-04-13T11:20:23.576Z</time>
    </trkpt>
    <trkpt lat="40.185842" lon="9.535923">
      <ele>0</ele>
      <time>2026-04-13T11:20:25.141Z</time>
    </trkpt>
    <trkpt lat="40.185797" lon="9.535885">
      <ele>0</ele>
      <time>2026-04-13T11:20:26.706Z</time>
    </trkpt>
    <trkpt lat="40.185742" lon="9.535835">
      <ele>0</ele>
      <time>2026-04-13T11:20:28.270Z</time>
    </trkpt>
    <trkpt lat="40.185694" lon="9.535788">
      <ele>0</ele>
      <time>2026-04-13T11:20:29.835Z</time>
    </trkpt>
    <trkpt lat="40.185653" lon="9.535706">
      <ele>0</ele>
      <time>2026-04-13T11:20:31.399Z</time>
    </trkpt>
    <trkpt lat="40.185647" lon="9.535205">
      <ele>0</ele>
      <time>2026-04-13T11:20:32.964Z</time>
    </trkpt>
    <trkpt lat="40.185645" lon="9.535051">
      <ele>0</ele>
      <time>2026-04-13T11:20:34.528Z</time>
    </trkpt>
    <trkpt lat="40.185605" lon="9.534886">
      <ele>0</ele>
      <time>2026-04-13T11:20:36.093Z</time>
    </trkpt>
    <trkpt lat="40.185470" lon="9.534471">
      <ele>0</ele>
      <time>2026-04-13T11:20:37.658Z</time>
    </trkpt>
    <trkpt lat="40.185428" lon="9.534366">
      <ele>0</ele>
      <time>2026-04-13T11:20:39.222Z</time>
    </trkpt>
    <trkpt lat="40.185349" lon="9.534291">
      <ele>0</ele>
      <time>2026-04-13T11:20:40.787Z</time>
    </trkpt>
    <trkpt lat="40.185284" lon="9.534258">
      <ele>0</ele>
      <time>2026-04-13T11:20:42.351Z</time>
    </trkpt>
    <trkpt lat="40.185189" lon="9.534255">
      <ele>0</ele>
      <time>2026-04-13T11:20:43.916Z</time>
    </trkpt>
    <trkpt lat="40.184935" lon="9.534293">
      <ele>0</ele>
      <time>2026-04-13T11:20:45.480Z</time>
    </trkpt>
    <trkpt lat="40.184684" lon="9.534324">
      <ele>0</ele>
      <time>2026-04-13T11:20:47.045Z</time>
    </trkpt>
    <trkpt lat="40.184622" lon="9.534311">
      <ele>0</ele>
      <time>2026-04-13T11:20:48.609Z</time>
    </trkpt>
    <trkpt lat="40.184570" lon="9.534278">
      <ele>0</ele>
      <time>2026-04-13T11:20:50.174Z</time>
    </trkpt>
    <trkpt lat="40.184541" lon="9.534240">
      <ele>0</ele>
      <time>2026-04-13T11:20:51.739Z</time>
    </trkpt>
    <trkpt lat="40.184500" lon="9.534150">
      <ele>0</ele>
      <time>2026-04-13T11:20:53.303Z</time>
    </trkpt>
    <trkpt lat="40.184418" lon="9.533847">
      <ele>0</ele>
      <time>2026-04-13T11:20:54.868Z</time>
    </trkpt>
    <trkpt lat="40.184382" lon="9.533756">
      <ele>0</ele>
      <time>2026-04-13T11:20:56.432Z</time>
    </trkpt>
    <trkpt lat="40.184327" lon="9.533663">
      <ele>0</ele>
      <time>2026-04-13T11:20:57.997Z</time>
    </trkpt>
    <trkpt lat="40.184260" lon="9.533590">
      <ele>0</ele>
      <time>2026-04-13T11:20:59.561Z</time>
    </trkpt>
    <trkpt lat="40.184203" lon="9.533532">
      <ele>0</ele>
      <time>2026-04-13T11:21:01.126Z</time>
    </trkpt>
    <trkpt lat="40.184121" lon="9.533475">
      <ele>0</ele>
      <time>2026-04-13T11:21:02.690Z</time>
    </trkpt>
    <trkpt lat="40.183784" lon="9.533336">
      <ele>0</ele>
      <time>2026-04-13T11:21:04.255Z</time>
    </trkpt>
    <trkpt lat="40.183589" lon="9.533260">
      <ele>0</ele>
      <time>2026-04-13T11:21:05.820Z</time>
    </trkpt>
    <trkpt lat="40.183516" lon="9.533247">
      <ele>0</ele>
      <time>2026-04-13T11:21:07.384Z</time>
    </trkpt>
    <trkpt lat="40.183343" lon="9.533224">
      <ele>0</ele>
      <time>2026-04-13T11:21:08.949Z</time>
    </trkpt>
    <trkpt lat="40.182697" lon="9.533140">
      <ele>0</ele>
      <time>2026-04-13T11:21:10.513Z</time>
    </trkpt>
    <trkpt lat="40.182627" lon="9.533123">
      <ele>0</ele>
      <time>2026-04-13T11:21:12.078Z</time>
    </trkpt>
    <trkpt lat="40.182565" lon="9.533107">
      <ele>0</ele>
      <time>2026-04-13T11:21:13.642Z</time>
    </trkpt>
    <trkpt lat="40.182252" lon="9.532948">
      <ele>0</ele>
      <time>2026-04-13T11:21:15.207Z</time>
    </trkpt>
    <trkpt lat="40.181892" lon="9.532782">
      <ele>0</ele>
      <time>2026-04-13T11:21:16.772Z</time>
    </trkpt>
    <trkpt lat="40.181813" lon="9.532765">
      <ele>0</ele>
      <time>2026-04-13T11:21:18.336Z</time>
    </trkpt>
    <trkpt lat="40.181757" lon="9.532759">
      <ele>0</ele>
      <time>2026-04-13T11:21:19.901Z</time>
    </trkpt>
    <trkpt lat="40.181704" lon="9.532759">
      <ele>0</ele>
      <time>2026-04-13T11:21:21.465Z</time>
    </trkpt>
    <trkpt lat="40.181651" lon="9.532768">
      <ele>0</ele>
      <time>2026-04-13T11:21:23.030Z</time>
    </trkpt>
    <trkpt lat="40.181557" lon="9.532808">
      <ele>0</ele>
      <time>2026-04-13T11:21:24.594Z</time>
    </trkpt>
    <trkpt lat="40.181412" lon="9.532880">
      <ele>0</ele>
      <time>2026-04-13T11:21:26.159Z</time>
    </trkpt>
    <trkpt lat="40.181352" lon="9.532911">
      <ele>0</ele>
      <time>2026-04-13T11:21:27.723Z</time>
    </trkpt>
    <trkpt lat="40.181298" lon="9.532930">
      <ele>0</ele>
      <time>2026-04-13T11:21:29.288Z</time>
    </trkpt>
    <trkpt lat="40.181188" lon="9.532934">
      <ele>0</ele>
      <time>2026-04-13T11:21:30.853Z</time>
    </trkpt>
    <trkpt lat="40.181107" lon="9.532920">
      <ele>0</ele>
      <time>2026-04-13T11:21:32.417Z</time>
    </trkpt>
    <trkpt lat="40.180595" lon="9.532770">
      <ele>0</ele>
      <time>2026-04-13T11:21:33.982Z</time>
    </trkpt>
    <trkpt lat="40.180475" lon="9.532743">
      <ele>0</ele>
      <time>2026-04-13T11:21:35.546Z</time>
    </trkpt>
    <trkpt lat="40.180379" lon="9.532730">
      <ele>0</ele>
      <time>2026-04-13T11:21:37.111Z</time>
    </trkpt>
    <trkpt lat="40.180311" lon="9.532727">
      <ele>0</ele>
      <time>2026-04-13T11:21:38.675Z</time>
    </trkpt>
    <trkpt lat="40.180236" lon="9.532727">
      <ele>0</ele>
      <time>2026-04-13T11:21:40.240Z</time>
    </trkpt>
    <trkpt lat="40.180111" lon="9.532737">
      <ele>0</ele>
      <time>2026-04-13T11:21:41.804Z</time>
    </trkpt>
    <trkpt lat="40.179807" lon="9.532795">
      <ele>0</ele>
      <time>2026-04-13T11:21:43.369Z</time>
    </trkpt>
    <trkpt lat="40.179739" lon="9.532797">
      <ele>0</ele>
      <time>2026-04-13T11:21:44.934Z</time>
    </trkpt>
    <trkpt lat="40.179666" lon="9.532797">
      <ele>0</ele>
      <time>2026-04-13T11:21:46.498Z</time>
    </trkpt>
    <trkpt lat="40.179558" lon="9.532782">
      <ele>0</ele>
      <time>2026-04-13T11:21:48.063Z</time>
    </trkpt>
    <trkpt lat="40.179246" lon="9.532719">
      <ele>0</ele>
      <time>2026-04-13T11:21:49.627Z</time>
    </trkpt>
    <trkpt lat="40.179172" lon="9.532666">
      <ele>0</ele>
      <time>2026-04-13T11:21:51.192Z</time>
    </trkpt>
    <trkpt lat="40.179091" lon="9.532602">
      <ele>0</ele>
      <time>2026-04-13T11:21:52.756Z</time>
    </trkpt>
    <trkpt lat="40.179045" lon="9.532527">
      <ele>0</ele>
      <time>2026-04-13T11:21:54.321Z</time>
    </trkpt>
    <trkpt lat="40.179004" lon="9.532443">
      <ele>0</ele>
      <time>2026-04-13T11:21:55.886Z</time>
    </trkpt>
    <trkpt lat="40.178979" lon="9.532324">
      <ele>0</ele>
      <time>2026-04-13T11:21:57.450Z</time>
    </trkpt>
    <trkpt lat="40.179028" lon="9.531985">
      <ele>0</ele>
      <time>2026-04-13T11:21:59.015Z</time>
    </trkpt>
    <trkpt lat="40.179036" lon="9.531900">
      <ele>0</ele>
      <time>2026-04-13T11:22:00.579Z</time>
    </trkpt>
    <trkpt lat="40.179032" lon="9.531767">
      <ele>0</ele>
      <time>2026-04-13T11:22:02.144Z</time>
    </trkpt>
    <trkpt lat="40.179021" lon="9.531663">
      <ele>0</ele>
      <time>2026-04-13T11:22:03.708Z</time>
    </trkpt>
    <trkpt lat="40.178994" lon="9.531511">
      <ele>0</ele>
      <time>2026-04-13T11:22:05.273Z</time>
    </trkpt>
    <trkpt lat="40.178988" lon="9.531410">
      <ele>0</ele>
      <time>2026-04-13T11:22:06.837Z</time>
    </trkpt>
    <trkpt lat="40.179000" lon="9.531264">
      <ele>0</ele>
      <time>2026-04-13T11:22:08.402Z</time>
    </trkpt>
    <trkpt lat="40.179074" lon="9.530899">
      <ele>0</ele>
      <time>2026-04-13T11:22:09.967Z</time>
    </trkpt>
    <trkpt lat="40.179137" lon="9.530709">
      <ele>0</ele>
      <time>2026-04-13T11:22:11.531Z</time>
    </trkpt>
    <trkpt lat="40.179256" lon="9.530361">
      <ele>0</ele>
      <time>2026-04-13T11:22:13.096Z</time>
    </trkpt>
    <trkpt lat="40.179271" lon="9.530285">
      <ele>0</ele>
      <time>2026-04-13T11:22:14.660Z</time>
    </trkpt>
    <trkpt lat="40.179279" lon="9.530192">
      <ele>0</ele>
      <time>2026-04-13T11:22:16.225Z</time>
    </trkpt>
    <trkpt lat="40.179269" lon="9.530109">
      <ele>0</ele>
      <time>2026-04-13T11:22:17.789Z</time>
    </trkpt>
    <trkpt lat="40.179244" lon="9.530030">
      <ele>0</ele>
      <time>2026-04-13T11:22:19.354Z</time>
    </trkpt>
    <trkpt lat="40.179100" lon="9.529710">
      <ele>0</ele>
      <time>2026-04-13T11:22:20.919Z</time>
    </trkpt>
    <trkpt lat="40.179042" lon="9.529606">
      <ele>0</ele>
      <time>2026-04-13T11:22:22.483Z</time>
    </trkpt>
    <trkpt lat="40.178973" lon="9.529430">
      <ele>0</ele>
      <time>2026-04-13T11:22:24.048Z</time>
    </trkpt>
    <trkpt lat="40.178922" lon="9.529297">
      <ele>0</ele>
      <time>2026-04-13T11:22:25.612Z</time>
    </trkpt>
    <trkpt lat="40.178890" lon="9.529227">
      <ele>0</ele>
      <time>2026-04-13T11:22:27.177Z</time>
    </trkpt>
    <trkpt lat="40.178854" lon="9.529168">
      <ele>0</ele>
      <time>2026-04-13T11:22:28.741Z</time>
    </trkpt>
    <trkpt lat="40.178812" lon="9.529128">
      <ele>0</ele>
      <time>2026-04-13T11:22:30.306Z</time>
    </trkpt>
    <trkpt lat="40.178769" lon="9.529100">
      <ele>0</ele>
      <time>2026-04-13T11:22:31.870Z</time>
    </trkpt>
    <trkpt lat="40.178705" lon="9.529077">
      <ele>0</ele>
      <time>2026-04-13T11:22:33.435Z</time>
    </trkpt>
    <trkpt lat="40.178481" lon="9.529030">
      <ele>0</ele>
      <time>2026-04-13T11:22:35.000Z</time>
    </trkpt>
    <trkpt lat="40.178418" lon="9.529014">
      <ele>0</ele>
      <time>2026-04-13T11:22:36.564Z</time>
    </trkpt>
    <trkpt lat="40.178364" lon="9.528978">
      <ele>0</ele>
      <time>2026-04-13T11:22:38.129Z</time>
    </trkpt>
    <trkpt lat="40.178310" lon="9.528938">
      <ele>0</ele>
      <time>2026-04-13T11:22:39.693Z</time>
    </trkpt>
    <trkpt lat="40.177975" lon="9.528640">
      <ele>0</ele>
      <time>2026-04-13T11:22:41.258Z</time>
    </trkpt>
    <trkpt lat="40.177862" lon="9.528525">
      <ele>0</ele>
      <time>2026-04-13T11:22:42.822Z</time>
    </trkpt>
    <trkpt lat="40.177783" lon="9.528434">
      <ele>0</ele>
      <time>2026-04-13T11:22:44.387Z</time>
    </trkpt>
    <trkpt lat="40.177338" lon="9.527726">
      <ele>0</ele>
      <time>2026-04-13T11:22:45.951Z</time>
    </trkpt>
    <trkpt lat="40.177272" lon="9.527609">
      <ele>0</ele>
      <time>2026-04-13T11:22:47.516Z</time>
    </trkpt>
    <trkpt lat="40.177217" lon="9.527536">
      <ele>0</ele>
      <time>2026-04-13T11:22:49.081Z</time>
    </trkpt>
    <trkpt lat="40.177154" lon="9.527470">
      <ele>0</ele>
      <time>2026-04-13T11:22:50.645Z</time>
    </trkpt>
    <trkpt lat="40.177073" lon="9.527418">
      <ele>0</ele>
      <time>2026-04-13T11:22:52.210Z</time>
    </trkpt>
    <trkpt lat="40.176623" lon="9.527137">
      <ele>0</ele>
      <time>2026-04-13T11:22:53.774Z</time>
    </trkpt>
    <trkpt lat="40.176478" lon="9.527065">
      <ele>0</ele>
      <time>2026-04-13T11:22:55.339Z</time>
    </trkpt>
    <trkpt lat="40.176326" lon="9.527026">
      <ele>0</ele>
      <time>2026-04-13T11:22:56.903Z</time>
    </trkpt>
    <trkpt lat="40.176226" lon="9.527019">
      <ele>0</ele>
      <time>2026-04-13T11:22:58.468Z</time>
    </trkpt>
    <trkpt lat="40.176136" lon="9.527017">
      <ele>0</ele>
      <time>2026-04-13T11:23:00.033Z</time>
    </trkpt>
    <trkpt lat="40.176049" lon="9.527047">
      <ele>0</ele>
      <time>2026-04-13T11:23:01.597Z</time>
    </trkpt>
    <trkpt lat="40.175786" lon="9.527224">
      <ele>0</ele>
      <time>2026-04-13T11:23:03.162Z</time>
    </trkpt>
    <trkpt lat="40.175698" lon="9.527268">
      <ele>0</ele>
      <time>2026-04-13T11:23:04.726Z</time>
    </trkpt>
    <trkpt lat="40.175634" lon="9.527276">
      <ele>0</ele>
      <time>2026-04-13T11:23:06.291Z</time>
    </trkpt>
    <trkpt lat="40.175530" lon="9.527251">
      <ele>0</ele>
      <time>2026-04-13T11:23:07.855Z</time>
    </trkpt>
    <trkpt lat="40.175447" lon="9.527208">
      <ele>0</ele>
      <time>2026-04-13T11:23:09.420Z</time>
    </trkpt>
    <trkpt lat="40.175365" lon="9.527191">
      <ele>0</ele>
      <time>2026-04-13T11:23:10.984Z</time>
    </trkpt>
    <trkpt lat="40.175266" lon="9.527179">
      <ele>0</ele>
      <time>2026-04-13T11:23:12.549Z</time>
    </trkpt>
    <trkpt lat="40.175161" lon="9.527194">
      <ele>0</ele>
      <time>2026-04-13T11:23:14.114Z</time>
    </trkpt>
    <trkpt lat="40.175071" lon="9.527203">
      <ele>0</ele>
      <time>2026-04-13T11:23:15.678Z</time>
    </trkpt>
    <trkpt lat="40.174946" lon="9.527184">
      <ele>0</ele>
      <time>2026-04-13T11:23:17.243Z</time>
    </trkpt>
    <trkpt lat="40.174334" lon="9.527043">
      <ele>0</ele>
      <time>2026-04-13T11:23:18.807Z</time>
    </trkpt>
    <trkpt lat="40.173461" lon="9.526820">
      <ele>0</ele>
      <time>2026-04-13T11:23:20.372Z</time>
    </trkpt>
    <trkpt lat="40.173358" lon="9.526807">
      <ele>0</ele>
      <time>2026-04-13T11:23:21.936Z</time>
    </trkpt>
    <trkpt lat="40.173272" lon="9.526805">
      <ele>0</ele>
      <time>2026-04-13T11:23:23.501Z</time>
    </trkpt>
    <trkpt lat="40.173168" lon="9.526828">
      <ele>0</ele>
      <time>2026-04-13T11:23:25.065Z</time>
    </trkpt>
    <trkpt lat="40.173016" lon="9.526867">
      <ele>0</ele>
      <time>2026-04-13T11:23:26.630Z</time>
    </trkpt>
    <trkpt lat="40.172552" lon="9.526979">
      <ele>0</ele>
      <time>2026-04-13T11:23:28.195Z</time>
    </trkpt>
    <trkpt lat="40.171799" lon="9.527159">
      <ele>0</ele>
      <time>2026-04-13T11:23:29.759Z</time>
    </trkpt>
    <trkpt lat="40.171592" lon="9.527156">
      <ele>0</ele>
      <time>2026-04-13T11:23:31.324Z</time>
    </trkpt>
    <trkpt lat="40.171451" lon="9.527131">
      <ele>0</ele>
      <time>2026-04-13T11:23:32.888Z</time>
    </trkpt>
    <trkpt lat="40.170809" lon="9.526894">
      <ele>0</ele>
      <time>2026-04-13T11:23:34.453Z</time>
    </trkpt>
    <trkpt lat="40.170618" lon="9.526774">
      <ele>0</ele>
      <time>2026-04-13T11:23:36.017Z</time>
    </trkpt>
    <trkpt lat="40.170522" lon="9.526647">
      <ele>0</ele>
      <time>2026-04-13T11:23:37.582Z</time>
    </trkpt>
    <trkpt lat="40.170453" lon="9.526522">
      <ele>0</ele>
      <time>2026-04-13T11:23:39.147Z</time>
    </trkpt>
    <trkpt lat="40.170367" lon="9.526309">
      <ele>0</ele>
      <time>2026-04-13T11:23:40.711Z</time>
    </trkpt>
    <trkpt lat="40.170214" lon="9.525915">
      <ele>0</ele>
      <time>2026-04-13T11:23:42.276Z</time>
    </trkpt>
    <trkpt lat="40.170192" lon="9.525879">
      <ele>0</ele>
      <time>2026-04-13T11:23:43.840Z</time>
    </trkpt>
    <trkpt lat="40.170167" lon="9.525844">
      <ele>0</ele>
      <time>2026-04-13T11:23:45.405Z</time>
    </trkpt>
    <trkpt lat="40.170119" lon="9.525794">
      <ele>0</ele>
      <time>2026-04-13T11:23:46.969Z</time>
    </trkpt>
    <trkpt lat="40.170065" lon="9.525771">
      <ele>0</ele>
      <time>2026-04-13T11:23:48.534Z</time>
    </trkpt>
    <trkpt lat="40.169998" lon="9.525752">
      <ele>0</ele>
      <time>2026-04-13T11:23:50.098Z</time>
    </trkpt>
    <trkpt lat="40.169929" lon="9.525758">
      <ele>0</ele>
      <time>2026-04-13T11:23:51.663Z</time>
    </trkpt>
    <trkpt lat="40.169872" lon="9.525789">
      <ele>0</ele>
      <time>2026-04-13T11:23:53.228Z</time>
    </trkpt>
    <trkpt lat="40.169832" lon="9.525837">
      <ele>0</ele>
      <time>2026-04-13T11:23:54.792Z</time>
    </trkpt>
    <trkpt lat="40.169805" lon="9.525872">
      <ele>0</ele>
      <time>2026-04-13T11:23:56.357Z</time>
    </trkpt>
    <trkpt lat="40.169781" lon="9.525912">
      <ele>0</ele>
      <time>2026-04-13T11:23:57.921Z</time>
    </trkpt>
    <trkpt lat="40.169753" lon="9.525985">
      <ele>0</ele>
      <time>2026-04-13T11:23:59.486Z</time>
    </trkpt>
    <trkpt lat="40.169647" lon="9.526322">
      <ele>0</ele>
      <time>2026-04-13T11:24:01.050Z</time>
    </trkpt>
    <trkpt lat="40.169574" lon="9.526509">
      <ele>0</ele>
      <time>2026-04-13T11:24:02.615Z</time>
    </trkpt>
    <trkpt lat="40.169472" lon="9.526676">
      <ele>0</ele>
      <time>2026-04-13T11:24:04.179Z</time>
    </trkpt>
    <trkpt lat="40.169251" lon="9.526893">
      <ele>0</ele>
      <time>2026-04-13T11:24:05.744Z</time>
    </trkpt>
    <trkpt lat="40.168139" lon="9.527848">
      <ele>0</ele>
      <time>2026-04-13T11:24:07.309Z</time>
    </trkpt>
    <trkpt lat="40.167994" lon="9.527954">
      <ele>0</ele>
      <time>2026-04-13T11:24:08.873Z</time>
    </trkpt>
    <trkpt lat="40.167003" lon="9.528382">
      <ele>0</ele>
      <time>2026-04-13T11:24:10.438Z</time>
    </trkpt>
    <trkpt lat="40.166864" lon="9.528413">
      <ele>0</ele>
      <time>2026-04-13T11:24:12.002Z</time>
    </trkpt>
    <trkpt lat="40.166658" lon="9.528429">
      <ele>0</ele>
      <time>2026-04-13T11:24:13.567Z</time>
    </trkpt>
    <trkpt lat="40.166265" lon="9.528431">
      <ele>0</ele>
      <time>2026-04-13T11:24:15.131Z</time>
    </trkpt>
    <trkpt lat="40.166132" lon="9.528431">
      <ele>0</ele>
      <time>2026-04-13T11:24:16.696Z</time>
    </trkpt>
    <trkpt lat="40.166034" lon="9.528461">
      <ele>0</ele>
      <time>2026-04-13T11:24:18.261Z</time>
    </trkpt>
    <trkpt lat="40.165937" lon="9.528517">
      <ele>0</ele>
      <time>2026-04-13T11:24:19.825Z</time>
    </trkpt>
    <trkpt lat="40.165455" lon="9.528852">
      <ele>0</ele>
      <time>2026-04-13T11:24:21.390Z</time>
    </trkpt>
    <trkpt lat="40.165270" lon="9.528900">
      <ele>0</ele>
      <time>2026-04-13T11:24:22.954Z</time>
    </trkpt>
    <trkpt lat="40.165038" lon="9.528915">
      <ele>0</ele>
      <time>2026-04-13T11:24:24.519Z</time>
    </trkpt>
    <trkpt lat="40.164382" lon="9.528918">
      <ele>0</ele>
      <time>2026-04-13T11:24:26.083Z</time>
    </trkpt>
    <trkpt lat="40.164199" lon="9.528912">
      <ele>0</ele>
      <time>2026-04-13T11:24:27.648Z</time>
    </trkpt>
    <trkpt lat="40.164027" lon="9.528881">
      <ele>0</ele>
      <time>2026-04-13T11:24:29.212Z</time>
    </trkpt>
    <trkpt lat="40.163846" lon="9.528798">
      <ele>0</ele>
      <time>2026-04-13T11:24:30.777Z</time>
    </trkpt>
    <trkpt lat="40.163723" lon="9.528727">
      <ele>0</ele>
      <time>2026-04-13T11:24:32.342Z</time>
    </trkpt>
    <trkpt lat="40.163594" lon="9.528626">
      <ele>0</ele>
      <time>2026-04-13T11:24:33.906Z</time>
    </trkpt>
    <trkpt lat="40.163527" lon="9.528510">
      <ele>0</ele>
      <time>2026-04-13T11:24:35.471Z</time>
    </trkpt>
    <trkpt lat="40.163482" lon="9.528397">
      <ele>0</ele>
      <time>2026-04-13T11:24:37.035Z</time>
    </trkpt>
    <trkpt lat="40.163445" lon="9.528252">
      <ele>0</ele>
      <time>2026-04-13T11:24:38.600Z</time>
    </trkpt>
    <trkpt lat="40.163381" lon="9.527886">
      <ele>0</ele>
      <time>2026-04-13T11:24:40.164Z</time>
    </trkpt>
    <trkpt lat="40.163282" lon="9.527690">
      <ele>0</ele>
      <time>2026-04-13T11:24:41.729Z</time>
    </trkpt>
    <trkpt lat="40.163118" lon="9.527508">
      <ele>0</ele>
      <time>2026-04-13T11:24:43.294Z</time>
    </trkpt>
    <trkpt lat="40.162749" lon="9.527123">
      <ele>0</ele>
      <time>2026-04-13T11:24:44.858Z</time>
    </trkpt>
    <trkpt lat="40.162657" lon="9.526983">
      <ele>0</ele>
      <time>2026-04-13T11:24:46.423Z</time>
    </trkpt>
    <trkpt lat="40.162606" lon="9.526811">
      <ele>0</ele>
      <time>2026-04-13T11:24:47.987Z</time>
    </trkpt>
    <trkpt lat="40.162599" lon="9.526614">
      <ele>0</ele>
      <time>2026-04-13T11:24:49.552Z</time>
    </trkpt>
    <trkpt lat="40.162619" lon="9.526493">
      <ele>0</ele>
      <time>2026-04-13T11:24:51.116Z</time>
    </trkpt>
    <trkpt lat="40.162639" lon="9.526414">
      <ele>0</ele>
      <time>2026-04-13T11:24:52.681Z</time>
    </trkpt>
    <trkpt lat="40.163010" lon="9.525503">
      <ele>0</ele>
      <time>2026-04-13T11:24:54.245Z</time>
    </trkpt>
    <trkpt lat="40.163039" lon="9.525372">
      <ele>0</ele>
      <time>2026-04-13T11:24:55.810Z</time>
    </trkpt>
    <trkpt lat="40.163038" lon="9.525248">
      <ele>0</ele>
      <time>2026-04-13T11:24:57.375Z</time>
    </trkpt>
    <trkpt lat="40.162983" lon="9.525130">
      <ele>0</ele>
      <time>2026-04-13T11:24:58.939Z</time>
    </trkpt>
    <trkpt lat="40.162900" lon="9.525045">
      <ele>0</ele>
      <time>2026-04-13T11:25:00.504Z</time>
    </trkpt>
    <trkpt lat="40.162795" lon="9.524996">
      <ele>0</ele>
      <time>2026-04-13T11:25:02.068Z</time>
    </trkpt>
    <trkpt lat="40.162571" lon="9.524933">
      <ele>0</ele>
      <time>2026-04-13T11:25:03.633Z</time>
    </trkpt>
    <trkpt lat="40.162495" lon="9.524872">
      <ele>0</ele>
      <time>2026-04-13T11:25:05.197Z</time>
    </trkpt>
    <trkpt lat="40.162327" lon="9.524692">
      <ele>0</ele>
      <time>2026-04-13T11:25:06.762Z</time>
    </trkpt>
    <trkpt lat="40.162169" lon="9.524493">
      <ele>0</ele>
      <time>2026-04-13T11:25:08.326Z</time>
    </trkpt>
    <trkpt lat="40.162094" lon="9.524377">
      <ele>0</ele>
      <time>2026-04-13T11:25:09.891Z</time>
    </trkpt>
    <trkpt lat="40.162048" lon="9.524248">
      <ele>0</ele>
      <time>2026-04-13T11:25:11.456Z</time>
    </trkpt>
    <trkpt lat="40.162008" lon="9.523981">
      <ele>0</ele>
      <time>2026-04-13T11:25:13.020Z</time>
    </trkpt>
    <trkpt lat="40.161984" lon="9.523842">
      <ele>0</ele>
      <time>2026-04-13T11:25:14.585Z</time>
    </trkpt>
    <trkpt lat="40.161827" lon="9.523489">
      <ele>0</ele>
      <time>2026-04-13T11:25:16.149Z</time>
    </trkpt>
    <trkpt lat="40.161789" lon="9.523353">
      <ele>0</ele>
      <time>2026-04-13T11:25:17.714Z</time>
    </trkpt>
    <trkpt lat="40.161793" lon="9.523200">
      <ele>0</ele>
      <time>2026-04-13T11:25:19.278Z</time>
    </trkpt>
    <trkpt lat="40.161832" lon="9.523011">
      <ele>0</ele>
      <time>2026-04-13T11:25:20.843Z</time>
    </trkpt>
    <trkpt lat="40.162056" lon="9.522443">
      <ele>0</ele>
      <time>2026-04-13T11:25:22.408Z</time>
    </trkpt>
    <trkpt lat="40.162099" lon="9.522305">
      <ele>0</ele>
      <time>2026-04-13T11:25:23.972Z</time>
    </trkpt>
    <trkpt lat="40.162109" lon="9.522182">
      <ele>0</ele>
      <time>2026-04-13T11:25:25.537Z</time>
    </trkpt>
    <trkpt lat="40.162094" lon="9.522064">
      <ele>0</ele>
      <time>2026-04-13T11:25:27.101Z</time>
    </trkpt>
    <trkpt lat="40.162039" lon="9.521854">
      <ele>0</ele>
      <time>2026-04-13T11:25:28.666Z</time>
    </trkpt>
    <trkpt lat="40.162012" lon="9.521683">
      <ele>0</ele>
      <time>2026-04-13T11:25:30.230Z</time>
    </trkpt>
    <trkpt lat="40.162007" lon="9.521493">
      <ele>0</ele>
      <time>2026-04-13T11:25:31.795Z</time>
    </trkpt>
    <trkpt lat="40.162042" lon="9.521328">
      <ele>0</ele>
      <time>2026-04-13T11:25:33.359Z</time>
    </trkpt>
    <trkpt lat="40.162123" lon="9.521122">
      <ele>0</ele>
      <time>2026-04-13T11:25:34.924Z</time>
    </trkpt>
    <trkpt lat="40.162212" lon="9.520937">
      <ele>0</ele>
      <time>2026-04-13T11:25:36.489Z</time>
    </trkpt>
    <trkpt lat="40.162349" lon="9.520619">
      <ele>0</ele>
      <time>2026-04-13T11:25:38.053Z</time>
    </trkpt>
    <trkpt lat="40.162537" lon="9.520035">
      <ele>0</ele>
      <time>2026-04-13T11:25:39.618Z</time>
    </trkpt>
    <trkpt lat="40.162550" lon="9.519894">
      <ele>0</ele>
      <time>2026-04-13T11:25:41.182Z</time>
    </trkpt>
    <trkpt lat="40.162533" lon="9.519755">
      <ele>0</ele>
      <time>2026-04-13T11:25:42.747Z</time>
    </trkpt>
    <trkpt lat="40.162484" lon="9.519640">
      <ele>0</ele>
      <time>2026-04-13T11:25:44.311Z</time>
    </trkpt>
    <trkpt lat="40.162409" lon="9.519530">
      <ele>0</ele>
      <time>2026-04-13T11:25:45.876Z</time>
    </trkpt>
    <trkpt lat="40.162304" lon="9.519445">
      <ele>0</ele>
      <time>2026-04-13T11:25:47.440Z</time>
    </trkpt>
    <trkpt lat="40.162176" lon="9.519390">
      <ele>0</ele>
      <time>2026-04-13T11:25:49.005Z</time>
    </trkpt>
    <trkpt lat="40.162018" lon="9.519373">
      <ele>0</ele>
      <time>2026-04-13T11:25:50.570Z</time>
    </trkpt>
    <trkpt lat="40.160903" lon="9.519423">
      <ele>0</ele>
      <time>2026-04-13T11:25:52.134Z</time>
    </trkpt>
    <trkpt lat="40.159786" lon="9.519474">
      <ele>0</ele>
      <time>2026-04-13T11:25:53.699Z</time>
    </trkpt>
    <trkpt lat="40.159623" lon="9.519456">
      <ele>0</ele>
      <time>2026-04-13T11:25:55.263Z</time>
    </trkpt>
    <trkpt lat="40.159485" lon="9.519404">
      <ele>0</ele>
      <time>2026-04-13T11:25:56.828Z</time>
    </trkpt>
    <trkpt lat="40.159387" lon="9.519342">
      <ele>0</ele>
      <time>2026-04-13T11:25:58.392Z</time>
    </trkpt>
    <trkpt lat="40.158765" lon="9.518803">
      <ele>0</ele>
      <time>2026-04-13T11:25:59.957Z</time>
    </trkpt>
    <trkpt lat="40.158678" lon="9.518688">
      <ele>0</ele>
      <time>2026-04-13T11:26:01.522Z</time>
    </trkpt>
    <trkpt lat="40.158606" lon="9.518554">
      <ele>0</ele>
      <time>2026-04-13T11:26:03.086Z</time>
    </trkpt>
    <trkpt lat="40.158550" lon="9.518367">
      <ele>0</ele>
      <time>2026-04-13T11:26:04.651Z</time>
    </trkpt>
    <trkpt lat="40.158381" lon="9.517733">
      <ele>0</ele>
      <time>2026-04-13T11:26:06.215Z</time>
    </trkpt>
    <trkpt lat="40.158262" lon="9.516981">
      <ele>0</ele>
      <time>2026-04-13T11:26:07.780Z</time>
    </trkpt>
    <trkpt lat="40.158275" lon="9.516769">
      <ele>0</ele>
      <time>2026-04-13T11:26:09.344Z</time>
    </trkpt>
    <trkpt lat="40.158330" lon="9.516552">
      <ele>0</ele>
      <time>2026-04-13T11:26:10.909Z</time>
    </trkpt>
    <trkpt lat="40.158431" lon="9.516249">
      <ele>0</ele>
      <time>2026-04-13T11:26:12.473Z</time>
    </trkpt>
    <trkpt lat="40.158530" lon="9.516086">
      <ele>0</ele>
      <time>2026-04-13T11:26:14.038Z</time>
    </trkpt>
    <trkpt lat="40.158644" lon="9.515964">
      <ele>0</ele>
      <time>2026-04-13T11:26:15.603Z</time>
    </trkpt>
    <trkpt lat="40.158775" lon="9.515849">
      <ele>0</ele>
      <time>2026-04-13T11:26:17.167Z</time>
    </trkpt>
    <trkpt lat="40.159405" lon="9.515525">
      <ele>0</ele>
      <time>2026-04-13T11:26:18.732Z</time>
    </trkpt>
    <trkpt lat="40.159527" lon="9.515447">
      <ele>0</ele>
      <time>2026-04-13T11:26:20.296Z</time>
    </trkpt>
    <trkpt lat="40.159625" lon="9.515358">
      <ele>0</ele>
      <time>2026-04-13T11:26:21.861Z</time>
    </trkpt>
    <trkpt lat="40.160004" lon="9.514883">
      <ele>0</ele>
      <time>2026-04-13T11:26:23.425Z</time>
    </trkpt>
    <trkpt lat="40.160249" lon="9.514622">
      <ele>0</ele>
      <time>2026-04-13T11:26:24.990Z</time>
    </trkpt>
    <trkpt lat="40.160330" lon="9.514548">
      <ele>0</ele>
      <time>2026-04-13T11:26:26.554Z</time>
    </trkpt>
    <trkpt lat="40.160421" lon="9.514481">
      <ele>0</ele>
      <time>2026-04-13T11:26:28.119Z</time>
    </trkpt>
    <trkpt lat="40.160761" lon="9.514276">
      <ele>0</ele>
      <time>2026-04-13T11:26:29.684Z</time>
    </trkpt>
    <trkpt lat="40.160869" lon="9.514183">
      <ele>0</ele>
      <time>2026-04-13T11:26:31.248Z</time>
    </trkpt>
    <trkpt lat="40.160943" lon="9.514105">
      <ele>0</ele>
      <time>2026-04-13T11:26:32.813Z</time>
    </trkpt>
    <trkpt lat="40.161466" lon="9.513345">
      <ele>0</ele>
      <time>2026-04-13T11:26:34.377Z</time>
    </trkpt>
    <trkpt lat="40.162019" lon="9.512535">
      <ele>0</ele>
      <time>2026-04-13T11:26:35.942Z</time>
    </trkpt>
    <trkpt lat="40.162079" lon="9.512388">
      <ele>0</ele>
      <time>2026-04-13T11:26:37.506Z</time>
    </trkpt>
    <trkpt lat="40.162107" lon="9.512295">
      <ele>0</ele>
      <time>2026-04-13T11:26:39.071Z</time>
    </trkpt>
    <trkpt lat="40.162118" lon="9.512168">
      <ele>0</ele>
      <time>2026-04-13T11:26:40.636Z</time>
    </trkpt>
    <trkpt lat="40.162115" lon="9.512058">
      <ele>0</ele>
      <time>2026-04-13T11:26:42.200Z</time>
    </trkpt>
    <trkpt lat="40.162073" lon="9.511849">
      <ele>0</ele>
      <time>2026-04-13T11:26:43.765Z</time>
    </trkpt>
    <trkpt lat="40.161750" lon="9.510389">
      <ele>0</ele>
      <time>2026-04-13T11:26:45.329Z</time>
    </trkpt>
    <trkpt lat="40.161683" lon="9.510127">
      <ele>0</ele>
      <time>2026-04-13T11:26:46.894Z</time>
    </trkpt>
    <trkpt lat="40.161597" lon="9.509908">
      <ele>0</ele>
      <time>2026-04-13T11:26:48.458Z</time>
    </trkpt>
    <trkpt lat="40.161500" lon="9.509710">
      <ele>0</ele>
      <time>2026-04-13T11:26:50.023Z</time>
    </trkpt>
    <trkpt lat="40.161426" lon="9.509610">
      <ele>0</ele>
      <time>2026-04-13T11:26:51.587Z</time>
    </trkpt>
    <trkpt lat="40.161335" lon="9.509531">
      <ele>0</ele>
      <time>2026-04-13T11:26:53.152Z</time>
    </trkpt>
    <trkpt lat="40.161250" lon="9.509496">
      <ele>0</ele>
      <time>2026-04-13T11:26:54.717Z</time>
    </trkpt>
    <trkpt lat="40.160941" lon="9.509458">
      <ele>0</ele>
      <time>2026-04-13T11:26:56.281Z</time>
    </trkpt>
    <trkpt lat="40.160761" lon="9.509414">
      <ele>0</ele>
      <time>2026-04-13T11:26:57.846Z</time>
    </trkpt>
    <trkpt lat="40.160634" lon="9.509355">
      <ele>0</ele>
      <time>2026-04-13T11:26:59.410Z</time>
    </trkpt>
    <trkpt lat="40.160449" lon="9.509206">
      <ele>0</ele>
      <time>2026-04-13T11:27:00.975Z</time>
    </trkpt>
    <trkpt lat="40.160306" lon="9.509059">
      <ele>0</ele>
      <time>2026-04-13T11:27:02.539Z</time>
    </trkpt>
    <trkpt lat="40.160147" lon="9.508871">
      <ele>0</ele>
      <time>2026-04-13T11:27:04.104Z</time>
    </trkpt>
    <trkpt lat="40.160092" lon="9.508825">
      <ele>0</ele>
      <time>2026-04-13T11:27:05.669Z</time>
    </trkpt>
    <trkpt lat="40.160008" lon="9.508769">
      <ele>0</ele>
      <time>2026-04-13T11:27:07.233Z</time>
    </trkpt>
    <trkpt lat="40.159941" lon="9.508737">
      <ele>0</ele>
      <time>2026-04-13T11:27:08.798Z</time>
    </trkpt>
    <trkpt lat="40.159864" lon="9.508714">
      <ele>0</ele>
      <time>2026-04-13T11:27:10.362Z</time>
    </trkpt>
    <trkpt lat="40.159709" lon="9.508666">
      <ele>0</ele>
      <time>2026-04-13T11:27:11.927Z</time>
    </trkpt>
    <trkpt lat="40.159326" lon="9.508556">
      <ele>0</ele>
      <time>2026-04-13T11:27:13.491Z</time>
    </trkpt>
    <trkpt lat="40.159262" lon="9.508529">
      <ele>0</ele>
      <time>2026-04-13T11:27:15.056Z</time>
    </trkpt>
    <trkpt lat="40.159205" lon="9.508506">
      <ele>0</ele>
      <time>2026-04-13T11:27:16.620Z</time>
    </trkpt>
    <trkpt lat="40.159157" lon="9.508471">
      <ele>0</ele>
      <time>2026-04-13T11:27:18.185Z</time>
    </trkpt>
    <trkpt lat="40.159107" lon="9.508436">
      <ele>0</ele>
      <time>2026-04-13T11:27:19.750Z</time>
    </trkpt>
    <trkpt lat="40.158781" lon="9.508107">
      <ele>0</ele>
      <time>2026-04-13T11:27:21.314Z</time>
    </trkpt>
    <trkpt lat="40.158652" lon="9.507977">
      <ele>0</ele>
      <time>2026-04-13T11:27:22.879Z</time>
    </trkpt>
    <trkpt lat="40.158606" lon="9.507930">
      <ele>0</ele>
      <time>2026-04-13T11:27:24.443Z</time>
    </trkpt>
    <trkpt lat="40.158569" lon="9.507890">
      <ele>0</ele>
      <time>2026-04-13T11:27:26.008Z</time>
    </trkpt>
    <trkpt lat="40.158538" lon="9.507860">
      <ele>0</ele>
      <time>2026-04-13T11:27:27.572Z</time>
    </trkpt>
    <trkpt lat="40.158457" lon="9.507774">
      <ele>0</ele>
      <time>2026-04-13T11:27:29.137Z</time>
    </trkpt>
    <trkpt lat="40.158137" lon="9.507456">
      <ele>0</ele>
      <time>2026-04-13T11:27:30.701Z</time>
    </trkpt>
    <trkpt lat="40.157970" lon="9.507331">
      <ele>0</ele>
      <time>2026-04-13T11:27:32.266Z</time>
    </trkpt>
    <trkpt lat="40.157777" lon="9.507229">
      <ele>0</ele>
      <time>2026-04-13T11:27:33.831Z</time>
    </trkpt>
    <trkpt lat="40.157246" lon="9.507026">
      <ele>0</ele>
      <time>2026-04-13T11:27:35.395Z</time>
    </trkpt>
    <trkpt lat="40.157043" lon="9.506953">
      <ele>0</ele>
      <time>2026-04-13T11:27:36.960Z</time>
    </trkpt>
    <trkpt lat="40.156836" lon="9.506924">
      <ele>0</ele>
      <time>2026-04-13T11:27:38.524Z</time>
    </trkpt>
    <trkpt lat="40.156662" lon="9.506910">
      <ele>0</ele>
      <time>2026-04-13T11:27:40.089Z</time>
    </trkpt>
    <trkpt lat="40.156491" lon="9.506946">
      <ele>0</ele>
      <time>2026-04-13T11:27:41.653Z</time>
    </trkpt>
    <trkpt lat="40.156147" lon="9.507102">
      <ele>0</ele>
      <time>2026-04-13T11:27:43.218Z</time>
    </trkpt>
    <trkpt lat="40.155931" lon="9.507162">
      <ele>0</ele>
      <time>2026-04-13T11:27:44.783Z</time>
    </trkpt>
    <trkpt lat="40.155383" lon="9.507183">
      <ele>0</ele>
      <time>2026-04-13T11:27:46.347Z</time>
    </trkpt>
    <trkpt lat="40.155152" lon="9.507219">
      <ele>0</ele>
      <time>2026-04-13T11:27:47.912Z</time>
    </trkpt>
    <trkpt lat="40.155059" lon="9.507237">
      <ele>0</ele>
      <time>2026-04-13T11:27:49.476Z</time>
    </trkpt>
    <trkpt lat="40.153965" lon="9.507649">
      <ele>0</ele>
      <time>2026-04-13T11:27:51.041Z</time>
    </trkpt>
    <trkpt lat="40.153737" lon="9.507729">
      <ele>0</ele>
      <time>2026-04-13T11:27:52.605Z</time>
    </trkpt>
    <trkpt lat="40.153519" lon="9.507760">
      <ele>0</ele>
      <time>2026-04-13T11:27:54.170Z</time>
    </trkpt>
    <trkpt lat="40.153369" lon="9.507758">
      <ele>0</ele>
      <time>2026-04-13T11:27:55.734Z</time>
    </trkpt>
    <trkpt lat="40.153176" lon="9.507732">
      <ele>0</ele>
      <time>2026-04-13T11:27:57.299Z</time>
    </trkpt>
    <trkpt lat="40.152514" lon="9.507477">
      <ele>0</ele>
      <time>2026-04-13T11:27:58.864Z</time>
    </trkpt>
    <trkpt lat="40.152312" lon="9.507436">
      <ele>0</ele>
      <time>2026-04-13T11:28:00.428Z</time>
    </trkpt>
    <trkpt lat="40.151774" lon="9.507406">
      <ele>0</ele>
      <time>2026-04-13T11:28:01.993Z</time>
    </trkpt>
    <trkpt lat="40.151052" lon="9.507427">
      <ele>0</ele>
      <time>2026-04-13T11:28:03.557Z</time>
    </trkpt>
    <trkpt lat="40.150867" lon="9.507394">
      <ele>0</ele>
      <time>2026-04-13T11:28:05.122Z</time>
    </trkpt>
    <trkpt lat="40.150251" lon="9.507135">
      <ele>0</ele>
      <time>2026-04-13T11:28:06.686Z</time>
    </trkpt>
    <trkpt lat="40.149865" lon="9.506939">
      <ele>0</ele>
      <time>2026-04-13T11:28:08.251Z</time>
    </trkpt>
    <trkpt lat="40.149639" lon="9.506846">
      <ele>0</ele>
      <time>2026-04-13T11:28:09.815Z</time>
    </trkpt>
    <trkpt lat="40.149408" lon="9.506798">
      <ele>0</ele>
      <time>2026-04-13T11:28:11.380Z</time>
    </trkpt>
    <trkpt lat="40.148982" lon="9.506744">
      <ele>0</ele>
      <time>2026-04-13T11:28:12.945Z</time>
    </trkpt>
    <trkpt lat="40.148576" lon="9.506666">
      <ele>0</ele>
      <time>2026-04-13T11:28:14.509Z</time>
    </trkpt>
    <trkpt lat="40.148207" lon="9.506582">
      <ele>0</ele>
      <time>2026-04-13T11:28:16.074Z</time>
    </trkpt>
    <trkpt lat="40.147394" lon="9.506319">
      <ele>0</ele>
      <time>2026-04-13T11:28:17.638Z</time>
    </trkpt>
    <trkpt lat="40.147132" lon="9.506221">
      <ele>0</ele>
      <time>2026-04-13T11:28:19.203Z</time>
    </trkpt>
    <trkpt lat="40.146967" lon="9.506173">
      <ele>0</ele>
      <time>2026-04-13T11:28:20.767Z</time>
    </trkpt>
    <trkpt lat="40.146819" lon="9.506137">
      <ele>0</ele>
      <time>2026-04-13T11:28:22.332Z</time>
    </trkpt>
    <trkpt lat="40.146529" lon="9.506147">
      <ele>0</ele>
      <time>2026-04-13T11:28:23.897Z</time>
    </trkpt>
    <trkpt lat="40.145536" lon="9.506167">
      <ele>0</ele>
      <time>2026-04-13T11:28:25.461Z</time>
    </trkpt>
    <trkpt lat="40.145405" lon="9.506155">
      <ele>0</ele>
      <time>2026-04-13T11:28:27.026Z</time>
    </trkpt>
    <trkpt lat="40.145230" lon="9.506123">
      <ele>0</ele>
      <time>2026-04-13T11:28:28.590Z</time>
    </trkpt>
    <trkpt lat="40.145094" lon="9.506067">
      <ele>0</ele>
      <time>2026-04-13T11:28:30.155Z</time>
    </trkpt>
    <trkpt lat="40.144598" lon="9.505758">
      <ele>0</ele>
      <time>2026-04-13T11:28:31.719Z</time>
    </trkpt>
    <trkpt lat="40.144453" lon="9.505684">
      <ele>0</ele>
      <time>2026-04-13T11:28:33.284Z</time>
    </trkpt>
    <trkpt lat="40.144342" lon="9.505642">
      <ele>0</ele>
      <time>2026-04-13T11:28:34.848Z</time>
    </trkpt>
    <trkpt lat="40.144168" lon="9.505603">
      <ele>0</ele>
      <time>2026-04-13T11:28:36.413Z</time>
    </trkpt>
    <trkpt lat="40.143992" lon="9.505618">
      <ele>0</ele>
      <time>2026-04-13T11:28:37.978Z</time>
    </trkpt>
    <trkpt lat="40.143825" lon="9.505655">
      <ele>0</ele>
      <time>2026-04-13T11:28:39.542Z</time>
    </trkpt>
    <trkpt lat="40.143606" lon="9.505703">
      <ele>0</ele>
      <time>2026-04-13T11:28:41.107Z</time>
    </trkpt>
    <trkpt lat="40.143385" lon="9.505723">
      <ele>0</ele>
      <time>2026-04-13T11:28:42.671Z</time>
    </trkpt>
    <trkpt lat="40.143101" lon="9.505670">
      <ele>0</ele>
      <time>2026-04-13T11:28:44.236Z</time>
    </trkpt>
    <trkpt lat="40.142966" lon="9.505643">
      <ele>0</ele>
      <time>2026-04-13T11:28:45.800Z</time>
    </trkpt>
    <trkpt lat="40.142777" lon="9.505642">
      <ele>0</ele>
      <time>2026-04-13T11:28:47.365Z</time>
    </trkpt>
    <trkpt lat="40.142525" lon="9.505676">
      <ele>0</ele>
      <time>2026-04-13T11:28:48.929Z</time>
    </trkpt>
    <trkpt lat="40.141731" lon="9.505869">
      <ele>0</ele>
      <time>2026-04-13T11:28:50.494Z</time>
    </trkpt>
    <trkpt lat="40.141543" lon="9.505898">
      <ele>0</ele>
      <time>2026-04-13T11:28:52.059Z</time>
    </trkpt>
    <trkpt lat="40.141287" lon="9.505907">
      <ele>0</ele>
      <time>2026-04-13T11:28:53.623Z</time>
    </trkpt>
    <trkpt lat="40.141107" lon="9.505883">
      <ele>0</ele>
      <time>2026-04-13T11:28:55.188Z</time>
    </trkpt>
    <trkpt lat="40.140223" lon="9.505744">
      <ele>0</ele>
      <time>2026-04-13T11:28:56.752Z</time>
    </trkpt>
    <trkpt lat="40.138971" lon="9.505709">
      <ele>0</ele>
      <time>2026-04-13T11:28:58.317Z</time>
    </trkpt>
    <trkpt lat="40.138805" lon="9.505707">
      <ele>0</ele>
      <time>2026-04-13T11:28:59.881Z</time>
    </trkpt>
    <trkpt lat="40.138648" lon="9.505731">
      <ele>0</ele>
      <time>2026-04-13T11:29:01.446Z</time>
    </trkpt>
    <trkpt lat="40.138480" lon="9.505784">
      <ele>0</ele>
      <time>2026-04-13T11:29:03.011Z</time>
    </trkpt>
    <trkpt lat="40.137969" lon="9.506032">
      <ele>0</ele>
      <time>2026-04-13T11:29:04.575Z</time>
    </trkpt>
    <trkpt lat="40.136656" lon="9.506488">
      <ele>0</ele>
      <time>2026-04-13T11:29:06.140Z</time>
    </trkpt>
    <trkpt lat="40.136263" lon="9.506602">
      <ele>0</ele>
      <time>2026-04-13T11:29:07.704Z</time>
    </trkpt>
    <trkpt lat="40.135988" lon="9.506685">
      <ele>0</ele>
      <time>2026-04-13T11:29:09.269Z</time>
    </trkpt>
    <trkpt lat="40.135763" lon="9.506716">
      <ele>0</ele>
      <time>2026-04-13T11:29:10.833Z</time>
    </trkpt>
    <trkpt lat="40.135650" lon="9.506730">
      <ele>0</ele>
      <time>2026-04-13T11:29:12.398Z</time>
    </trkpt>
    <trkpt lat="40.135529" lon="9.506732">
      <ele>0</ele>
      <time>2026-04-13T11:29:13.962Z</time>
    </trkpt>
    <trkpt lat="40.135354" lon="9.506778">
      <ele>0</ele>
      <time>2026-04-13T11:29:15.527Z</time>
    </trkpt>
    <trkpt lat="40.135250" lon="9.506829">
      <ele>0</ele>
      <time>2026-04-13T11:29:17.092Z</time>
    </trkpt>
    <trkpt lat="40.135133" lon="9.506891">
      <ele>0</ele>
      <time>2026-04-13T11:29:18.656Z</time>
    </trkpt>
    <trkpt lat="40.134986" lon="9.506914">
      <ele>0</ele>
      <time>2026-04-13T11:29:20.221Z</time>
    </trkpt>
    <trkpt lat="40.134838" lon="9.506921">
      <ele>0</ele>
      <time>2026-04-13T11:29:21.785Z</time>
    </trkpt>
    <trkpt lat="40.134703" lon="9.506919">
      <ele>0</ele>
      <time>2026-04-13T11:29:23.350Z</time>
    </trkpt>
    <trkpt lat="40.134529" lon="9.506899">
      <ele>0</ele>
      <time>2026-04-13T11:29:24.914Z</time>
    </trkpt>
    <trkpt lat="40.134389" lon="9.506856">
      <ele>0</ele>
      <time>2026-04-13T11:29:26.479Z</time>
    </trkpt>
    <trkpt lat="40.134158" lon="9.506765">
      <ele>0</ele>
      <time>2026-04-13T11:29:28.044Z</time>
    </trkpt>
    <trkpt lat="40.134000" lon="9.506720">
      <ele>0</ele>
      <time>2026-04-13T11:29:29.608Z</time>
    </trkpt>
    <trkpt lat="40.133789" lon="9.506696">
      <ele>0</ele>
      <time>2026-04-13T11:29:31.173Z</time>
    </trkpt>
    <trkpt lat="40.133633" lon="9.506676">
      <ele>0</ele>
      <time>2026-04-13T11:29:32.737Z</time>
    </trkpt>
    <trkpt lat="40.133388" lon="9.506688">
      <ele>0</ele>
      <time>2026-04-13T11:29:34.302Z</time>
    </trkpt>
    <trkpt lat="40.133151" lon="9.506719">
      <ele>0</ele>
      <time>2026-04-13T11:29:35.866Z</time>
    </trkpt>
    <trkpt lat="40.132421" lon="9.506807">
      <ele>0</ele>
      <time>2026-04-13T11:29:37.431Z</time>
    </trkpt>
    <trkpt lat="40.132169" lon="9.506845">
      <ele>0</ele>
      <time>2026-04-13T11:29:38.995Z</time>
    </trkpt>
    <trkpt lat="40.131789" lon="9.506981">
      <ele>0</ele>
      <time>2026-04-13T11:29:40.560Z</time>
    </trkpt>
    <trkpt lat="40.131562" lon="9.507061">
      <ele>0</ele>
      <time>2026-04-13T11:29:42.125Z</time>
    </trkpt>
    <trkpt lat="40.131407" lon="9.507107">
      <ele>0</ele>
      <time>2026-04-13T11:29:43.689Z</time>
    </trkpt>
    <trkpt lat="40.131238" lon="9.507122">
      <ele>0</ele>
      <time>2026-04-13T11:29:45.254Z</time>
    </trkpt>
    <trkpt lat="40.130974" lon="9.507121">
      <ele>0</ele>
      <time>2026-04-13T11:29:46.818Z</time>
    </trkpt>
    <trkpt lat="40.130813" lon="9.507105">
      <ele>0</ele>
      <time>2026-04-13T11:29:48.383Z</time>
    </trkpt>
    <trkpt lat="40.130652" lon="9.507086">
      <ele>0</ele>
      <time>2026-04-13T11:29:49.947Z</time>
    </trkpt>
    <trkpt lat="40.130550" lon="9.507083">
      <ele>0</ele>
      <time>2026-04-13T11:29:51.512Z</time>
    </trkpt>
    <trkpt lat="40.130438" lon="9.507093">
      <ele>0</ele>
      <time>2026-04-13T11:29:53.076Z</time>
    </trkpt>
    <trkpt lat="40.130312" lon="9.507111">
      <ele>0</ele>
      <time>2026-04-13T11:29:54.641Z</time>
    </trkpt>
    <trkpt lat="40.129895" lon="9.507245">
      <ele>0</ele>
      <time>2026-04-13T11:29:56.206Z</time>
    </trkpt>
    <trkpt lat="40.129483" lon="9.507377">
      <ele>0</ele>
      <time>2026-04-13T11:29:57.770Z</time>
    </trkpt>
    <trkpt lat="40.129081" lon="9.507473">
      <ele>0</ele>
      <time>2026-04-13T11:29:59.335Z</time>
    </trkpt>
    <trkpt lat="40.128969" lon="9.507519">
      <ele>0</ele>
      <time>2026-04-13T11:30:00.899Z</time>
    </trkpt>
    <trkpt lat="40.128894" lon="9.507557">
      <ele>0</ele>
      <time>2026-04-13T11:30:02.464Z</time>
    </trkpt>
    <trkpt lat="40.128809" lon="9.507593">
      <ele>0</ele>
      <time>2026-04-13T11:30:04.028Z</time>
    </trkpt>
    <trkpt lat="40.128718" lon="9.507662">
      <ele>0</ele>
      <time>2026-04-13T11:30:05.593Z</time>
    </trkpt>
    <trkpt lat="40.128648" lon="9.507682">
      <ele>0</ele>
      <time>2026-04-13T11:30:07.158Z</time>
    </trkpt>
    <trkpt lat="40.128510" lon="9.507711">
      <ele>0</ele>
      <time>2026-04-13T11:30:08.722Z</time>
    </trkpt>
    <trkpt lat="40.128157" lon="9.507766">
      <ele>0</ele>
      <time>2026-04-13T11:30:10.287Z</time>
    </trkpt>
    <trkpt lat="40.127846" lon="9.507844">
      <ele>0</ele>
      <time>2026-04-13T11:30:11.851Z</time>
    </trkpt>
    <trkpt lat="40.127549" lon="9.507944">
      <ele>0</ele>
      <time>2026-04-13T11:30:13.416Z</time>
    </trkpt>
    <trkpt lat="40.127165" lon="9.508063">
      <ele>0</ele>
      <time>2026-04-13T11:30:14.980Z</time>
    </trkpt>
    <trkpt lat="40.126829" lon="9.508222">
      <ele>0</ele>
      <time>2026-04-13T11:30:16.545Z</time>
    </trkpt>
    <trkpt lat="40.126673" lon="9.508299">
      <ele>0</ele>
      <time>2026-04-13T11:30:18.109Z</time>
    </trkpt>
    <trkpt lat="40.126532" lon="9.508356">
      <ele>0</ele>
      <time>2026-04-13T11:30:19.674Z</time>
    </trkpt>
    <trkpt lat="40.126344" lon="9.508408">
      <ele>0</ele>
      <time>2026-04-13T11:30:21.239Z</time>
    </trkpt>
    <trkpt lat="40.126192" lon="9.508461">
      <ele>0</ele>
      <time>2026-04-13T11:30:22.803Z</time>
    </trkpt>
    <trkpt lat="40.126027" lon="9.508534">
      <ele>0</ele>
      <time>2026-04-13T11:30:24.368Z</time>
    </trkpt>
    <trkpt lat="40.125750" lon="9.508697">
      <ele>0</ele>
      <time>2026-04-13T11:30:25.932Z</time>
    </trkpt>
    <trkpt lat="40.125624" lon="9.508755">
      <ele>0</ele>
      <time>2026-04-13T11:30:27.497Z</time>
    </trkpt>
    <trkpt lat="40.125554" lon="9.508791">
      <ele>0</ele>
      <time>2026-04-13T11:30:29.061Z</time>
    </trkpt>
    <trkpt lat="40.125464" lon="9.508815">
      <ele>0</ele>
      <time>2026-04-13T11:30:30.626Z</time>
    </trkpt>
    <trkpt lat="40.125378" lon="9.508797">
      <ele>0</ele>
      <time>2026-04-13T11:30:32.190Z</time>
    </trkpt>
    <trkpt lat="40.125292" lon="9.508773">
      <ele>0</ele>
      <time>2026-04-13T11:30:33.755Z</time>
    </trkpt>
    <trkpt lat="40.125201" lon="9.508761">
      <ele>0</ele>
      <time>2026-04-13T11:30:35.320Z</time>
    </trkpt>
    <trkpt lat="40.125106" lon="9.508781">
      <ele>0</ele>
      <time>2026-04-13T11:30:36.884Z</time>
    </trkpt>
    <trkpt lat="40.125037" lon="9.508811">
      <ele>0</ele>
      <time>2026-04-13T11:30:38.449Z</time>
    </trkpt>
    <trkpt lat="40.124357" lon="9.509163">
      <ele>0</ele>
      <time>2026-04-13T11:30:40.013Z</time>
    </trkpt>
    <trkpt lat="40.124094" lon="9.509251">
      <ele>0</ele>
      <time>2026-04-13T11:30:41.578Z</time>
    </trkpt>
    <trkpt lat="40.123835" lon="9.509297">
      <ele>0</ele>
      <time>2026-04-13T11:30:43.142Z</time>
    </trkpt>
    <trkpt lat="40.123252" lon="9.509420">
      <ele>0</ele>
      <time>2026-04-13T11:30:44.707Z</time>
    </trkpt>
    <trkpt lat="40.122994" lon="9.509432">
      <ele>0</ele>
      <time>2026-04-13T11:30:46.272Z</time>
    </trkpt>
    <trkpt lat="40.122797" lon="9.509467">
      <ele>0</ele>
      <time>2026-04-13T11:30:47.836Z</time>
    </trkpt>
    <trkpt lat="40.122578" lon="9.509520">
      <ele>0</ele>
      <time>2026-04-13T11:30:49.401Z</time>
    </trkpt>
    <trkpt lat="40.122354" lon="9.509571">
      <ele>0</ele>
      <time>2026-04-13T11:30:50.965Z</time>
    </trkpt>
    <trkpt lat="40.122135" lon="9.509589">
      <ele>0</ele>
      <time>2026-04-13T11:30:52.530Z</time>
    </trkpt>
    <trkpt lat="40.121840" lon="9.509577">
      <ele>0</ele>
      <time>2026-04-13T11:30:54.094Z</time>
    </trkpt>
    <trkpt lat="40.121516" lon="9.509580">
      <ele>0</ele>
      <time>2026-04-13T11:30:55.659Z</time>
    </trkpt>
    <trkpt lat="40.121256" lon="9.509597">
      <ele>0</ele>
      <time>2026-04-13T11:30:57.223Z</time>
    </trkpt>
    <trkpt lat="40.120785" lon="9.509648">
      <ele>0</ele>
      <time>2026-04-13T11:30:58.788Z</time>
    </trkpt>
    <trkpt lat="40.120351" lon="9.509708">
      <ele>0</ele>
      <time>2026-04-13T11:31:00.353Z</time>
    </trkpt>
    <trkpt lat="40.120088" lon="9.509790">
      <ele>0</ele>
      <time>2026-04-13T11:31:01.917Z</time>
    </trkpt>
    <trkpt lat="40.119875" lon="9.509821">
      <ele>0</ele>
      <time>2026-04-13T11:31:03.482Z</time>
    </trkpt>
    <trkpt lat="40.119758" lon="9.509811">
      <ele>0</ele>
      <time>2026-04-13T11:31:05.046Z</time>
    </trkpt>
    <trkpt lat="40.119629" lon="9.509784">
      <ele>0</ele>
      <time>2026-04-13T11:31:06.611Z</time>
    </trkpt>
    <trkpt lat="40.119547" lon="9.509757">
      <ele>0</ele>
      <time>2026-04-13T11:31:08.175Z</time>
    </trkpt>
    <trkpt lat="40.119475" lon="9.509775">
      <ele>0</ele>
      <time>2026-04-13T11:31:09.740Z</time>
    </trkpt>
    <trkpt lat="40.119350" lon="9.509871">
      <ele>0</ele>
      <time>2026-04-13T11:31:11.304Z</time>
    </trkpt>
    <trkpt lat="40.118938" lon="9.510197">
      <ele>0</ele>
      <time>2026-04-13T11:31:12.869Z</time>
    </trkpt>
    <trkpt lat="40.118624" lon="9.510462">
      <ele>0</ele>
      <time>2026-04-13T11:31:14.434Z</time>
    </trkpt>
    <trkpt lat="40.118377" lon="9.510772">
      <ele>0</ele>
      <time>2026-04-13T11:31:15.998Z</time>
    </trkpt>
    <trkpt lat="40.118172" lon="9.511044">
      <ele>0</ele>
      <time>2026-04-13T11:31:17.563Z</time>
    </trkpt>
    <trkpt lat="40.118038" lon="9.511163">
      <ele>0</ele>
      <time>2026-04-13T11:31:19.127Z</time>
    </trkpt>
    <trkpt lat="40.117502" lon="9.511556">
      <ele>0</ele>
      <time>2026-04-13T11:31:20.692Z</time>
    </trkpt>
    <trkpt lat="40.117179" lon="9.511784">
      <ele>0</ele>
      <time>2026-04-13T11:31:22.256Z</time>
    </trkpt>
    <trkpt lat="40.117024" lon="9.511865">
      <ele>0</ele>
      <time>2026-04-13T11:31:23.821Z</time>
    </trkpt>
    <trkpt lat="40.116940" lon="9.511876">
      <ele>0</ele>
      <time>2026-04-13T11:31:25.386Z</time>
    </trkpt>
    <trkpt lat="40.116705" lon="9.511921">
      <ele>0</ele>
      <time>2026-04-13T11:31:26.950Z</time>
    </trkpt>
    <trkpt lat="40.116606" lon="9.511926">
      <ele>0</ele>
      <time>2026-04-13T11:31:28.515Z</time>
    </trkpt>
    <trkpt lat="40.116492" lon="9.511953">
      <ele>0</ele>
      <time>2026-04-13T11:31:30.079Z</time>
    </trkpt>
    <trkpt lat="40.116372" lon="9.512015">
      <ele>0</ele>
      <time>2026-04-13T11:31:31.644Z</time>
    </trkpt>
    <trkpt lat="40.116279" lon="9.512095">
      <ele>0</ele>
      <time>2026-04-13T11:31:33.208Z</time>
    </trkpt>
    <trkpt lat="40.116191" lon="9.512160">
      <ele>0</ele>
      <time>2026-04-13T11:31:34.773Z</time>
    </trkpt>
    <trkpt lat="40.116073" lon="9.512226">
      <ele>0</ele>
      <time>2026-04-13T11:31:36.337Z</time>
    </trkpt>
    <trkpt lat="40.115760" lon="9.512312">
      <ele>0</ele>
      <time>2026-04-13T11:31:37.902Z</time>
    </trkpt>
    <trkpt lat="40.115385" lon="9.512451">
      <ele>0</ele>
      <time>2026-04-13T11:31:39.467Z</time>
    </trkpt>
    <trkpt lat="40.115238" lon="9.512520">
      <ele>0</ele>
      <time>2026-04-13T11:31:41.031Z</time>
    </trkpt>
    <trkpt lat="40.115006" lon="9.512653">
      <ele>0</ele>
      <time>2026-04-13T11:31:42.596Z</time>
    </trkpt>
    <trkpt lat="40.114554" lon="9.512858">
      <ele>0</ele>
      <time>2026-04-13T11:31:44.160Z</time>
    </trkpt>
    <trkpt lat="40.114134" lon="9.513089">
      <ele>0</ele>
      <time>2026-04-13T11:31:45.725Z</time>
    </trkpt>
    <trkpt lat="40.113615" lon="9.513425">
      <ele>0</ele>
      <time>2026-04-13T11:31:47.289Z</time>
    </trkpt>
    <trkpt lat="40.113373" lon="9.513599">
      <ele>0</ele>
      <time>2026-04-13T11:31:48.854Z</time>
    </trkpt>
    <trkpt lat="40.113108" lon="9.513858">
      <ele>0</ele>
      <time>2026-04-13T11:31:50.419Z</time>
    </trkpt>
    <trkpt lat="40.112849" lon="9.514128">
      <ele>0</ele>
      <time>2026-04-13T11:31:51.983Z</time>
    </trkpt>
    <trkpt lat="40.112457" lon="9.514533">
      <ele>0</ele>
      <time>2026-04-13T11:31:53.548Z</time>
    </trkpt>
    <trkpt lat="40.112294" lon="9.514705">
      <ele>0</ele>
      <time>2026-04-13T11:31:55.112Z</time>
    </trkpt>
    <trkpt lat="40.112094" lon="9.514905">
      <ele>0</ele>
      <time>2026-04-13T11:31:56.677Z</time>
    </trkpt>
    <trkpt lat="40.111941" lon="9.515116">
      <ele>0</ele>
      <time>2026-04-13T11:31:58.241Z</time>
    </trkpt>
    <trkpt lat="40.111764" lon="9.515414">
      <ele>0</ele>
      <time>2026-04-13T11:31:59.806Z</time>
    </trkpt>
    <trkpt lat="40.111501" lon="9.515852">
      <ele>0</ele>
      <time>2026-04-13T11:32:01.370Z</time>
    </trkpt>
    <trkpt lat="40.111426" lon="9.515993">
      <ele>0</ele>
      <time>2026-04-13T11:32:02.935Z</time>
    </trkpt>
    <trkpt lat="40.111375" lon="9.516143">
      <ele>0</ele>
      <time>2026-04-13T11:32:04.500Z</time>
    </trkpt>
    <trkpt lat="40.111234" lon="9.516686">
      <ele>0</ele>
      <time>2026-04-13T11:32:06.064Z</time>
    </trkpt>
    <trkpt lat="40.111174" lon="9.516783">
      <ele>0</ele>
      <time>2026-04-13T11:32:07.629Z</time>
    </trkpt>
    <trkpt lat="40.111113" lon="9.516843">
      <ele>0</ele>
      <time>2026-04-13T11:32:09.193Z</time>
    </trkpt>
    <trkpt lat="40.110983" lon="9.516967">
      <ele>0</ele>
      <time>2026-04-13T11:32:10.758Z</time>
    </trkpt>
    <trkpt lat="40.110886" lon="9.517124">
      <ele>0</ele>
      <time>2026-04-13T11:32:12.322Z</time>
    </trkpt>
    <trkpt lat="40.110780" lon="9.517372">
      <ele>0</ele>
      <time>2026-04-13T11:32:13.887Z</time>
    </trkpt>
    <trkpt lat="40.110633" lon="9.518031">
      <ele>0</ele>
      <time>2026-04-13T11:32:15.451Z</time>
    </trkpt>
    <trkpt lat="40.110601" lon="9.518161">
      <ele>0</ele>
      <time>2026-04-13T11:32:17.016Z</time>
    </trkpt>
    <trkpt lat="40.110521" lon="9.518265">
      <ele>0</ele>
      <time>2026-04-13T11:32:18.581Z</time>
    </trkpt>
    <trkpt lat="40.110041" lon="9.518778">
      <ele>0</ele>
      <time>2026-04-13T11:32:20.145Z</time>
    </trkpt>
    <trkpt lat="40.109935" lon="9.518855">
      <ele>0</ele>
      <time>2026-04-13T11:32:21.710Z</time>
    </trkpt>
    <trkpt lat="40.109479" lon="9.519083">
      <ele>0</ele>
      <time>2026-04-13T11:32:23.274Z</time>
    </trkpt>
    <trkpt lat="40.109336" lon="9.519196">
      <ele>0</ele>
      <time>2026-04-13T11:32:24.839Z</time>
    </trkpt>
    <trkpt lat="40.109057" lon="9.519438">
      <ele>0</ele>
      <time>2026-04-13T11:32:26.403Z</time>
    </trkpt>
    <trkpt lat="40.108343" lon="9.520313">
      <ele>0</ele>
      <time>2026-04-13T11:32:27.968Z</time>
    </trkpt>
    <trkpt lat="40.108218" lon="9.520473">
      <ele>0</ele>
      <time>2026-04-13T11:32:29.533Z</time>
    </trkpt>
    <trkpt lat="40.108057" lon="9.520580">
      <ele>0</ele>
      <time>2026-04-13T11:32:31.097Z</time>
    </trkpt>
    <trkpt lat="40.107579" lon="9.520743">
      <ele>0</ele>
      <time>2026-04-13T11:32:32.662Z</time>
    </trkpt>
    <trkpt lat="40.107418" lon="9.520817">
      <ele>0</ele>
      <time>2026-04-13T11:32:34.226Z</time>
    </trkpt>
    <trkpt lat="40.107285" lon="9.520934">
      <ele>0</ele>
      <time>2026-04-13T11:32:35.791Z</time>
    </trkpt>
    <trkpt lat="40.107085" lon="9.521200">
      <ele>0</ele>
      <time>2026-04-13T11:32:37.355Z</time>
    </trkpt>
    <trkpt lat="40.106612" lon="9.521817">
      <ele>0</ele>
      <time>2026-04-13T11:32:38.920Z</time>
    </trkpt>
    <trkpt lat="40.106530" lon="9.521964">
      <ele>0</ele>
      <time>2026-04-13T11:32:40.484Z</time>
    </trkpt>
    <trkpt lat="40.106466" lon="9.522087">
      <ele>0</ele>
      <time>2026-04-13T11:32:42.049Z</time>
    </trkpt>
    <trkpt lat="40.106381" lon="9.522322">
      <ele>0</ele>
      <time>2026-04-13T11:32:43.614Z</time>
    </trkpt>
    <trkpt lat="40.106272" lon="9.522619">
      <ele>0</ele>
      <time>2026-04-13T11:32:45.178Z</time>
    </trkpt>
    <trkpt lat="40.106133" lon="9.522821">
      <ele>0</ele>
      <time>2026-04-13T11:32:46.743Z</time>
    </trkpt>
    <trkpt lat="40.105871" lon="9.523140">
      <ele>0</ele>
      <time>2026-04-13T11:32:48.307Z</time>
    </trkpt>
    <trkpt lat="40.105732" lon="9.523269">
      <ele>0</ele>
      <time>2026-04-13T11:32:49.872Z</time>
    </trkpt>
    <trkpt lat="40.105345" lon="9.523561">
      <ele>0</ele>
      <time>2026-04-13T11:32:51.436Z</time>
    </trkpt>
    <trkpt lat="40.105100" lon="9.523739">
      <ele>0</ele>
      <time>2026-04-13T11:32:53.001Z</time>
    </trkpt>
    <trkpt lat="40.104971" lon="9.523881">
      <ele>0</ele>
      <time>2026-04-13T11:32:54.565Z</time>
    </trkpt>
    <trkpt lat="40.104903" lon="9.524016">
      <ele>0</ele>
      <time>2026-04-13T11:32:56.130Z</time>
    </trkpt>
    <trkpt lat="40.104802" lon="9.524285">
      <ele>0</ele>
      <time>2026-04-13T11:32:57.695Z</time>
    </trkpt>
    <trkpt lat="40.104777" lon="9.524470">
      <ele>0</ele>
      <time>2026-04-13T11:32:59.259Z</time>
    </trkpt>
    <trkpt lat="40.104793" lon="9.524603">
      <ele>0</ele>
      <time>2026-04-13T11:33:00.824Z</time>
    </trkpt>
    <trkpt lat="40.104839" lon="9.524740">
      <ele>0</ele>
      <time>2026-04-13T11:33:02.388Z</time>
    </trkpt>
    <trkpt lat="40.104922" lon="9.524843">
      <ele>0</ele>
      <time>2026-04-13T11:33:03.953Z</time>
    </trkpt>
    <trkpt lat="40.105018" lon="9.524883">
      <ele>0</ele>
      <time>2026-04-13T11:33:05.517Z</time>
    </trkpt>
    <trkpt lat="40.105331" lon="9.524912">
      <ele>0</ele>
      <time>2026-04-13T11:33:07.082Z</time>
    </trkpt>
    <trkpt lat="40.105811" lon="9.524946">
      <ele>0</ele>
      <time>2026-04-13T11:33:08.647Z</time>
    </trkpt>
    <trkpt lat="40.106089" lon="9.525035">
      <ele>0</ele>
      <time>2026-04-13T11:33:10.211Z</time>
    </trkpt>
    <trkpt lat="40.106185" lon="9.525154">
      <ele>0</ele>
      <time>2026-04-13T11:33:11.776Z</time>
    </trkpt>
    <trkpt lat="40.106315" lon="9.525389">
      <ele>0</ele>
      <time>2026-04-13T11:33:13.340Z</time>
    </trkpt>
    <trkpt lat="40.106433" lon="9.525646">
      <ele>0</ele>
      <time>2026-04-13T11:33:14.905Z</time>
    </trkpt>
    <trkpt lat="40.106482" lon="9.525894">
      <ele>0</ele>
      <time>2026-04-13T11:33:16.469Z</time>
    </trkpt>
    <trkpt lat="40.106490" lon="9.526138">
      <ele>0</ele>
      <time>2026-04-13T11:33:18.034Z</time>
    </trkpt>
    <trkpt lat="40.106432" lon="9.526370">
      <ele>0</ele>
      <time>2026-04-13T11:33:19.598Z</time>
    </trkpt>
    <trkpt lat="40.106363" lon="9.526516">
      <ele>0</ele>
      <time>2026-04-13T11:33:21.163Z</time>
    </trkpt>
    <trkpt lat="40.106290" lon="9.526637">
      <ele>0</ele>
      <time>2026-04-13T11:33:22.728Z</time>
    </trkpt>
    <trkpt lat="40.106172" lon="9.526766">
      <ele>0</ele>
      <time>2026-04-13T11:33:24.292Z</time>
    </trkpt>
    <trkpt lat="40.106051" lon="9.526845">
      <ele>0</ele>
      <time>2026-04-13T11:33:25.857Z</time>
    </trkpt>
    <trkpt lat="40.105780" lon="9.526913">
      <ele>0</ele>
      <time>2026-04-13T11:33:27.421Z</time>
    </trkpt>
    <trkpt lat="40.105409" lon="9.526986">
      <ele>0</ele>
      <time>2026-04-13T11:33:28.986Z</time>
    </trkpt>
    <trkpt lat="40.105224" lon="9.527070">
      <ele>0</ele>
      <time>2026-04-13T11:33:30.550Z</time>
    </trkpt>
    <trkpt lat="40.105063" lon="9.527178">
      <ele>0</ele>
      <time>2026-04-13T11:33:32.115Z</time>
    </trkpt>
    <trkpt lat="40.104873" lon="9.527340">
      <ele>0</ele>
      <time>2026-04-13T11:33:33.679Z</time>
    </trkpt>
    <trkpt lat="40.104741" lon="9.527471">
      <ele>0</ele>
      <time>2026-04-13T11:33:35.244Z</time>
    </trkpt>
    <trkpt lat="40.104652" lon="9.527611">
      <ele>0</ele>
      <time>2026-04-13T11:33:36.809Z</time>
    </trkpt>
    <trkpt lat="40.104571" lon="9.527787">
      <ele>0</ele>
      <time>2026-04-13T11:33:38.373Z</time>
    </trkpt>
    <trkpt lat="40.104512" lon="9.527995">
      <ele>0</ele>
      <time>2026-04-13T11:33:39.938Z</time>
    </trkpt>
    <trkpt lat="40.104447" lon="9.528222">
      <ele>0</ele>
      <time>2026-04-13T11:33:41.502Z</time>
    </trkpt>
    <trkpt lat="40.104422" lon="9.528407">
      <ele>0</ele>
      <time>2026-04-13T11:33:43.067Z</time>
    </trkpt>
    <trkpt lat="40.104436" lon="9.528624">
      <ele>0</ele>
      <time>2026-04-13T11:33:44.631Z</time>
    </trkpt>
    <trkpt lat="40.104742" lon="9.530237">
      <ele>0</ele>
      <time>2026-04-13T11:33:46.196Z</time>
    </trkpt>
    <trkpt lat="40.104745" lon="9.530383">
      <ele>0</ele>
      <time>2026-04-13T11:33:47.761Z</time>
    </trkpt>
    <trkpt lat="40.104722" lon="9.530456">
      <ele>0</ele>
      <time>2026-04-13T11:33:49.325Z</time>
    </trkpt>
    <trkpt lat="40.104655" lon="9.530558">
      <ele>0</ele>
      <time>2026-04-13T11:33:50.890Z</time>
    </trkpt>
    <trkpt lat="40.104550" lon="9.530618">
      <ele>0</ele>
      <time>2026-04-13T11:33:52.454Z</time>
    </trkpt>
    <trkpt lat="40.104433" lon="9.530625">
      <ele>0</ele>
      <time>2026-04-13T11:33:54.019Z</time>
    </trkpt>
    <trkpt lat="40.104328" lon="9.530540">
      <ele>0</ele>
      <time>2026-04-13T11:33:55.583Z</time>
    </trkpt>
    <trkpt lat="40.104277" lon="9.530421">
      <ele>0</ele>
      <time>2026-04-13T11:33:57.148Z</time>
    </trkpt>
    <trkpt lat="40.104250" lon="9.530280">
      <ele>0</ele>
      <time>2026-04-13T11:33:58.712Z</time>
    </trkpt>
    <trkpt lat="40.104251" lon="9.530121">
      <ele>0</ele>
      <time>2026-04-13T11:34:00.277Z</time>
    </trkpt>
    <trkpt lat="40.104312" lon="9.529705">
      <ele>0</ele>
      <time>2026-04-13T11:34:01.842Z</time>
    </trkpt>
    <trkpt lat="40.104310" lon="9.529654">
      <ele>0</ele>
      <time>2026-04-13T11:34:03.406Z</time>
    </trkpt>
    <trkpt lat="40.104300" lon="9.529605">
      <ele>0</ele>
      <time>2026-04-13T11:34:04.971Z</time>
    </trkpt>
    <trkpt lat="40.104283" lon="9.529560">
      <ele>0</ele>
      <time>2026-04-13T11:34:06.535Z</time>
    </trkpt>
    <trkpt lat="40.104259" lon="9.529520">
      <ele>0</ele>
      <time>2026-04-13T11:34:08.100Z</time>
    </trkpt>
    <trkpt lat="40.104230" lon="9.529486">
      <ele>0</ele>
      <time>2026-04-13T11:34:09.664Z</time>
    </trkpt>
    <trkpt lat="40.104196" lon="9.529461">
      <ele>0</ele>
      <time>2026-04-13T11:34:11.229Z</time>
    </trkpt>
    <trkpt lat="40.104159" lon="9.529445">
      <ele>0</ele>
      <time>2026-04-13T11:34:12.794Z</time>
    </trkpt>
    <trkpt lat="40.104121" lon="9.529439">
      <ele>0</ele>
      <time>2026-04-13T11:34:14.358Z</time>
    </trkpt>
    <trkpt lat="40.104083" lon="9.529443">
      <ele>0</ele>
      <time>2026-04-13T11:34:15.923Z</time>
    </trkpt>
    <trkpt lat="40.104045" lon="9.529456">
      <ele>0</ele>
      <time>2026-04-13T11:34:17.487Z</time>
    </trkpt>
    <trkpt lat="40.104011" lon="9.529479">
      <ele>0</ele>
      <time>2026-04-13T11:34:19.052Z</time>
    </trkpt>
    <trkpt lat="40.103980" lon="9.529510">
      <ele>0</ele>
      <time>2026-04-13T11:34:20.616Z</time>
    </trkpt>
    <trkpt lat="40.103942" lon="9.529581">
      <ele>0</ele>
      <time>2026-04-13T11:34:22.181Z</time>
    </trkpt>
    <trkpt lat="40.103880" lon="9.529783">
      <ele>0</ele>
      <time>2026-04-13T11:34:23.745Z</time>
    </trkpt>
    <trkpt lat="40.103852" lon="9.529962">
      <ele>0</ele>
      <time>2026-04-13T11:34:25.310Z</time>
    </trkpt>
    <trkpt lat="40.103802" lon="9.530126">
      <ele>0</ele>
      <time>2026-04-13T11:34:26.875Z</time>
    </trkpt>
    <trkpt lat="40.103704" lon="9.530237">
      <ele>0</ele>
      <time>2026-04-13T11:34:28.439Z</time>
    </trkpt>
    <trkpt lat="40.103582" lon="9.530305">
      <ele>0</ele>
      <time>2026-04-13T11:34:30.004Z</time>
    </trkpt>
    <trkpt lat="40.103328" lon="9.530286">
      <ele>0</ele>
      <time>2026-04-13T11:34:31.568Z</time>
    </trkpt>
    <trkpt lat="40.102663" lon="9.530122">
      <ele>0</ele>
      <time>2026-04-13T11:34:33.133Z</time>
    </trkpt>
    <trkpt lat="40.102115" lon="9.529976">
      <ele>0</ele>
      <time>2026-04-13T11:34:34.697Z</time>
    </trkpt>
    <trkpt lat="40.101985" lon="9.529902">
      <ele>0</ele>
      <time>2026-04-13T11:34:36.262Z</time>
    </trkpt>
    <trkpt lat="40.101898" lon="9.529766">
      <ele>0</ele>
      <time>2026-04-13T11:34:37.826Z</time>
    </trkpt>
    <trkpt lat="40.101857" lon="9.529577">
      <ele>0</ele>
      <time>2026-04-13T11:34:39.391Z</time>
    </trkpt>
    <trkpt lat="40.101852" lon="9.529314">
      <ele>0</ele>
      <time>2026-04-13T11:34:40.956Z</time>
    </trkpt>
    <trkpt lat="40.101847" lon="9.529058">
      <ele>0</ele>
      <time>2026-04-13T11:34:42.520Z</time>
    </trkpt>
    <trkpt lat="40.101808" lon="9.528837">
      <ele>0</ele>
      <time>2026-04-13T11:34:44.085Z</time>
    </trkpt>
    <trkpt lat="40.101723" lon="9.528709">
      <ele>0</ele>
      <time>2026-04-13T11:34:45.649Z</time>
    </trkpt>
    <trkpt lat="40.101581" lon="9.528633">
      <ele>0</ele>
      <time>2026-04-13T11:34:47.214Z</time>
    </trkpt>
    <trkpt lat="40.101430" lon="9.528614">
      <ele>0</ele>
      <time>2026-04-13T11:34:48.778Z</time>
    </trkpt>
    <trkpt lat="40.101212" lon="9.528656">
      <ele>0</ele>
      <time>2026-04-13T11:34:50.343Z</time>
    </trkpt>
    <trkpt lat="40.101002" lon="9.528735">
      <ele>0</ele>
      <time>2026-04-13T11:34:51.908Z</time>
    </trkpt>
    <trkpt lat="40.100581" lon="9.528883">
      <ele>0</ele>
      <time>2026-04-13T11:34:53.472Z</time>
    </trkpt>
    <trkpt lat="40.099786" lon="9.529070">
      <ele>0</ele>
      <time>2026-04-13T11:34:55.037Z</time>
    </trkpt>
    <trkpt lat="40.099611" lon="9.529134">
      <ele>0</ele>
      <time>2026-04-13T11:34:56.601Z</time>
    </trkpt>
    <trkpt lat="40.099413" lon="9.529251">
      <ele>0</ele>
      <time>2026-04-13T11:34:58.166Z</time>
    </trkpt>
    <trkpt lat="40.098337" lon="9.529950">
      <ele>0</ele>
      <time>2026-04-13T11:34:59.730Z</time>
    </trkpt>
    <trkpt lat="40.097968" lon="9.530098">
      <ele>0</ele>
      <time>2026-04-13T11:35:01.295Z</time>
    </trkpt>
    <trkpt lat="40.097768" lon="9.530164">
      <ele>0</ele>
      <time>2026-04-13T11:35:02.859Z</time>
    </trkpt>
    <trkpt lat="40.097582" lon="9.530186">
      <ele>0</ele>
      <time>2026-04-13T11:35:04.424Z</time>
    </trkpt>
    <trkpt lat="40.097365" lon="9.530199">
      <ele>0</ele>
      <time>2026-04-13T11:35:05.989Z</time>
    </trkpt>
    <trkpt lat="40.097165" lon="9.530212">
      <ele>0</ele>
      <time>2026-04-13T11:35:07.553Z</time>
    </trkpt>
    <trkpt lat="40.096983" lon="9.530218">
      <ele>0</ele>
      <time>2026-04-13T11:35:09.118Z</time>
    </trkpt>
    <trkpt lat="40.096898" lon="9.530221">
      <ele>0</ele>
      <time>2026-04-13T11:35:10.682Z</time>
    </trkpt>
    <trkpt lat="40.096677" lon="9.530231">
      <ele>0</ele>
      <time>2026-04-13T11:35:12.247Z</time>
    </trkpt>
    <trkpt lat="40.096485" lon="9.530333">
      <ele>0</ele>
      <time>2026-04-13T11:35:13.811Z</time>
    </trkpt>
    <trkpt lat="40.096370" lon="9.530450">
      <ele>0</ele>
      <time>2026-04-13T11:35:15.376Z</time>
    </trkpt>
    <trkpt lat="40.096282" lon="9.530618">
      <ele>0</ele>
      <time>2026-04-13T11:35:16.940Z</time>
    </trkpt>
    <trkpt lat="40.096236" lon="9.530807">
      <ele>0</ele>
      <time>2026-04-13T11:35:18.505Z</time>
    </trkpt>
    <trkpt lat="40.096230" lon="9.531083">
      <ele>0</ele>
      <time>2026-04-13T11:35:20.070Z</time>
    </trkpt>
    <trkpt lat="40.096225" lon="9.531400">
      <ele>0</ele>
      <time>2026-04-13T11:35:21.634Z</time>
    </trkpt>
    <trkpt lat="40.096220" lon="9.531730">
      <ele>0</ele>
      <time>2026-04-13T11:35:23.199Z</time>
    </trkpt>
    <trkpt lat="40.096210" lon="9.532189">
      <ele>0</ele>
      <time>2026-04-13T11:35:24.763Z</time>
    </trkpt>
    <trkpt lat="40.096194" lon="9.533254">
      <ele>0</ele>
      <time>2026-04-13T11:35:26.328Z</time>
    </trkpt>
    <trkpt lat="40.096179" lon="9.533447">
      <ele>0</ele>
      <time>2026-04-13T11:35:27.892Z</time>
    </trkpt>
    <trkpt lat="40.096149" lon="9.533592">
      <ele>0</ele>
      <time>2026-04-13T11:35:29.457Z</time>
    </trkpt>
    <trkpt lat="40.096075" lon="9.533751">
      <ele>0</ele>
      <time>2026-04-13T11:35:31.022Z</time>
    </trkpt>
    <trkpt lat="40.095951" lon="9.533899">
      <ele>0</ele>
      <time>2026-04-13T11:35:32.586Z</time>
    </trkpt>
    <trkpt lat="40.095399" lon="9.534311">
      <ele>0</ele>
      <time>2026-04-13T11:35:34.151Z</time>
    </trkpt>
    <trkpt lat="40.095282" lon="9.534411">
      <ele>0</ele>
      <time>2026-04-13T11:35:35.715Z</time>
    </trkpt>
    <trkpt lat="40.095187" lon="9.534529">
      <ele>0</ele>
      <time>2026-04-13T11:35:37.280Z</time>
    </trkpt>
    <trkpt lat="40.095131" lon="9.534663">
      <ele>0</ele>
      <time>2026-04-13T11:35:38.844Z</time>
    </trkpt>
    <trkpt lat="40.095010" lon="9.535136">
      <ele>0</ele>
      <time>2026-04-13T11:35:40.409Z</time>
    </trkpt>
    <trkpt lat="40.094604" lon="9.536778">
      <ele>0</ele>
      <time>2026-04-13T11:35:41.973Z</time>
    </trkpt>
    <trkpt lat="40.094560" lon="9.537105">
      <ele>0</ele>
      <time>2026-04-13T11:35:43.538Z</time>
    </trkpt>
    <trkpt lat="40.094577" lon="9.537501">
      <ele>0</ele>
      <time>2026-04-13T11:35:45.103Z</time>
    </trkpt>
    <trkpt lat="40.094609" lon="9.537670">
      <ele>0</ele>
      <time>2026-04-13T11:35:46.667Z</time>
    </trkpt>
    <trkpt lat="40.094684" lon="9.537919">
      <ele>0</ele>
      <time>2026-04-13T11:35:48.232Z</time>
    </trkpt>
    <trkpt lat="40.094788" lon="9.538118">
      <ele>0</ele>
      <time>2026-04-13T11:35:49.796Z</time>
    </trkpt>
    <trkpt lat="40.094895" lon="9.538282">
      <ele>0</ele>
      <time>2026-04-13T11:35:51.361Z</time>
    </trkpt>
    <trkpt lat="40.095463" lon="9.538966">
      <ele>0</ele>
      <time>2026-04-13T11:35:52.925Z</time>
    </trkpt>
    <trkpt lat="40.095761" lon="9.539333">
      <ele>0</ele>
      <time>2026-04-13T11:35:54.490Z</time>
    </trkpt>
    <trkpt lat="40.095962" lon="9.539589">
      <ele>0</ele>
      <time>2026-04-13T11:35:56.054Z</time>
    </trkpt>
    <trkpt lat="40.095985" lon="9.539615">
      <ele>0</ele>
      <time>2026-04-13T11:35:57.619Z</time>
    </trkpt>
    <trkpt lat="40.096017" lon="9.539630">
      <ele>0</ele>
      <time>2026-04-13T11:35:59.184Z</time>
    </trkpt>
    <trkpt lat="40.096096" lon="9.539664">
      <ele>0</ele>
      <time>2026-04-13T11:36:00.748Z</time>
    </trkpt>
    <trkpt lat="40.096195" lon="9.539666">
      <ele>0</ele>
      <time>2026-04-13T11:36:02.313Z</time>
    </trkpt>
    <trkpt lat="40.096442" lon="9.539620">
      <ele>0</ele>
      <time>2026-04-13T11:36:03.877Z</time>
    </trkpt>
    <trkpt lat="40.096698" lon="9.539569">
      <ele>0</ele>
      <time>2026-04-13T11:36:05.442Z</time>
    </trkpt>
    <trkpt lat="40.096819" lon="9.539574">
      <ele>0</ele>
      <time>2026-04-13T11:36:07.006Z</time>
    </trkpt>
    <trkpt lat="40.096929" lon="9.539628">
      <ele>0</ele>
      <time>2026-04-13T11:36:08.571Z</time>
    </trkpt>
    <trkpt lat="40.097016" lon="9.539709">
      <ele>0</ele>
      <time>2026-04-13T11:36:10.136Z</time>
    </trkpt>
    <trkpt lat="40.097101" lon="9.539819">
      <ele>0</ele>
      <time>2026-04-13T11:36:11.700Z</time>
    </trkpt>
    <trkpt lat="40.097151" lon="9.539944">
      <ele>0</ele>
      <time>2026-04-13T11:36:13.265Z</time>
    </trkpt>
    <trkpt lat="40.097183" lon="9.540065">
      <ele>0</ele>
      <time>2026-04-13T11:36:14.829Z</time>
    </trkpt>
    <trkpt lat="40.097188" lon="9.540195">
      <ele>0</ele>
      <time>2026-04-13T11:36:16.394Z</time>
    </trkpt>
    <trkpt lat="40.097166" lon="9.540596">
      <ele>0</ele>
      <time>2026-04-13T11:36:17.958Z</time>
    </trkpt>
    <trkpt lat="40.097151" lon="9.540835">
      <ele>0</ele>
      <time>2026-04-13T11:36:19.523Z</time>
    </trkpt>
    <trkpt lat="40.097053" lon="9.541156">
      <ele>0</ele>
      <time>2026-04-13T11:36:21.087Z</time>
    </trkpt>
    <trkpt lat="40.096982" lon="9.541399">
      <ele>0</ele>
      <time>2026-04-13T11:36:22.652Z</time>
    </trkpt>
    <trkpt lat="40.096933" lon="9.541583">
      <ele>0</ele>
      <time>2026-04-13T11:36:24.217Z</time>
    </trkpt>
    <trkpt lat="40.096906" lon="9.541767">
      <ele>0</ele>
      <time>2026-04-13T11:36:25.781Z</time>
    </trkpt>
    <trkpt lat="40.096965" lon="9.543469">
      <ele>0</ele>
      <time>2026-04-13T11:36:27.346Z</time>
    </trkpt>
    <trkpt lat="40.096964" lon="9.543678">
      <ele>0</ele>
      <time>2026-04-13T11:36:28.910Z</time>
    </trkpt>
    <trkpt lat="40.096949" lon="9.543931">
      <ele>0</ele>
      <time>2026-04-13T11:36:30.475Z</time>
    </trkpt>
    <trkpt lat="40.096826" lon="9.544417">
      <ele>0</ele>
      <time>2026-04-13T11:36:32.039Z</time>
    </trkpt>
    <trkpt lat="40.096804" lon="9.544528">
      <ele>0</ele>
      <time>2026-04-13T11:36:33.604Z</time>
    </trkpt>
    <trkpt lat="40.096790" lon="9.544651">
      <ele>0</ele>
      <time>2026-04-13T11:36:35.169Z</time>
    </trkpt>
    <trkpt lat="40.096806" lon="9.544772">
      <ele>0</ele>
      <time>2026-04-13T11:36:36.733Z</time>
    </trkpt>
    <trkpt lat="40.096879" lon="9.544908">
      <ele>0</ele>
      <time>2026-04-13T11:36:38.298Z</time>
    </trkpt>
    <trkpt lat="40.097076" lon="9.545118">
      <ele>0</ele>
      <time>2026-04-13T11:36:39.862Z</time>
    </trkpt>
    <trkpt lat="40.097156" lon="9.545199">
      <ele>0</ele>
      <time>2026-04-13T11:36:41.427Z</time>
    </trkpt>
    <trkpt lat="40.097202" lon="9.545282">
      <ele>0</ele>
      <time>2026-04-13T11:36:42.991Z</time>
    </trkpt>
    <trkpt lat="40.097235" lon="9.545359">
      <ele>0</ele>
      <time>2026-04-13T11:36:44.556Z</time>
    </trkpt>
    <trkpt lat="40.097254" lon="9.545449">
      <ele>0</ele>
      <time>2026-04-13T11:36:46.120Z</time>
    </trkpt>
    <trkpt lat="40.097243" lon="9.545627">
      <ele>0</ele>
      <time>2026-04-13T11:36:47.685Z</time>
    </trkpt>
    <trkpt lat="40.097183" lon="9.546246">
      <ele>0</ele>
      <time>2026-04-13T11:36:49.250Z</time>
    </trkpt>
    <trkpt lat="40.097114" lon="9.546966">
      <ele>0</ele>
      <time>2026-04-13T11:36:50.814Z</time>
    </trkpt>
    <trkpt lat="40.097059" lon="9.547597">
      <ele>0</ele>
      <time>2026-04-13T11:36:52.379Z</time>
    </trkpt>
    <trkpt lat="40.096990" lon="9.548219">
      <ele>0</ele>
      <time>2026-04-13T11:36:53.943Z</time>
    </trkpt>
    <trkpt lat="40.096965" lon="9.548396">
      <ele>0</ele>
      <time>2026-04-13T11:36:55.508Z</time>
    </trkpt>
    <trkpt lat="40.096865" lon="9.548725">
      <ele>0</ele>
      <time>2026-04-13T11:36:57.072Z</time>
    </trkpt>
    <trkpt lat="40.096671" lon="9.549383">
      <ele>0</ele>
      <time>2026-04-13T11:36:58.637Z</time>
    </trkpt>
    <trkpt lat="40.096491" lon="9.550022">
      <ele>0</ele>
      <time>2026-04-13T11:37:00.201Z</time>
    </trkpt>
    <trkpt lat="40.096384" lon="9.550374">
      <ele>0</ele>
      <time>2026-04-13T11:37:01.766Z</time>
    </trkpt>
    <trkpt lat="40.096332" lon="9.550474">
      <ele>0</ele>
      <time>2026-04-13T11:37:03.331Z</time>
    </trkpt>
    <trkpt lat="40.096257" lon="9.550546">
      <ele>0</ele>
      <time>2026-04-13T11:37:04.895Z</time>
    </trkpt>
    <trkpt lat="40.096174" lon="9.550579">
      <ele>0</ele>
      <time>2026-04-13T11:37:06.460Z</time>
    </trkpt>
    <trkpt lat="40.095632" lon="9.550662">
      <ele>0</ele>
      <time>2026-04-13T11:37:08.024Z</time>
    </trkpt>
    <trkpt lat="40.095574" lon="9.550693">
      <ele>0</ele>
      <time>2026-04-13T11:37:09.589Z</time>
    </trkpt>
    <trkpt lat="40.095512" lon="9.550738">
      <ele>0</ele>
      <time>2026-04-13T11:37:11.153Z</time>
    </trkpt>
    <trkpt lat="40.095445" lon="9.550830">
      <ele>0</ele>
      <time>2026-04-13T11:37:12.718Z</time>
    </trkpt>
    <trkpt lat="40.095410" lon="9.550960">
      <ele>0</ele>
      <time>2026-04-13T11:37:14.283Z</time>
    </trkpt>
    <trkpt lat="40.095335" lon="9.552054">
      <ele>0</ele>
      <time>2026-04-13T11:37:15.847Z</time>
    </trkpt>
    <trkpt lat="40.095323" lon="9.552185">
      <ele>0</ele>
      <time>2026-04-13T11:37:17.412Z</time>
    </trkpt>
    <trkpt lat="40.095307" lon="9.552373">
      <ele>0</ele>
      <time>2026-04-13T11:37:18.976Z</time>
    </trkpt>
    <trkpt lat="40.095271" lon="9.552913">
      <ele>0</ele>
      <time>2026-04-13T11:37:20.541Z</time>
    </trkpt>
    <trkpt lat="40.095300" lon="9.553084">
      <ele>0</ele>
      <time>2026-04-13T11:37:22.105Z</time>
    </trkpt>
    <trkpt lat="40.095364" lon="9.553199">
      <ele>0</ele>
      <time>2026-04-13T11:37:23.670Z</time>
    </trkpt>
    <trkpt lat="40.095463" lon="9.553301">
      <ele>0</ele>
      <time>2026-04-13T11:37:25.234Z</time>
    </trkpt>
    <trkpt lat="40.096061" lon="9.553456">
      <ele>0</ele>
      <time>2026-04-13T11:37:26.799Z</time>
    </trkpt>
    <trkpt lat="40.096175" lon="9.553517">
      <ele>0</ele>
      <time>2026-04-13T11:37:28.364Z</time>
    </trkpt>
    <trkpt lat="40.096274" lon="9.553643">
      <ele>0</ele>
      <time>2026-04-13T11:37:29.928Z</time>
    </trkpt>
    <trkpt lat="40.096831" lon="9.554572">
      <ele>0</ele>
      <time>2026-04-13T11:37:31.493Z</time>
    </trkpt>
    <trkpt lat="40.096928" lon="9.554726">
      <ele>0</ele>
      <time>2026-04-13T11:37:33.057Z</time>
    </trkpt>
    <trkpt lat="40.097060" lon="9.554963">
      <ele>0</ele>
      <time>2026-04-13T11:37:34.622Z</time>
    </trkpt>
    <trkpt lat="40.097142" lon="9.555169">
      <ele>0</ele>
      <time>2026-04-13T11:37:36.186Z</time>
    </trkpt>
    <trkpt lat="40.097199" lon="9.555370">
      <ele>0</ele>
      <time>2026-04-13T11:37:37.751Z</time>
    </trkpt>
    <trkpt lat="40.097233" lon="9.555653">
      <ele>0</ele>
      <time>2026-04-13T11:37:39.315Z</time>
    </trkpt>
    <trkpt lat="40.097340" lon="9.557154">
      <ele>0</ele>
      <time>2026-04-13T11:37:40.880Z</time>
    </trkpt>
    <trkpt lat="40.097336" lon="9.557341">
      <ele>0</ele>
      <time>2026-04-13T11:37:42.445Z</time>
    </trkpt>
    <trkpt lat="40.097301" lon="9.557562">
      <ele>0</ele>
      <time>2026-04-13T11:37:44.009Z</time>
    </trkpt>
    <trkpt lat="40.097122" lon="9.558087">
      <ele>0</ele>
      <time>2026-04-13T11:37:45.574Z</time>
    </trkpt>
    <trkpt lat="40.097078" lon="9.558226">
      <ele>0</ele>
      <time>2026-04-13T11:37:47.138Z</time>
    </trkpt>
    <trkpt lat="40.097026" lon="9.558372">
      <ele>0</ele>
      <time>2026-04-13T11:37:48.703Z</time>
    </trkpt>
    <trkpt lat="40.096975" lon="9.558496">
      <ele>0</ele>
      <time>2026-04-13T11:37:50.267Z</time>
    </trkpt>
    <trkpt lat="40.096952" lon="9.558602">
      <ele>0</ele>
      <time>2026-04-13T11:37:51.832Z</time>
    </trkpt>
    <trkpt lat="40.096930" lon="9.558739">
      <ele>0</ele>
      <time>2026-04-13T11:37:53.397Z</time>
    </trkpt>
    <trkpt lat="40.096968" lon="9.558940">
      <ele>0</ele>
      <time>2026-04-13T11:37:54.961Z</time>
    </trkpt>
    <trkpt lat="40.097010" lon="9.559059">
      <ele>0</ele>
      <time>2026-04-13T11:37:56.526Z</time>
    </trkpt>
    <trkpt lat="40.097140" lon="9.559360">
      <ele>0</ele>
      <time>2026-04-13T11:37:58.090Z</time>
    </trkpt>
    <trkpt lat="40.097219" lon="9.559542">
      <ele>0</ele>
      <time>2026-04-13T11:37:59.655Z</time>
    </trkpt>
    <trkpt lat="40.097282" lon="9.559711">
      <ele>0</ele>
      <time>2026-04-13T11:38:01.219Z</time>
    </trkpt>
    <trkpt lat="40.097331" lon="9.559879">
      <ele>0</ele>
      <time>2026-04-13T11:38:02.784Z</time>
    </trkpt>
    <trkpt lat="40.097340" lon="9.560025">
      <ele>0</ele>
      <time>2026-04-13T11:38:04.348Z</time>
    </trkpt>
    <trkpt lat="40.097309" lon="9.560257">
      <ele>0</ele>
      <time>2026-04-13T11:38:05.913Z</time>
    </trkpt>
    <trkpt lat="40.097275" lon="9.560430">
      <ele>0</ele>
      <time>2026-04-13T11:38:07.478Z</time>
    </trkpt>
    <trkpt lat="40.097256" lon="9.560534">
      <ele>0</ele>
      <time>2026-04-13T11:38:09.042Z</time>
    </trkpt>
    <trkpt lat="40.097266" lon="9.560658">
      <ele>0</ele>
      <time>2026-04-13T11:38:10.607Z</time>
    </trkpt>
    <trkpt lat="40.097308" lon="9.560780">
      <ele>0</ele>
      <time>2026-04-13T11:38:12.171Z</time>
    </trkpt>
    <trkpt lat="40.097371" lon="9.560873">
      <ele>0</ele>
      <time>2026-04-13T11:38:13.736Z</time>
    </trkpt>
    <trkpt lat="40.097469" lon="9.560970">
      <ele>0</ele>
      <time>2026-04-13T11:38:15.300Z</time>
    </trkpt>
    <trkpt lat="40.097738" lon="9.561045">
      <ele>0</ele>
      <time>2026-04-13T11:38:16.865Z</time>
    </trkpt>
    <trkpt lat="40.098143" lon="9.561167">
      <ele>0</ele>
      <time>2026-04-13T11:38:18.429Z</time>
    </trkpt>
    <trkpt lat="40.098222" lon="9.561186">
      <ele>0</ele>
      <time>2026-04-13T11:38:19.994Z</time>
    </trkpt>
    <trkpt lat="40.098309" lon="9.561247">
      <ele>0</ele>
      <time>2026-04-13T11:38:21.559Z</time>
    </trkpt>
    <trkpt lat="40.098369" lon="9.561374">
      <ele>0</ele>
      <time>2026-04-13T11:38:23.123Z</time>
    </trkpt>
    <trkpt lat="40.098597" lon="9.562152">
      <ele>0</ele>
      <time>2026-04-13T11:38:24.688Z</time>
    </trkpt>
    <trkpt lat="40.098634" lon="9.562336">
      <ele>0</ele>
      <time>2026-04-13T11:38:26.252Z</time>
    </trkpt>
    <trkpt lat="40.098615" lon="9.562492">
      <ele>0</ele>
      <time>2026-04-13T11:38:27.817Z</time>
    </trkpt>
    <trkpt lat="40.098363" lon="9.563164">
      <ele>0</ele>
      <time>2026-04-13T11:38:29.381Z</time>
    </trkpt>
    <trkpt lat="40.098113" lon="9.563838">
      <ele>0</ele>
      <time>2026-04-13T11:38:30.946Z</time>
    </trkpt>
    <trkpt lat="40.097992" lon="9.564171">
      <ele>0</ele>
      <time>2026-04-13T11:38:32.511Z</time>
    </trkpt>
    <trkpt lat="40.097964" lon="9.564251">
      <ele>0</ele>
      <time>2026-04-13T11:38:34.075Z</time>
    </trkpt>
    <trkpt lat="40.097942" lon="9.564299">
      <ele>0</ele>
      <time>2026-04-13T11:38:35.640Z</time>
    </trkpt>
    <trkpt lat="40.097938" lon="9.564369">
      <ele>0</ele>
      <time>2026-04-13T11:38:37.204Z</time>
    </trkpt>
    <trkpt lat="40.097951" lon="9.564472">
      <ele>0</ele>
      <time>2026-04-13T11:38:38.769Z</time>
    </trkpt>
    <trkpt lat="40.097997" lon="9.564582">
      <ele>0</ele>
      <time>2026-04-13T11:38:40.333Z</time>
    </trkpt>
    <trkpt lat="40.098192" lon="9.564764">
      <ele>0</ele>
      <time>2026-04-13T11:38:41.898Z</time>
    </trkpt>
    <trkpt lat="40.098519" lon="9.565044">
      <ele>0</ele>
      <time>2026-04-13T11:38:43.462Z</time>
    </trkpt>
    <trkpt lat="40.098630" lon="9.565155">
      <ele>0</ele>
      <time>2026-04-13T11:38:45.027Z</time>
    </trkpt>
    <trkpt lat="40.098713" lon="9.565280">
      <ele>0</ele>
      <time>2026-04-13T11:38:46.592Z</time>
    </trkpt>
    <trkpt lat="40.098805" lon="9.565504">
      <ele>0</ele>
      <time>2026-04-13T11:38:48.156Z</time>
    </trkpt>
    <trkpt lat="40.098979" lon="9.566046">
      <ele>0</ele>
      <time>2026-04-13T11:38:49.721Z</time>
    </trkpt>
    <trkpt lat="40.099025" lon="9.566144">
      <ele>0</ele>
      <time>2026-04-13T11:38:51.285Z</time>
    </trkpt>
    <trkpt lat="40.099088" lon="9.566270">
      <ele>0</ele>
      <time>2026-04-13T11:38:52.850Z</time>
    </trkpt>
    <trkpt lat="40.099201" lon="9.566371">
      <ele>0</ele>
      <time>2026-04-13T11:38:54.414Z</time>
    </trkpt>
    <trkpt lat="40.099378" lon="9.566479">
      <ele>0</ele>
      <time>2026-04-13T11:38:55.979Z</time>
    </trkpt>
    <trkpt lat="40.099464" lon="9.566542">
      <ele>0</ele>
      <time>2026-04-13T11:38:57.544Z</time>
    </trkpt>
    <trkpt lat="40.099573" lon="9.566636">
      <ele>0</ele>
      <time>2026-04-13T11:38:59.108Z</time>
    </trkpt>
    <trkpt lat="40.099698" lon="9.566890">
      <ele>0</ele>
      <time>2026-04-13T11:39:00.673Z</time>
    </trkpt>
    <trkpt lat="40.099761" lon="9.567073">
      <ele>0</ele>
      <time>2026-04-13T11:39:02.237Z</time>
    </trkpt>
    <trkpt lat="40.099816" lon="9.567302">
      <ele>0</ele>
      <time>2026-04-13T11:39:03.802Z</time>
    </trkpt>
    <trkpt lat="40.099842" lon="9.567549">
      <ele>0</ele>
      <time>2026-04-13T11:39:05.366Z</time>
    </trkpt>
    <trkpt lat="40.099841" lon="9.567711">
      <ele>0</ele>
      <time>2026-04-13T11:39:06.931Z</time>
    </trkpt>
    <trkpt lat="40.099818" lon="9.567841">
      <ele>0</ele>
      <time>2026-04-13T11:39:08.495Z</time>
    </trkpt>
    <trkpt lat="40.099761" lon="9.567973">
      <ele>0</ele>
      <time>2026-04-13T11:39:10.060Z</time>
    </trkpt>
    <trkpt lat="40.099695" lon="9.568068">
      <ele>0</ele>
      <time>2026-04-13T11:39:11.625Z</time>
    </trkpt>
    <trkpt lat="40.099621" lon="9.568162">
      <ele>0</ele>
      <time>2026-04-13T11:39:13.189Z</time>
    </trkpt>
    <trkpt lat="40.099078" lon="9.568571">
      <ele>0</ele>
      <time>2026-04-13T11:39:14.754Z</time>
    </trkpt>
    <trkpt lat="40.098663" lon="9.568905">
      <ele>0</ele>
      <time>2026-04-13T11:39:16.318Z</time>
    </trkpt>
    <trkpt lat="40.098515" lon="9.569033">
      <ele>0</ele>
      <time>2026-04-13T11:39:17.883Z</time>
    </trkpt>
    <trkpt lat="40.098402" lon="9.569170">
      <ele>0</ele>
      <time>2026-04-13T11:39:19.447Z</time>
    </trkpt>
    <trkpt lat="40.098119" lon="9.569683">
      <ele>0</ele>
      <time>2026-04-13T11:39:21.012Z</time>
    </trkpt>
    <trkpt lat="40.097895" lon="9.570073">
      <ele>0</ele>
      <time>2026-04-13T11:39:22.576Z</time>
    </trkpt>
    <trkpt lat="40.097787" lon="9.570297">
      <ele>0</ele>
      <time>2026-04-13T11:39:24.141Z</time>
    </trkpt>
    <trkpt lat="40.097710" lon="9.570574">
      <ele>0</ele>
      <time>2026-04-13T11:39:25.706Z</time>
    </trkpt>
    <trkpt lat="40.097693" lon="9.570651">
      <ele>0</ele>
      <time>2026-04-13T11:39:27.270Z</time>
    </trkpt>
    <trkpt lat="40.097682" lon="9.570700">
      <ele>0</ele>
      <time>2026-04-13T11:39:28.835Z</time>
    </trkpt>
    <trkpt lat="40.097556" lon="9.571232">
      <ele>0</ele>
      <time>2026-04-13T11:39:30.399Z</time>
    </trkpt>
    <trkpt lat="40.097521" lon="9.571444">
      <ele>0</ele>
      <time>2026-04-13T11:39:31.964Z</time>
    </trkpt>
    <trkpt lat="40.097511" lon="9.571613">
      <ele>0</ele>
      <time>2026-04-13T11:39:33.528Z</time>
    </trkpt>
    <trkpt lat="40.097533" lon="9.571806">
      <ele>0</ele>
      <time>2026-04-13T11:39:35.093Z</time>
    </trkpt>
    <trkpt lat="40.097631" lon="9.572096">
      <ele>0</ele>
      <time>2026-04-13T11:39:36.658Z</time>
    </trkpt>
    <trkpt lat="40.097688" lon="9.572243">
      <ele>0</ele>
      <time>2026-04-13T11:39:38.222Z</time>
    </trkpt>
    <trkpt lat="40.097704" lon="9.572415">
      <ele>0</ele>
      <time>2026-04-13T11:39:39.787Z</time>
    </trkpt>
    <trkpt lat="40.097641" lon="9.573142">
      <ele>0</ele>
      <time>2026-04-13T11:39:41.351Z</time>
    </trkpt>
    <trkpt lat="40.097615" lon="9.573302">
      <ele>0</ele>
      <time>2026-04-13T11:39:42.916Z</time>
    </trkpt>
    <trkpt lat="40.097500" lon="9.573535">
      <ele>0</ele>
      <time>2026-04-13T11:39:44.480Z</time>
    </trkpt>
    <trkpt lat="40.097253" lon="9.573870">
      <ele>0</ele>
      <time>2026-04-13T11:39:46.045Z</time>
    </trkpt>
    <trkpt lat="40.097170" lon="9.574002">
      <ele>0</ele>
      <time>2026-04-13T11:39:47.609Z</time>
    </trkpt>
    <trkpt lat="40.097132" lon="9.574095">
      <ele>0</ele>
      <time>2026-04-13T11:39:49.174Z</time>
    </trkpt>
    <trkpt lat="40.097138" lon="9.574207">
      <ele>0</ele>
      <time>2026-04-13T11:39:50.739Z</time>
    </trkpt>
    <trkpt lat="40.097159" lon="9.574293">
      <ele>0</ele>
      <time>2026-04-13T11:39:52.303Z</time>
    </trkpt>
    <trkpt lat="40.097219" lon="9.574388">
      <ele>0</ele>
      <time>2026-04-13T11:39:53.868Z</time>
    </trkpt>
    <trkpt lat="40.097373" lon="9.574510">
      <ele>0</ele>
      <time>2026-04-13T11:39:55.432Z</time>
    </trkpt>
    <trkpt lat="40.097650" lon="9.574672">
      <ele>0</ele>
      <time>2026-04-13T11:39:56.997Z</time>
    </trkpt>
    <trkpt lat="40.097922" lon="9.574752">
      <ele>0</ele>
      <time>2026-04-13T11:39:58.561Z</time>
    </trkpt>
    <trkpt lat="40.098264" lon="9.574918">
      <ele>0</ele>
      <time>2026-04-13T11:40:00.126Z</time>
    </trkpt>
    <trkpt lat="40.098394" lon="9.574990">
      <ele>0</ele>
      <time>2026-04-13T11:40:01.690Z</time>
    </trkpt>
    <trkpt lat="40.098581" lon="9.575093">
      <ele>0</ele>
      <time>2026-04-13T11:40:03.255Z</time>
    </trkpt>
    <trkpt lat="40.098623" lon="9.575119">
      <ele>0</ele>
      <time>2026-04-13T11:40:04.820Z</time>
    </trkpt>
    <trkpt lat="40.098784" lon="9.575260">
      <ele>0</ele>
      <time>2026-04-13T11:40:06.384Z</time>
    </trkpt>
    <trkpt lat="40.098912" lon="9.575462">
      <ele>0</ele>
      <time>2026-04-13T11:40:07.949Z</time>
    </trkpt>
    <trkpt lat="40.099186" lon="9.575997">
      <ele>0</ele>
      <time>2026-04-13T11:40:09.513Z</time>
    </trkpt>
    <trkpt lat="40.099259" lon="9.576088">
      <ele>0</ele>
      <time>2026-04-13T11:40:11.078Z</time>
    </trkpt>
    <trkpt lat="40.099357" lon="9.576179">
      <ele>0</ele>
      <time>2026-04-13T11:40:12.642Z</time>
    </trkpt>
    <trkpt lat="40.099490" lon="9.576253">
      <ele>0</ele>
      <time>2026-04-13T11:40:14.207Z</time>
    </trkpt>
    <trkpt lat="40.099605" lon="9.576301">
      <ele>0</ele>
      <time>2026-04-13T11:40:15.772Z</time>
    </trkpt>
    <trkpt lat="40.099735" lon="9.576288">
      <ele>0</ele>
      <time>2026-04-13T11:40:17.336Z</time>
    </trkpt>
    <trkpt lat="40.100001" lon="9.576213">
      <ele>0</ele>
      <time>2026-04-13T11:40:18.901Z</time>
    </trkpt>
    <trkpt lat="40.100253" lon="9.576159">
      <ele>0</ele>
      <time>2026-04-13T11:40:20.465Z</time>
    </trkpt>
    <trkpt lat="40.100545" lon="9.576117">
      <ele>0</ele>
      <time>2026-04-13T11:40:22.030Z</time>
    </trkpt>
    <trkpt lat="40.100918" lon="9.576063">
      <ele>0</ele>
      <time>2026-04-13T11:40:23.594Z</time>
    </trkpt>
    <trkpt lat="40.100996" lon="9.576056">
      <ele>0</ele>
      <time>2026-04-13T11:40:25.159Z</time>
    </trkpt>
    <trkpt lat="40.101060" lon="9.576077">
      <ele>0</ele>
      <time>2026-04-13T11:40:26.723Z</time>
    </trkpt>
    <trkpt lat="40.101094" lon="9.576132">
      <ele>0</ele>
      <time>2026-04-13T11:40:28.288Z</time>
    </trkpt>
    <trkpt lat="40.101117" lon="9.576226">
      <ele>0</ele>
      <time>2026-04-13T11:40:29.853Z</time>
    </trkpt>
    <trkpt lat="40.101098" lon="9.576329">
      <ele>0</ele>
      <time>2026-04-13T11:40:31.417Z</time>
    </trkpt>
    <trkpt lat="40.101032" lon="9.576511">
      <ele>0</ele>
      <time>2026-04-13T11:40:32.982Z</time>
    </trkpt>
    <trkpt lat="40.100950" lon="9.576755">
      <ele>0</ele>
      <time>2026-04-13T11:40:34.546Z</time>
    </trkpt>
    <trkpt lat="40.100934" lon="9.576969">
      <ele>0</ele>
      <time>2026-04-13T11:40:36.111Z</time>
    </trkpt>
    <trkpt lat="40.100955" lon="9.577187">
      <ele>0</ele>
      <time>2026-04-13T11:40:37.675Z</time>
    </trkpt>
    <trkpt lat="40.100990" lon="9.577336">
      <ele>0</ele>
      <time>2026-04-13T11:40:39.240Z</time>
    </trkpt>
    <trkpt lat="40.101043" lon="9.577519">
      <ele>0</ele>
      <time>2026-04-13T11:40:40.804Z</time>
    </trkpt>
    <trkpt lat="40.101155" lon="9.577657">
      <ele>0</ele>
      <time>2026-04-13T11:40:42.369Z</time>
    </trkpt>
    <trkpt lat="40.101402" lon="9.577846">
      <ele>0</ele>
      <time>2026-04-13T11:40:43.934Z</time>
    </trkpt>
    <trkpt lat="40.101681" lon="9.577980">
      <ele>0</ele>
      <time>2026-04-13T11:40:45.498Z</time>
    </trkpt>
    <trkpt lat="40.101778" lon="9.578045">
      <ele>0</ele>
      <time>2026-04-13T11:40:47.063Z</time>
    </trkpt>
    <trkpt lat="40.101837" lon="9.578114">
      <ele>0</ele>
      <time>2026-04-13T11:40:48.627Z</time>
    </trkpt>
    <trkpt lat="40.101893" lon="9.578202">
      <ele>0</ele>
      <time>2026-04-13T11:40:50.192Z</time>
    </trkpt>
    <trkpt lat="40.101926" lon="9.578329">
      <ele>0</ele>
      <time>2026-04-13T11:40:51.756Z</time>
    </trkpt>
    <trkpt lat="40.101942" lon="9.578467">
      <ele>0</ele>
      <time>2026-04-13T11:40:53.321Z</time>
    </trkpt>
    <trkpt lat="40.101946" lon="9.578633">
      <ele>0</ele>
      <time>2026-04-13T11:40:54.886Z</time>
    </trkpt>
    <trkpt lat="40.101885" lon="9.578948">
      <ele>0</ele>
      <time>2026-04-13T11:40:56.450Z</time>
    </trkpt>
    <trkpt lat="40.101820" lon="9.579284">
      <ele>0</ele>
      <time>2026-04-13T11:40:58.015Z</time>
    </trkpt>
    <trkpt lat="40.101803" lon="9.579458">
      <ele>0</ele>
      <time>2026-04-13T11:40:59.579Z</time>
    </trkpt>
    <trkpt lat="40.101825" lon="9.579658">
      <ele>0</ele>
      <time>2026-04-13T11:41:01.144Z</time>
    </trkpt>
    <trkpt lat="40.101875" lon="9.579863">
      <ele>0</ele>
      <time>2026-04-13T11:41:02.708Z</time>
    </trkpt>
    <trkpt lat="40.101945" lon="9.580011">
      <ele>0</ele>
      <time>2026-04-13T11:41:04.273Z</time>
    </trkpt>
    <trkpt lat="40.102006" lon="9.580167">
      <ele>0</ele>
      <time>2026-04-13T11:41:05.837Z</time>
    </trkpt>
    <trkpt lat="40.102070" lon="9.580238">
      <ele>0</ele>
      <time>2026-04-13T11:41:07.402Z</time>
    </trkpt>
    <trkpt lat="40.102162" lon="9.580229">
      <ele>0</ele>
      <time>2026-04-13T11:41:08.967Z</time>
    </trkpt>
    <trkpt lat="40.102420" lon="9.580143">
      <ele>0</ele>
      <time>2026-04-13T11:41:10.531Z</time>
    </trkpt>
    <trkpt lat="40.102565" lon="9.580090">
      <ele>0</ele>
      <time>2026-04-13T11:41:12.096Z</time>
    </trkpt>
    <trkpt lat="40.102804" lon="9.580070">
      <ele>0</ele>
      <time>2026-04-13T11:41:13.660Z</time>
    </trkpt>
    <trkpt lat="40.102905" lon="9.580062">
      <ele>0</ele>
      <time>2026-04-13T11:41:15.225Z</time>
    </trkpt>
    <trkpt lat="40.103210" lon="9.579979">
      <ele>0</ele>
      <time>2026-04-13T11:41:16.789Z</time>
    </trkpt>
    <trkpt lat="40.103399" lon="9.579976">
      <ele>0</ele>
      <time>2026-04-13T11:41:18.354Z</time>
    </trkpt>
    <trkpt lat="40.103605" lon="9.579970">
      <ele>0</ele>
      <time>2026-04-13T11:41:19.919Z</time>
    </trkpt>
    <trkpt lat="40.103772" lon="9.580005">
      <ele>0</ele>
      <time>2026-04-13T11:41:21.483Z</time>
    </trkpt>
    <trkpt lat="40.104126" lon="9.580185">
      <ele>0</ele>
      <time>2026-04-13T11:41:23.048Z</time>
    </trkpt>
    <trkpt lat="40.104202" lon="9.580241">
      <ele>0</ele>
      <time>2026-04-13T11:41:24.612Z</time>
    </trkpt>
    <trkpt lat="40.104253" lon="9.580319">
      <ele>0</ele>
      <time>2026-04-13T11:41:26.177Z</time>
    </trkpt>
    <trkpt lat="40.104339" lon="9.580530">
      <ele>0</ele>
      <time>2026-04-13T11:41:27.741Z</time>
    </trkpt>
    <trkpt lat="40.104364" lon="9.580600">
      <ele>0</ele>
      <time>2026-04-13T11:41:29.306Z</time>
    </trkpt>
    <trkpt lat="40.104378" lon="9.580639">
      <ele>0</ele>
      <time>2026-04-13T11:41:30.870Z</time>
    </trkpt>
    <trkpt lat="40.104450" lon="9.580763">
      <ele>0</ele>
      <time>2026-04-13T11:41:32.435Z</time>
    </trkpt>
    <trkpt lat="40.104621" lon="9.580867">
      <ele>0</ele>
      <time>2026-04-13T11:41:34.000Z</time>
    </trkpt>
    <trkpt lat="40.105119" lon="9.581024">
      <ele>0</ele>
      <time>2026-04-13T11:41:35.564Z</time>
    </trkpt>
    <trkpt lat="40.105168" lon="9.581052">
      <ele>0</ele>
      <time>2026-04-13T11:41:37.129Z</time>
    </trkpt>
    <trkpt lat="40.105222" lon="9.581138">
      <ele>0</ele>
      <time>2026-04-13T11:41:38.693Z</time>
    </trkpt>
    <trkpt lat="40.105236" lon="9.581242">
      <ele>0</ele>
      <time>2026-04-13T11:41:40.258Z</time>
    </trkpt>
    <trkpt lat="40.105150" lon="9.581838">
      <ele>0</ele>
      <time>2026-04-13T11:41:41.822Z</time>
    </trkpt>
    <trkpt lat="40.105128" lon="9.581926">
      <ele>0</ele>
      <time>2026-04-13T11:41:43.387Z</time>
    </trkpt>
    <trkpt lat="40.105092" lon="9.582017">
      <ele>0</ele>
      <time>2026-04-13T11:41:44.951Z</time>
    </trkpt>
    <trkpt lat="40.104897" lon="9.582292">
      <ele>0</ele>
      <time>2026-04-13T11:41:46.516Z</time>
    </trkpt>
    <trkpt lat="40.104744" lon="9.582509">
      <ele>0</ele>
      <time>2026-04-13T11:41:48.081Z</time>
    </trkpt>
    <trkpt lat="40.104683" lon="9.582548">
      <ele>0</ele>
      <time>2026-04-13T11:41:49.645Z</time>
    </trkpt>
    <trkpt lat="40.104624" lon="9.582564">
      <ele>0</ele>
      <time>2026-04-13T11:41:51.210Z</time>
    </trkpt>
    <trkpt lat="40.104471" lon="9.582599">
      <ele>0</ele>
      <time>2026-04-13T11:41:52.774Z</time>
    </trkpt>
    <trkpt lat="40.104399" lon="9.582631">
      <ele>0</ele>
      <time>2026-04-13T11:41:54.339Z</time>
    </trkpt>
    <trkpt lat="40.104328" lon="9.582648">
      <ele>0</ele>
      <time>2026-04-13T11:41:55.903Z</time>
    </trkpt>
    <trkpt lat="40.103602" lon="9.583397">
      <ele>0</ele>
      <time>2026-04-13T11:41:57.468Z</time>
    </trkpt>
    <trkpt lat="40.103254" lon="9.583720">
      <ele>0</ele>
      <time>2026-04-13T11:41:59.033Z</time>
    </trkpt>
    <trkpt lat="40.103176" lon="9.583826">
      <ele>0</ele>
      <time>2026-04-13T11:42:00.597Z</time>
    </trkpt>
    <trkpt lat="40.103152" lon="9.583908">
      <ele>0</ele>
      <time>2026-04-13T11:42:02.162Z</time>
    </trkpt>
    <trkpt lat="40.103134" lon="9.584015">
      <ele>0</ele>
      <time>2026-04-13T11:42:03.726Z</time>
    </trkpt>
    <trkpt lat="40.103130" lon="9.584108">
      <ele>0</ele>
      <time>2026-04-13T11:42:05.291Z</time>
    </trkpt>
    <trkpt lat="40.103142" lon="9.584193">
      <ele>0</ele>
      <time>2026-04-13T11:42:06.855Z</time>
    </trkpt>
    <trkpt lat="40.103254" lon="9.584419">
      <ele>0</ele>
      <time>2026-04-13T11:42:08.420Z</time>
    </trkpt>
    <trkpt lat="40.103340" lon="9.584543">
      <ele>0</ele>
      <time>2026-04-13T11:42:09.984Z</time>
    </trkpt>
    <trkpt lat="40.103437" lon="9.584585">
      <ele>0</ele>
      <time>2026-04-13T11:42:11.549Z</time>
    </trkpt>
    <trkpt lat="40.103498" lon="9.584612">
      <ele>0</ele>
      <time>2026-04-13T11:42:13.114Z</time>
    </trkpt>
    <trkpt lat="40.103686" lon="9.584841">
      <ele>0</ele>
      <time>2026-04-13T11:42:14.678Z</time>
    </trkpt>
    <trkpt lat="40.103763" lon="9.584919">
      <ele>0</ele>
      <time>2026-04-13T11:42:16.243Z</time>
    </trkpt>
    <trkpt lat="40.103824" lon="9.585034">
      <ele>0</ele>
      <time>2026-04-13T11:42:17.807Z</time>
    </trkpt>
    <trkpt lat="40.103896" lon="9.585379">
      <ele>0</ele>
      <time>2026-04-13T11:42:19.372Z</time>
    </trkpt>
    <trkpt lat="40.103919" lon="9.585474">
      <ele>0</ele>
      <time>2026-04-13T11:42:20.936Z</time>
    </trkpt>
    <trkpt lat="40.103915" lon="9.585625">
      <ele>0</ele>
      <time>2026-04-13T11:42:22.501Z</time>
    </trkpt>
    <trkpt lat="40.103876" lon="9.585793">
      <ele>0</ele>
      <time>2026-04-13T11:42:24.065Z</time>
    </trkpt>
    <trkpt lat="40.103775" lon="9.585935">
      <ele>0</ele>
      <time>2026-04-13T11:42:25.630Z</time>
    </trkpt>
    <trkpt lat="40.103737" lon="9.586023">
      <ele>0</ele>
      <time>2026-04-13T11:42:27.195Z</time>
    </trkpt>
    <trkpt lat="40.103721" lon="9.586117">
      <ele>0</ele>
      <time>2026-04-13T11:42:28.759Z</time>
    </trkpt>
    <trkpt lat="40.103726" lon="9.586193">
      <ele>0</ele>
      <time>2026-04-13T11:42:30.324Z</time>
    </trkpt>
    <trkpt lat="40.103814" lon="9.586373">
      <ele>0</ele>
      <time>2026-04-13T11:42:31.888Z</time>
    </trkpt>
    <trkpt lat="40.103838" lon="9.586480">
      <ele>0</ele>
      <time>2026-04-13T11:42:33.453Z</time>
    </trkpt>
    <trkpt lat="40.103869" lon="9.586606">
      <ele>0</ele>
      <time>2026-04-13T11:42:35.017Z</time>
    </trkpt>
    <trkpt lat="40.103871" lon="9.586753">
      <ele>0</ele>
      <time>2026-04-13T11:42:36.582Z</time>
    </trkpt>
    <trkpt lat="40.103807" lon="9.587006">
      <ele>0</ele>
      <time>2026-04-13T11:42:38.147Z</time>
    </trkpt>
    <trkpt lat="40.103713" lon="9.587240">
      <ele>0</ele>
      <time>2026-04-13T11:42:39.711Z</time>
    </trkpt>
    <trkpt lat="40.103676" lon="9.587380">
      <ele>0</ele>
      <time>2026-04-13T11:42:41.276Z</time>
    </trkpt>
    <trkpt lat="40.103661" lon="9.587461">
      <ele>0</ele>
      <time>2026-04-13T11:42:42.840Z</time>
    </trkpt>
    <trkpt lat="40.103666" lon="9.587657">
      <ele>0</ele>
      <time>2026-04-13T11:42:44.405Z</time>
    </trkpt>
    <trkpt lat="40.103697" lon="9.587767">
      <ele>0</ele>
      <time>2026-04-13T11:42:45.969Z</time>
    </trkpt>
    <trkpt lat="40.103741" lon="9.587858">
      <ele>0</ele>
      <time>2026-04-13T11:42:47.534Z</time>
    </trkpt>
    <trkpt lat="40.103798" lon="9.587982">
      <ele>0</ele>
      <time>2026-04-13T11:42:49.098Z</time>
    </trkpt>
    <trkpt lat="40.103810" lon="9.588096">
      <ele>0</ele>
      <time>2026-04-13T11:42:50.663Z</time>
    </trkpt>
    <trkpt lat="40.103793" lon="9.588234">
      <ele>0</ele>
      <time>2026-04-13T11:42:52.228Z</time>
    </trkpt>
    <trkpt lat="40.103709" lon="9.588476">
      <ele>0</ele>
      <time>2026-04-13T11:42:53.792Z</time>
    </trkpt>
    <trkpt lat="40.103671" lon="9.588615">
      <ele>0</ele>
      <time>2026-04-13T11:42:55.357Z</time>
    </trkpt>
    <trkpt lat="40.103652" lon="9.588764">
      <ele>0</ele>
      <time>2026-04-13T11:42:56.921Z</time>
    </trkpt>
    <trkpt lat="40.103652" lon="9.588927">
      <ele>0</ele>
      <time>2026-04-13T11:42:58.486Z</time>
    </trkpt>
    <trkpt lat="40.103665" lon="9.589104">
      <ele>0</ele>
      <time>2026-04-13T11:43:00.050Z</time>
    </trkpt>
    <trkpt lat="40.103679" lon="9.589180">
      <ele>0</ele>
      <time>2026-04-13T11:43:01.615Z</time>
    </trkpt>
    <trkpt lat="40.103677" lon="9.589287">
      <ele>0</ele>
      <time>2026-04-13T11:43:03.179Z</time>
    </trkpt>
    <trkpt lat="40.103652" lon="9.589385">
      <ele>0</ele>
      <time>2026-04-13T11:43:04.744Z</time>
    </trkpt>
    <trkpt lat="40.103603" lon="9.589504">
      <ele>0</ele>
      <time>2026-04-13T11:43:06.309Z</time>
    </trkpt>
    <trkpt lat="40.102749" lon="9.590887">
      <ele>0</ele>
      <time>2026-04-13T11:43:07.873Z</time>
    </trkpt>
    <trkpt lat="40.102472" lon="9.591246">
      <ele>0</ele>
      <time>2026-04-13T11:43:09.438Z</time>
    </trkpt>
    <trkpt lat="40.102330" lon="9.591513">
      <ele>0</ele>
      <time>2026-04-13T11:43:11.002Z</time>
    </trkpt>
    <trkpt lat="40.102225" lon="9.591658">
      <ele>0</ele>
      <time>2026-04-13T11:43:12.567Z</time>
    </trkpt>
    <trkpt lat="40.102065" lon="9.591764">
      <ele>0</ele>
      <time>2026-04-13T11:43:14.131Z</time>
    </trkpt>
    <trkpt lat="40.101889" lon="9.591906">
      <ele>0</ele>
      <time>2026-04-13T11:43:15.696Z</time>
    </trkpt>
    <trkpt lat="40.101805" lon="9.592015">
      <ele>0</ele>
      <time>2026-04-13T11:43:17.261Z</time>
    </trkpt>
    <trkpt lat="40.101725" lon="9.592151">
      <ele>0</ele>
      <time>2026-04-13T11:43:18.825Z</time>
    </trkpt>
    <trkpt lat="40.100958" lon="9.593320">
      <ele>0</ele>
      <time>2026-04-13T11:43:20.390Z</time>
    </trkpt>
    <trkpt lat="40.100773" lon="9.593566">
      <ele>0</ele>
      <time>2026-04-13T11:43:21.954Z</time>
    </trkpt>
    <trkpt lat="40.100629" lon="9.593721">
      <ele>0</ele>
      <time>2026-04-13T11:43:23.519Z</time>
    </trkpt>
    <trkpt lat="40.100495" lon="9.593838">
      <ele>0</ele>
      <time>2026-04-13T11:43:25.083Z</time>
    </trkpt>
    <trkpt lat="40.099135" lon="9.594822">
      <ele>0</ele>
      <time>2026-04-13T11:43:26.648Z</time>
    </trkpt>
    <trkpt lat="40.098826" lon="9.595108">
      <ele>0</ele>
      <time>2026-04-13T11:43:28.212Z</time>
    </trkpt>
    <trkpt lat="40.098609" lon="9.595472">
      <ele>0</ele>
      <time>2026-04-13T11:43:29.777Z</time>
    </trkpt>
    <trkpt lat="40.098403" lon="9.596004">
      <ele>0</ele>
      <time>2026-04-13T11:43:31.342Z</time>
    </trkpt>
    <trkpt lat="40.098308" lon="9.596186">
      <ele>0</ele>
      <time>2026-04-13T11:43:32.906Z</time>
    </trkpt>
    <trkpt lat="40.098204" lon="9.596296">
      <ele>0</ele>
      <time>2026-04-13T11:43:34.471Z</time>
    </trkpt>
    <trkpt lat="40.098148" lon="9.596324">
      <ele>0</ele>
      <time>2026-04-13T11:43:36.035Z</time>
    </trkpt>
    <trkpt lat="40.098049" lon="9.596377">
      <ele>0</ele>
      <time>2026-04-13T11:43:37.600Z</time>
    </trkpt>
    <trkpt lat="40.097931" lon="9.596391">
      <ele>0</ele>
      <time>2026-04-13T11:43:39.164Z</time>
    </trkpt>
    <trkpt lat="40.097898" lon="9.596400">
      <ele>0</ele>
      <time>2026-04-13T11:43:40.729Z</time>
    </trkpt>
    <trkpt lat="40.097504" lon="9.596409">
      <ele>0</ele>
      <time>2026-04-13T11:43:42.294Z</time>
    </trkpt>
    <trkpt lat="40.096584" lon="9.596425">
      <ele>0</ele>
      <time>2026-04-13T11:43:43.858Z</time>
    </trkpt>
    <trkpt lat="40.096101" lon="9.596399">
      <ele>0</ele>
      <time>2026-04-13T11:43:45.423Z</time>
    </trkpt>
    <trkpt lat="40.095740" lon="9.596308">
      <ele>0</ele>
      <time>2026-04-13T11:43:46.987Z</time>
    </trkpt>
    <trkpt lat="40.095501" lon="9.596283">
      <ele>0</ele>
      <time>2026-04-13T11:43:48.552Z</time>
    </trkpt>
    <trkpt lat="40.095271" lon="9.596298">
      <ele>0</ele>
      <time>2026-04-13T11:43:50.116Z</time>
    </trkpt>
    <trkpt lat="40.094971" lon="9.596382">
      <ele>0</ele>
      <time>2026-04-13T11:43:51.681Z</time>
    </trkpt>
    <trkpt lat="40.094345" lon="9.596559">
      <ele>0</ele>
      <time>2026-04-13T11:43:53.245Z</time>
    </trkpt>
    <trkpt lat="40.093982" lon="9.596716">
      <ele>0</ele>
      <time>2026-04-13T11:43:54.810Z</time>
    </trkpt>
    <trkpt lat="40.093779" lon="9.596851">
      <ele>0</ele>
      <time>2026-04-13T11:43:56.375Z</time>
    </trkpt>
    <trkpt lat="40.093644" lon="9.597022">
      <ele>0</ele>
      <time>2026-04-13T11:43:57.939Z</time>
    </trkpt>
    <trkpt lat="40.092989" lon="9.597771">
      <ele>0</ele>
      <time>2026-04-13T11:43:59.504Z</time>
    </trkpt>
    <trkpt lat="40.092861" lon="9.597891">
      <ele>0</ele>
      <time>2026-04-13T11:44:01.068Z</time>
    </trkpt>
    <trkpt lat="40.092447" lon="9.598215">
      <ele>0</ele>
      <time>2026-04-13T11:44:02.633Z</time>
    </trkpt>
    <trkpt lat="40.091233" lon="9.598988">
      <ele>0</ele>
      <time>2026-04-13T11:44:04.197Z</time>
    </trkpt>
    <trkpt lat="40.091029" lon="9.599084">
      <ele>0</ele>
      <time>2026-04-13T11:44:05.762Z</time>
    </trkpt>
    <trkpt lat="40.090844" lon="9.599140">
      <ele>0</ele>
      <time>2026-04-13T11:44:07.326Z</time>
    </trkpt>
    <trkpt lat="40.090544" lon="9.599203">
      <ele>0</ele>
      <time>2026-04-13T11:44:08.891Z</time>
    </trkpt>
    <trkpt lat="40.090334" lon="9.599297">
      <ele>0</ele>
      <time>2026-04-13T11:44:10.456Z</time>
    </trkpt>
    <trkpt lat="40.090153" lon="9.599442">
      <ele>0</ele>
      <time>2026-04-13T11:44:12.020Z</time>
    </trkpt>
    <trkpt lat="40.089545" lon="9.600188">
      <ele>0</ele>
      <time>2026-04-13T11:44:13.585Z</time>
    </trkpt>
    <trkpt lat="40.088609" lon="9.601136">
      <ele>0</ele>
      <time>2026-04-13T11:44:15.149Z</time>
    </trkpt>
    <trkpt lat="40.087465" lon="9.602191">
      <ele>0</ele>
      <time>2026-04-13T11:44:16.714Z</time>
    </trkpt>
    <trkpt lat="40.087041" lon="9.602631">
      <ele>0</ele>
      <time>2026-04-13T11:44:18.278Z</time>
    </trkpt>
    <trkpt lat="40.086638" lon="9.603015">
      <ele>0</ele>
      <time>2026-04-13T11:44:19.843Z</time>
    </trkpt>
    <trkpt lat="40.086584" lon="9.603083">
      <ele>0</ele>
      <time>2026-04-13T11:44:21.408Z</time>
    </trkpt>
    <trkpt lat="40.086500" lon="9.603123">
      <ele>0</ele>
      <time>2026-04-13T11:44:22.972Z</time>
    </trkpt>
    <trkpt lat="40.086402" lon="9.603084">
      <ele>0</ele>
      <time>2026-04-13T11:44:24.537Z</time>
    </trkpt>
    <trkpt lat="40.086219" lon="9.602859">
      <ele>0</ele>
      <time>2026-04-13T11:44:26.101Z</time>
    </trkpt>
    <trkpt lat="40.086137" lon="9.602798">
      <ele>0</ele>
      <time>2026-04-13T11:44:27.666Z</time>
    </trkpt>
    <trkpt lat="40.086051" lon="9.602770">
      <ele>0</ele>
      <time>2026-04-13T11:44:29.230Z</time>
    </trkpt>
    <trkpt lat="40.085938" lon="9.602772">
      <ele>0</ele>
      <time>2026-04-13T11:44:30.795Z</time>
    </trkpt>
    <trkpt lat="40.085834" lon="9.602804">
      <ele>0</ele>
      <time>2026-04-13T11:44:32.359Z</time>
    </trkpt>
    <trkpt lat="40.085761" lon="9.602864">
      <ele>0</ele>
      <time>2026-04-13T11:44:33.924Z</time>
    </trkpt>
    <trkpt lat="40.085685" lon="9.602928">
      <ele>0</ele>
      <time>2026-04-13T11:44:35.489Z</time>
    </trkpt>
    <trkpt lat="40.085512" lon="9.603056">
      <ele>0</ele>
      <time>2026-04-13T11:44:37.053Z</time>
    </trkpt>
    <trkpt lat="40.085344" lon="9.603106">
      <ele>0</ele>
      <time>2026-04-13T11:44:38.618Z</time>
    </trkpt>
    <trkpt lat="40.085240" lon="9.603086">
      <ele>0</ele>
      <time>2026-04-13T11:44:40.182Z</time>
    </trkpt>
    <trkpt lat="40.085145" lon="9.603037">
      <ele>0</ele>
      <time>2026-04-13T11:44:41.747Z</time>
    </trkpt>
    <trkpt lat="40.084466" lon="9.602632">
      <ele>0</ele>
      <time>2026-04-13T11:44:43.311Z</time>
    </trkpt>
    <trkpt lat="40.084289" lon="9.602568">
      <ele>0</ele>
      <time>2026-04-13T11:44:44.876Z</time>
    </trkpt>
    <trkpt lat="40.084182" lon="9.602514">
      <ele>0</ele>
      <time>2026-04-13T11:44:46.440Z</time>
    </trkpt>
    <trkpt lat="40.084116" lon="9.602438">
      <ele>0</ele>
      <time>2026-04-13T11:44:48.005Z</time>
    </trkpt>
    <trkpt lat="40.083948" lon="9.602154">
      <ele>0</ele>
      <time>2026-04-13T11:44:49.570Z</time>
    </trkpt>
    <trkpt lat="40.083850" lon="9.601956">
      <ele>0</ele>
      <time>2026-04-13T11:44:51.134Z</time>
    </trkpt>
    <trkpt lat="40.083727" lon="9.601791">
      <ele>0</ele>
      <time>2026-04-13T11:44:52.699Z</time>
    </trkpt>
    <trkpt lat="40.083627" lon="9.601725">
      <ele>0</ele>
      <time>2026-04-13T11:44:54.263Z</time>
    </trkpt>
    <trkpt lat="40.083529" lon="9.601708">
      <ele>0</ele>
      <time>2026-04-13T11:44:55.828Z</time>
    </trkpt>
    <trkpt lat="40.083451" lon="9.601715">
      <ele>0</ele>
      <time>2026-04-13T11:44:57.392Z</time>
    </trkpt>
    <trkpt lat="40.083367" lon="9.601751">
      <ele>0</ele>
      <time>2026-04-13T11:44:58.957Z</time>
    </trkpt>
    <trkpt lat="40.083171" lon="9.601883">
      <ele>0</ele>
      <time>2026-04-13T11:45:00.522Z</time>
    </trkpt>
    <trkpt lat="40.083115" lon="9.601858">
      <ele>0</ele>
      <time>2026-04-13T11:45:02.086Z</time>
    </trkpt>
    <trkpt lat="40.082991" lon="9.601934">
      <ele>0</ele>
      <time>2026-04-13T11:45:03.651Z</time>
    </trkpt>
    <trkpt lat="40.082684" lon="9.601865">
      <ele>0</ele>
      <time>2026-04-13T11:45:05.215Z</time>
    </trkpt>
    <trkpt lat="40.082487" lon="9.601820">
      <ele>0</ele>
      <time>2026-04-13T11:45:06.780Z</time>
    </trkpt>
    <trkpt lat="40.082339" lon="9.601816">
      <ele>0</ele>
      <time>2026-04-13T11:45:08.344Z</time>
    </trkpt>
    <trkpt lat="40.081988" lon="9.601958">
      <ele>0</ele>
      <time>2026-04-13T11:45:09.909Z</time>
    </trkpt>
    <trkpt lat="40.081792" lon="9.602087">
      <ele>0</ele>
      <time>2026-04-13T11:45:11.473Z</time>
    </trkpt>
    <trkpt lat="40.081643" lon="9.602173">
      <ele>0</ele>
      <time>2026-04-13T11:45:13.038Z</time>
    </trkpt>
    <trkpt lat="40.081523" lon="9.602196">
      <ele>0</ele>
      <time>2026-04-13T11:45:14.603Z</time>
    </trkpt>
    <trkpt lat="40.081304" lon="9.602083">
      <ele>0</ele>
      <time>2026-04-13T11:45:16.167Z</time>
    </trkpt>
    <trkpt lat="40.081181" lon="9.602021">
      <ele>0</ele>
      <time>2026-04-13T11:45:17.732Z</time>
    </trkpt>
    <trkpt lat="40.081065" lon="9.602030">
      <ele>0</ele>
      <time>2026-04-13T11:45:19.296Z</time>
    </trkpt>
    <trkpt lat="40.080515" lon="9.602218">
      <ele>0</ele>
      <time>2026-04-13T11:45:20.861Z</time>
    </trkpt>
    <trkpt lat="40.080409" lon="9.602217">
      <ele>0</ele>
      <time>2026-04-13T11:45:22.425Z</time>
    </trkpt>
    <trkpt lat="40.080143" lon="9.602152">
      <ele>0</ele>
      <time>2026-04-13T11:45:23.990Z</time>
    </trkpt>
    <trkpt lat="40.079781" lon="9.602168">
      <ele>0</ele>
      <time>2026-04-13T11:45:25.554Z</time>
    </trkpt>
    <trkpt lat="40.079337" lon="9.602293">
      <ele>0</ele>
      <time>2026-04-13T11:45:27.119Z</time>
    </trkpt>
    <trkpt lat="40.078878" lon="9.602558">
      <ele>0</ele>
      <time>2026-04-13T11:45:28.684Z</time>
    </trkpt>
    <trkpt lat="40.078693" lon="9.602713">
      <ele>0</ele>
      <time>2026-04-13T11:45:30.248Z</time>
    </trkpt>
    <trkpt lat="40.078618" lon="9.602837">
      <ele>0</ele>
      <time>2026-04-13T11:45:31.813Z</time>
    </trkpt>
    <trkpt lat="40.078513" lon="9.603044">
      <ele>0</ele>
      <time>2026-04-13T11:45:33.377Z</time>
    </trkpt>
    <trkpt lat="40.078238" lon="9.603985">
      <ele>0</ele>
      <time>2026-04-13T11:45:34.942Z</time>
    </trkpt>
    <trkpt lat="40.078199" lon="9.604256">
      <ele>0</ele>
      <time>2026-04-13T11:45:36.506Z</time>
    </trkpt>
    <trkpt lat="40.078148" lon="9.604472">
      <ele>0</ele>
      <time>2026-04-13T11:45:38.071Z</time>
    </trkpt>
    <trkpt lat="40.078077" lon="9.604674">
      <ele>0</ele>
      <time>2026-04-13T11:45:39.636Z</time>
    </trkpt>
    <trkpt lat="40.077997" lon="9.604751">
      <ele>0</ele>
      <time>2026-04-13T11:45:41.200Z</time>
    </trkpt>
    <trkpt lat="40.077899" lon="9.604750">
      <ele>0</ele>
      <time>2026-04-13T11:45:42.765Z</time>
    </trkpt>
    <trkpt lat="40.077819" lon="9.604669">
      <ele>0</ele>
      <time>2026-04-13T11:45:44.329Z</time>
    </trkpt>
    <trkpt lat="40.077792" lon="9.604588">
      <ele>0</ele>
      <time>2026-04-13T11:45:45.894Z</time>
    </trkpt>
    <trkpt lat="40.077793" lon="9.604476">
      <ele>0</ele>
      <time>2026-04-13T11:45:47.458Z</time>
    </trkpt>
    <trkpt lat="40.077811" lon="9.604381">
      <ele>0</ele>
      <time>2026-04-13T11:45:49.023Z</time>
    </trkpt>
    <trkpt lat="40.077978" lon="9.603821">
      <ele>0</ele>
      <time>2026-04-13T11:45:50.587Z</time>
    </trkpt>
    <trkpt lat="40.077992" lon="9.603699">
      <ele>0</ele>
      <time>2026-04-13T11:45:52.152Z</time>
    </trkpt>
    <trkpt lat="40.077970" lon="9.603516">
      <ele>0</ele>
      <time>2026-04-13T11:45:53.717Z</time>
    </trkpt>
    <trkpt lat="40.077697" lon="9.602588">
      <ele>0</ele>
      <time>2026-04-13T11:45:55.281Z</time>
    </trkpt>
    <trkpt lat="40.077623" lon="9.602452">
      <ele>0</ele>
      <time>2026-04-13T11:45:56.846Z</time>
    </trkpt>
    <trkpt lat="40.077533" lon="9.602390">
      <ele>0</ele>
      <time>2026-04-13T11:45:58.410Z</time>
    </trkpt>
    <trkpt lat="40.077470" lon="9.602373">
      <ele>0</ele>
      <time>2026-04-13T11:45:59.975Z</time>
    </trkpt>
    <trkpt lat="40.077379" lon="9.602376">
      <ele>0</ele>
      <time>2026-04-13T11:46:01.539Z</time>
    </trkpt>
    <trkpt lat="40.077278" lon="9.602448">
      <ele>0</ele>
      <time>2026-04-13T11:46:03.104Z</time>
    </trkpt>
    <trkpt lat="40.077211" lon="9.602562">
      <ele>0</ele>
      <time>2026-04-13T11:46:04.669Z</time>
    </trkpt>
    <trkpt lat="40.077167" lon="9.602682">
      <ele>0</ele>
      <time>2026-04-13T11:46:06.233Z</time>
    </trkpt>
    <trkpt lat="40.077043" lon="9.603191">
      <ele>0</ele>
      <time>2026-04-13T11:46:07.798Z</time>
    </trkpt>
    <trkpt lat="40.076987" lon="9.603333">
      <ele>0</ele>
      <time>2026-04-13T11:46:09.362Z</time>
    </trkpt>
    <trkpt lat="40.076940" lon="9.603420">
      <ele>0</ele>
      <time>2026-04-13T11:46:10.927Z</time>
    </trkpt>
    <trkpt lat="40.076891" lon="9.603474">
      <ele>0</ele>
      <time>2026-04-13T11:46:12.491Z</time>
    </trkpt>
    <trkpt lat="40.076596" lon="9.603741">
      <ele>0</ele>
      <time>2026-04-13T11:46:14.056Z</time>
    </trkpt>
    <trkpt lat="40.076268" lon="9.603986">
      <ele>0</ele>
      <time>2026-04-13T11:46:15.620Z</time>
    </trkpt>
    <trkpt lat="40.076136" lon="9.604087">
      <ele>0</ele>
      <time>2026-04-13T11:46:17.185Z</time>
    </trkpt>
    <trkpt lat="40.075941" lon="9.604282">
      <ele>0</ele>
      <time>2026-04-13T11:46:18.750Z</time>
    </trkpt>
    <trkpt lat="40.075722" lon="9.604550">
      <ele>0</ele>
      <time>2026-04-13T11:46:20.314Z</time>
    </trkpt>
    <trkpt lat="40.075611" lon="9.604636">
      <ele>0</ele>
      <time>2026-04-13T11:46:21.879Z</time>
    </trkpt>
    <trkpt lat="40.075132" lon="9.604874">
      <ele>0</ele>
      <time>2026-04-13T11:46:23.443Z</time>
    </trkpt>
    <trkpt lat="40.074978" lon="9.604969">
      <ele>0</ele>
      <time>2026-04-13T11:46:25.008Z</time>
    </trkpt>
    <trkpt lat="40.074870" lon="9.605073">
      <ele>0</ele>
      <time>2026-04-13T11:46:26.572Z</time>
    </trkpt>
    <trkpt lat="40.074593" lon="9.605493">
      <ele>0</ele>
      <time>2026-04-13T11:46:28.137Z</time>
    </trkpt>
    <trkpt lat="40.074295" lon="9.605972">
      <ele>0</ele>
      <time>2026-04-13T11:46:29.701Z</time>
    </trkpt>
    <trkpt lat="40.074184" lon="9.606188">
      <ele>0</ele>
      <time>2026-04-13T11:46:31.266Z</time>
    </trkpt>
    <trkpt lat="40.074118" lon="9.606395">
      <ele>0</ele>
      <time>2026-04-13T11:46:32.831Z</time>
    </trkpt>
    <trkpt lat="40.074023" lon="9.607252">
      <ele>0</ele>
      <time>2026-04-13T11:46:34.395Z</time>
    </trkpt>
    <trkpt lat="40.073968" lon="9.607560">
      <ele>0</ele>
      <time>2026-04-13T11:46:35.960Z</time>
    </trkpt>
    <trkpt lat="40.073922" lon="9.607680">
      <ele>0</ele>
      <time>2026-04-13T11:46:37.524Z</time>
    </trkpt>
    <trkpt lat="40.073794" lon="9.607887">
      <ele>0</ele>
      <time>2026-04-13T11:46:39.089Z</time>
    </trkpt>
    <trkpt lat="40.073641" lon="9.608091">
      <ele>0</ele>
      <time>2026-04-13T11:46:40.653Z</time>
    </trkpt>
    <trkpt lat="40.073343" lon="9.608330">
      <ele>0</ele>
      <time>2026-04-13T11:46:42.218Z</time>
    </trkpt>
    <trkpt lat="40.073228" lon="9.608480">
      <ele>0</ele>
      <time>2026-04-13T11:46:43.783Z</time>
    </trkpt>
    <trkpt lat="40.073161" lon="9.608645">
      <ele>0</ele>
      <time>2026-04-13T11:46:45.347Z</time>
    </trkpt>
    <trkpt lat="40.073135" lon="9.608996">
      <ele>0</ele>
      <time>2026-04-13T11:46:46.912Z</time>
    </trkpt>
    <trkpt lat="40.073115" lon="9.609116">
      <ele>0</ele>
      <time>2026-04-13T11:46:48.476Z</time>
    </trkpt>
    <trkpt lat="40.073054" lon="9.609257">
      <ele>0</ele>
      <time>2026-04-13T11:46:50.041Z</time>
    </trkpt>
    <trkpt lat="40.072967" lon="9.609431">
      <ele>0</ele>
      <time>2026-04-13T11:46:51.605Z</time>
    </trkpt>
    <trkpt lat="40.072848" lon="9.609541">
      <ele>0</ele>
      <time>2026-04-13T11:46:53.170Z</time>
    </trkpt>
    <trkpt lat="40.072706" lon="9.609565">
      <ele>0</ele>
      <time>2026-04-13T11:46:54.734Z</time>
    </trkpt>
    <trkpt lat="40.072327" lon="9.609508">
      <ele>0</ele>
      <time>2026-04-13T11:46:56.299Z</time>
    </trkpt>
    <trkpt lat="40.072112" lon="9.609504">
      <ele>0</ele>
      <time>2026-04-13T11:46:57.864Z</time>
    </trkpt>
    <trkpt lat="40.071927" lon="9.609583">
      <ele>0</ele>
      <time>2026-04-13T11:46:59.428Z</time>
    </trkpt>
    <trkpt lat="40.071573" lon="9.609707">
      <ele>0</ele>
      <time>2026-04-13T11:47:00.993Z</time>
    </trkpt>
    <trkpt lat="40.071397" lon="9.609718">
      <ele>0</ele>
      <time>2026-04-13T11:47:02.557Z</time>
    </trkpt>
    <trkpt lat="40.071188" lon="9.609663">
      <ele>0</ele>
      <time>2026-04-13T11:47:04.122Z</time>
    </trkpt>
    <trkpt lat="40.070828" lon="9.609476">
      <ele>0</ele>
      <time>2026-04-13T11:47:05.686Z</time>
    </trkpt>
    <trkpt lat="40.070681" lon="9.609440">
      <ele>0</ele>
      <time>2026-04-13T11:47:07.251Z</time>
    </trkpt>
    <trkpt lat="40.070545" lon="9.609424">
      <ele>0</ele>
      <time>2026-04-13T11:47:08.815Z</time>
    </trkpt>
    <trkpt lat="40.070384" lon="9.609460">
      <ele>0</ele>
      <time>2026-04-13T11:47:10.380Z</time>
    </trkpt>
    <trkpt lat="40.069258" lon="9.610048">
      <ele>0</ele>
      <time>2026-04-13T11:47:11.945Z</time>
    </trkpt>
    <trkpt lat="40.069176" lon="9.610180">
      <ele>0</ele>
      <time>2026-04-13T11:47:13.509Z</time>
    </trkpt>
    <trkpt lat="40.069067" lon="9.610371">
      <ele>0</ele>
      <time>2026-04-13T11:47:15.074Z</time>
    </trkpt>
    <trkpt lat="40.068945" lon="9.610516">
      <ele>0</ele>
      <time>2026-04-13T11:47:16.638Z</time>
    </trkpt>
    <trkpt lat="40.068700" lon="9.610644">
      <ele>0</ele>
      <time>2026-04-13T11:47:18.203Z</time>
    </trkpt>
    <trkpt lat="40.068623" lon="9.610693">
      <ele>0</ele>
      <time>2026-04-13T11:47:19.767Z</time>
    </trkpt>
    <trkpt lat="40.068555" lon="9.610797">
      <ele>0</ele>
      <time>2026-04-13T11:47:21.332Z</time>
    </trkpt>
    <trkpt lat="40.068341" lon="9.611209">
      <ele>0</ele>
      <time>2026-04-13T11:47:22.897Z</time>
    </trkpt>
    <trkpt lat="40.068224" lon="9.611367">
      <ele>0</ele>
      <time>2026-04-13T11:47:24.461Z</time>
    </trkpt>
    <trkpt lat="40.068045" lon="9.611461">
      <ele>0</ele>
      <time>2026-04-13T11:47:26.026Z</time>
    </trkpt>
    <trkpt lat="40.067474" lon="9.611703">
      <ele>0</ele>
      <time>2026-04-13T11:47:27.590Z</time>
    </trkpt>
    <trkpt lat="40.067365" lon="9.611761">
      <ele>0</ele>
      <time>2026-04-13T11:47:29.155Z</time>
    </trkpt>
    <trkpt lat="40.067259" lon="9.611869">
      <ele>0</ele>
      <time>2026-04-13T11:47:30.719Z</time>
    </trkpt>
    <trkpt lat="40.067160" lon="9.611902">
      <ele>0</ele>
      <time>2026-04-13T11:47:32.284Z</time>
    </trkpt>
    <trkpt lat="40.067036" lon="9.611902">
      <ele>0</ele>
      <time>2026-04-13T11:47:33.848Z</time>
    </trkpt>
    <trkpt lat="40.066853" lon="9.611906">
      <ele>0</ele>
      <time>2026-04-13T11:47:35.413Z</time>
    </trkpt>
    <trkpt lat="40.066697" lon="9.611970">
      <ele>0</ele>
      <time>2026-04-13T11:47:36.978Z</time>
    </trkpt>
    <trkpt lat="40.066550" lon="9.612054">
      <ele>0</ele>
      <time>2026-04-13T11:47:38.542Z</time>
    </trkpt>
    <trkpt lat="40.066374" lon="9.612168">
      <ele>0</ele>
      <time>2026-04-13T11:47:40.107Z</time>
    </trkpt>
    <trkpt lat="40.066159" lon="9.612230">
      <ele>0</ele>
      <time>2026-04-13T11:47:41.671Z</time>
    </trkpt>
    <trkpt lat="40.065805" lon="9.612342">
      <ele>0</ele>
      <time>2026-04-13T11:47:43.236Z</time>
    </trkpt>
    <trkpt lat="40.065468" lon="9.612523">
      <ele>0</ele>
      <time>2026-04-13T11:47:44.800Z</time>
    </trkpt>
    <trkpt lat="40.065329" lon="9.612512">
      <ele>0</ele>
      <time>2026-04-13T11:47:46.365Z</time>
    </trkpt>
    <trkpt lat="40.065200" lon="9.612430">
      <ele>0</ele>
      <time>2026-04-13T11:47:47.929Z</time>
    </trkpt>
    <trkpt lat="40.065086" lon="9.612393">
      <ele>0</ele>
      <time>2026-04-13T11:47:49.494Z</time>
    </trkpt>
    <trkpt lat="40.064973" lon="9.612391">
      <ele>0</ele>
      <time>2026-04-13T11:47:51.059Z</time>
    </trkpt>
    <trkpt lat="40.064822" lon="9.612399">
      <ele>0</ele>
      <time>2026-04-13T11:47:52.623Z</time>
    </trkpt>
    <trkpt lat="40.064704" lon="9.612420">
      <ele>0</ele>
      <time>2026-04-13T11:47:54.188Z</time>
    </trkpt>
    <trkpt lat="40.064281" lon="9.612478">
      <ele>0</ele>
      <time>2026-04-13T11:47:55.752Z</time>
    </trkpt>
    <trkpt lat="40.063758" lon="9.612597">
      <ele>0</ele>
      <time>2026-04-13T11:47:57.317Z</time>
    </trkpt>
    <trkpt lat="40.063644" lon="9.612632">
      <ele>0</ele>
      <time>2026-04-13T11:47:58.881Z</time>
    </trkpt>
    <trkpt lat="40.063508" lon="9.612717">
      <ele>0</ele>
      <time>2026-04-13T11:48:00.446Z</time>
    </trkpt>
    <trkpt lat="40.063380" lon="9.612835">
      <ele>0</ele>
      <time>2026-04-13T11:48:02.011Z</time>
    </trkpt>
    <trkpt lat="40.063016" lon="9.613153">
      <ele>0</ele>
      <time>2026-04-13T11:48:03.575Z</time>
    </trkpt>
    <trkpt lat="40.062751" lon="9.613280">
      <ele>0</ele>
      <time>2026-04-13T11:48:05.140Z</time>
    </trkpt>
    <trkpt lat="40.062496" lon="9.613351">
      <ele>0</ele>
      <time>2026-04-13T11:48:06.704Z</time>
    </trkpt>
    <trkpt lat="40.062297" lon="9.613367">
      <ele>0</ele>
      <time>2026-04-13T11:48:08.269Z</time>
    </trkpt>
    <trkpt lat="40.061775" lon="9.613319">
      <ele>0</ele>
      <time>2026-04-13T11:48:09.833Z</time>
    </trkpt>
    <trkpt lat="40.061423" lon="9.613243">
      <ele>0</ele>
      <time>2026-04-13T11:48:11.398Z</time>
    </trkpt>
    <trkpt lat="40.061262" lon="9.613227">
      <ele>0</ele>
      <time>2026-04-13T11:48:12.962Z</time>
    </trkpt>
    <trkpt lat="40.061185" lon="9.613249">
      <ele>0</ele>
      <time>2026-04-13T11:48:14.527Z</time>
    </trkpt>
    <trkpt lat="40.061118" lon="9.613313">
      <ele>0</ele>
      <time>2026-04-13T11:48:16.092Z</time>
    </trkpt>
    <trkpt lat="40.060873" lon="9.613613">
      <ele>0</ele>
      <time>2026-04-13T11:48:17.656Z</time>
    </trkpt>
    <trkpt lat="40.060556" lon="9.613958">
      <ele>0</ele>
      <time>2026-04-13T11:48:19.221Z</time>
    </trkpt>
    <trkpt lat="40.060474" lon="9.614019">
      <ele>0</ele>
      <time>2026-04-13T11:48:20.785Z</time>
    </trkpt>
    <trkpt lat="40.060386" lon="9.614070">
      <ele>0</ele>
      <time>2026-04-13T11:48:22.350Z</time>
    </trkpt>
    <trkpt lat="40.060273" lon="9.614095">
      <ele>0</ele>
      <time>2026-04-13T11:48:23.914Z</time>
    </trkpt>
    <trkpt lat="40.060076" lon="9.614116">
      <ele>0</ele>
      <time>2026-04-13T11:48:25.479Z</time>
    </trkpt>
    <trkpt lat="40.060000" lon="9.614129">
      <ele>0</ele>
      <time>2026-04-13T11:48:27.044Z</time>
    </trkpt>
    <trkpt lat="40.059917" lon="9.614196">
      <ele>0</ele>
      <time>2026-04-13T11:48:28.608Z</time>
    </trkpt>
    <trkpt lat="40.059684" lon="9.614549">
      <ele>0</ele>
      <time>2026-04-13T11:48:30.173Z</time>
    </trkpt>
    <trkpt lat="40.059575" lon="9.614671">
      <ele>0</ele>
      <time>2026-04-13T11:48:31.737Z</time>
    </trkpt>
    <trkpt lat="40.059421" lon="9.614792">
      <ele>0</ele>
      <time>2026-04-13T11:48:33.302Z</time>
    </trkpt>
    <trkpt lat="40.059293" lon="9.614886">
      <ele>0</ele>
      <time>2026-04-13T11:48:34.866Z</time>
    </trkpt>
    <trkpt lat="40.059017" lon="9.614994">
      <ele>0</ele>
      <time>2026-04-13T11:48:36.431Z</time>
    </trkpt>
    <trkpt lat="40.058678" lon="9.615041">
      <ele>0</ele>
      <time>2026-04-13T11:48:37.995Z</time>
    </trkpt>
    <trkpt lat="40.058326" lon="9.615064">
      <ele>0</ele>
      <time>2026-04-13T11:48:39.560Z</time>
    </trkpt>
    <trkpt lat="40.058132" lon="9.615028">
      <ele>0</ele>
      <time>2026-04-13T11:48:41.125Z</time>
    </trkpt>
    <trkpt lat="40.057954" lon="9.614896">
      <ele>0</ele>
      <time>2026-04-13T11:48:42.689Z</time>
    </trkpt>
    <trkpt lat="40.057747" lon="9.614721">
      <ele>0</ele>
      <time>2026-04-13T11:48:44.254Z</time>
    </trkpt>
    <trkpt lat="40.057627" lon="9.614643">
      <ele>0</ele>
      <time>2026-04-13T11:48:45.818Z</time>
    </trkpt>
    <trkpt lat="40.057520" lon="9.614644">
      <ele>0</ele>
      <time>2026-04-13T11:48:47.383Z</time>
    </trkpt>
    <trkpt lat="40.057337" lon="9.614718">
      <ele>0</ele>
      <time>2026-04-13T11:48:48.947Z</time>
    </trkpt>
    <trkpt lat="40.057182" lon="9.614783">
      <ele>0</ele>
      <time>2026-04-13T11:48:50.512Z</time>
    </trkpt>
    <trkpt lat="40.057025" lon="9.614814">
      <ele>0</ele>
      <time>2026-04-13T11:48:52.076Z</time>
    </trkpt>
    <trkpt lat="40.056836" lon="9.614761">
      <ele>0</ele>
      <time>2026-04-13T11:48:53.641Z</time>
    </trkpt>
    <trkpt lat="40.056701" lon="9.614689">
      <ele>0</ele>
      <time>2026-04-13T11:48:55.206Z</time>
    </trkpt>
    <trkpt lat="40.056498" lon="9.614592">
      <ele>0</ele>
      <time>2026-04-13T11:48:56.770Z</time>
    </trkpt>
    <trkpt lat="40.056313" lon="9.614553">
      <ele>0</ele>
      <time>2026-04-13T11:48:58.335Z</time>
    </trkpt>
    <trkpt lat="40.056148" lon="9.614611">
      <ele>0</ele>
      <time>2026-04-13T11:48:59.899Z</time>
    </trkpt>
    <trkpt lat="40.055992" lon="9.614710">
      <ele>0</ele>
      <time>2026-04-13T11:49:01.464Z</time>
    </trkpt>
    <trkpt lat="40.055577" lon="9.614991">
      <ele>0</ele>
      <time>2026-04-13T11:49:03.028Z</time>
    </trkpt>
    <trkpt lat="40.055145" lon="9.615349">
      <ele>0</ele>
      <time>2026-04-13T11:49:04.593Z</time>
    </trkpt>
    <trkpt lat="40.055080" lon="9.615423">
      <ele>0</ele>
      <time>2026-04-13T11:49:06.158Z</time>
    </trkpt>
    <trkpt lat="40.055055" lon="9.615511">
      <ele>0</ele>
      <time>2026-04-13T11:49:07.722Z</time>
    </trkpt>
    <trkpt lat="40.055052" lon="9.615644">
      <ele>0</ele>
      <time>2026-04-13T11:49:09.287Z</time>
    </trkpt>
    <trkpt lat="40.055115" lon="9.615744">
      <ele>0</ele>
      <time>2026-04-13T11:49:10.851Z</time>
    </trkpt>
    <trkpt lat="40.055304" lon="9.615864">
      <ele>0</ele>
      <time>2026-04-13T11:49:12.416Z</time>
    </trkpt>
    <trkpt lat="40.055453" lon="9.615989">
      <ele>0</ele>
      <time>2026-04-13T11:49:13.980Z</time>
    </trkpt>
    <trkpt lat="40.055562" lon="9.616169">
      <ele>0</ele>
      <time>2026-04-13T11:49:15.545Z</time>
    </trkpt>
    <trkpt lat="40.055676" lon="9.616577">
      <ele>0</ele>
      <time>2026-04-13T11:49:17.109Z</time>
    </trkpt>
    <trkpt lat="40.055832" lon="9.616972">
      <ele>0</ele>
      <time>2026-04-13T11:49:18.674Z</time>
    </trkpt>
    <trkpt lat="40.055897" lon="9.617280">
      <ele>0</ele>
      <time>2026-04-13T11:49:20.239Z</time>
    </trkpt>
    <trkpt lat="40.055894" lon="9.617678">
      <ele>0</ele>
      <time>2026-04-13T11:49:21.803Z</time>
    </trkpt>
    <trkpt lat="40.055744" lon="9.618357">
      <ele>0</ele>
      <time>2026-04-13T11:49:23.368Z</time>
    </trkpt>
    <trkpt lat="40.055702" lon="9.618639">
      <ele>0</ele>
      <time>2026-04-13T11:49:24.932Z</time>
    </trkpt>
    <trkpt lat="40.055706" lon="9.618858">
      <ele>0</ele>
      <time>2026-04-13T11:49:26.497Z</time>
    </trkpt>
    <trkpt lat="40.055759" lon="9.619049">
      <ele>0</ele>
      <time>2026-04-13T11:49:28.061Z</time>
    </trkpt>
    <trkpt lat="40.055993" lon="9.619550">
      <ele>0</ele>
      <time>2026-04-13T11:49:29.626Z</time>
    </trkpt>
    <trkpt lat="40.056059" lon="9.619788">
      <ele>0</ele>
      <time>2026-04-13T11:49:31.190Z</time>
    </trkpt>
    <trkpt lat="40.056159" lon="9.620270">
      <ele>0</ele>
      <time>2026-04-13T11:49:32.755Z</time>
    </trkpt>
    <trkpt lat="40.056188" lon="9.620594">
      <ele>0</ele>
      <time>2026-04-13T11:49:34.320Z</time>
    </trkpt>
    <trkpt lat="40.056251" lon="9.620976">
      <ele>0</ele>
      <time>2026-04-13T11:49:35.884Z</time>
    </trkpt>
    <trkpt lat="40.056509" lon="9.621746">
      <ele>0</ele>
      <time>2026-04-13T11:49:37.449Z</time>
    </trkpt>
    <trkpt lat="40.056580" lon="9.621892">
      <ele>0</ele>
      <time>2026-04-13T11:49:39.013Z</time>
    </trkpt>
    <trkpt lat="40.056808" lon="9.622132">
      <ele>0</ele>
      <time>2026-04-13T11:49:40.578Z</time>
    </trkpt>
    <trkpt lat="40.056890" lon="9.622323">
      <ele>0</ele>
      <time>2026-04-13T11:49:42.142Z</time>
    </trkpt>
    <trkpt lat="40.056926" lon="9.622519">
      <ele>0</ele>
      <time>2026-04-13T11:49:43.707Z</time>
    </trkpt>
    <trkpt lat="40.056909" lon="9.622725">
      <ele>0</ele>
      <time>2026-04-13T11:49:45.272Z</time>
    </trkpt>
    <trkpt lat="40.056836" lon="9.623077">
      <ele>0</ele>
      <time>2026-04-13T11:49:46.836Z</time>
    </trkpt>
    <trkpt lat="40.056790" lon="9.623283">
      <ele>0</ele>
      <time>2026-04-13T11:49:48.401Z</time>
    </trkpt>
    <trkpt lat="40.056762" lon="9.623449">
      <ele>0</ele>
      <time>2026-04-13T11:49:49.965Z</time>
    </trkpt>
    <trkpt lat="40.056753" lon="9.623953">
      <ele>0</ele>
      <time>2026-04-13T11:49:51.530Z</time>
    </trkpt>
    <trkpt lat="40.056698" lon="9.624212">
      <ele>0</ele>
      <time>2026-04-13T11:49:53.094Z</time>
    </trkpt>
    <trkpt lat="40.056599" lon="9.624472">
      <ele>0</ele>
      <time>2026-04-13T11:49:54.659Z</time>
    </trkpt>
    <trkpt lat="40.056493" lon="9.624658">
      <ele>0</ele>
      <time>2026-04-13T11:49:56.223Z</time>
    </trkpt>
    <trkpt lat="40.056342" lon="9.624834">
      <ele>0</ele>
      <time>2026-04-13T11:49:57.788Z</time>
    </trkpt>
    <trkpt lat="40.056228" lon="9.624918">
      <ele>0</ele>
      <time>2026-04-13T11:49:59.353Z</time>
    </trkpt>
    <trkpt lat="40.056060" lon="9.624984">
      <ele>0</ele>
      <time>2026-04-13T11:50:00.917Z</time>
    </trkpt>
    <trkpt lat="40.055857" lon="9.625002">
      <ele>0</ele>
      <time>2026-04-13T11:50:02.482Z</time>
    </trkpt>
    <trkpt lat="40.055702" lon="9.624976">
      <ele>0</ele>
      <time>2026-04-13T11:50:04.046Z</time>
    </trkpt>
    <trkpt lat="40.055539" lon="9.624852">
      <ele>0</ele>
      <time>2026-04-13T11:50:05.611Z</time>
    </trkpt>
    <trkpt lat="40.055446" lon="9.624791">
      <ele>0</ele>
      <time>2026-04-13T11:50:07.175Z</time>
    </trkpt>
    <trkpt lat="40.055318" lon="9.624749">
      <ele>0</ele>
      <time>2026-04-13T11:50:08.740Z</time>
    </trkpt>
    <trkpt lat="40.055213" lon="9.624740">
      <ele>0</ele>
      <time>2026-04-13T11:50:10.304Z</time>
    </trkpt>
    <trkpt lat="40.055075" lon="9.624772">
      <ele>0</ele>
      <time>2026-04-13T11:50:11.869Z</time>
    </trkpt>
    <trkpt lat="40.054986" lon="9.624833">
      <ele>0</ele>
      <time>2026-04-13T11:50:13.434Z</time>
    </trkpt>
    <trkpt lat="40.054864" lon="9.624981">
      <ele>0</ele>
      <time>2026-04-13T11:50:14.998Z</time>
    </trkpt>
    <trkpt lat="40.054755" lon="9.625128">
      <ele>0</ele>
      <time>2026-04-13T11:50:16.563Z</time>
    </trkpt>
    <trkpt lat="40.054605" lon="9.625382">
      <ele>0</ele>
      <time>2026-04-13T11:50:18.127Z</time>
    </trkpt>
    <trkpt lat="40.054546" lon="9.625554">
      <ele>0</ele>
      <time>2026-04-13T11:50:19.692Z</time>
    </trkpt>
    <trkpt lat="40.054531" lon="9.625603">
      <ele>0</ele>
      <time>2026-04-13T11:50:21.256Z</time>
    </trkpt>
    <trkpt lat="40.054447" lon="9.625878">
      <ele>0</ele>
      <time>2026-04-13T11:50:22.821Z</time>
    </trkpt>
    <trkpt lat="40.054403" lon="9.626021">
      <ele>0</ele>
      <time>2026-04-13T11:50:24.386Z</time>
    </trkpt>
    <trkpt lat="40.054371" lon="9.626159">
      <ele>0</ele>
      <time>2026-04-13T11:50:25.950Z</time>
    </trkpt>
    <trkpt lat="40.054326" lon="9.626368">
      <ele>0</ele>
      <time>2026-04-13T11:50:27.515Z</time>
    </trkpt>
    <trkpt lat="40.054311" lon="9.626533">
      <ele>0</ele>
      <time>2026-04-13T11:50:29.079Z</time>
    </trkpt>
    <trkpt lat="40.054343" lon="9.626777">
      <ele>0</ele>
      <time>2026-04-13T11:50:30.644Z</time>
    </trkpt>
    <trkpt lat="40.054405" lon="9.627011">
      <ele>0</ele>
      <time>2026-04-13T11:50:32.208Z</time>
    </trkpt>
    <trkpt lat="40.054406" lon="9.627159">
      <ele>0</ele>
      <time>2026-04-13T11:50:33.773Z</time>
    </trkpt>
    <trkpt lat="40.054391" lon="9.627280">
      <ele>0</ele>
      <time>2026-04-13T11:50:35.337Z</time>
    </trkpt>
    <trkpt lat="40.054346" lon="9.627425">
      <ele>0</ele>
      <time>2026-04-13T11:50:36.902Z</time>
    </trkpt>
    <trkpt lat="40.054273" lon="9.627631">
      <ele>0</ele>
      <time>2026-04-13T11:50:38.467Z</time>
    </trkpt>
    <trkpt lat="40.054174" lon="9.627850">
      <ele>0</ele>
      <time>2026-04-13T11:50:40.031Z</time>
    </trkpt>
    <trkpt lat="40.054044" lon="9.628020">
      <ele>0</ele>
      <time>2026-04-13T11:50:41.596Z</time>
    </trkpt>
    <trkpt lat="40.053851" lon="9.628176">
      <ele>0</ele>
      <time>2026-04-13T11:50:43.160Z</time>
    </trkpt>
    <trkpt lat="40.053726" lon="9.628254">
      <ele>0</ele>
      <time>2026-04-13T11:50:44.725Z</time>
    </trkpt>
    <trkpt lat="40.053662" lon="9.628327">
      <ele>0</ele>
      <time>2026-04-13T11:50:46.289Z</time>
    </trkpt>
    <trkpt lat="40.053616" lon="9.628437">
      <ele>0</ele>
      <time>2026-04-13T11:50:47.854Z</time>
    </trkpt>
    <trkpt lat="40.053606" lon="9.628588">
      <ele>0</ele>
      <time>2026-04-13T11:50:49.419Z</time>
    </trkpt>
    <trkpt lat="40.053681" lon="9.628889">
      <ele>0</ele>
      <time>2026-04-13T11:50:50.983Z</time>
    </trkpt>
    <trkpt lat="40.053712" lon="9.629070">
      <ele>0</ele>
      <time>2026-04-13T11:50:52.548Z</time>
    </trkpt>
    <trkpt lat="40.053712" lon="9.629252">
      <ele>0</ele>
      <time>2026-04-13T11:50:54.112Z</time>
    </trkpt>
    <trkpt lat="40.053700" lon="9.629467">
      <ele>0</ele>
      <time>2026-04-13T11:50:55.677Z</time>
    </trkpt>
    <trkpt lat="40.053552" lon="9.630141">
      <ele>0</ele>
      <time>2026-04-13T11:50:57.241Z</time>
    </trkpt>
    <trkpt lat="40.053521" lon="9.630490">
      <ele>0</ele>
      <time>2026-04-13T11:50:58.806Z</time>
    </trkpt>
    <trkpt lat="40.053496" lon="9.630617">
      <ele>0</ele>
      <time>2026-04-13T11:51:00.370Z</time>
    </trkpt>
    <trkpt lat="40.053445" lon="9.630753">
      <ele>0</ele>
      <time>2026-04-13T11:51:01.935Z</time>
    </trkpt>
    <trkpt lat="40.053359" lon="9.630888">
      <ele>0</ele>
      <time>2026-04-13T11:51:03.500Z</time>
    </trkpt>
    <trkpt lat="40.053277" lon="9.630990">
      <ele>0</ele>
      <time>2026-04-13T11:51:05.064Z</time>
    </trkpt>
    <trkpt lat="40.053223" lon="9.631073">
      <ele>0</ele>
      <time>2026-04-13T11:51:06.629Z</time>
    </trkpt>
    <trkpt lat="40.053188" lon="9.631147">
      <ele>0</ele>
      <time>2026-04-13T11:51:08.193Z</time>
    </trkpt>
    <trkpt lat="40.052958" lon="9.631862">
      <ele>0</ele>
      <time>2026-04-13T11:51:09.758Z</time>
    </trkpt>
    <trkpt lat="40.052920" lon="9.631965">
      <ele>0</ele>
      <time>2026-04-13T11:51:11.322Z</time>
    </trkpt>
    <trkpt lat="40.052855" lon="9.632055">
      <ele>0</ele>
      <time>2026-04-13T11:51:12.887Z</time>
    </trkpt>
    <trkpt lat="40.052262" lon="9.632827">
      <ele>0</ele>
      <time>2026-04-13T11:51:14.451Z</time>
    </trkpt>
    <trkpt lat="40.052148" lon="9.632990">
      <ele>0</ele>
      <time>2026-04-13T11:51:16.016Z</time>
    </trkpt>
    <trkpt lat="40.052086" lon="9.633110">
      <ele>0</ele>
      <time>2026-04-13T11:51:17.581Z</time>
    </trkpt>
    <trkpt lat="40.052017" lon="9.633303">
      <ele>0</ele>
      <time>2026-04-13T11:51:19.145Z</time>
    </trkpt>
    <trkpt lat="40.051943" lon="9.633605">
      <ele>0</ele>
      <time>2026-04-13T11:51:20.710Z</time>
    </trkpt>
    <trkpt lat="40.051904" lon="9.633860">
      <ele>0</ele>
      <time>2026-04-13T11:51:22.274Z</time>
    </trkpt>
    <trkpt lat="40.051913" lon="9.634088">
      <ele>0</ele>
      <time>2026-04-13T11:51:23.839Z</time>
    </trkpt>
    <trkpt lat="40.051957" lon="9.634338">
      <ele>0</ele>
      <time>2026-04-13T11:51:25.403Z</time>
    </trkpt>
    <trkpt lat="40.052030" lon="9.634549">
      <ele>0</ele>
      <time>2026-04-13T11:51:26.968Z</time>
    </trkpt>
    <trkpt lat="40.052135" lon="9.634732">
      <ele>0</ele>
      <time>2026-04-13T11:51:28.533Z</time>
    </trkpt>
    <trkpt lat="40.052167" lon="9.634827">
      <ele>0</ele>
      <time>2026-04-13T11:51:30.097Z</time>
    </trkpt>
    <trkpt lat="40.052170" lon="9.634928">
      <ele>0</ele>
      <time>2026-04-13T11:51:31.662Z</time>
    </trkpt>
    <trkpt lat="40.052141" lon="9.635020">
      <ele>0</ele>
      <time>2026-04-13T11:51:33.226Z</time>
    </trkpt>
    <trkpt lat="40.052029" lon="9.635131">
      <ele>0</ele>
      <time>2026-04-13T11:51:34.791Z</time>
    </trkpt>
    <trkpt lat="40.051897" lon="9.635247">
      <ele>0</ele>
      <time>2026-04-13T11:51:36.355Z</time>
    </trkpt>
    <trkpt lat="40.051859" lon="9.635319">
      <ele>0</ele>
      <time>2026-04-13T11:51:37.920Z</time>
    </trkpt>
    <trkpt lat="40.051843" lon="9.635432">
      <ele>0</ele>
      <time>2026-04-13T11:51:39.484Z</time>
    </trkpt>
    <trkpt lat="40.051860" lon="9.635578">
      <ele>0</ele>
      <time>2026-04-13T11:51:41.049Z</time>
    </trkpt>
    <trkpt lat="40.051967" lon="9.635782">
      <ele>0</ele>
      <time>2026-04-13T11:51:42.614Z</time>
    </trkpt>
    <trkpt lat="40.052082" lon="9.635939">
      <ele>0</ele>
      <time>2026-04-13T11:51:44.178Z</time>
    </trkpt>
    <trkpt lat="40.052117" lon="9.636040">
      <ele>0</ele>
      <time>2026-04-13T11:51:45.743Z</time>
    </trkpt>
    <trkpt lat="40.052117" lon="9.636124">
      <ele>0</ele>
      <time>2026-04-13T11:51:47.307Z</time>
    </trkpt>
    <trkpt lat="40.052093" lon="9.636207">
      <ele>0</ele>
      <time>2026-04-13T11:51:48.872Z</time>
    </trkpt>
    <trkpt lat="40.051925" lon="9.636454">
      <ele>0</ele>
      <time>2026-04-13T11:51:50.436Z</time>
    </trkpt>
    <trkpt lat="40.051785" lon="9.636792">
      <ele>0</ele>
      <time>2026-04-13T11:51:52.001Z</time>
    </trkpt>
    <trkpt lat="40.051718" lon="9.636998">
      <ele>0</ele>
      <time>2026-04-13T11:51:53.565Z</time>
    </trkpt>
    <trkpt lat="40.051709" lon="9.637227">
      <ele>0</ele>
      <time>2026-04-13T11:51:55.130Z</time>
    </trkpt>
    <trkpt lat="40.051684" lon="9.637396">
      <ele>0</ele>
      <time>2026-04-13T11:51:56.695Z</time>
    </trkpt>
    <trkpt lat="40.051637" lon="9.637522">
      <ele>0</ele>
      <time>2026-04-13T11:51:58.259Z</time>
    </trkpt>
    <trkpt lat="40.051449" lon="9.637842">
      <ele>0</ele>
      <time>2026-04-13T11:51:59.824Z</time>
    </trkpt>
    <trkpt lat="40.051361" lon="9.637930">
      <ele>0</ele>
      <time>2026-04-13T11:52:01.388Z</time>
    </trkpt>
    <trkpt lat="40.051282" lon="9.638016">
      <ele>0</ele>
      <time>2026-04-13T11:52:02.953Z</time>
    </trkpt>
    <trkpt lat="40.051202" lon="9.638155">
      <ele>0</ele>
      <time>2026-04-13T11:52:04.517Z</time>
    </trkpt>
    <trkpt lat="40.050823" lon="9.639190">
      <ele>0</ele>
      <time>2026-04-13T11:52:06.082Z</time>
    </trkpt>
    <trkpt lat="40.050752" lon="9.639387">
      <ele>0</ele>
      <time>2026-04-13T11:52:07.647Z</time>
    </trkpt>
    <trkpt lat="40.050726" lon="9.639486">
      <ele>0</ele>
      <time>2026-04-13T11:52:09.211Z</time>
    </trkpt>
    <trkpt lat="40.050711" lon="9.639595">
      <ele>0</ele>
      <time>2026-04-13T11:52:10.776Z</time>
    </trkpt>
    <trkpt lat="40.050709" lon="9.639829">
      <ele>0</ele>
      <time>2026-04-13T11:52:12.340Z</time>
    </trkpt>
    <trkpt lat="40.050693" lon="9.640294">
      <ele>0</ele>
      <time>2026-04-13T11:52:13.905Z</time>
    </trkpt>
    <trkpt lat="40.050611" lon="9.641896">
      <ele>0</ele>
      <time>2026-04-13T11:52:15.469Z</time>
    </trkpt>
    <trkpt lat="40.050596" lon="9.642084">
      <ele>0</ele>
      <time>2026-04-13T11:52:17.034Z</time>
    </trkpt>
    <trkpt lat="40.050588" lon="9.642216">
      <ele>0</ele>
      <time>2026-04-13T11:52:18.598Z</time>
    </trkpt>
    <trkpt lat="40.050557" lon="9.642348">
      <ele>0</ele>
      <time>2026-04-13T11:52:20.163Z</time>
    </trkpt>
    <trkpt lat="40.050456" lon="9.642666">
      <ele>0</ele>
      <time>2026-04-13T11:52:21.728Z</time>
    </trkpt>
    <trkpt lat="40.050285" lon="9.643281">
      <ele>0</ele>
      <time>2026-04-13T11:52:23.292Z</time>
    </trkpt>
    <trkpt lat="40.050227" lon="9.643482">
      <ele>0</ele>
      <time>2026-04-13T11:52:24.857Z</time>
    </trkpt>
    <trkpt lat="40.050163" lon="9.643664">
      <ele>0</ele>
      <time>2026-04-13T11:52:26.421Z</time>
    </trkpt>
    <trkpt lat="40.050093" lon="9.643788">
      <ele>0</ele>
      <time>2026-04-13T11:52:27.986Z</time>
    </trkpt>
    <trkpt lat="40.049902" lon="9.644093">
      <ele>0</ele>
      <time>2026-04-13T11:52:29.550Z</time>
    </trkpt>
    <trkpt lat="40.049426" lon="9.644956">
      <ele>0</ele>
      <time>2026-04-13T11:52:31.115Z</time>
    </trkpt>
    <trkpt lat="40.048900" lon="9.645873">
      <ele>0</ele>
      <time>2026-04-13T11:52:32.679Z</time>
    </trkpt>
    <trkpt lat="40.048142" lon="9.647327">
      <ele>0</ele>
      <time>2026-04-13T11:52:34.244Z</time>
    </trkpt>
    <trkpt lat="40.048077" lon="9.647455">
      <ele>0</ele>
      <time>2026-04-13T11:52:35.809Z</time>
    </trkpt>
    <trkpt lat="40.048027" lon="9.647616">
      <ele>0</ele>
      <time>2026-04-13T11:52:37.373Z</time>
    </trkpt>
    <trkpt lat="40.047874" lon="9.648380">
      <ele>0</ele>
      <time>2026-04-13T11:52:38.938Z</time>
    </trkpt>
    <trkpt lat="40.047836" lon="9.648521">
      <ele>0</ele>
      <time>2026-04-13T11:52:40.502Z</time>
    </trkpt>
    <trkpt lat="40.047745" lon="9.648738">
      <ele>0</ele>
      <time>2026-04-13T11:52:42.067Z</time>
    </trkpt>
    <trkpt lat="40.047684" lon="9.648869">
      <ele>0</ele>
      <time>2026-04-13T11:52:43.631Z</time>
    </trkpt>
    <trkpt lat="40.047643" lon="9.648939">
      <ele>0</ele>
      <time>2026-04-13T11:52:45.196Z</time>
    </trkpt>
    <trkpt lat="40.047583" lon="9.649028">
      <ele>0</ele>
      <time>2026-04-13T11:52:46.761Z</time>
    </trkpt>
    <trkpt lat="40.047433" lon="9.649140">
      <ele>0</ele>
      <time>2026-04-13T11:52:48.325Z</time>
    </trkpt>
    <trkpt lat="40.047210" lon="9.649238">
      <ele>0</ele>
      <time>2026-04-13T11:52:49.890Z</time>
    </trkpt>
    <trkpt lat="40.047075" lon="9.649350">
      <ele>0</ele>
      <time>2026-04-13T11:52:51.454Z</time>
    </trkpt>
    <trkpt lat="40.046926" lon="9.649525">
      <ele>0</ele>
      <time>2026-04-13T11:52:53.019Z</time>
    </trkpt>
    <trkpt lat="40.045806" lon="9.651158">
      <ele>0</ele>
      <time>2026-04-13T11:52:54.583Z</time>
    </trkpt>
    <trkpt lat="40.045725" lon="9.651276">
      <ele>0</ele>
      <time>2026-04-13T11:52:56.148Z</time>
    </trkpt>
    <trkpt lat="40.045590" lon="9.651498">
      <ele>0</ele>
      <time>2026-04-13T11:52:57.712Z</time>
    </trkpt>
    <trkpt lat="40.045506" lon="9.651656">
      <ele>0</ele>
      <time>2026-04-13T11:52:59.277Z</time>
    </trkpt>
    <trkpt lat="40.045406" lon="9.651887">
      <ele>0</ele>
      <time>2026-04-13T11:53:00.842Z</time>
    </trkpt>
    <trkpt lat="40.045156" lon="9.652501">
      <ele>0</ele>
      <time>2026-04-13T11:53:02.406Z</time>
    </trkpt>
    <trkpt lat="40.044767" lon="9.653317">
      <ele>0</ele>
      <time>2026-04-13T11:53:03.971Z</time>
    </trkpt>
    <trkpt lat="40.044425" lon="9.653968">
      <ele>0</ele>
      <time>2026-04-13T11:53:05.535Z</time>
    </trkpt>
    <trkpt lat="40.044298" lon="9.654183">
      <ele>0</ele>
      <time>2026-04-13T11:53:07.100Z</time>
    </trkpt>
    <trkpt lat="40.044185" lon="9.654318">
      <ele>0</ele>
      <time>2026-04-13T11:53:08.664Z</time>
    </trkpt>
    <trkpt lat="40.043889" lon="9.654607">
      <ele>0</ele>
      <time>2026-04-13T11:53:10.229Z</time>
    </trkpt>
    <trkpt lat="40.043509" lon="9.654867">
      <ele>0</ele>
      <time>2026-04-13T11:53:11.794Z</time>
    </trkpt>
    <trkpt lat="40.042846" lon="9.655349">
      <ele>0</ele>
      <time>2026-04-13T11:53:13.358Z</time>
    </trkpt>
    <trkpt lat="40.042674" lon="9.655445">
      <ele>0</ele>
      <time>2026-04-13T11:53:14.923Z</time>
    </trkpt>
    <trkpt lat="40.042598" lon="9.655536">
      <ele>0</ele>
      <time>2026-04-13T11:53:16.487Z</time>
    </trkpt>
    <trkpt lat="40.042473" lon="9.655765">
      <ele>0</ele>
      <time>2026-04-13T11:53:18.052Z</time>
    </trkpt>
    <trkpt lat="40.042389" lon="9.655941">
      <ele>0</ele>
      <time>2026-04-13T11:53:19.616Z</time>
    </trkpt>
    <trkpt lat="40.042310" lon="9.656038">
      <ele>0</ele>
      <time>2026-04-13T11:53:21.181Z</time>
    </trkpt>
    <trkpt lat="40.042205" lon="9.656145">
      <ele>0</ele>
      <time>2026-04-13T11:53:22.745Z</time>
    </trkpt>
    <trkpt lat="40.042099" lon="9.656222">
      <ele>0</ele>
      <time>2026-04-13T11:53:24.310Z</time>
    </trkpt>
    <trkpt lat="40.041850" lon="9.656302">
      <ele>0</ele>
      <time>2026-04-13T11:53:25.875Z</time>
    </trkpt>
    <trkpt lat="40.041725" lon="9.656347">
      <ele>0</ele>
      <time>2026-04-13T11:53:27.439Z</time>
    </trkpt>
    <trkpt lat="40.041595" lon="9.656417">
      <ele>0</ele>
      <time>2026-04-13T11:53:29.004Z</time>
    </trkpt>
    <trkpt lat="40.041470" lon="9.656493">
      <ele>0</ele>
      <time>2026-04-13T11:53:30.568Z</time>
    </trkpt>
    <trkpt lat="40.040220" lon="9.657457">
      <ele>0</ele>
      <time>2026-04-13T11:53:32.133Z</time>
    </trkpt>
    <trkpt lat="40.040119" lon="9.657533">
      <ele>0</ele>
      <time>2026-04-13T11:53:33.697Z</time>
    </trkpt>
    <trkpt lat="40.040020" lon="9.657578">
      <ele>0</ele>
      <time>2026-04-13T11:53:35.262Z</time>
    </trkpt>
    <trkpt lat="40.038817" lon="9.658054">
      <ele>0</ele>
      <time>2026-04-13T11:53:36.826Z</time>
    </trkpt>
    <trkpt lat="40.038685" lon="9.658085">
      <ele>0</ele>
      <time>2026-04-13T11:53:38.391Z</time>
    </trkpt>
    <trkpt lat="40.038276" lon="9.658090">
      <ele>0</ele>
      <time>2026-04-13T11:53:39.956Z</time>
    </trkpt>
    <trkpt lat="40.038207" lon="9.658188">
      <ele>0</ele>
      <time>2026-04-13T11:53:41.520Z</time>
    </trkpt>
    <trkpt lat="40.037879" lon="9.658289">
      <ele>0</ele>
      <time>2026-04-13T11:53:43.085Z</time>
    </trkpt>
    <trkpt lat="40.037133" lon="9.658762">
      <ele>0</ele>
      <time>2026-04-13T11:53:44.649Z</time>
    </trkpt>
    <trkpt lat="40.036861" lon="9.658869">
      <ele>0</ele>
      <time>2026-04-13T11:53:46.214Z</time>
    </trkpt>
    <trkpt lat="40.036497" lon="9.659012">
      <ele>0</ele>
      <time>2026-04-13T11:53:47.778Z</time>
    </trkpt>
    <trkpt lat="40.036293" lon="9.659085">
      <ele>0</ele>
      <time>2026-04-13T11:53:49.343Z</time>
    </trkpt>
    <trkpt lat="40.036235" lon="9.659118">
      <ele>0</ele>
      <time>2026-04-13T11:53:50.908Z</time>
    </trkpt>
    <trkpt lat="40.036188" lon="9.659173">
      <ele>0</ele>
      <time>2026-04-13T11:53:52.472Z</time>
    </trkpt>
    <trkpt lat="40.036059" lon="9.659346">
      <ele>0</ele>
      <time>2026-04-13T11:53:54.037Z</time>
    </trkpt>
    <trkpt lat="40.035945" lon="9.659589">
      <ele>0</ele>
      <time>2026-04-13T11:53:55.601Z</time>
    </trkpt>
    <trkpt lat="40.035885" lon="9.659741">
      <ele>0</ele>
      <time>2026-04-13T11:53:57.166Z</time>
    </trkpt>
    <trkpt lat="40.035830" lon="9.659882">
      <ele>0</ele>
      <time>2026-04-13T11:53:58.730Z</time>
    </trkpt>
    <trkpt lat="40.035695" lon="9.660064">
      <ele>0</ele>
      <time>2026-04-13T11:54:00.295Z</time>
    </trkpt>
    <trkpt lat="40.035023" lon="9.660875">
      <ele>0</ele>
      <time>2026-04-13T11:54:01.859Z</time>
    </trkpt>
    <trkpt lat="40.035009" lon="9.660956">
      <ele>0</ele>
      <time>2026-04-13T11:54:03.424Z</time>
    </trkpt>
    <trkpt lat="40.034643" lon="9.661467">
      <ele>0</ele>
      <time>2026-04-13T11:54:04.989Z</time>
    </trkpt>
    <trkpt lat="40.034494" lon="9.661657">
      <ele>0</ele>
      <time>2026-04-13T11:54:06.553Z</time>
    </trkpt>
    <trkpt lat="40.034368" lon="9.661852">
      <ele>0</ele>
      <time>2026-04-13T11:54:08.118Z</time>
    </trkpt>
    <trkpt lat="40.034268" lon="9.661977">
      <ele>0</ele>
      <time>2026-04-13T11:54:09.682Z</time>
    </trkpt>
    <trkpt lat="40.034226" lon="9.662013">
      <ele>0</ele>
      <time>2026-04-13T11:54:11.247Z</time>
    </trkpt>
    <trkpt lat="40.034158" lon="9.662066">
      <ele>0</ele>
      <time>2026-04-13T11:54:12.811Z</time>
    </trkpt>
    <trkpt lat="40.034014" lon="9.662175">
      <ele>0</ele>
      <time>2026-04-13T11:54:14.376Z</time>
    </trkpt>
    <trkpt lat="40.033887" lon="9.662300">
      <ele>0</ele>
      <time>2026-04-13T11:54:15.940Z</time>
    </trkpt>
    <trkpt lat="40.033843" lon="9.662347">
      <ele>0</ele>
      <time>2026-04-13T11:54:17.505Z</time>
    </trkpt>
    <trkpt lat="40.033811" lon="9.662394">
      <ele>0</ele>
      <time>2026-04-13T11:54:19.070Z</time>
    </trkpt>
    <trkpt lat="40.033799" lon="9.662411">
      <ele>0</ele>
      <time>2026-04-13T11:54:20.634Z</time>
    </trkpt>
    <trkpt lat="40.033635" lon="9.662675">
      <ele>0</ele>
      <time>2026-04-13T11:54:22.199Z</time>
    </trkpt>
    <trkpt lat="40.033416" lon="9.663076">
      <ele>0</ele>
      <time>2026-04-13T11:54:23.763Z</time>
    </trkpt>
    <trkpt lat="40.033384" lon="9.663144">
      <ele>0</ele>
      <time>2026-04-13T11:54:25.328Z</time>
    </trkpt>
    <trkpt lat="40.033146" lon="9.663687">
      <ele>0</ele>
      <time>2026-04-13T11:54:26.892Z</time>
    </trkpt>
    <trkpt lat="40.033146" lon="9.663722">
      <ele>0</ele>
      <time>2026-04-13T11:54:28.457Z</time>
    </trkpt>
    <trkpt lat="40.033156" lon="9.663737">
      <ele>0</ele>
      <time>2026-04-13T11:54:30.022Z</time>
    </trkpt>
    <trkpt lat="40.033174" lon="9.663750">
      <ele>0</ele>
      <time>2026-04-13T11:54:31.586Z</time>
    </trkpt>
    <trkpt lat="40.033199" lon="9.663730">
      <ele>0</ele>
      <time>2026-04-13T11:54:33.151Z</time>
    </trkpt>
    <trkpt lat="40.033298" lon="9.663538">
      <ele>0</ele>
      <time>2026-04-13T11:54:34.715Z</time>
    </trkpt>
    <trkpt lat="40.033338" lon="9.663478">
      <ele>0</ele>
      <time>2026-04-13T11:54:36.280Z</time>
    </trkpt>
    <trkpt lat="40.033392" lon="9.663415">
      <ele>0</ele>
      <time>2026-04-13T11:54:37.844Z</time>
    </trkpt>
    <trkpt lat="40.033711" lon="9.663094">
      <ele>0</ele>
      <time>2026-04-13T11:54:39.409Z</time>
    </trkpt>
    <trkpt lat="40.033761" lon="9.663050">
      <ele>0</ele>
      <time>2026-04-13T11:54:40.973Z</time>
    </trkpt>
    <trkpt lat="40.033820" lon="9.663022">
      <ele>0</ele>
      <time>2026-04-13T11:54:42.538Z</time>
    </trkpt>
    <trkpt lat="40.033886" lon="9.663002">
      <ele>0</ele>
      <time>2026-04-13T11:54:44.103Z</time>
    </trkpt>
    <trkpt lat="40.034659" lon="9.662917">
      <ele>0</ele>
      <time>2026-04-13T11:54:45.667Z</time>
    </trkpt>
    <trkpt lat="40.034699" lon="9.662916">
      <ele>0</ele>
      <time>2026-04-13T11:54:47.232Z</time>
    </trkpt>
    <trkpt lat="40.034723" lon="9.662941">
      <ele>0</ele>
      <time>2026-04-13T11:54:48.796Z</time>
    </trkpt>
    <trkpt lat="40.034732" lon="9.662974">
      <ele>0</ele>
      <time>2026-04-13T11:54:50.361Z</time>
    </trkpt>
    <trkpt lat="40.034722" lon="9.663018">
      <ele>0</ele>
      <time>2026-04-13T11:54:51.925Z</time>
    </trkpt>
    <trkpt lat="40.034678" lon="9.663070">
      <ele>0</ele>
      <time>2026-04-13T11:54:53.490Z</time>
    </trkpt>
    <trkpt lat="40.034524" lon="9.663227">
      <ele>0</ele>
      <time>2026-04-13T11:54:55.054Z</time>
    </trkpt>
    <trkpt lat="40.034340" lon="9.663455">
      <ele>0</ele>
      <time>2026-04-13T11:54:56.619Z</time>
    </trkpt>
    <trkpt lat="40.034259" lon="9.663581">
      <ele>0</ele>
      <time>2026-04-13T11:54:58.184Z</time>
    </trkpt>
    <trkpt lat="40.034165" lon="9.663728">
      <ele>0</ele>
      <time>2026-04-13T11:54:59.748Z</time>
    </trkpt>
    <trkpt lat="40.033953" lon="9.664014">
      <ele>0</ele>
      <time>2026-04-13T11:55:01.313Z</time>
    </trkpt>
    <trkpt lat="40.033854" lon="9.664123">
      <ele>0</ele>
      <time>2026-04-13T11:55:02.877Z</time>
    </trkpt>
    <trkpt lat="40.033687" lon="9.664258">
      <ele>0</ele>
      <time>2026-04-13T11:55:04.442Z</time>
    </trkpt>
    <trkpt lat="40.033602" lon="9.664327">
      <ele>0</ele>
      <time>2026-04-13T11:55:06.006Z</time>
    </trkpt>
    <trkpt lat="40.033544" lon="9.664377">
      <ele>0</ele>
      <time>2026-04-13T11:55:07.571Z</time>
    </trkpt>
    <trkpt lat="40.033500" lon="9.664445">
      <ele>0</ele>
      <time>2026-04-13T11:55:09.136Z</time>
    </trkpt>
    <trkpt lat="40.033221" lon="9.665008">
      <ele>0</ele>
      <time>2026-04-13T11:55:10.700Z</time>
    </trkpt>
    <trkpt lat="40.033207" lon="9.665050">
      <ele>0</ele>
      <time>2026-04-13T11:55:12.265Z</time>
    </trkpt>
    <trkpt lat="40.033214" lon="9.665078">
      <ele>0</ele>
      <time>2026-04-13T11:55:13.829Z</time>
    </trkpt>
    <trkpt lat="40.033227" lon="9.665088">
      <ele>0</ele>
      <time>2026-04-13T11:55:15.394Z</time>
    </trkpt>
    <trkpt lat="40.033251" lon="9.665079">
      <ele>0</ele>
      <time>2026-04-13T11:55:16.958Z</time>
    </trkpt>
    <trkpt lat="40.033280" lon="9.665054">
      <ele>0</ele>
      <time>2026-04-13T11:55:18.523Z</time>
    </trkpt>
    <trkpt lat="40.033498" lon="9.664824">
      <ele>0</ele>
      <time>2026-04-13T11:55:20.087Z</time>
    </trkpt>
    <trkpt lat="40.033626" lon="9.664719">
      <ele>0</ele>
      <time>2026-04-13T11:55:21.652Z</time>
    </trkpt>
    <trkpt lat="40.033711" lon="9.664634">
      <ele>0</ele>
      <time>2026-04-13T11:55:23.217Z</time>
    </trkpt>
    <trkpt lat="40.033746" lon="9.664597">
      <ele>0</ele>
      <time>2026-04-13T11:55:24.781Z</time>
    </trkpt>
    <trkpt lat="40.033791" lon="9.664599">
      <ele>0</ele>
      <time>2026-04-13T11:55:26.346Z</time>
    </trkpt>
    <trkpt lat="40.033807" lon="9.664641">
      <ele>0</ele>
      <time>2026-04-13T11:55:27.910Z</time>
    </trkpt>
    <trkpt lat="40.033789" lon="9.664694">
      <ele>0</ele>
      <time>2026-04-13T11:55:29.475Z</time>
    </trkpt>
    <trkpt lat="40.033676" lon="9.664901">
      <ele>0</ele>
      <time>2026-04-13T11:55:31.039Z</time>
    </trkpt>
    <trkpt lat="40.033496" lon="9.665228">
      <ele>0</ele>
      <time>2026-04-13T11:55:32.604Z</time>
    </trkpt>
    <trkpt lat="40.033463" lon="9.665273">
      <ele>0</ele>
      <time>2026-04-13T11:55:34.169Z</time>
    </trkpt>
    <trkpt lat="40.033423" lon="9.665310">
      <ele>0</ele>
      <time>2026-04-13T11:55:35.733Z</time>
    </trkpt>
    <trkpt lat="40.033246" lon="9.665417">
      <ele>0</ele>
      <time>2026-04-13T11:55:37.298Z</time>
    </trkpt>
    <trkpt lat="40.033215" lon="9.665462">
      <ele>0</ele>
      <time>2026-04-13T11:55:38.862Z</time>
    </trkpt>
    <trkpt lat="40.033191" lon="9.665516">
      <ele>0</ele>
      <time>2026-04-13T11:55:40.427Z</time>
    </trkpt>
    <trkpt lat="40.033142" lon="9.665751">
      <ele>0</ele>
      <time>2026-04-13T11:55:41.991Z</time>
    </trkpt>
    <trkpt lat="40.033136" lon="9.665815">
      <ele>0</ele>
      <time>2026-04-13T11:55:43.556Z</time>
    </trkpt>
    <trkpt lat="40.033147" lon="9.665870">
      <ele>0</ele>
      <time>2026-04-13T11:55:45.120Z</time>
    </trkpt>
    <trkpt lat="40.033176" lon="9.665901">
      <ele>0</ele>
      <time>2026-04-13T11:55:46.685Z</time>
    </trkpt>
    <trkpt lat="40.033213" lon="9.665907">
      <ele>0</ele>
      <time>2026-04-13T11:55:48.250Z</time>
    </trkpt>
    <trkpt lat="40.033246" lon="9.665893">
      <ele>0</ele>
      <time>2026-04-13T11:55:49.814Z</time>
    </trkpt>
    <trkpt lat="40.033301" lon="9.665834">
      <ele>0</ele>
      <time>2026-04-13T11:55:51.379Z</time>
    </trkpt>
    <trkpt lat="40.033598" lon="9.665460">
      <ele>0</ele>
      <time>2026-04-13T11:55:52.943Z</time>
    </trkpt>
    <trkpt lat="40.033628" lon="9.665434">
      <ele>0</ele>
      <time>2026-04-13T11:55:54.508Z</time>
    </trkpt>
    <trkpt lat="40.033656" lon="9.665432">
      <ele>0</ele>
      <time>2026-04-13T11:55:56.072Z</time>
    </trkpt>
    <trkpt lat="40.033683" lon="9.665445">
      <ele>0</ele>
      <time>2026-04-13T11:55:57.637Z</time>
    </trkpt>
    <trkpt lat="40.033696" lon="9.665480">
      <ele>0</ele>
      <time>2026-04-13T11:55:59.201Z</time>
    </trkpt>
    <trkpt lat="40.033690" lon="9.665534">
      <ele>0</ele>
      <time>2026-04-13T11:56:00.766Z</time>
    </trkpt>
    <trkpt lat="40.033551" lon="9.665840">
      <ele>0</ele>
      <time>2026-04-13T11:56:02.331Z</time>
    </trkpt>
    <trkpt lat="40.033498" lon="9.665919">
      <ele>0</ele>
      <time>2026-04-13T11:56:03.895Z</time>
    </trkpt>
    <trkpt lat="40.033229" lon="9.666175">
      <ele>0</ele>
      <time>2026-04-13T11:56:05.460Z</time>
    </trkpt>
    <trkpt lat="40.033144" lon="9.666277">
      <ele>0</ele>
      <time>2026-04-13T11:56:07.024Z</time>
    </trkpt>
    <trkpt lat="40.033086" lon="9.666400">
      <ele>0</ele>
      <time>2026-04-13T11:56:08.589Z</time>
    </trkpt>
    <trkpt lat="40.033078" lon="9.666429">
      <ele>0</ele>
      <time>2026-04-13T11:56:10.153Z</time>
    </trkpt>
    <trkpt lat="40.033084" lon="9.666465">
      <ele>0</ele>
      <time>2026-04-13T11:56:11.718Z</time>
    </trkpt>
    <trkpt lat="40.033093" lon="9.666480">
      <ele>0</ele>
      <time>2026-04-13T11:56:13.283Z</time>
    </trkpt>
    <trkpt lat="40.033109" lon="9.666496">
      <ele>0</ele>
      <time>2026-04-13T11:56:14.847Z</time>
    </trkpt>
    <trkpt lat="40.033140" lon="9.666503">
      <ele>0</ele>
      <time>2026-04-13T11:56:16.412Z</time>
    </trkpt>
    <trkpt lat="40.033169" lon="9.666494">
      <ele>0</ele>
      <time>2026-04-13T11:56:17.976Z</time>
    </trkpt>
    <trkpt lat="40.033510" lon="9.666107">
      <ele>0</ele>
      <time>2026-04-13T11:56:19.541Z</time>
    </trkpt>
    <trkpt lat="40.033930" lon="9.665754">
      <ele>0</ele>
      <time>2026-04-13T11:56:21.105Z</time>
    </trkpt>
    <trkpt lat="40.034111" lon="9.665655">
      <ele>0</ele>
      <time>2026-04-13T11:56:22.670Z</time>
    </trkpt>
    <trkpt lat="40.034123" lon="9.665648">
      <ele>0</ele>
      <time>2026-04-13T11:56:24.234Z</time>
    </trkpt>
    <trkpt lat="40.034235" lon="9.665584">
      <ele>0</ele>
      <time>2026-04-13T11:56:25.799Z</time>
    </trkpt>
    <trkpt lat="40.034345" lon="9.665492">
      <ele>0</ele>
      <time>2026-04-13T11:56:27.364Z</time>
    </trkpt>
    <trkpt lat="40.034536" lon="9.665256">
      <ele>0</ele>
      <time>2026-04-13T11:56:28.928Z</time>
    </trkpt>
    <trkpt lat="40.034575" lon="9.665207">
      <ele>0</ele>
      <time>2026-04-13T11:56:30.493Z</time>
    </trkpt>
    <trkpt lat="40.034658" lon="9.665097">
      <ele>0</ele>
      <time>2026-04-13T11:56:32.057Z</time>
    </trkpt>
    <trkpt lat="40.034713" lon="9.665047">
      <ele>0</ele>
      <time>2026-04-13T11:56:33.622Z</time>
    </trkpt>
    <trkpt lat="40.034790" lon="9.665019">
      <ele>0</ele>
      <time>2026-04-13T11:56:35.186Z</time>
    </trkpt>
    <trkpt lat="40.034845" lon="9.665039">
      <ele>0</ele>
      <time>2026-04-13T11:56:36.751Z</time>
    </trkpt>
    <trkpt lat="40.034891" lon="9.665099">
      <ele>0</ele>
      <time>2026-04-13T11:56:38.315Z</time>
    </trkpt>
    <trkpt lat="40.034903" lon="9.665187">
      <ele>0</ele>
      <time>2026-04-13T11:56:39.880Z</time>
    </trkpt>
    <trkpt lat="40.034903" lon="9.665579">
      <ele>0</ele>
      <time>2026-04-13T11:56:41.445Z</time>
    </trkpt>
    <trkpt lat="40.034900" lon="9.665997">
      <ele>0</ele>
      <time>2026-04-13T11:56:43.009Z</time>
    </trkpt>
    <trkpt lat="40.034933" lon="9.666281">
      <ele>0</ele>
      <time>2026-04-13T11:56:44.574Z</time>
    </trkpt>
    <trkpt lat="40.034643" lon="9.666526">
      <ele>0</ele>
      <time>2026-04-13T11:56:46.138Z</time>
    </trkpt>
    <trkpt lat="40.034605" lon="9.666541">
      <ele>0</ele>
      <time>2026-04-13T11:56:47.703Z</time>
    </trkpt>
    <trkpt lat="40.034293" lon="9.666694">
      <ele>0</ele>
      <time>2026-04-13T11:56:49.267Z</time>
    </trkpt>
    <trkpt lat="40.034182" lon="9.666716">
      <ele>0</ele>
      <time>2026-04-13T11:56:50.832Z</time>
    </trkpt>
    <trkpt lat="40.034005" lon="9.666759">
      <ele>0</ele>
      <time>2026-04-13T11:56:52.397Z</time>
    </trkpt>
    <trkpt lat="40.033913" lon="9.666848">
      <ele>0</ele>
      <time>2026-04-13T11:56:53.961Z</time>
    </trkpt>
    <trkpt lat="40.033903" lon="9.666858">
      <ele>0</ele>
      <time>2026-04-13T11:56:55.526Z</time>
    </trkpt>
    <trkpt lat="40.033790" lon="9.666963">
      <ele>0</ele>
      <time>2026-04-13T11:56:57.090Z</time>
    </trkpt>
    <trkpt lat="40.033648" lon="9.667059">
      <ele>0</ele>
      <time>2026-04-13T11:56:58.655Z</time>
    </trkpt>
    <trkpt lat="40.033605" lon="9.667102">
      <ele>0</ele>
      <time>2026-04-13T11:57:00.219Z</time>
    </trkpt>
    <trkpt lat="40.033574" lon="9.667246">
      <ele>0</ele>
      <time>2026-04-13T11:57:01.784Z</time>
    </trkpt>
    <trkpt lat="40.033543" lon="9.667370">
      <ele>0</ele>
      <time>2026-04-13T11:57:03.348Z</time>
    </trkpt>
    <trkpt lat="40.033457" lon="9.667467">
      <ele>0</ele>
      <time>2026-04-13T11:57:04.913Z</time>
    </trkpt>
    <trkpt lat="40.033215" lon="9.667563">
      <ele>0</ele>
      <time>2026-04-13T11:57:06.478Z</time>
    </trkpt>
    <trkpt lat="40.033018" lon="9.667625">
      <ele>0</ele>
      <time>2026-04-13T11:57:08.042Z</time>
    </trkpt>
    <trkpt lat="40.032944" lon="9.667482">
      <ele>0</ele>
      <time>2026-04-13T11:57:09.607Z</time>
    </trkpt>
    <trkpt lat="40.032862" lon="9.667456">
      <ele>0</ele>
      <time>2026-04-13T11:57:11.171Z</time>
    </trkpt>
    <trkpt lat="40.032743" lon="9.667487">
      <ele>0</ele>
      <time>2026-04-13T11:57:12.736Z</time>
    </trkpt>
    <trkpt lat="40.032608" lon="9.667555">
      <ele>0</ele>
      <time>2026-04-13T11:57:14.300Z</time>
    </trkpt>
    <trkpt lat="40.032470" lon="9.667630">
      <ele>0</ele>
      <time>2026-04-13T11:57:15.865Z</time>
    </trkpt>
    <trkpt lat="40.032338" lon="9.667727">
      <ele>0</ele>
      <time>2026-04-13T11:57:17.429Z</time>
    </trkpt>
    <trkpt lat="40.032244" lon="9.667785">
      <ele>0</ele>
      <time>2026-04-13T11:57:18.994Z</time>
    </trkpt>
    <trkpt lat="40.032104" lon="9.667782">
      <ele>0</ele>
      <time>2026-04-13T11:57:20.559Z</time>
    </trkpt>
    <trkpt lat="40.032016" lon="9.667767">
      <ele>0</ele>
      <time>2026-04-13T11:57:22.123Z</time>
    </trkpt>
    <trkpt lat="40.032104" lon="9.667782">
      <ele>0</ele>
      <time>2026-04-13T11:57:23.688Z</time>
    </trkpt>
    <trkpt lat="40.032244" lon="9.667785">
      <ele>0</ele>
      <time>2026-04-13T11:57:25.252Z</time>
    </trkpt>
    <trkpt lat="40.032338" lon="9.667727">
      <ele>0</ele>
      <time>2026-04-13T11:57:26.817Z</time>
    </trkpt>
    <trkpt lat="40.032470" lon="9.667630">
      <ele>0</ele>
      <time>2026-04-13T11:57:28.381Z</time>
    </trkpt>
    <trkpt lat="40.032608" lon="9.667555">
      <ele>0</ele>
      <time>2026-04-13T11:57:29.946Z</time>
    </trkpt>
    <trkpt lat="40.032743" lon="9.667487">
      <ele>0</ele>
      <time>2026-04-13T11:57:31.511Z</time>
    </trkpt>
    <trkpt lat="40.032862" lon="9.667456">
      <ele>0</ele>
      <time>2026-04-13T11:57:33.075Z</time>
    </trkpt>
    <trkpt lat="40.032944" lon="9.667482">
      <ele>0</ele>
      <time>2026-04-13T11:57:34.640Z</time>
    </trkpt>
    <trkpt lat="40.033018" lon="9.667625">
      <ele>0</ele>
      <time>2026-04-13T11:57:36.204Z</time>
    </trkpt>
    <trkpt lat="40.033215" lon="9.667563">
      <ele>0</ele>
      <time>2026-04-13T11:57:37.769Z</time>
    </trkpt>
    <trkpt lat="40.033457" lon="9.667467">
      <ele>0</ele>
      <time>2026-04-13T11:57:39.333Z</time>
    </trkpt>
    <trkpt lat="40.033543" lon="9.667370">
      <ele>0</ele>
      <time>2026-04-13T11:57:40.898Z</time>
    </trkpt>
    <trkpt lat="40.033574" lon="9.667246">
      <ele>0</ele>
      <time>2026-04-13T11:57:42.462Z</time>
    </trkpt>
    <trkpt lat="40.033605" lon="9.667102">
      <ele>0</ele>
      <time>2026-04-13T11:57:44.027Z</time>
    </trkpt>
    <trkpt lat="40.033648" lon="9.667059">
      <ele>0</ele>
      <time>2026-04-13T11:57:45.592Z</time>
    </trkpt>
    <trkpt lat="40.033790" lon="9.666963">
      <ele>0</ele>
      <time>2026-04-13T11:57:47.156Z</time>
    </trkpt>
    <trkpt lat="40.033903" lon="9.666858">
      <ele>0</ele>
      <time>2026-04-13T11:57:48.721Z</time>
    </trkpt>
    <trkpt lat="40.034005" lon="9.666759">
      <ele>0</ele>
      <time>2026-04-13T11:57:50.285Z</time>
    </trkpt>
    <trkpt lat="40.034182" lon="9.666716">
      <ele>0</ele>
      <time>2026-04-13T11:57:51.850Z</time>
    </trkpt>
    <trkpt lat="40.034293" lon="9.666694">
      <ele>0</ele>
      <time>2026-04-13T11:57:53.414Z</time>
    </trkpt>
    <trkpt lat="40.034605" lon="9.666541">
      <ele>0</ele>
      <time>2026-04-13T11:57:54.979Z</time>
    </trkpt>
    <trkpt lat="40.034643" lon="9.666526">
      <ele>0</ele>
      <time>2026-04-13T11:57:56.544Z</time>
    </trkpt>
    <trkpt lat="40.034933" lon="9.666281">
      <ele>0</ele>
      <time>2026-04-13T11:57:58.108Z</time>
    </trkpt>
    <trkpt lat="40.034900" lon="9.665997">
      <ele>0</ele>
      <time>2026-04-13T11:57:59.673Z</time>
    </trkpt>
    <trkpt lat="40.034903" lon="9.665579">
      <ele>0</ele>
      <time>2026-04-13T11:58:01.237Z</time>
    </trkpt>
    <trkpt lat="40.034903" lon="9.665187">
      <ele>0</ele>
      <time>2026-04-13T11:58:02.802Z</time>
    </trkpt>
    <trkpt lat="40.034891" lon="9.665099">
      <ele>0</ele>
      <time>2026-04-13T11:58:04.366Z</time>
    </trkpt>
    <trkpt lat="40.034845" lon="9.665039">
      <ele>0</ele>
      <time>2026-04-13T11:58:05.931Z</time>
    </trkpt>
    <trkpt lat="40.034790" lon="9.665019">
      <ele>0</ele>
      <time>2026-04-13T11:58:07.495Z</time>
    </trkpt>
    <trkpt lat="40.034713" lon="9.665047">
      <ele>0</ele>
      <time>2026-04-13T11:58:09.060Z</time>
    </trkpt>
    <trkpt lat="40.034658" lon="9.665097">
      <ele>0</ele>
      <time>2026-04-13T11:58:10.625Z</time>
    </trkpt>
    <trkpt lat="40.034575" lon="9.665207">
      <ele>0</ele>
      <time>2026-04-13T11:58:12.189Z</time>
    </trkpt>
    <trkpt lat="40.034536" lon="9.665256">
      <ele>0</ele>
      <time>2026-04-13T11:58:13.754Z</time>
    </trkpt>
    <trkpt lat="40.034345" lon="9.665492">
      <ele>0</ele>
      <time>2026-04-13T11:58:15.318Z</time>
    </trkpt>
    <trkpt lat="40.034235" lon="9.665584">
      <ele>0</ele>
      <time>2026-04-13T11:58:16.883Z</time>
    </trkpt>
    <trkpt lat="40.034123" lon="9.665648">
      <ele>0</ele>
      <time>2026-04-13T11:58:18.447Z</time>
    </trkpt>
    <trkpt lat="40.034111" lon="9.665655">
      <ele>0</ele>
      <time>2026-04-13T11:58:20.012Z</time>
    </trkpt>
    <trkpt lat="40.033930" lon="9.665754">
      <ele>0</ele>
      <time>2026-04-13T11:58:21.576Z</time>
    </trkpt>
    <trkpt lat="40.033510" lon="9.666107">
      <ele>0</ele>
      <time>2026-04-13T11:58:23.141Z</time>
    </trkpt>
    <trkpt lat="40.033169" lon="9.666494">
      <ele>0</ele>
      <time>2026-04-13T11:58:24.706Z</time>
    </trkpt>
    <trkpt lat="40.033140" lon="9.666503">
      <ele>0</ele>
      <time>2026-04-13T11:58:26.270Z</time>
    </trkpt>
    <trkpt lat="40.033109" lon="9.666496">
      <ele>0</ele>
      <time>2026-04-13T11:58:27.835Z</time>
    </trkpt>
    <trkpt lat="40.033093" lon="9.666480">
      <ele>0</ele>
      <time>2026-04-13T11:58:29.399Z</time>
    </trkpt>
    <trkpt lat="40.033084" lon="9.666465">
      <ele>0</ele>
      <time>2026-04-13T11:58:30.964Z</time>
    </trkpt>
    <trkpt lat="40.033078" lon="9.666429">
      <ele>0</ele>
      <time>2026-04-13T11:58:32.528Z</time>
    </trkpt>
    <trkpt lat="40.033086" lon="9.666400">
      <ele>0</ele>
      <time>2026-04-13T11:58:34.093Z</time>
    </trkpt>
    <trkpt lat="40.033144" lon="9.666277">
      <ele>0</ele>
      <time>2026-04-13T11:58:35.658Z</time>
    </trkpt>
    <trkpt lat="40.033229" lon="9.666175">
      <ele>0</ele>
      <time>2026-04-13T11:58:37.222Z</time>
    </trkpt>
    <trkpt lat="40.033498" lon="9.665919">
      <ele>0</ele>
      <time>2026-04-13T11:58:38.787Z</time>
    </trkpt>
    <trkpt lat="40.033551" lon="9.665840">
      <ele>0</ele>
      <time>2026-04-13T11:58:40.351Z</time>
    </trkpt>
    <trkpt lat="40.033690" lon="9.665534">
      <ele>0</ele>
      <time>2026-04-13T11:58:41.916Z</time>
    </trkpt>
    <trkpt lat="40.033696" lon="9.665480">
      <ele>0</ele>
      <time>2026-04-13T11:58:43.480Z</time>
    </trkpt>
    <trkpt lat="40.033683" lon="9.665445">
      <ele>0</ele>
      <time>2026-04-13T11:58:45.045Z</time>
    </trkpt>
    <trkpt lat="40.033656" lon="9.665432">
      <ele>0</ele>
      <time>2026-04-13T11:58:46.609Z</time>
    </trkpt>
    <trkpt lat="40.033628" lon="9.665434">
      <ele>0</ele>
      <time>2026-04-13T11:58:48.174Z</time>
    </trkpt>
    <trkpt lat="40.033598" lon="9.665460">
      <ele>0</ele>
      <time>2026-04-13T11:58:49.739Z</time>
    </trkpt>
    <trkpt lat="40.033301" lon="9.665834">
      <ele>0</ele>
      <time>2026-04-13T11:58:51.303Z</time>
    </trkpt>
    <trkpt lat="40.033246" lon="9.665893">
      <ele>0</ele>
      <time>2026-04-13T11:58:52.868Z</time>
    </trkpt>
    <trkpt lat="40.033213" lon="9.665907">
      <ele>0</ele>
      <time>2026-04-13T11:58:54.432Z</time>
    </trkpt>
    <trkpt lat="40.033176" lon="9.665901">
      <ele>0</ele>
      <time>2026-04-13T11:58:55.997Z</time>
    </trkpt>
    <trkpt lat="40.033147" lon="9.665870">
      <ele>0</ele>
      <time>2026-04-13T11:58:57.561Z</time>
    </trkpt>
    <trkpt lat="40.033136" lon="9.665815">
      <ele>0</ele>
      <time>2026-04-13T11:58:59.126Z</time>
    </trkpt>
    <trkpt lat="40.033142" lon="9.665751">
      <ele>0</ele>
      <time>2026-04-13T11:59:00.690Z</time>
    </trkpt>
    <trkpt lat="40.033191" lon="9.665516">
      <ele>0</ele>
      <time>2026-04-13T11:59:02.255Z</time>
    </trkpt>
    <trkpt lat="40.033215" lon="9.665462">
      <ele>0</ele>
      <time>2026-04-13T11:59:03.820Z</time>
    </trkpt>
    <trkpt lat="40.033246" lon="9.665417">
      <ele>0</ele>
      <time>2026-04-13T11:59:05.384Z</time>
    </trkpt>
    <trkpt lat="40.033423" lon="9.665310">
      <ele>0</ele>
      <time>2026-04-13T11:59:06.949Z</time>
    </trkpt>
    <trkpt lat="40.033463" lon="9.665273">
      <ele>0</ele>
      <time>2026-04-13T11:59:08.513Z</time>
    </trkpt>
    <trkpt lat="40.033496" lon="9.665228">
      <ele>0</ele>
      <time>2026-04-13T11:59:10.078Z</time>
    </trkpt>
    <trkpt lat="40.033676" lon="9.664901">
      <ele>0</ele>
      <time>2026-04-13T11:59:11.642Z</time>
    </trkpt>
    <trkpt lat="40.033789" lon="9.664694">
      <ele>0</ele>
      <time>2026-04-13T11:59:13.207Z</time>
    </trkpt>
    <trkpt lat="40.033807" lon="9.664641">
      <ele>0</ele>
      <time>2026-04-13T11:59:14.772Z</time>
    </trkpt>
    <trkpt lat="40.033791" lon="9.664599">
      <ele>0</ele>
      <time>2026-04-13T11:59:16.336Z</time>
    </trkpt>
    <trkpt lat="40.033746" lon="9.664597">
      <ele>0</ele>
      <time>2026-04-13T11:59:17.901Z</time>
    </trkpt>
    <trkpt lat="40.033711" lon="9.664634">
      <ele>0</ele>
      <time>2026-04-13T11:59:19.465Z</time>
    </trkpt>
    <trkpt lat="40.033626" lon="9.664719">
      <ele>0</ele>
      <time>2026-04-13T11:59:21.030Z</time>
    </trkpt>
    <trkpt lat="40.033498" lon="9.664824">
      <ele>0</ele>
      <time>2026-04-13T11:59:22.594Z</time>
    </trkpt>
    <trkpt lat="40.033280" lon="9.665054">
      <ele>0</ele>
      <time>2026-04-13T11:59:24.159Z</time>
    </trkpt>
    <trkpt lat="40.033251" lon="9.665079">
      <ele>0</ele>
      <time>2026-04-13T11:59:25.723Z</time>
    </trkpt>
    <trkpt lat="40.033227" lon="9.665088">
      <ele>0</ele>
      <time>2026-04-13T11:59:27.288Z</time>
    </trkpt>
    <trkpt lat="40.033214" lon="9.665078">
      <ele>0</ele>
      <time>2026-04-13T11:59:28.853Z</time>
    </trkpt>
    <trkpt lat="40.033207" lon="9.665050">
      <ele>0</ele>
      <time>2026-04-13T11:59:30.417Z</time>
    </trkpt>
    <trkpt lat="40.033221" lon="9.665008">
      <ele>0</ele>
      <time>2026-04-13T11:59:31.982Z</time>
    </trkpt>
    <trkpt lat="40.033500" lon="9.664445">
      <ele>0</ele>
      <time>2026-04-13T11:59:33.546Z</time>
    </trkpt>
    <trkpt lat="40.033544" lon="9.664377">
      <ele>0</ele>
      <time>2026-04-13T11:59:35.111Z</time>
    </trkpt>
    <trkpt lat="40.033602" lon="9.664327">
      <ele>0</ele>
      <time>2026-04-13T11:59:36.675Z</time>
    </trkpt>
    <trkpt lat="40.033687" lon="9.664258">
      <ele>0</ele>
      <time>2026-04-13T11:59:38.240Z</time>
    </trkpt>
    <trkpt lat="40.033854" lon="9.664123">
      <ele>0</ele>
      <time>2026-04-13T11:59:39.804Z</time>
    </trkpt>
    <trkpt lat="40.033953" lon="9.664014">
      <ele>0</ele>
      <time>2026-04-13T11:59:41.369Z</time>
    </trkpt>
    <trkpt lat="40.034165" lon="9.663728">
      <ele>0</ele>
      <time>2026-04-13T11:59:42.934Z</time>
    </trkpt>
    <trkpt lat="40.034259" lon="9.663581">
      <ele>0</ele>
      <time>2026-04-13T11:59:44.498Z</time>
    </trkpt>
    <trkpt lat="40.034340" lon="9.663455">
      <ele>0</ele>
      <time>2026-04-13T11:59:46.063Z</time>
    </trkpt>
    <trkpt lat="40.034524" lon="9.663227">
      <ele>0</ele>
      <time>2026-04-13T11:59:47.627Z</time>
    </trkpt>
    <trkpt lat="40.034678" lon="9.663070">
      <ele>0</ele>
      <time>2026-04-13T11:59:49.192Z</time>
    </trkpt>
    <trkpt lat="40.034722" lon="9.663018">
      <ele>0</ele>
      <time>2026-04-13T11:59:50.756Z</time>
    </trkpt>
    <trkpt lat="40.034732" lon="9.662974">
      <ele>0</ele>
      <time>2026-04-13T11:59:52.321Z</time>
    </trkpt>
    <trkpt lat="40.034723" lon="9.662941">
      <ele>0</ele>
      <time>2026-04-13T11:59:53.886Z</time>
    </trkpt>
    <trkpt lat="40.034699" lon="9.662916">
      <ele>0</ele>
      <time>2026-04-13T11:59:55.450Z</time>
    </trkpt>
    <trkpt lat="40.034659" lon="9.662917">
      <ele>0</ele>
      <time>2026-04-13T11:59:57.015Z</time>
    </trkpt>
    <trkpt lat="40.033886" lon="9.663002">
      <ele>0</ele>
      <time>2026-04-13T11:59:58.579Z</time>
    </trkpt>
    <trkpt lat="40.033820" lon="9.663022">
      <ele>0</ele>
      <time>2026-04-13T12:00:00.144Z</time>
    </trkpt>
    <trkpt lat="40.033761" lon="9.663050">
      <ele>0</ele>
      <time>2026-04-13T12:00:01.708Z</time>
    </trkpt>
    <trkpt lat="40.033711" lon="9.663094">
      <ele>0</ele>
      <time>2026-04-13T12:00:03.273Z</time>
    </trkpt>
    <trkpt lat="40.033392" lon="9.663415">
      <ele>0</ele>
      <time>2026-04-13T12:00:04.837Z</time>
    </trkpt>
    <trkpt lat="40.033338" lon="9.663478">
      <ele>0</ele>
      <time>2026-04-13T12:00:06.402Z</time>
    </trkpt>
    <trkpt lat="40.033298" lon="9.663538">
      <ele>0</ele>
      <time>2026-04-13T12:00:07.967Z</time>
    </trkpt>
    <trkpt lat="40.033199" lon="9.663730">
      <ele>0</ele>
      <time>2026-04-13T12:00:09.531Z</time>
    </trkpt>
    <trkpt lat="40.033174" lon="9.663750">
      <ele>0</ele>
      <time>2026-04-13T12:00:11.096Z</time>
    </trkpt>
    <trkpt lat="40.033156" lon="9.663737">
      <ele>0</ele>
      <time>2026-04-13T12:00:12.660Z</time>
    </trkpt>
    <trkpt lat="40.033146" lon="9.663722">
      <ele>0</ele>
      <time>2026-04-13T12:00:14.225Z</time>
    </trkpt>
    <trkpt lat="40.033146" lon="9.663687">
      <ele>0</ele>
      <time>2026-04-13T12:00:15.789Z</time>
    </trkpt>
    <trkpt lat="40.033384" lon="9.663144">
      <ele>0</ele>
      <time>2026-04-13T12:00:17.354Z</time>
    </trkpt>
    <trkpt lat="40.033416" lon="9.663076">
      <ele>0</ele>
      <time>2026-04-13T12:00:18.919Z</time>
    </trkpt>
    <trkpt lat="40.033635" lon="9.662675">
      <ele>0</ele>
      <time>2026-04-13T12:00:20.483Z</time>
    </trkpt>
    <trkpt lat="40.033799" lon="9.662411">
      <ele>0</ele>
      <time>2026-04-13T12:00:22.048Z</time>
    </trkpt>
    <trkpt lat="40.033811" lon="9.662394">
      <ele>0</ele>
      <time>2026-04-13T12:00:23.612Z</time>
    </trkpt>
    <trkpt lat="40.033843" lon="9.662347">
      <ele>0</ele>
      <time>2026-04-13T12:00:25.177Z</time>
    </trkpt>
    <trkpt lat="40.033887" lon="9.662300">
      <ele>0</ele>
      <time>2026-04-13T12:00:26.741Z</time>
    </trkpt>
    <trkpt lat="40.034014" lon="9.662175">
      <ele>0</ele>
      <time>2026-04-13T12:00:28.306Z</time>
    </trkpt>
    <trkpt lat="40.034158" lon="9.662066">
      <ele>0</ele>
      <time>2026-04-13T12:00:29.870Z</time>
    </trkpt>
    <trkpt lat="40.034226" lon="9.662013">
      <ele>0</ele>
      <time>2026-04-13T12:00:31.435Z</time>
    </trkpt>
    <trkpt lat="40.034268" lon="9.661977">
      <ele>0</ele>
      <time>2026-04-13T12:00:33.000Z</time>
    </trkpt>
    <trkpt lat="40.034368" lon="9.661852">
      <ele>0</ele>
      <time>2026-04-13T12:00:34.564Z</time>
    </trkpt>
    <trkpt lat="40.034494" lon="9.661657">
      <ele>0</ele>
      <time>2026-04-13T12:00:36.129Z</time>
    </trkpt>
    <trkpt lat="40.034643" lon="9.661467">
      <ele>0</ele>
      <time>2026-04-13T12:00:37.693Z</time>
    </trkpt>
    <trkpt lat="40.035009" lon="9.660956">
      <ele>0</ele>
      <time>2026-04-13T12:00:39.258Z</time>
    </trkpt>
    <trkpt lat="40.035023" lon="9.660875">
      <ele>0</ele>
      <time>2026-04-13T12:00:40.822Z</time>
    </trkpt>
    <trkpt lat="40.034916" lon="9.660952">
      <ele>0</ele>
      <time>2026-04-13T12:00:42.387Z</time>
    </trkpt>
    <trkpt lat="40.034902" lon="9.660963">
      <ele>0</ele>
      <time>2026-04-13T12:00:43.951Z</time>
    </trkpt>
    <trkpt lat="40.034775" lon="9.661084">
      <ele>0</ele>
      <time>2026-04-13T12:00:45.516Z</time>
    </trkpt>
    <trkpt lat="40.034664" lon="9.661191">
      <ele>0</ele>
      <time>2026-04-13T12:00:47.081Z</time>
    </trkpt>
    <trkpt lat="40.034548" lon="9.661275">
      <ele>0</ele>
      <time>2026-04-13T12:00:48.645Z</time>
    </trkpt>
    <trkpt lat="40.034435" lon="9.661344">
      <ele>0</ele>
      <time>2026-04-13T12:00:50.210Z</time>
    </trkpt>
    <trkpt lat="40.034215" lon="9.661420">
      <ele>0</ele>
      <time>2026-04-13T12:00:51.774Z</time>
    </trkpt>
    <trkpt lat="40.034066" lon="9.661435">
      <ele>0</ele>
      <time>2026-04-13T12:00:53.339Z</time>
    </trkpt>
    <trkpt lat="40.033950" lon="9.661458">
      <ele>0</ele>
      <time>2026-04-13T12:00:54.903Z</time>
    </trkpt>
    <trkpt lat="40.033418" lon="9.661680">
      <ele>0</ele>
      <time>2026-04-13T12:00:56.468Z</time>
    </trkpt>
    <trkpt lat="40.033316" lon="9.661736">
      <ele>0</ele>
      <time>2026-04-13T12:00:58.033Z</time>
    </trkpt>
    <trkpt lat="40.033178" lon="9.661856">
      <ele>0</ele>
      <time>2026-04-13T12:00:59.597Z</time>
    </trkpt>
    <trkpt lat="40.033091" lon="9.661922">
      <ele>0</ele>
      <time>2026-04-13T12:01:01.162Z</time>
    </trkpt>
    <trkpt lat="40.032971" lon="9.662010">
      <ele>0</ele>
      <time>2026-04-13T12:01:02.726Z</time>
    </trkpt>
    <trkpt lat="40.032871" lon="9.662086">
      <ele>0</ele>
      <time>2026-04-13T12:01:04.291Z</time>
    </trkpt>
    <trkpt lat="40.032752" lon="9.662260">
      <ele>0</ele>
      <time>2026-04-13T12:01:05.855Z</time>
    </trkpt>
    <trkpt lat="40.032681" lon="9.662374">
      <ele>0</ele>
      <time>2026-04-13T12:01:07.420Z</time>
    </trkpt>
    <trkpt lat="40.032585" lon="9.662481">
      <ele>0</ele>
      <time>2026-04-13T12:01:08.984Z</time>
    </trkpt>
    <trkpt lat="40.032366" lon="9.662642">
      <ele>0</ele>
      <time>2026-04-13T12:01:10.549Z</time>
    </trkpt>
    <trkpt lat="40.032340" lon="9.662609">
      <ele>0</ele>
      <time>2026-04-13T12:01:12.114Z</time>
    </trkpt>
    <trkpt lat="40.032286" lon="9.662676">
      <ele>0</ele>
      <time>2026-04-13T12:01:13.678Z</time>
    </trkpt>
    <trkpt lat="40.032242" lon="9.662726">
      <ele>0</ele>
      <time>2026-04-13T12:01:15.243Z</time>
    </trkpt>
    <trkpt lat="40.032229" lon="9.662746">
      <ele>0</ele>
      <time>2026-04-13T12:01:16.807Z</time>
    </trkpt>
    <trkpt lat="40.032173" lon="9.662823">
      <ele>0</ele>
      <time>2026-04-13T12:01:18.372Z</time>
    </trkpt>
    <trkpt lat="40.032062" lon="9.662947">
      <ele>0</ele>
      <time>2026-04-13T12:01:19.936Z</time>
    </trkpt>
    <trkpt lat="40.031943" lon="9.663060">
      <ele>0</ele>
      <time>2026-04-13T12:01:21.501Z</time>
    </trkpt>
    <trkpt lat="40.031758" lon="9.663197">
      <ele>0</ele>
      <time>2026-04-13T12:01:23.065Z</time>
    </trkpt>
    <trkpt lat="40.031701" lon="9.663241">
      <ele>0</ele>
      <time>2026-04-13T12:01:24.630Z</time>
    </trkpt>
    <trkpt lat="40.031625" lon="9.663298">
      <ele>0</ele>
      <time>2026-04-13T12:01:26.195Z</time>
    </trkpt>
    <trkpt lat="40.031575" lon="9.663353">
      <ele>0</ele>
      <time>2026-04-13T12:01:27.759Z</time>
    </trkpt>
    <trkpt lat="40.031493" lon="9.663460">
      <ele>0</ele>
      <time>2026-04-13T12:01:29.324Z</time>
    </trkpt>
    <trkpt lat="40.031483" lon="9.663476">
      <ele>0</ele>
      <time>2026-04-13T12:01:30.888Z</time>
    </trkpt>
    <trkpt lat="40.031430" lon="9.663561">
      <ele>0</ele>
      <time>2026-04-13T12:01:32.453Z</time>
    </trkpt>
    <trkpt lat="40.031407" lon="9.663592">
      <ele>0</ele>
      <time>2026-04-13T12:01:34.017Z</time>
    </trkpt>
    <trkpt lat="40.031401" lon="9.663600">
      <ele>0</ele>
      <time>2026-04-13T12:01:35.582Z</time>
    </trkpt>
    <trkpt lat="40.031322" lon="9.663732">
      <ele>0</ele>
      <time>2026-04-13T12:01:37.147Z</time>
    </trkpt>
    <trkpt lat="40.031177" lon="9.663979">
      <ele>0</ele>
      <time>2026-04-13T12:01:38.711Z</time>
    </trkpt>
    <trkpt lat="40.031118" lon="9.664065">
      <ele>0</ele>
      <time>2026-04-13T12:01:40.276Z</time>
    </trkpt>
    <trkpt lat="40.031013" lon="9.664173">
      <ele>0</ele>
      <time>2026-04-13T12:01:41.840Z</time>
    </trkpt>
    <trkpt lat="40.030928" lon="9.664229">
      <ele>0</ele>
      <time>2026-04-13T12:01:43.405Z</time>
    </trkpt>
    <trkpt lat="40.030755" lon="9.664299">
      <ele>0</ele>
      <time>2026-04-13T12:01:44.969Z</time>
    </trkpt>
    <trkpt lat="40.030579" lon="9.664379">
      <ele>0</ele>
      <time>2026-04-13T12:01:46.534Z</time>
    </trkpt>
    <trkpt lat="40.030413" lon="9.664483">
      <ele>0</ele>
      <time>2026-04-13T12:01:48.098Z</time>
    </trkpt>
    <trkpt lat="40.030315" lon="9.664549">
      <ele>0</ele>
      <time>2026-04-13T12:01:49.663Z</time>
    </trkpt>
    <trkpt lat="40.030198" lon="9.664634">
      <ele>0</ele>
      <time>2026-04-13T12:01:51.228Z</time>
    </trkpt>
    <trkpt lat="40.030108" lon="9.664710">
      <ele>0</ele>
      <time>2026-04-13T12:01:52.792Z</time>
    </trkpt>
    <trkpt lat="40.030066" lon="9.664744">
      <ele>0</ele>
      <time>2026-04-13T12:01:54.357Z</time>
    </trkpt>
    <trkpt lat="40.029985" lon="9.664819">
      <ele>0</ele>
      <time>2026-04-13T12:01:55.921Z</time>
    </trkpt>
    <trkpt lat="40.029951" lon="9.664848">
      <ele>0</ele>
      <time>2026-04-13T12:01:57.486Z</time>
    </trkpt>
    <trkpt lat="40.029862" lon="9.664982">
      <ele>0</ele>
      <time>2026-04-13T12:01:59.050Z</time>
    </trkpt>
    <trkpt lat="40.029855" lon="9.664994">
      <ele>0</ele>
      <time>2026-04-13T12:02:00.615Z</time>
    </trkpt>
    <trkpt lat="40.029834" lon="9.665027">
      <ele>0</ele>
      <time>2026-04-13T12:02:02.179Z</time>
    </trkpt>
    <trkpt lat="40.029806" lon="9.665075">
      <ele>0</ele>
      <time>2026-04-13T12:02:03.744Z</time>
    </trkpt>
    <trkpt lat="40.029685" lon="9.665296">
      <ele>0</ele>
      <time>2026-04-13T12:02:05.309Z</time>
    </trkpt>
    <trkpt lat="40.029493" lon="9.665637">
      <ele>0</ele>
      <time>2026-04-13T12:02:06.873Z</time>
    </trkpt>
    <trkpt lat="40.029430" lon="9.665745">
      <ele>0</ele>
      <time>2026-04-13T12:02:08.438Z</time>
    </trkpt>
    <trkpt lat="40.029421" lon="9.665760">
      <ele>0</ele>
      <time>2026-04-13T12:02:10.002Z</time>
    </trkpt>
    <trkpt lat="40.029346" lon="9.665872">
      <ele>0</ele>
      <time>2026-04-13T12:02:11.567Z</time>
    </trkpt>
    <trkpt lat="40.029270" lon="9.665944">
      <ele>0</ele>
      <time>2026-04-13T12:02:13.131Z</time>
    </trkpt>
    <trkpt lat="40.029228" lon="9.665975">
      <ele>0</ele>
      <time>2026-04-13T12:02:14.696Z</time>
    </trkpt>
    <trkpt lat="40.029163" lon="9.666023">
      <ele>0</ele>
      <time>2026-04-13T12:02:16.261Z</time>
    </trkpt>
    <trkpt lat="40.029060" lon="9.666104">
      <ele>0</ele>
      <time>2026-04-13T12:02:17.825Z</time>
    </trkpt>
    <trkpt lat="40.028962" lon="9.666174">
      <ele>0</ele>
      <time>2026-04-13T12:02:19.390Z</time>
    </trkpt>
    <trkpt lat="40.028950" lon="9.666183">
      <ele>0</ele>
      <time>2026-04-13T12:02:20.954Z</time>
    </trkpt>
    <trkpt lat="40.028909" lon="9.666227">
      <ele>0</ele>
      <time>2026-04-13T12:02:22.519Z</time>
    </trkpt>
    <trkpt lat="40.028853" lon="9.666286">
      <ele>0</ele>
      <time>2026-04-13T12:02:24.083Z</time>
    </trkpt>
    <trkpt lat="40.028719" lon="9.666453">
      <ele>0</ele>
      <time>2026-04-13T12:02:25.648Z</time>
    </trkpt>
    <trkpt lat="40.028624" lon="9.666554">
      <ele>0</ele>
      <time>2026-04-13T12:02:27.212Z</time>
    </trkpt>
    <trkpt lat="40.028586" lon="9.666591">
      <ele>0</ele>
      <time>2026-04-13T12:02:28.777Z</time>
    </trkpt>
    <trkpt lat="40.028533" lon="9.666639">
      <ele>0</ele>
      <time>2026-04-13T12:02:30.342Z</time>
    </trkpt>
    <trkpt lat="40.028440" lon="9.666689">
      <ele>0</ele>
      <time>2026-04-13T12:02:31.906Z</time>
    </trkpt>
    <trkpt lat="40.028055" lon="9.666813">
      <ele>0</ele>
      <time>2026-04-13T12:02:33.471Z</time>
    </trkpt>
    <trkpt lat="40.027864" lon="9.666874">
      <ele>0</ele>
      <time>2026-04-13T12:02:35.035Z</time>
    </trkpt>
    <trkpt lat="40.027658" lon="9.666926">
      <ele>0</ele>
      <time>2026-04-13T12:02:36.600Z</time>
    </trkpt>
    <trkpt lat="40.027601" lon="9.666953">
      <ele>0</ele>
      <time>2026-04-13T12:02:38.164Z</time>
    </trkpt>
    <trkpt lat="40.027554" lon="9.666984">
      <ele>0</ele>
      <time>2026-04-13T12:02:39.729Z</time>
    </trkpt>
    <trkpt lat="40.027491" lon="9.667060">
      <ele>0</ele>
      <time>2026-04-13T12:02:41.294Z</time>
    </trkpt>
    <trkpt lat="40.027410" lon="9.667179">
      <ele>0</ele>
      <time>2026-04-13T12:02:42.858Z</time>
    </trkpt>
    <trkpt lat="40.027344" lon="9.667266">
      <ele>0</ele>
      <time>2026-04-13T12:02:44.423Z</time>
    </trkpt>
    <trkpt lat="40.027290" lon="9.667327">
      <ele>0</ele>
      <time>2026-04-13T12:02:45.987Z</time>
    </trkpt>
    <trkpt lat="40.027255" lon="9.667367">
      <ele>0</ele>
      <time>2026-04-13T12:02:47.552Z</time>
    </trkpt>
    <trkpt lat="40.027156" lon="9.667479">
      <ele>0</ele>
      <time>2026-04-13T12:02:49.116Z</time>
    </trkpt>
    <trkpt lat="40.027066" lon="9.667581">
      <ele>0</ele>
      <time>2026-04-13T12:02:50.681Z</time>
    </trkpt>
    <trkpt lat="40.026920" lon="9.667788">
      <ele>0</ele>
      <time>2026-04-13T12:02:52.245Z</time>
    </trkpt>
    <trkpt lat="40.026853" lon="9.667907">
      <ele>0</ele>
      <time>2026-04-13T12:02:53.810Z</time>
    </trkpt>
    <trkpt lat="40.026786" lon="9.668003">
      <ele>0</ele>
      <time>2026-04-13T12:02:55.375Z</time>
    </trkpt>
    <trkpt lat="40.026658" lon="9.668184">
      <ele>0</ele>
      <time>2026-04-13T12:02:56.939Z</time>
    </trkpt>
    <trkpt lat="40.026586" lon="9.668271">
      <ele>0</ele>
      <time>2026-04-13T12:02:58.504Z</time>
    </trkpt>
    <trkpt lat="40.026525" lon="9.668334">
      <ele>0</ele>
      <time>2026-04-13T12:03:00.068Z</time>
    </trkpt>
    <trkpt lat="40.026486" lon="9.668393">
      <ele>0</ele>
      <time>2026-04-13T12:03:01.633Z</time>
    </trkpt>
    <trkpt lat="40.026433" lon="9.668473">
      <ele>0</ele>
      <time>2026-04-13T12:03:03.197Z</time>
    </trkpt>
    <trkpt lat="40.026390" lon="9.668563">
      <ele>0</ele>
      <time>2026-04-13T12:03:04.762Z</time>
    </trkpt>
    <trkpt lat="40.026311" lon="9.668710">
      <ele>0</ele>
      <time>2026-04-13T12:03:06.326Z</time>
    </trkpt>
    <trkpt lat="40.026215" lon="9.668876">
      <ele>0</ele>
      <time>2026-04-13T12:03:07.891Z</time>
    </trkpt>
    <trkpt lat="40.026165" lon="9.668995">
      <ele>0</ele>
      <time>2026-04-13T12:03:09.456Z</time>
    </trkpt>
    <trkpt lat="40.026119" lon="9.669096">
      <ele>0</ele>
      <time>2026-04-13T12:03:11.020Z</time>
    </trkpt>
    <trkpt lat="40.025993" lon="9.669324">
      <ele>0</ele>
      <time>2026-04-13T12:03:12.585Z</time>
    </trkpt>
    <trkpt lat="40.025913" lon="9.669376">
      <ele>0</ele>
      <time>2026-04-13T12:03:14.149Z</time>
    </trkpt>
    <trkpt lat="40.025796" lon="9.669463">
      <ele>0</ele>
      <time>2026-04-13T12:03:15.714Z</time>
    </trkpt>
    <trkpt lat="40.025656" lon="9.669511">
      <ele>0</ele>
      <time>2026-04-13T12:03:17.278Z</time>
    </trkpt>
    <trkpt lat="40.025581" lon="9.669536">
      <ele>0</ele>
      <time>2026-04-13T12:03:18.843Z</time>
    </trkpt>
    <trkpt lat="40.025525" lon="9.669561">
      <ele>0</ele>
      <time>2026-04-13T12:03:20.408Z</time>
    </trkpt>
    <trkpt lat="40.025459" lon="9.669604">
      <ele>0</ele>
      <time>2026-04-13T12:03:21.972Z</time>
    </trkpt>
    <trkpt lat="40.025293" lon="9.669727">
      <ele>0</ele>
      <time>2026-04-13T12:03:23.537Z</time>
    </trkpt>
    <trkpt lat="40.025214" lon="9.669812">
      <ele>0</ele>
      <time>2026-04-13T12:03:25.101Z</time>
    </trkpt>
    <trkpt lat="40.025140" lon="9.669902">
      <ele>0</ele>
      <time>2026-04-13T12:03:26.666Z</time>
    </trkpt>
    <trkpt lat="40.025030" lon="9.670118">
      <ele>0</ele>
      <time>2026-04-13T12:03:28.230Z</time>
    </trkpt>
    <trkpt lat="40.024961" lon="9.670270">
      <ele>0</ele>
      <time>2026-04-13T12:03:29.795Z</time>
    </trkpt>
    <trkpt lat="40.024892" lon="9.670424">
      <ele>0</ele>
      <time>2026-04-13T12:03:31.359Z</time>
    </trkpt>
    <trkpt lat="40.024810" lon="9.670568">
      <ele>0</ele>
      <time>2026-04-13T12:03:32.924Z</time>
    </trkpt>
    <trkpt lat="40.024749" lon="9.670645">
      <ele>0</ele>
      <time>2026-04-13T12:03:34.489Z</time>
    </trkpt>
    <trkpt lat="40.024641" lon="9.670725">
      <ele>0</ele>
      <time>2026-04-13T12:03:36.053Z</time>
    </trkpt>
    <trkpt lat="40.024555" lon="9.670782">
      <ele>0</ele>
      <time>2026-04-13T12:03:37.618Z</time>
    </trkpt>
    <trkpt lat="40.024447" lon="9.670820">
      <ele>0</ele>
      <time>2026-04-13T12:03:39.182Z</time>
    </trkpt>
    <trkpt lat="40.024298" lon="9.670829">
      <ele>0</ele>
      <time>2026-04-13T12:03:40.747Z</time>
    </trkpt>
    <trkpt lat="40.024119" lon="9.670831">
      <ele>0</ele>
      <time>2026-04-13T12:03:42.311Z</time>
    </trkpt>
    <trkpt lat="40.023973" lon="9.670859">
      <ele>0</ele>
      <time>2026-04-13T12:03:43.876Z</time>
    </trkpt>
    <trkpt lat="40.023818" lon="9.670925">
      <ele>0</ele>
      <time>2026-04-13T12:03:45.440Z</time>
    </trkpt>
    <trkpt lat="40.023660" lon="9.671038">
      <ele>0</ele>
      <time>2026-04-13T12:03:47.005Z</time>
    </trkpt>
    <trkpt lat="40.023415" lon="9.671301">
      <ele>0</ele>
      <time>2026-04-13T12:03:48.570Z</time>
    </trkpt>
    <trkpt lat="40.023236" lon="9.671498">
      <ele>0</ele>
      <time>2026-04-13T12:03:50.134Z</time>
    </trkpt>
    <trkpt lat="40.023112" lon="9.671673">
      <ele>0</ele>
      <time>2026-04-13T12:03:51.699Z</time>
    </trkpt>
    <trkpt lat="40.022978" lon="9.671925">
      <ele>0</ele>
      <time>2026-04-13T12:03:53.263Z</time>
    </trkpt>
    <trkpt lat="40.022879" lon="9.672127">
      <ele>0</ele>
      <time>2026-04-13T12:03:54.828Z</time>
    </trkpt>
    <trkpt lat="40.022740" lon="9.672335">
      <ele>0</ele>
      <time>2026-04-13T12:03:56.392Z</time>
    </trkpt>
    <trkpt lat="40.022592" lon="9.672483">
      <ele>0</ele>
      <time>2026-04-13T12:03:57.957Z</time>
    </trkpt>
    <trkpt lat="40.022410" lon="9.672667">
      <ele>0</ele>
      <time>2026-04-13T12:03:59.522Z</time>
    </trkpt>
    <trkpt lat="40.022273" lon="9.672813">
      <ele>0</ele>
      <time>2026-04-13T12:04:01.086Z</time>
    </trkpt>
    <trkpt lat="40.022113" lon="9.673005">
      <ele>0</ele>
      <time>2026-04-13T12:04:02.651Z</time>
    </trkpt>
    <trkpt lat="40.022006" lon="9.673185">
      <ele>0</ele>
      <time>2026-04-13T12:04:04.215Z</time>
    </trkpt>
    <trkpt lat="40.021910" lon="9.673376">
      <ele>0</ele>
      <time>2026-04-13T12:04:05.780Z</time>
    </trkpt>
    <trkpt lat="40.021815" lon="9.673537">
      <ele>0</ele>
      <time>2026-04-13T12:04:07.344Z</time>
    </trkpt>
    <trkpt lat="40.021588" lon="9.673802">
      <ele>0</ele>
      <time>2026-04-13T12:04:08.909Z</time>
    </trkpt>
    <trkpt lat="40.021174" lon="9.674343">
      <ele>0</ele>
      <time>2026-04-13T12:04:10.473Z</time>
    </trkpt>
    <trkpt lat="40.020975" lon="9.674646">
      <ele>0</ele>
      <time>2026-04-13T12:04:12.038Z</time>
    </trkpt>
    <trkpt lat="40.020810" lon="9.675007">
      <ele>0</ele>
      <time>2026-04-13T12:04:13.603Z</time>
    </trkpt>
    <trkpt lat="40.020725" lon="9.675275">
      <ele>0</ele>
      <time>2026-04-13T12:04:15.167Z</time>
    </trkpt>
    <trkpt lat="40.020669" lon="9.675548">
      <ele>0</ele>
      <time>2026-04-13T12:04:16.732Z</time>
    </trkpt>
    <trkpt lat="40.020588" lon="9.675973">
      <ele>0</ele>
      <time>2026-04-13T12:04:18.296Z</time>
    </trkpt>
    <trkpt lat="40.020507" lon="9.676365">
      <ele>0</ele>
      <time>2026-04-13T12:04:19.861Z</time>
    </trkpt>
    <trkpt lat="40.020468" lon="9.676553">
      <ele>0</ele>
      <time>2026-04-13T12:04:21.425Z</time>
    </trkpt>
    <trkpt lat="40.020381" lon="9.676734">
      <ele>0</ele>
      <time>2026-04-13T12:04:22.990Z</time>
    </trkpt>
    <trkpt lat="40.020326" lon="9.676884">
      <ele>0</ele>
      <time>2026-04-13T12:04:24.554Z</time>
    </trkpt>
    <trkpt lat="40.020330" lon="9.677070">
      <ele>0</ele>
      <time>2026-04-13T12:04:26.119Z</time>
    </trkpt>
    <trkpt lat="40.020331" lon="9.677232">
      <ele>0</ele>
      <time>2026-04-13T12:04:27.684Z</time>
    </trkpt>
    <trkpt lat="40.020298" lon="9.677406">
      <ele>0</ele>
      <time>2026-04-13T12:04:29.248Z</time>
    </trkpt>
    <trkpt lat="40.020235" lon="9.677588">
      <ele>0</ele>
      <time>2026-04-13T12:04:30.813Z</time>
    </trkpt>
    <trkpt lat="40.020156" lon="9.677691">
      <ele>0</ele>
      <time>2026-04-13T12:04:32.377Z</time>
    </trkpt>
    <trkpt lat="40.020046" lon="9.677784">
      <ele>0</ele>
      <time>2026-04-13T12:04:33.942Z</time>
    </trkpt>
    <trkpt lat="40.019906" lon="9.677945">
      <ele>0</ele>
      <time>2026-04-13T12:04:35.506Z</time>
    </trkpt>
    <trkpt lat="40.019695" lon="9.678339">
      <ele>0</ele>
      <time>2026-04-13T12:04:37.071Z</time>
    </trkpt>
    <trkpt lat="40.019629" lon="9.678403">
      <ele>0</ele>
      <time>2026-04-13T12:04:38.636Z</time>
    </trkpt>
    <trkpt lat="40.019528" lon="9.678434">
      <ele>0</ele>
      <time>2026-04-13T12:04:40.200Z</time>
    </trkpt>
    <trkpt lat="40.019446" lon="9.678414">
      <ele>0</ele>
      <time>2026-04-13T12:04:41.765Z</time>
    </trkpt>
    <trkpt lat="40.019276" lon="9.678355">
      <ele>0</ele>
      <time>2026-04-13T12:04:43.329Z</time>
    </trkpt>
    <trkpt lat="40.018870" lon="9.678266">
      <ele>0</ele>
      <time>2026-04-13T12:04:44.894Z</time>
    </trkpt>
    <trkpt lat="40.018609" lon="9.678218">
      <ele>0</ele>
      <time>2026-04-13T12:04:46.458Z</time>
    </trkpt>
    <trkpt lat="40.018369" lon="9.678215">
      <ele>0</ele>
      <time>2026-04-13T12:04:48.023Z</time>
    </trkpt>
    <trkpt lat="40.017744" lon="9.678242">
      <ele>0</ele>
      <time>2026-04-13T12:04:49.587Z</time>
    </trkpt>
    <trkpt lat="40.017645" lon="9.678197">
      <ele>0</ele>
      <time>2026-04-13T12:04:51.152Z</time>
    </trkpt>
    <trkpt lat="40.017399" lon="9.678014">
      <ele>0</ele>
      <time>2026-04-13T12:04:52.717Z</time>
    </trkpt>
    <trkpt lat="40.017250" lon="9.678027">
      <ele>0</ele>
      <time>2026-04-13T12:04:54.281Z</time>
    </trkpt>
    <trkpt lat="40.017082" lon="9.678117">
      <ele>0</ele>
      <time>2026-04-13T12:04:55.846Z</time>
    </trkpt>
    <trkpt lat="40.016680" lon="9.678572">
      <ele>0</ele>
      <time>2026-04-13T12:04:57.410Z</time>
    </trkpt>
    <trkpt lat="40.016523" lon="9.678632">
      <ele>0</ele>
      <time>2026-04-13T12:04:58.975Z</time>
    </trkpt>
    <trkpt lat="40.016316" lon="9.678653">
      <ele>0</ele>
      <time>2026-04-13T12:05:00.539Z</time>
    </trkpt>
    <trkpt lat="40.016173" lon="9.678652">
      <ele>0</ele>
      <time>2026-04-13T12:05:02.104Z</time>
    </trkpt>
    <trkpt lat="40.016042" lon="9.678648">
      <ele>0</ele>
      <time>2026-04-13T12:05:03.669Z</time>
    </trkpt>
    <trkpt lat="40.015899" lon="9.678626">
      <ele>0</ele>
      <time>2026-04-13T12:05:05.233Z</time>
    </trkpt>
    <trkpt lat="40.015767" lon="9.678577">
      <ele>0</ele>
      <time>2026-04-13T12:05:06.798Z</time>
    </trkpt>
    <trkpt lat="40.015692" lon="9.678549">
      <ele>0</ele>
      <time>2026-04-13T12:05:08.362Z</time>
    </trkpt>
    <trkpt lat="40.015610" lon="9.678564">
      <ele>0</ele>
      <time>2026-04-13T12:05:09.927Z</time>
    </trkpt>
    <trkpt lat="40.015459" lon="9.678615">
      <ele>0</ele>
      <time>2026-04-13T12:05:11.491Z</time>
    </trkpt>
    <trkpt lat="40.015413" lon="9.678630">
      <ele>0</ele>
      <time>2026-04-13T12:05:13.056Z</time>
    </trkpt>
    <trkpt lat="40.015334" lon="9.678636">
      <ele>0</ele>
      <time>2026-04-13T12:05:14.620Z</time>
    </trkpt>
    <trkpt lat="40.015245" lon="9.678635">
      <ele>0</ele>
      <time>2026-04-13T12:05:16.185Z</time>
    </trkpt>
    <trkpt lat="40.015159" lon="9.678594">
      <ele>0</ele>
      <time>2026-04-13T12:05:17.750Z</time>
    </trkpt>
    <trkpt lat="40.015098" lon="9.678553">
      <ele>0</ele>
      <time>2026-04-13T12:05:19.314Z</time>
    </trkpt>
    <trkpt lat="40.015036" lon="9.678511">
      <ele>0</ele>
      <time>2026-04-13T12:05:20.879Z</time>
    </trkpt>
    <trkpt lat="40.014910" lon="9.678437">
      <ele>0</ele>
      <time>2026-04-13T12:05:22.443Z</time>
    </trkpt>
    <trkpt lat="40.014780" lon="9.678416">
      <ele>0</ele>
      <time>2026-04-13T12:05:24.008Z</time>
    </trkpt>
    <trkpt lat="40.014639" lon="9.678418">
      <ele>0</ele>
      <time>2026-04-13T12:05:25.572Z</time>
    </trkpt>
    <trkpt lat="40.014484" lon="9.678478">
      <ele>0</ele>
      <time>2026-04-13T12:05:27.137Z</time>
    </trkpt>
    <trkpt lat="40.014259" lon="9.678579">
      <ele>0</ele>
      <time>2026-04-13T12:05:28.701Z</time>
    </trkpt>
    <trkpt lat="40.014124" lon="9.678595">
      <ele>0</ele>
      <time>2026-04-13T12:05:30.266Z</time>
    </trkpt>
    <trkpt lat="40.014029" lon="9.678523">
      <ele>0</ele>
      <time>2026-04-13T12:05:31.831Z</time>
    </trkpt>
    <trkpt lat="40.013958" lon="9.678391">
      <ele>0</ele>
      <time>2026-04-13T12:05:33.395Z</time>
    </trkpt>
    <trkpt lat="40.013932" lon="9.678151">
      <ele>0</ele>
      <time>2026-04-13T12:05:34.960Z</time>
    </trkpt>
    <trkpt lat="40.013906" lon="9.677906">
      <ele>0</ele>
      <time>2026-04-13T12:05:36.524Z</time>
    </trkpt>
    <trkpt lat="40.013829" lon="9.677685">
      <ele>0</ele>
      <time>2026-04-13T12:05:38.089Z</time>
    </trkpt>
    <trkpt lat="40.013680" lon="9.677475">
      <ele>0</ele>
      <time>2026-04-13T12:05:39.653Z</time>
    </trkpt>
    <trkpt lat="40.013506" lon="9.677317">
      <ele>0</ele>
      <time>2026-04-13T12:05:41.218Z</time>
    </trkpt>
    <trkpt lat="40.013388" lon="9.677180">
      <ele>0</ele>
      <time>2026-04-13T12:05:42.783Z</time>
    </trkpt>
    <trkpt lat="40.013323" lon="9.677011">
      <ele>0</ele>
      <time>2026-04-13T12:05:44.347Z</time>
    </trkpt>
    <trkpt lat="40.013326" lon="9.676865">
      <ele>0</ele>
      <time>2026-04-13T12:05:45.912Z</time>
    </trkpt>
    <trkpt lat="40.013400" lon="9.676715">
      <ele>0</ele>
      <time>2026-04-13T12:05:47.476Z</time>
    </trkpt>
    <trkpt lat="40.013574" lon="9.676502">
      <ele>0</ele>
      <time>2026-04-13T12:05:49.041Z</time>
    </trkpt>
    <trkpt lat="40.013715" lon="9.676251">
      <ele>0</ele>
      <time>2026-04-13T12:05:50.605Z</time>
    </trkpt>
    <trkpt lat="40.013783" lon="9.675990">
      <ele>0</ele>
      <time>2026-04-13T12:05:52.170Z</time>
    </trkpt>
    <trkpt lat="40.013808" lon="9.675794">
      <ele>0</ele>
      <time>2026-04-13T12:05:53.734Z</time>
    </trkpt>
    <trkpt lat="40.013821" lon="9.675691">
      <ele>0</ele>
      <time>2026-04-13T12:05:55.299Z</time>
    </trkpt>
    <trkpt lat="40.013811" lon="9.675569">
      <ele>0</ele>
      <time>2026-04-13T12:05:56.864Z</time>
    </trkpt>
    <trkpt lat="40.013769" lon="9.675430">
      <ele>0</ele>
      <time>2026-04-13T12:05:58.428Z</time>
    </trkpt>
    <trkpt lat="40.013710" lon="9.675323">
      <ele>0</ele>
      <time>2026-04-13T12:05:59.993Z</time>
    </trkpt>
    <trkpt lat="40.013624" lon="9.675241">
      <ele>0</ele>
      <time>2026-04-13T12:06:01.557Z</time>
    </trkpt>
    <trkpt lat="40.013519" lon="9.675112">
      <ele>0</ele>
      <time>2026-04-13T12:06:03.122Z</time>
    </trkpt>
    <trkpt lat="40.013489" lon="9.674972">
      <ele>0</ele>
      <time>2026-04-13T12:06:04.686Z</time>
    </trkpt>
    <trkpt lat="40.013527" lon="9.674803">
      <ele>0</ele>
      <time>2026-04-13T12:06:06.251Z</time>
    </trkpt>
    <trkpt lat="40.013612" lon="9.674483">
      <ele>0</ele>
      <time>2026-04-13T12:06:07.815Z</time>
    </trkpt>
    <trkpt lat="40.013611" lon="9.674381">
      <ele>0</ele>
      <time>2026-04-13T12:06:09.380Z</time>
    </trkpt>
    <trkpt lat="40.013594" lon="9.674295">
      <ele>0</ele>
      <time>2026-04-13T12:06:10.945Z</time>
    </trkpt>
    <trkpt lat="40.013566" lon="9.674204">
      <ele>0</ele>
      <time>2026-04-13T12:06:12.509Z</time>
    </trkpt>
    <trkpt lat="40.013519" lon="9.674132">
      <ele>0</ele>
      <time>2026-04-13T12:06:14.074Z</time>
    </trkpt>
    <trkpt lat="40.013414" lon="9.674013">
      <ele>0</ele>
      <time>2026-04-13T12:06:15.638Z</time>
    </trkpt>
    <trkpt lat="40.013314" lon="9.673847">
      <ele>0</ele>
      <time>2026-04-13T12:06:17.203Z</time>
    </trkpt>
    <trkpt lat="40.013268" lon="9.673670">
      <ele>0</ele>
      <time>2026-04-13T12:06:18.767Z</time>
    </trkpt>
    <trkpt lat="40.013229" lon="9.673496">
      <ele>0</ele>
      <time>2026-04-13T12:06:20.332Z</time>
    </trkpt>
    <trkpt lat="40.013184" lon="9.673396">
      <ele>0</ele>
      <time>2026-04-13T12:06:21.897Z</time>
    </trkpt>
    <trkpt lat="40.013126" lon="9.673314">
      <ele>0</ele>
      <time>2026-04-13T12:06:23.461Z</time>
    </trkpt>
    <trkpt lat="40.012760" lon="9.672850">
      <ele>0</ele>
      <time>2026-04-13T12:06:25.026Z</time>
    </trkpt>
    <trkpt lat="40.012628" lon="9.672740">
      <ele>0</ele>
      <time>2026-04-13T12:06:26.590Z</time>
    </trkpt>
    <trkpt lat="40.012475" lon="9.672716">
      <ele>0</ele>
      <time>2026-04-13T12:06:28.155Z</time>
    </trkpt>
    <trkpt lat="40.012289" lon="9.672782">
      <ele>0</ele>
      <time>2026-04-13T12:06:29.719Z</time>
    </trkpt>
    <trkpt lat="40.012085" lon="9.673003">
      <ele>0</ele>
      <time>2026-04-13T12:06:31.284Z</time>
    </trkpt>
    <trkpt lat="40.012014" lon="9.673043">
      <ele>0</ele>
      <time>2026-04-13T12:06:32.848Z</time>
    </trkpt>
    <trkpt lat="40.011919" lon="9.673039">
      <ele>0</ele>
      <time>2026-04-13T12:06:34.413Z</time>
    </trkpt>
    <trkpt lat="40.011849" lon="9.672990">
      <ele>0</ele>
      <time>2026-04-13T12:06:35.978Z</time>
    </trkpt>
    <trkpt lat="40.011227" lon="9.672446">
      <ele>0</ele>
      <time>2026-04-13T12:06:37.542Z</time>
    </trkpt>
    <trkpt lat="40.011132" lon="9.672327">
      <ele>0</ele>
      <time>2026-04-13T12:06:39.107Z</time>
    </trkpt>
    <trkpt lat="40.011046" lon="9.672126">
      <ele>0</ele>
      <time>2026-04-13T12:06:40.671Z</time>
    </trkpt>
    <trkpt lat="40.010935" lon="9.671831">
      <ele>0</ele>
      <time>2026-04-13T12:06:42.236Z</time>
    </trkpt>
    <trkpt lat="40.010907" lon="9.671589">
      <ele>0</ele>
      <time>2026-04-13T12:06:43.800Z</time>
    </trkpt>
    <trkpt lat="40.010939" lon="9.671311">
      <ele>0</ele>
      <time>2026-04-13T12:06:45.365Z</time>
    </trkpt>
    <trkpt lat="40.011044" lon="9.670935">
      <ele>0</ele>
      <time>2026-04-13T12:06:46.929Z</time>
    </trkpt>
    <trkpt lat="40.011230" lon="9.670426">
      <ele>0</ele>
      <time>2026-04-13T12:06:48.494Z</time>
    </trkpt>
    <trkpt lat="40.011279" lon="9.670259">
      <ele>0</ele>
      <time>2026-04-13T12:06:50.059Z</time>
    </trkpt>
    <trkpt lat="40.011314" lon="9.670046">
      <ele>0</ele>
      <time>2026-04-13T12:06:51.623Z</time>
    </trkpt>
    <trkpt lat="40.011295" lon="9.669874">
      <ele>0</ele>
      <time>2026-04-13T12:06:53.188Z</time>
    </trkpt>
    <trkpt lat="40.011227" lon="9.669723">
      <ele>0</ele>
      <time>2026-04-13T12:06:54.752Z</time>
    </trkpt>
    <trkpt lat="40.011129" lon="9.669623">
      <ele>0</ele>
      <time>2026-04-13T12:06:56.317Z</time>
    </trkpt>
    <trkpt lat="40.010986" lon="9.669482">
      <ele>0</ele>
      <time>2026-04-13T12:06:57.881Z</time>
    </trkpt>
    <trkpt lat="40.010901" lon="9.669329">
      <ele>0</ele>
      <time>2026-04-13T12:06:59.446Z</time>
    </trkpt>
    <trkpt lat="40.010834" lon="9.669192">
      <ele>0</ele>
      <time>2026-04-13T12:07:01.011Z</time>
    </trkpt>
    <trkpt lat="40.010620" lon="9.668570">
      <ele>0</ele>
      <time>2026-04-13T12:07:02.575Z</time>
    </trkpt>
    <trkpt lat="40.010557" lon="9.668455">
      <ele>0</ele>
      <time>2026-04-13T12:07:04.140Z</time>
    </trkpt>
    <trkpt lat="40.010464" lon="9.668362">
      <ele>0</ele>
      <time>2026-04-13T12:07:05.704Z</time>
    </trkpt>
    <trkpt lat="40.010373" lon="9.668296">
      <ele>0</ele>
      <time>2026-04-13T12:07:07.269Z</time>
    </trkpt>
    <trkpt lat="40.010273" lon="9.668235">
      <ele>0</ele>
      <time>2026-04-13T12:07:08.833Z</time>
    </trkpt>
    <trkpt lat="40.010157" lon="9.668213">
      <ele>0</ele>
      <time>2026-04-13T12:07:10.398Z</time>
    </trkpt>
    <trkpt lat="40.010039" lon="9.668264">
      <ele>0</ele>
      <time>2026-04-13T12:07:11.962Z</time>
    </trkpt>
    <trkpt lat="40.009967" lon="9.668355">
      <ele>0</ele>
      <time>2026-04-13T12:07:13.527Z</time>
    </trkpt>
    <trkpt lat="40.009934" lon="9.668494">
      <ele>0</ele>
      <time>2026-04-13T12:07:15.092Z</time>
    </trkpt>
    <trkpt lat="40.009971" lon="9.668906">
      <ele>0</ele>
      <time>2026-04-13T12:07:16.656Z</time>
    </trkpt>
    <trkpt lat="40.009959" lon="9.669004">
      <ele>0</ele>
      <time>2026-04-13T12:07:18.221Z</time>
    </trkpt>
    <trkpt lat="40.009923" lon="9.669108">
      <ele>0</ele>
      <time>2026-04-13T12:07:19.785Z</time>
    </trkpt>
    <trkpt lat="40.009819" lon="9.669244">
      <ele>0</ele>
      <time>2026-04-13T12:07:21.350Z</time>
    </trkpt>
    <trkpt lat="40.009735" lon="9.669387">
      <ele>0</ele>
      <time>2026-04-13T12:07:22.914Z</time>
    </trkpt>
    <trkpt lat="40.009647" lon="9.669646">
      <ele>0</ele>
      <time>2026-04-13T12:07:24.479Z</time>
    </trkpt>
    <trkpt lat="40.009491" lon="9.670327">
      <ele>0</ele>
      <time>2026-04-13T12:07:26.044Z</time>
    </trkpt>
    <trkpt lat="40.009442" lon="9.670462">
      <ele>0</ele>
      <time>2026-04-13T12:07:27.608Z</time>
    </trkpt>
    <trkpt lat="40.009367" lon="9.670552">
      <ele>0</ele>
      <time>2026-04-13T12:07:29.173Z</time>
    </trkpt>
    <trkpt lat="40.009240" lon="9.670605">
      <ele>0</ele>
      <time>2026-04-13T12:07:30.737Z</time>
    </trkpt>
    <trkpt lat="40.008718" lon="9.670809">
      <ele>0</ele>
      <time>2026-04-13T12:07:32.302Z</time>
    </trkpt>
    <trkpt lat="40.008511" lon="9.670873">
      <ele>0</ele>
      <time>2026-04-13T12:07:33.866Z</time>
    </trkpt>
    <trkpt lat="40.008349" lon="9.670844">
      <ele>0</ele>
      <time>2026-04-13T12:07:35.431Z</time>
    </trkpt>
    <trkpt lat="40.008191" lon="9.670828">
      <ele>0</ele>
      <time>2026-04-13T12:07:36.995Z</time>
    </trkpt>
    <trkpt lat="40.007969" lon="9.670828">
      <ele>0</ele>
      <time>2026-04-13T12:07:38.560Z</time>
    </trkpt>
    <trkpt lat="40.007863" lon="9.670786">
      <ele>0</ele>
      <time>2026-04-13T12:07:40.125Z</time>
    </trkpt>
    <trkpt lat="40.007761" lon="9.670628">
      <ele>0</ele>
      <time>2026-04-13T12:07:41.689Z</time>
    </trkpt>
    <trkpt lat="40.007537" lon="9.670259">
      <ele>0</ele>
      <time>2026-04-13T12:07:43.254Z</time>
    </trkpt>
    <trkpt lat="40.007388" lon="9.670049">
      <ele>0</ele>
      <time>2026-04-13T12:07:44.818Z</time>
    </trkpt>
    <trkpt lat="40.007106" lon="9.669764">
      <ele>0</ele>
      <time>2026-04-13T12:07:46.383Z</time>
    </trkpt>
    <trkpt lat="40.006679" lon="9.669191">
      <ele>0</ele>
      <time>2026-04-13T12:07:47.947Z</time>
    </trkpt>
    <trkpt lat="40.006285" lon="9.668689">
      <ele>0</ele>
      <time>2026-04-13T12:07:49.512Z</time>
    </trkpt>
    <trkpt lat="40.006108" lon="9.668497">
      <ele>0</ele>
      <time>2026-04-13T12:07:51.076Z</time>
    </trkpt>
    <trkpt lat="40.005891" lon="9.668281">
      <ele>0</ele>
      <time>2026-04-13T12:07:52.641Z</time>
    </trkpt>
    <trkpt lat="40.005811" lon="9.668147">
      <ele>0</ele>
      <time>2026-04-13T12:07:54.206Z</time>
    </trkpt>
    <trkpt lat="40.005769" lon="9.668030">
      <ele>0</ele>
      <time>2026-04-13T12:07:55.770Z</time>
    </trkpt>
    <trkpt lat="40.005737" lon="9.667871">
      <ele>0</ele>
      <time>2026-04-13T12:07:57.335Z</time>
    </trkpt>
    <trkpt lat="40.005713" lon="9.667743">
      <ele>0</ele>
      <time>2026-04-13T12:07:58.899Z</time>
    </trkpt>
    <trkpt lat="40.005702" lon="9.667597">
      <ele>0</ele>
      <time>2026-04-13T12:08:00.464Z</time>
    </trkpt>
    <trkpt lat="40.005665" lon="9.667347">
      <ele>0</ele>
      <time>2026-04-13T12:08:02.028Z</time>
    </trkpt>
    <trkpt lat="40.005655" lon="9.667258">
      <ele>0</ele>
      <time>2026-04-13T12:08:03.593Z</time>
    </trkpt>
    <trkpt lat="40.005600" lon="9.667141">
      <ele>0</ele>
      <time>2026-04-13T12:08:05.158Z</time>
    </trkpt>
    <trkpt lat="40.005500" lon="9.667020">
      <ele>0</ele>
      <time>2026-04-13T12:08:06.722Z</time>
    </trkpt>
    <trkpt lat="40.005409" lon="9.666986">
      <ele>0</ele>
      <time>2026-04-13T12:08:08.287Z</time>
    </trkpt>
    <trkpt lat="40.005195" lon="9.666977">
      <ele>0</ele>
      <time>2026-04-13T12:08:09.851Z</time>
    </trkpt>
    <trkpt lat="40.005068" lon="9.667024">
      <ele>0</ele>
      <time>2026-04-13T12:08:11.416Z</time>
    </trkpt>
    <trkpt lat="40.005011" lon="9.667147">
      <ele>0</ele>
      <time>2026-04-13T12:08:12.980Z</time>
    </trkpt>
    <trkpt lat="40.005027" lon="9.667297">
      <ele>0</ele>
      <time>2026-04-13T12:08:14.545Z</time>
    </trkpt>
    <trkpt lat="40.005079" lon="9.667438">
      <ele>0</ele>
      <time>2026-04-13T12:08:16.109Z</time>
    </trkpt>
    <trkpt lat="40.005335" lon="9.667860">
      <ele>0</ele>
      <time>2026-04-13T12:08:17.674Z</time>
    </trkpt>
    <trkpt lat="40.005394" lon="9.668021">
      <ele>0</ele>
      <time>2026-04-13T12:08:19.239Z</time>
    </trkpt>
    <trkpt lat="40.005434" lon="9.668403">
      <ele>0</ele>
      <time>2026-04-13T12:08:20.803Z</time>
    </trkpt>
    <trkpt lat="40.005415" lon="9.668504">
      <ele>0</ele>
      <time>2026-04-13T12:08:22.368Z</time>
    </trkpt>
    <trkpt lat="40.005360" lon="9.668582">
      <ele>0</ele>
      <time>2026-04-13T12:08:23.932Z</time>
    </trkpt>
    <trkpt lat="40.005270" lon="9.668648">
      <ele>0</ele>
      <time>2026-04-13T12:08:25.497Z</time>
    </trkpt>
    <trkpt lat="40.004558" lon="9.668583">
      <ele>0</ele>
      <time>2026-04-13T12:08:27.061Z</time>
    </trkpt>
    <trkpt lat="40.004390" lon="9.668567">
      <ele>0</ele>
      <time>2026-04-13T12:08:28.626Z</time>
    </trkpt>
    <trkpt lat="40.004227" lon="9.668571">
      <ele>0</ele>
      <time>2026-04-13T12:08:30.190Z</time>
    </trkpt>
    <trkpt lat="40.004127" lon="9.668613">
      <ele>0</ele>
      <time>2026-04-13T12:08:31.755Z</time>
    </trkpt>
    <trkpt lat="40.003652" lon="9.669009">
      <ele>0</ele>
      <time>2026-04-13T12:08:33.320Z</time>
    </trkpt>
    <trkpt lat="40.003556" lon="9.669057">
      <ele>0</ele>
      <time>2026-04-13T12:08:34.884Z</time>
    </trkpt>
    <trkpt lat="40.003446" lon="9.669081">
      <ele>0</ele>
      <time>2026-04-13T12:08:36.449Z</time>
    </trkpt>
    <trkpt lat="40.003313" lon="9.669053">
      <ele>0</ele>
      <time>2026-04-13T12:08:38.013Z</time>
    </trkpt>
    <trkpt lat="40.002782" lon="9.668752">
      <ele>0</ele>
      <time>2026-04-13T12:08:39.578Z</time>
    </trkpt>
    <trkpt lat="40.002675" lon="9.668731">
      <ele>0</ele>
      <time>2026-04-13T12:08:41.142Z</time>
    </trkpt>
    <trkpt lat="40.002599" lon="9.668743">
      <ele>0</ele>
      <time>2026-04-13T12:08:42.707Z</time>
    </trkpt>
    <trkpt lat="40.002499" lon="9.668780">
      <ele>0</ele>
      <time>2026-04-13T12:08:44.272Z</time>
    </trkpt>
    <trkpt lat="40.002277" lon="9.668953">
      <ele>0</ele>
      <time>2026-04-13T12:08:45.836Z</time>
    </trkpt>
    <trkpt lat="40.002109" lon="9.669069">
      <ele>0</ele>
      <time>2026-04-13T12:08:47.401Z</time>
    </trkpt>
    <trkpt lat="40.002008" lon="9.669099">
      <ele>0</ele>
      <time>2026-04-13T12:08:48.965Z</time>
    </trkpt>
    <trkpt lat="40.001911" lon="9.669087">
      <ele>0</ele>
      <time>2026-04-13T12:08:50.530Z</time>
    </trkpt>
    <trkpt lat="40.001836" lon="9.669061">
      <ele>0</ele>
      <time>2026-04-13T12:08:52.094Z</time>
    </trkpt>
    <trkpt lat="40.001387" lon="9.668819">
      <ele>0</ele>
      <time>2026-04-13T12:08:53.659Z</time>
    </trkpt>
    <trkpt lat="40.001231" lon="9.668694">
      <ele>0</ele>
      <time>2026-04-13T12:08:55.223Z</time>
    </trkpt>
    <trkpt lat="40.001054" lon="9.668486">
      <ele>0</ele>
      <time>2026-04-13T12:08:56.788Z</time>
    </trkpt>
    <trkpt lat="40.000928" lon="9.668194">
      <ele>0</ele>
      <time>2026-04-13T12:08:58.353Z</time>
    </trkpt>
    <trkpt lat="40.000821" lon="9.667930">
      <ele>0</ele>
      <time>2026-04-13T12:08:59.917Z</time>
    </trkpt>
    <trkpt lat="40.000714" lon="9.667794">
      <ele>0</ele>
      <time>2026-04-13T12:09:01.482Z</time>
    </trkpt>
    <trkpt lat="40.000609" lon="9.667715">
      <ele>0</ele>
      <time>2026-04-13T12:09:03.046Z</time>
    </trkpt>
    <trkpt lat="40.000464" lon="9.667666">
      <ele>0</ele>
      <time>2026-04-13T12:09:04.611Z</time>
    </trkpt>
    <trkpt lat="40.000393" lon="9.667626">
      <ele>0</ele>
      <time>2026-04-13T12:09:06.175Z</time>
    </trkpt>
    <trkpt lat="40.000312" lon="9.667544">
      <ele>0</ele>
      <time>2026-04-13T12:09:07.740Z</time>
    </trkpt>
    <trkpt lat="40.000253" lon="9.667433">
      <ele>0</ele>
      <time>2026-04-13T12:09:09.304Z</time>
    </trkpt>
    <trkpt lat="40.000182" lon="9.667250">
      <ele>0</ele>
      <time>2026-04-13T12:09:10.869Z</time>
    </trkpt>
    <trkpt lat="40.000059" lon="9.667066">
      <ele>0</ele>
      <time>2026-04-13T12:09:12.434Z</time>
    </trkpt>
    <trkpt lat="39.999934" lon="9.666980">
      <ele>0</ele>
      <time>2026-04-13T12:09:13.998Z</time>
    </trkpt>
    <trkpt lat="39.999831" lon="9.666941">
      <ele>0</ele>
      <time>2026-04-13T12:09:15.563Z</time>
    </trkpt>
    <trkpt lat="39.999737" lon="9.666907">
      <ele>0</ele>
      <time>2026-04-13T12:09:17.127Z</time>
    </trkpt>
    <trkpt lat="39.999554" lon="9.666844">
      <ele>0</ele>
      <time>2026-04-13T12:09:18.692Z</time>
    </trkpt>
    <trkpt lat="39.999357" lon="9.666778">
      <ele>0</ele>
      <time>2026-04-13T12:09:20.256Z</time>
    </trkpt>
    <trkpt lat="39.999312" lon="9.666761">
      <ele>0</ele>
      <time>2026-04-13T12:09:21.821Z</time>
    </trkpt>
    <trkpt lat="39.998949" lon="9.666620">
      <ele>0</ele>
      <time>2026-04-13T12:09:23.386Z</time>
    </trkpt>
    <trkpt lat="39.998822" lon="9.666582">
      <ele>0</ele>
      <time>2026-04-13T12:09:24.950Z</time>
    </trkpt>
    <trkpt lat="39.998459" lon="9.666577">
      <ele>0</ele>
      <time>2026-04-13T12:09:26.515Z</time>
    </trkpt>
    <trkpt lat="39.998114" lon="9.666486">
      <ele>0</ele>
      <time>2026-04-13T12:09:28.079Z</time>
    </trkpt>
    <trkpt lat="39.997958" lon="9.666474">
      <ele>0</ele>
      <time>2026-04-13T12:09:29.644Z</time>
    </trkpt>
    <trkpt lat="39.997256" lon="9.666539">
      <ele>0</ele>
      <time>2026-04-13T12:09:31.208Z</time>
    </trkpt>
    <trkpt lat="39.997073" lon="9.666621">
      <ele>0</ele>
      <time>2026-04-13T12:09:32.773Z</time>
    </trkpt>
    <trkpt lat="39.996940" lon="9.666756">
      <ele>0</ele>
      <time>2026-04-13T12:09:34.337Z</time>
    </trkpt>
    <trkpt lat="39.996554" lon="9.667173">
      <ele>0</ele>
      <time>2026-04-13T12:09:35.902Z</time>
    </trkpt>
    <trkpt lat="39.996386" lon="9.667302">
      <ele>0</ele>
      <time>2026-04-13T12:09:37.467Z</time>
    </trkpt>
    <trkpt lat="39.996233" lon="9.667318">
      <ele>0</ele>
      <time>2026-04-13T12:09:39.031Z</time>
    </trkpt>
    <trkpt lat="39.996106" lon="9.667259">
      <ele>0</ele>
      <time>2026-04-13T12:09:40.596Z</time>
    </trkpt>
    <trkpt lat="39.995855" lon="9.666830">
      <ele>0</ele>
      <time>2026-04-13T12:09:42.160Z</time>
    </trkpt>
    <trkpt lat="39.995782" lon="9.666635">
      <ele>0</ele>
      <time>2026-04-13T12:09:43.725Z</time>
    </trkpt>
    <trkpt lat="39.995789" lon="9.666382">
      <ele>0</ele>
      <time>2026-04-13T12:09:45.289Z</time>
    </trkpt>
    <trkpt lat="39.995847" lon="9.665738">
      <ele>0</ele>
      <time>2026-04-13T12:09:46.854Z</time>
    </trkpt>
    <trkpt lat="39.995873" lon="9.665565">
      <ele>0</ele>
      <time>2026-04-13T12:09:48.419Z</time>
    </trkpt>
    <trkpt lat="39.996055" lon="9.665166">
      <ele>0</ele>
      <time>2026-04-13T12:09:49.983Z</time>
    </trkpt>
    <trkpt lat="39.996151" lon="9.664821">
      <ele>0</ele>
      <time>2026-04-13T12:09:51.548Z</time>
    </trkpt>
    <trkpt lat="39.996245" lon="9.664569">
      <ele>0</ele>
      <time>2026-04-13T12:09:53.112Z</time>
    </trkpt>
    <trkpt lat="39.996312" lon="9.664478">
      <ele>0</ele>
      <time>2026-04-13T12:09:54.677Z</time>
    </trkpt>
    <trkpt lat="39.996420" lon="9.664414">
      <ele>0</ele>
      <time>2026-04-13T12:09:56.241Z</time>
    </trkpt>
    <trkpt lat="39.996634" lon="9.664380">
      <ele>0</ele>
      <time>2026-04-13T12:09:57.806Z</time>
    </trkpt>
    <trkpt lat="39.996775" lon="9.664315">
      <ele>0</ele>
      <time>2026-04-13T12:09:59.370Z</time>
    </trkpt>
    <trkpt lat="39.996882" lon="9.664163">
      <ele>0</ele>
      <time>2026-04-13T12:10:00.935Z</time>
    </trkpt>
    <trkpt lat="39.996928" lon="9.663976">
      <ele>0</ele>
      <time>2026-04-13T12:10:02.500Z</time>
    </trkpt>
    <trkpt lat="39.996910" lon="9.663728">
      <ele>0</ele>
      <time>2026-04-13T12:10:04.064Z</time>
    </trkpt>
    <trkpt lat="39.996835" lon="9.663523">
      <ele>0</ele>
      <time>2026-04-13T12:10:05.629Z</time>
    </trkpt>
    <trkpt lat="39.996693" lon="9.663327">
      <ele>0</ele>
      <time>2026-04-13T12:10:07.193Z</time>
    </trkpt>
    <trkpt lat="39.996409" lon="9.662954">
      <ele>0</ele>
      <time>2026-04-13T12:10:08.758Z</time>
    </trkpt>
    <trkpt lat="39.996282" lon="9.662782">
      <ele>0</ele>
      <time>2026-04-13T12:10:10.322Z</time>
    </trkpt>
    <trkpt lat="39.996178" lon="9.662719">
      <ele>0</ele>
      <time>2026-04-13T12:10:11.887Z</time>
    </trkpt>
    <trkpt lat="39.995241" lon="9.662476">
      <ele>0</ele>
      <time>2026-04-13T12:10:13.451Z</time>
    </trkpt>
    <trkpt lat="39.995107" lon="9.662389">
      <ele>0</ele>
      <time>2026-04-13T12:10:15.016Z</time>
    </trkpt>
    <trkpt lat="39.994894" lon="9.662152">
      <ele>0</ele>
      <time>2026-04-13T12:10:16.581Z</time>
    </trkpt>
    <trkpt lat="39.994762" lon="9.662007">
      <ele>0</ele>
      <time>2026-04-13T12:10:18.145Z</time>
    </trkpt>
    <trkpt lat="39.994635" lon="9.661864">
      <ele>0</ele>
      <time>2026-04-13T12:10:19.710Z</time>
    </trkpt>
    <trkpt lat="39.994579" lon="9.661752">
      <ele>0</ele>
      <time>2026-04-13T12:10:21.274Z</time>
    </trkpt>
    <trkpt lat="39.994560" lon="9.661675">
      <ele>0</ele>
      <time>2026-04-13T12:10:22.839Z</time>
    </trkpt>
    <trkpt lat="39.994546" lon="9.661336">
      <ele>0</ele>
      <time>2026-04-13T12:10:24.403Z</time>
    </trkpt>
    <trkpt lat="39.994478" lon="9.661224">
      <ele>0</ele>
      <time>2026-04-13T12:10:25.968Z</time>
    </trkpt>
    <trkpt lat="39.993969" lon="9.660852">
      <ele>0</ele>
      <time>2026-04-13T12:10:27.533Z</time>
    </trkpt>
    <trkpt lat="39.993355" lon="9.660066">
      <ele>0</ele>
      <time>2026-04-13T12:10:29.097Z</time>
    </trkpt>
    <trkpt lat="39.993124" lon="9.659888">
      <ele>0</ele>
      <time>2026-04-13T12:10:30.662Z</time>
    </trkpt>
    <trkpt lat="39.992745" lon="9.659648">
      <ele>0</ele>
      <time>2026-04-13T12:10:32.226Z</time>
    </trkpt>
    <trkpt lat="39.992519" lon="9.659567">
      <ele>0</ele>
      <time>2026-04-13T12:10:33.791Z</time>
    </trkpt>
    <trkpt lat="39.992377" lon="9.659490">
      <ele>0</ele>
      <time>2026-04-13T12:10:35.355Z</time>
    </trkpt>
    <trkpt lat="39.992347" lon="9.659469">
      <ele>0</ele>
      <time>2026-04-13T12:10:36.920Z</time>
    </trkpt>
    <trkpt lat="39.992204" lon="9.659370">
      <ele>0</ele>
      <time>2026-04-13T12:10:38.484Z</time>
    </trkpt>
    <trkpt lat="39.991523" lon="9.658890">
      <ele>0</ele>
      <time>2026-04-13T12:10:40.049Z</time>
    </trkpt>
    <trkpt lat="39.991355" lon="9.658757">
      <ele>0</ele>
      <time>2026-04-13T12:10:41.614Z</time>
    </trkpt>
    <trkpt lat="39.991224" lon="9.658642">
      <ele>0</ele>
      <time>2026-04-13T12:10:43.178Z</time>
    </trkpt>
    <trkpt lat="39.991157" lon="9.658452">
      <ele>0</ele>
      <time>2026-04-13T12:10:44.743Z</time>
    </trkpt>
    <trkpt lat="39.991158" lon="9.658238">
      <ele>0</ele>
      <time>2026-04-13T12:10:46.307Z</time>
    </trkpt>
    <trkpt lat="39.991174" lon="9.657964">
      <ele>0</ele>
      <time>2026-04-13T12:10:47.872Z</time>
    </trkpt>
    <trkpt lat="39.991217" lon="9.657567">
      <ele>0</ele>
      <time>2026-04-13T12:10:49.436Z</time>
    </trkpt>
    <trkpt lat="39.991235" lon="9.657366">
      <ele>0</ele>
      <time>2026-04-13T12:10:51.001Z</time>
    </trkpt>
    <trkpt lat="39.991212" lon="9.657213">
      <ele>0</ele>
      <time>2026-04-13T12:10:52.565Z</time>
    </trkpt>
    <trkpt lat="39.991156" lon="9.657123">
      <ele>0</ele>
      <time>2026-04-13T12:10:54.130Z</time>
    </trkpt>
    <trkpt lat="39.991063" lon="9.657066">
      <ele>0</ele>
      <time>2026-04-13T12:10:55.695Z</time>
    </trkpt>
    <trkpt lat="39.990903" lon="9.657077">
      <ele>0</ele>
      <time>2026-04-13T12:10:57.259Z</time>
    </trkpt>
    <trkpt lat="39.990662" lon="9.657156">
      <ele>0</ele>
      <time>2026-04-13T12:10:58.824Z</time>
    </trkpt>
    <trkpt lat="39.990500" lon="9.657169">
      <ele>0</ele>
      <time>2026-04-13T12:11:00.388Z</time>
    </trkpt>
    <trkpt lat="39.990367" lon="9.657148">
      <ele>0</ele>
      <time>2026-04-13T12:11:01.953Z</time>
    </trkpt>
    <trkpt lat="39.989957" lon="9.657000">
      <ele>0</ele>
      <time>2026-04-13T12:11:03.517Z</time>
    </trkpt>
    <trkpt lat="39.989885" lon="9.656978">
      <ele>0</ele>
      <time>2026-04-13T12:11:05.082Z</time>
    </trkpt>
    <trkpt lat="39.989795" lon="9.656943">
      <ele>0</ele>
      <time>2026-04-13T12:11:06.647Z</time>
    </trkpt>
    <trkpt lat="39.989533" lon="9.656895">
      <ele>0</ele>
      <time>2026-04-13T12:11:08.211Z</time>
    </trkpt>
    <trkpt lat="39.989382" lon="9.656906">
      <ele>0</ele>
      <time>2026-04-13T12:11:09.776Z</time>
    </trkpt>
    <trkpt lat="39.989250" lon="9.656932">
      <ele>0</ele>
      <time>2026-04-13T12:11:11.340Z</time>
    </trkpt>
    <trkpt lat="39.989110" lon="9.656949">
      <ele>0</ele>
      <time>2026-04-13T12:11:12.905Z</time>
    </trkpt>
    <trkpt lat="39.988910" lon="9.656960">
      <ele>0</ele>
      <time>2026-04-13T12:11:14.469Z</time>
    </trkpt>
    <trkpt lat="39.988628" lon="9.656935">
      <ele>0</ele>
      <time>2026-04-13T12:11:16.034Z</time>
    </trkpt>
    <trkpt lat="39.988468" lon="9.656953">
      <ele>0</ele>
      <time>2026-04-13T12:11:17.598Z</time>
    </trkpt>
    <trkpt lat="39.988382" lon="9.656984">
      <ele>0</ele>
      <time>2026-04-13T12:11:19.163Z</time>
    </trkpt>
    <trkpt lat="39.988225" lon="9.657079">
      <ele>0</ele>
      <time>2026-04-13T12:11:20.728Z</time>
    </trkpt>
    <trkpt lat="39.987897" lon="9.657301">
      <ele>0</ele>
      <time>2026-04-13T12:11:22.292Z</time>
    </trkpt>
    <trkpt lat="39.987351" lon="9.657668">
      <ele>0</ele>
      <time>2026-04-13T12:11:23.857Z</time>
    </trkpt>
    <trkpt lat="39.987082" lon="9.657822">
      <ele>0</ele>
      <time>2026-04-13T12:11:25.421Z</time>
    </trkpt>
    <trkpt lat="39.986793" lon="9.657919">
      <ele>0</ele>
      <time>2026-04-13T12:11:26.986Z</time>
    </trkpt>
    <trkpt lat="39.986617" lon="9.657986">
      <ele>0</ele>
      <time>2026-04-13T12:11:28.550Z</time>
    </trkpt>
    <trkpt lat="39.986440" lon="9.658062">
      <ele>0</ele>
      <time>2026-04-13T12:11:30.115Z</time>
    </trkpt>
    <trkpt lat="39.986314" lon="9.658193">
      <ele>0</ele>
      <time>2026-04-13T12:11:31.679Z</time>
    </trkpt>
    <trkpt lat="39.986143" lon="9.658461">
      <ele>0</ele>
      <time>2026-04-13T12:11:33.244Z</time>
    </trkpt>
    <trkpt lat="39.985646" lon="9.659249">
      <ele>0</ele>
      <time>2026-04-13T12:11:34.809Z</time>
    </trkpt>
    <trkpt lat="39.985507" lon="9.659463">
      <ele>0</ele>
      <time>2026-04-13T12:11:36.373Z</time>
    </trkpt>
    <trkpt lat="39.985406" lon="9.659596">
      <ele>0</ele>
      <time>2026-04-13T12:11:37.938Z</time>
    </trkpt>
    <trkpt lat="39.985339" lon="9.659654">
      <ele>0</ele>
      <time>2026-04-13T12:11:39.502Z</time>
    </trkpt>
    <trkpt lat="39.985246" lon="9.659710">
      <ele>0</ele>
      <time>2026-04-13T12:11:41.067Z</time>
    </trkpt>
    <trkpt lat="39.985017" lon="9.659845">
      <ele>0</ele>
      <time>2026-04-13T12:11:42.631Z</time>
    </trkpt>
    <trkpt lat="39.984710" lon="9.660030">
      <ele>0</ele>
      <time>2026-04-13T12:11:44.196Z</time>
    </trkpt>
    <trkpt lat="39.984536" lon="9.660198">
      <ele>0</ele>
      <time>2026-04-13T12:11:45.761Z</time>
    </trkpt>
    <trkpt lat="39.984335" lon="9.660472">
      <ele>0</ele>
      <time>2026-04-13T12:11:47.325Z</time>
    </trkpt>
    <trkpt lat="39.984194" lon="9.660708">
      <ele>0</ele>
      <time>2026-04-13T12:11:48.890Z</time>
    </trkpt>
    <trkpt lat="39.984088" lon="9.660956">
      <ele>0</ele>
      <time>2026-04-13T12:11:50.454Z</time>
    </trkpt>
    <trkpt lat="39.984015" lon="9.661078">
      <ele>0</ele>
      <time>2026-04-13T12:11:52.019Z</time>
    </trkpt>
    <trkpt lat="39.983930" lon="9.661151">
      <ele>0</ele>
      <time>2026-04-13T12:11:53.583Z</time>
    </trkpt>
    <trkpt lat="39.983862" lon="9.661209">
      <ele>0</ele>
      <time>2026-04-13T12:11:55.148Z</time>
    </trkpt>
    <trkpt lat="39.983721" lon="9.661276">
      <ele>0</ele>
      <time>2026-04-13T12:11:56.712Z</time>
    </trkpt>
    <trkpt lat="39.983491" lon="9.661372">
      <ele>0</ele>
      <time>2026-04-13T12:11:58.277Z</time>
    </trkpt>
    <trkpt lat="39.983449" lon="9.661390">
      <ele>0</ele>
      <time>2026-04-13T12:11:59.842Z</time>
    </trkpt>
    <trkpt lat="39.982243" lon="9.661914">
      <ele>0</ele>
      <time>2026-04-13T12:12:01.406Z</time>
    </trkpt>
    <trkpt lat="39.982164" lon="9.661951">
      <ele>0</ele>
      <time>2026-04-13T12:12:02.971Z</time>
    </trkpt>
    <trkpt lat="39.981964" lon="9.662047">
      <ele>0</ele>
      <time>2026-04-13T12:12:04.535Z</time>
    </trkpt>
    <trkpt lat="39.981636" lon="9.662243">
      <ele>0</ele>
      <time>2026-04-13T12:12:06.100Z</time>
    </trkpt>
    <trkpt lat="39.981481" lon="9.662263">
      <ele>0</ele>
      <time>2026-04-13T12:12:07.664Z</time>
    </trkpt>
    <trkpt lat="39.981331" lon="9.662250">
      <ele>0</ele>
      <time>2026-04-13T12:12:09.229Z</time>
    </trkpt>
    <trkpt lat="39.981204" lon="9.662209">
      <ele>0</ele>
      <time>2026-04-13T12:12:10.794Z</time>
    </trkpt>
    <trkpt lat="39.981059" lon="9.662152">
      <ele>0</ele>
      <time>2026-04-13T12:12:12.358Z</time>
    </trkpt>
    <trkpt lat="39.980974" lon="9.662146">
      <ele>0</ele>
      <time>2026-04-13T12:12:13.923Z</time>
    </trkpt>
    <trkpt lat="39.980860" lon="9.662184">
      <ele>0</ele>
      <time>2026-04-13T12:12:15.487Z</time>
    </trkpt>
    <trkpt lat="39.980746" lon="9.662288">
      <ele>0</ele>
      <time>2026-04-13T12:12:17.052Z</time>
    </trkpt>
    <trkpt lat="39.980601" lon="9.662475">
      <ele>0</ele>
      <time>2026-04-13T12:12:18.616Z</time>
    </trkpt>
    <trkpt lat="39.980475" lon="9.662613">
      <ele>0</ele>
      <time>2026-04-13T12:12:20.181Z</time>
    </trkpt>
    <trkpt lat="39.980064" lon="9.662994">
      <ele>0</ele>
      <time>2026-04-13T12:12:21.745Z</time>
    </trkpt>
    <trkpt lat="39.979762" lon="9.663206">
      <ele>0</ele>
      <time>2026-04-13T12:12:23.310Z</time>
    </trkpt>
    <trkpt lat="39.979448" lon="9.663380">
      <ele>0</ele>
      <time>2026-04-13T12:12:24.875Z</time>
    </trkpt>
    <trkpt lat="39.979152" lon="9.663455">
      <ele>0</ele>
      <time>2026-04-13T12:12:26.439Z</time>
    </trkpt>
    <trkpt lat="39.978831" lon="9.663511">
      <ele>0</ele>
      <time>2026-04-13T12:12:28.004Z</time>
    </trkpt>
    <trkpt lat="39.978589" lon="9.663603">
      <ele>0</ele>
      <time>2026-04-13T12:12:29.568Z</time>
    </trkpt>
    <trkpt lat="39.978412" lon="9.663639">
      <ele>0</ele>
      <time>2026-04-13T12:12:31.133Z</time>
    </trkpt>
    <trkpt lat="39.978403" lon="9.663639">
      <ele>0</ele>
      <time>2026-04-13T12:12:32.697Z</time>
    </trkpt>
    <trkpt lat="39.978156" lon="9.663641">
      <ele>0</ele>
      <time>2026-04-13T12:12:34.262Z</time>
    </trkpt>
    <trkpt lat="39.977987" lon="9.663716">
      <ele>0</ele>
      <time>2026-04-13T12:12:35.826Z</time>
    </trkpt>
    <trkpt lat="39.977834" lon="9.663867">
      <ele>0</ele>
      <time>2026-04-13T12:12:37.391Z</time>
    </trkpt>
    <trkpt lat="39.977696" lon="9.664147">
      <ele>0</ele>
      <time>2026-04-13T12:12:38.956Z</time>
    </trkpt>
    <trkpt lat="39.977554" lon="9.664469">
      <ele>0</ele>
      <time>2026-04-13T12:12:40.520Z</time>
    </trkpt>
    <trkpt lat="39.977396" lon="9.664805">
      <ele>0</ele>
      <time>2026-04-13T12:12:42.085Z</time>
    </trkpt>
    <trkpt lat="39.977217" lon="9.665047">
      <ele>0</ele>
      <time>2026-04-13T12:12:43.649Z</time>
    </trkpt>
    <trkpt lat="39.977138" lon="9.665129">
      <ele>0</ele>
      <time>2026-04-13T12:12:45.214Z</time>
    </trkpt>
    <trkpt lat="39.977059" lon="9.665177">
      <ele>0</ele>
      <time>2026-04-13T12:12:46.778Z</time>
    </trkpt>
    <trkpt lat="39.976981" lon="9.665200">
      <ele>0</ele>
      <time>2026-04-13T12:12:48.343Z</time>
    </trkpt>
    <trkpt lat="39.976913" lon="9.665188">
      <ele>0</ele>
      <time>2026-04-13T12:12:49.908Z</time>
    </trkpt>
    <trkpt lat="39.976631" lon="9.665132">
      <ele>0</ele>
      <time>2026-04-13T12:12:51.472Z</time>
    </trkpt>
    <trkpt lat="39.976377" lon="9.665044">
      <ele>0</ele>
      <time>2026-04-13T12:12:53.037Z</time>
    </trkpt>
    <trkpt lat="39.976291" lon="9.665023">
      <ele>0</ele>
      <time>2026-04-13T12:12:54.601Z</time>
    </trkpt>
    <trkpt lat="39.976120" lon="9.664966">
      <ele>0</ele>
      <time>2026-04-13T12:12:56.166Z</time>
    </trkpt>
    <trkpt lat="39.975957" lon="9.664865">
      <ele>0</ele>
      <time>2026-04-13T12:12:57.730Z</time>
    </trkpt>
    <trkpt lat="39.975740" lon="9.664680">
      <ele>0</ele>
      <time>2026-04-13T12:12:59.295Z</time>
    </trkpt>
    <trkpt lat="39.975152" lon="9.664152">
      <ele>0</ele>
      <time>2026-04-13T12:13:00.859Z</time>
    </trkpt>
    <trkpt lat="39.975033" lon="9.664045">
      <ele>0</ele>
      <time>2026-04-13T12:13:02.424Z</time>
    </trkpt>
    <trkpt lat="39.974721" lon="9.663796">
      <ele>0</ele>
      <time>2026-04-13T12:13:03.989Z</time>
    </trkpt>
    <trkpt lat="39.974517" lon="9.663680">
      <ele>0</ele>
      <time>2026-04-13T12:13:05.553Z</time>
    </trkpt>
    <trkpt lat="39.974225" lon="9.663561">
      <ele>0</ele>
      <time>2026-04-13T12:13:07.118Z</time>
    </trkpt>
    <trkpt lat="39.973918" lon="9.663502">
      <ele>0</ele>
      <time>2026-04-13T12:13:08.682Z</time>
    </trkpt>
    <trkpt lat="39.973590" lon="9.663479">
      <ele>0</ele>
      <time>2026-04-13T12:13:10.247Z</time>
    </trkpt>
    <trkpt lat="39.973355" lon="9.663506">
      <ele>0</ele>
      <time>2026-04-13T12:13:11.811Z</time>
    </trkpt>
    <trkpt lat="39.973239" lon="9.663544">
      <ele>0</ele>
      <time>2026-04-13T12:13:13.376Z</time>
    </trkpt>
    <trkpt lat="39.973027" lon="9.663602">
      <ele>0</ele>
      <time>2026-04-13T12:13:14.940Z</time>
    </trkpt>
    <trkpt lat="39.972118" lon="9.663951">
      <ele>0</ele>
      <time>2026-04-13T12:13:16.505Z</time>
    </trkpt>
    <trkpt lat="39.971909" lon="9.664039">
      <ele>0</ele>
      <time>2026-04-13T12:13:18.070Z</time>
    </trkpt>
    <trkpt lat="39.971854" lon="9.664059">
      <ele>0</ele>
      <time>2026-04-13T12:13:19.634Z</time>
    </trkpt>
    <trkpt lat="39.971755" lon="9.664070">
      <ele>0</ele>
      <time>2026-04-13T12:13:21.199Z</time>
    </trkpt>
    <trkpt lat="39.971662" lon="9.664086">
      <ele>0</ele>
      <time>2026-04-13T12:13:22.763Z</time>
    </trkpt>
    <trkpt lat="39.971568" lon="9.664080">
      <ele>0</ele>
      <time>2026-04-13T12:13:24.328Z</time>
    </trkpt>
    <trkpt lat="39.971504" lon="9.664070">
      <ele>0</ele>
      <time>2026-04-13T12:13:25.892Z</time>
    </trkpt>
    <trkpt lat="39.971398" lon="9.664038">
      <ele>0</ele>
      <time>2026-04-13T12:13:27.457Z</time>
    </trkpt>
    <trkpt lat="39.971333" lon="9.663998">
      <ele>0</ele>
      <time>2026-04-13T12:13:29.022Z</time>
    </trkpt>
    <trkpt lat="39.971271" lon="9.663941">
      <ele>0</ele>
      <time>2026-04-13T12:13:30.586Z</time>
    </trkpt>
    <trkpt lat="39.971197" lon="9.663863">
      <ele>0</ele>
      <time>2026-04-13T12:13:32.151Z</time>
    </trkpt>
    <trkpt lat="39.971067" lon="9.663725">
      <ele>0</ele>
      <time>2026-04-13T12:13:33.715Z</time>
    </trkpt>
    <trkpt lat="39.971024" lon="9.663669">
      <ele>0</ele>
      <time>2026-04-13T12:13:35.280Z</time>
    </trkpt>
    <trkpt lat="39.970895" lon="9.663504">
      <ele>0</ele>
      <time>2026-04-13T12:13:36.844Z</time>
    </trkpt>
    <trkpt lat="39.970685" lon="9.663261">
      <ele>0</ele>
      <time>2026-04-13T12:13:38.409Z</time>
    </trkpt>
    <trkpt lat="39.970663" lon="9.663237">
      <ele>0</ele>
      <time>2026-04-13T12:13:39.973Z</time>
    </trkpt>
    <trkpt lat="39.970582" lon="9.663137">
      <ele>0</ele>
      <time>2026-04-13T12:13:41.538Z</time>
    </trkpt>
    <trkpt lat="39.970485" lon="9.663017">
      <ele>0</ele>
      <time>2026-04-13T12:13:43.103Z</time>
    </trkpt>
    <trkpt lat="39.970439" lon="9.662951">
      <ele>0</ele>
      <time>2026-04-13T12:13:44.667Z</time>
    </trkpt>
    <trkpt lat="39.970396" lon="9.662879">
      <ele>0</ele>
      <time>2026-04-13T12:13:46.232Z</time>
    </trkpt>
    <trkpt lat="39.970361" lon="9.662797">
      <ele>0</ele>
      <time>2026-04-13T12:13:47.796Z</time>
    </trkpt>
    <trkpt lat="39.970321" lon="9.662671">
      <ele>0</ele>
      <time>2026-04-13T12:13:49.361Z</time>
    </trkpt>
    <trkpt lat="39.970271" lon="9.662447">
      <ele>0</ele>
      <time>2026-04-13T12:13:50.925Z</time>
    </trkpt>
    <trkpt lat="39.970266" lon="9.662422">
      <ele>0</ele>
      <time>2026-04-13T12:13:52.490Z</time>
    </trkpt>
    <trkpt lat="39.970263" lon="9.662369">
      <ele>0</ele>
      <time>2026-04-13T12:13:54.054Z</time>
    </trkpt>
    <trkpt lat="39.970248" lon="9.662145">
      <ele>0</ele>
      <time>2026-04-13T12:13:55.619Z</time>
    </trkpt>
    <trkpt lat="39.970223" lon="9.661811">
      <ele>0</ele>
      <time>2026-04-13T12:13:57.184Z</time>
    </trkpt>
    <trkpt lat="39.970204" lon="9.661704">
      <ele>0</ele>
      <time>2026-04-13T12:13:58.748Z</time>
    </trkpt>
    <trkpt lat="39.970181" lon="9.661642">
      <ele>0</ele>
      <time>2026-04-13T12:14:00.313Z</time>
    </trkpt>
    <trkpt lat="39.970133" lon="9.661577">
      <ele>0</ele>
      <time>2026-04-13T12:14:01.877Z</time>
    </trkpt>
    <trkpt lat="39.969952" lon="9.661442">
      <ele>0</ele>
      <time>2026-04-13T12:14:03.442Z</time>
    </trkpt>
    <trkpt lat="39.969917" lon="9.661416">
      <ele>0</ele>
      <time>2026-04-13T12:14:05.006Z</time>
    </trkpt>
    <trkpt lat="39.969684" lon="9.661251">
      <ele>0</ele>
      <time>2026-04-13T12:14:06.571Z</time>
    </trkpt>
    <trkpt lat="39.969592" lon="9.661182">
      <ele>0</ele>
      <time>2026-04-13T12:14:08.136Z</time>
    </trkpt>
    <trkpt lat="39.969454" lon="9.661088">
      <ele>0</ele>
      <time>2026-04-13T12:14:09.700Z</time>
    </trkpt>
    <trkpt lat="39.969388" lon="9.661041">
      <ele>0</ele>
      <time>2026-04-13T12:14:11.265Z</time>
    </trkpt>
    <trkpt lat="39.969324" lon="9.661000">
      <ele>0</ele>
      <time>2026-04-13T12:14:12.829Z</time>
    </trkpt>
    <trkpt lat="39.969288" lon="9.660975">
      <ele>0</ele>
      <time>2026-04-13T12:14:14.394Z</time>
    </trkpt>
    <trkpt lat="39.969158" lon="9.660880">
      <ele>0</ele>
      <time>2026-04-13T12:14:15.958Z</time>
    </trkpt>
    <trkpt lat="39.969033" lon="9.660791">
      <ele>0</ele>
      <time>2026-04-13T12:14:17.523Z</time>
    </trkpt>
    <trkpt lat="39.968998" lon="9.660766">
      <ele>0</ele>
      <time>2026-04-13T12:14:19.087Z</time>
    </trkpt>
    <trkpt lat="39.968675" lon="9.660534">
      <ele>0</ele>
      <time>2026-04-13T12:14:20.652Z</time>
    </trkpt>
    <trkpt lat="39.968652" lon="9.660519">
      <ele>0</ele>
      <time>2026-04-13T12:14:22.217Z</time>
    </trkpt>
    <trkpt lat="39.968384" lon="9.660325">
      <ele>0</ele>
      <time>2026-04-13T12:14:23.781Z</time>
    </trkpt>
    <trkpt lat="39.968279" lon="9.660254">
      <ele>0</ele>
      <time>2026-04-13T12:14:25.346Z</time>
    </trkpt>
    <trkpt lat="39.968076" lon="9.660105">
      <ele>0</ele>
      <time>2026-04-13T12:14:26.910Z</time>
    </trkpt>
    <trkpt lat="39.967947" lon="9.660012">
      <ele>0</ele>
      <time>2026-04-13T12:14:28.475Z</time>
    </trkpt>
    <trkpt lat="39.967881" lon="9.659968">
      <ele>0</ele>
      <time>2026-04-13T12:14:30.039Z</time>
    </trkpt>
    <trkpt lat="39.967850" lon="9.659944">
      <ele>0</ele>
      <time>2026-04-13T12:14:31.604Z</time>
    </trkpt>
    <trkpt lat="39.967363" lon="9.659612">
      <ele>0</ele>
      <time>2026-04-13T12:14:33.169Z</time>
    </trkpt>
    <trkpt lat="39.967121" lon="9.659440">
      <ele>0</ele>
      <time>2026-04-13T12:14:34.733Z</time>
    </trkpt>
    <trkpt lat="39.966908" lon="9.659294">
      <ele>0</ele>
      <time>2026-04-13T12:14:36.298Z</time>
    </trkpt>
    <trkpt lat="39.966378" lon="9.658923">
      <ele>0</ele>
      <time>2026-04-13T12:14:37.862Z</time>
    </trkpt>
    <trkpt lat="39.966158" lon="9.658771">
      <ele>0</ele>
      <time>2026-04-13T12:14:39.427Z</time>
    </trkpt>
    <trkpt lat="39.966057" lon="9.658708">
      <ele>0</ele>
      <time>2026-04-13T12:14:40.991Z</time>
    </trkpt>
    <trkpt lat="39.965933" lon="9.658623">
      <ele>0</ele>
      <time>2026-04-13T12:14:42.556Z</time>
    </trkpt>
    <trkpt lat="39.965793" lon="9.658525">
      <ele>0</ele>
      <time>2026-04-13T12:14:44.120Z</time>
    </trkpt>
    <trkpt lat="39.965704" lon="9.658463">
      <ele>0</ele>
      <time>2026-04-13T12:14:45.685Z</time>
    </trkpt>
    <trkpt lat="39.965615" lon="9.658399">
      <ele>0</ele>
      <time>2026-04-13T12:14:47.250Z</time>
    </trkpt>
    <trkpt lat="39.965519" lon="9.658331">
      <ele>0</ele>
      <time>2026-04-13T12:14:48.814Z</time>
    </trkpt>
    <trkpt lat="39.965070" lon="9.658017">
      <ele>0</ele>
      <time>2026-04-13T12:14:50.379Z</time>
    </trkpt>
    <trkpt lat="39.964913" lon="9.657891">
      <ele>0</ele>
      <time>2026-04-13T12:14:51.943Z</time>
    </trkpt>
    <trkpt lat="39.964449" lon="9.657574">
      <ele>0</ele>
      <time>2026-04-13T12:14:53.508Z</time>
    </trkpt>
    <trkpt lat="39.964357" lon="9.657529">
      <ele>0</ele>
      <time>2026-04-13T12:14:55.072Z</time>
    </trkpt>
    <trkpt lat="39.964226" lon="9.657465">
      <ele>0</ele>
      <time>2026-04-13T12:14:56.637Z</time>
    </trkpt>
    <trkpt lat="39.964037" lon="9.657421">
      <ele>0</ele>
      <time>2026-04-13T12:14:58.201Z</time>
    </trkpt>
    <trkpt lat="39.963736" lon="9.657418">
      <ele>0</ele>
      <time>2026-04-13T12:14:59.766Z</time>
    </trkpt>
    <trkpt lat="39.963064" lon="9.657451">
      <ele>0</ele>
      <time>2026-04-13T12:15:01.331Z</time>
    </trkpt>
    <trkpt lat="39.962764" lon="9.657458">
      <ele>0</ele>
      <time>2026-04-13T12:15:02.895Z</time>
    </trkpt>
    <trkpt lat="39.962604" lon="9.657451">
      <ele>0</ele>
      <time>2026-04-13T12:15:04.460Z</time>
    </trkpt>
    <trkpt lat="39.962415" lon="9.657441">
      <ele>0</ele>
      <time>2026-04-13T12:15:06.024Z</time>
    </trkpt>
    <trkpt lat="39.962188" lon="9.657414">
      <ele>0</ele>
      <time>2026-04-13T12:15:07.589Z</time>
    </trkpt>
    <trkpt lat="39.961900" lon="9.657349">
      <ele>0</ele>
      <time>2026-04-13T12:15:09.153Z</time>
    </trkpt>
    <trkpt lat="39.961655" lon="9.657262">
      <ele>0</ele>
      <time>2026-04-13T12:15:10.718Z</time>
    </trkpt>
    <trkpt lat="39.961420" lon="9.657157">
      <ele>0</ele>
      <time>2026-04-13T12:15:12.283Z</time>
    </trkpt>
    <trkpt lat="39.961082" lon="9.656969">
      <ele>0</ele>
      <time>2026-04-13T12:15:13.847Z</time>
    </trkpt>
    <trkpt lat="39.959943" lon="9.656189">
      <ele>0</ele>
      <time>2026-04-13T12:15:15.412Z</time>
    </trkpt>
    <trkpt lat="39.959544" lon="9.655900">
      <ele>0</ele>
      <time>2026-04-13T12:15:16.976Z</time>
    </trkpt>
    <trkpt lat="39.956325" lon="9.653688">
      <ele>0</ele>
      <time>2026-04-13T12:15:18.541Z</time>
    </trkpt>
    <trkpt lat="39.956097" lon="9.653537">
      <ele>0</ele>
      <time>2026-04-13T12:15:20.105Z</time>
    </trkpt>
    <trkpt lat="39.954969" lon="9.652749">
      <ele>0</ele>
      <time>2026-04-13T12:15:21.670Z</time>
    </trkpt>
    <trkpt lat="39.954671" lon="9.652547">
      <ele>0</ele>
      <time>2026-04-13T12:15:23.234Z</time>
    </trkpt>
    <trkpt lat="39.952963" lon="9.651401">
      <ele>0</ele>
      <time>2026-04-13T12:15:24.799Z</time>
    </trkpt>
    <trkpt lat="39.952550" lon="9.651126">
      <ele>0</ele>
      <time>2026-04-13T12:15:26.364Z</time>
    </trkpt>
    <trkpt lat="39.951456" lon="9.650361">
      <ele>0</ele>
      <time>2026-04-13T12:15:27.928Z</time>
    </trkpt>
    <trkpt lat="39.950246" lon="9.649544">
      <ele>0</ele>
      <time>2026-04-13T12:15:29.493Z</time>
    </trkpt>
    <trkpt lat="39.949613" lon="9.649154">
      <ele>0</ele>
      <time>2026-04-13T12:15:31.057Z</time>
    </trkpt>
    <trkpt lat="39.949245" lon="9.648978">
      <ele>0</ele>
      <time>2026-04-13T12:15:32.622Z</time>
    </trkpt>
    <trkpt lat="39.948962" lon="9.648873">
      <ele>0</ele>
      <time>2026-04-13T12:15:34.186Z</time>
    </trkpt>
    <trkpt lat="39.948650" lon="9.648798">
      <ele>0</ele>
      <time>2026-04-13T12:15:35.751Z</time>
    </trkpt>
    <trkpt lat="39.948326" lon="9.648748">
      <ele>0</ele>
      <time>2026-04-13T12:15:37.315Z</time>
    </trkpt>
    <trkpt lat="39.948162" lon="9.648723">
      <ele>0</ele>
      <time>2026-04-13T12:15:38.880Z</time>
    </trkpt>
    <trkpt lat="39.947610" lon="9.648660">
      <ele>0</ele>
      <time>2026-04-13T12:15:40.445Z</time>
    </trkpt>
    <trkpt lat="39.947203" lon="9.648601">
      <ele>0</ele>
      <time>2026-04-13T12:15:42.009Z</time>
    </trkpt>
    <trkpt lat="39.947129" lon="9.648590">
      <ele>0</ele>
      <time>2026-04-13T12:15:43.574Z</time>
    </trkpt>
    <trkpt lat="39.946608" lon="9.648515">
      <ele>0</ele>
      <time>2026-04-13T12:15:45.138Z</time>
    </trkpt>
    <trkpt lat="39.946249" lon="9.648463">
      <ele>0</ele>
      <time>2026-04-13T12:15:46.703Z</time>
    </trkpt>
    <trkpt lat="39.945209" lon="9.648320">
      <ele>0</ele>
      <time>2026-04-13T12:15:48.267Z</time>
    </trkpt>
    <trkpt lat="39.943100" lon="9.648025">
      <ele>0</ele>
      <time>2026-04-13T12:15:49.832Z</time>
    </trkpt>
    <trkpt lat="39.938852" lon="9.647427">
      <ele>0</ele>
      <time>2026-04-13T12:15:51.397Z</time>
    </trkpt>
    <trkpt lat="39.938421" lon="9.647366">
      <ele>0</ele>
      <time>2026-04-13T12:15:52.961Z</time>
    </trkpt>
    <trkpt lat="39.938298" lon="9.647273">
      <ele>0</ele>
      <time>2026-04-13T12:15:54.526Z</time>
    </trkpt>
    <trkpt lat="39.937867" lon="9.647212">
      <ele>0</ele>
      <time>2026-04-13T12:15:56.090Z</time>
    </trkpt>
    <trkpt lat="39.937713" lon="9.647165">
      <ele>0</ele>
      <time>2026-04-13T12:15:57.655Z</time>
    </trkpt>
    <trkpt lat="39.937623" lon="9.647104">
      <ele>0</ele>
      <time>2026-04-13T12:15:59.219Z</time>
    </trkpt>
    <trkpt lat="39.937543" lon="9.647005">
      <ele>0</ele>
      <time>2026-04-13T12:16:00.784Z</time>
    </trkpt>
    <trkpt lat="39.937484" lon="9.646892">
      <ele>0</ele>
      <time>2026-04-13T12:16:02.348Z</time>
    </trkpt>
    <trkpt lat="39.937278" lon="9.646391">
      <ele>0</ele>
      <time>2026-04-13T12:16:03.913Z</time>
    </trkpt>
    <trkpt lat="39.937177" lon="9.646222">
      <ele>0</ele>
      <time>2026-04-13T12:16:05.478Z</time>
    </trkpt>
    <trkpt lat="39.937098" lon="9.646128">
      <ele>0</ele>
      <time>2026-04-13T12:16:07.042Z</time>
    </trkpt>
    <trkpt lat="39.936989" lon="9.646061">
      <ele>0</ele>
      <time>2026-04-13T12:16:08.607Z</time>
    </trkpt>
    <trkpt lat="39.936871" lon="9.646030">
      <ele>0</ele>
      <time>2026-04-13T12:16:10.171Z</time>
    </trkpt>
    <trkpt lat="39.936735" lon="9.646055">
      <ele>0</ele>
      <time>2026-04-13T12:16:11.736Z</time>
    </trkpt>
    <trkpt lat="39.936608" lon="9.646138">
      <ele>0</ele>
      <time>2026-04-13T12:16:13.300Z</time>
    </trkpt>
    <trkpt lat="39.936521" lon="9.646254">
      <ele>0</ele>
      <time>2026-04-13T12:16:14.865Z</time>
    </trkpt>
    <trkpt lat="39.936467" lon="9.646403">
      <ele>0</ele>
      <time>2026-04-13T12:16:16.429Z</time>
    </trkpt>
    <trkpt lat="39.936436" lon="9.646575">
      <ele>0</ele>
      <time>2026-04-13T12:16:17.994Z</time>
    </trkpt>
    <trkpt lat="39.936378" lon="9.647431">
      <ele>0</ele>
      <time>2026-04-13T12:16:19.559Z</time>
    </trkpt>
    <trkpt lat="39.936308" lon="9.648110">
      <ele>0</ele>
      <time>2026-04-13T12:16:21.123Z</time>
    </trkpt>
    <trkpt lat="39.936281" lon="9.648378">
      <ele>0</ele>
      <time>2026-04-13T12:16:22.688Z</time>
    </trkpt>
    <trkpt lat="39.936245" lon="9.648551">
      <ele>0</ele>
      <time>2026-04-13T12:16:24.252Z</time>
    </trkpt>
    <trkpt lat="39.936181" lon="9.648714">
      <ele>0</ele>
      <time>2026-04-13T12:16:25.817Z</time>
    </trkpt>
    <trkpt lat="39.936092" lon="9.648843">
      <ele>0</ele>
      <time>2026-04-13T12:16:27.381Z</time>
    </trkpt>
    <trkpt lat="39.935967" lon="9.648958">
      <ele>0</ele>
      <time>2026-04-13T12:16:28.946Z</time>
    </trkpt>
    <trkpt lat="39.935821" lon="9.649025">
      <ele>0</ele>
      <time>2026-04-13T12:16:30.511Z</time>
    </trkpt>
    <trkpt lat="39.935661" lon="9.649035">
      <ele>0</ele>
      <time>2026-04-13T12:16:32.075Z</time>
    </trkpt>
    <trkpt lat="39.935488" lon="9.649014">
      <ele>0</ele>
      <time>2026-04-13T12:16:33.640Z</time>
    </trkpt>
    <trkpt lat="39.935336" lon="9.648994">
      <ele>0</ele>
      <time>2026-04-13T12:16:35.204Z</time>
    </trkpt>
    <trkpt lat="39.935079" lon="9.648962">
      <ele>0</ele>
      <time>2026-04-13T12:16:36.769Z</time>
    </trkpt>
    <trkpt lat="39.934840" lon="9.648954">
      <ele>0</ele>
      <time>2026-04-13T12:16:38.333Z</time>
    </trkpt>
    <trkpt lat="39.934718" lon="9.649010">
      <ele>0</ele>
      <time>2026-04-13T12:16:39.898Z</time>
    </trkpt>
    <trkpt lat="39.934607" lon="9.649144">
      <ele>0</ele>
      <time>2026-04-13T12:16:41.462Z</time>
    </trkpt>
    <trkpt lat="39.934541" lon="9.649291">
      <ele>0</ele>
      <time>2026-04-13T12:16:43.027Z</time>
    </trkpt>
    <trkpt lat="39.934513" lon="9.649477">
      <ele>0</ele>
      <time>2026-04-13T12:16:44.592Z</time>
    </trkpt>
    <trkpt lat="39.934544" lon="9.649721">
      <ele>0</ele>
      <time>2026-04-13T12:16:46.156Z</time>
    </trkpt>
    <trkpt lat="39.934630" lon="9.649895">
      <ele>0</ele>
      <time>2026-04-13T12:16:47.721Z</time>
    </trkpt>
    <trkpt lat="39.934825" lon="9.650078">
      <ele>0</ele>
      <time>2026-04-13T12:16:49.285Z</time>
    </trkpt>
    <trkpt lat="39.935023" lon="9.650230">
      <ele>0</ele>
      <time>2026-04-13T12:16:50.850Z</time>
    </trkpt>
    <trkpt lat="39.935125" lon="9.650345">
      <ele>0</ele>
      <time>2026-04-13T12:16:52.414Z</time>
    </trkpt>
    <trkpt lat="39.935204" lon="9.650510">
      <ele>0</ele>
      <time>2026-04-13T12:16:53.979Z</time>
    </trkpt>
    <trkpt lat="39.935217" lon="9.650687">
      <ele>0</ele>
      <time>2026-04-13T12:16:55.544Z</time>
    </trkpt>
    <trkpt lat="39.935209" lon="9.650919">
      <ele>0</ele>
      <time>2026-04-13T12:16:57.108Z</time>
    </trkpt>
    <trkpt lat="39.935200" lon="9.651170">
      <ele>0</ele>
      <time>2026-04-13T12:16:58.673Z</time>
    </trkpt>
    <trkpt lat="39.935190" lon="9.651739">
      <ele>0</ele>
      <time>2026-04-13T12:17:00.237Z</time>
    </trkpt>
    <trkpt lat="39.934869" lon="9.655589">
      <ele>0</ele>
      <time>2026-04-13T12:17:01.802Z</time>
    </trkpt>
    <trkpt lat="39.934830" lon="9.655937">
      <ele>0</ele>
      <time>2026-04-13T12:17:03.366Z</time>
    </trkpt>
    <trkpt lat="39.934777" lon="9.656278">
      <ele>0</ele>
      <time>2026-04-13T12:17:04.931Z</time>
    </trkpt>
    <trkpt lat="39.934437" lon="9.658072">
      <ele>0</ele>
      <time>2026-04-13T12:17:06.495Z</time>
    </trkpt>
    <trkpt lat="39.934131" lon="9.659691">
      <ele>0</ele>
      <time>2026-04-13T12:17:08.060Z</time>
    </trkpt>
    <trkpt lat="39.934005" lon="9.660372">
      <ele>0</ele>
      <time>2026-04-13T12:17:09.625Z</time>
    </trkpt>
    <trkpt lat="39.933866" lon="9.661108">
      <ele>0</ele>
      <time>2026-04-13T12:17:11.189Z</time>
    </trkpt>
    <trkpt lat="39.933786" lon="9.661536">
      <ele>0</ele>
      <time>2026-04-13T12:17:12.754Z</time>
    </trkpt>
    <trkpt lat="39.932461" lon="9.668583">
      <ele>0</ele>
      <time>2026-04-13T12:17:14.318Z</time>
    </trkpt>
    <trkpt lat="39.932034" lon="9.670849">
      <ele>0</ele>
      <time>2026-04-13T12:17:15.883Z</time>
    </trkpt>
    <trkpt lat="39.931968" lon="9.671110">
      <ele>0</ele>
      <time>2026-04-13T12:17:17.447Z</time>
    </trkpt>
    <trkpt lat="39.931951" lon="9.671179">
      <ele>0</ele>
      <time>2026-04-13T12:17:19.012Z</time>
    </trkpt>
    <trkpt lat="39.931944" lon="9.671182">
      <ele>0</ele>
      <time>2026-04-13T12:17:20.576Z</time>
    </trkpt>
    <trkpt lat="39.931927" lon="9.671192">
      <ele>0</ele>
      <time>2026-04-13T12:17:22.141Z</time>
    </trkpt>
    <trkpt lat="39.931907" lon="9.671214">
      <ele>0</ele>
      <time>2026-04-13T12:17:23.706Z</time>
    </trkpt>
    <trkpt lat="39.931894" lon="9.671243">
      <ele>0</ele>
      <time>2026-04-13T12:17:25.270Z</time>
    </trkpt>
    <trkpt lat="39.931887" lon="9.671275">
      <ele>0</ele>
      <time>2026-04-13T12:17:26.835Z</time>
    </trkpt>
    <trkpt lat="39.931888" lon="9.671309">
      <ele>0</ele>
      <time>2026-04-13T12:17:28.399Z</time>
    </trkpt>
    <trkpt lat="39.931898" lon="9.671346">
      <ele>0</ele>
      <time>2026-04-13T12:17:29.964Z</time>
    </trkpt>
    <trkpt lat="39.931917" lon="9.671375">
      <ele>0</ele>
      <time>2026-04-13T12:17:31.528Z</time>
    </trkpt>
    <trkpt lat="39.931938" lon="9.671713">
      <ele>0</ele>
      <time>2026-04-13T12:17:33.093Z</time>
    </trkpt>
    <trkpt lat="39.931925" lon="9.671903">
      <ele>0</ele>
      <time>2026-04-13T12:17:34.658Z</time>
    </trkpt>
    <trkpt lat="39.931923" lon="9.672577">
      <ele>0</ele>
      <time>2026-04-13T12:17:36.222Z</time>
    </trkpt>
    <trkpt lat="39.931925" lon="9.672613">
      <ele>0</ele>
      <time>2026-04-13T12:17:37.787Z</time>
    </trkpt>
    <trkpt lat="39.931957" lon="9.673183">
      <ele>0</ele>
      <time>2026-04-13T12:17:39.351Z</time>
    </trkpt>
    <trkpt lat="39.932048" lon="9.673815">
      <ele>0</ele>
      <time>2026-04-13T12:17:40.916Z</time>
    </trkpt>
    <trkpt lat="39.932186" lon="9.674476">
      <ele>0</ele>
      <time>2026-04-13T12:17:42.480Z</time>
    </trkpt>
    <trkpt lat="39.932258" lon="9.674849">
      <ele>0</ele>
      <time>2026-04-13T12:17:44.045Z</time>
    </trkpt>
    <trkpt lat="39.932298" lon="9.675101">
      <ele>0</ele>
      <time>2026-04-13T12:17:45.609Z</time>
    </trkpt>
    <trkpt lat="39.932299" lon="9.675416">
      <ele>0</ele>
      <time>2026-04-13T12:17:47.174Z</time>
    </trkpt>
    <trkpt lat="39.932299" lon="9.675492">
      <ele>0</ele>
      <time>2026-04-13T12:17:48.739Z</time>
    </trkpt>
    <trkpt lat="39.932297" lon="9.675497">
      <ele>0</ele>
      <time>2026-04-13T12:17:50.303Z</time>
    </trkpt>
    <trkpt lat="39.932284" lon="9.675526">
      <ele>0</ele>
      <time>2026-04-13T12:17:51.868Z</time>
    </trkpt>
    <trkpt lat="39.932277" lon="9.675564">
      <ele>0</ele>
      <time>2026-04-13T12:17:53.432Z</time>
    </trkpt>
    <trkpt lat="39.932278" lon="9.675603">
      <ele>0</ele>
      <time>2026-04-13T12:17:54.997Z</time>
    </trkpt>
    <trkpt lat="39.932288" lon="9.675640">
      <ele>0</ele>
      <time>2026-04-13T12:17:56.561Z</time>
    </trkpt>
    <trkpt lat="39.932303" lon="9.675667">
      <ele>0</ele>
      <time>2026-04-13T12:17:58.126Z</time>
    </trkpt>
    <trkpt lat="39.932306" lon="9.675671">
      <ele>0</ele>
      <time>2026-04-13T12:17:59.690Z</time>
    </trkpt>
    <trkpt lat="39.932318" lon="9.675842">
      <ele>0</ele>
      <time>2026-04-13T12:18:01.255Z</time>
    </trkpt>
    <trkpt lat="39.932388" lon="9.676311">
      <ele>0</ele>
      <time>2026-04-13T12:18:02.820Z</time>
    </trkpt>
    <trkpt lat="39.932418" lon="9.676824">
      <ele>0</ele>
      <time>2026-04-13T12:18:04.384Z</time>
    </trkpt>
    <trkpt lat="39.932433" lon="9.676948">
      <ele>0</ele>
      <time>2026-04-13T12:18:05.949Z</time>
    </trkpt>
    <trkpt lat="39.932490" lon="9.677414">
      <ele>0</ele>
      <time>2026-04-13T12:18:07.513Z</time>
    </trkpt>
    <trkpt lat="39.932545" lon="9.677870">
      <ele>0</ele>
      <time>2026-04-13T12:18:09.078Z</time>
    </trkpt>
    <trkpt lat="39.932623" lon="9.678270">
      <ele>0</ele>
      <time>2026-04-13T12:18:10.642Z</time>
    </trkpt>
    <trkpt lat="39.932848" lon="9.678914">
      <ele>0</ele>
      <time>2026-04-13T12:18:12.207Z</time>
    </trkpt>
    <trkpt lat="39.933081" lon="9.679582">
      <ele>0</ele>
      <time>2026-04-13T12:18:13.772Z</time>
    </trkpt>
    <trkpt lat="39.933202" lon="9.679796">
      <ele>0</ele>
      <time>2026-04-13T12:18:15.336Z</time>
    </trkpt>
    <trkpt lat="39.933224" lon="9.679833">
      <ele>0</ele>
      <time>2026-04-13T12:18:16.901Z</time>
    </trkpt>
    <trkpt lat="39.933201" lon="9.679854">
      <ele>0</ele>
      <time>2026-04-13T12:18:18.465Z</time>
    </trkpt>
    <trkpt lat="39.933184" lon="9.679884">
      <ele>0</ele>
      <time>2026-04-13T12:18:20.030Z</time>
    </trkpt>
    <trkpt lat="39.933175" lon="9.679919">
      <ele>0</ele>
      <time>2026-04-13T12:18:21.594Z</time>
    </trkpt>
    <trkpt lat="39.933175" lon="9.679956">
      <ele>0</ele>
      <time>2026-04-13T12:18:23.159Z</time>
    </trkpt>
    <trkpt lat="39.933184" lon="9.679993">
      <ele>0</ele>
      <time>2026-04-13T12:18:24.723Z</time>
    </trkpt>
    <trkpt lat="39.933203" lon="9.680024">
      <ele>0</ele>
      <time>2026-04-13T12:18:26.288Z</time>
    </trkpt>
    <trkpt lat="39.933228" lon="9.680045">
      <ele>0</ele>
      <time>2026-04-13T12:18:27.853Z</time>
    </trkpt>
    <trkpt lat="39.933258" lon="9.680053">
      <ele>0</ele>
      <time>2026-04-13T12:18:29.417Z</time>
    </trkpt>
    <trkpt lat="39.933273" lon="9.680051">
      <ele>0</ele>
      <time>2026-04-13T12:18:30.982Z</time>
    </trkpt>
    <trkpt lat="39.933288" lon="9.680049">
      <ele>0</ele>
      <time>2026-04-13T12:18:32.546Z</time>
    </trkpt>
    <trkpt lat="39.933314" lon="9.680031">
      <ele>0</ele>
      <time>2026-04-13T12:18:34.111Z</time>
    </trkpt>
    <trkpt lat="39.933336" lon="9.680003">
      <ele>0</ele>
      <time>2026-04-13T12:18:35.675Z</time>
    </trkpt>
    <trkpt lat="39.933348" lon="9.679968">
      <ele>0</ele>
      <time>2026-04-13T12:18:37.240Z</time>
    </trkpt>
    <trkpt lat="39.933349" lon="9.679951">
      <ele>0</ele>
      <time>2026-04-13T12:18:38.804Z</time>
    </trkpt>
    <trkpt lat="39.933387" lon="9.679964">
      <ele>0</ele>
      <time>2026-04-13T12:18:40.369Z</time>
    </trkpt>
    <trkpt lat="39.933588" lon="9.680031">
      <ele>0</ele>
      <time>2026-04-13T12:18:41.934Z</time>
    </trkpt>
    <trkpt lat="39.933713" lon="9.680041">
      <ele>0</ele>
      <time>2026-04-13T12:18:43.498Z</time>
    </trkpt>
    <trkpt lat="39.935053" lon="9.680086">
      <ele>0</ele>
      <time>2026-04-13T12:18:45.063Z</time>
    </trkpt>
    <trkpt lat="39.935246" lon="9.680115">
      <ele>0</ele>
      <time>2026-04-13T12:18:46.627Z</time>
    </trkpt>
    <trkpt lat="39.935430" lon="9.680172">
      <ele>0</ele>
      <time>2026-04-13T12:18:48.192Z</time>
    </trkpt>
    <trkpt lat="39.935730" lon="9.680350">
      <ele>0</ele>
      <time>2026-04-13T12:18:49.756Z</time>
    </trkpt>
    <trkpt lat="39.935890" lon="9.680476">
      <ele>0</ele>
      <time>2026-04-13T12:18:51.321Z</time>
    </trkpt>
    <trkpt lat="39.936036" lon="9.680647">
      <ele>0</ele>
      <time>2026-04-13T12:18:52.886Z</time>
    </trkpt>
    <trkpt lat="39.936537" lon="9.681266">
      <ele>0</ele>
      <time>2026-04-13T12:18:54.450Z</time>
    </trkpt>
    <trkpt lat="39.937718" lon="9.682698">
      <ele>0</ele>
      <time>2026-04-13T12:18:56.015Z</time>
    </trkpt>
    <trkpt lat="39.938122" lon="9.683208">
      <ele>0</ele>
      <time>2026-04-13T12:18:57.579Z</time>
    </trkpt>
    <trkpt lat="39.938491" lon="9.683849">
      <ele>0</ele>
      <time>2026-04-13T12:18:59.144Z</time>
    </trkpt>
    <trkpt lat="39.938843" lon="9.684594">
      <ele>0</ele>
      <time>2026-04-13T12:19:00.708Z</time>
    </trkpt>
    <trkpt lat="39.939071" lon="9.685281">
      <ele>0</ele>
      <time>2026-04-13T12:19:02.273Z</time>
    </trkpt>
    <trkpt lat="39.939197" lon="9.685821">
      <ele>0</ele>
      <time>2026-04-13T12:19:03.837Z</time>
    </trkpt>
    <trkpt lat="39.939250" lon="9.686049">
      <ele>0</ele>
      <time>2026-04-13T12:19:05.402Z</time>
    </trkpt>
    <trkpt lat="39.939261" lon="9.686283">
      <ele>0</ele>
      <time>2026-04-13T12:19:06.967Z</time>
    </trkpt>
    <trkpt lat="39.939267" lon="9.686369">
      <ele>0</ele>
      <time>2026-04-13T12:19:08.531Z</time>
    </trkpt>
    <trkpt lat="39.939304" lon="9.686601">
      <ele>0</ele>
      <time>2026-04-13T12:19:10.096Z</time>
    </trkpt>
    <trkpt lat="39.939315" lon="9.686673">
      <ele>0</ele>
      <time>2026-04-13T12:19:11.660Z</time>
    </trkpt>
    <trkpt lat="39.939287" lon="9.686702">
      <ele>0</ele>
      <time>2026-04-13T12:19:13.225Z</time>
    </trkpt>
    <trkpt lat="39.939266" lon="9.686743">
      <ele>0</ele>
      <time>2026-04-13T12:19:14.789Z</time>
    </trkpt>
    <trkpt lat="39.939257" lon="9.686792">
      <ele>0</ele>
      <time>2026-04-13T12:19:16.354Z</time>
    </trkpt>
    <trkpt lat="39.939260" lon="9.686842">
      <ele>0</ele>
      <time>2026-04-13T12:19:17.919Z</time>
    </trkpt>
    <trkpt lat="39.939276" lon="9.686887">
      <ele>0</ele>
      <time>2026-04-13T12:19:19.483Z</time>
    </trkpt>
    <trkpt lat="39.939302" lon="9.686924">
      <ele>0</ele>
      <time>2026-04-13T12:19:21.048Z</time>
    </trkpt>
    <trkpt lat="39.939339" lon="9.687073">
      <ele>0</ele>
      <time>2026-04-13T12:19:22.612Z</time>
    </trkpt>
    <trkpt lat="39.939402" lon="9.687417">
      <ele>0</ele>
      <time>2026-04-13T12:19:24.177Z</time>
    </trkpt>
    <trkpt lat="39.939453" lon="9.687727">
      <ele>0</ele>
      <time>2026-04-13T12:19:25.741Z</time>
    </trkpt>
    <trkpt lat="39.939442" lon="9.687955">
      <ele>0</ele>
      <time>2026-04-13T12:19:27.306Z</time>
    </trkpt>
    <trkpt lat="39.939256" lon="9.687951">
      <ele>0</ele>
      <time>2026-04-13T12:19:28.870Z</time>
    </trkpt>
    <trkpt lat="39.938408" lon="9.688488">
      <ele>0</ele>
      <time>2026-04-13T12:19:30.435Z</time>
    </trkpt>
  </trkseg>
</trk>
</gpx>