<?xml version="1.0" encoding="UTF-8" standalone="no" ?>
<gpx xmlns="http://www.topografix.com/GPX/1/1" xmlns:gpxx="http://www.garmin.com/xmlschemas/GpxExtensions/v3" xmlns:gpxtpx="http://www.garmin.com/xmlschemas/TrackPointExtension/v1" xmlns:trp="http://www.garmin.com/xmlschemas/TripExtensions/v1" creator="Scenic Motorcycle Navigation App" version="1.1" xmlns:xsi="http://www.w3.org/2001/XMLSchema-instance" xsi:schemaLocation="http://www.topografix.com/GPX/1/1 http://www.topografix.com/GPX/1/1/gpx.xsd http://www.garmin.com/xmlschemas/GpxExtensions/v3 http://www.garmin.com/xmlschemas/GpxExtensionsv3.xsd http://www.garmin.com/xmlschemas/TrackPointExtension/v1 http://www.garmin.com/xmlschemas/TrackPointExtensionv1.xsd">

<metadata>
  <author>
    <name>Scenic Motorcycle Navigation App</name>
  </author>
  <copyright author="scenic.app"></copyright>
  <link href="https://scenic.app">
    <text>https://scenic.app</text>
  </link>
</metadata>

<wpt lat="46.619181" lon="10.591090">
  <name>Route Start</name>
  <desc>Scenic Motorcycle Navigation App</desc>
  <src>https://scenic.app</src>
  <link href="https://scenic.app">
    <text>https://scenic.app</text>
  </link>
</wpt>

<wpt lat="46.468463" lon="10.371314">
  <name>Route End</name>
  <desc>Scenic Motorcycle Navigation App</desc>
  <src>https://scenic.app</src>
  <link href="https://scenic.app">
    <text>https://scenic.app</text>
  </link>
</wpt>

<rte>
  <name>Stelvio Pass — SS38, South Tyrol/Lombardy (plain GPX)</name>
  <desc>Distance: 45 km (Prato allo Stelvio to Bormio)
Altitude: 2,757 m
Hairpins: 48 (north/Trafoi side), 36 (south/Bormio side)
Best for: Bucket-list riding, Alpine scenery, technical hairpins
Best time: June to early October (weather dependent)
Scenic Motorcycle Navigation App
  </desc>
  <src>https://scenic.app</src>
  <link href="https://scenic.app">
    <text>https://scenic.app</text>
  </link>
  <rtept lat="46.619000" lon="10.591400">
    <name>Route Start - Route Start</name>
  </rtept>
  <rtept lat="46.528500" lon="10.453300">
    <name>Via 1</name>
  </rtept>
  <rtept lat="46.468300" lon="10.371400">
    <name>Route End - Route End</name>
  </rtept>
</rte>

<rte>
  <name>Stelvio Pass — SS38, South Tyrol/Lombardy (Garmin Trip Extension)</name>
  <desc>Distance: 45 km (Prato allo Stelvio to Bormio)
Altitude: 2,757 m
Hairpins: 48 (north/Trafoi side), 36 (south/Bormio side)
Best for: Bucket-list riding, Alpine scenery, technical hairpins
Best time: June to early October (weather dependent)
Scenic Motorcycle Navigation App
  </desc>
  <src>https://scenic.app</src>
  <link href="https://scenic.app">
    <text>https://scenic.app</text>
  </link>
  <rtept lat="46.619000" lon="10.591400">
    <name>Route Start - Route Start</name>
    <extensions>
      <trp:ViaPoint/>
    </extensions>
  </rtept>
  <rtept lat="46.528500" lon="10.453300">
    <name>Via 1</name>
    <extensions>
      <trp:ShapingPoint/>
    </extensions>
  </rtept>
  <rtept lat="46.468300" lon="10.371400">
    <name>Route End - Route End</name>
    <extensions>
      <trp:ViaPoint/>
    </extensions>
  </rtept>
</rte>

<rte>
  <name>Stelvio Pass — SS38, South Tyrol/Lombardy (Garmin RoutePoint Extension)</name>
  <desc>Distance: 45 km (Prato allo Stelvio to Bormio)
Altitude: 2,757 m
Hairpins: 48 (north/Trafoi side), 36 (south/Bormio side)
Best for: Bucket-list riding, Alpine scenery, technical hairpins
Best time: June to early October (weather dependent)
Scenic Motorcycle Navigation App
  </desc>
  <src>https://scenic.app</src>
  <link href="https://scenic.app">
    <text>https://scenic.app</text>
  </link>
  <rtept lat="46.619000" lon="10.591400">
    <name>Route Start - Route Start</name>
    <extensions>
      <gpxx:RoutePointExtension>
        <gpxx:rpt lat="46.528500" lon="10.453300"/>
      </gpxx:RoutePointExtension>
    </extensions>
  </rtept>
  <rtept lat="46.468300" lon="10.371400">
    <name>Route End - Route End</name>
  </rtept>
</rte>

<trk>
  <name>Stelvio Pass — SS38, South Tyrol/Lombardy (Track)</name>
  <desc>Distance: 45 km (Prato allo Stelvio to Bormio)
Altitude: 2,757 m
Hairpins: 48 (north/Trafoi side), 36 (south/Bormio side)
Best for: Bucket-list riding, Alpine scenery, technical hairpins
Best time: June to early October (weather dependent)
Scenic Motorcycle Navigation App
  </desc>
  <src>https://scenic.app</src>
  <link href="https://scenic.app">
    <text>https://scenic.app</text>
  </link>
  <trkseg>
    <trkpt lat="46.619181" lon="10.591090">
      <ele>0</ele>
      <time>2026-04-13T10:39:47.000Z</time>
    </trkpt>
    <trkpt lat="46.619246" lon="10.591171">
      <ele>0</ele>
      <time>2026-04-13T10:39:47.899Z</time>
    </trkpt>
    <trkpt lat="46.619299" lon="10.591219">
      <ele>0</ele>
      <time>2026-04-13T10:39:48.798Z</time>
    </trkpt>
    <trkpt lat="46.619420" lon="10.591264">
      <ele>0</ele>
      <time>2026-04-13T10:39:49.697Z</time>
    </trkpt>
    <trkpt lat="46.619473" lon="10.591303">
      <ele>0</ele>
      <time>2026-04-13T10:39:50.596Z</time>
    </trkpt>
    <trkpt lat="46.619848" lon="10.591796">
      <ele>0</ele>
      <time>2026-04-13T10:39:51.495Z</time>
    </trkpt>
    <trkpt lat="46.619884" lon="10.591842">
      <ele>0</ele>
      <time>2026-04-13T10:39:52.394Z</time>
    </trkpt>
    <trkpt lat="46.619856" lon="10.591864">
      <ele>0</ele>
      <time>2026-04-13T10:39:53.293Z</time>
    </trkpt>
    <trkpt lat="46.619404" lon="10.592218">
      <ele>0</ele>
      <time>2026-04-13T10:39:54.192Z</time>
    </trkpt>
    <trkpt lat="46.619224" lon="10.592354">
      <ele>0</ele>
      <time>2026-04-13T10:39:55.091Z</time>
    </trkpt>
    <trkpt lat="46.618929" lon="10.592656">
      <ele>0</ele>
      <time>2026-04-13T10:39:55.990Z</time>
    </trkpt>
    <trkpt lat="46.618762" lon="10.592866">
      <ele>0</ele>
      <time>2026-04-13T10:39:56.890Z</time>
    </trkpt>
    <trkpt lat="46.618566" lon="10.593114">
      <ele>0</ele>
      <time>2026-04-13T10:39:57.789Z</time>
    </trkpt>
    <trkpt lat="46.618525" lon="10.593160">
      <ele>0</ele>
      <time>2026-04-13T10:39:58.688Z</time>
    </trkpt>
    <trkpt lat="46.618275" lon="10.593374">
      <ele>0</ele>
      <time>2026-04-13T10:39:59.587Z</time>
    </trkpt>
    <trkpt lat="46.618200" lon="10.593411">
      <ele>0</ele>
      <time>2026-04-13T10:40:00.486Z</time>
    </trkpt>
    <trkpt lat="46.618100" lon="10.593460">
      <ele>0</ele>
      <time>2026-04-13T10:40:01.385Z</time>
    </trkpt>
    <trkpt lat="46.617939" lon="10.593446">
      <ele>0</ele>
      <time>2026-04-13T10:40:02.284Z</time>
    </trkpt>
    <trkpt lat="46.617824" lon="10.593392">
      <ele>0</ele>
      <time>2026-04-13T10:40:03.183Z</time>
    </trkpt>
    <trkpt lat="46.617748" lon="10.593356">
      <ele>0</ele>
      <time>2026-04-13T10:40:04.082Z</time>
    </trkpt>
    <trkpt lat="46.617707" lon="10.593350">
      <ele>0</ele>
      <time>2026-04-13T10:40:04.981Z</time>
    </trkpt>
    <trkpt lat="46.617540" lon="10.593350">
      <ele>0</ele>
      <time>2026-04-13T10:40:05.880Z</time>
    </trkpt>
    <trkpt lat="46.617503" lon="10.593356">
      <ele>0</ele>
      <time>2026-04-13T10:40:06.780Z</time>
    </trkpt>
    <trkpt lat="46.617488" lon="10.593243">
      <ele>0</ele>
      <time>2026-04-13T10:40:07.679Z</time>
    </trkpt>
    <trkpt lat="46.617444" lon="10.592703">
      <ele>0</ele>
      <time>2026-04-13T10:40:08.578Z</time>
    </trkpt>
    <trkpt lat="46.617416" lon="10.592464">
      <ele>0</ele>
      <time>2026-04-13T10:40:09.477Z</time>
    </trkpt>
    <trkpt lat="46.617378" lon="10.592273">
      <ele>0</ele>
      <time>2026-04-13T10:40:10.376Z</time>
    </trkpt>
    <trkpt lat="46.617362" lon="10.592194">
      <ele>0</ele>
      <time>2026-04-13T10:40:11.275Z</time>
    </trkpt>
    <trkpt lat="46.617302" lon="10.591927">
      <ele>0</ele>
      <time>2026-04-13T10:40:12.174Z</time>
    </trkpt>
    <trkpt lat="46.617273" lon="10.591855">
      <ele>0</ele>
      <time>2026-04-13T10:40:13.073Z</time>
    </trkpt>
    <trkpt lat="46.617254" lon="10.591820">
      <ele>0</ele>
      <time>2026-04-13T10:40:13.972Z</time>
    </trkpt>
    <trkpt lat="46.617231" lon="10.591784">
      <ele>0</ele>
      <time>2026-04-13T10:40:14.871Z</time>
    </trkpt>
    <trkpt lat="46.617191" lon="10.591707">
      <ele>0</ele>
      <time>2026-04-13T10:40:15.770Z</time>
    </trkpt>
    <trkpt lat="46.617157" lon="10.591619">
      <ele>0</ele>
      <time>2026-04-13T10:40:16.669Z</time>
    </trkpt>
    <trkpt lat="46.617105" lon="10.591463">
      <ele>0</ele>
      <time>2026-04-13T10:40:17.569Z</time>
    </trkpt>
    <trkpt lat="46.617042" lon="10.591256">
      <ele>0</ele>
      <time>2026-04-13T10:40:18.468Z</time>
    </trkpt>
    <trkpt lat="46.616843" lon="10.590914">
      <ele>0</ele>
      <time>2026-04-13T10:40:19.367Z</time>
    </trkpt>
    <trkpt lat="46.616779" lon="10.590713">
      <ele>0</ele>
      <time>2026-04-13T10:40:20.266Z</time>
    </trkpt>
    <trkpt lat="46.616698" lon="10.590468">
      <ele>0</ele>
      <time>2026-04-13T10:40:21.165Z</time>
    </trkpt>
    <trkpt lat="46.616638" lon="10.590269">
      <ele>0</ele>
      <time>2026-04-13T10:40:22.064Z</time>
    </trkpt>
    <trkpt lat="46.616519" lon="10.590029">
      <ele>0</ele>
      <time>2026-04-13T10:40:22.963Z</time>
    </trkpt>
    <trkpt lat="46.616267" lon="10.589636">
      <ele>0</ele>
      <time>2026-04-13T10:40:23.862Z</time>
    </trkpt>
    <trkpt lat="46.616074" lon="10.589350">
      <ele>0</ele>
      <time>2026-04-13T10:40:24.761Z</time>
    </trkpt>
    <trkpt lat="46.615954" lon="10.589176">
      <ele>0</ele>
      <time>2026-04-13T10:40:25.660Z</time>
    </trkpt>
    <trkpt lat="46.615934" lon="10.589146">
      <ele>0</ele>
      <time>2026-04-13T10:40:26.559Z</time>
    </trkpt>
    <trkpt lat="46.615572" lon="10.588571">
      <ele>0</ele>
      <time>2026-04-13T10:40:27.459Z</time>
    </trkpt>
    <trkpt lat="46.615539" lon="10.588518">
      <ele>0</ele>
      <time>2026-04-13T10:40:28.358Z</time>
    </trkpt>
    <trkpt lat="46.615502" lon="10.588459">
      <ele>0</ele>
      <time>2026-04-13T10:40:29.257Z</time>
    </trkpt>
    <trkpt lat="46.615295" lon="10.588143">
      <ele>0</ele>
      <time>2026-04-13T10:40:30.156Z</time>
    </trkpt>
    <trkpt lat="46.615267" lon="10.588099">
      <ele>0</ele>
      <time>2026-04-13T10:40:31.055Z</time>
    </trkpt>
    <trkpt lat="46.615037" lon="10.587733">
      <ele>0</ele>
      <time>2026-04-13T10:40:31.954Z</time>
    </trkpt>
    <trkpt lat="46.614830" lon="10.587409">
      <ele>0</ele>
      <time>2026-04-13T10:40:32.853Z</time>
    </trkpt>
    <trkpt lat="46.614803" lon="10.587367">
      <ele>0</ele>
      <time>2026-04-13T10:40:33.752Z</time>
    </trkpt>
    <trkpt lat="46.614681" lon="10.587143">
      <ele>0</ele>
      <time>2026-04-13T10:40:34.651Z</time>
    </trkpt>
    <trkpt lat="46.614645" lon="10.587007">
      <ele>0</ele>
      <time>2026-04-13T10:40:35.550Z</time>
    </trkpt>
    <trkpt lat="46.614513" lon="10.586360">
      <ele>0</ele>
      <time>2026-04-13T10:40:36.449Z</time>
    </trkpt>
    <trkpt lat="46.614442" lon="10.586028">
      <ele>0</ele>
      <time>2026-04-13T10:40:37.349Z</time>
    </trkpt>
    <trkpt lat="46.614380" lon="10.585709">
      <ele>0</ele>
      <time>2026-04-13T10:40:38.248Z</time>
    </trkpt>
    <trkpt lat="46.614237" lon="10.585000">
      <ele>0</ele>
      <time>2026-04-13T10:40:39.147Z</time>
    </trkpt>
    <trkpt lat="46.614149" lon="10.584632">
      <ele>0</ele>
      <time>2026-04-13T10:40:40.046Z</time>
    </trkpt>
    <trkpt lat="46.614113" lon="10.584514">
      <ele>0</ele>
      <time>2026-04-13T10:40:40.945Z</time>
    </trkpt>
    <trkpt lat="46.614031" lon="10.584242">
      <ele>0</ele>
      <time>2026-04-13T10:40:41.844Z</time>
    </trkpt>
    <trkpt lat="46.613888" lon="10.583856">
      <ele>0</ele>
      <time>2026-04-13T10:40:42.743Z</time>
    </trkpt>
    <trkpt lat="46.613783" lon="10.583621">
      <ele>0</ele>
      <time>2026-04-13T10:40:43.642Z</time>
    </trkpt>
    <trkpt lat="46.613750" lon="10.583548">
      <ele>0</ele>
      <time>2026-04-13T10:40:44.541Z</time>
    </trkpt>
    <trkpt lat="46.613680" lon="10.583393">
      <ele>0</ele>
      <time>2026-04-13T10:40:45.440Z</time>
    </trkpt>
    <trkpt lat="46.613581" lon="10.583177">
      <ele>0</ele>
      <time>2026-04-13T10:40:46.339Z</time>
    </trkpt>
    <trkpt lat="46.613550" lon="10.583128">
      <ele>0</ele>
      <time>2026-04-13T10:40:47.239Z</time>
    </trkpt>
    <trkpt lat="46.613198" lon="10.582576">
      <ele>0</ele>
      <time>2026-04-13T10:40:48.138Z</time>
    </trkpt>
    <trkpt lat="46.613039" lon="10.582312">
      <ele>0</ele>
      <time>2026-04-13T10:40:49.037Z</time>
    </trkpt>
    <trkpt lat="46.613015" lon="10.582273">
      <ele>0</ele>
      <time>2026-04-13T10:40:49.936Z</time>
    </trkpt>
    <trkpt lat="46.612612" lon="10.581639">
      <ele>0</ele>
      <time>2026-04-13T10:40:50.835Z</time>
    </trkpt>
    <trkpt lat="46.611579" lon="10.579983">
      <ele>0</ele>
      <time>2026-04-13T10:40:51.734Z</time>
    </trkpt>
    <trkpt lat="46.611487" lon="10.579834">
      <ele>0</ele>
      <time>2026-04-13T10:40:52.633Z</time>
    </trkpt>
    <trkpt lat="46.611462" lon="10.579794">
      <ele>0</ele>
      <time>2026-04-13T10:40:53.532Z</time>
    </trkpt>
    <trkpt lat="46.611397" lon="10.579692">
      <ele>0</ele>
      <time>2026-04-13T10:40:54.431Z</time>
    </trkpt>
    <trkpt lat="46.611194" lon="10.579357">
      <ele>0</ele>
      <time>2026-04-13T10:40:55.330Z</time>
    </trkpt>
    <trkpt lat="46.611097" lon="10.579063">
      <ele>0</ele>
      <time>2026-04-13T10:40:56.229Z</time>
    </trkpt>
    <trkpt lat="46.611013" lon="10.578517">
      <ele>0</ele>
      <time>2026-04-13T10:40:57.128Z</time>
    </trkpt>
    <trkpt lat="46.610916" lon="10.577871">
      <ele>0</ele>
      <time>2026-04-13T10:40:58.028Z</time>
    </trkpt>
    <trkpt lat="46.610833" lon="10.577322">
      <ele>0</ele>
      <time>2026-04-13T10:40:58.927Z</time>
    </trkpt>
    <trkpt lat="46.610779" lon="10.576961">
      <ele>0</ele>
      <time>2026-04-13T10:40:59.826Z</time>
    </trkpt>
    <trkpt lat="46.610546" lon="10.575940">
      <ele>0</ele>
      <time>2026-04-13T10:41:00.725Z</time>
    </trkpt>
    <trkpt lat="46.610364" lon="10.575143">
      <ele>0</ele>
      <time>2026-04-13T10:41:01.624Z</time>
    </trkpt>
    <trkpt lat="46.610176" lon="10.574490">
      <ele>0</ele>
      <time>2026-04-13T10:41:02.523Z</time>
    </trkpt>
    <trkpt lat="46.610135" lon="10.574378">
      <ele>0</ele>
      <time>2026-04-13T10:41:03.422Z</time>
    </trkpt>
    <trkpt lat="46.609990" lon="10.573983">
      <ele>0</ele>
      <time>2026-04-13T10:41:04.321Z</time>
    </trkpt>
    <trkpt lat="46.609824" lon="10.573545">
      <ele>0</ele>
      <time>2026-04-13T10:41:05.220Z</time>
    </trkpt>
    <trkpt lat="46.609560" lon="10.573049">
      <ele>0</ele>
      <time>2026-04-13T10:41:06.119Z</time>
    </trkpt>
    <trkpt lat="46.608598" lon="10.571488">
      <ele>0</ele>
      <time>2026-04-13T10:41:07.018Z</time>
    </trkpt>
    <trkpt lat="46.608504" lon="10.571314">
      <ele>0</ele>
      <time>2026-04-13T10:41:07.918Z</time>
    </trkpt>
    <trkpt lat="46.608412" lon="10.571126">
      <ele>0</ele>
      <time>2026-04-13T10:41:08.817Z</time>
    </trkpt>
    <trkpt lat="46.608316" lon="10.570906">
      <ele>0</ele>
      <time>2026-04-13T10:41:09.716Z</time>
    </trkpt>
    <trkpt lat="46.608165" lon="10.570511">
      <ele>0</ele>
      <time>2026-04-13T10:41:10.615Z</time>
    </trkpt>
    <trkpt lat="46.608030" lon="10.570179">
      <ele>0</ele>
      <time>2026-04-13T10:41:11.514Z</time>
    </trkpt>
    <trkpt lat="46.607958" lon="10.570025">
      <ele>0</ele>
      <time>2026-04-13T10:41:12.413Z</time>
    </trkpt>
    <trkpt lat="46.607859" lon="10.569852">
      <ele>0</ele>
      <time>2026-04-13T10:41:13.312Z</time>
    </trkpt>
    <trkpt lat="46.607722" lon="10.569610">
      <ele>0</ele>
      <time>2026-04-13T10:41:14.211Z</time>
    </trkpt>
    <trkpt lat="46.607636" lon="10.569439">
      <ele>0</ele>
      <time>2026-04-13T10:41:15.110Z</time>
    </trkpt>
    <trkpt lat="46.607593" lon="10.569327">
      <ele>0</ele>
      <time>2026-04-13T10:41:16.009Z</time>
    </trkpt>
    <trkpt lat="46.607561" lon="10.569202">
      <ele>0</ele>
      <time>2026-04-13T10:41:16.908Z</time>
    </trkpt>
    <trkpt lat="46.607487" lon="10.568867">
      <ele>0</ele>
      <time>2026-04-13T10:41:17.808Z</time>
    </trkpt>
    <trkpt lat="46.607455" lon="10.568772">
      <ele>0</ele>
      <time>2026-04-13T10:41:18.707Z</time>
    </trkpt>
    <trkpt lat="46.607412" lon="10.568690">
      <ele>0</ele>
      <time>2026-04-13T10:41:19.606Z</time>
    </trkpt>
    <trkpt lat="46.607275" lon="10.568478">
      <ele>0</ele>
      <time>2026-04-13T10:41:20.505Z</time>
    </trkpt>
    <trkpt lat="46.607095" lon="10.568215">
      <ele>0</ele>
      <time>2026-04-13T10:41:21.404Z</time>
    </trkpt>
    <trkpt lat="46.607034" lon="10.568124">
      <ele>0</ele>
      <time>2026-04-13T10:41:22.303Z</time>
    </trkpt>
    <trkpt lat="46.606972" lon="10.568028">
      <ele>0</ele>
      <time>2026-04-13T10:41:23.202Z</time>
    </trkpt>
    <trkpt lat="46.606930" lon="10.567955">
      <ele>0</ele>
      <time>2026-04-13T10:41:24.101Z</time>
    </trkpt>
    <trkpt lat="46.606894" lon="10.567879">
      <ele>0</ele>
      <time>2026-04-13T10:41:25.000Z</time>
    </trkpt>
    <trkpt lat="46.606793" lon="10.567662">
      <ele>0</ele>
      <time>2026-04-13T10:41:25.899Z</time>
    </trkpt>
    <trkpt lat="46.606501" lon="10.567049">
      <ele>0</ele>
      <time>2026-04-13T10:41:26.798Z</time>
    </trkpt>
    <trkpt lat="46.606390" lon="10.566798">
      <ele>0</ele>
      <time>2026-04-13T10:41:27.697Z</time>
    </trkpt>
    <trkpt lat="46.606350" lon="10.566677">
      <ele>0</ele>
      <time>2026-04-13T10:41:28.597Z</time>
    </trkpt>
    <trkpt lat="46.606314" lon="10.566489">
      <ele>0</ele>
      <time>2026-04-13T10:41:29.496Z</time>
    </trkpt>
    <trkpt lat="46.606302" lon="10.566345">
      <ele>0</ele>
      <time>2026-04-13T10:41:30.395Z</time>
    </trkpt>
    <trkpt lat="46.606300" lon="10.566180">
      <ele>0</ele>
      <time>2026-04-13T10:41:31.294Z</time>
    </trkpt>
    <trkpt lat="46.606292" lon="10.565884">
      <ele>0</ele>
      <time>2026-04-13T10:41:32.193Z</time>
    </trkpt>
    <trkpt lat="46.606281" lon="10.565725">
      <ele>0</ele>
      <time>2026-04-13T10:41:33.092Z</time>
    </trkpt>
    <trkpt lat="46.606248" lon="10.565447">
      <ele>0</ele>
      <time>2026-04-13T10:41:33.991Z</time>
    </trkpt>
    <trkpt lat="46.606215" lon="10.565285">
      <ele>0</ele>
      <time>2026-04-13T10:41:34.890Z</time>
    </trkpt>
    <trkpt lat="46.606168" lon="10.565134">
      <ele>0</ele>
      <time>2026-04-13T10:41:35.789Z</time>
    </trkpt>
    <trkpt lat="46.606115" lon="10.564982">
      <ele>0</ele>
      <time>2026-04-13T10:41:36.688Z</time>
    </trkpt>
    <trkpt lat="46.606093" lon="10.564887">
      <ele>0</ele>
      <time>2026-04-13T10:41:37.587Z</time>
    </trkpt>
    <trkpt lat="46.606083" lon="10.564786">
      <ele>0</ele>
      <time>2026-04-13T10:41:38.487Z</time>
    </trkpt>
    <trkpt lat="46.606070" lon="10.564595">
      <ele>0</ele>
      <time>2026-04-13T10:41:39.386Z</time>
    </trkpt>
    <trkpt lat="46.606058" lon="10.564454">
      <ele>0</ele>
      <time>2026-04-13T10:41:40.285Z</time>
    </trkpt>
    <trkpt lat="46.606036" lon="10.564356">
      <ele>0</ele>
      <time>2026-04-13T10:41:41.184Z</time>
    </trkpt>
    <trkpt lat="46.606009" lon="10.564284">
      <ele>0</ele>
      <time>2026-04-13T10:41:42.083Z</time>
    </trkpt>
    <trkpt lat="46.605958" lon="10.564184">
      <ele>0</ele>
      <time>2026-04-13T10:41:42.982Z</time>
    </trkpt>
    <trkpt lat="46.605898" lon="10.564067">
      <ele>0</ele>
      <time>2026-04-13T10:41:43.881Z</time>
    </trkpt>
    <trkpt lat="46.605851" lon="10.563941">
      <ele>0</ele>
      <time>2026-04-13T10:41:44.780Z</time>
    </trkpt>
    <trkpt lat="46.605791" lon="10.563733">
      <ele>0</ele>
      <time>2026-04-13T10:41:45.679Z</time>
    </trkpt>
    <trkpt lat="46.605753" lon="10.563602">
      <ele>0</ele>
      <time>2026-04-13T10:41:46.578Z</time>
    </trkpt>
    <trkpt lat="46.605701" lon="10.563464">
      <ele>0</ele>
      <time>2026-04-13T10:41:47.477Z</time>
    </trkpt>
    <trkpt lat="46.605523" lon="10.563124">
      <ele>0</ele>
      <time>2026-04-13T10:41:48.377Z</time>
    </trkpt>
    <trkpt lat="46.605321" lon="10.562703">
      <ele>0</ele>
      <time>2026-04-13T10:41:49.276Z</time>
    </trkpt>
    <trkpt lat="46.605206" lon="10.562503">
      <ele>0</ele>
      <time>2026-04-13T10:41:50.175Z</time>
    </trkpt>
    <trkpt lat="46.605123" lon="10.562322">
      <ele>0</ele>
      <time>2026-04-13T10:41:51.074Z</time>
    </trkpt>
    <trkpt lat="46.605021" lon="10.562065">
      <ele>0</ele>
      <time>2026-04-13T10:41:51.973Z</time>
    </trkpt>
    <trkpt lat="46.604962" lon="10.561871">
      <ele>0</ele>
      <time>2026-04-13T10:41:52.872Z</time>
    </trkpt>
    <trkpt lat="46.604826" lon="10.561342">
      <ele>0</ele>
      <time>2026-04-13T10:41:53.771Z</time>
    </trkpt>
    <trkpt lat="46.604790" lon="10.561230">
      <ele>0</ele>
      <time>2026-04-13T10:41:54.670Z</time>
    </trkpt>
    <trkpt lat="46.604759" lon="10.561172">
      <ele>0</ele>
      <time>2026-04-13T10:41:55.569Z</time>
    </trkpt>
    <trkpt lat="46.604722" lon="10.561124">
      <ele>0</ele>
      <time>2026-04-13T10:41:56.468Z</time>
    </trkpt>
    <trkpt lat="46.604638" lon="10.561041">
      <ele>0</ele>
      <time>2026-04-13T10:41:57.367Z</time>
    </trkpt>
    <trkpt lat="46.604477" lon="10.560907">
      <ele>0</ele>
      <time>2026-04-13T10:41:58.267Z</time>
    </trkpt>
    <trkpt lat="46.604336" lon="10.560784">
      <ele>0</ele>
      <time>2026-04-13T10:41:59.166Z</time>
    </trkpt>
    <trkpt lat="46.604218" lon="10.560672">
      <ele>0</ele>
      <time>2026-04-13T10:42:00.065Z</time>
    </trkpt>
    <trkpt lat="46.604074" lon="10.560523">
      <ele>0</ele>
      <time>2026-04-13T10:42:00.964Z</time>
    </trkpt>
    <trkpt lat="46.603971" lon="10.560399">
      <ele>0</ele>
      <time>2026-04-13T10:42:01.863Z</time>
    </trkpt>
    <trkpt lat="46.603881" lon="10.560256">
      <ele>0</ele>
      <time>2026-04-13T10:42:02.762Z</time>
    </trkpt>
    <trkpt lat="46.603797" lon="10.560131">
      <ele>0</ele>
      <time>2026-04-13T10:42:03.661Z</time>
    </trkpt>
    <trkpt lat="46.603720" lon="10.559958">
      <ele>0</ele>
      <time>2026-04-13T10:42:04.560Z</time>
    </trkpt>
    <trkpt lat="46.603672" lon="10.559845">
      <ele>0</ele>
      <time>2026-04-13T10:42:05.459Z</time>
    </trkpt>
    <trkpt lat="46.603649" lon="10.559752">
      <ele>0</ele>
      <time>2026-04-13T10:42:06.358Z</time>
    </trkpt>
    <trkpt lat="46.603634" lon="10.559652">
      <ele>0</ele>
      <time>2026-04-13T10:42:07.257Z</time>
    </trkpt>
    <trkpt lat="46.603618" lon="10.559477">
      <ele>0</ele>
      <time>2026-04-13T10:42:08.156Z</time>
    </trkpt>
    <trkpt lat="46.603574" lon="10.559102">
      <ele>0</ele>
      <time>2026-04-13T10:42:09.056Z</time>
    </trkpt>
    <trkpt lat="46.603542" lon="10.558912">
      <ele>0</ele>
      <time>2026-04-13T10:42:09.955Z</time>
    </trkpt>
    <trkpt lat="46.603493" lon="10.558788">
      <ele>0</ele>
      <time>2026-04-13T10:42:10.854Z</time>
    </trkpt>
    <trkpt lat="46.603452" lon="10.558726">
      <ele>0</ele>
      <time>2026-04-13T10:42:11.753Z</time>
    </trkpt>
    <trkpt lat="46.603393" lon="10.558680">
      <ele>0</ele>
      <time>2026-04-13T10:42:12.652Z</time>
    </trkpt>
    <trkpt lat="46.603293" lon="10.558638">
      <ele>0</ele>
      <time>2026-04-13T10:42:13.551Z</time>
    </trkpt>
    <trkpt lat="46.603156" lon="10.558581">
      <ele>0</ele>
      <time>2026-04-13T10:42:14.450Z</time>
    </trkpt>
    <trkpt lat="46.603022" lon="10.558512">
      <ele>0</ele>
      <time>2026-04-13T10:42:15.349Z</time>
    </trkpt>
    <trkpt lat="46.602972" lon="10.558485">
      <ele>0</ele>
      <time>2026-04-13T10:42:16.248Z</time>
    </trkpt>
    <trkpt lat="46.602922" lon="10.558448">
      <ele>0</ele>
      <time>2026-04-13T10:42:17.147Z</time>
    </trkpt>
    <trkpt lat="46.602828" lon="10.558354">
      <ele>0</ele>
      <time>2026-04-13T10:42:18.046Z</time>
    </trkpt>
    <trkpt lat="46.602757" lon="10.558263">
      <ele>0</ele>
      <time>2026-04-13T10:42:18.946Z</time>
    </trkpt>
    <trkpt lat="46.602695" lon="10.558159">
      <ele>0</ele>
      <time>2026-04-13T10:42:19.845Z</time>
    </trkpt>
    <trkpt lat="46.602594" lon="10.557960">
      <ele>0</ele>
      <time>2026-04-13T10:42:20.744Z</time>
    </trkpt>
    <trkpt lat="46.602475" lon="10.557707">
      <ele>0</ele>
      <time>2026-04-13T10:42:21.643Z</time>
    </trkpt>
    <trkpt lat="46.602422" lon="10.557615">
      <ele>0</ele>
      <time>2026-04-13T10:42:22.542Z</time>
    </trkpt>
    <trkpt lat="46.602377" lon="10.557560">
      <ele>0</ele>
      <time>2026-04-13T10:42:23.441Z</time>
    </trkpt>
    <trkpt lat="46.602336" lon="10.557523">
      <ele>0</ele>
      <time>2026-04-13T10:42:24.340Z</time>
    </trkpt>
    <trkpt lat="46.602294" lon="10.557497">
      <ele>0</ele>
      <time>2026-04-13T10:42:25.239Z</time>
    </trkpt>
    <trkpt lat="46.602236" lon="10.557462">
      <ele>0</ele>
      <time>2026-04-13T10:42:26.138Z</time>
    </trkpt>
    <trkpt lat="46.602146" lon="10.557406">
      <ele>0</ele>
      <time>2026-04-13T10:42:27.037Z</time>
    </trkpt>
    <trkpt lat="46.602076" lon="10.557353">
      <ele>0</ele>
      <time>2026-04-13T10:42:27.936Z</time>
    </trkpt>
    <trkpt lat="46.602016" lon="10.557298">
      <ele>0</ele>
      <time>2026-04-13T10:42:28.836Z</time>
    </trkpt>
    <trkpt lat="46.601911" lon="10.557189">
      <ele>0</ele>
      <time>2026-04-13T10:42:29.735Z</time>
    </trkpt>
    <trkpt lat="46.601795" lon="10.557079">
      <ele>0</ele>
      <time>2026-04-13T10:42:30.634Z</time>
    </trkpt>
    <trkpt lat="46.601749" lon="10.557048">
      <ele>0</ele>
      <time>2026-04-13T10:42:31.533Z</time>
    </trkpt>
    <trkpt lat="46.601700" lon="10.557025">
      <ele>0</ele>
      <time>2026-04-13T10:42:32.432Z</time>
    </trkpt>
    <trkpt lat="46.601632" lon="10.557011">
      <ele>0</ele>
      <time>2026-04-13T10:42:33.331Z</time>
    </trkpt>
    <trkpt lat="46.601453" lon="10.556991">
      <ele>0</ele>
      <time>2026-04-13T10:42:34.230Z</time>
    </trkpt>
    <trkpt lat="46.601286" lon="10.556973">
      <ele>0</ele>
      <time>2026-04-13T10:42:35.129Z</time>
    </trkpt>
    <trkpt lat="46.601226" lon="10.556965">
      <ele>0</ele>
      <time>2026-04-13T10:42:36.028Z</time>
    </trkpt>
    <trkpt lat="46.601198" lon="10.556958">
      <ele>0</ele>
      <time>2026-04-13T10:42:36.927Z</time>
    </trkpt>
    <trkpt lat="46.601175" lon="10.556949">
      <ele>0</ele>
      <time>2026-04-13T10:42:37.826Z</time>
    </trkpt>
    <trkpt lat="46.601141" lon="10.556930">
      <ele>0</ele>
      <time>2026-04-13T10:42:38.726Z</time>
    </trkpt>
    <trkpt lat="46.601113" lon="10.556910">
      <ele>0</ele>
      <time>2026-04-13T10:42:39.625Z</time>
    </trkpt>
    <trkpt lat="46.601048" lon="10.556850">
      <ele>0</ele>
      <time>2026-04-13T10:42:40.524Z</time>
    </trkpt>
    <trkpt lat="46.600970" lon="10.556767">
      <ele>0</ele>
      <time>2026-04-13T10:42:41.423Z</time>
    </trkpt>
    <trkpt lat="46.600927" lon="10.556721">
      <ele>0</ele>
      <time>2026-04-13T10:42:42.322Z</time>
    </trkpt>
    <trkpt lat="46.600806" lon="10.556595">
      <ele>0</ele>
      <time>2026-04-13T10:42:43.221Z</time>
    </trkpt>
    <trkpt lat="46.600692" lon="10.556465">
      <ele>0</ele>
      <time>2026-04-13T10:42:44.120Z</time>
    </trkpt>
    <trkpt lat="46.600516" lon="10.556271">
      <ele>0</ele>
      <time>2026-04-13T10:42:45.019Z</time>
    </trkpt>
    <trkpt lat="46.600436" lon="10.556189">
      <ele>0</ele>
      <time>2026-04-13T10:42:45.918Z</time>
    </trkpt>
    <trkpt lat="46.600352" lon="10.556121">
      <ele>0</ele>
      <time>2026-04-13T10:42:46.817Z</time>
    </trkpt>
    <trkpt lat="46.600281" lon="10.556071">
      <ele>0</ele>
      <time>2026-04-13T10:42:47.716Z</time>
    </trkpt>
    <trkpt lat="46.600206" lon="10.556023">
      <ele>0</ele>
      <time>2026-04-13T10:42:48.615Z</time>
    </trkpt>
    <trkpt lat="46.600116" lon="10.555975">
      <ele>0</ele>
      <time>2026-04-13T10:42:49.515Z</time>
    </trkpt>
    <trkpt lat="46.599928" lon="10.555882">
      <ele>0</ele>
      <time>2026-04-13T10:42:50.414Z</time>
    </trkpt>
    <trkpt lat="46.599818" lon="10.555831">
      <ele>0</ele>
      <time>2026-04-13T10:42:51.313Z</time>
    </trkpt>
    <trkpt lat="46.599750" lon="10.555809">
      <ele>0</ele>
      <time>2026-04-13T10:42:52.212Z</time>
    </trkpt>
    <trkpt lat="46.599510" lon="10.555751">
      <ele>0</ele>
      <time>2026-04-13T10:42:53.111Z</time>
    </trkpt>
    <trkpt lat="46.599268" lon="10.555680">
      <ele>0</ele>
      <time>2026-04-13T10:42:54.010Z</time>
    </trkpt>
    <trkpt lat="46.599012" lon="10.555590">
      <ele>0</ele>
      <time>2026-04-13T10:42:54.909Z</time>
    </trkpt>
    <trkpt lat="46.598739" lon="10.555488">
      <ele>0</ele>
      <time>2026-04-13T10:42:55.808Z</time>
    </trkpt>
    <trkpt lat="46.598687" lon="10.555463">
      <ele>0</ele>
      <time>2026-04-13T10:42:56.707Z</time>
    </trkpt>
    <trkpt lat="46.598386" lon="10.555335">
      <ele>0</ele>
      <time>2026-04-13T10:42:57.606Z</time>
    </trkpt>
    <trkpt lat="46.598115" lon="10.555218">
      <ele>0</ele>
      <time>2026-04-13T10:42:58.505Z</time>
    </trkpt>
    <trkpt lat="46.597899" lon="10.555121">
      <ele>0</ele>
      <time>2026-04-13T10:42:59.405Z</time>
    </trkpt>
    <trkpt lat="46.597727" lon="10.555032">
      <ele>0</ele>
      <time>2026-04-13T10:43:00.304Z</time>
    </trkpt>
    <trkpt lat="46.597604" lon="10.554963">
      <ele>0</ele>
      <time>2026-04-13T10:43:01.203Z</time>
    </trkpt>
    <trkpt lat="46.597519" lon="10.554906">
      <ele>0</ele>
      <time>2026-04-13T10:43:02.102Z</time>
    </trkpt>
    <trkpt lat="46.597454" lon="10.554850">
      <ele>0</ele>
      <time>2026-04-13T10:43:03.001Z</time>
    </trkpt>
    <trkpt lat="46.597409" lon="10.554787">
      <ele>0</ele>
      <time>2026-04-13T10:43:03.900Z</time>
    </trkpt>
    <trkpt lat="46.597378" lon="10.554740">
      <ele>0</ele>
      <time>2026-04-13T10:43:04.799Z</time>
    </trkpt>
    <trkpt lat="46.597347" lon="10.554683">
      <ele>0</ele>
      <time>2026-04-13T10:43:05.698Z</time>
    </trkpt>
    <trkpt lat="46.597304" lon="10.554587">
      <ele>0</ele>
      <time>2026-04-13T10:43:06.597Z</time>
    </trkpt>
    <trkpt lat="46.597280" lon="10.554507">
      <ele>0</ele>
      <time>2026-04-13T10:43:07.496Z</time>
    </trkpt>
    <trkpt lat="46.597265" lon="10.554429">
      <ele>0</ele>
      <time>2026-04-13T10:43:08.395Z</time>
    </trkpt>
    <trkpt lat="46.597257" lon="10.554346">
      <ele>0</ele>
      <time>2026-04-13T10:43:09.295Z</time>
    </trkpt>
    <trkpt lat="46.597254" lon="10.554263">
      <ele>0</ele>
      <time>2026-04-13T10:43:10.194Z</time>
    </trkpt>
    <trkpt lat="46.597260" lon="10.554070">
      <ele>0</ele>
      <time>2026-04-13T10:43:11.093Z</time>
    </trkpt>
    <trkpt lat="46.597257" lon="10.553933">
      <ele>0</ele>
      <time>2026-04-13T10:43:11.992Z</time>
    </trkpt>
    <trkpt lat="46.597239" lon="10.553804">
      <ele>0</ele>
      <time>2026-04-13T10:43:12.891Z</time>
    </trkpt>
    <trkpt lat="46.597212" lon="10.553698">
      <ele>0</ele>
      <time>2026-04-13T10:43:13.790Z</time>
    </trkpt>
    <trkpt lat="46.597181" lon="10.553615">
      <ele>0</ele>
      <time>2026-04-13T10:43:14.689Z</time>
    </trkpt>
    <trkpt lat="46.597147" lon="10.553552">
      <ele>0</ele>
      <time>2026-04-13T10:43:15.588Z</time>
    </trkpt>
    <trkpt lat="46.597107" lon="10.553503">
      <ele>0</ele>
      <time>2026-04-13T10:43:16.487Z</time>
    </trkpt>
    <trkpt lat="46.597056" lon="10.553472">
      <ele>0</ele>
      <time>2026-04-13T10:43:17.386Z</time>
    </trkpt>
    <trkpt lat="46.596987" lon="10.553444">
      <ele>0</ele>
      <time>2026-04-13T10:43:18.285Z</time>
    </trkpt>
    <trkpt lat="46.596815" lon="10.553368">
      <ele>0</ele>
      <time>2026-04-13T10:43:19.185Z</time>
    </trkpt>
    <trkpt lat="46.596683" lon="10.553322">
      <ele>0</ele>
      <time>2026-04-13T10:43:20.084Z</time>
    </trkpt>
    <trkpt lat="46.596528" lon="10.553300">
      <ele>0</ele>
      <time>2026-04-13T10:43:20.983Z</time>
    </trkpt>
    <trkpt lat="46.596462" lon="10.553312">
      <ele>0</ele>
      <time>2026-04-13T10:43:21.882Z</time>
    </trkpt>
    <trkpt lat="46.596213" lon="10.553412">
      <ele>0</ele>
      <time>2026-04-13T10:43:22.781Z</time>
    </trkpt>
    <trkpt lat="46.596117" lon="10.553434">
      <ele>0</ele>
      <time>2026-04-13T10:43:23.680Z</time>
    </trkpt>
    <trkpt lat="46.596027" lon="10.553428">
      <ele>0</ele>
      <time>2026-04-13T10:43:24.579Z</time>
    </trkpt>
    <trkpt lat="46.595926" lon="10.553390">
      <ele>0</ele>
      <time>2026-04-13T10:43:25.478Z</time>
    </trkpt>
    <trkpt lat="46.595835" lon="10.553331">
      <ele>0</ele>
      <time>2026-04-13T10:43:26.377Z</time>
    </trkpt>
    <trkpt lat="46.595717" lon="10.553217">
      <ele>0</ele>
      <time>2026-04-13T10:43:27.276Z</time>
    </trkpt>
    <trkpt lat="46.595649" lon="10.553164">
      <ele>0</ele>
      <time>2026-04-13T10:43:28.175Z</time>
    </trkpt>
    <trkpt lat="46.595573" lon="10.553134">
      <ele>0</ele>
      <time>2026-04-13T10:43:29.074Z</time>
    </trkpt>
    <trkpt lat="46.595484" lon="10.553102">
      <ele>0</ele>
      <time>2026-04-13T10:43:29.974Z</time>
    </trkpt>
    <trkpt lat="46.595330" lon="10.553041">
      <ele>0</ele>
      <time>2026-04-13T10:43:30.873Z</time>
    </trkpt>
    <trkpt lat="46.595190" lon="10.552978">
      <ele>0</ele>
      <time>2026-04-13T10:43:31.772Z</time>
    </trkpt>
    <trkpt lat="46.595076" lon="10.552915">
      <ele>0</ele>
      <time>2026-04-13T10:43:32.671Z</time>
    </trkpt>
    <trkpt lat="46.594993" lon="10.552853">
      <ele>0</ele>
      <time>2026-04-13T10:43:33.570Z</time>
    </trkpt>
    <trkpt lat="46.594921" lon="10.552776">
      <ele>0</ele>
      <time>2026-04-13T10:43:34.469Z</time>
    </trkpt>
    <trkpt lat="46.594540" lon="10.552270">
      <ele>0</ele>
      <time>2026-04-13T10:43:35.368Z</time>
    </trkpt>
    <trkpt lat="46.594305" lon="10.551956">
      <ele>0</ele>
      <time>2026-04-13T10:43:36.267Z</time>
    </trkpt>
    <trkpt lat="46.594253" lon="10.551888">
      <ele>0</ele>
      <time>2026-04-13T10:43:37.166Z</time>
    </trkpt>
    <trkpt lat="46.594142" lon="10.551744">
      <ele>0</ele>
      <time>2026-04-13T10:43:38.065Z</time>
    </trkpt>
    <trkpt lat="46.594044" lon="10.551609">
      <ele>0</ele>
      <time>2026-04-13T10:43:38.964Z</time>
    </trkpt>
    <trkpt lat="46.593849" lon="10.551389">
      <ele>0</ele>
      <time>2026-04-13T10:43:39.864Z</time>
    </trkpt>
    <trkpt lat="46.593760" lon="10.551318">
      <ele>0</ele>
      <time>2026-04-13T10:43:40.763Z</time>
    </trkpt>
    <trkpt lat="46.593691" lon="10.551278">
      <ele>0</ele>
      <time>2026-04-13T10:43:41.662Z</time>
    </trkpt>
    <trkpt lat="46.593247" lon="10.551072">
      <ele>0</ele>
      <time>2026-04-13T10:43:42.561Z</time>
    </trkpt>
    <trkpt lat="46.593169" lon="10.551039">
      <ele>0</ele>
      <time>2026-04-13T10:43:43.460Z</time>
    </trkpt>
    <trkpt lat="46.592951" lon="10.550945">
      <ele>0</ele>
      <time>2026-04-13T10:43:44.359Z</time>
    </trkpt>
    <trkpt lat="46.592919" lon="10.550930">
      <ele>0</ele>
      <time>2026-04-13T10:43:45.258Z</time>
    </trkpt>
    <trkpt lat="46.592757" lon="10.550865">
      <ele>0</ele>
      <time>2026-04-13T10:43:46.157Z</time>
    </trkpt>
    <trkpt lat="46.592649" lon="10.550804">
      <ele>0</ele>
      <time>2026-04-13T10:43:47.056Z</time>
    </trkpt>
    <trkpt lat="46.592577" lon="10.550752">
      <ele>0</ele>
      <time>2026-04-13T10:43:47.955Z</time>
    </trkpt>
    <trkpt lat="46.592516" lon="10.550683">
      <ele>0</ele>
      <time>2026-04-13T10:43:48.854Z</time>
    </trkpt>
    <trkpt lat="46.592483" lon="10.550627">
      <ele>0</ele>
      <time>2026-04-13T10:43:49.754Z</time>
    </trkpt>
    <trkpt lat="46.592458" lon="10.550570">
      <ele>0</ele>
      <time>2026-04-13T10:43:50.653Z</time>
    </trkpt>
    <trkpt lat="46.592427" lon="10.550449">
      <ele>0</ele>
      <time>2026-04-13T10:43:51.552Z</time>
    </trkpt>
    <trkpt lat="46.592354" lon="10.549971">
      <ele>0</ele>
      <time>2026-04-13T10:43:52.451Z</time>
    </trkpt>
    <trkpt lat="46.592338" lon="10.549904">
      <ele>0</ele>
      <time>2026-04-13T10:43:53.350Z</time>
    </trkpt>
    <trkpt lat="46.592312" lon="10.549826">
      <ele>0</ele>
      <time>2026-04-13T10:43:54.249Z</time>
    </trkpt>
    <trkpt lat="46.592286" lon="10.549759">
      <ele>0</ele>
      <time>2026-04-13T10:43:55.148Z</time>
    </trkpt>
    <trkpt lat="46.592252" lon="10.549698">
      <ele>0</ele>
      <time>2026-04-13T10:43:56.047Z</time>
    </trkpt>
    <trkpt lat="46.592211" lon="10.549644">
      <ele>0</ele>
      <time>2026-04-13T10:43:56.946Z</time>
    </trkpt>
    <trkpt lat="46.592180" lon="10.549609">
      <ele>0</ele>
      <time>2026-04-13T10:43:57.845Z</time>
    </trkpt>
    <trkpt lat="46.592122" lon="10.549560">
      <ele>0</ele>
      <time>2026-04-13T10:43:58.744Z</time>
    </trkpt>
    <trkpt lat="46.592012" lon="10.549476">
      <ele>0</ele>
      <time>2026-04-13T10:43:59.644Z</time>
    </trkpt>
    <trkpt lat="46.591755" lon="10.549287">
      <ele>0</ele>
      <time>2026-04-13T10:44:00.543Z</time>
    </trkpt>
    <trkpt lat="46.591638" lon="10.549198">
      <ele>0</ele>
      <time>2026-04-13T10:44:01.442Z</time>
    </trkpt>
    <trkpt lat="46.591510" lon="10.549115">
      <ele>0</ele>
      <time>2026-04-13T10:44:02.341Z</time>
    </trkpt>
    <trkpt lat="46.591406" lon="10.549071">
      <ele>0</ele>
      <time>2026-04-13T10:44:03.240Z</time>
    </trkpt>
    <trkpt lat="46.591217" lon="10.549035">
      <ele>0</ele>
      <time>2026-04-13T10:44:04.139Z</time>
    </trkpt>
    <trkpt lat="46.590867" lon="10.548974">
      <ele>0</ele>
      <time>2026-04-13T10:44:05.038Z</time>
    </trkpt>
    <trkpt lat="46.589890" lon="10.548826">
      <ele>0</ele>
      <time>2026-04-13T10:44:05.937Z</time>
    </trkpt>
    <trkpt lat="46.589769" lon="10.548781">
      <ele>0</ele>
      <time>2026-04-13T10:44:06.836Z</time>
    </trkpt>
    <trkpt lat="46.589636" lon="10.548683">
      <ele>0</ele>
      <time>2026-04-13T10:44:07.735Z</time>
    </trkpt>
    <trkpt lat="46.589488" lon="10.548581">
      <ele>0</ele>
      <time>2026-04-13T10:44:08.634Z</time>
    </trkpt>
    <trkpt lat="46.589259" lon="10.548469">
      <ele>0</ele>
      <time>2026-04-13T10:44:09.533Z</time>
    </trkpt>
    <trkpt lat="46.589020" lon="10.548371">
      <ele>0</ele>
      <time>2026-04-13T10:44:10.433Z</time>
    </trkpt>
    <trkpt lat="46.588786" lon="10.548256">
      <ele>0</ele>
      <time>2026-04-13T10:44:11.332Z</time>
    </trkpt>
    <trkpt lat="46.588618" lon="10.548135">
      <ele>0</ele>
      <time>2026-04-13T10:44:12.231Z</time>
    </trkpt>
    <trkpt lat="46.588452" lon="10.548001">
      <ele>0</ele>
      <time>2026-04-13T10:44:13.130Z</time>
    </trkpt>
    <trkpt lat="46.588295" lon="10.547803">
      <ele>0</ele>
      <time>2026-04-13T10:44:14.029Z</time>
    </trkpt>
    <trkpt lat="46.588248" lon="10.547749">
      <ele>0</ele>
      <time>2026-04-13T10:44:14.928Z</time>
    </trkpt>
    <trkpt lat="46.588173" lon="10.547682">
      <ele>0</ele>
      <time>2026-04-13T10:44:15.827Z</time>
    </trkpt>
    <trkpt lat="46.588136" lon="10.547658">
      <ele>0</ele>
      <time>2026-04-13T10:44:16.726Z</time>
    </trkpt>
    <trkpt lat="46.588096" lon="10.547640">
      <ele>0</ele>
      <time>2026-04-13T10:44:17.625Z</time>
    </trkpt>
    <trkpt lat="46.588034" lon="10.547620">
      <ele>0</ele>
      <time>2026-04-13T10:44:18.524Z</time>
    </trkpt>
    <trkpt lat="46.587977" lon="10.547605">
      <ele>0</ele>
      <time>2026-04-13T10:44:19.423Z</time>
    </trkpt>
    <trkpt lat="46.587863" lon="10.547576">
      <ele>0</ele>
      <time>2026-04-13T10:44:20.323Z</time>
    </trkpt>
    <trkpt lat="46.587763" lon="10.547568">
      <ele>0</ele>
      <time>2026-04-13T10:44:21.222Z</time>
    </trkpt>
    <trkpt lat="46.587690" lon="10.547567">
      <ele>0</ele>
      <time>2026-04-13T10:44:22.121Z</time>
    </trkpt>
    <trkpt lat="46.587662" lon="10.547566">
      <ele>0</ele>
      <time>2026-04-13T10:44:23.020Z</time>
    </trkpt>
    <trkpt lat="46.587511" lon="10.547565">
      <ele>0</ele>
      <time>2026-04-13T10:44:23.919Z</time>
    </trkpt>
    <trkpt lat="46.587310" lon="10.547581">
      <ele>0</ele>
      <time>2026-04-13T10:44:24.818Z</time>
    </trkpt>
    <trkpt lat="46.587189" lon="10.547605">
      <ele>0</ele>
      <time>2026-04-13T10:44:25.717Z</time>
    </trkpt>
    <trkpt lat="46.587081" lon="10.547661">
      <ele>0</ele>
      <time>2026-04-13T10:44:26.616Z</time>
    </trkpt>
    <trkpt lat="46.586838" lon="10.547775">
      <ele>0</ele>
      <time>2026-04-13T10:44:27.515Z</time>
    </trkpt>
    <trkpt lat="46.586779" lon="10.547783">
      <ele>0</ele>
      <time>2026-04-13T10:44:28.414Z</time>
    </trkpt>
    <trkpt lat="46.586740" lon="10.547782">
      <ele>0</ele>
      <time>2026-04-13T10:44:29.313Z</time>
    </trkpt>
    <trkpt lat="46.586638" lon="10.547757">
      <ele>0</ele>
      <time>2026-04-13T10:44:30.213Z</time>
    </trkpt>
    <trkpt lat="46.586204" lon="10.547603">
      <ele>0</ele>
      <time>2026-04-13T10:44:31.112Z</time>
    </trkpt>
    <trkpt lat="46.586017" lon="10.547547">
      <ele>0</ele>
      <time>2026-04-13T10:44:32.011Z</time>
    </trkpt>
    <trkpt lat="46.585824" lon="10.547466">
      <ele>0</ele>
      <time>2026-04-13T10:44:32.910Z</time>
    </trkpt>
    <trkpt lat="46.585385" lon="10.547279">
      <ele>0</ele>
      <time>2026-04-13T10:44:33.809Z</time>
    </trkpt>
    <trkpt lat="46.585232" lon="10.547207">
      <ele>0</ele>
      <time>2026-04-13T10:44:34.708Z</time>
    </trkpt>
    <trkpt lat="46.585051" lon="10.547146">
      <ele>0</ele>
      <time>2026-04-13T10:44:35.607Z</time>
    </trkpt>
    <trkpt lat="46.584706" lon="10.547025">
      <ele>0</ele>
      <time>2026-04-13T10:44:36.506Z</time>
    </trkpt>
    <trkpt lat="46.584629" lon="10.546986">
      <ele>0</ele>
      <time>2026-04-13T10:44:37.405Z</time>
    </trkpt>
    <trkpt lat="46.584540" lon="10.546907">
      <ele>0</ele>
      <time>2026-04-13T10:44:38.304Z</time>
    </trkpt>
    <trkpt lat="46.583877" lon="10.546214">
      <ele>0</ele>
      <time>2026-04-13T10:44:39.203Z</time>
    </trkpt>
    <trkpt lat="46.583742" lon="10.545941">
      <ele>0</ele>
      <time>2026-04-13T10:44:40.103Z</time>
    </trkpt>
    <trkpt lat="46.583652" lon="10.545789">
      <ele>0</ele>
      <time>2026-04-13T10:44:41.002Z</time>
    </trkpt>
    <trkpt lat="46.583552" lon="10.545655">
      <ele>0</ele>
      <time>2026-04-13T10:44:41.901Z</time>
    </trkpt>
    <trkpt lat="46.583256" lon="10.545288">
      <ele>0</ele>
      <time>2026-04-13T10:44:42.800Z</time>
    </trkpt>
    <trkpt lat="46.582945" lon="10.544985">
      <ele>0</ele>
      <time>2026-04-13T10:44:43.699Z</time>
    </trkpt>
    <trkpt lat="46.582644" lon="10.544686">
      <ele>0</ele>
      <time>2026-04-13T10:44:44.598Z</time>
    </trkpt>
    <trkpt lat="46.582493" lon="10.544543">
      <ele>0</ele>
      <time>2026-04-13T10:44:45.497Z</time>
    </trkpt>
    <trkpt lat="46.582079" lon="10.544281">
      <ele>0</ele>
      <time>2026-04-13T10:44:46.396Z</time>
    </trkpt>
    <trkpt lat="46.581649" lon="10.543992">
      <ele>0</ele>
      <time>2026-04-13T10:44:47.295Z</time>
    </trkpt>
    <trkpt lat="46.581397" lon="10.543822">
      <ele>0</ele>
      <time>2026-04-13T10:44:48.194Z</time>
    </trkpt>
    <trkpt lat="46.581116" lon="10.543632">
      <ele>0</ele>
      <time>2026-04-13T10:44:49.093Z</time>
    </trkpt>
    <trkpt lat="46.580857" lon="10.543458">
      <ele>0</ele>
      <time>2026-04-13T10:44:49.992Z</time>
    </trkpt>
    <trkpt lat="46.580783" lon="10.543408">
      <ele>0</ele>
      <time>2026-04-13T10:44:50.892Z</time>
    </trkpt>
    <trkpt lat="46.580573" lon="10.543281">
      <ele>0</ele>
      <time>2026-04-13T10:44:51.791Z</time>
    </trkpt>
    <trkpt lat="46.580336" lon="10.543137">
      <ele>0</ele>
      <time>2026-04-13T10:44:52.690Z</time>
    </trkpt>
    <trkpt lat="46.580166" lon="10.543055">
      <ele>0</ele>
      <time>2026-04-13T10:44:53.589Z</time>
    </trkpt>
    <trkpt lat="46.579660" lon="10.542852">
      <ele>0</ele>
      <time>2026-04-13T10:44:54.488Z</time>
    </trkpt>
    <trkpt lat="46.579576" lon="10.542817">
      <ele>0</ele>
      <time>2026-04-13T10:44:55.387Z</time>
    </trkpt>
    <trkpt lat="46.579509" lon="10.542789">
      <ele>0</ele>
      <time>2026-04-13T10:44:56.286Z</time>
    </trkpt>
    <trkpt lat="46.579390" lon="10.542732">
      <ele>0</ele>
      <time>2026-04-13T10:44:57.185Z</time>
    </trkpt>
    <trkpt lat="46.578963" lon="10.542461">
      <ele>0</ele>
      <time>2026-04-13T10:44:58.084Z</time>
    </trkpt>
    <trkpt lat="46.578853" lon="10.542412">
      <ele>0</ele>
      <time>2026-04-13T10:44:58.983Z</time>
    </trkpt>
    <trkpt lat="46.578464" lon="10.542329">
      <ele>0</ele>
      <time>2026-04-13T10:44:59.882Z</time>
    </trkpt>
    <trkpt lat="46.578281" lon="10.542286">
      <ele>0</ele>
      <time>2026-04-13T10:45:00.782Z</time>
    </trkpt>
    <trkpt lat="46.578146" lon="10.542237">
      <ele>0</ele>
      <time>2026-04-13T10:45:01.681Z</time>
    </trkpt>
    <trkpt lat="46.578060" lon="10.542192">
      <ele>0</ele>
      <time>2026-04-13T10:45:02.580Z</time>
    </trkpt>
    <trkpt lat="46.577797" lon="10.542057">
      <ele>0</ele>
      <time>2026-04-13T10:45:03.479Z</time>
    </trkpt>
    <trkpt lat="46.577471" lon="10.541887">
      <ele>0</ele>
      <time>2026-04-13T10:45:04.378Z</time>
    </trkpt>
    <trkpt lat="46.577298" lon="10.541720">
      <ele>0</ele>
      <time>2026-04-13T10:45:05.277Z</time>
    </trkpt>
    <trkpt lat="46.576839" lon="10.541233">
      <ele>0</ele>
      <time>2026-04-13T10:45:06.176Z</time>
    </trkpt>
    <trkpt lat="46.576709" lon="10.541113">
      <ele>0</ele>
      <time>2026-04-13T10:45:07.075Z</time>
    </trkpt>
    <trkpt lat="46.576382" lon="10.540866">
      <ele>0</ele>
      <time>2026-04-13T10:45:07.974Z</time>
    </trkpt>
    <trkpt lat="46.575918" lon="10.540493">
      <ele>0</ele>
      <time>2026-04-13T10:45:08.873Z</time>
    </trkpt>
    <trkpt lat="46.575815" lon="10.540387">
      <ele>0</ele>
      <time>2026-04-13T10:45:09.772Z</time>
    </trkpt>
    <trkpt lat="46.575720" lon="10.540253">
      <ele>0</ele>
      <time>2026-04-13T10:45:10.672Z</time>
    </trkpt>
    <trkpt lat="46.575517" lon="10.539950">
      <ele>0</ele>
      <time>2026-04-13T10:45:11.571Z</time>
    </trkpt>
    <trkpt lat="46.575427" lon="10.539811">
      <ele>0</ele>
      <time>2026-04-13T10:45:12.470Z</time>
    </trkpt>
    <trkpt lat="46.575200" lon="10.539463">
      <ele>0</ele>
      <time>2026-04-13T10:45:13.369Z</time>
    </trkpt>
    <trkpt lat="46.575122" lon="10.539329">
      <ele>0</ele>
      <time>2026-04-13T10:45:14.268Z</time>
    </trkpt>
    <trkpt lat="46.575059" lon="10.539213">
      <ele>0</ele>
      <time>2026-04-13T10:45:15.167Z</time>
    </trkpt>
    <trkpt lat="46.575014" lon="10.539115">
      <ele>0</ele>
      <time>2026-04-13T10:45:16.066Z</time>
    </trkpt>
    <trkpt lat="46.574768" lon="10.538477">
      <ele>0</ele>
      <time>2026-04-13T10:45:16.965Z</time>
    </trkpt>
    <trkpt lat="46.574234" lon="10.537096">
      <ele>0</ele>
      <time>2026-04-13T10:45:17.864Z</time>
    </trkpt>
    <trkpt lat="46.574007" lon="10.536526">
      <ele>0</ele>
      <time>2026-04-13T10:45:18.763Z</time>
    </trkpt>
    <trkpt lat="46.573328" lon="10.534837">
      <ele>0</ele>
      <time>2026-04-13T10:45:19.662Z</time>
    </trkpt>
    <trkpt lat="46.572977" lon="10.533945">
      <ele>0</ele>
      <time>2026-04-13T10:45:20.562Z</time>
    </trkpt>
    <trkpt lat="46.572782" lon="10.533503">
      <ele>0</ele>
      <time>2026-04-13T10:45:21.461Z</time>
    </trkpt>
    <trkpt lat="46.572627" lon="10.533208">
      <ele>0</ele>
      <time>2026-04-13T10:45:22.360Z</time>
    </trkpt>
    <trkpt lat="46.572325" lon="10.532635">
      <ele>0</ele>
      <time>2026-04-13T10:45:23.259Z</time>
    </trkpt>
    <trkpt lat="46.571957" lon="10.531977">
      <ele>0</ele>
      <time>2026-04-13T10:45:24.158Z</time>
    </trkpt>
    <trkpt lat="46.571590" lon="10.531301">
      <ele>0</ele>
      <time>2026-04-13T10:45:25.057Z</time>
    </trkpt>
    <trkpt lat="46.571331" lon="10.530769">
      <ele>0</ele>
      <time>2026-04-13T10:45:25.956Z</time>
    </trkpt>
    <trkpt lat="46.570973" lon="10.529946">
      <ele>0</ele>
      <time>2026-04-13T10:45:26.855Z</time>
    </trkpt>
    <trkpt lat="46.570912" lon="10.529771">
      <ele>0</ele>
      <time>2026-04-13T10:45:27.754Z</time>
    </trkpt>
    <trkpt lat="46.570859" lon="10.529594">
      <ele>0</ele>
      <time>2026-04-13T10:45:28.653Z</time>
    </trkpt>
    <trkpt lat="46.570703" lon="10.529009">
      <ele>0</ele>
      <time>2026-04-13T10:45:29.552Z</time>
    </trkpt>
    <trkpt lat="46.570620" lon="10.528709">
      <ele>0</ele>
      <time>2026-04-13T10:45:30.451Z</time>
    </trkpt>
    <trkpt lat="46.570532" lon="10.528454">
      <ele>0</ele>
      <time>2026-04-13T10:45:31.351Z</time>
    </trkpt>
    <trkpt lat="46.570170" lon="10.527751">
      <ele>0</ele>
      <time>2026-04-13T10:45:32.250Z</time>
    </trkpt>
    <trkpt lat="46.569968" lon="10.527374">
      <ele>0</ele>
      <time>2026-04-13T10:45:33.149Z</time>
    </trkpt>
    <trkpt lat="46.569863" lon="10.527154">
      <ele>0</ele>
      <time>2026-04-13T10:45:34.048Z</time>
    </trkpt>
    <trkpt lat="46.569779" lon="10.526942">
      <ele>0</ele>
      <time>2026-04-13T10:45:34.947Z</time>
    </trkpt>
    <trkpt lat="46.569725" lon="10.526728">
      <ele>0</ele>
      <time>2026-04-13T10:45:35.846Z</time>
    </trkpt>
    <trkpt lat="46.569698" lon="10.526504">
      <ele>0</ele>
      <time>2026-04-13T10:45:36.745Z</time>
    </trkpt>
    <trkpt lat="46.569638" lon="10.525836">
      <ele>0</ele>
      <time>2026-04-13T10:45:37.644Z</time>
    </trkpt>
    <trkpt lat="46.569588" lon="10.525398">
      <ele>0</ele>
      <time>2026-04-13T10:45:38.543Z</time>
    </trkpt>
    <trkpt lat="46.569503" lon="10.525010">
      <ele>0</ele>
      <time>2026-04-13T10:45:39.442Z</time>
    </trkpt>
    <trkpt lat="46.569349" lon="10.524645">
      <ele>0</ele>
      <time>2026-04-13T10:45:40.341Z</time>
    </trkpt>
    <trkpt lat="46.569137" lon="10.524205">
      <ele>0</ele>
      <time>2026-04-13T10:45:41.241Z</time>
    </trkpt>
    <trkpt lat="46.568951" lon="10.524012">
      <ele>0</ele>
      <time>2026-04-13T10:45:42.140Z</time>
    </trkpt>
    <trkpt lat="46.568810" lon="10.523853">
      <ele>0</ele>
      <time>2026-04-13T10:45:43.039Z</time>
    </trkpt>
    <trkpt lat="46.568521" lon="10.523674">
      <ele>0</ele>
      <time>2026-04-13T10:45:43.938Z</time>
    </trkpt>
    <trkpt lat="46.568230" lon="10.523495">
      <ele>0</ele>
      <time>2026-04-13T10:45:44.837Z</time>
    </trkpt>
    <trkpt lat="46.567898" lon="10.523230">
      <ele>0</ele>
      <time>2026-04-13T10:45:45.736Z</time>
    </trkpt>
    <trkpt lat="46.567532" lon="10.522916">
      <ele>0</ele>
      <time>2026-04-13T10:45:46.635Z</time>
    </trkpt>
    <trkpt lat="46.567261" lon="10.522680">
      <ele>0</ele>
      <time>2026-04-13T10:45:47.534Z</time>
    </trkpt>
    <trkpt lat="46.566890" lon="10.522422">
      <ele>0</ele>
      <time>2026-04-13T10:45:48.433Z</time>
    </trkpt>
    <trkpt lat="46.566877" lon="10.522401">
      <ele>0</ele>
      <time>2026-04-13T10:45:49.332Z</time>
    </trkpt>
    <trkpt lat="46.566864" lon="10.522362">
      <ele>0</ele>
      <time>2026-04-13T10:45:50.231Z</time>
    </trkpt>
    <trkpt lat="46.566862" lon="10.522320">
      <ele>0</ele>
      <time>2026-04-13T10:45:51.131Z</time>
    </trkpt>
    <trkpt lat="46.566874" lon="10.522286">
      <ele>0</ele>
      <time>2026-04-13T10:45:52.030Z</time>
    </trkpt>
    <trkpt lat="46.566892" lon="10.522269">
      <ele>0</ele>
      <time>2026-04-13T10:45:52.929Z</time>
    </trkpt>
    <trkpt lat="46.566918" lon="10.522265">
      <ele>0</ele>
      <time>2026-04-13T10:45:53.828Z</time>
    </trkpt>
    <trkpt lat="46.566942" lon="10.522279">
      <ele>0</ele>
      <time>2026-04-13T10:45:54.727Z</time>
    </trkpt>
    <trkpt lat="46.567065" lon="10.522417">
      <ele>0</ele>
      <time>2026-04-13T10:45:55.626Z</time>
    </trkpt>
    <trkpt lat="46.567330" lon="10.522611">
      <ele>0</ele>
      <time>2026-04-13T10:45:56.525Z</time>
    </trkpt>
    <trkpt lat="46.567435" lon="10.522718">
      <ele>0</ele>
      <time>2026-04-13T10:45:57.424Z</time>
    </trkpt>
    <trkpt lat="46.567468" lon="10.522722">
      <ele>0</ele>
      <time>2026-04-13T10:45:58.323Z</time>
    </trkpt>
    <trkpt lat="46.567489" lon="10.522710">
      <ele>0</ele>
      <time>2026-04-13T10:45:59.222Z</time>
    </trkpt>
    <trkpt lat="46.567507" lon="10.522688">
      <ele>0</ele>
      <time>2026-04-13T10:46:00.121Z</time>
    </trkpt>
    <trkpt lat="46.567516" lon="10.522660">
      <ele>0</ele>
      <time>2026-04-13T10:46:01.021Z</time>
    </trkpt>
    <trkpt lat="46.567511" lon="10.522608">
      <ele>0</ele>
      <time>2026-04-13T10:46:01.920Z</time>
    </trkpt>
    <trkpt lat="46.567491" lon="10.522573">
      <ele>0</ele>
      <time>2026-04-13T10:46:02.819Z</time>
    </trkpt>
    <trkpt lat="46.567190" lon="10.522313">
      <ele>0</ele>
      <time>2026-04-13T10:46:03.718Z</time>
    </trkpt>
    <trkpt lat="46.566610" lon="10.521774">
      <ele>0</ele>
      <time>2026-04-13T10:46:04.617Z</time>
    </trkpt>
    <trkpt lat="46.566419" lon="10.521596">
      <ele>0</ele>
      <time>2026-04-13T10:46:05.516Z</time>
    </trkpt>
    <trkpt lat="46.566299" lon="10.521491">
      <ele>0</ele>
      <time>2026-04-13T10:46:06.415Z</time>
    </trkpt>
    <trkpt lat="46.566207" lon="10.521383">
      <ele>0</ele>
      <time>2026-04-13T10:46:07.314Z</time>
    </trkpt>
    <trkpt lat="46.566113" lon="10.521219">
      <ele>0</ele>
      <time>2026-04-13T10:46:08.213Z</time>
    </trkpt>
    <trkpt lat="46.566049" lon="10.521142">
      <ele>0</ele>
      <time>2026-04-13T10:46:09.112Z</time>
    </trkpt>
    <trkpt lat="46.566019" lon="10.521119">
      <ele>0</ele>
      <time>2026-04-13T10:46:10.011Z</time>
    </trkpt>
    <trkpt lat="46.565978" lon="10.521100">
      <ele>0</ele>
      <time>2026-04-13T10:46:10.910Z</time>
    </trkpt>
    <trkpt lat="46.565760" lon="10.521075">
      <ele>0</ele>
      <time>2026-04-13T10:46:11.810Z</time>
    </trkpt>
    <trkpt lat="46.565711" lon="10.521066">
      <ele>0</ele>
      <time>2026-04-13T10:46:12.709Z</time>
    </trkpt>
    <trkpt lat="46.565662" lon="10.521042">
      <ele>0</ele>
      <time>2026-04-13T10:46:13.608Z</time>
    </trkpt>
    <trkpt lat="46.565577" lon="10.520961">
      <ele>0</ele>
      <time>2026-04-13T10:46:14.507Z</time>
    </trkpt>
    <trkpt lat="46.565118" lon="10.520315">
      <ele>0</ele>
      <time>2026-04-13T10:46:15.406Z</time>
    </trkpt>
    <trkpt lat="46.565050" lon="10.520232">
      <ele>0</ele>
      <time>2026-04-13T10:46:16.305Z</time>
    </trkpt>
    <trkpt lat="46.564980" lon="10.520159">
      <ele>0</ele>
      <time>2026-04-13T10:46:17.204Z</time>
    </trkpt>
    <trkpt lat="46.564911" lon="10.520097">
      <ele>0</ele>
      <time>2026-04-13T10:46:18.103Z</time>
    </trkpt>
    <trkpt lat="46.564734" lon="10.519981">
      <ele>0</ele>
      <time>2026-04-13T10:46:19.002Z</time>
    </trkpt>
    <trkpt lat="46.564368" lon="10.519753">
      <ele>0</ele>
      <time>2026-04-13T10:46:19.901Z</time>
    </trkpt>
    <trkpt lat="46.564137" lon="10.519620">
      <ele>0</ele>
      <time>2026-04-13T10:46:20.800Z</time>
    </trkpt>
    <trkpt lat="46.564012" lon="10.519515">
      <ele>0</ele>
      <time>2026-04-13T10:46:21.700Z</time>
    </trkpt>
    <trkpt lat="46.563826" lon="10.519333">
      <ele>0</ele>
      <time>2026-04-13T10:46:22.599Z</time>
    </trkpt>
    <trkpt lat="46.563690" lon="10.519264">
      <ele>0</ele>
      <time>2026-04-13T10:46:23.498Z</time>
    </trkpt>
    <trkpt lat="46.563518" lon="10.519226">
      <ele>0</ele>
      <time>2026-04-13T10:46:24.397Z</time>
    </trkpt>
    <trkpt lat="46.563403" lon="10.519160">
      <ele>0</ele>
      <time>2026-04-13T10:46:25.296Z</time>
    </trkpt>
    <trkpt lat="46.563286" lon="10.519054">
      <ele>0</ele>
      <time>2026-04-13T10:46:26.195Z</time>
    </trkpt>
    <trkpt lat="46.563186" lon="10.518915">
      <ele>0</ele>
      <time>2026-04-13T10:46:27.094Z</time>
    </trkpt>
    <trkpt lat="46.563058" lon="10.518680">
      <ele>0</ele>
      <time>2026-04-13T10:46:27.993Z</time>
    </trkpt>
    <trkpt lat="46.562923" lon="10.518533">
      <ele>0</ele>
      <time>2026-04-13T10:46:28.892Z</time>
    </trkpt>
    <trkpt lat="46.562754" lon="10.518457">
      <ele>0</ele>
      <time>2026-04-13T10:46:29.791Z</time>
    </trkpt>
    <trkpt lat="46.562359" lon="10.518321">
      <ele>0</ele>
      <time>2026-04-13T10:46:30.690Z</time>
    </trkpt>
    <trkpt lat="46.562262" lon="10.518268">
      <ele>0</ele>
      <time>2026-04-13T10:46:31.590Z</time>
    </trkpt>
    <trkpt lat="46.562187" lon="10.518125">
      <ele>0</ele>
      <time>2026-04-13T10:46:32.489Z</time>
    </trkpt>
    <trkpt lat="46.562000" lon="10.517616">
      <ele>0</ele>
      <time>2026-04-13T10:46:33.388Z</time>
    </trkpt>
    <trkpt lat="46.561736" lon="10.517122">
      <ele>0</ele>
      <time>2026-04-13T10:46:34.287Z</time>
    </trkpt>
    <trkpt lat="46.561560" lon="10.516749">
      <ele>0</ele>
      <time>2026-04-13T10:46:35.186Z</time>
    </trkpt>
    <trkpt lat="46.561462" lon="10.516485">
      <ele>0</ele>
      <time>2026-04-13T10:46:36.085Z</time>
    </trkpt>
    <trkpt lat="46.561428" lon="10.516366">
      <ele>0</ele>
      <time>2026-04-13T10:46:36.984Z</time>
    </trkpt>
    <trkpt lat="46.561369" lon="10.516216">
      <ele>0</ele>
      <time>2026-04-13T10:46:37.883Z</time>
    </trkpt>
    <trkpt lat="46.561207" lon="10.515956">
      <ele>0</ele>
      <time>2026-04-13T10:46:38.782Z</time>
    </trkpt>
    <trkpt lat="46.561064" lon="10.515754">
      <ele>0</ele>
      <time>2026-04-13T10:46:39.681Z</time>
    </trkpt>
    <trkpt lat="46.560956" lon="10.515620">
      <ele>0</ele>
      <time>2026-04-13T10:46:40.580Z</time>
    </trkpt>
    <trkpt lat="46.560841" lon="10.515532">
      <ele>0</ele>
      <time>2026-04-13T10:46:41.480Z</time>
    </trkpt>
    <trkpt lat="46.560669" lon="10.515445">
      <ele>0</ele>
      <time>2026-04-13T10:46:42.379Z</time>
    </trkpt>
    <trkpt lat="46.560497" lon="10.515366">
      <ele>0</ele>
      <time>2026-04-13T10:46:43.278Z</time>
    </trkpt>
    <trkpt lat="46.560412" lon="10.515336">
      <ele>0</ele>
      <time>2026-04-13T10:46:44.177Z</time>
    </trkpt>
    <trkpt lat="46.560123" lon="10.515330">
      <ele>0</ele>
      <time>2026-04-13T10:46:45.076Z</time>
    </trkpt>
    <trkpt lat="46.559874" lon="10.515344">
      <ele>0</ele>
      <time>2026-04-13T10:46:45.975Z</time>
    </trkpt>
    <trkpt lat="46.559751" lon="10.515352">
      <ele>0</ele>
      <time>2026-04-13T10:46:46.874Z</time>
    </trkpt>
    <trkpt lat="46.559461" lon="10.515337">
      <ele>0</ele>
      <time>2026-04-13T10:46:47.773Z</time>
    </trkpt>
    <trkpt lat="46.559183" lon="10.515307">
      <ele>0</ele>
      <time>2026-04-13T10:46:48.672Z</time>
    </trkpt>
    <trkpt lat="46.558971" lon="10.515276">
      <ele>0</ele>
      <time>2026-04-13T10:46:49.571Z</time>
    </trkpt>
    <trkpt lat="46.558861" lon="10.515258">
      <ele>0</ele>
      <time>2026-04-13T10:46:50.470Z</time>
    </trkpt>
    <trkpt lat="46.558763" lon="10.515223">
      <ele>0</ele>
      <time>2026-04-13T10:46:51.369Z</time>
    </trkpt>
    <trkpt lat="46.558537" lon="10.515114">
      <ele>0</ele>
      <time>2026-04-13T10:46:52.269Z</time>
    </trkpt>
    <trkpt lat="46.558187" lon="10.514913">
      <ele>0</ele>
      <time>2026-04-13T10:46:53.168Z</time>
    </trkpt>
    <trkpt lat="46.557817" lon="10.514768">
      <ele>0</ele>
      <time>2026-04-13T10:46:54.067Z</time>
    </trkpt>
    <trkpt lat="46.557692" lon="10.514699">
      <ele>0</ele>
      <time>2026-04-13T10:46:54.966Z</time>
    </trkpt>
    <trkpt lat="46.557575" lon="10.514614">
      <ele>0</ele>
      <time>2026-04-13T10:46:55.865Z</time>
    </trkpt>
    <trkpt lat="46.557559" lon="10.514600">
      <ele>0</ele>
      <time>2026-04-13T10:46:56.764Z</time>
    </trkpt>
    <trkpt lat="46.557505" lon="10.514557">
      <ele>0</ele>
      <time>2026-04-13T10:46:57.663Z</time>
    </trkpt>
    <trkpt lat="46.557445" lon="10.514505">
      <ele>0</ele>
      <time>2026-04-13T10:46:58.562Z</time>
    </trkpt>
    <trkpt lat="46.557396" lon="10.514465">
      <ele>0</ele>
      <time>2026-04-13T10:46:59.461Z</time>
    </trkpt>
    <trkpt lat="46.557345" lon="10.514428">
      <ele>0</ele>
      <time>2026-04-13T10:47:00.360Z</time>
    </trkpt>
    <trkpt lat="46.557294" lon="10.514396">
      <ele>0</ele>
      <time>2026-04-13T10:47:01.259Z</time>
    </trkpt>
    <trkpt lat="46.557252" lon="10.514375">
      <ele>0</ele>
      <time>2026-04-13T10:47:02.159Z</time>
    </trkpt>
    <trkpt lat="46.557211" lon="10.514350">
      <ele>0</ele>
      <time>2026-04-13T10:47:03.058Z</time>
    </trkpt>
    <trkpt lat="46.557138" lon="10.514308">
      <ele>0</ele>
      <time>2026-04-13T10:47:03.957Z</time>
    </trkpt>
    <trkpt lat="46.557063" lon="10.514265">
      <ele>0</ele>
      <time>2026-04-13T10:47:04.856Z</time>
    </trkpt>
    <trkpt lat="46.556967" lon="10.514202">
      <ele>0</ele>
      <time>2026-04-13T10:47:05.755Z</time>
    </trkpt>
    <trkpt lat="46.556873" lon="10.514141">
      <ele>0</ele>
      <time>2026-04-13T10:47:06.654Z</time>
    </trkpt>
    <trkpt lat="46.556816" lon="10.514100">
      <ele>0</ele>
      <time>2026-04-13T10:47:07.553Z</time>
    </trkpt>
    <trkpt lat="46.556720" lon="10.514038">
      <ele>0</ele>
      <time>2026-04-13T10:47:08.452Z</time>
    </trkpt>
    <trkpt lat="46.556648" lon="10.513994">
      <ele>0</ele>
      <time>2026-04-13T10:47:09.351Z</time>
    </trkpt>
    <trkpt lat="46.556594" lon="10.513958">
      <ele>0</ele>
      <time>2026-04-13T10:47:10.250Z</time>
    </trkpt>
    <trkpt lat="46.556551" lon="10.513927">
      <ele>0</ele>
      <time>2026-04-13T10:47:11.149Z</time>
    </trkpt>
    <trkpt lat="46.556480" lon="10.513868">
      <ele>0</ele>
      <time>2026-04-13T10:47:12.049Z</time>
    </trkpt>
    <trkpt lat="46.556395" lon="10.513797">
      <ele>0</ele>
      <time>2026-04-13T10:47:12.948Z</time>
    </trkpt>
    <trkpt lat="46.556293" lon="10.513709">
      <ele>0</ele>
      <time>2026-04-13T10:47:13.847Z</time>
    </trkpt>
    <trkpt lat="46.556216" lon="10.513630">
      <ele>0</ele>
      <time>2026-04-13T10:47:14.746Z</time>
    </trkpt>
    <trkpt lat="46.556078" lon="10.513489">
      <ele>0</ele>
      <time>2026-04-13T10:47:15.645Z</time>
    </trkpt>
    <trkpt lat="46.555968" lon="10.513379">
      <ele>0</ele>
      <time>2026-04-13T10:47:16.544Z</time>
    </trkpt>
    <trkpt lat="46.555847" lon="10.513235">
      <ele>0</ele>
      <time>2026-04-13T10:47:17.443Z</time>
    </trkpt>
    <trkpt lat="46.555778" lon="10.513141">
      <ele>0</ele>
      <time>2026-04-13T10:47:18.342Z</time>
    </trkpt>
    <trkpt lat="46.555705" lon="10.513048">
      <ele>0</ele>
      <time>2026-04-13T10:47:19.241Z</time>
    </trkpt>
    <trkpt lat="46.555658" lon="10.512991">
      <ele>0</ele>
      <time>2026-04-13T10:47:20.140Z</time>
    </trkpt>
    <trkpt lat="46.555594" lon="10.512941">
      <ele>0</ele>
      <time>2026-04-13T10:47:21.039Z</time>
    </trkpt>
    <trkpt lat="46.555514" lon="10.512897">
      <ele>0</ele>
      <time>2026-04-13T10:47:21.939Z</time>
    </trkpt>
    <trkpt lat="46.555410" lon="10.512836">
      <ele>0</ele>
      <time>2026-04-13T10:47:22.838Z</time>
    </trkpt>
    <trkpt lat="46.555338" lon="10.512793">
      <ele>0</ele>
      <time>2026-04-13T10:47:23.737Z</time>
    </trkpt>
    <trkpt lat="46.555265" lon="10.512749">
      <ele>0</ele>
      <time>2026-04-13T10:47:24.636Z</time>
    </trkpt>
    <trkpt lat="46.555201" lon="10.512715">
      <ele>0</ele>
      <time>2026-04-13T10:47:25.535Z</time>
    </trkpt>
    <trkpt lat="46.555171" lon="10.512702">
      <ele>0</ele>
      <time>2026-04-13T10:47:26.434Z</time>
    </trkpt>
    <trkpt lat="46.555141" lon="10.512692">
      <ele>0</ele>
      <time>2026-04-13T10:47:27.333Z</time>
    </trkpt>
    <trkpt lat="46.555060" lon="10.512661">
      <ele>0</ele>
      <time>2026-04-13T10:47:28.232Z</time>
    </trkpt>
    <trkpt lat="46.554989" lon="10.512645">
      <ele>0</ele>
      <time>2026-04-13T10:47:29.131Z</time>
    </trkpt>
    <trkpt lat="46.554902" lon="10.512631">
      <ele>0</ele>
      <time>2026-04-13T10:47:30.030Z</time>
    </trkpt>
    <trkpt lat="46.554844" lon="10.512621">
      <ele>0</ele>
      <time>2026-04-13T10:47:30.929Z</time>
    </trkpt>
    <trkpt lat="46.554786" lon="10.512609">
      <ele>0</ele>
      <time>2026-04-13T10:47:31.828Z</time>
    </trkpt>
    <trkpt lat="46.554724" lon="10.512588">
      <ele>0</ele>
      <time>2026-04-13T10:47:32.728Z</time>
    </trkpt>
    <trkpt lat="46.554682" lon="10.512571">
      <ele>0</ele>
      <time>2026-04-13T10:47:33.627Z</time>
    </trkpt>
    <trkpt lat="46.554640" lon="10.512549">
      <ele>0</ele>
      <time>2026-04-13T10:47:34.526Z</time>
    </trkpt>
    <trkpt lat="46.554595" lon="10.512513">
      <ele>0</ele>
      <time>2026-04-13T10:47:35.425Z</time>
    </trkpt>
    <trkpt lat="46.554555" lon="10.512470">
      <ele>0</ele>
      <time>2026-04-13T10:47:36.324Z</time>
    </trkpt>
    <trkpt lat="46.554516" lon="10.512411">
      <ele>0</ele>
      <time>2026-04-13T10:47:37.223Z</time>
    </trkpt>
    <trkpt lat="46.554469" lon="10.512336">
      <ele>0</ele>
      <time>2026-04-13T10:47:38.122Z</time>
    </trkpt>
    <trkpt lat="46.554421" lon="10.512252">
      <ele>0</ele>
      <time>2026-04-13T10:47:39.021Z</time>
    </trkpt>
    <trkpt lat="46.554361" lon="10.512159">
      <ele>0</ele>
      <time>2026-04-13T10:47:39.920Z</time>
    </trkpt>
    <trkpt lat="46.554274" lon="10.512045">
      <ele>0</ele>
      <time>2026-04-13T10:47:40.819Z</time>
    </trkpt>
    <trkpt lat="46.554124" lon="10.511888">
      <ele>0</ele>
      <time>2026-04-13T10:47:41.718Z</time>
    </trkpt>
    <trkpt lat="46.554039" lon="10.511808">
      <ele>0</ele>
      <time>2026-04-13T10:47:42.618Z</time>
    </trkpt>
    <trkpt lat="46.553951" lon="10.511736">
      <ele>0</ele>
      <time>2026-04-13T10:47:43.517Z</time>
    </trkpt>
    <trkpt lat="46.553836" lon="10.511663">
      <ele>0</ele>
      <time>2026-04-13T10:47:44.416Z</time>
    </trkpt>
    <trkpt lat="46.553773" lon="10.511633">
      <ele>0</ele>
      <time>2026-04-13T10:47:45.315Z</time>
    </trkpt>
    <trkpt lat="46.553525" lon="10.511554">
      <ele>0</ele>
      <time>2026-04-13T10:47:46.214Z</time>
    </trkpt>
    <trkpt lat="46.553427" lon="10.511515">
      <ele>0</ele>
      <time>2026-04-13T10:47:47.113Z</time>
    </trkpt>
    <trkpt lat="46.553382" lon="10.511489">
      <ele>0</ele>
      <time>2026-04-13T10:47:48.012Z</time>
    </trkpt>
    <trkpt lat="46.553318" lon="10.511452">
      <ele>0</ele>
      <time>2026-04-13T10:47:48.911Z</time>
    </trkpt>
    <trkpt lat="46.553218" lon="10.511378">
      <ele>0</ele>
      <time>2026-04-13T10:47:49.810Z</time>
    </trkpt>
    <trkpt lat="46.553101" lon="10.511278">
      <ele>0</ele>
      <time>2026-04-13T10:47:50.709Z</time>
    </trkpt>
    <trkpt lat="46.553064" lon="10.511247">
      <ele>0</ele>
      <time>2026-04-13T10:47:51.608Z</time>
    </trkpt>
    <trkpt lat="46.553009" lon="10.511201">
      <ele>0</ele>
      <time>2026-04-13T10:47:52.508Z</time>
    </trkpt>
    <trkpt lat="46.552875" lon="10.511086">
      <ele>0</ele>
      <time>2026-04-13T10:47:53.407Z</time>
    </trkpt>
    <trkpt lat="46.552811" lon="10.511034">
      <ele>0</ele>
      <time>2026-04-13T10:47:54.306Z</time>
    </trkpt>
    <trkpt lat="46.552757" lon="10.510998">
      <ele>0</ele>
      <time>2026-04-13T10:47:55.205Z</time>
    </trkpt>
    <trkpt lat="46.552703" lon="10.510977">
      <ele>0</ele>
      <time>2026-04-13T10:47:56.104Z</time>
    </trkpt>
    <trkpt lat="46.552654" lon="10.510969">
      <ele>0</ele>
      <time>2026-04-13T10:47:57.003Z</time>
    </trkpt>
    <trkpt lat="46.552555" lon="10.510964">
      <ele>0</ele>
      <time>2026-04-13T10:47:57.902Z</time>
    </trkpt>
    <trkpt lat="46.552390" lon="10.510950">
      <ele>0</ele>
      <time>2026-04-13T10:47:58.801Z</time>
    </trkpt>
    <trkpt lat="46.552309" lon="10.510939">
      <ele>0</ele>
      <time>2026-04-13T10:47:59.700Z</time>
    </trkpt>
    <trkpt lat="46.552244" lon="10.510923">
      <ele>0</ele>
      <time>2026-04-13T10:48:00.599Z</time>
    </trkpt>
    <trkpt lat="46.552177" lon="10.510896">
      <ele>0</ele>
      <time>2026-04-13T10:48:01.498Z</time>
    </trkpt>
    <trkpt lat="46.552101" lon="10.510852">
      <ele>0</ele>
      <time>2026-04-13T10:48:02.397Z</time>
    </trkpt>
    <trkpt lat="46.552042" lon="10.510817">
      <ele>0</ele>
      <time>2026-04-13T10:48:03.297Z</time>
    </trkpt>
    <trkpt lat="46.551951" lon="10.510777">
      <ele>0</ele>
      <time>2026-04-13T10:48:04.196Z</time>
    </trkpt>
    <trkpt lat="46.551865" lon="10.510750">
      <ele>0</ele>
      <time>2026-04-13T10:48:05.095Z</time>
    </trkpt>
    <trkpt lat="46.551703" lon="10.510714">
      <ele>0</ele>
      <time>2026-04-13T10:48:05.994Z</time>
    </trkpt>
    <trkpt lat="46.551554" lon="10.510682">
      <ele>0</ele>
      <time>2026-04-13T10:48:06.893Z</time>
    </trkpt>
    <trkpt lat="46.551440" lon="10.510648">
      <ele>0</ele>
      <time>2026-04-13T10:48:07.792Z</time>
    </trkpt>
    <trkpt lat="46.551376" lon="10.510622">
      <ele>0</ele>
      <time>2026-04-13T10:48:08.691Z</time>
    </trkpt>
    <trkpt lat="46.551302" lon="10.510579">
      <ele>0</ele>
      <time>2026-04-13T10:48:09.590Z</time>
    </trkpt>
    <trkpt lat="46.551003" lon="10.510360">
      <ele>0</ele>
      <time>2026-04-13T10:48:10.489Z</time>
    </trkpt>
    <trkpt lat="46.550957" lon="10.510323">
      <ele>0</ele>
      <time>2026-04-13T10:48:11.388Z</time>
    </trkpt>
    <trkpt lat="46.550902" lon="10.510282">
      <ele>0</ele>
      <time>2026-04-13T10:48:12.287Z</time>
    </trkpt>
    <trkpt lat="46.550778" lon="10.510205">
      <ele>0</ele>
      <time>2026-04-13T10:48:13.187Z</time>
    </trkpt>
    <trkpt lat="46.550670" lon="10.510157">
      <ele>0</ele>
      <time>2026-04-13T10:48:14.086Z</time>
    </trkpt>
    <trkpt lat="46.550668" lon="10.510156">
      <ele>0</ele>
      <time>2026-04-13T10:48:14.985Z</time>
    </trkpt>
    <trkpt lat="46.550665" lon="10.510155">
      <ele>0</ele>
      <time>2026-04-13T10:48:15.884Z</time>
    </trkpt>
    <trkpt lat="46.550662" lon="10.510152">
      <ele>0</ele>
      <time>2026-04-13T10:48:16.783Z</time>
    </trkpt>
    <trkpt lat="46.550658" lon="10.510149">
      <ele>0</ele>
      <time>2026-04-13T10:48:17.682Z</time>
    </trkpt>
    <trkpt lat="46.550653" lon="10.510146">
      <ele>0</ele>
      <time>2026-04-13T10:48:18.581Z</time>
    </trkpt>
    <trkpt lat="46.550648" lon="10.510141">
      <ele>0</ele>
      <time>2026-04-13T10:48:19.480Z</time>
    </trkpt>
    <trkpt lat="46.550642" lon="10.510136">
      <ele>0</ele>
      <time>2026-04-13T10:48:20.379Z</time>
    </trkpt>
    <trkpt lat="46.550636" lon="10.510129">
      <ele>0</ele>
      <time>2026-04-13T10:48:21.278Z</time>
    </trkpt>
    <trkpt lat="46.550629" lon="10.510122">
      <ele>0</ele>
      <time>2026-04-13T10:48:22.177Z</time>
    </trkpt>
    <trkpt lat="46.550623" lon="10.510114">
      <ele>0</ele>
      <time>2026-04-13T10:48:23.077Z</time>
    </trkpt>
    <trkpt lat="46.550616" lon="10.510105">
      <ele>0</ele>
      <time>2026-04-13T10:48:23.976Z</time>
    </trkpt>
    <trkpt lat="46.550610" lon="10.510094">
      <ele>0</ele>
      <time>2026-04-13T10:48:24.875Z</time>
    </trkpt>
    <trkpt lat="46.550604" lon="10.510083">
      <ele>0</ele>
      <time>2026-04-13T10:48:25.774Z</time>
    </trkpt>
    <trkpt lat="46.550598" lon="10.510071">
      <ele>0</ele>
      <time>2026-04-13T10:48:26.673Z</time>
    </trkpt>
    <trkpt lat="46.550593" lon="10.510058">
      <ele>0</ele>
      <time>2026-04-13T10:48:27.572Z</time>
    </trkpt>
    <trkpt lat="46.550588" lon="10.510043">
      <ele>0</ele>
      <time>2026-04-13T10:48:28.471Z</time>
    </trkpt>
    <trkpt lat="46.550583" lon="10.510027">
      <ele>0</ele>
      <time>2026-04-13T10:48:29.370Z</time>
    </trkpt>
    <trkpt lat="46.550580" lon="10.510010">
      <ele>0</ele>
      <time>2026-04-13T10:48:30.269Z</time>
    </trkpt>
    <trkpt lat="46.550577" lon="10.509992">
      <ele>0</ele>
      <time>2026-04-13T10:48:31.168Z</time>
    </trkpt>
    <trkpt lat="46.550575" lon="10.509974">
      <ele>0</ele>
      <time>2026-04-13T10:48:32.067Z</time>
    </trkpt>
    <trkpt lat="46.550575" lon="10.509956">
      <ele>0</ele>
      <time>2026-04-13T10:48:32.967Z</time>
    </trkpt>
    <trkpt lat="46.550577" lon="10.509940">
      <ele>0</ele>
      <time>2026-04-13T10:48:33.866Z</time>
    </trkpt>
    <trkpt lat="46.550580" lon="10.509925">
      <ele>0</ele>
      <time>2026-04-13T10:48:34.765Z</time>
    </trkpt>
    <trkpt lat="46.550584" lon="10.509911">
      <ele>0</ele>
      <time>2026-04-13T10:48:35.664Z</time>
    </trkpt>
    <trkpt lat="46.550589" lon="10.509898">
      <ele>0</ele>
      <time>2026-04-13T10:48:36.563Z</time>
    </trkpt>
    <trkpt lat="46.550591" lon="10.509892">
      <ele>0</ele>
      <time>2026-04-13T10:48:37.462Z</time>
    </trkpt>
    <trkpt lat="46.550594" lon="10.509886">
      <ele>0</ele>
      <time>2026-04-13T10:48:38.361Z</time>
    </trkpt>
    <trkpt lat="46.550601" lon="10.509875">
      <ele>0</ele>
      <time>2026-04-13T10:48:39.260Z</time>
    </trkpt>
    <trkpt lat="46.550608" lon="10.509865">
      <ele>0</ele>
      <time>2026-04-13T10:48:40.159Z</time>
    </trkpt>
    <trkpt lat="46.550615" lon="10.509855">
      <ele>0</ele>
      <time>2026-04-13T10:48:41.058Z</time>
    </trkpt>
    <trkpt lat="46.550622" lon="10.509847">
      <ele>0</ele>
      <time>2026-04-13T10:48:41.957Z</time>
    </trkpt>
    <trkpt lat="46.550630" lon="10.509840">
      <ele>0</ele>
      <time>2026-04-13T10:48:42.856Z</time>
    </trkpt>
    <trkpt lat="46.550637" lon="10.509833">
      <ele>0</ele>
      <time>2026-04-13T10:48:43.756Z</time>
    </trkpt>
    <trkpt lat="46.550645" lon="10.509828">
      <ele>0</ele>
      <time>2026-04-13T10:48:44.655Z</time>
    </trkpt>
    <trkpt lat="46.550651" lon="10.509823">
      <ele>0</ele>
      <time>2026-04-13T10:48:45.554Z</time>
    </trkpt>
    <trkpt lat="46.550658" lon="10.509819">
      <ele>0</ele>
      <time>2026-04-13T10:48:46.453Z</time>
    </trkpt>
    <trkpt lat="46.550663" lon="10.509816">
      <ele>0</ele>
      <time>2026-04-13T10:48:47.352Z</time>
    </trkpt>
    <trkpt lat="46.550668" lon="10.509814">
      <ele>0</ele>
      <time>2026-04-13T10:48:48.251Z</time>
    </trkpt>
    <trkpt lat="46.550672" lon="10.509812">
      <ele>0</ele>
      <time>2026-04-13T10:48:49.150Z</time>
    </trkpt>
    <trkpt lat="46.550674" lon="10.509812">
      <ele>0</ele>
      <time>2026-04-13T10:48:50.049Z</time>
    </trkpt>
    <trkpt lat="46.550715" lon="10.509804">
      <ele>0</ele>
      <time>2026-04-13T10:48:50.948Z</time>
    </trkpt>
    <trkpt lat="46.550827" lon="10.509791">
      <ele>0</ele>
      <time>2026-04-13T10:48:51.847Z</time>
    </trkpt>
    <trkpt lat="46.550880" lon="10.509781">
      <ele>0</ele>
      <time>2026-04-13T10:48:52.746Z</time>
    </trkpt>
    <trkpt lat="46.550963" lon="10.509760">
      <ele>0</ele>
      <time>2026-04-13T10:48:53.646Z</time>
    </trkpt>
    <trkpt lat="46.551001" lon="10.509750">
      <ele>0</ele>
      <time>2026-04-13T10:48:54.545Z</time>
    </trkpt>
    <trkpt lat="46.551075" lon="10.509726">
      <ele>0</ele>
      <time>2026-04-13T10:48:55.444Z</time>
    </trkpt>
    <trkpt lat="46.551144" lon="10.509702">
      <ele>0</ele>
      <time>2026-04-13T10:48:56.343Z</time>
    </trkpt>
    <trkpt lat="46.551188" lon="10.509690">
      <ele>0</ele>
      <time>2026-04-13T10:48:57.242Z</time>
    </trkpt>
    <trkpt lat="46.551277" lon="10.509667">
      <ele>0</ele>
      <time>2026-04-13T10:48:58.141Z</time>
    </trkpt>
    <trkpt lat="46.551406" lon="10.509645">
      <ele>0</ele>
      <time>2026-04-13T10:48:59.040Z</time>
    </trkpt>
    <trkpt lat="46.551499" lon="10.509641">
      <ele>0</ele>
      <time>2026-04-13T10:48:59.939Z</time>
    </trkpt>
    <trkpt lat="46.551573" lon="10.509644">
      <ele>0</ele>
      <time>2026-04-13T10:49:00.838Z</time>
    </trkpt>
    <trkpt lat="46.551646" lon="10.509654">
      <ele>0</ele>
      <time>2026-04-13T10:49:01.737Z</time>
    </trkpt>
    <trkpt lat="46.551721" lon="10.509669">
      <ele>0</ele>
      <time>2026-04-13T10:49:02.636Z</time>
    </trkpt>
    <trkpt lat="46.551780" lon="10.509685">
      <ele>0</ele>
      <time>2026-04-13T10:49:03.536Z</time>
    </trkpt>
    <trkpt lat="46.551848" lon="10.509707">
      <ele>0</ele>
      <time>2026-04-13T10:49:04.435Z</time>
    </trkpt>
    <trkpt lat="46.551851" lon="10.509708">
      <ele>0</ele>
      <time>2026-04-13T10:49:05.334Z</time>
    </trkpt>
    <trkpt lat="46.551854" lon="10.509708">
      <ele>0</ele>
      <time>2026-04-13T10:49:06.233Z</time>
    </trkpt>
    <trkpt lat="46.551857" lon="10.509708">
      <ele>0</ele>
      <time>2026-04-13T10:49:07.132Z</time>
    </trkpt>
    <trkpt lat="46.551860" lon="10.509708">
      <ele>0</ele>
      <time>2026-04-13T10:49:08.031Z</time>
    </trkpt>
    <trkpt lat="46.551863" lon="10.509708">
      <ele>0</ele>
      <time>2026-04-13T10:49:08.930Z</time>
    </trkpt>
    <trkpt lat="46.551867" lon="10.509707">
      <ele>0</ele>
      <time>2026-04-13T10:49:09.829Z</time>
    </trkpt>
    <trkpt lat="46.551871" lon="10.509706">
      <ele>0</ele>
      <time>2026-04-13T10:49:10.728Z</time>
    </trkpt>
    <trkpt lat="46.551875" lon="10.509705">
      <ele>0</ele>
      <time>2026-04-13T10:49:11.627Z</time>
    </trkpt>
    <trkpt lat="46.551880" lon="10.509703">
      <ele>0</ele>
      <time>2026-04-13T10:49:12.526Z</time>
    </trkpt>
    <trkpt lat="46.551884" lon="10.509700">
      <ele>0</ele>
      <time>2026-04-13T10:49:13.426Z</time>
    </trkpt>
    <trkpt lat="46.551889" lon="10.509696">
      <ele>0</ele>
      <time>2026-04-13T10:49:14.325Z</time>
    </trkpt>
    <trkpt lat="46.551893" lon="10.509692">
      <ele>0</ele>
      <time>2026-04-13T10:49:15.224Z</time>
    </trkpt>
    <trkpt lat="46.551898" lon="10.509687">
      <ele>0</ele>
      <time>2026-04-13T10:49:16.123Z</time>
    </trkpt>
    <trkpt lat="46.551902" lon="10.509681">
      <ele>0</ele>
      <time>2026-04-13T10:49:17.022Z</time>
    </trkpt>
    <trkpt lat="46.551907" lon="10.509674">
      <ele>0</ele>
      <time>2026-04-13T10:49:17.921Z</time>
    </trkpt>
    <trkpt lat="46.551911" lon="10.509666">
      <ele>0</ele>
      <time>2026-04-13T10:49:18.820Z</time>
    </trkpt>
    <trkpt lat="46.551916" lon="10.509657">
      <ele>0</ele>
      <time>2026-04-13T10:49:19.719Z</time>
    </trkpt>
    <trkpt lat="46.551919" lon="10.509647">
      <ele>0</ele>
      <time>2026-04-13T10:49:20.618Z</time>
    </trkpt>
    <trkpt lat="46.551922" lon="10.509638">
      <ele>0</ele>
      <time>2026-04-13T10:49:21.517Z</time>
    </trkpt>
    <trkpt lat="46.551923" lon="10.509629">
      <ele>0</ele>
      <time>2026-04-13T10:49:22.416Z</time>
    </trkpt>
    <trkpt lat="46.551924" lon="10.509620">
      <ele>0</ele>
      <time>2026-04-13T10:49:23.315Z</time>
    </trkpt>
    <trkpt lat="46.551924" lon="10.509612">
      <ele>0</ele>
      <time>2026-04-13T10:49:24.215Z</time>
    </trkpt>
    <trkpt lat="46.551923" lon="10.509604">
      <ele>0</ele>
      <time>2026-04-13T10:49:25.114Z</time>
    </trkpt>
    <trkpt lat="46.551921" lon="10.509596">
      <ele>0</ele>
      <time>2026-04-13T10:49:26.013Z</time>
    </trkpt>
    <trkpt lat="46.551920" lon="10.509589">
      <ele>0</ele>
      <time>2026-04-13T10:49:26.912Z</time>
    </trkpt>
    <trkpt lat="46.551918" lon="10.509582">
      <ele>0</ele>
      <time>2026-04-13T10:49:27.811Z</time>
    </trkpt>
    <trkpt lat="46.551915" lon="10.509575">
      <ele>0</ele>
      <time>2026-04-13T10:49:28.710Z</time>
    </trkpt>
    <trkpt lat="46.551912" lon="10.509570">
      <ele>0</ele>
      <time>2026-04-13T10:49:29.609Z</time>
    </trkpt>
    <trkpt lat="46.551909" lon="10.509564">
      <ele>0</ele>
      <time>2026-04-13T10:49:30.508Z</time>
    </trkpt>
    <trkpt lat="46.551907" lon="10.509559">
      <ele>0</ele>
      <time>2026-04-13T10:49:31.407Z</time>
    </trkpt>
    <trkpt lat="46.551904" lon="10.509555">
      <ele>0</ele>
      <time>2026-04-13T10:49:32.306Z</time>
    </trkpt>
    <trkpt lat="46.551901" lon="10.509551">
      <ele>0</ele>
      <time>2026-04-13T10:49:33.205Z</time>
    </trkpt>
    <trkpt lat="46.551899" lon="10.509548">
      <ele>0</ele>
      <time>2026-04-13T10:49:34.105Z</time>
    </trkpt>
    <trkpt lat="46.551897" lon="10.509546">
      <ele>0</ele>
      <time>2026-04-13T10:49:35.004Z</time>
    </trkpt>
    <trkpt lat="46.551894" lon="10.509543">
      <ele>0</ele>
      <time>2026-04-13T10:49:35.903Z</time>
    </trkpt>
    <trkpt lat="46.551875" lon="10.509527">
      <ele>0</ele>
      <time>2026-04-13T10:49:36.802Z</time>
    </trkpt>
    <trkpt lat="46.551843" lon="10.509515">
      <ele>0</ele>
      <time>2026-04-13T10:49:37.701Z</time>
    </trkpt>
    <trkpt lat="46.551800" lon="10.509513">
      <ele>0</ele>
      <time>2026-04-13T10:49:38.600Z</time>
    </trkpt>
    <trkpt lat="46.551729" lon="10.509511">
      <ele>0</ele>
      <time>2026-04-13T10:49:39.499Z</time>
    </trkpt>
    <trkpt lat="46.551706" lon="10.509510">
      <ele>0</ele>
      <time>2026-04-13T10:49:40.398Z</time>
    </trkpt>
    <trkpt lat="46.551672" lon="10.509507">
      <ele>0</ele>
      <time>2026-04-13T10:49:41.297Z</time>
    </trkpt>
    <trkpt lat="46.551613" lon="10.509495">
      <ele>0</ele>
      <time>2026-04-13T10:49:42.196Z</time>
    </trkpt>
    <trkpt lat="46.551559" lon="10.509478">
      <ele>0</ele>
      <time>2026-04-13T10:49:43.095Z</time>
    </trkpt>
    <trkpt lat="46.551502" lon="10.509456">
      <ele>0</ele>
      <time>2026-04-13T10:49:43.995Z</time>
    </trkpt>
    <trkpt lat="46.551441" lon="10.509421">
      <ele>0</ele>
      <time>2026-04-13T10:49:44.894Z</time>
    </trkpt>
    <trkpt lat="46.551351" lon="10.509372">
      <ele>0</ele>
      <time>2026-04-13T10:49:45.793Z</time>
    </trkpt>
    <trkpt lat="46.551282" lon="10.509332">
      <ele>0</ele>
      <time>2026-04-13T10:49:46.692Z</time>
    </trkpt>
    <trkpt lat="46.551222" lon="10.509290">
      <ele>0</ele>
      <time>2026-04-13T10:49:47.591Z</time>
    </trkpt>
    <trkpt lat="46.551135" lon="10.509225">
      <ele>0</ele>
      <time>2026-04-13T10:49:48.490Z</time>
    </trkpt>
    <trkpt lat="46.551059" lon="10.509162">
      <ele>0</ele>
      <time>2026-04-13T10:49:49.389Z</time>
    </trkpt>
    <trkpt lat="46.550989" lon="10.509101">
      <ele>0</ele>
      <time>2026-04-13T10:49:50.288Z</time>
    </trkpt>
    <trkpt lat="46.550910" lon="10.509022">
      <ele>0</ele>
      <time>2026-04-13T10:49:51.187Z</time>
    </trkpt>
    <trkpt lat="46.550849" lon="10.508954">
      <ele>0</ele>
      <time>2026-04-13T10:49:52.086Z</time>
    </trkpt>
    <trkpt lat="46.550781" lon="10.508876">
      <ele>0</ele>
      <time>2026-04-13T10:49:52.985Z</time>
    </trkpt>
    <trkpt lat="46.550721" lon="10.508799">
      <ele>0</ele>
      <time>2026-04-13T10:49:53.885Z</time>
    </trkpt>
    <trkpt lat="46.550672" lon="10.508728">
      <ele>0</ele>
      <time>2026-04-13T10:49:54.784Z</time>
    </trkpt>
    <trkpt lat="46.550617" lon="10.508640">
      <ele>0</ele>
      <time>2026-04-13T10:49:55.683Z</time>
    </trkpt>
    <trkpt lat="46.550550" lon="10.508528">
      <ele>0</ele>
      <time>2026-04-13T10:49:56.582Z</time>
    </trkpt>
    <trkpt lat="46.550476" lon="10.508401">
      <ele>0</ele>
      <time>2026-04-13T10:49:57.481Z</time>
    </trkpt>
    <trkpt lat="46.550424" lon="10.508295">
      <ele>0</ele>
      <time>2026-04-13T10:49:58.380Z</time>
    </trkpt>
    <trkpt lat="46.550371" lon="10.508186">
      <ele>0</ele>
      <time>2026-04-13T10:49:59.279Z</time>
    </trkpt>
    <trkpt lat="46.550331" lon="10.508086">
      <ele>0</ele>
      <time>2026-04-13T10:50:00.178Z</time>
    </trkpt>
    <trkpt lat="46.550289" lon="10.507973">
      <ele>0</ele>
      <time>2026-04-13T10:50:01.077Z</time>
    </trkpt>
    <trkpt lat="46.550260" lon="10.507892">
      <ele>0</ele>
      <time>2026-04-13T10:50:01.976Z</time>
    </trkpt>
    <trkpt lat="46.550033" lon="10.507270">
      <ele>0</ele>
      <time>2026-04-13T10:50:02.875Z</time>
    </trkpt>
    <trkpt lat="46.549992" lon="10.507162">
      <ele>0</ele>
      <time>2026-04-13T10:50:03.774Z</time>
    </trkpt>
    <trkpt lat="46.549959" lon="10.507085">
      <ele>0</ele>
      <time>2026-04-13T10:50:04.674Z</time>
    </trkpt>
    <trkpt lat="46.549930" lon="10.507018">
      <ele>0</ele>
      <time>2026-04-13T10:50:05.573Z</time>
    </trkpt>
    <trkpt lat="46.549915" lon="10.506991">
      <ele>0</ele>
      <time>2026-04-13T10:50:06.472Z</time>
    </trkpt>
    <trkpt lat="46.549899" lon="10.506966">
      <ele>0</ele>
      <time>2026-04-13T10:50:07.371Z</time>
    </trkpt>
    <trkpt lat="46.549866" lon="10.506922">
      <ele>0</ele>
      <time>2026-04-13T10:50:08.270Z</time>
    </trkpt>
    <trkpt lat="46.549792" lon="10.506840">
      <ele>0</ele>
      <time>2026-04-13T10:50:09.169Z</time>
    </trkpt>
    <trkpt lat="46.549714" lon="10.506754">
      <ele>0</ele>
      <time>2026-04-13T10:50:10.068Z</time>
    </trkpt>
    <trkpt lat="46.549617" lon="10.506653">
      <ele>0</ele>
      <time>2026-04-13T10:50:10.967Z</time>
    </trkpt>
    <trkpt lat="46.549459" lon="10.506491">
      <ele>0</ele>
      <time>2026-04-13T10:50:11.866Z</time>
    </trkpt>
    <trkpt lat="46.549363" lon="10.506399">
      <ele>0</ele>
      <time>2026-04-13T10:50:12.765Z</time>
    </trkpt>
    <trkpt lat="46.549303" lon="10.506350">
      <ele>0</ele>
      <time>2026-04-13T10:50:13.664Z</time>
    </trkpt>
    <trkpt lat="46.549251" lon="10.506306">
      <ele>0</ele>
      <time>2026-04-13T10:50:14.564Z</time>
    </trkpt>
    <trkpt lat="46.549198" lon="10.506280">
      <ele>0</ele>
      <time>2026-04-13T10:50:15.463Z</time>
    </trkpt>
    <trkpt lat="46.549139" lon="10.506261">
      <ele>0</ele>
      <time>2026-04-13T10:50:16.362Z</time>
    </trkpt>
    <trkpt lat="46.549060" lon="10.506239">
      <ele>0</ele>
      <time>2026-04-13T10:50:17.261Z</time>
    </trkpt>
    <trkpt lat="46.548965" lon="10.506211">
      <ele>0</ele>
      <time>2026-04-13T10:50:18.160Z</time>
    </trkpt>
    <trkpt lat="46.548894" lon="10.506186">
      <ele>0</ele>
      <time>2026-04-13T10:50:19.059Z</time>
    </trkpt>
    <trkpt lat="46.548823" lon="10.506144">
      <ele>0</ele>
      <time>2026-04-13T10:50:19.958Z</time>
    </trkpt>
    <trkpt lat="46.548727" lon="10.506083">
      <ele>0</ele>
      <time>2026-04-13T10:50:20.857Z</time>
    </trkpt>
    <trkpt lat="46.548619" lon="10.506009">
      <ele>0</ele>
      <time>2026-04-13T10:50:21.756Z</time>
    </trkpt>
    <trkpt lat="46.548522" lon="10.505940">
      <ele>0</ele>
      <time>2026-04-13T10:50:22.655Z</time>
    </trkpt>
    <trkpt lat="46.548443" lon="10.505882">
      <ele>0</ele>
      <time>2026-04-13T10:50:23.554Z</time>
    </trkpt>
    <trkpt lat="46.548268" lon="10.505739">
      <ele>0</ele>
      <time>2026-04-13T10:50:24.454Z</time>
    </trkpt>
    <trkpt lat="46.548141" lon="10.505621">
      <ele>0</ele>
      <time>2026-04-13T10:50:25.353Z</time>
    </trkpt>
    <trkpt lat="46.548074" lon="10.505567">
      <ele>0</ele>
      <time>2026-04-13T10:50:26.252Z</time>
    </trkpt>
    <trkpt lat="46.548014" lon="10.505525">
      <ele>0</ele>
      <time>2026-04-13T10:50:27.151Z</time>
    </trkpt>
    <trkpt lat="46.547970" lon="10.505502">
      <ele>0</ele>
      <time>2026-04-13T10:50:28.050Z</time>
    </trkpt>
    <trkpt lat="46.547902" lon="10.505485">
      <ele>0</ele>
      <time>2026-04-13T10:50:28.949Z</time>
    </trkpt>
    <trkpt lat="46.547870" lon="10.505484">
      <ele>0</ele>
      <time>2026-04-13T10:50:29.848Z</time>
    </trkpt>
    <trkpt lat="46.547563" lon="10.505501">
      <ele>0</ele>
      <time>2026-04-13T10:50:30.747Z</time>
    </trkpt>
    <trkpt lat="46.547480" lon="10.505499">
      <ele>0</ele>
      <time>2026-04-13T10:50:31.646Z</time>
    </trkpt>
    <trkpt lat="46.547399" lon="10.505501">
      <ele>0</ele>
      <time>2026-04-13T10:50:32.545Z</time>
    </trkpt>
    <trkpt lat="46.547301" lon="10.505522">
      <ele>0</ele>
      <time>2026-04-13T10:50:33.444Z</time>
    </trkpt>
    <trkpt lat="46.547145" lon="10.505569">
      <ele>0</ele>
      <time>2026-04-13T10:50:34.344Z</time>
    </trkpt>
    <trkpt lat="46.546864" lon="10.505670">
      <ele>0</ele>
      <time>2026-04-13T10:50:35.243Z</time>
    </trkpt>
    <trkpt lat="46.546614" lon="10.505755">
      <ele>0</ele>
      <time>2026-04-13T10:50:36.142Z</time>
    </trkpt>
    <trkpt lat="46.546423" lon="10.505814">
      <ele>0</ele>
      <time>2026-04-13T10:50:37.041Z</time>
    </trkpt>
    <trkpt lat="46.546307" lon="10.505838">
      <ele>0</ele>
      <time>2026-04-13T10:50:37.940Z</time>
    </trkpt>
    <trkpt lat="46.546202" lon="10.505843">
      <ele>0</ele>
      <time>2026-04-13T10:50:38.839Z</time>
    </trkpt>
    <trkpt lat="46.546091" lon="10.505838">
      <ele>0</ele>
      <time>2026-04-13T10:50:39.738Z</time>
    </trkpt>
    <trkpt lat="46.545917" lon="10.505812">
      <ele>0</ele>
      <time>2026-04-13T10:50:40.637Z</time>
    </trkpt>
    <trkpt lat="46.545760" lon="10.505792">
      <ele>0</ele>
      <time>2026-04-13T10:50:41.536Z</time>
    </trkpt>
    <trkpt lat="46.545502" lon="10.505761">
      <ele>0</ele>
      <time>2026-04-13T10:50:42.435Z</time>
    </trkpt>
    <trkpt lat="46.545303" lon="10.505733">
      <ele>0</ele>
      <time>2026-04-13T10:50:43.334Z</time>
    </trkpt>
    <trkpt lat="46.545013" lon="10.505694">
      <ele>0</ele>
      <time>2026-04-13T10:50:44.233Z</time>
    </trkpt>
    <trkpt lat="46.544817" lon="10.505670">
      <ele>0</ele>
      <time>2026-04-13T10:50:45.133Z</time>
    </trkpt>
    <trkpt lat="46.544655" lon="10.505652">
      <ele>0</ele>
      <time>2026-04-13T10:50:46.032Z</time>
    </trkpt>
    <trkpt lat="46.544578" lon="10.505642">
      <ele>0</ele>
      <time>2026-04-13T10:50:46.931Z</time>
    </trkpt>
    <trkpt lat="46.544535" lon="10.505631">
      <ele>0</ele>
      <time>2026-04-13T10:50:47.830Z</time>
    </trkpt>
    <trkpt lat="46.544481" lon="10.505616">
      <ele>0</ele>
      <time>2026-04-13T10:50:48.729Z</time>
    </trkpt>
    <trkpt lat="46.544416" lon="10.505586">
      <ele>0</ele>
      <time>2026-04-13T10:50:49.628Z</time>
    </trkpt>
    <trkpt lat="46.544313" lon="10.505530">
      <ele>0</ele>
      <time>2026-04-13T10:50:50.527Z</time>
    </trkpt>
    <trkpt lat="46.544241" lon="10.505484">
      <ele>0</ele>
      <time>2026-04-13T10:50:51.426Z</time>
    </trkpt>
    <trkpt lat="46.544099" lon="10.505411">
      <ele>0</ele>
      <time>2026-04-13T10:50:52.325Z</time>
    </trkpt>
    <trkpt lat="46.543835" lon="10.505261">
      <ele>0</ele>
      <time>2026-04-13T10:50:53.224Z</time>
    </trkpt>
    <trkpt lat="46.543738" lon="10.505212">
      <ele>0</ele>
      <time>2026-04-13T10:50:54.123Z</time>
    </trkpt>
    <trkpt lat="46.543630" lon="10.505145">
      <ele>0</ele>
      <time>2026-04-13T10:50:55.023Z</time>
    </trkpt>
    <trkpt lat="46.543497" lon="10.505063">
      <ele>0</ele>
      <time>2026-04-13T10:50:55.922Z</time>
    </trkpt>
    <trkpt lat="46.543399" lon="10.505013">
      <ele>0</ele>
      <time>2026-04-13T10:50:56.821Z</time>
    </trkpt>
    <trkpt lat="46.543284" lon="10.504955">
      <ele>0</ele>
      <time>2026-04-13T10:50:57.720Z</time>
    </trkpt>
    <trkpt lat="46.543180" lon="10.504893">
      <ele>0</ele>
      <time>2026-04-13T10:50:58.619Z</time>
    </trkpt>
    <trkpt lat="46.543178" lon="10.504892">
      <ele>0</ele>
      <time>2026-04-13T10:50:59.518Z</time>
    </trkpt>
    <trkpt lat="46.543176" lon="10.504890">
      <ele>0</ele>
      <time>2026-04-13T10:51:00.417Z</time>
    </trkpt>
    <trkpt lat="46.543174" lon="10.504888">
      <ele>0</ele>
      <time>2026-04-13T10:51:01.316Z</time>
    </trkpt>
    <trkpt lat="46.543172" lon="10.504886">
      <ele>0</ele>
      <time>2026-04-13T10:51:02.215Z</time>
    </trkpt>
    <trkpt lat="46.543169" lon="10.504883">
      <ele>0</ele>
      <time>2026-04-13T10:51:03.114Z</time>
    </trkpt>
    <trkpt lat="46.543166" lon="10.504879">
      <ele>0</ele>
      <time>2026-04-13T10:51:04.013Z</time>
    </trkpt>
    <trkpt lat="46.543163" lon="10.504876">
      <ele>0</ele>
      <time>2026-04-13T10:51:04.913Z</time>
    </trkpt>
    <trkpt lat="46.543160" lon="10.504871">
      <ele>0</ele>
      <time>2026-04-13T10:51:05.812Z</time>
    </trkpt>
    <trkpt lat="46.543157" lon="10.504867">
      <ele>0</ele>
      <time>2026-04-13T10:51:06.711Z</time>
    </trkpt>
    <trkpt lat="46.543154" lon="10.504862">
      <ele>0</ele>
      <time>2026-04-13T10:51:07.610Z</time>
    </trkpt>
    <trkpt lat="46.543152" lon="10.504856">
      <ele>0</ele>
      <time>2026-04-13T10:51:08.509Z</time>
    </trkpt>
    <trkpt lat="46.543150" lon="10.504850">
      <ele>0</ele>
      <time>2026-04-13T10:51:09.408Z</time>
    </trkpt>
    <trkpt lat="46.543148" lon="10.504844">
      <ele>0</ele>
      <time>2026-04-13T10:51:10.307Z</time>
    </trkpt>
    <trkpt lat="46.543147" lon="10.504837">
      <ele>0</ele>
      <time>2026-04-13T10:51:11.206Z</time>
    </trkpt>
    <trkpt lat="46.543146" lon="10.504829">
      <ele>0</ele>
      <time>2026-04-13T10:51:12.105Z</time>
    </trkpt>
    <trkpt lat="46.543146" lon="10.504822">
      <ele>0</ele>
      <time>2026-04-13T10:51:13.004Z</time>
    </trkpt>
    <trkpt lat="46.543147" lon="10.504813">
      <ele>0</ele>
      <time>2026-04-13T10:51:13.903Z</time>
    </trkpt>
    <trkpt lat="46.543149" lon="10.504805">
      <ele>0</ele>
      <time>2026-04-13T10:51:14.803Z</time>
    </trkpt>
    <trkpt lat="46.543151" lon="10.504796">
      <ele>0</ele>
      <time>2026-04-13T10:51:15.702Z</time>
    </trkpt>
    <trkpt lat="46.543153" lon="10.504789">
      <ele>0</ele>
      <time>2026-04-13T10:51:16.601Z</time>
    </trkpt>
    <trkpt lat="46.543156" lon="10.504783">
      <ele>0</ele>
      <time>2026-04-13T10:51:17.500Z</time>
    </trkpt>
    <trkpt lat="46.543159" lon="10.504777">
      <ele>0</ele>
      <time>2026-04-13T10:51:18.399Z</time>
    </trkpt>
    <trkpt lat="46.543163" lon="10.504773">
      <ele>0</ele>
      <time>2026-04-13T10:51:19.298Z</time>
    </trkpt>
    <trkpt lat="46.543166" lon="10.504769">
      <ele>0</ele>
      <time>2026-04-13T10:51:20.197Z</time>
    </trkpt>
    <trkpt lat="46.543170" lon="10.504766">
      <ele>0</ele>
      <time>2026-04-13T10:51:21.096Z</time>
    </trkpt>
    <trkpt lat="46.543174" lon="10.504764">
      <ele>0</ele>
      <time>2026-04-13T10:51:21.995Z</time>
    </trkpt>
    <trkpt lat="46.543178" lon="10.504762">
      <ele>0</ele>
      <time>2026-04-13T10:51:22.894Z</time>
    </trkpt>
    <trkpt lat="46.543181" lon="10.504761">
      <ele>0</ele>
      <time>2026-04-13T10:51:23.793Z</time>
    </trkpt>
    <trkpt lat="46.543185" lon="10.504760">
      <ele>0</ele>
      <time>2026-04-13T10:51:24.692Z</time>
    </trkpt>
    <trkpt lat="46.543188" lon="10.504760">
      <ele>0</ele>
      <time>2026-04-13T10:51:25.592Z</time>
    </trkpt>
    <trkpt lat="46.543192" lon="10.504759">
      <ele>0</ele>
      <time>2026-04-13T10:51:26.491Z</time>
    </trkpt>
    <trkpt lat="46.543195" lon="10.504760">
      <ele>0</ele>
      <time>2026-04-13T10:51:27.390Z</time>
    </trkpt>
    <trkpt lat="46.543198" lon="10.504760">
      <ele>0</ele>
      <time>2026-04-13T10:51:28.289Z</time>
    </trkpt>
    <trkpt lat="46.543200" lon="10.504760">
      <ele>0</ele>
      <time>2026-04-13T10:51:29.188Z</time>
    </trkpt>
    <trkpt lat="46.543204" lon="10.504761">
      <ele>0</ele>
      <time>2026-04-13T10:51:30.087Z</time>
    </trkpt>
    <trkpt lat="46.543262" lon="10.504785">
      <ele>0</ele>
      <time>2026-04-13T10:51:30.986Z</time>
    </trkpt>
    <trkpt lat="46.543316" lon="10.504808">
      <ele>0</ele>
      <time>2026-04-13T10:51:31.885Z</time>
    </trkpt>
    <trkpt lat="46.543365" lon="10.504827">
      <ele>0</ele>
      <time>2026-04-13T10:51:32.784Z</time>
    </trkpt>
    <trkpt lat="46.543480" lon="10.504865">
      <ele>0</ele>
      <time>2026-04-13T10:51:33.683Z</time>
    </trkpt>
    <trkpt lat="46.543588" lon="10.504900">
      <ele>0</ele>
      <time>2026-04-13T10:51:34.582Z</time>
    </trkpt>
    <trkpt lat="46.543685" lon="10.504936">
      <ele>0</ele>
      <time>2026-04-13T10:51:35.482Z</time>
    </trkpt>
    <trkpt lat="46.543733" lon="10.504947">
      <ele>0</ele>
      <time>2026-04-13T10:51:36.381Z</time>
    </trkpt>
    <trkpt lat="46.543789" lon="10.504955">
      <ele>0</ele>
      <time>2026-04-13T10:51:37.280Z</time>
    </trkpt>
    <trkpt lat="46.543838" lon="10.504953">
      <ele>0</ele>
      <time>2026-04-13T10:51:38.179Z</time>
    </trkpt>
    <trkpt lat="46.543892" lon="10.504942">
      <ele>0</ele>
      <time>2026-04-13T10:51:39.078Z</time>
    </trkpt>
    <trkpt lat="46.543943" lon="10.504939">
      <ele>0</ele>
      <time>2026-04-13T10:51:39.977Z</time>
    </trkpt>
    <trkpt lat="46.543977" lon="10.504938">
      <ele>0</ele>
      <time>2026-04-13T10:51:40.876Z</time>
    </trkpt>
    <trkpt lat="46.544016" lon="10.504941">
      <ele>0</ele>
      <time>2026-04-13T10:51:41.775Z</time>
    </trkpt>
    <trkpt lat="46.544066" lon="10.504961">
      <ele>0</ele>
      <time>2026-04-13T10:51:42.674Z</time>
    </trkpt>
    <trkpt lat="46.544131" lon="10.504994">
      <ele>0</ele>
      <time>2026-04-13T10:51:43.573Z</time>
    </trkpt>
    <trkpt lat="46.544194" lon="10.505029">
      <ele>0</ele>
      <time>2026-04-13T10:51:44.472Z</time>
    </trkpt>
    <trkpt lat="46.544295" lon="10.505088">
      <ele>0</ele>
      <time>2026-04-13T10:51:45.372Z</time>
    </trkpt>
    <trkpt lat="46.544363" lon="10.505122">
      <ele>0</ele>
      <time>2026-04-13T10:51:46.271Z</time>
    </trkpt>
    <trkpt lat="46.544405" lon="10.505134">
      <ele>0</ele>
      <time>2026-04-13T10:51:47.170Z</time>
    </trkpt>
    <trkpt lat="46.544473" lon="10.505138">
      <ele>0</ele>
      <time>2026-04-13T10:51:48.069Z</time>
    </trkpt>
    <trkpt lat="46.544538" lon="10.505125">
      <ele>0</ele>
      <time>2026-04-13T10:51:48.968Z</time>
    </trkpt>
    <trkpt lat="46.544604" lon="10.505109">
      <ele>0</ele>
      <time>2026-04-13T10:51:49.867Z</time>
    </trkpt>
    <trkpt lat="46.544678" lon="10.505084">
      <ele>0</ele>
      <time>2026-04-13T10:51:50.766Z</time>
    </trkpt>
    <trkpt lat="46.544739" lon="10.505067">
      <ele>0</ele>
      <time>2026-04-13T10:51:51.665Z</time>
    </trkpt>
    <trkpt lat="46.544822" lon="10.505040">
      <ele>0</ele>
      <time>2026-04-13T10:51:52.564Z</time>
    </trkpt>
    <trkpt lat="46.544939" lon="10.505017">
      <ele>0</ele>
      <time>2026-04-13T10:51:53.463Z</time>
    </trkpt>
    <trkpt lat="46.545087" lon="10.504986">
      <ele>0</ele>
      <time>2026-04-13T10:51:54.362Z</time>
    </trkpt>
    <trkpt lat="46.545090" lon="10.504986">
      <ele>0</ele>
      <time>2026-04-13T10:51:55.262Z</time>
    </trkpt>
    <trkpt lat="46.545094" lon="10.504984">
      <ele>0</ele>
      <time>2026-04-13T10:51:56.161Z</time>
    </trkpt>
    <trkpt lat="46.545097" lon="10.504983">
      <ele>0</ele>
      <time>2026-04-13T10:51:57.060Z</time>
    </trkpt>
    <trkpt lat="46.545101" lon="10.504982">
      <ele>0</ele>
      <time>2026-04-13T10:51:57.959Z</time>
    </trkpt>
    <trkpt lat="46.545104" lon="10.504980">
      <ele>0</ele>
      <time>2026-04-13T10:51:58.858Z</time>
    </trkpt>
    <trkpt lat="46.545108" lon="10.504978">
      <ele>0</ele>
      <time>2026-04-13T10:51:59.757Z</time>
    </trkpt>
    <trkpt lat="46.545111" lon="10.504975">
      <ele>0</ele>
      <time>2026-04-13T10:52:00.656Z</time>
    </trkpt>
    <trkpt lat="46.545114" lon="10.504972">
      <ele>0</ele>
      <time>2026-04-13T10:52:01.555Z</time>
    </trkpt>
    <trkpt lat="46.545117" lon="10.504969">
      <ele>0</ele>
      <time>2026-04-13T10:52:02.454Z</time>
    </trkpt>
    <trkpt lat="46.545120" lon="10.504966">
      <ele>0</ele>
      <time>2026-04-13T10:52:03.353Z</time>
    </trkpt>
    <trkpt lat="46.545122" lon="10.504962">
      <ele>0</ele>
      <time>2026-04-13T10:52:04.252Z</time>
    </trkpt>
    <trkpt lat="46.545124" lon="10.504958">
      <ele>0</ele>
      <time>2026-04-13T10:52:05.151Z</time>
    </trkpt>
    <trkpt lat="46.545126" lon="10.504954">
      <ele>0</ele>
      <time>2026-04-13T10:52:06.051Z</time>
    </trkpt>
    <trkpt lat="46.545128" lon="10.504949">
      <ele>0</ele>
      <time>2026-04-13T10:52:06.950Z</time>
    </trkpt>
    <trkpt lat="46.545130" lon="10.504944">
      <ele>0</ele>
      <time>2026-04-13T10:52:07.849Z</time>
    </trkpt>
    <trkpt lat="46.545131" lon="10.504938">
      <ele>0</ele>
      <time>2026-04-13T10:52:08.748Z</time>
    </trkpt>
    <trkpt lat="46.545131" lon="10.504932">
      <ele>0</ele>
      <time>2026-04-13T10:52:09.647Z</time>
    </trkpt>
    <trkpt lat="46.545131" lon="10.504926">
      <ele>0</ele>
      <time>2026-04-13T10:52:10.546Z</time>
    </trkpt>
    <trkpt lat="46.545131" lon="10.504919">
      <ele>0</ele>
      <time>2026-04-13T10:52:11.445Z</time>
    </trkpt>
    <trkpt lat="46.545130" lon="10.504912">
      <ele>0</ele>
      <time>2026-04-13T10:52:12.344Z</time>
    </trkpt>
    <trkpt lat="46.545129" lon="10.504905">
      <ele>0</ele>
      <time>2026-04-13T10:52:13.243Z</time>
    </trkpt>
    <trkpt lat="46.545127" lon="10.504899">
      <ele>0</ele>
      <time>2026-04-13T10:52:14.142Z</time>
    </trkpt>
    <trkpt lat="46.545125" lon="10.504893">
      <ele>0</ele>
      <time>2026-04-13T10:52:15.041Z</time>
    </trkpt>
    <trkpt lat="46.545123" lon="10.504889">
      <ele>0</ele>
      <time>2026-04-13T10:52:15.941Z</time>
    </trkpt>
    <trkpt lat="46.545120" lon="10.504885">
      <ele>0</ele>
      <time>2026-04-13T10:52:16.840Z</time>
    </trkpt>
    <trkpt lat="46.545118" lon="10.504881">
      <ele>0</ele>
      <time>2026-04-13T10:52:17.739Z</time>
    </trkpt>
    <trkpt lat="46.545115" lon="10.504878">
      <ele>0</ele>
      <time>2026-04-13T10:52:18.638Z</time>
    </trkpt>
    <trkpt lat="46.545112" lon="10.504876">
      <ele>0</ele>
      <time>2026-04-13T10:52:19.537Z</time>
    </trkpt>
    <trkpt lat="46.545109" lon="10.504874">
      <ele>0</ele>
      <time>2026-04-13T10:52:20.436Z</time>
    </trkpt>
    <trkpt lat="46.545106" lon="10.504872">
      <ele>0</ele>
      <time>2026-04-13T10:52:21.335Z</time>
    </trkpt>
    <trkpt lat="46.545103" lon="10.504871">
      <ele>0</ele>
      <time>2026-04-13T10:52:22.234Z</time>
    </trkpt>
    <trkpt lat="46.545100" lon="10.504870">
      <ele>0</ele>
      <time>2026-04-13T10:52:23.133Z</time>
    </trkpt>
    <trkpt lat="46.545098" lon="10.504869">
      <ele>0</ele>
      <time>2026-04-13T10:52:24.032Z</time>
    </trkpt>
    <trkpt lat="46.545095" lon="10.504869">
      <ele>0</ele>
      <time>2026-04-13T10:52:24.931Z</time>
    </trkpt>
    <trkpt lat="46.545092" lon="10.504869">
      <ele>0</ele>
      <time>2026-04-13T10:52:25.831Z</time>
    </trkpt>
    <trkpt lat="46.545088" lon="10.504869">
      <ele>0</ele>
      <time>2026-04-13T10:52:26.730Z</time>
    </trkpt>
    <trkpt lat="46.545033" lon="10.504875">
      <ele>0</ele>
      <time>2026-04-13T10:52:27.629Z</time>
    </trkpt>
    <trkpt lat="46.544948" lon="10.504880">
      <ele>0</ele>
      <time>2026-04-13T10:52:28.528Z</time>
    </trkpt>
    <trkpt lat="46.544885" lon="10.504884">
      <ele>0</ele>
      <time>2026-04-13T10:52:29.427Z</time>
    </trkpt>
    <trkpt lat="46.544765" lon="10.504893">
      <ele>0</ele>
      <time>2026-04-13T10:52:30.326Z</time>
    </trkpt>
    <trkpt lat="46.544552" lon="10.504902">
      <ele>0</ele>
      <time>2026-04-13T10:52:31.225Z</time>
    </trkpt>
    <trkpt lat="46.544496" lon="10.504900">
      <ele>0</ele>
      <time>2026-04-13T10:52:32.124Z</time>
    </trkpt>
    <trkpt lat="46.544448" lon="10.504891">
      <ele>0</ele>
      <time>2026-04-13T10:52:33.023Z</time>
    </trkpt>
    <trkpt lat="46.544422" lon="10.504881">
      <ele>0</ele>
      <time>2026-04-13T10:52:33.922Z</time>
    </trkpt>
    <trkpt lat="46.544391" lon="10.504854">
      <ele>0</ele>
      <time>2026-04-13T10:52:34.821Z</time>
    </trkpt>
    <trkpt lat="46.544351" lon="10.504810">
      <ele>0</ele>
      <time>2026-04-13T10:52:35.721Z</time>
    </trkpt>
    <trkpt lat="46.544316" lon="10.504763">
      <ele>0</ele>
      <time>2026-04-13T10:52:36.620Z</time>
    </trkpt>
    <trkpt lat="46.544261" lon="10.504682">
      <ele>0</ele>
      <time>2026-04-13T10:52:37.519Z</time>
    </trkpt>
    <trkpt lat="46.544217" lon="10.504627">
      <ele>0</ele>
      <time>2026-04-13T10:52:38.418Z</time>
    </trkpt>
    <trkpt lat="46.544173" lon="10.504571">
      <ele>0</ele>
      <time>2026-04-13T10:52:39.317Z</time>
    </trkpt>
    <trkpt lat="46.544129" lon="10.504528">
      <ele>0</ele>
      <time>2026-04-13T10:52:40.216Z</time>
    </trkpt>
    <trkpt lat="46.544079" lon="10.504496">
      <ele>0</ele>
      <time>2026-04-13T10:52:41.115Z</time>
    </trkpt>
    <trkpt lat="46.544011" lon="10.504475">
      <ele>0</ele>
      <time>2026-04-13T10:52:42.014Z</time>
    </trkpt>
    <trkpt lat="46.543949" lon="10.504466">
      <ele>0</ele>
      <time>2026-04-13T10:52:42.913Z</time>
    </trkpt>
    <trkpt lat="46.543863" lon="10.504455">
      <ele>0</ele>
      <time>2026-04-13T10:52:43.812Z</time>
    </trkpt>
    <trkpt lat="46.543831" lon="10.504452">
      <ele>0</ele>
      <time>2026-04-13T10:52:44.711Z</time>
    </trkpt>
    <trkpt lat="46.543796" lon="10.504438">
      <ele>0</ele>
      <time>2026-04-13T10:52:45.610Z</time>
    </trkpt>
    <trkpt lat="46.543751" lon="10.504411">
      <ele>0</ele>
      <time>2026-04-13T10:52:46.510Z</time>
    </trkpt>
    <trkpt lat="46.543707" lon="10.504371">
      <ele>0</ele>
      <time>2026-04-13T10:52:47.409Z</time>
    </trkpt>
    <trkpt lat="46.543652" lon="10.504320">
      <ele>0</ele>
      <time>2026-04-13T10:52:48.308Z</time>
    </trkpt>
    <trkpt lat="46.543604" lon="10.504278">
      <ele>0</ele>
      <time>2026-04-13T10:52:49.207Z</time>
    </trkpt>
    <trkpt lat="46.543562" lon="10.504246">
      <ele>0</ele>
      <time>2026-04-13T10:52:50.106Z</time>
    </trkpt>
    <trkpt lat="46.543498" lon="10.504215">
      <ele>0</ele>
      <time>2026-04-13T10:52:51.005Z</time>
    </trkpt>
    <trkpt lat="46.543389" lon="10.504158">
      <ele>0</ele>
      <time>2026-04-13T10:52:51.904Z</time>
    </trkpt>
    <trkpt lat="46.543313" lon="10.504125">
      <ele>0</ele>
      <time>2026-04-13T10:52:52.803Z</time>
    </trkpt>
    <trkpt lat="46.543247" lon="10.504093">
      <ele>0</ele>
      <time>2026-04-13T10:52:53.702Z</time>
    </trkpt>
    <trkpt lat="46.543191" lon="10.504061">
      <ele>0</ele>
      <time>2026-04-13T10:52:54.601Z</time>
    </trkpt>
    <trkpt lat="46.543135" lon="10.504024">
      <ele>0</ele>
      <time>2026-04-13T10:52:55.500Z</time>
    </trkpt>
    <trkpt lat="46.543087" lon="10.503990">
      <ele>0</ele>
      <time>2026-04-13T10:52:56.400Z</time>
    </trkpt>
    <trkpt lat="46.543039" lon="10.503947">
      <ele>0</ele>
      <time>2026-04-13T10:52:57.299Z</time>
    </trkpt>
    <trkpt lat="46.542989" lon="10.503888">
      <ele>0</ele>
      <time>2026-04-13T10:52:58.198Z</time>
    </trkpt>
    <trkpt lat="46.542945" lon="10.503836">
      <ele>0</ele>
      <time>2026-04-13T10:52:59.097Z</time>
    </trkpt>
    <trkpt lat="46.542891" lon="10.503785">
      <ele>0</ele>
      <time>2026-04-13T10:52:59.996Z</time>
    </trkpt>
    <trkpt lat="46.542832" lon="10.503738">
      <ele>0</ele>
      <time>2026-04-13T10:53:00.895Z</time>
    </trkpt>
    <trkpt lat="46.542777" lon="10.503705">
      <ele>0</ele>
      <time>2026-04-13T10:53:01.794Z</time>
    </trkpt>
    <trkpt lat="46.542728" lon="10.503682">
      <ele>0</ele>
      <time>2026-04-13T10:53:02.693Z</time>
    </trkpt>
    <trkpt lat="46.542682" lon="10.503652">
      <ele>0</ele>
      <time>2026-04-13T10:53:03.592Z</time>
    </trkpt>
    <trkpt lat="46.542648" lon="10.503622">
      <ele>0</ele>
      <time>2026-04-13T10:53:04.491Z</time>
    </trkpt>
    <trkpt lat="46.542610" lon="10.503580">
      <ele>0</ele>
      <time>2026-04-13T10:53:05.390Z</time>
    </trkpt>
    <trkpt lat="46.542580" lon="10.503535">
      <ele>0</ele>
      <time>2026-04-13T10:53:06.290Z</time>
    </trkpt>
    <trkpt lat="46.542551" lon="10.503475">
      <ele>0</ele>
      <time>2026-04-13T10:53:07.189Z</time>
    </trkpt>
    <trkpt lat="46.542514" lon="10.503386">
      <ele>0</ele>
      <time>2026-04-13T10:53:08.088Z</time>
    </trkpt>
    <trkpt lat="46.542484" lon="10.503309">
      <ele>0</ele>
      <time>2026-04-13T10:53:08.987Z</time>
    </trkpt>
    <trkpt lat="46.542454" lon="10.503227">
      <ele>0</ele>
      <time>2026-04-13T10:53:09.886Z</time>
    </trkpt>
    <trkpt lat="46.542432" lon="10.503172">
      <ele>0</ele>
      <time>2026-04-13T10:53:10.785Z</time>
    </trkpt>
    <trkpt lat="46.542403" lon="10.503132">
      <ele>0</ele>
      <time>2026-04-13T10:53:11.684Z</time>
    </trkpt>
    <trkpt lat="46.542372" lon="10.503093">
      <ele>0</ele>
      <time>2026-04-13T10:53:12.583Z</time>
    </trkpt>
    <trkpt lat="46.542346" lon="10.503069">
      <ele>0</ele>
      <time>2026-04-13T10:53:13.482Z</time>
    </trkpt>
    <trkpt lat="46.542315" lon="10.503050">
      <ele>0</ele>
      <time>2026-04-13T10:53:14.381Z</time>
    </trkpt>
    <trkpt lat="46.542279" lon="10.503040">
      <ele>0</ele>
      <time>2026-04-13T10:53:15.280Z</time>
    </trkpt>
    <trkpt lat="46.542212" lon="10.503033">
      <ele>0</ele>
      <time>2026-04-13T10:53:16.180Z</time>
    </trkpt>
    <trkpt lat="46.542153" lon="10.503033">
      <ele>0</ele>
      <time>2026-04-13T10:53:17.079Z</time>
    </trkpt>
    <trkpt lat="46.542039" lon="10.503028">
      <ele>0</ele>
      <time>2026-04-13T10:53:17.978Z</time>
    </trkpt>
    <trkpt lat="46.541985" lon="10.503029">
      <ele>0</ele>
      <time>2026-04-13T10:53:18.877Z</time>
    </trkpt>
    <trkpt lat="46.541944" lon="10.503030">
      <ele>0</ele>
      <time>2026-04-13T10:53:19.776Z</time>
    </trkpt>
    <trkpt lat="46.541907" lon="10.503033">
      <ele>0</ele>
      <time>2026-04-13T10:53:20.675Z</time>
    </trkpt>
    <trkpt lat="46.541883" lon="10.503038">
      <ele>0</ele>
      <time>2026-04-13T10:53:21.574Z</time>
    </trkpt>
    <trkpt lat="46.541835" lon="10.503046">
      <ele>0</ele>
      <time>2026-04-13T10:53:22.473Z</time>
    </trkpt>
    <trkpt lat="46.541787" lon="10.503070">
      <ele>0</ele>
      <time>2026-04-13T10:53:23.372Z</time>
    </trkpt>
    <trkpt lat="46.541756" lon="10.503088">
      <ele>0</ele>
      <time>2026-04-13T10:53:24.271Z</time>
    </trkpt>
    <trkpt lat="46.541718" lon="10.503123">
      <ele>0</ele>
      <time>2026-04-13T10:53:25.170Z</time>
    </trkpt>
    <trkpt lat="46.541684" lon="10.503168">
      <ele>0</ele>
      <time>2026-04-13T10:53:26.069Z</time>
    </trkpt>
    <trkpt lat="46.541650" lon="10.503227">
      <ele>0</ele>
      <time>2026-04-13T10:53:26.969Z</time>
    </trkpt>
    <trkpt lat="46.541629" lon="10.503278">
      <ele>0</ele>
      <time>2026-04-13T10:53:27.868Z</time>
    </trkpt>
    <trkpt lat="46.541605" lon="10.503322">
      <ele>0</ele>
      <time>2026-04-13T10:53:28.767Z</time>
    </trkpt>
    <trkpt lat="46.541578" lon="10.503366">
      <ele>0</ele>
      <time>2026-04-13T10:53:29.666Z</time>
    </trkpt>
    <trkpt lat="46.541554" lon="10.503386">
      <ele>0</ele>
      <time>2026-04-13T10:53:30.565Z</time>
    </trkpt>
    <trkpt lat="46.541508" lon="10.503409">
      <ele>0</ele>
      <time>2026-04-13T10:53:31.464Z</time>
    </trkpt>
    <trkpt lat="46.541376" lon="10.503491">
      <ele>0</ele>
      <time>2026-04-13T10:53:32.363Z</time>
    </trkpt>
    <trkpt lat="46.541303" lon="10.503524">
      <ele>0</ele>
      <time>2026-04-13T10:53:33.262Z</time>
    </trkpt>
    <trkpt lat="46.541230" lon="10.503541">
      <ele>0</ele>
      <time>2026-04-13T10:53:34.161Z</time>
    </trkpt>
    <trkpt lat="46.541170" lon="10.503542">
      <ele>0</ele>
      <time>2026-04-13T10:53:35.060Z</time>
    </trkpt>
    <trkpt lat="46.541114" lon="10.503536">
      <ele>0</ele>
      <time>2026-04-13T10:53:35.959Z</time>
    </trkpt>
    <trkpt lat="46.541034" lon="10.503524">
      <ele>0</ele>
      <time>2026-04-13T10:53:36.859Z</time>
    </trkpt>
    <trkpt lat="46.540980" lon="10.503512">
      <ele>0</ele>
      <time>2026-04-13T10:53:37.758Z</time>
    </trkpt>
    <trkpt lat="46.540944" lon="10.503490">
      <ele>0</ele>
      <time>2026-04-13T10:53:38.657Z</time>
    </trkpt>
    <trkpt lat="46.540899" lon="10.503453">
      <ele>0</ele>
      <time>2026-04-13T10:53:39.556Z</time>
    </trkpt>
    <trkpt lat="46.540861" lon="10.503398">
      <ele>0</ele>
      <time>2026-04-13T10:53:40.455Z</time>
    </trkpt>
    <trkpt lat="46.540812" lon="10.503318">
      <ele>0</ele>
      <time>2026-04-13T10:53:41.354Z</time>
    </trkpt>
    <trkpt lat="46.540764" lon="10.503252">
      <ele>0</ele>
      <time>2026-04-13T10:53:42.253Z</time>
    </trkpt>
    <trkpt lat="46.540713" lon="10.503200">
      <ele>0</ele>
      <time>2026-04-13T10:53:43.152Z</time>
    </trkpt>
    <trkpt lat="46.540633" lon="10.503135">
      <ele>0</ele>
      <time>2026-04-13T10:53:44.051Z</time>
    </trkpt>
    <trkpt lat="46.540569" lon="10.503107">
      <ele>0</ele>
      <time>2026-04-13T10:53:44.950Z</time>
    </trkpt>
    <trkpt lat="46.540497" lon="10.503077">
      <ele>0</ele>
      <time>2026-04-13T10:53:45.849Z</time>
    </trkpt>
    <trkpt lat="46.540399" lon="10.503045">
      <ele>0</ele>
      <time>2026-04-13T10:53:46.749Z</time>
    </trkpt>
    <trkpt lat="46.540336" lon="10.503025">
      <ele>0</ele>
      <time>2026-04-13T10:53:47.648Z</time>
    </trkpt>
    <trkpt lat="46.540333" lon="10.503023">
      <ele>0</ele>
      <time>2026-04-13T10:53:48.547Z</time>
    </trkpt>
    <trkpt lat="46.540330" lon="10.503022">
      <ele>0</ele>
      <time>2026-04-13T10:53:49.446Z</time>
    </trkpt>
    <trkpt lat="46.540327" lon="10.503021">
      <ele>0</ele>
      <time>2026-04-13T10:53:50.345Z</time>
    </trkpt>
    <trkpt lat="46.540323" lon="10.503019">
      <ele>0</ele>
      <time>2026-04-13T10:53:51.244Z</time>
    </trkpt>
    <trkpt lat="46.540319" lon="10.503016">
      <ele>0</ele>
      <time>2026-04-13T10:53:52.143Z</time>
    </trkpt>
    <trkpt lat="46.540315" lon="10.503013">
      <ele>0</ele>
      <time>2026-04-13T10:53:53.042Z</time>
    </trkpt>
    <trkpt lat="46.540311" lon="10.503010">
      <ele>0</ele>
      <time>2026-04-13T10:53:53.941Z</time>
    </trkpt>
    <trkpt lat="46.540306" lon="10.503006">
      <ele>0</ele>
      <time>2026-04-13T10:53:54.840Z</time>
    </trkpt>
    <trkpt lat="46.540302" lon="10.503001">
      <ele>0</ele>
      <time>2026-04-13T10:53:55.739Z</time>
    </trkpt>
    <trkpt lat="46.540298" lon="10.502996">
      <ele>0</ele>
      <time>2026-04-13T10:53:56.639Z</time>
    </trkpt>
    <trkpt lat="46.540294" lon="10.502991">
      <ele>0</ele>
      <time>2026-04-13T10:53:57.538Z</time>
    </trkpt>
    <trkpt lat="46.540291" lon="10.502985">
      <ele>0</ele>
      <time>2026-04-13T10:53:58.437Z</time>
    </trkpt>
    <trkpt lat="46.540288" lon="10.502978">
      <ele>0</ele>
      <time>2026-04-13T10:53:59.336Z</time>
    </trkpt>
    <trkpt lat="46.540285" lon="10.502970">
      <ele>0</ele>
      <time>2026-04-13T10:54:00.235Z</time>
    </trkpt>
    <trkpt lat="46.540283" lon="10.502962">
      <ele>0</ele>
      <time>2026-04-13T10:54:01.134Z</time>
    </trkpt>
    <trkpt lat="46.540283" lon="10.502953">
      <ele>0</ele>
      <time>2026-04-13T10:54:02.033Z</time>
    </trkpt>
    <trkpt lat="46.540283" lon="10.502943">
      <ele>0</ele>
      <time>2026-04-13T10:54:02.932Z</time>
    </trkpt>
    <trkpt lat="46.540284" lon="10.502933">
      <ele>0</ele>
      <time>2026-04-13T10:54:03.831Z</time>
    </trkpt>
    <trkpt lat="46.540286" lon="10.502923">
      <ele>0</ele>
      <time>2026-04-13T10:54:04.730Z</time>
    </trkpt>
    <trkpt lat="46.540289" lon="10.502914">
      <ele>0</ele>
      <time>2026-04-13T10:54:05.629Z</time>
    </trkpt>
    <trkpt lat="46.540292" lon="10.502906">
      <ele>0</ele>
      <time>2026-04-13T10:54:06.528Z</time>
    </trkpt>
    <trkpt lat="46.540296" lon="10.502899">
      <ele>0</ele>
      <time>2026-04-13T10:54:07.428Z</time>
    </trkpt>
    <trkpt lat="46.540300" lon="10.502894">
      <ele>0</ele>
      <time>2026-04-13T10:54:08.327Z</time>
    </trkpt>
    <trkpt lat="46.540304" lon="10.502889">
      <ele>0</ele>
      <time>2026-04-13T10:54:09.226Z</time>
    </trkpt>
    <trkpt lat="46.540309" lon="10.502885">
      <ele>0</ele>
      <time>2026-04-13T10:54:10.125Z</time>
    </trkpt>
    <trkpt lat="46.540314" lon="10.502882">
      <ele>0</ele>
      <time>2026-04-13T10:54:11.024Z</time>
    </trkpt>
    <trkpt lat="46.540319" lon="10.502880">
      <ele>0</ele>
      <time>2026-04-13T10:54:11.923Z</time>
    </trkpt>
    <trkpt lat="46.540324" lon="10.502878">
      <ele>0</ele>
      <time>2026-04-13T10:54:12.822Z</time>
    </trkpt>
    <trkpt lat="46.540329" lon="10.502877">
      <ele>0</ele>
      <time>2026-04-13T10:54:13.721Z</time>
    </trkpt>
    <trkpt lat="46.540334" lon="10.502876">
      <ele>0</ele>
      <time>2026-04-13T10:54:14.620Z</time>
    </trkpt>
    <trkpt lat="46.540338" lon="10.502875">
      <ele>0</ele>
      <time>2026-04-13T10:54:15.519Z</time>
    </trkpt>
    <trkpt lat="46.540342" lon="10.502875">
      <ele>0</ele>
      <time>2026-04-13T10:54:16.418Z</time>
    </trkpt>
    <trkpt lat="46.540346" lon="10.502875">
      <ele>0</ele>
      <time>2026-04-13T10:54:17.318Z</time>
    </trkpt>
    <trkpt lat="46.540349" lon="10.502876">
      <ele>0</ele>
      <time>2026-04-13T10:54:18.217Z</time>
    </trkpt>
    <trkpt lat="46.540352" lon="10.502876">
      <ele>0</ele>
      <time>2026-04-13T10:54:19.116Z</time>
    </trkpt>
    <trkpt lat="46.540355" lon="10.502876">
      <ele>0</ele>
      <time>2026-04-13T10:54:20.015Z</time>
    </trkpt>
    <trkpt lat="46.540409" lon="10.502894">
      <ele>0</ele>
      <time>2026-04-13T10:54:20.914Z</time>
    </trkpt>
    <trkpt lat="46.540480" lon="10.502918">
      <ele>0</ele>
      <time>2026-04-13T10:54:21.813Z</time>
    </trkpt>
    <trkpt lat="46.540548" lon="10.502938">
      <ele>0</ele>
      <time>2026-04-13T10:54:22.712Z</time>
    </trkpt>
    <trkpt lat="46.540618" lon="10.502965">
      <ele>0</ele>
      <time>2026-04-13T10:54:23.611Z</time>
    </trkpt>
    <trkpt lat="46.540697" lon="10.502999">
      <ele>0</ele>
      <time>2026-04-13T10:54:24.510Z</time>
    </trkpt>
    <trkpt lat="46.540778" lon="10.503038">
      <ele>0</ele>
      <time>2026-04-13T10:54:25.409Z</time>
    </trkpt>
    <trkpt lat="46.540848" lon="10.503088">
      <ele>0</ele>
      <time>2026-04-13T10:54:26.308Z</time>
    </trkpt>
    <trkpt lat="46.540895" lon="10.503136">
      <ele>0</ele>
      <time>2026-04-13T10:54:27.208Z</time>
    </trkpt>
    <trkpt lat="46.540965" lon="10.503197">
      <ele>0</ele>
      <time>2026-04-13T10:54:28.107Z</time>
    </trkpt>
    <trkpt lat="46.541003" lon="10.503223">
      <ele>0</ele>
      <time>2026-04-13T10:54:29.006Z</time>
    </trkpt>
    <trkpt lat="46.541042" lon="10.503242">
      <ele>0</ele>
      <time>2026-04-13T10:54:29.905Z</time>
    </trkpt>
    <trkpt lat="46.541109" lon="10.503250">
      <ele>0</ele>
      <time>2026-04-13T10:54:30.804Z</time>
    </trkpt>
    <trkpt lat="46.541149" lon="10.503242">
      <ele>0</ele>
      <time>2026-04-13T10:54:31.703Z</time>
    </trkpt>
    <trkpt lat="46.541184" lon="10.503235">
      <ele>0</ele>
      <time>2026-04-13T10:54:32.602Z</time>
    </trkpt>
    <trkpt lat="46.541215" lon="10.503212">
      <ele>0</ele>
      <time>2026-04-13T10:54:33.501Z</time>
    </trkpt>
    <trkpt lat="46.541248" lon="10.503163">
      <ele>0</ele>
      <time>2026-04-13T10:54:34.400Z</time>
    </trkpt>
    <trkpt lat="46.541265" lon="10.503102">
      <ele>0</ele>
      <time>2026-04-13T10:54:35.299Z</time>
    </trkpt>
    <trkpt lat="46.541267" lon="10.503026">
      <ele>0</ele>
      <time>2026-04-13T10:54:36.198Z</time>
    </trkpt>
    <trkpt lat="46.541271" lon="10.502930">
      <ele>0</ele>
      <time>2026-04-13T10:54:37.097Z</time>
    </trkpt>
    <trkpt lat="46.541278" lon="10.502798">
      <ele>0</ele>
      <time>2026-04-13T10:54:37.997Z</time>
    </trkpt>
    <trkpt lat="46.541288" lon="10.502690">
      <ele>0</ele>
      <time>2026-04-13T10:54:38.896Z</time>
    </trkpt>
    <trkpt lat="46.541304" lon="10.502577">
      <ele>0</ele>
      <time>2026-04-13T10:54:39.795Z</time>
    </trkpt>
    <trkpt lat="46.541324" lon="10.502468">
      <ele>0</ele>
      <time>2026-04-13T10:54:40.694Z</time>
    </trkpt>
    <trkpt lat="46.541349" lon="10.502363">
      <ele>0</ele>
      <time>2026-04-13T10:54:41.593Z</time>
    </trkpt>
    <trkpt lat="46.541384" lon="10.502218">
      <ele>0</ele>
      <time>2026-04-13T10:54:42.492Z</time>
    </trkpt>
    <trkpt lat="46.541405" lon="10.502124">
      <ele>0</ele>
      <time>2026-04-13T10:54:43.391Z</time>
    </trkpt>
    <trkpt lat="46.541406" lon="10.502119">
      <ele>0</ele>
      <time>2026-04-13T10:54:44.290Z</time>
    </trkpt>
    <trkpt lat="46.541407" lon="10.502114">
      <ele>0</ele>
      <time>2026-04-13T10:54:45.189Z</time>
    </trkpt>
    <trkpt lat="46.541407" lon="10.502108">
      <ele>0</ele>
      <time>2026-04-13T10:54:46.088Z</time>
    </trkpt>
    <trkpt lat="46.541408" lon="10.502102">
      <ele>0</ele>
      <time>2026-04-13T10:54:46.987Z</time>
    </trkpt>
    <trkpt lat="46.541408" lon="10.502096">
      <ele>0</ele>
      <time>2026-04-13T10:54:47.887Z</time>
    </trkpt>
    <trkpt lat="46.541409" lon="10.502089">
      <ele>0</ele>
      <time>2026-04-13T10:54:48.786Z</time>
    </trkpt>
    <trkpt lat="46.541408" lon="10.502082">
      <ele>0</ele>
      <time>2026-04-13T10:54:49.685Z</time>
    </trkpt>
    <trkpt lat="46.541408" lon="10.502074">
      <ele>0</ele>
      <time>2026-04-13T10:54:50.584Z</time>
    </trkpt>
    <trkpt lat="46.541408" lon="10.502067">
      <ele>0</ele>
      <time>2026-04-13T10:54:51.483Z</time>
    </trkpt>
    <trkpt lat="46.541407" lon="10.502060">
      <ele>0</ele>
      <time>2026-04-13T10:54:52.382Z</time>
    </trkpt>
    <trkpt lat="46.541405" lon="10.502052">
      <ele>0</ele>
      <time>2026-04-13T10:54:53.281Z</time>
    </trkpt>
    <trkpt lat="46.541404" lon="10.502045">
      <ele>0</ele>
      <time>2026-04-13T10:54:54.180Z</time>
    </trkpt>
    <trkpt lat="46.541402" lon="10.502038">
      <ele>0</ele>
      <time>2026-04-13T10:54:55.079Z</time>
    </trkpt>
    <trkpt lat="46.541399" lon="10.502032">
      <ele>0</ele>
      <time>2026-04-13T10:54:55.978Z</time>
    </trkpt>
    <trkpt lat="46.541396" lon="10.502026">
      <ele>0</ele>
      <time>2026-04-13T10:54:56.877Z</time>
    </trkpt>
    <trkpt lat="46.541392" lon="10.502021">
      <ele>0</ele>
      <time>2026-04-13T10:54:57.777Z</time>
    </trkpt>
    <trkpt lat="46.541388" lon="10.502016">
      <ele>0</ele>
      <time>2026-04-13T10:54:58.676Z</time>
    </trkpt>
    <trkpt lat="46.541383" lon="10.502012">
      <ele>0</ele>
      <time>2026-04-13T10:54:59.575Z</time>
    </trkpt>
    <trkpt lat="46.541377" lon="10.502009">
      <ele>0</ele>
      <time>2026-04-13T10:55:00.474Z</time>
    </trkpt>
    <trkpt lat="46.541371" lon="10.502007">
      <ele>0</ele>
      <time>2026-04-13T10:55:01.373Z</time>
    </trkpt>
    <trkpt lat="46.541365" lon="10.502006">
      <ele>0</ele>
      <time>2026-04-13T10:55:02.272Z</time>
    </trkpt>
    <trkpt lat="46.541359" lon="10.502005">
      <ele>0</ele>
      <time>2026-04-13T10:55:03.171Z</time>
    </trkpt>
    <trkpt lat="46.541353" lon="10.502006">
      <ele>0</ele>
      <time>2026-04-13T10:55:04.070Z</time>
    </trkpt>
    <trkpt lat="46.541348" lon="10.502007">
      <ele>0</ele>
      <time>2026-04-13T10:55:04.969Z</time>
    </trkpt>
    <trkpt lat="46.541343" lon="10.502009">
      <ele>0</ele>
      <time>2026-04-13T10:55:05.868Z</time>
    </trkpt>
    <trkpt lat="46.541339" lon="10.502011">
      <ele>0</ele>
      <time>2026-04-13T10:55:06.767Z</time>
    </trkpt>
    <trkpt lat="46.541335" lon="10.502014">
      <ele>0</ele>
      <time>2026-04-13T10:55:07.667Z</time>
    </trkpt>
    <trkpt lat="46.541332" lon="10.502018">
      <ele>0</ele>
      <time>2026-04-13T10:55:08.566Z</time>
    </trkpt>
    <trkpt lat="46.541328" lon="10.502021">
      <ele>0</ele>
      <time>2026-04-13T10:55:09.465Z</time>
    </trkpt>
    <trkpt lat="46.541326" lon="10.502025">
      <ele>0</ele>
      <time>2026-04-13T10:55:10.364Z</time>
    </trkpt>
    <trkpt lat="46.541323" lon="10.502029">
      <ele>0</ele>
      <time>2026-04-13T10:55:11.263Z</time>
    </trkpt>
    <trkpt lat="46.541321" lon="10.502032">
      <ele>0</ele>
      <time>2026-04-13T10:55:12.162Z</time>
    </trkpt>
    <trkpt lat="46.541319" lon="10.502036">
      <ele>0</ele>
      <time>2026-04-13T10:55:13.061Z</time>
    </trkpt>
    <trkpt lat="46.541317" lon="10.502039">
      <ele>0</ele>
      <time>2026-04-13T10:55:13.960Z</time>
    </trkpt>
    <trkpt lat="46.541316" lon="10.502043">
      <ele>0</ele>
      <time>2026-04-13T10:55:14.859Z</time>
    </trkpt>
    <trkpt lat="46.541314" lon="10.502047">
      <ele>0</ele>
      <time>2026-04-13T10:55:15.758Z</time>
    </trkpt>
    <trkpt lat="46.541313" lon="10.502050">
      <ele>0</ele>
      <time>2026-04-13T10:55:16.657Z</time>
    </trkpt>
    <trkpt lat="46.541295" lon="10.502142">
      <ele>0</ele>
      <time>2026-04-13T10:55:17.556Z</time>
    </trkpt>
    <trkpt lat="46.541277" lon="10.502228">
      <ele>0</ele>
      <time>2026-04-13T10:55:18.456Z</time>
    </trkpt>
    <trkpt lat="46.541256" lon="10.502313">
      <ele>0</ele>
      <time>2026-04-13T10:55:19.355Z</time>
    </trkpt>
    <trkpt lat="46.541212" lon="10.502485">
      <ele>0</ele>
      <time>2026-04-13T10:55:20.254Z</time>
    </trkpt>
    <trkpt lat="46.541152" lon="10.502691">
      <ele>0</ele>
      <time>2026-04-13T10:55:21.153Z</time>
    </trkpt>
    <trkpt lat="46.541118" lon="10.502806">
      <ele>0</ele>
      <time>2026-04-13T10:55:22.052Z</time>
    </trkpt>
    <trkpt lat="46.541088" lon="10.502939">
      <ele>0</ele>
      <time>2026-04-13T10:55:22.951Z</time>
    </trkpt>
    <trkpt lat="46.541087" lon="10.502943">
      <ele>0</ele>
      <time>2026-04-13T10:55:23.850Z</time>
    </trkpt>
    <trkpt lat="46.541086" lon="10.502947">
      <ele>0</ele>
      <time>2026-04-13T10:55:24.749Z</time>
    </trkpt>
    <trkpt lat="46.541084" lon="10.502951">
      <ele>0</ele>
      <time>2026-04-13T10:55:25.648Z</time>
    </trkpt>
    <trkpt lat="46.541082" lon="10.502955">
      <ele>0</ele>
      <time>2026-04-13T10:55:26.547Z</time>
    </trkpt>
    <trkpt lat="46.541080" lon="10.502960">
      <ele>0</ele>
      <time>2026-04-13T10:55:27.446Z</time>
    </trkpt>
    <trkpt lat="46.541077" lon="10.502965">
      <ele>0</ele>
      <time>2026-04-13T10:55:28.346Z</time>
    </trkpt>
    <trkpt lat="46.541075" lon="10.502970">
      <ele>0</ele>
      <time>2026-04-13T10:55:29.245Z</time>
    </trkpt>
    <trkpt lat="46.541071" lon="10.502975">
      <ele>0</ele>
      <time>2026-04-13T10:55:30.144Z</time>
    </trkpt>
    <trkpt lat="46.541068" lon="10.502980">
      <ele>0</ele>
      <time>2026-04-13T10:55:31.043Z</time>
    </trkpt>
    <trkpt lat="46.541064" lon="10.502985">
      <ele>0</ele>
      <time>2026-04-13T10:55:31.942Z</time>
    </trkpt>
    <trkpt lat="46.541059" lon="10.502989">
      <ele>0</ele>
      <time>2026-04-13T10:55:32.841Z</time>
    </trkpt>
    <trkpt lat="46.541055" lon="10.502992">
      <ele>0</ele>
      <time>2026-04-13T10:55:33.740Z</time>
    </trkpt>
    <trkpt lat="46.541050" lon="10.502995">
      <ele>0</ele>
      <time>2026-04-13T10:55:34.639Z</time>
    </trkpt>
    <trkpt lat="46.541044" lon="10.502996">
      <ele>0</ele>
      <time>2026-04-13T10:55:35.538Z</time>
    </trkpt>
    <trkpt lat="46.541038" lon="10.502997">
      <ele>0</ele>
      <time>2026-04-13T10:55:36.437Z</time>
    </trkpt>
    <trkpt lat="46.541033" lon="10.502996">
      <ele>0</ele>
      <time>2026-04-13T10:55:37.336Z</time>
    </trkpt>
    <trkpt lat="46.541026" lon="10.502994">
      <ele>0</ele>
      <time>2026-04-13T10:55:38.236Z</time>
    </trkpt>
    <trkpt lat="46.541019" lon="10.502990">
      <ele>0</ele>
      <time>2026-04-13T10:55:39.135Z</time>
    </trkpt>
    <trkpt lat="46.541013" lon="10.502985">
      <ele>0</ele>
      <time>2026-04-13T10:55:40.034Z</time>
    </trkpt>
    <trkpt lat="46.541007" lon="10.502980">
      <ele>0</ele>
      <time>2026-04-13T10:55:40.933Z</time>
    </trkpt>
    <trkpt lat="46.541003" lon="10.502974">
      <ele>0</ele>
      <time>2026-04-13T10:55:41.832Z</time>
    </trkpt>
    <trkpt lat="46.540999" lon="10.502968">
      <ele>0</ele>
      <time>2026-04-13T10:55:42.731Z</time>
    </trkpt>
    <trkpt lat="46.540997" lon="10.502962">
      <ele>0</ele>
      <time>2026-04-13T10:55:43.630Z</time>
    </trkpt>
    <trkpt lat="46.540994" lon="10.502955">
      <ele>0</ele>
      <time>2026-04-13T10:55:44.529Z</time>
    </trkpt>
    <trkpt lat="46.540993" lon="10.502949">
      <ele>0</ele>
      <time>2026-04-13T10:55:45.428Z</time>
    </trkpt>
    <trkpt lat="46.540992" lon="10.502942">
      <ele>0</ele>
      <time>2026-04-13T10:55:46.327Z</time>
    </trkpt>
    <trkpt lat="46.540992" lon="10.502935">
      <ele>0</ele>
      <time>2026-04-13T10:55:47.226Z</time>
    </trkpt>
    <trkpt lat="46.540992" lon="10.502929">
      <ele>0</ele>
      <time>2026-04-13T10:55:48.126Z</time>
    </trkpt>
    <trkpt lat="46.540992" lon="10.502923">
      <ele>0</ele>
      <time>2026-04-13T10:55:49.025Z</time>
    </trkpt>
    <trkpt lat="46.540993" lon="10.502917">
      <ele>0</ele>
      <time>2026-04-13T10:55:49.924Z</time>
    </trkpt>
    <trkpt lat="46.540994" lon="10.502911">
      <ele>0</ele>
      <time>2026-04-13T10:55:50.823Z</time>
    </trkpt>
    <trkpt lat="46.540995" lon="10.502906">
      <ele>0</ele>
      <time>2026-04-13T10:55:51.722Z</time>
    </trkpt>
    <trkpt lat="46.540996" lon="10.502902">
      <ele>0</ele>
      <time>2026-04-13T10:55:52.621Z</time>
    </trkpt>
    <trkpt lat="46.540997" lon="10.502898">
      <ele>0</ele>
      <time>2026-04-13T10:55:53.520Z</time>
    </trkpt>
    <trkpt lat="46.540999" lon="10.502894">
      <ele>0</ele>
      <time>2026-04-13T10:55:54.419Z</time>
    </trkpt>
    <trkpt lat="46.541000" lon="10.502891">
      <ele>0</ele>
      <time>2026-04-13T10:55:55.318Z</time>
    </trkpt>
    <trkpt lat="46.541022" lon="10.502814">
      <ele>0</ele>
      <time>2026-04-13T10:55:56.217Z</time>
    </trkpt>
    <trkpt lat="46.541044" lon="10.502728">
      <ele>0</ele>
      <time>2026-04-13T10:55:57.116Z</time>
    </trkpt>
    <trkpt lat="46.541070" lon="10.502623">
      <ele>0</ele>
      <time>2026-04-13T10:55:58.015Z</time>
    </trkpt>
    <trkpt lat="46.541093" lon="10.502504">
      <ele>0</ele>
      <time>2026-04-13T10:55:58.915Z</time>
    </trkpt>
    <trkpt lat="46.541119" lon="10.502368">
      <ele>0</ele>
      <time>2026-04-13T10:55:59.814Z</time>
    </trkpt>
    <trkpt lat="46.541136" lon="10.502255">
      <ele>0</ele>
      <time>2026-04-13T10:56:00.713Z</time>
    </trkpt>
    <trkpt lat="46.541162" lon="10.502126">
      <ele>0</ele>
      <time>2026-04-13T10:56:01.612Z</time>
    </trkpt>
    <trkpt lat="46.541182" lon="10.502037">
      <ele>0</ele>
      <time>2026-04-13T10:56:02.511Z</time>
    </trkpt>
    <trkpt lat="46.541205" lon="10.501940">
      <ele>0</ele>
      <time>2026-04-13T10:56:03.410Z</time>
    </trkpt>
    <trkpt lat="46.541234" lon="10.501843">
      <ele>0</ele>
      <time>2026-04-13T10:56:04.309Z</time>
    </trkpt>
    <trkpt lat="46.541258" lon="10.501757">
      <ele>0</ele>
      <time>2026-04-13T10:56:05.208Z</time>
    </trkpt>
    <trkpt lat="46.541283" lon="10.501662">
      <ele>0</ele>
      <time>2026-04-13T10:56:06.107Z</time>
    </trkpt>
    <trkpt lat="46.541300" lon="10.501587">
      <ele>0</ele>
      <time>2026-04-13T10:56:07.006Z</time>
    </trkpt>
    <trkpt lat="46.541320" lon="10.501485">
      <ele>0</ele>
      <time>2026-04-13T10:56:07.905Z</time>
    </trkpt>
    <trkpt lat="46.541341" lon="10.501381">
      <ele>0</ele>
      <time>2026-04-13T10:56:08.805Z</time>
    </trkpt>
    <trkpt lat="46.541369" lon="10.501236">
      <ele>0</ele>
      <time>2026-04-13T10:56:09.704Z</time>
    </trkpt>
    <trkpt lat="46.541386" lon="10.501140">
      <ele>0</ele>
      <time>2026-04-13T10:56:10.603Z</time>
    </trkpt>
    <trkpt lat="46.541386" lon="10.501138">
      <ele>0</ele>
      <time>2026-04-13T10:56:11.502Z</time>
    </trkpt>
    <trkpt lat="46.541386" lon="10.501135">
      <ele>0</ele>
      <time>2026-04-13T10:56:12.401Z</time>
    </trkpt>
    <trkpt lat="46.541387" lon="10.501132">
      <ele>0</ele>
      <time>2026-04-13T10:56:13.300Z</time>
    </trkpt>
    <trkpt lat="46.541387" lon="10.501128">
      <ele>0</ele>
      <time>2026-04-13T10:56:14.199Z</time>
    </trkpt>
    <trkpt lat="46.541388" lon="10.501124">
      <ele>0</ele>
      <time>2026-04-13T10:56:15.098Z</time>
    </trkpt>
    <trkpt lat="46.541388" lon="10.501119">
      <ele>0</ele>
      <time>2026-04-13T10:56:15.997Z</time>
    </trkpt>
    <trkpt lat="46.541388" lon="10.501115">
      <ele>0</ele>
      <time>2026-04-13T10:56:16.896Z</time>
    </trkpt>
    <trkpt lat="46.541388" lon="10.501109">
      <ele>0</ele>
      <time>2026-04-13T10:56:17.795Z</time>
    </trkpt>
    <trkpt lat="46.541388" lon="10.501104">
      <ele>0</ele>
      <time>2026-04-13T10:56:18.695Z</time>
    </trkpt>
    <trkpt lat="46.541387" lon="10.501099">
      <ele>0</ele>
      <time>2026-04-13T10:56:19.594Z</time>
    </trkpt>
    <trkpt lat="46.541386" lon="10.501094">
      <ele>0</ele>
      <time>2026-04-13T10:56:20.493Z</time>
    </trkpt>
    <trkpt lat="46.541385" lon="10.501088">
      <ele>0</ele>
      <time>2026-04-13T10:56:21.392Z</time>
    </trkpt>
    <trkpt lat="46.541384" lon="10.501083">
      <ele>0</ele>
      <time>2026-04-13T10:56:22.291Z</time>
    </trkpt>
    <trkpt lat="46.541382" lon="10.501078">
      <ele>0</ele>
      <time>2026-04-13T10:56:23.190Z</time>
    </trkpt>
    <trkpt lat="46.541379" lon="10.501074">
      <ele>0</ele>
      <time>2026-04-13T10:56:24.089Z</time>
    </trkpt>
    <trkpt lat="46.541376" lon="10.501069">
      <ele>0</ele>
      <time>2026-04-13T10:56:24.988Z</time>
    </trkpt>
    <trkpt lat="46.541372" lon="10.501065">
      <ele>0</ele>
      <time>2026-04-13T10:56:25.887Z</time>
    </trkpt>
    <trkpt lat="46.541368" lon="10.501062">
      <ele>0</ele>
      <time>2026-04-13T10:56:26.786Z</time>
    </trkpt>
    <trkpt lat="46.541364" lon="10.501059">
      <ele>0</ele>
      <time>2026-04-13T10:56:27.685Z</time>
    </trkpt>
    <trkpt lat="46.541359" lon="10.501057">
      <ele>0</ele>
      <time>2026-04-13T10:56:28.585Z</time>
    </trkpt>
    <trkpt lat="46.541355" lon="10.501055">
      <ele>0</ele>
      <time>2026-04-13T10:56:29.484Z</time>
    </trkpt>
    <trkpt lat="46.541351" lon="10.501055">
      <ele>0</ele>
      <time>2026-04-13T10:56:30.383Z</time>
    </trkpt>
    <trkpt lat="46.541347" lon="10.501054">
      <ele>0</ele>
      <time>2026-04-13T10:56:31.282Z</time>
    </trkpt>
    <trkpt lat="46.541343" lon="10.501055">
      <ele>0</ele>
      <time>2026-04-13T10:56:32.181Z</time>
    </trkpt>
    <trkpt lat="46.541340" lon="10.501055">
      <ele>0</ele>
      <time>2026-04-13T10:56:33.080Z</time>
    </trkpt>
    <trkpt lat="46.541336" lon="10.501057">
      <ele>0</ele>
      <time>2026-04-13T10:56:33.979Z</time>
    </trkpt>
    <trkpt lat="46.541333" lon="10.501058">
      <ele>0</ele>
      <time>2026-04-13T10:56:34.878Z</time>
    </trkpt>
    <trkpt lat="46.541330" lon="10.501060">
      <ele>0</ele>
      <time>2026-04-13T10:56:35.777Z</time>
    </trkpt>
    <trkpt lat="46.541327" lon="10.501063">
      <ele>0</ele>
      <time>2026-04-13T10:56:36.676Z</time>
    </trkpt>
    <trkpt lat="46.541324" lon="10.501066">
      <ele>0</ele>
      <time>2026-04-13T10:56:37.575Z</time>
    </trkpt>
    <trkpt lat="46.541321" lon="10.501069">
      <ele>0</ele>
      <time>2026-04-13T10:56:38.474Z</time>
    </trkpt>
    <trkpt lat="46.541319" lon="10.501072">
      <ele>0</ele>
      <time>2026-04-13T10:56:39.374Z</time>
    </trkpt>
    <trkpt lat="46.541316" lon="10.501075">
      <ele>0</ele>
      <time>2026-04-13T10:56:40.273Z</time>
    </trkpt>
    <trkpt lat="46.541314" lon="10.501079">
      <ele>0</ele>
      <time>2026-04-13T10:56:41.172Z</time>
    </trkpt>
    <trkpt lat="46.541312" lon="10.501083">
      <ele>0</ele>
      <time>2026-04-13T10:56:42.071Z</time>
    </trkpt>
    <trkpt lat="46.541310" lon="10.501086">
      <ele>0</ele>
      <time>2026-04-13T10:56:42.970Z</time>
    </trkpt>
    <trkpt lat="46.541309" lon="10.501091">
      <ele>0</ele>
      <time>2026-04-13T10:56:43.869Z</time>
    </trkpt>
    <trkpt lat="46.541307" lon="10.501094">
      <ele>0</ele>
      <time>2026-04-13T10:56:44.768Z</time>
    </trkpt>
    <trkpt lat="46.541293" lon="10.501140">
      <ele>0</ele>
      <time>2026-04-13T10:56:45.667Z</time>
    </trkpt>
    <trkpt lat="46.541242" lon="10.501302">
      <ele>0</ele>
      <time>2026-04-13T10:56:46.566Z</time>
    </trkpt>
    <trkpt lat="46.541197" lon="10.501431">
      <ele>0</ele>
      <time>2026-04-13T10:56:47.465Z</time>
    </trkpt>
    <trkpt lat="46.541115" lon="10.501666">
      <ele>0</ele>
      <time>2026-04-13T10:56:48.364Z</time>
    </trkpt>
    <trkpt lat="46.541060" lon="10.501812">
      <ele>0</ele>
      <time>2026-04-13T10:56:49.264Z</time>
    </trkpt>
    <trkpt lat="46.540975" lon="10.502059">
      <ele>0</ele>
      <time>2026-04-13T10:56:50.163Z</time>
    </trkpt>
    <trkpt lat="46.540948" lon="10.502144">
      <ele>0</ele>
      <time>2026-04-13T10:56:51.062Z</time>
    </trkpt>
    <trkpt lat="46.540920" lon="10.502254">
      <ele>0</ele>
      <time>2026-04-13T10:56:51.961Z</time>
    </trkpt>
    <trkpt lat="46.540919" lon="10.502259">
      <ele>0</ele>
      <time>2026-04-13T10:56:52.860Z</time>
    </trkpt>
    <trkpt lat="46.540917" lon="10.502263">
      <ele>0</ele>
      <time>2026-04-13T10:56:53.759Z</time>
    </trkpt>
    <trkpt lat="46.540916" lon="10.502268">
      <ele>0</ele>
      <time>2026-04-13T10:56:54.658Z</time>
    </trkpt>
    <trkpt lat="46.540914" lon="10.502273">
      <ele>0</ele>
      <time>2026-04-13T10:56:55.557Z</time>
    </trkpt>
    <trkpt lat="46.540912" lon="10.502278">
      <ele>0</ele>
      <time>2026-04-13T10:56:56.456Z</time>
    </trkpt>
    <trkpt lat="46.540910" lon="10.502283">
      <ele>0</ele>
      <time>2026-04-13T10:56:57.355Z</time>
    </trkpt>
    <trkpt lat="46.540907" lon="10.502288">
      <ele>0</ele>
      <time>2026-04-13T10:56:58.254Z</time>
    </trkpt>
    <trkpt lat="46.540904" lon="10.502293">
      <ele>0</ele>
      <time>2026-04-13T10:56:59.154Z</time>
    </trkpt>
    <trkpt lat="46.540901" lon="10.502297">
      <ele>0</ele>
      <time>2026-04-13T10:57:00.053Z</time>
    </trkpt>
    <trkpt lat="46.540898" lon="10.502302">
      <ele>0</ele>
      <time>2026-04-13T10:57:00.952Z</time>
    </trkpt>
    <trkpt lat="46.540895" lon="10.502306">
      <ele>0</ele>
      <time>2026-04-13T10:57:01.851Z</time>
    </trkpt>
    <trkpt lat="46.540891" lon="10.502309">
      <ele>0</ele>
      <time>2026-04-13T10:57:02.750Z</time>
    </trkpt>
    <trkpt lat="46.540887" lon="10.502312">
      <ele>0</ele>
      <time>2026-04-13T10:57:03.649Z</time>
    </trkpt>
    <trkpt lat="46.540883" lon="10.502314">
      <ele>0</ele>
      <time>2026-04-13T10:57:04.548Z</time>
    </trkpt>
    <trkpt lat="46.540879" lon="10.502316">
      <ele>0</ele>
      <time>2026-04-13T10:57:05.447Z</time>
    </trkpt>
    <trkpt lat="46.540874" lon="10.502317">
      <ele>0</ele>
      <time>2026-04-13T10:57:06.346Z</time>
    </trkpt>
    <trkpt lat="46.540869" lon="10.502317">
      <ele>0</ele>
      <time>2026-04-13T10:57:07.245Z</time>
    </trkpt>
    <trkpt lat="46.540864" lon="10.502316">
      <ele>0</ele>
      <time>2026-04-13T10:57:08.144Z</time>
    </trkpt>
    <trkpt lat="46.540859" lon="10.502314">
      <ele>0</ele>
      <time>2026-04-13T10:57:09.044Z</time>
    </trkpt>
    <trkpt lat="46.540853" lon="10.502311">
      <ele>0</ele>
      <time>2026-04-13T10:57:09.943Z</time>
    </trkpt>
    <trkpt lat="46.540848" lon="10.502307">
      <ele>0</ele>
      <time>2026-04-13T10:57:10.842Z</time>
    </trkpt>
    <trkpt lat="46.540843" lon="10.502303">
      <ele>0</ele>
      <time>2026-04-13T10:57:11.741Z</time>
    </trkpt>
    <trkpt lat="46.540840" lon="10.502298">
      <ele>0</ele>
      <time>2026-04-13T10:57:12.640Z</time>
    </trkpt>
    <trkpt lat="46.540836" lon="10.502293">
      <ele>0</ele>
      <time>2026-04-13T10:57:13.539Z</time>
    </trkpt>
    <trkpt lat="46.540834" lon="10.502288">
      <ele>0</ele>
      <time>2026-04-13T10:57:14.438Z</time>
    </trkpt>
    <trkpt lat="46.540832" lon="10.502283">
      <ele>0</ele>
      <time>2026-04-13T10:57:15.337Z</time>
    </trkpt>
    <trkpt lat="46.540831" lon="10.502278">
      <ele>0</ele>
      <time>2026-04-13T10:57:16.236Z</time>
    </trkpt>
    <trkpt lat="46.540830" lon="10.502273">
      <ele>0</ele>
      <time>2026-04-13T10:57:17.135Z</time>
    </trkpt>
    <trkpt lat="46.540830" lon="10.502267">
      <ele>0</ele>
      <time>2026-04-13T10:57:18.034Z</time>
    </trkpt>
    <trkpt lat="46.540830" lon="10.502262">
      <ele>0</ele>
      <time>2026-04-13T10:57:18.933Z</time>
    </trkpt>
    <trkpt lat="46.540830" lon="10.502257">
      <ele>0</ele>
      <time>2026-04-13T10:57:19.833Z</time>
    </trkpt>
    <trkpt lat="46.540830" lon="10.502253">
      <ele>0</ele>
      <time>2026-04-13T10:57:20.732Z</time>
    </trkpt>
    <trkpt lat="46.540831" lon="10.502248">
      <ele>0</ele>
      <time>2026-04-13T10:57:21.631Z</time>
    </trkpt>
    <trkpt lat="46.540831" lon="10.502244">
      <ele>0</ele>
      <time>2026-04-13T10:57:22.530Z</time>
    </trkpt>
    <trkpt lat="46.540832" lon="10.502241">
      <ele>0</ele>
      <time>2026-04-13T10:57:23.429Z</time>
    </trkpt>
    <trkpt lat="46.540833" lon="10.502238">
      <ele>0</ele>
      <time>2026-04-13T10:57:24.328Z</time>
    </trkpt>
    <trkpt lat="46.540834" lon="10.502232">
      <ele>0</ele>
      <time>2026-04-13T10:57:25.227Z</time>
    </trkpt>
    <trkpt lat="46.540849" lon="10.502188">
      <ele>0</ele>
      <time>2026-04-13T10:57:26.126Z</time>
    </trkpt>
    <trkpt lat="46.540866" lon="10.502131">
      <ele>0</ele>
      <time>2026-04-13T10:57:27.025Z</time>
    </trkpt>
    <trkpt lat="46.540890" lon="10.502059">
      <ele>0</ele>
      <time>2026-04-13T10:57:27.924Z</time>
    </trkpt>
    <trkpt lat="46.540915" lon="10.501969">
      <ele>0</ele>
      <time>2026-04-13T10:57:28.823Z</time>
    </trkpt>
    <trkpt lat="46.540936" lon="10.501885">
      <ele>0</ele>
      <time>2026-04-13T10:57:29.723Z</time>
    </trkpt>
    <trkpt lat="46.540950" lon="10.501804">
      <ele>0</ele>
      <time>2026-04-13T10:57:30.622Z</time>
    </trkpt>
    <trkpt lat="46.540956" lon="10.501709">
      <ele>0</ele>
      <time>2026-04-13T10:57:31.521Z</time>
    </trkpt>
    <trkpt lat="46.540957" lon="10.501609">
      <ele>0</ele>
      <time>2026-04-13T10:57:32.420Z</time>
    </trkpt>
    <trkpt lat="46.540952" lon="10.501521">
      <ele>0</ele>
      <time>2026-04-13T10:57:33.319Z</time>
    </trkpt>
    <trkpt lat="46.540954" lon="10.501414">
      <ele>0</ele>
      <time>2026-04-13T10:57:34.218Z</time>
    </trkpt>
    <trkpt lat="46.540958" lon="10.501332">
      <ele>0</ele>
      <time>2026-04-13T10:57:35.117Z</time>
    </trkpt>
    <trkpt lat="46.540970" lon="10.501214">
      <ele>0</ele>
      <time>2026-04-13T10:57:36.016Z</time>
    </trkpt>
    <trkpt lat="46.540979" lon="10.501124">
      <ele>0</ele>
      <time>2026-04-13T10:57:36.915Z</time>
    </trkpt>
    <trkpt lat="46.540979" lon="10.501120">
      <ele>0</ele>
      <time>2026-04-13T10:57:37.814Z</time>
    </trkpt>
    <trkpt lat="46.540979" lon="10.501116">
      <ele>0</ele>
      <time>2026-04-13T10:57:38.713Z</time>
    </trkpt>
    <trkpt lat="46.540979" lon="10.501111">
      <ele>0</ele>
      <time>2026-04-13T10:57:39.613Z</time>
    </trkpt>
    <trkpt lat="46.540979" lon="10.501106">
      <ele>0</ele>
      <time>2026-04-13T10:57:40.512Z</time>
    </trkpt>
    <trkpt lat="46.540979" lon="10.501099">
      <ele>0</ele>
      <time>2026-04-13T10:57:41.411Z</time>
    </trkpt>
    <trkpt lat="46.540978" lon="10.501093">
      <ele>0</ele>
      <time>2026-04-13T10:57:42.310Z</time>
    </trkpt>
    <trkpt lat="46.540977" lon="10.501086">
      <ele>0</ele>
      <time>2026-04-13T10:57:43.209Z</time>
    </trkpt>
    <trkpt lat="46.540976" lon="10.501079">
      <ele>0</ele>
      <time>2026-04-13T10:57:44.108Z</time>
    </trkpt>
    <trkpt lat="46.540975" lon="10.501072">
      <ele>0</ele>
      <time>2026-04-13T10:57:45.007Z</time>
    </trkpt>
    <trkpt lat="46.540973" lon="10.501065">
      <ele>0</ele>
      <time>2026-04-13T10:57:45.906Z</time>
    </trkpt>
    <trkpt lat="46.540970" lon="10.501058">
      <ele>0</ele>
      <time>2026-04-13T10:57:46.805Z</time>
    </trkpt>
    <trkpt lat="46.540967" lon="10.501052">
      <ele>0</ele>
      <time>2026-04-13T10:57:47.704Z</time>
    </trkpt>
    <trkpt lat="46.540963" lon="10.501046">
      <ele>0</ele>
      <time>2026-04-13T10:57:48.603Z</time>
    </trkpt>
    <trkpt lat="46.540959" lon="10.501040">
      <ele>0</ele>
      <time>2026-04-13T10:57:49.503Z</time>
    </trkpt>
    <trkpt lat="46.540954" lon="10.501036">
      <ele>0</ele>
      <time>2026-04-13T10:57:50.402Z</time>
    </trkpt>
    <trkpt lat="46.540948" lon="10.501031">
      <ele>0</ele>
      <time>2026-04-13T10:57:51.301Z</time>
    </trkpt>
    <trkpt lat="46.540941" lon="10.501029">
      <ele>0</ele>
      <time>2026-04-13T10:57:52.200Z</time>
    </trkpt>
    <trkpt lat="46.540933" lon="10.501027">
      <ele>0</ele>
      <time>2026-04-13T10:57:53.099Z</time>
    </trkpt>
    <trkpt lat="46.540926" lon="10.501026">
      <ele>0</ele>
      <time>2026-04-13T10:57:53.998Z</time>
    </trkpt>
    <trkpt lat="46.540919" lon="10.501026">
      <ele>0</ele>
      <time>2026-04-13T10:57:54.897Z</time>
    </trkpt>
    <trkpt lat="46.540912" lon="10.501028">
      <ele>0</ele>
      <time>2026-04-13T10:57:55.796Z</time>
    </trkpt>
    <trkpt lat="46.540907" lon="10.501030">
      <ele>0</ele>
      <time>2026-04-13T10:57:56.695Z</time>
    </trkpt>
    <trkpt lat="46.540902" lon="10.501033">
      <ele>0</ele>
      <time>2026-04-13T10:57:57.594Z</time>
    </trkpt>
    <trkpt lat="46.540897" lon="10.501037">
      <ele>0</ele>
      <time>2026-04-13T10:57:58.493Z</time>
    </trkpt>
    <trkpt lat="46.540893" lon="10.501041">
      <ele>0</ele>
      <time>2026-04-13T10:57:59.392Z</time>
    </trkpt>
    <trkpt lat="46.540890" lon="10.501046">
      <ele>0</ele>
      <time>2026-04-13T10:58:00.292Z</time>
    </trkpt>
    <trkpt lat="46.540887" lon="10.501051">
      <ele>0</ele>
      <time>2026-04-13T10:58:01.191Z</time>
    </trkpt>
    <trkpt lat="46.540885" lon="10.501057">
      <ele>0</ele>
      <time>2026-04-13T10:58:02.090Z</time>
    </trkpt>
    <trkpt lat="46.540882" lon="10.501062">
      <ele>0</ele>
      <time>2026-04-13T10:58:02.989Z</time>
    </trkpt>
    <trkpt lat="46.540881" lon="10.501067">
      <ele>0</ele>
      <time>2026-04-13T10:58:03.888Z</time>
    </trkpt>
    <trkpt lat="46.540879" lon="10.501072">
      <ele>0</ele>
      <time>2026-04-13T10:58:04.787Z</time>
    </trkpt>
    <trkpt lat="46.540878" lon="10.501077">
      <ele>0</ele>
      <time>2026-04-13T10:58:05.686Z</time>
    </trkpt>
    <trkpt lat="46.540878" lon="10.501081">
      <ele>0</ele>
      <time>2026-04-13T10:58:06.585Z</time>
    </trkpt>
    <trkpt lat="46.540877" lon="10.501085">
      <ele>0</ele>
      <time>2026-04-13T10:58:07.484Z</time>
    </trkpt>
    <trkpt lat="46.540876" lon="10.501090">
      <ele>0</ele>
      <time>2026-04-13T10:58:08.383Z</time>
    </trkpt>
    <trkpt lat="46.540876" lon="10.501093">
      <ele>0</ele>
      <time>2026-04-13T10:58:09.282Z</time>
    </trkpt>
    <trkpt lat="46.540873" lon="10.501127">
      <ele>0</ele>
      <time>2026-04-13T10:58:10.182Z</time>
    </trkpt>
    <trkpt lat="46.540869" lon="10.501215">
      <ele>0</ele>
      <time>2026-04-13T10:58:11.081Z</time>
    </trkpt>
    <trkpt lat="46.540863" lon="10.501333">
      <ele>0</ele>
      <time>2026-04-13T10:58:11.980Z</time>
    </trkpt>
    <trkpt lat="46.540848" lon="10.501478">
      <ele>0</ele>
      <time>2026-04-13T10:58:12.879Z</time>
    </trkpt>
    <trkpt lat="46.540842" lon="10.501570">
      <ele>0</ele>
      <time>2026-04-13T10:58:13.778Z</time>
    </trkpt>
    <trkpt lat="46.540827" lon="10.501698">
      <ele>0</ele>
      <time>2026-04-13T10:58:14.677Z</time>
    </trkpt>
    <trkpt lat="46.540813" lon="10.501788">
      <ele>0</ele>
      <time>2026-04-13T10:58:15.576Z</time>
    </trkpt>
    <trkpt lat="46.540791" lon="10.501904">
      <ele>0</ele>
      <time>2026-04-13T10:58:16.475Z</time>
    </trkpt>
    <trkpt lat="46.540769" lon="10.502013">
      <ele>0</ele>
      <time>2026-04-13T10:58:17.374Z</time>
    </trkpt>
    <trkpt lat="46.540768" lon="10.502019">
      <ele>0</ele>
      <time>2026-04-13T10:58:18.273Z</time>
    </trkpt>
    <trkpt lat="46.540766" lon="10.502026">
      <ele>0</ele>
      <time>2026-04-13T10:58:19.172Z</time>
    </trkpt>
    <trkpt lat="46.540764" lon="10.502033">
      <ele>0</ele>
      <time>2026-04-13T10:58:20.072Z</time>
    </trkpt>
    <trkpt lat="46.540762" lon="10.502039">
      <ele>0</ele>
      <time>2026-04-13T10:58:20.971Z</time>
    </trkpt>
    <trkpt lat="46.540759" lon="10.502046">
      <ele>0</ele>
      <time>2026-04-13T10:58:21.870Z</time>
    </trkpt>
    <trkpt lat="46.540757" lon="10.502053">
      <ele>0</ele>
      <time>2026-04-13T10:58:22.769Z</time>
    </trkpt>
    <trkpt lat="46.540754" lon="10.502059">
      <ele>0</ele>
      <time>2026-04-13T10:58:23.668Z</time>
    </trkpt>
    <trkpt lat="46.540750" lon="10.502066">
      <ele>0</ele>
      <time>2026-04-13T10:58:24.567Z</time>
    </trkpt>
    <trkpt lat="46.540747" lon="10.502071">
      <ele>0</ele>
      <time>2026-04-13T10:58:25.466Z</time>
    </trkpt>
    <trkpt lat="46.540743" lon="10.502077">
      <ele>0</ele>
      <time>2026-04-13T10:58:26.365Z</time>
    </trkpt>
    <trkpt lat="46.540739" lon="10.502081">
      <ele>0</ele>
      <time>2026-04-13T10:58:27.264Z</time>
    </trkpt>
    <trkpt lat="46.540735" lon="10.502085">
      <ele>0</ele>
      <time>2026-04-13T10:58:28.163Z</time>
    </trkpt>
    <trkpt lat="46.540731" lon="10.502089">
      <ele>0</ele>
      <time>2026-04-13T10:58:29.062Z</time>
    </trkpt>
    <trkpt lat="46.540726" lon="10.502091">
      <ele>0</ele>
      <time>2026-04-13T10:58:29.962Z</time>
    </trkpt>
    <trkpt lat="46.540721" lon="10.502092">
      <ele>0</ele>
      <time>2026-04-13T10:58:30.861Z</time>
    </trkpt>
    <trkpt lat="46.540716" lon="10.502093">
      <ele>0</ele>
      <time>2026-04-13T10:58:31.760Z</time>
    </trkpt>
    <trkpt lat="46.540711" lon="10.502092">
      <ele>0</ele>
      <time>2026-04-13T10:58:32.659Z</time>
    </trkpt>
    <trkpt lat="46.540705" lon="10.502090">
      <ele>0</ele>
      <time>2026-04-13T10:58:33.558Z</time>
    </trkpt>
    <trkpt lat="46.540699" lon="10.502086">
      <ele>0</ele>
      <time>2026-04-13T10:58:34.457Z</time>
    </trkpt>
    <trkpt lat="46.540694" lon="10.502081">
      <ele>0</ele>
      <time>2026-04-13T10:58:35.356Z</time>
    </trkpt>
    <trkpt lat="46.540688" lon="10.502076">
      <ele>0</ele>
      <time>2026-04-13T10:58:36.255Z</time>
    </trkpt>
    <trkpt lat="46.540683" lon="10.502070">
      <ele>0</ele>
      <time>2026-04-13T10:58:37.154Z</time>
    </trkpt>
    <trkpt lat="46.540679" lon="10.502063">
      <ele>0</ele>
      <time>2026-04-13T10:58:38.053Z</time>
    </trkpt>
    <trkpt lat="46.540676" lon="10.502057">
      <ele>0</ele>
      <time>2026-04-13T10:58:38.952Z</time>
    </trkpt>
    <trkpt lat="46.540674" lon="10.502050">
      <ele>0</ele>
      <time>2026-04-13T10:58:39.851Z</time>
    </trkpt>
    <trkpt lat="46.540672" lon="10.502043">
      <ele>0</ele>
      <time>2026-04-13T10:58:40.751Z</time>
    </trkpt>
    <trkpt lat="46.540671" lon="10.502037">
      <ele>0</ele>
      <time>2026-04-13T10:58:41.650Z</time>
    </trkpt>
    <trkpt lat="46.540671" lon="10.502030">
      <ele>0</ele>
      <time>2026-04-13T10:58:42.549Z</time>
    </trkpt>
    <trkpt lat="46.540670" lon="10.502024">
      <ele>0</ele>
      <time>2026-04-13T10:58:43.448Z</time>
    </trkpt>
    <trkpt lat="46.540670" lon="10.502017">
      <ele>0</ele>
      <time>2026-04-13T10:58:44.347Z</time>
    </trkpt>
    <trkpt lat="46.540671" lon="10.502011">
      <ele>0</ele>
      <time>2026-04-13T10:58:45.246Z</time>
    </trkpt>
    <trkpt lat="46.540672" lon="10.502006">
      <ele>0</ele>
      <time>2026-04-13T10:58:46.145Z</time>
    </trkpt>
    <trkpt lat="46.540672" lon="10.502001">
      <ele>0</ele>
      <time>2026-04-13T10:58:47.044Z</time>
    </trkpt>
    <trkpt lat="46.540673" lon="10.501996">
      <ele>0</ele>
      <time>2026-04-13T10:58:47.943Z</time>
    </trkpt>
    <trkpt lat="46.540674" lon="10.501992">
      <ele>0</ele>
      <time>2026-04-13T10:58:48.842Z</time>
    </trkpt>
    <trkpt lat="46.540675" lon="10.501988">
      <ele>0</ele>
      <time>2026-04-13T10:58:49.741Z</time>
    </trkpt>
    <trkpt lat="46.540676" lon="10.501984">
      <ele>0</ele>
      <time>2026-04-13T10:58:50.641Z</time>
    </trkpt>
    <trkpt lat="46.540677" lon="10.501982">
      <ele>0</ele>
      <time>2026-04-13T10:58:51.540Z</time>
    </trkpt>
    <trkpt lat="46.540686" lon="10.501953">
      <ele>0</ele>
      <time>2026-04-13T10:58:52.439Z</time>
    </trkpt>
    <trkpt lat="46.540713" lon="10.501878">
      <ele>0</ele>
      <time>2026-04-13T10:58:53.338Z</time>
    </trkpt>
    <trkpt lat="46.540735" lon="10.501799">
      <ele>0</ele>
      <time>2026-04-13T10:58:54.237Z</time>
    </trkpt>
    <trkpt lat="46.540742" lon="10.501726">
      <ele>0</ele>
      <time>2026-04-13T10:58:55.136Z</time>
    </trkpt>
    <trkpt lat="46.540741" lon="10.501668">
      <ele>0</ele>
      <time>2026-04-13T10:58:56.035Z</time>
    </trkpt>
    <trkpt lat="46.540730" lon="10.501568">
      <ele>0</ele>
      <time>2026-04-13T10:58:56.934Z</time>
    </trkpt>
    <trkpt lat="46.540711" lon="10.501454">
      <ele>0</ele>
      <time>2026-04-13T10:58:57.833Z</time>
    </trkpt>
    <trkpt lat="46.540700" lon="10.501345">
      <ele>0</ele>
      <time>2026-04-13T10:58:58.732Z</time>
    </trkpt>
    <trkpt lat="46.540691" lon="10.501261">
      <ele>0</ele>
      <time>2026-04-13T10:58:59.631Z</time>
    </trkpt>
    <trkpt lat="46.540697" lon="10.501156">
      <ele>0</ele>
      <time>2026-04-13T10:59:00.531Z</time>
    </trkpt>
    <trkpt lat="46.540707" lon="10.501007">
      <ele>0</ele>
      <time>2026-04-13T10:59:01.430Z</time>
    </trkpt>
    <trkpt lat="46.540722" lon="10.500905">
      <ele>0</ele>
      <time>2026-04-13T10:59:02.329Z</time>
    </trkpt>
    <trkpt lat="46.540747" lon="10.500815">
      <ele>0</ele>
      <time>2026-04-13T10:59:03.228Z</time>
    </trkpt>
    <trkpt lat="46.540773" lon="10.500713">
      <ele>0</ele>
      <time>2026-04-13T10:59:04.127Z</time>
    </trkpt>
    <trkpt lat="46.540808" lon="10.500616">
      <ele>0</ele>
      <time>2026-04-13T10:59:05.026Z</time>
    </trkpt>
    <trkpt lat="46.540849" lon="10.500542">
      <ele>0</ele>
      <time>2026-04-13T10:59:05.925Z</time>
    </trkpt>
    <trkpt lat="46.540905" lon="10.500449">
      <ele>0</ele>
      <time>2026-04-13T10:59:06.824Z</time>
    </trkpt>
    <trkpt lat="46.540960" lon="10.500356">
      <ele>0</ele>
      <time>2026-04-13T10:59:07.723Z</time>
    </trkpt>
    <trkpt lat="46.541020" lon="10.500275">
      <ele>0</ele>
      <time>2026-04-13T10:59:08.622Z</time>
    </trkpt>
    <trkpt lat="46.541080" lon="10.500195">
      <ele>0</ele>
      <time>2026-04-13T10:59:09.521Z</time>
    </trkpt>
    <trkpt lat="46.541123" lon="10.500129">
      <ele>0</ele>
      <time>2026-04-13T10:59:10.421Z</time>
    </trkpt>
    <trkpt lat="46.541250" lon="10.499950">
      <ele>0</ele>
      <time>2026-04-13T10:59:11.320Z</time>
    </trkpt>
    <trkpt lat="46.541334" lon="10.499842">
      <ele>0</ele>
      <time>2026-04-13T10:59:12.219Z</time>
    </trkpt>
    <trkpt lat="46.541393" lon="10.499758">
      <ele>0</ele>
      <time>2026-04-13T10:59:13.118Z</time>
    </trkpt>
    <trkpt lat="46.541425" lon="10.499710">
      <ele>0</ele>
      <time>2026-04-13T10:59:14.017Z</time>
    </trkpt>
    <trkpt lat="46.541427" lon="10.499707">
      <ele>0</ele>
      <time>2026-04-13T10:59:14.916Z</time>
    </trkpt>
    <trkpt lat="46.541428" lon="10.499705">
      <ele>0</ele>
      <time>2026-04-13T10:59:15.815Z</time>
    </trkpt>
    <trkpt lat="46.541430" lon="10.499702">
      <ele>0</ele>
      <time>2026-04-13T10:59:16.714Z</time>
    </trkpt>
    <trkpt lat="46.541432" lon="10.499699">
      <ele>0</ele>
      <time>2026-04-13T10:59:17.613Z</time>
    </trkpt>
    <trkpt lat="46.541434" lon="10.499695">
      <ele>0</ele>
      <time>2026-04-13T10:59:18.512Z</time>
    </trkpt>
    <trkpt lat="46.541436" lon="10.499690">
      <ele>0</ele>
      <time>2026-04-13T10:59:19.411Z</time>
    </trkpt>
    <trkpt lat="46.541438" lon="10.499686">
      <ele>0</ele>
      <time>2026-04-13T10:59:20.310Z</time>
    </trkpt>
    <trkpt lat="46.541440" lon="10.499681">
      <ele>0</ele>
      <time>2026-04-13T10:59:21.210Z</time>
    </trkpt>
    <trkpt lat="46.541442" lon="10.499675">
      <ele>0</ele>
      <time>2026-04-13T10:59:22.109Z</time>
    </trkpt>
    <trkpt lat="46.541444" lon="10.499670">
      <ele>0</ele>
      <time>2026-04-13T10:59:23.008Z</time>
    </trkpt>
    <trkpt lat="46.541445" lon="10.499664">
      <ele>0</ele>
      <time>2026-04-13T10:59:23.907Z</time>
    </trkpt>
    <trkpt lat="46.541446" lon="10.499657">
      <ele>0</ele>
      <time>2026-04-13T10:59:24.806Z</time>
    </trkpt>
    <trkpt lat="46.541446" lon="10.499651">
      <ele>0</ele>
      <time>2026-04-13T10:59:25.705Z</time>
    </trkpt>
    <trkpt lat="46.541446" lon="10.499645">
      <ele>0</ele>
      <time>2026-04-13T10:59:26.604Z</time>
    </trkpt>
    <trkpt lat="46.541445" lon="10.499638">
      <ele>0</ele>
      <time>2026-04-13T10:59:27.503Z</time>
    </trkpt>
    <trkpt lat="46.541444" lon="10.499632">
      <ele>0</ele>
      <time>2026-04-13T10:59:28.402Z</time>
    </trkpt>
    <trkpt lat="46.541441" lon="10.499625">
      <ele>0</ele>
      <time>2026-04-13T10:59:29.301Z</time>
    </trkpt>
    <trkpt lat="46.541438" lon="10.499619">
      <ele>0</ele>
      <time>2026-04-13T10:59:30.200Z</time>
    </trkpt>
    <trkpt lat="46.541435" lon="10.499613">
      <ele>0</ele>
      <time>2026-04-13T10:59:31.100Z</time>
    </trkpt>
    <trkpt lat="46.541431" lon="10.499608">
      <ele>0</ele>
      <time>2026-04-13T10:59:31.999Z</time>
    </trkpt>
    <trkpt lat="46.541427" lon="10.499605">
      <ele>0</ele>
      <time>2026-04-13T10:59:32.898Z</time>
    </trkpt>
    <trkpt lat="46.541423" lon="10.499602">
      <ele>0</ele>
      <time>2026-04-13T10:59:33.797Z</time>
    </trkpt>
    <trkpt lat="46.541419" lon="10.499601">
      <ele>0</ele>
      <time>2026-04-13T10:59:34.696Z</time>
    </trkpt>
    <trkpt lat="46.541415" lon="10.499600">
      <ele>0</ele>
      <time>2026-04-13T10:59:35.595Z</time>
    </trkpt>
    <trkpt lat="46.541410" lon="10.499600">
      <ele>0</ele>
      <time>2026-04-13T10:59:36.494Z</time>
    </trkpt>
    <trkpt lat="46.541406" lon="10.499601">
      <ele>0</ele>
      <time>2026-04-13T10:59:37.393Z</time>
    </trkpt>
    <trkpt lat="46.541402" lon="10.499602">
      <ele>0</ele>
      <time>2026-04-13T10:59:38.292Z</time>
    </trkpt>
    <trkpt lat="46.541398" lon="10.499604">
      <ele>0</ele>
      <time>2026-04-13T10:59:39.191Z</time>
    </trkpt>
    <trkpt lat="46.541394" lon="10.499606">
      <ele>0</ele>
      <time>2026-04-13T10:59:40.090Z</time>
    </trkpt>
    <trkpt lat="46.541391" lon="10.499608">
      <ele>0</ele>
      <time>2026-04-13T10:59:40.990Z</time>
    </trkpt>
    <trkpt lat="46.541387" lon="10.499610">
      <ele>0</ele>
      <time>2026-04-13T10:59:41.889Z</time>
    </trkpt>
    <trkpt lat="46.541384" lon="10.499612">
      <ele>0</ele>
      <time>2026-04-13T10:59:42.788Z</time>
    </trkpt>
    <trkpt lat="46.541382" lon="10.499614">
      <ele>0</ele>
      <time>2026-04-13T10:59:43.687Z</time>
    </trkpt>
    <trkpt lat="46.541380" lon="10.499616">
      <ele>0</ele>
      <time>2026-04-13T10:59:44.586Z</time>
    </trkpt>
    <trkpt lat="46.541377" lon="10.499619">
      <ele>0</ele>
      <time>2026-04-13T10:59:45.485Z</time>
    </trkpt>
    <trkpt lat="46.541375" lon="10.499620">
      <ele>0</ele>
      <time>2026-04-13T10:59:46.384Z</time>
    </trkpt>
    <trkpt lat="46.541352" lon="10.499647">
      <ele>0</ele>
      <time>2026-04-13T10:59:47.283Z</time>
    </trkpt>
    <trkpt lat="46.541310" lon="10.499711">
      <ele>0</ele>
      <time>2026-04-13T10:59:48.182Z</time>
    </trkpt>
    <trkpt lat="46.541243" lon="10.499789">
      <ele>0</ele>
      <time>2026-04-13T10:59:49.081Z</time>
    </trkpt>
    <trkpt lat="46.541188" lon="10.499857">
      <ele>0</ele>
      <time>2026-04-13T10:59:49.980Z</time>
    </trkpt>
    <trkpt lat="46.541133" lon="10.499911">
      <ele>0</ele>
      <time>2026-04-13T10:59:50.880Z</time>
    </trkpt>
    <trkpt lat="46.541024" lon="10.500001">
      <ele>0</ele>
      <time>2026-04-13T10:59:51.779Z</time>
    </trkpt>
    <trkpt lat="46.540844" lon="10.500139">
      <ele>0</ele>
      <time>2026-04-13T10:59:52.678Z</time>
    </trkpt>
    <trkpt lat="46.540706" lon="10.500240">
      <ele>0</ele>
      <time>2026-04-13T10:59:53.577Z</time>
    </trkpt>
    <trkpt lat="46.540632" lon="10.500299">
      <ele>0</ele>
      <time>2026-04-13T10:59:54.476Z</time>
    </trkpt>
    <trkpt lat="46.540553" lon="10.500376">
      <ele>0</ele>
      <time>2026-04-13T10:59:55.375Z</time>
    </trkpt>
    <trkpt lat="46.540474" lon="10.500477">
      <ele>0</ele>
      <time>2026-04-13T10:59:56.274Z</time>
    </trkpt>
    <trkpt lat="46.540411" lon="10.500561">
      <ele>0</ele>
      <time>2026-04-13T10:59:57.173Z</time>
    </trkpt>
    <trkpt lat="46.540356" lon="10.500632">
      <ele>0</ele>
      <time>2026-04-13T10:59:58.072Z</time>
    </trkpt>
    <trkpt lat="46.540320" lon="10.500680">
      <ele>0</ele>
      <time>2026-04-13T10:59:58.971Z</time>
    </trkpt>
    <trkpt lat="46.540265" lon="10.500731">
      <ele>0</ele>
      <time>2026-04-13T10:59:59.870Z</time>
    </trkpt>
    <trkpt lat="46.540224" lon="10.500755">
      <ele>0</ele>
      <time>2026-04-13T11:00:00.769Z</time>
    </trkpt>
    <trkpt lat="46.540168" lon="10.500772">
      <ele>0</ele>
      <time>2026-04-13T11:00:01.669Z</time>
    </trkpt>
    <trkpt lat="46.540090" lon="10.500778">
      <ele>0</ele>
      <time>2026-04-13T11:00:02.568Z</time>
    </trkpt>
    <trkpt lat="46.540027" lon="10.500787">
      <ele>0</ele>
      <time>2026-04-13T11:00:03.467Z</time>
    </trkpt>
    <trkpt lat="46.539967" lon="10.500808">
      <ele>0</ele>
      <time>2026-04-13T11:00:04.366Z</time>
    </trkpt>
    <trkpt lat="46.539926" lon="10.500832">
      <ele>0</ele>
      <time>2026-04-13T11:00:05.265Z</time>
    </trkpt>
    <trkpt lat="46.539847" lon="10.500874">
      <ele>0</ele>
      <time>2026-04-13T11:00:06.164Z</time>
    </trkpt>
    <trkpt lat="46.539710" lon="10.500946">
      <ele>0</ele>
      <time>2026-04-13T11:00:07.063Z</time>
    </trkpt>
    <trkpt lat="46.539612" lon="10.501004">
      <ele>0</ele>
      <time>2026-04-13T11:00:07.962Z</time>
    </trkpt>
    <trkpt lat="46.539391" lon="10.501118">
      <ele>0</ele>
      <time>2026-04-13T11:00:08.861Z</time>
    </trkpt>
    <trkpt lat="46.539274" lon="10.501179">
      <ele>0</ele>
      <time>2026-04-13T11:00:09.760Z</time>
    </trkpt>
    <trkpt lat="46.539205" lon="10.501215">
      <ele>0</ele>
      <time>2026-04-13T11:00:10.659Z</time>
    </trkpt>
    <trkpt lat="46.539111" lon="10.501252">
      <ele>0</ele>
      <time>2026-04-13T11:00:11.559Z</time>
    </trkpt>
    <trkpt lat="46.539017" lon="10.501284">
      <ele>0</ele>
      <time>2026-04-13T11:00:12.458Z</time>
    </trkpt>
    <trkpt lat="46.538952" lon="10.501307">
      <ele>0</ele>
      <time>2026-04-13T11:00:13.357Z</time>
    </trkpt>
    <trkpt lat="46.538875" lon="10.501326">
      <ele>0</ele>
      <time>2026-04-13T11:00:14.256Z</time>
    </trkpt>
    <trkpt lat="46.538703" lon="10.501362">
      <ele>0</ele>
      <time>2026-04-13T11:00:15.155Z</time>
    </trkpt>
    <trkpt lat="46.538656" lon="10.501371">
      <ele>0</ele>
      <time>2026-04-13T11:00:16.054Z</time>
    </trkpt>
    <trkpt lat="46.538613" lon="10.501395">
      <ele>0</ele>
      <time>2026-04-13T11:00:16.953Z</time>
    </trkpt>
    <trkpt lat="46.538573" lon="10.501406">
      <ele>0</ele>
      <time>2026-04-13T11:00:17.852Z</time>
    </trkpt>
    <trkpt lat="46.538526" lon="10.501418">
      <ele>0</ele>
      <time>2026-04-13T11:00:18.751Z</time>
    </trkpt>
    <trkpt lat="46.538478" lon="10.501418">
      <ele>0</ele>
      <time>2026-04-13T11:00:19.650Z</time>
    </trkpt>
    <trkpt lat="46.538393" lon="10.501421">
      <ele>0</ele>
      <time>2026-04-13T11:00:20.549Z</time>
    </trkpt>
    <trkpt lat="46.538188" lon="10.501422">
      <ele>0</ele>
      <time>2026-04-13T11:00:21.449Z</time>
    </trkpt>
    <trkpt lat="46.538044" lon="10.501419">
      <ele>0</ele>
      <time>2026-04-13T11:00:22.348Z</time>
    </trkpt>
    <trkpt lat="46.537970" lon="10.501422">
      <ele>0</ele>
      <time>2026-04-13T11:00:23.247Z</time>
    </trkpt>
    <trkpt lat="46.537858" lon="10.501432">
      <ele>0</ele>
      <time>2026-04-13T11:00:24.146Z</time>
    </trkpt>
    <trkpt lat="46.537791" lon="10.501436">
      <ele>0</ele>
      <time>2026-04-13T11:00:25.045Z</time>
    </trkpt>
    <trkpt lat="46.537724" lon="10.501443">
      <ele>0</ele>
      <time>2026-04-13T11:00:25.944Z</time>
    </trkpt>
    <trkpt lat="46.537665" lon="10.501448">
      <ele>0</ele>
      <time>2026-04-13T11:00:26.843Z</time>
    </trkpt>
    <trkpt lat="46.537601" lon="10.501454">
      <ele>0</ele>
      <time>2026-04-13T11:00:27.742Z</time>
    </trkpt>
    <trkpt lat="46.537538" lon="10.501456">
      <ele>0</ele>
      <time>2026-04-13T11:00:28.641Z</time>
    </trkpt>
    <trkpt lat="46.537491" lon="10.501460">
      <ele>0</ele>
      <time>2026-04-13T11:00:29.540Z</time>
    </trkpt>
    <trkpt lat="46.537428" lon="10.501456">
      <ele>0</ele>
      <time>2026-04-13T11:00:30.439Z</time>
    </trkpt>
    <trkpt lat="46.537388" lon="10.501456">
      <ele>0</ele>
      <time>2026-04-13T11:00:31.339Z</time>
    </trkpt>
    <trkpt lat="46.537355" lon="10.501448">
      <ele>0</ele>
      <time>2026-04-13T11:00:32.238Z</time>
    </trkpt>
    <trkpt lat="46.537352" lon="10.501447">
      <ele>0</ele>
      <time>2026-04-13T11:00:33.137Z</time>
    </trkpt>
    <trkpt lat="46.537349" lon="10.501445">
      <ele>0</ele>
      <time>2026-04-13T11:00:34.036Z</time>
    </trkpt>
    <trkpt lat="46.537346" lon="10.501444">
      <ele>0</ele>
      <time>2026-04-13T11:00:34.935Z</time>
    </trkpt>
    <trkpt lat="46.537342" lon="10.501441">
      <ele>0</ele>
      <time>2026-04-13T11:00:35.834Z</time>
    </trkpt>
    <trkpt lat="46.537338" lon="10.501439">
      <ele>0</ele>
      <time>2026-04-13T11:00:36.733Z</time>
    </trkpt>
    <trkpt lat="46.537334" lon="10.501436">
      <ele>0</ele>
      <time>2026-04-13T11:00:37.632Z</time>
    </trkpt>
    <trkpt lat="46.537330" lon="10.501432">
      <ele>0</ele>
      <time>2026-04-13T11:00:38.531Z</time>
    </trkpt>
    <trkpt lat="46.537325" lon="10.501428">
      <ele>0</ele>
      <time>2026-04-13T11:00:39.430Z</time>
    </trkpt>
    <trkpt lat="46.537321" lon="10.501423">
      <ele>0</ele>
      <time>2026-04-13T11:00:40.329Z</time>
    </trkpt>
    <trkpt lat="46.537317" lon="10.501418">
      <ele>0</ele>
      <time>2026-04-13T11:00:41.228Z</time>
    </trkpt>
    <trkpt lat="46.537313" lon="10.501412">
      <ele>0</ele>
      <time>2026-04-13T11:00:42.128Z</time>
    </trkpt>
    <trkpt lat="46.537310" lon="10.501405">
      <ele>0</ele>
      <time>2026-04-13T11:00:43.027Z</time>
    </trkpt>
    <trkpt lat="46.537307" lon="10.501398">
      <ele>0</ele>
      <time>2026-04-13T11:00:43.926Z</time>
    </trkpt>
    <trkpt lat="46.537305" lon="10.501390">
      <ele>0</ele>
      <time>2026-04-13T11:00:44.825Z</time>
    </trkpt>
    <trkpt lat="46.537303" lon="10.501382">
      <ele>0</ele>
      <time>2026-04-13T11:00:45.724Z</time>
    </trkpt>
    <trkpt lat="46.537302" lon="10.501373">
      <ele>0</ele>
      <time>2026-04-13T11:00:46.623Z</time>
    </trkpt>
    <trkpt lat="46.537303" lon="10.501363">
      <ele>0</ele>
      <time>2026-04-13T11:00:47.522Z</time>
    </trkpt>
    <trkpt lat="46.537304" lon="10.501352">
      <ele>0</ele>
      <time>2026-04-13T11:00:48.421Z</time>
    </trkpt>
    <trkpt lat="46.537306" lon="10.501341">
      <ele>0</ele>
      <time>2026-04-13T11:00:49.320Z</time>
    </trkpt>
    <trkpt lat="46.537308" lon="10.501332">
      <ele>0</ele>
      <time>2026-04-13T11:00:50.219Z</time>
    </trkpt>
    <trkpt lat="46.537312" lon="10.501324">
      <ele>0</ele>
      <time>2026-04-13T11:00:51.118Z</time>
    </trkpt>
    <trkpt lat="46.537315" lon="10.501317">
      <ele>0</ele>
      <time>2026-04-13T11:00:52.018Z</time>
    </trkpt>
    <trkpt lat="46.537319" lon="10.501311">
      <ele>0</ele>
      <time>2026-04-13T11:00:52.917Z</time>
    </trkpt>
    <trkpt lat="46.537323" lon="10.501307">
      <ele>0</ele>
      <time>2026-04-13T11:00:53.816Z</time>
    </trkpt>
    <trkpt lat="46.537327" lon="10.501302">
      <ele>0</ele>
      <time>2026-04-13T11:00:54.715Z</time>
    </trkpt>
    <trkpt lat="46.537331" lon="10.501299">
      <ele>0</ele>
      <time>2026-04-13T11:00:55.614Z</time>
    </trkpt>
    <trkpt lat="46.537336" lon="10.501297">
      <ele>0</ele>
      <time>2026-04-13T11:00:56.513Z</time>
    </trkpt>
    <trkpt lat="46.537340" lon="10.501295">
      <ele>0</ele>
      <time>2026-04-13T11:00:57.412Z</time>
    </trkpt>
    <trkpt lat="46.537344" lon="10.501293">
      <ele>0</ele>
      <time>2026-04-13T11:00:58.311Z</time>
    </trkpt>
    <trkpt lat="46.537348" lon="10.501292">
      <ele>0</ele>
      <time>2026-04-13T11:00:59.210Z</time>
    </trkpt>
    <trkpt lat="46.537352" lon="10.501292">
      <ele>0</ele>
      <time>2026-04-13T11:01:00.109Z</time>
    </trkpt>
    <trkpt lat="46.537356" lon="10.501292">
      <ele>0</ele>
      <time>2026-04-13T11:01:01.008Z</time>
    </trkpt>
    <trkpt lat="46.537359" lon="10.501292">
      <ele>0</ele>
      <time>2026-04-13T11:01:01.908Z</time>
    </trkpt>
    <trkpt lat="46.537362" lon="10.501292">
      <ele>0</ele>
      <time>2026-04-13T11:01:02.807Z</time>
    </trkpt>
    <trkpt lat="46.537365" lon="10.501292">
      <ele>0</ele>
      <time>2026-04-13T11:01:03.706Z</time>
    </trkpt>
    <trkpt lat="46.537367" lon="10.501293">
      <ele>0</ele>
      <time>2026-04-13T11:01:04.605Z</time>
    </trkpt>
    <trkpt lat="46.537378" lon="10.501295">
      <ele>0</ele>
      <time>2026-04-13T11:01:05.504Z</time>
    </trkpt>
    <trkpt lat="46.537412" lon="10.501302">
      <ele>0</ele>
      <time>2026-04-13T11:01:06.403Z</time>
    </trkpt>
    <trkpt lat="46.537442" lon="10.501311">
      <ele>0</ele>
      <time>2026-04-13T11:01:07.302Z</time>
    </trkpt>
    <trkpt lat="46.537495" lon="10.501320">
      <ele>0</ele>
      <time>2026-04-13T11:01:08.201Z</time>
    </trkpt>
    <trkpt lat="46.537546" lon="10.501322">
      <ele>0</ele>
      <time>2026-04-13T11:01:09.100Z</time>
    </trkpt>
    <trkpt lat="46.537584" lon="10.501315">
      <ele>0</ele>
      <time>2026-04-13T11:01:09.999Z</time>
    </trkpt>
    <trkpt lat="46.537629" lon="10.501293">
      <ele>0</ele>
      <time>2026-04-13T11:01:10.898Z</time>
    </trkpt>
    <trkpt lat="46.537674" lon="10.501269">
      <ele>0</ele>
      <time>2026-04-13T11:01:11.797Z</time>
    </trkpt>
    <trkpt lat="46.537719" lon="10.501236">
      <ele>0</ele>
      <time>2026-04-13T11:01:12.697Z</time>
    </trkpt>
    <trkpt lat="46.537775" lon="10.501194">
      <ele>0</ele>
      <time>2026-04-13T11:01:13.596Z</time>
    </trkpt>
    <trkpt lat="46.537822" lon="10.501167">
      <ele>0</ele>
      <time>2026-04-13T11:01:14.495Z</time>
    </trkpt>
    <trkpt lat="46.537883" lon="10.501131">
      <ele>0</ele>
      <time>2026-04-13T11:01:15.394Z</time>
    </trkpt>
    <trkpt lat="46.537937" lon="10.501115">
      <ele>0</ele>
      <time>2026-04-13T11:01:16.293Z</time>
    </trkpt>
    <trkpt lat="46.537991" lon="10.501096">
      <ele>0</ele>
      <time>2026-04-13T11:01:17.192Z</time>
    </trkpt>
    <trkpt lat="46.538050" lon="10.501080">
      <ele>0</ele>
      <time>2026-04-13T11:01:18.091Z</time>
    </trkpt>
    <trkpt lat="46.538122" lon="10.501058">
      <ele>0</ele>
      <time>2026-04-13T11:01:18.990Z</time>
    </trkpt>
    <trkpt lat="46.538165" lon="10.501046">
      <ele>0</ele>
      <time>2026-04-13T11:01:19.889Z</time>
    </trkpt>
    <trkpt lat="46.538253" lon="10.501017">
      <ele>0</ele>
      <time>2026-04-13T11:01:20.788Z</time>
    </trkpt>
    <trkpt lat="46.538310" lon="10.500997">
      <ele>0</ele>
      <time>2026-04-13T11:01:21.687Z</time>
    </trkpt>
    <trkpt lat="46.538362" lon="10.500980">
      <ele>0</ele>
      <time>2026-04-13T11:01:22.587Z</time>
    </trkpt>
    <trkpt lat="46.538418" lon="10.500964">
      <ele>0</ele>
      <time>2026-04-13T11:01:23.486Z</time>
    </trkpt>
    <trkpt lat="46.538478" lon="10.500946">
      <ele>0</ele>
      <time>2026-04-13T11:01:24.385Z</time>
    </trkpt>
    <trkpt lat="46.538531" lon="10.500929">
      <ele>0</ele>
      <time>2026-04-13T11:01:25.284Z</time>
    </trkpt>
    <trkpt lat="46.538567" lon="10.500918">
      <ele>0</ele>
      <time>2026-04-13T11:01:26.183Z</time>
    </trkpt>
    <trkpt lat="46.538594" lon="10.500908">
      <ele>0</ele>
      <time>2026-04-13T11:01:27.082Z</time>
    </trkpt>
    <trkpt lat="46.538621" lon="10.500893">
      <ele>0</ele>
      <time>2026-04-13T11:01:27.981Z</time>
    </trkpt>
    <trkpt lat="46.538653" lon="10.500866">
      <ele>0</ele>
      <time>2026-04-13T11:01:28.880Z</time>
    </trkpt>
    <trkpt lat="46.538679" lon="10.500829">
      <ele>0</ele>
      <time>2026-04-13T11:01:29.779Z</time>
    </trkpt>
    <trkpt lat="46.538711" lon="10.500779">
      <ele>0</ele>
      <time>2026-04-13T11:01:30.678Z</time>
    </trkpt>
    <trkpt lat="46.538748" lon="10.500720">
      <ele>0</ele>
      <time>2026-04-13T11:01:31.577Z</time>
    </trkpt>
    <trkpt lat="46.538799" lon="10.500622">
      <ele>0</ele>
      <time>2026-04-13T11:01:32.477Z</time>
    </trkpt>
    <trkpt lat="46.538836" lon="10.500563">
      <ele>0</ele>
      <time>2026-04-13T11:01:33.376Z</time>
    </trkpt>
    <trkpt lat="46.538876" lon="10.500506">
      <ele>0</ele>
      <time>2026-04-13T11:01:34.275Z</time>
    </trkpt>
    <trkpt lat="46.538936" lon="10.500435">
      <ele>0</ele>
      <time>2026-04-13T11:01:35.174Z</time>
    </trkpt>
    <trkpt lat="46.538991" lon="10.500380">
      <ele>0</ele>
      <time>2026-04-13T11:01:36.073Z</time>
    </trkpt>
    <trkpt lat="46.539043" lon="10.500331">
      <ele>0</ele>
      <time>2026-04-13T11:01:36.972Z</time>
    </trkpt>
    <trkpt lat="46.539107" lon="10.500271">
      <ele>0</ele>
      <time>2026-04-13T11:01:37.871Z</time>
    </trkpt>
    <trkpt lat="46.539162" lon="10.500227">
      <ele>0</ele>
      <time>2026-04-13T11:01:38.770Z</time>
    </trkpt>
    <trkpt lat="46.539222" lon="10.500176">
      <ele>0</ele>
      <time>2026-04-13T11:01:39.669Z</time>
    </trkpt>
    <trkpt lat="46.539277" lon="10.500136">
      <ele>0</ele>
      <time>2026-04-13T11:01:40.568Z</time>
    </trkpt>
    <trkpt lat="46.539279" lon="10.500134">
      <ele>0</ele>
      <time>2026-04-13T11:01:41.467Z</time>
    </trkpt>
    <trkpt lat="46.539281" lon="10.500133">
      <ele>0</ele>
      <time>2026-04-13T11:01:42.367Z</time>
    </trkpt>
    <trkpt lat="46.539284" lon="10.500131">
      <ele>0</ele>
      <time>2026-04-13T11:01:43.266Z</time>
    </trkpt>
    <trkpt lat="46.539286" lon="10.500129">
      <ele>0</ele>
      <time>2026-04-13T11:01:44.165Z</time>
    </trkpt>
    <trkpt lat="46.539289" lon="10.500126">
      <ele>0</ele>
      <time>2026-04-13T11:01:45.064Z</time>
    </trkpt>
    <trkpt lat="46.539292" lon="10.500123">
      <ele>0</ele>
      <time>2026-04-13T11:01:45.963Z</time>
    </trkpt>
    <trkpt lat="46.539295" lon="10.500119">
      <ele>0</ele>
      <time>2026-04-13T11:01:46.862Z</time>
    </trkpt>
    <trkpt lat="46.539298" lon="10.500115">
      <ele>0</ele>
      <time>2026-04-13T11:01:47.761Z</time>
    </trkpt>
    <trkpt lat="46.539300" lon="10.500111">
      <ele>0</ele>
      <time>2026-04-13T11:01:48.660Z</time>
    </trkpt>
    <trkpt lat="46.539303" lon="10.500105">
      <ele>0</ele>
      <time>2026-04-13T11:01:49.559Z</time>
    </trkpt>
    <trkpt lat="46.539305" lon="10.500100">
      <ele>0</ele>
      <time>2026-04-13T11:01:50.458Z</time>
    </trkpt>
    <trkpt lat="46.539307" lon="10.500094">
      <ele>0</ele>
      <time>2026-04-13T11:01:51.357Z</time>
    </trkpt>
    <trkpt lat="46.539308" lon="10.500087">
      <ele>0</ele>
      <time>2026-04-13T11:01:52.256Z</time>
    </trkpt>
    <trkpt lat="46.539309" lon="10.500080">
      <ele>0</ele>
      <time>2026-04-13T11:01:53.156Z</time>
    </trkpt>
    <trkpt lat="46.539310" lon="10.500072">
      <ele>0</ele>
      <time>2026-04-13T11:01:54.055Z</time>
    </trkpt>
    <trkpt lat="46.539309" lon="10.500064">
      <ele>0</ele>
      <time>2026-04-13T11:01:54.954Z</time>
    </trkpt>
    <trkpt lat="46.539308" lon="10.500056">
      <ele>0</ele>
      <time>2026-04-13T11:01:55.853Z</time>
    </trkpt>
    <trkpt lat="46.539306" lon="10.500046">
      <ele>0</ele>
      <time>2026-04-13T11:01:56.752Z</time>
    </trkpt>
    <trkpt lat="46.539303" lon="10.500037">
      <ele>0</ele>
      <time>2026-04-13T11:01:57.651Z</time>
    </trkpt>
    <trkpt lat="46.539300" lon="10.500029">
      <ele>0</ele>
      <time>2026-04-13T11:01:58.550Z</time>
    </trkpt>
    <trkpt lat="46.539297" lon="10.500023">
      <ele>0</ele>
      <time>2026-04-13T11:01:59.449Z</time>
    </trkpt>
    <trkpt lat="46.539294" lon="10.500017">
      <ele>0</ele>
      <time>2026-04-13T11:02:00.348Z</time>
    </trkpt>
    <trkpt lat="46.539291" lon="10.500012">
      <ele>0</ele>
      <time>2026-04-13T11:02:01.247Z</time>
    </trkpt>
    <trkpt lat="46.539287" lon="10.500008">
      <ele>0</ele>
      <time>2026-04-13T11:02:02.146Z</time>
    </trkpt>
    <trkpt lat="46.539284" lon="10.500004">
      <ele>0</ele>
      <time>2026-04-13T11:02:03.046Z</time>
    </trkpt>
    <trkpt lat="46.539280" lon="10.500002">
      <ele>0</ele>
      <time>2026-04-13T11:02:03.945Z</time>
    </trkpt>
    <trkpt lat="46.539277" lon="10.500000">
      <ele>0</ele>
      <time>2026-04-13T11:02:04.844Z</time>
    </trkpt>
    <trkpt lat="46.539273" lon="10.499999">
      <ele>0</ele>
      <time>2026-04-13T11:02:05.743Z</time>
    </trkpt>
    <trkpt lat="46.539270" lon="10.499998">
      <ele>0</ele>
      <time>2026-04-13T11:02:06.642Z</time>
    </trkpt>
    <trkpt lat="46.539266" lon="10.499998">
      <ele>0</ele>
      <time>2026-04-13T11:02:07.541Z</time>
    </trkpt>
    <trkpt lat="46.539263" lon="10.499998">
      <ele>0</ele>
      <time>2026-04-13T11:02:08.440Z</time>
    </trkpt>
    <trkpt lat="46.539259" lon="10.499999">
      <ele>0</ele>
      <time>2026-04-13T11:02:09.339Z</time>
    </trkpt>
    <trkpt lat="46.539256" lon="10.500000">
      <ele>0</ele>
      <time>2026-04-13T11:02:10.238Z</time>
    </trkpt>
    <trkpt lat="46.539253" lon="10.500001">
      <ele>0</ele>
      <time>2026-04-13T11:02:11.137Z</time>
    </trkpt>
    <trkpt lat="46.539250" lon="10.500003">
      <ele>0</ele>
      <time>2026-04-13T11:02:12.036Z</time>
    </trkpt>
    <trkpt lat="46.539247" lon="10.500004">
      <ele>0</ele>
      <time>2026-04-13T11:02:12.936Z</time>
    </trkpt>
    <trkpt lat="46.539244" lon="10.500006">
      <ele>0</ele>
      <time>2026-04-13T11:02:13.835Z</time>
    </trkpt>
    <trkpt lat="46.539242" lon="10.500008">
      <ele>0</ele>
      <time>2026-04-13T11:02:14.734Z</time>
    </trkpt>
    <trkpt lat="46.539190" lon="10.500057">
      <ele>0</ele>
      <time>2026-04-13T11:02:15.633Z</time>
    </trkpt>
    <trkpt lat="46.539154" lon="10.500095">
      <ele>0</ele>
      <time>2026-04-13T11:02:16.532Z</time>
    </trkpt>
    <trkpt lat="46.539106" lon="10.500134">
      <ele>0</ele>
      <time>2026-04-13T11:02:17.431Z</time>
    </trkpt>
    <trkpt lat="46.539056" lon="10.500171">
      <ele>0</ele>
      <time>2026-04-13T11:02:18.330Z</time>
    </trkpt>
    <trkpt lat="46.539002" lon="10.500207">
      <ele>0</ele>
      <time>2026-04-13T11:02:19.229Z</time>
    </trkpt>
    <trkpt lat="46.538902" lon="10.500274">
      <ele>0</ele>
      <time>2026-04-13T11:02:20.128Z</time>
    </trkpt>
    <trkpt lat="46.538710" lon="10.500406">
      <ele>0</ele>
      <time>2026-04-13T11:02:21.027Z</time>
    </trkpt>
    <trkpt lat="46.538639" lon="10.500456">
      <ele>0</ele>
      <time>2026-04-13T11:02:21.926Z</time>
    </trkpt>
    <trkpt lat="46.538594" lon="10.500486">
      <ele>0</ele>
      <time>2026-04-13T11:02:22.826Z</time>
    </trkpt>
    <trkpt lat="46.538533" lon="10.500512">
      <ele>0</ele>
      <time>2026-04-13T11:02:23.725Z</time>
    </trkpt>
    <trkpt lat="46.538454" lon="10.500518">
      <ele>0</ele>
      <time>2026-04-13T11:02:24.624Z</time>
    </trkpt>
    <trkpt lat="46.538392" lon="10.500522">
      <ele>0</ele>
      <time>2026-04-13T11:02:25.523Z</time>
    </trkpt>
    <trkpt lat="46.538309" lon="10.500522">
      <ele>0</ele>
      <time>2026-04-13T11:02:26.422Z</time>
    </trkpt>
    <trkpt lat="46.538224" lon="10.500510">
      <ele>0</ele>
      <time>2026-04-13T11:02:27.321Z</time>
    </trkpt>
    <trkpt lat="46.538131" lon="10.500502">
      <ele>0</ele>
      <time>2026-04-13T11:02:28.220Z</time>
    </trkpt>
    <trkpt lat="46.537903" lon="10.500495">
      <ele>0</ele>
      <time>2026-04-13T11:02:29.119Z</time>
    </trkpt>
    <trkpt lat="46.537678" lon="10.500487">
      <ele>0</ele>
      <time>2026-04-13T11:02:30.018Z</time>
    </trkpt>
    <trkpt lat="46.537525" lon="10.500482">
      <ele>0</ele>
      <time>2026-04-13T11:02:30.917Z</time>
    </trkpt>
    <trkpt lat="46.537443" lon="10.500484">
      <ele>0</ele>
      <time>2026-04-13T11:02:31.816Z</time>
    </trkpt>
    <trkpt lat="46.537391" lon="10.500471">
      <ele>0</ele>
      <time>2026-04-13T11:02:32.715Z</time>
    </trkpt>
    <trkpt lat="46.537265" lon="10.500388">
      <ele>0</ele>
      <time>2026-04-13T11:02:33.615Z</time>
    </trkpt>
    <trkpt lat="46.537141" lon="10.500296">
      <ele>0</ele>
      <time>2026-04-13T11:02:34.514Z</time>
    </trkpt>
    <trkpt lat="46.537113" lon="10.500272">
      <ele>0</ele>
      <time>2026-04-13T11:02:35.413Z</time>
    </trkpt>
    <trkpt lat="46.537092" lon="10.500248">
      <ele>0</ele>
      <time>2026-04-13T11:02:36.312Z</time>
    </trkpt>
    <trkpt lat="46.537067" lon="10.500205">
      <ele>0</ele>
      <time>2026-04-13T11:02:37.211Z</time>
    </trkpt>
    <trkpt lat="46.537038" lon="10.500138">
      <ele>0</ele>
      <time>2026-04-13T11:02:38.110Z</time>
    </trkpt>
    <trkpt lat="46.536999" lon="10.500042">
      <ele>0</ele>
      <time>2026-04-13T11:02:39.009Z</time>
    </trkpt>
    <trkpt lat="46.536961" lon="10.499942">
      <ele>0</ele>
      <time>2026-04-13T11:02:39.908Z</time>
    </trkpt>
    <trkpt lat="46.536927" lon="10.499848">
      <ele>0</ele>
      <time>2026-04-13T11:02:40.807Z</time>
    </trkpt>
    <trkpt lat="46.536877" lon="10.499711">
      <ele>0</ele>
      <time>2026-04-13T11:02:41.706Z</time>
    </trkpt>
    <trkpt lat="46.536829" lon="10.499614">
      <ele>0</ele>
      <time>2026-04-13T11:02:42.605Z</time>
    </trkpt>
    <trkpt lat="46.536787" lon="10.499541">
      <ele>0</ele>
      <time>2026-04-13T11:02:43.505Z</time>
    </trkpt>
    <trkpt lat="46.536763" lon="10.499501">
      <ele>0</ele>
      <time>2026-04-13T11:02:44.404Z</time>
    </trkpt>
    <trkpt lat="46.536734" lon="10.499474">
      <ele>0</ele>
      <time>2026-04-13T11:02:45.303Z</time>
    </trkpt>
    <trkpt lat="46.536698" lon="10.499452">
      <ele>0</ele>
      <time>2026-04-13T11:02:46.202Z</time>
    </trkpt>
    <trkpt lat="46.536660" lon="10.499429">
      <ele>0</ele>
      <time>2026-04-13T11:02:47.101Z</time>
    </trkpt>
    <trkpt lat="46.536573" lon="10.499386">
      <ele>0</ele>
      <time>2026-04-13T11:02:48.000Z</time>
    </trkpt>
    <trkpt lat="46.536490" lon="10.499343">
      <ele>0</ele>
      <time>2026-04-13T11:02:48.899Z</time>
    </trkpt>
    <trkpt lat="46.536438" lon="10.499311">
      <ele>0</ele>
      <time>2026-04-13T11:02:49.798Z</time>
    </trkpt>
    <trkpt lat="46.536384" lon="10.499270">
      <ele>0</ele>
      <time>2026-04-13T11:02:50.697Z</time>
    </trkpt>
    <trkpt lat="46.536325" lon="10.499203">
      <ele>0</ele>
      <time>2026-04-13T11:02:51.596Z</time>
    </trkpt>
    <trkpt lat="46.536264" lon="10.499097">
      <ele>0</ele>
      <time>2026-04-13T11:02:52.495Z</time>
    </trkpt>
    <trkpt lat="46.536201" lon="10.498978">
      <ele>0</ele>
      <time>2026-04-13T11:02:53.395Z</time>
    </trkpt>
    <trkpt lat="46.536157" lon="10.498915">
      <ele>0</ele>
      <time>2026-04-13T11:02:54.294Z</time>
    </trkpt>
    <trkpt lat="46.536116" lon="10.498860">
      <ele>0</ele>
      <time>2026-04-13T11:02:55.193Z</time>
    </trkpt>
    <trkpt lat="46.536065" lon="10.498809">
      <ele>0</ele>
      <time>2026-04-13T11:02:56.092Z</time>
    </trkpt>
    <trkpt lat="46.536023" lon="10.498766">
      <ele>0</ele>
      <time>2026-04-13T11:02:56.991Z</time>
    </trkpt>
    <trkpt lat="46.535977" lon="10.498706">
      <ele>0</ele>
      <time>2026-04-13T11:02:57.890Z</time>
    </trkpt>
    <trkpt lat="46.535934" lon="10.498616">
      <ele>0</ele>
      <time>2026-04-13T11:02:58.789Z</time>
    </trkpt>
    <trkpt lat="46.535906" lon="10.498534">
      <ele>0</ele>
      <time>2026-04-13T11:02:59.688Z</time>
    </trkpt>
    <trkpt lat="46.535871" lon="10.498413">
      <ele>0</ele>
      <time>2026-04-13T11:03:00.587Z</time>
    </trkpt>
    <trkpt lat="46.535840" lon="10.498304">
      <ele>0</ele>
      <time>2026-04-13T11:03:01.486Z</time>
    </trkpt>
    <trkpt lat="46.535795" lon="10.498113">
      <ele>0</ele>
      <time>2026-04-13T11:03:02.385Z</time>
    </trkpt>
    <trkpt lat="46.535766" lon="10.497935">
      <ele>0</ele>
      <time>2026-04-13T11:03:03.285Z</time>
    </trkpt>
    <trkpt lat="46.535735" lon="10.497699">
      <ele>0</ele>
      <time>2026-04-13T11:03:04.184Z</time>
    </trkpt>
    <trkpt lat="46.535705" lon="10.497550">
      <ele>0</ele>
      <time>2026-04-13T11:03:05.083Z</time>
    </trkpt>
    <trkpt lat="46.535676" lon="10.497443">
      <ele>0</ele>
      <time>2026-04-13T11:03:05.982Z</time>
    </trkpt>
    <trkpt lat="46.535650" lon="10.497372">
      <ele>0</ele>
      <time>2026-04-13T11:03:06.881Z</time>
    </trkpt>
    <trkpt lat="46.535616" lon="10.497298">
      <ele>0</ele>
      <time>2026-04-13T11:03:07.780Z</time>
    </trkpt>
    <trkpt lat="46.535574" lon="10.497220">
      <ele>0</ele>
      <time>2026-04-13T11:03:08.679Z</time>
    </trkpt>
    <trkpt lat="46.535408" lon="10.496933">
      <ele>0</ele>
      <time>2026-04-13T11:03:09.578Z</time>
    </trkpt>
    <trkpt lat="46.535324" lon="10.496789">
      <ele>0</ele>
      <time>2026-04-13T11:03:10.477Z</time>
    </trkpt>
    <trkpt lat="46.535269" lon="10.496685">
      <ele>0</ele>
      <time>2026-04-13T11:03:11.376Z</time>
    </trkpt>
    <trkpt lat="46.535213" lon="10.496602">
      <ele>0</ele>
      <time>2026-04-13T11:03:12.275Z</time>
    </trkpt>
    <trkpt lat="46.535111" lon="10.496461">
      <ele>0</ele>
      <time>2026-04-13T11:03:13.174Z</time>
    </trkpt>
    <trkpt lat="46.535023" lon="10.496345">
      <ele>0</ele>
      <time>2026-04-13T11:03:14.074Z</time>
    </trkpt>
    <trkpt lat="46.534915" lon="10.496205">
      <ele>0</ele>
      <time>2026-04-13T11:03:14.973Z</time>
    </trkpt>
    <trkpt lat="46.534824" lon="10.496062">
      <ele>0</ele>
      <time>2026-04-13T11:03:15.872Z</time>
    </trkpt>
    <trkpt lat="46.534757" lon="10.495951">
      <ele>0</ele>
      <time>2026-04-13T11:03:16.771Z</time>
    </trkpt>
    <trkpt lat="46.534697" lon="10.495835">
      <ele>0</ele>
      <time>2026-04-13T11:03:17.670Z</time>
    </trkpt>
    <trkpt lat="46.534640" lon="10.495707">
      <ele>0</ele>
      <time>2026-04-13T11:03:18.569Z</time>
    </trkpt>
    <trkpt lat="46.534573" lon="10.495527">
      <ele>0</ele>
      <time>2026-04-13T11:03:19.468Z</time>
    </trkpt>
    <trkpt lat="46.534422" lon="10.495147">
      <ele>0</ele>
      <time>2026-04-13T11:03:20.367Z</time>
    </trkpt>
    <trkpt lat="46.534378" lon="10.495047">
      <ele>0</ele>
      <time>2026-04-13T11:03:21.266Z</time>
    </trkpt>
    <trkpt lat="46.534354" lon="10.494992">
      <ele>0</ele>
      <time>2026-04-13T11:03:22.165Z</time>
    </trkpt>
    <trkpt lat="46.534347" lon="10.494975">
      <ele>0</ele>
      <time>2026-04-13T11:03:23.064Z</time>
    </trkpt>
    <trkpt lat="46.534294" lon="10.494852">
      <ele>0</ele>
      <time>2026-04-13T11:03:23.964Z</time>
    </trkpt>
    <trkpt lat="46.534240" lon="10.494743">
      <ele>0</ele>
      <time>2026-04-13T11:03:24.863Z</time>
    </trkpt>
    <trkpt lat="46.534131" lon="10.494544">
      <ele>0</ele>
      <time>2026-04-13T11:03:25.762Z</time>
    </trkpt>
    <trkpt lat="46.533814" lon="10.493943">
      <ele>0</ele>
      <time>2026-04-13T11:03:26.661Z</time>
    </trkpt>
    <trkpt lat="46.533752" lon="10.493820">
      <ele>0</ele>
      <time>2026-04-13T11:03:27.560Z</time>
    </trkpt>
    <trkpt lat="46.533715" lon="10.493712">
      <ele>0</ele>
      <time>2026-04-13T11:03:28.459Z</time>
    </trkpt>
    <trkpt lat="46.533679" lon="10.493574">
      <ele>0</ele>
      <time>2026-04-13T11:03:29.358Z</time>
    </trkpt>
    <trkpt lat="46.533606" lon="10.493273">
      <ele>0</ele>
      <time>2026-04-13T11:03:30.257Z</time>
    </trkpt>
    <trkpt lat="46.533543" lon="10.493005">
      <ele>0</ele>
      <time>2026-04-13T11:03:31.156Z</time>
    </trkpt>
    <trkpt lat="46.533507" lon="10.492871">
      <ele>0</ele>
      <time>2026-04-13T11:03:32.055Z</time>
    </trkpt>
    <trkpt lat="46.533460" lon="10.492675">
      <ele>0</ele>
      <time>2026-04-13T11:03:32.954Z</time>
    </trkpt>
    <trkpt lat="46.533427" lon="10.492567">
      <ele>0</ele>
      <time>2026-04-13T11:03:33.854Z</time>
    </trkpt>
    <trkpt lat="46.533395" lon="10.492457">
      <ele>0</ele>
      <time>2026-04-13T11:03:34.753Z</time>
    </trkpt>
    <trkpt lat="46.533347" lon="10.492329">
      <ele>0</ele>
      <time>2026-04-13T11:03:35.652Z</time>
    </trkpt>
    <trkpt lat="46.533310" lon="10.492217">
      <ele>0</ele>
      <time>2026-04-13T11:03:36.551Z</time>
    </trkpt>
    <trkpt lat="46.533273" lon="10.492122">
      <ele>0</ele>
      <time>2026-04-13T11:03:37.450Z</time>
    </trkpt>
    <trkpt lat="46.533232" lon="10.492018">
      <ele>0</ele>
      <time>2026-04-13T11:03:38.349Z</time>
    </trkpt>
    <trkpt lat="46.533230" lon="10.492014">
      <ele>0</ele>
      <time>2026-04-13T11:03:39.248Z</time>
    </trkpt>
    <trkpt lat="46.533230" lon="10.492010">
      <ele>0</ele>
      <time>2026-04-13T11:03:40.147Z</time>
    </trkpt>
    <trkpt lat="46.533229" lon="10.492006">
      <ele>0</ele>
      <time>2026-04-13T11:03:41.046Z</time>
    </trkpt>
    <trkpt lat="46.533228" lon="10.492000">
      <ele>0</ele>
      <time>2026-04-13T11:03:41.945Z</time>
    </trkpt>
    <trkpt lat="46.533227" lon="10.491994">
      <ele>0</ele>
      <time>2026-04-13T11:03:42.844Z</time>
    </trkpt>
    <trkpt lat="46.533226" lon="10.491988">
      <ele>0</ele>
      <time>2026-04-13T11:03:43.744Z</time>
    </trkpt>
    <trkpt lat="46.533226" lon="10.491981">
      <ele>0</ele>
      <time>2026-04-13T11:03:44.643Z</time>
    </trkpt>
    <trkpt lat="46.533226" lon="10.491974">
      <ele>0</ele>
      <time>2026-04-13T11:03:45.542Z</time>
    </trkpt>
    <trkpt lat="46.533226" lon="10.491967">
      <ele>0</ele>
      <time>2026-04-13T11:03:46.441Z</time>
    </trkpt>
    <trkpt lat="46.533227" lon="10.491959">
      <ele>0</ele>
      <time>2026-04-13T11:03:47.340Z</time>
    </trkpt>
    <trkpt lat="46.533229" lon="10.491952">
      <ele>0</ele>
      <time>2026-04-13T11:03:48.239Z</time>
    </trkpt>
    <trkpt lat="46.533231" lon="10.491944">
      <ele>0</ele>
      <time>2026-04-13T11:03:49.138Z</time>
    </trkpt>
    <trkpt lat="46.533233" lon="10.491937">
      <ele>0</ele>
      <time>2026-04-13T11:03:50.037Z</time>
    </trkpt>
    <trkpt lat="46.533237" lon="10.491931">
      <ele>0</ele>
      <time>2026-04-13T11:03:50.936Z</time>
    </trkpt>
    <trkpt lat="46.533241" lon="10.491924">
      <ele>0</ele>
      <time>2026-04-13T11:03:51.835Z</time>
    </trkpt>
    <trkpt lat="46.533246" lon="10.491919">
      <ele>0</ele>
      <time>2026-04-13T11:03:52.734Z</time>
    </trkpt>
    <trkpt lat="46.533253" lon="10.491913">
      <ele>0</ele>
      <time>2026-04-13T11:03:53.633Z</time>
    </trkpt>
    <trkpt lat="46.533260" lon="10.491909">
      <ele>0</ele>
      <time>2026-04-13T11:03:54.533Z</time>
    </trkpt>
    <trkpt lat="46.533268" lon="10.491906">
      <ele>0</ele>
      <time>2026-04-13T11:03:55.432Z</time>
    </trkpt>
    <trkpt lat="46.533275" lon="10.491904">
      <ele>0</ele>
      <time>2026-04-13T11:03:56.331Z</time>
    </trkpt>
    <trkpt lat="46.533282" lon="10.491904">
      <ele>0</ele>
      <time>2026-04-13T11:03:57.230Z</time>
    </trkpt>
    <trkpt lat="46.533288" lon="10.491905">
      <ele>0</ele>
      <time>2026-04-13T11:03:58.129Z</time>
    </trkpt>
    <trkpt lat="46.533294" lon="10.491906">
      <ele>0</ele>
      <time>2026-04-13T11:03:59.028Z</time>
    </trkpt>
    <trkpt lat="46.533299" lon="10.491909">
      <ele>0</ele>
      <time>2026-04-13T11:03:59.927Z</time>
    </trkpt>
    <trkpt lat="46.533303" lon="10.491912">
      <ele>0</ele>
      <time>2026-04-13T11:04:00.826Z</time>
    </trkpt>
    <trkpt lat="46.533308" lon="10.491916">
      <ele>0</ele>
      <time>2026-04-13T11:04:01.725Z</time>
    </trkpt>
    <trkpt lat="46.533311" lon="10.491921">
      <ele>0</ele>
      <time>2026-04-13T11:04:02.624Z</time>
    </trkpt>
    <trkpt lat="46.533315" lon="10.491925">
      <ele>0</ele>
      <time>2026-04-13T11:04:03.523Z</time>
    </trkpt>
    <trkpt lat="46.533318" lon="10.491930">
      <ele>0</ele>
      <time>2026-04-13T11:04:04.423Z</time>
    </trkpt>
    <trkpt lat="46.533320" lon="10.491935">
      <ele>0</ele>
      <time>2026-04-13T11:04:05.322Z</time>
    </trkpt>
    <trkpt lat="46.533322" lon="10.491940">
      <ele>0</ele>
      <time>2026-04-13T11:04:06.221Z</time>
    </trkpt>
    <trkpt lat="46.533324" lon="10.491945">
      <ele>0</ele>
      <time>2026-04-13T11:04:07.120Z</time>
    </trkpt>
    <trkpt lat="46.533326" lon="10.491949">
      <ele>0</ele>
      <time>2026-04-13T11:04:08.019Z</time>
    </trkpt>
    <trkpt lat="46.533327" lon="10.491953">
      <ele>0</ele>
      <time>2026-04-13T11:04:08.918Z</time>
    </trkpt>
    <trkpt lat="46.533328" lon="10.491956">
      <ele>0</ele>
      <time>2026-04-13T11:04:09.817Z</time>
    </trkpt>
    <trkpt lat="46.533329" lon="10.491961">
      <ele>0</ele>
      <time>2026-04-13T11:04:10.716Z</time>
    </trkpt>
    <trkpt lat="46.533353" lon="10.492053">
      <ele>0</ele>
      <time>2026-04-13T11:04:11.615Z</time>
    </trkpt>
    <trkpt lat="46.533379" lon="10.492138">
      <ele>0</ele>
      <time>2026-04-13T11:04:12.514Z</time>
    </trkpt>
    <trkpt lat="46.533413" lon="10.492222">
      <ele>0</ele>
      <time>2026-04-13T11:04:13.413Z</time>
    </trkpt>
    <trkpt lat="46.533459" lon="10.492326">
      <ele>0</ele>
      <time>2026-04-13T11:04:14.313Z</time>
    </trkpt>
    <trkpt lat="46.533493" lon="10.492404">
      <ele>0</ele>
      <time>2026-04-13T11:04:15.212Z</time>
    </trkpt>
    <trkpt lat="46.533535" lon="10.492492">
      <ele>0</ele>
      <time>2026-04-13T11:04:16.111Z</time>
    </trkpt>
    <trkpt lat="46.533607" lon="10.492621">
      <ele>0</ele>
      <time>2026-04-13T11:04:17.010Z</time>
    </trkpt>
    <trkpt lat="46.533697" lon="10.492785">
      <ele>0</ele>
      <time>2026-04-13T11:04:17.909Z</time>
    </trkpt>
    <trkpt lat="46.533778" lon="10.492918">
      <ele>0</ele>
      <time>2026-04-13T11:04:18.808Z</time>
    </trkpt>
    <trkpt lat="46.533780" lon="10.492922">
      <ele>0</ele>
      <time>2026-04-13T11:04:19.707Z</time>
    </trkpt>
    <trkpt lat="46.533783" lon="10.492924">
      <ele>0</ele>
      <time>2026-04-13T11:04:20.606Z</time>
    </trkpt>
    <trkpt lat="46.533785" lon="10.492928">
      <ele>0</ele>
      <time>2026-04-13T11:04:21.505Z</time>
    </trkpt>
    <trkpt lat="46.533788" lon="10.492931">
      <ele>0</ele>
      <time>2026-04-13T11:04:22.404Z</time>
    </trkpt>
    <trkpt lat="46.533792" lon="10.492935">
      <ele>0</ele>
      <time>2026-04-13T11:04:23.303Z</time>
    </trkpt>
    <trkpt lat="46.533796" lon="10.492939">
      <ele>0</ele>
      <time>2026-04-13T11:04:24.203Z</time>
    </trkpt>
    <trkpt lat="46.533800" lon="10.492943">
      <ele>0</ele>
      <time>2026-04-13T11:04:25.102Z</time>
    </trkpt>
    <trkpt lat="46.533805" lon="10.492946">
      <ele>0</ele>
      <time>2026-04-13T11:04:26.001Z</time>
    </trkpt>
    <trkpt lat="46.533810" lon="10.492949">
      <ele>0</ele>
      <time>2026-04-13T11:04:26.900Z</time>
    </trkpt>
    <trkpt lat="46.533815" lon="10.492952">
      <ele>0</ele>
      <time>2026-04-13T11:04:27.799Z</time>
    </trkpt>
    <trkpt lat="46.533821" lon="10.492954">
      <ele>0</ele>
      <time>2026-04-13T11:04:28.698Z</time>
    </trkpt>
    <trkpt lat="46.533826" lon="10.492955">
      <ele>0</ele>
      <time>2026-04-13T11:04:29.597Z</time>
    </trkpt>
    <trkpt lat="46.533831" lon="10.492956">
      <ele>0</ele>
      <time>2026-04-13T11:04:30.496Z</time>
    </trkpt>
    <trkpt lat="46.533837" lon="10.492955">
      <ele>0</ele>
      <time>2026-04-13T11:04:31.395Z</time>
    </trkpt>
    <trkpt lat="46.533843" lon="10.492953">
      <ele>0</ele>
      <time>2026-04-13T11:04:32.294Z</time>
    </trkpt>
    <trkpt lat="46.533848" lon="10.492950">
      <ele>0</ele>
      <time>2026-04-13T11:04:33.193Z</time>
    </trkpt>
    <trkpt lat="46.533853" lon="10.492945">
      <ele>0</ele>
      <time>2026-04-13T11:04:34.092Z</time>
    </trkpt>
    <trkpt lat="46.533859" lon="10.492939">
      <ele>0</ele>
      <time>2026-04-13T11:04:34.992Z</time>
    </trkpt>
    <trkpt lat="46.533863" lon="10.492932">
      <ele>0</ele>
      <time>2026-04-13T11:04:35.891Z</time>
    </trkpt>
    <trkpt lat="46.533867" lon="10.492924">
      <ele>0</ele>
      <time>2026-04-13T11:04:36.790Z</time>
    </trkpt>
    <trkpt lat="46.533869" lon="10.492917">
      <ele>0</ele>
      <time>2026-04-13T11:04:37.689Z</time>
    </trkpt>
    <trkpt lat="46.533871" lon="10.492909">
      <ele>0</ele>
      <time>2026-04-13T11:04:38.588Z</time>
    </trkpt>
    <trkpt lat="46.533872" lon="10.492901">
      <ele>0</ele>
      <time>2026-04-13T11:04:39.487Z</time>
    </trkpt>
    <trkpt lat="46.533872" lon="10.492894">
      <ele>0</ele>
      <time>2026-04-13T11:04:40.386Z</time>
    </trkpt>
    <trkpt lat="46.533871" lon="10.492886">
      <ele>0</ele>
      <time>2026-04-13T11:04:41.285Z</time>
    </trkpt>
    <trkpt lat="46.533870" lon="10.492879">
      <ele>0</ele>
      <time>2026-04-13T11:04:42.184Z</time>
    </trkpt>
    <trkpt lat="46.533869" lon="10.492872">
      <ele>0</ele>
      <time>2026-04-13T11:04:43.083Z</time>
    </trkpt>
    <trkpt lat="46.533867" lon="10.492865">
      <ele>0</ele>
      <time>2026-04-13T11:04:43.982Z</time>
    </trkpt>
    <trkpt lat="46.533865" lon="10.492858">
      <ele>0</ele>
      <time>2026-04-13T11:04:44.882Z</time>
    </trkpt>
    <trkpt lat="46.533863" lon="10.492852">
      <ele>0</ele>
      <time>2026-04-13T11:04:45.781Z</time>
    </trkpt>
    <trkpt lat="46.533860" lon="10.492847">
      <ele>0</ele>
      <time>2026-04-13T11:04:46.680Z</time>
    </trkpt>
    <trkpt lat="46.533858" lon="10.492842">
      <ele>0</ele>
      <time>2026-04-13T11:04:47.579Z</time>
    </trkpt>
    <trkpt lat="46.533856" lon="10.492837">
      <ele>0</ele>
      <time>2026-04-13T11:04:48.478Z</time>
    </trkpt>
    <trkpt lat="46.533854" lon="10.492834">
      <ele>0</ele>
      <time>2026-04-13T11:04:49.377Z</time>
    </trkpt>
    <trkpt lat="46.533852" lon="10.492831">
      <ele>0</ele>
      <time>2026-04-13T11:04:50.276Z</time>
    </trkpt>
    <trkpt lat="46.533850" lon="10.492827">
      <ele>0</ele>
      <time>2026-04-13T11:04:51.175Z</time>
    </trkpt>
    <trkpt lat="46.533777" lon="10.492691">
      <ele>0</ele>
      <time>2026-04-13T11:04:52.074Z</time>
    </trkpt>
    <trkpt lat="46.533696" lon="10.492513">
      <ele>0</ele>
      <time>2026-04-13T11:04:52.973Z</time>
    </trkpt>
    <trkpt lat="46.533628" lon="10.492344">
      <ele>0</ele>
      <time>2026-04-13T11:04:53.872Z</time>
    </trkpt>
    <trkpt lat="46.533594" lon="10.492244">
      <ele>0</ele>
      <time>2026-04-13T11:04:54.772Z</time>
    </trkpt>
    <trkpt lat="46.533580" lon="10.492165">
      <ele>0</ele>
      <time>2026-04-13T11:04:55.671Z</time>
    </trkpt>
    <trkpt lat="46.533580" lon="10.492083">
      <ele>0</ele>
      <time>2026-04-13T11:04:56.570Z</time>
    </trkpt>
    <trkpt lat="46.533577" lon="10.492001">
      <ele>0</ele>
      <time>2026-04-13T11:04:57.469Z</time>
    </trkpt>
    <trkpt lat="46.533570" lon="10.491929">
      <ele>0</ele>
      <time>2026-04-13T11:04:58.368Z</time>
    </trkpt>
    <trkpt lat="46.533552" lon="10.491861">
      <ele>0</ele>
      <time>2026-04-13T11:04:59.267Z</time>
    </trkpt>
    <trkpt lat="46.533520" lon="10.491779">
      <ele>0</ele>
      <time>2026-04-13T11:05:00.166Z</time>
    </trkpt>
    <trkpt lat="46.533482" lon="10.491703">
      <ele>0</ele>
      <time>2026-04-13T11:05:01.065Z</time>
    </trkpt>
    <trkpt lat="46.533434" lon="10.491619">
      <ele>0</ele>
      <time>2026-04-13T11:05:01.964Z</time>
    </trkpt>
    <trkpt lat="46.533371" lon="10.491528">
      <ele>0</ele>
      <time>2026-04-13T11:05:02.863Z</time>
    </trkpt>
    <trkpt lat="46.533283" lon="10.491393">
      <ele>0</ele>
      <time>2026-04-13T11:05:03.762Z</time>
    </trkpt>
    <trkpt lat="46.533224" lon="10.491304">
      <ele>0</ele>
      <time>2026-04-13T11:05:04.662Z</time>
    </trkpt>
    <trkpt lat="46.533163" lon="10.491215">
      <ele>0</ele>
      <time>2026-04-13T11:05:05.561Z</time>
    </trkpt>
    <trkpt lat="46.533111" lon="10.491117">
      <ele>0</ele>
      <time>2026-04-13T11:05:06.460Z</time>
    </trkpt>
    <trkpt lat="46.533074" lon="10.491048">
      <ele>0</ele>
      <time>2026-04-13T11:05:07.359Z</time>
    </trkpt>
    <trkpt lat="46.533031" lon="10.490952">
      <ele>0</ele>
      <time>2026-04-13T11:05:08.258Z</time>
    </trkpt>
    <trkpt lat="46.532974" lon="10.490825">
      <ele>0</ele>
      <time>2026-04-13T11:05:09.157Z</time>
    </trkpt>
    <trkpt lat="46.532930" lon="10.490731">
      <ele>0</ele>
      <time>2026-04-13T11:05:10.056Z</time>
    </trkpt>
    <trkpt lat="46.532885" lon="10.490637">
      <ele>0</ele>
      <time>2026-04-13T11:05:10.955Z</time>
    </trkpt>
    <trkpt lat="46.532845" lon="10.490552">
      <ele>0</ele>
      <time>2026-04-13T11:05:11.854Z</time>
    </trkpt>
    <trkpt lat="46.532793" lon="10.490442">
      <ele>0</ele>
      <time>2026-04-13T11:05:12.753Z</time>
    </trkpt>
    <trkpt lat="46.532742" lon="10.490337">
      <ele>0</ele>
      <time>2026-04-13T11:05:13.652Z</time>
    </trkpt>
    <trkpt lat="46.532701" lon="10.490252">
      <ele>0</ele>
      <time>2026-04-13T11:05:14.551Z</time>
    </trkpt>
    <trkpt lat="46.532666" lon="10.490156">
      <ele>0</ele>
      <time>2026-04-13T11:05:15.451Z</time>
    </trkpt>
    <trkpt lat="46.532624" lon="10.490034">
      <ele>0</ele>
      <time>2026-04-13T11:05:16.350Z</time>
    </trkpt>
    <trkpt lat="46.532591" lon="10.489948">
      <ele>0</ele>
      <time>2026-04-13T11:05:17.249Z</time>
    </trkpt>
    <trkpt lat="46.532565" lon="10.489859">
      <ele>0</ele>
      <time>2026-04-13T11:05:18.148Z</time>
    </trkpt>
    <trkpt lat="46.532539" lon="10.489751">
      <ele>0</ele>
      <time>2026-04-13T11:05:19.047Z</time>
    </trkpt>
    <trkpt lat="46.532518" lon="10.489657">
      <ele>0</ele>
      <time>2026-04-13T11:05:19.946Z</time>
    </trkpt>
    <trkpt lat="46.532500" lon="10.489574">
      <ele>0</ele>
      <time>2026-04-13T11:05:20.845Z</time>
    </trkpt>
    <trkpt lat="46.532479" lon="10.489517">
      <ele>0</ele>
      <time>2026-04-13T11:05:21.744Z</time>
    </trkpt>
    <trkpt lat="46.532452" lon="10.489465">
      <ele>0</ele>
      <time>2026-04-13T11:05:22.643Z</time>
    </trkpt>
    <trkpt lat="46.532412" lon="10.489398">
      <ele>0</ele>
      <time>2026-04-13T11:05:23.542Z</time>
    </trkpt>
    <trkpt lat="46.532388" lon="10.489332">
      <ele>0</ele>
      <time>2026-04-13T11:05:24.441Z</time>
    </trkpt>
    <trkpt lat="46.532376" lon="10.489294">
      <ele>0</ele>
      <time>2026-04-13T11:05:25.341Z</time>
    </trkpt>
    <trkpt lat="46.532368" lon="10.489251">
      <ele>0</ele>
      <time>2026-04-13T11:05:26.240Z</time>
    </trkpt>
    <trkpt lat="46.532353" lon="10.489149">
      <ele>0</ele>
      <time>2026-04-13T11:05:27.139Z</time>
    </trkpt>
    <trkpt lat="46.532324" lon="10.488948">
      <ele>0</ele>
      <time>2026-04-13T11:05:28.038Z</time>
    </trkpt>
    <trkpt lat="46.532294" lon="10.488789">
      <ele>0</ele>
      <time>2026-04-13T11:05:28.937Z</time>
    </trkpt>
    <trkpt lat="46.532261" lon="10.488635">
      <ele>0</ele>
      <time>2026-04-13T11:05:29.836Z</time>
    </trkpt>
    <trkpt lat="46.532223" lon="10.488492">
      <ele>0</ele>
      <time>2026-04-13T11:05:30.735Z</time>
    </trkpt>
    <trkpt lat="46.532184" lon="10.488368">
      <ele>0</ele>
      <time>2026-04-13T11:05:31.634Z</time>
    </trkpt>
    <trkpt lat="46.532130" lon="10.488191">
      <ele>0</ele>
      <time>2026-04-13T11:05:32.533Z</time>
    </trkpt>
    <trkpt lat="46.532093" lon="10.488074">
      <ele>0</ele>
      <time>2026-04-13T11:05:33.432Z</time>
    </trkpt>
    <trkpt lat="46.532050" lon="10.487961">
      <ele>0</ele>
      <time>2026-04-13T11:05:34.331Z</time>
    </trkpt>
    <trkpt lat="46.532020" lon="10.487891">
      <ele>0</ele>
      <time>2026-04-13T11:05:35.231Z</time>
    </trkpt>
    <trkpt lat="46.531974" lon="10.487804">
      <ele>0</ele>
      <time>2026-04-13T11:05:36.130Z</time>
    </trkpt>
    <trkpt lat="46.531935" lon="10.487703">
      <ele>0</ele>
      <time>2026-04-13T11:05:37.029Z</time>
    </trkpt>
    <trkpt lat="46.531933" lon="10.487695">
      <ele>0</ele>
      <time>2026-04-13T11:05:37.928Z</time>
    </trkpt>
    <trkpt lat="46.531931" lon="10.487686">
      <ele>0</ele>
      <time>2026-04-13T11:05:38.827Z</time>
    </trkpt>
    <trkpt lat="46.531929" lon="10.487678">
      <ele>0</ele>
      <time>2026-04-13T11:05:39.726Z</time>
    </trkpt>
    <trkpt lat="46.531928" lon="10.487669">
      <ele>0</ele>
      <time>2026-04-13T11:05:40.625Z</time>
    </trkpt>
    <trkpt lat="46.531927" lon="10.487660">
      <ele>0</ele>
      <time>2026-04-13T11:05:41.524Z</time>
    </trkpt>
    <trkpt lat="46.531927" lon="10.487651">
      <ele>0</ele>
      <time>2026-04-13T11:05:42.423Z</time>
    </trkpt>
    <trkpt lat="46.531927" lon="10.487641">
      <ele>0</ele>
      <time>2026-04-13T11:05:43.322Z</time>
    </trkpt>
    <trkpt lat="46.531928" lon="10.487632">
      <ele>0</ele>
      <time>2026-04-13T11:05:44.221Z</time>
    </trkpt>
    <trkpt lat="46.531929" lon="10.487623">
      <ele>0</ele>
      <time>2026-04-13T11:05:45.121Z</time>
    </trkpt>
    <trkpt lat="46.531931" lon="10.487614">
      <ele>0</ele>
      <time>2026-04-13T11:05:46.020Z</time>
    </trkpt>
    <trkpt lat="46.531933" lon="10.487606">
      <ele>0</ele>
      <time>2026-04-13T11:05:46.919Z</time>
    </trkpt>
    <trkpt lat="46.531936" lon="10.487597">
      <ele>0</ele>
      <time>2026-04-13T11:05:47.818Z</time>
    </trkpt>
    <trkpt lat="46.531939" lon="10.487590">
      <ele>0</ele>
      <time>2026-04-13T11:05:48.717Z</time>
    </trkpt>
    <trkpt lat="46.531943" lon="10.487583">
      <ele>0</ele>
      <time>2026-04-13T11:05:49.616Z</time>
    </trkpt>
    <trkpt lat="46.531947" lon="10.487576">
      <ele>0</ele>
      <time>2026-04-13T11:05:50.515Z</time>
    </trkpt>
    <trkpt lat="46.531952" lon="10.487570">
      <ele>0</ele>
      <time>2026-04-13T11:05:51.414Z</time>
    </trkpt>
    <trkpt lat="46.531957" lon="10.487565">
      <ele>0</ele>
      <time>2026-04-13T11:05:52.313Z</time>
    </trkpt>
    <trkpt lat="46.531963" lon="10.487560">
      <ele>0</ele>
      <time>2026-04-13T11:05:53.212Z</time>
    </trkpt>
    <trkpt lat="46.531969" lon="10.487556">
      <ele>0</ele>
      <time>2026-04-13T11:05:54.111Z</time>
    </trkpt>
    <trkpt lat="46.531976" lon="10.487554">
      <ele>0</ele>
      <time>2026-04-13T11:05:55.010Z</time>
    </trkpt>
    <trkpt lat="46.531983" lon="10.487552">
      <ele>0</ele>
      <time>2026-04-13T11:05:55.910Z</time>
    </trkpt>
    <trkpt lat="46.531989" lon="10.487552">
      <ele>0</ele>
      <time>2026-04-13T11:05:56.809Z</time>
    </trkpt>
    <trkpt lat="46.531995" lon="10.487553">
      <ele>0</ele>
      <time>2026-04-13T11:05:57.708Z</time>
    </trkpt>
    <trkpt lat="46.532001" lon="10.487555">
      <ele>0</ele>
      <time>2026-04-13T11:05:58.607Z</time>
    </trkpt>
    <trkpt lat="46.532006" lon="10.487558">
      <ele>0</ele>
      <time>2026-04-13T11:05:59.506Z</time>
    </trkpt>
    <trkpt lat="46.532011" lon="10.487562">
      <ele>0</ele>
      <time>2026-04-13T11:06:00.405Z</time>
    </trkpt>
    <trkpt lat="46.532015" lon="10.487566">
      <ele>0</ele>
      <time>2026-04-13T11:06:01.304Z</time>
    </trkpt>
    <trkpt lat="46.532019" lon="10.487571">
      <ele>0</ele>
      <time>2026-04-13T11:06:02.203Z</time>
    </trkpt>
    <trkpt lat="46.532022" lon="10.487576">
      <ele>0</ele>
      <time>2026-04-13T11:06:03.102Z</time>
    </trkpt>
    <trkpt lat="46.532026" lon="10.487581">
      <ele>0</ele>
      <time>2026-04-13T11:06:04.001Z</time>
    </trkpt>
    <trkpt lat="46.532028" lon="10.487587">
      <ele>0</ele>
      <time>2026-04-13T11:06:04.900Z</time>
    </trkpt>
    <trkpt lat="46.532031" lon="10.487592">
      <ele>0</ele>
      <time>2026-04-13T11:06:05.800Z</time>
    </trkpt>
    <trkpt lat="46.532033" lon="10.487597">
      <ele>0</ele>
      <time>2026-04-13T11:06:06.699Z</time>
    </trkpt>
    <trkpt lat="46.532035" lon="10.487602">
      <ele>0</ele>
      <time>2026-04-13T11:06:07.598Z</time>
    </trkpt>
    <trkpt lat="46.532036" lon="10.487607">
      <ele>0</ele>
      <time>2026-04-13T11:06:08.497Z</time>
    </trkpt>
    <trkpt lat="46.532037" lon="10.487611">
      <ele>0</ele>
      <time>2026-04-13T11:06:09.396Z</time>
    </trkpt>
    <trkpt lat="46.532038" lon="10.487614">
      <ele>0</ele>
      <time>2026-04-13T11:06:10.295Z</time>
    </trkpt>
    <trkpt lat="46.532039" lon="10.487618">
      <ele>0</ele>
      <time>2026-04-13T11:06:11.194Z</time>
    </trkpt>
    <trkpt lat="46.532044" lon="10.487640">
      <ele>0</ele>
      <time>2026-04-13T11:06:12.093Z</time>
    </trkpt>
    <trkpt lat="46.532068" lon="10.487722">
      <ele>0</ele>
      <time>2026-04-13T11:06:12.992Z</time>
    </trkpt>
    <trkpt lat="46.532086" lon="10.487772">
      <ele>0</ele>
      <time>2026-04-13T11:06:13.891Z</time>
    </trkpt>
    <trkpt lat="46.532123" lon="10.487852">
      <ele>0</ele>
      <time>2026-04-13T11:06:14.790Z</time>
    </trkpt>
    <trkpt lat="46.532162" lon="10.487936">
      <ele>0</ele>
      <time>2026-04-13T11:06:15.690Z</time>
    </trkpt>
    <trkpt lat="46.532208" lon="10.488031">
      <ele>0</ele>
      <time>2026-04-13T11:06:16.589Z</time>
    </trkpt>
    <trkpt lat="46.532273" lon="10.488120">
      <ele>0</ele>
      <time>2026-04-13T11:06:17.488Z</time>
    </trkpt>
    <trkpt lat="46.532336" lon="10.488216">
      <ele>0</ele>
      <time>2026-04-13T11:06:18.387Z</time>
    </trkpt>
    <trkpt lat="46.532450" lon="10.488348">
      <ele>0</ele>
      <time>2026-04-13T11:06:19.286Z</time>
    </trkpt>
    <trkpt lat="46.532547" lon="10.488474">
      <ele>0</ele>
      <time>2026-04-13T11:06:20.185Z</time>
    </trkpt>
    <trkpt lat="46.532614" lon="10.488563">
      <ele>0</ele>
      <time>2026-04-13T11:06:21.084Z</time>
    </trkpt>
    <trkpt lat="46.532650" lon="10.488625">
      <ele>0</ele>
      <time>2026-04-13T11:06:21.983Z</time>
    </trkpt>
    <trkpt lat="46.532685" lon="10.488694">
      <ele>0</ele>
      <time>2026-04-13T11:06:22.882Z</time>
    </trkpt>
    <trkpt lat="46.532752" lon="10.488846">
      <ele>0</ele>
      <time>2026-04-13T11:06:23.781Z</time>
    </trkpt>
    <trkpt lat="46.532864" lon="10.489090">
      <ele>0</ele>
      <time>2026-04-13T11:06:24.680Z</time>
    </trkpt>
    <trkpt lat="46.532915" lon="10.489201">
      <ele>0</ele>
      <time>2026-04-13T11:06:25.580Z</time>
    </trkpt>
    <trkpt lat="46.532961" lon="10.489277">
      <ele>0</ele>
      <time>2026-04-13T11:06:26.479Z</time>
    </trkpt>
    <trkpt lat="46.533056" lon="10.489416">
      <ele>0</ele>
      <time>2026-04-13T11:06:27.378Z</time>
    </trkpt>
    <trkpt lat="46.533175" lon="10.489591">
      <ele>0</ele>
      <time>2026-04-13T11:06:28.277Z</time>
    </trkpt>
    <trkpt lat="46.533283" lon="10.489756">
      <ele>0</ele>
      <time>2026-04-13T11:06:29.176Z</time>
    </trkpt>
    <trkpt lat="46.533440" lon="10.489987">
      <ele>0</ele>
      <time>2026-04-13T11:06:30.075Z</time>
    </trkpt>
    <trkpt lat="46.533569" lon="10.490173">
      <ele>0</ele>
      <time>2026-04-13T11:06:30.974Z</time>
    </trkpt>
    <trkpt lat="46.533653" lon="10.490285">
      <ele>0</ele>
      <time>2026-04-13T11:06:31.873Z</time>
    </trkpt>
    <trkpt lat="46.533746" lon="10.490425">
      <ele>0</ele>
      <time>2026-04-13T11:06:32.772Z</time>
    </trkpt>
    <trkpt lat="46.533748" lon="10.490428">
      <ele>0</ele>
      <time>2026-04-13T11:06:33.671Z</time>
    </trkpt>
    <trkpt lat="46.533750" lon="10.490431">
      <ele>0</ele>
      <time>2026-04-13T11:06:34.570Z</time>
    </trkpt>
    <trkpt lat="46.533753" lon="10.490433">
      <ele>0</ele>
      <time>2026-04-13T11:06:35.469Z</time>
    </trkpt>
    <trkpt lat="46.533755" lon="10.490436">
      <ele>0</ele>
      <time>2026-04-13T11:06:36.369Z</time>
    </trkpt>
    <trkpt lat="46.533758" lon="10.490438">
      <ele>0</ele>
      <time>2026-04-13T11:06:37.268Z</time>
    </trkpt>
    <trkpt lat="46.533762" lon="10.490441">
      <ele>0</ele>
      <time>2026-04-13T11:06:38.167Z</time>
    </trkpt>
    <trkpt lat="46.533765" lon="10.490444">
      <ele>0</ele>
      <time>2026-04-13T11:06:39.066Z</time>
    </trkpt>
    <trkpt lat="46.533769" lon="10.490447">
      <ele>0</ele>
      <time>2026-04-13T11:06:39.965Z</time>
    </trkpt>
    <trkpt lat="46.533773" lon="10.490449">
      <ele>0</ele>
      <time>2026-04-13T11:06:40.864Z</time>
    </trkpt>
    <trkpt lat="46.533778" lon="10.490450">
      <ele>0</ele>
      <time>2026-04-13T11:06:41.763Z</time>
    </trkpt>
    <trkpt lat="46.533782" lon="10.490451">
      <ele>0</ele>
      <time>2026-04-13T11:06:42.662Z</time>
    </trkpt>
    <trkpt lat="46.533787" lon="10.490452">
      <ele>0</ele>
      <time>2026-04-13T11:06:43.561Z</time>
    </trkpt>
    <trkpt lat="46.533792" lon="10.490451">
      <ele>0</ele>
      <time>2026-04-13T11:06:44.460Z</time>
    </trkpt>
    <trkpt lat="46.533796" lon="10.490450">
      <ele>0</ele>
      <time>2026-04-13T11:06:45.359Z</time>
    </trkpt>
    <trkpt lat="46.533801" lon="10.490448">
      <ele>0</ele>
      <time>2026-04-13T11:06:46.259Z</time>
    </trkpt>
    <trkpt lat="46.533806" lon="10.490444">
      <ele>0</ele>
      <time>2026-04-13T11:06:47.158Z</time>
    </trkpt>
    <trkpt lat="46.533811" lon="10.490439">
      <ele>0</ele>
      <time>2026-04-13T11:06:48.057Z</time>
    </trkpt>
    <trkpt lat="46.533816" lon="10.490433">
      <ele>0</ele>
      <time>2026-04-13T11:06:48.956Z</time>
    </trkpt>
    <trkpt lat="46.533820" lon="10.490426">
      <ele>0</ele>
      <time>2026-04-13T11:06:49.855Z</time>
    </trkpt>
    <trkpt lat="46.533824" lon="10.490419">
      <ele>0</ele>
      <time>2026-04-13T11:06:50.754Z</time>
    </trkpt>
    <trkpt lat="46.533826" lon="10.490412">
      <ele>0</ele>
      <time>2026-04-13T11:06:51.653Z</time>
    </trkpt>
    <trkpt lat="46.533827" lon="10.490404">
      <ele>0</ele>
      <time>2026-04-13T11:06:52.552Z</time>
    </trkpt>
    <trkpt lat="46.533828" lon="10.490397">
      <ele>0</ele>
      <time>2026-04-13T11:06:53.451Z</time>
    </trkpt>
    <trkpt lat="46.533828" lon="10.490390">
      <ele>0</ele>
      <time>2026-04-13T11:06:54.350Z</time>
    </trkpt>
    <trkpt lat="46.533827" lon="10.490383">
      <ele>0</ele>
      <time>2026-04-13T11:06:55.249Z</time>
    </trkpt>
    <trkpt lat="46.533826" lon="10.490376">
      <ele>0</ele>
      <time>2026-04-13T11:06:56.149Z</time>
    </trkpt>
    <trkpt lat="46.533825" lon="10.490369">
      <ele>0</ele>
      <time>2026-04-13T11:06:57.048Z</time>
    </trkpt>
    <trkpt lat="46.533823" lon="10.490363">
      <ele>0</ele>
      <time>2026-04-13T11:06:57.947Z</time>
    </trkpt>
    <trkpt lat="46.533821" lon="10.490357">
      <ele>0</ele>
      <time>2026-04-13T11:06:58.846Z</time>
    </trkpt>
    <trkpt lat="46.533818" lon="10.490351">
      <ele>0</ele>
      <time>2026-04-13T11:06:59.745Z</time>
    </trkpt>
    <trkpt lat="46.533816" lon="10.490346">
      <ele>0</ele>
      <time>2026-04-13T11:07:00.644Z</time>
    </trkpt>
    <trkpt lat="46.533814" lon="10.490342">
      <ele>0</ele>
      <time>2026-04-13T11:07:01.543Z</time>
    </trkpt>
    <trkpt lat="46.533812" lon="10.490337">
      <ele>0</ele>
      <time>2026-04-13T11:07:02.442Z</time>
    </trkpt>
    <trkpt lat="46.533809" lon="10.490334">
      <ele>0</ele>
      <time>2026-04-13T11:07:03.341Z</time>
    </trkpt>
    <trkpt lat="46.533808" lon="10.490331">
      <ele>0</ele>
      <time>2026-04-13T11:07:04.240Z</time>
    </trkpt>
    <trkpt lat="46.533806" lon="10.490328">
      <ele>0</ele>
      <time>2026-04-13T11:07:05.139Z</time>
    </trkpt>
    <trkpt lat="46.533746" lon="10.490224">
      <ele>0</ele>
      <time>2026-04-13T11:07:06.039Z</time>
    </trkpt>
    <trkpt lat="46.533656" lon="10.490075">
      <ele>0</ele>
      <time>2026-04-13T11:07:06.938Z</time>
    </trkpt>
    <trkpt lat="46.533596" lon="10.489964">
      <ele>0</ele>
      <time>2026-04-13T11:07:07.837Z</time>
    </trkpt>
    <trkpt lat="46.533558" lon="10.489899">
      <ele>0</ele>
      <time>2026-04-13T11:07:08.736Z</time>
    </trkpt>
    <trkpt lat="46.533523" lon="10.489795">
      <ele>0</ele>
      <time>2026-04-13T11:07:09.635Z</time>
    </trkpt>
    <trkpt lat="46.533461" lon="10.489589">
      <ele>0</ele>
      <time>2026-04-13T11:07:10.534Z</time>
    </trkpt>
    <trkpt lat="46.533409" lon="10.489416">
      <ele>0</ele>
      <time>2026-04-13T11:07:11.433Z</time>
    </trkpt>
    <trkpt lat="46.533358" lon="10.489239">
      <ele>0</ele>
      <time>2026-04-13T11:07:12.332Z</time>
    </trkpt>
    <trkpt lat="46.533328" lon="10.489124">
      <ele>0</ele>
      <time>2026-04-13T11:07:13.231Z</time>
    </trkpt>
    <trkpt lat="46.533297" lon="10.489007">
      <ele>0</ele>
      <time>2026-04-13T11:07:14.130Z</time>
    </trkpt>
    <trkpt lat="46.533221" lon="10.488650">
      <ele>0</ele>
      <time>2026-04-13T11:07:15.029Z</time>
    </trkpt>
    <trkpt lat="46.533196" lon="10.488539">
      <ele>0</ele>
      <time>2026-04-13T11:07:15.928Z</time>
    </trkpt>
    <trkpt lat="46.533173" lon="10.488443">
      <ele>0</ele>
      <time>2026-04-13T11:07:16.828Z</time>
    </trkpt>
    <trkpt lat="46.533144" lon="10.488356">
      <ele>0</ele>
      <time>2026-04-13T11:07:17.727Z</time>
    </trkpt>
    <trkpt lat="46.533113" lon="10.488272">
      <ele>0</ele>
      <time>2026-04-13T11:07:18.626Z</time>
    </trkpt>
    <trkpt lat="46.533068" lon="10.488181">
      <ele>0</ele>
      <time>2026-04-13T11:07:19.525Z</time>
    </trkpt>
    <trkpt lat="46.533003" lon="10.488039">
      <ele>0</ele>
      <time>2026-04-13T11:07:20.424Z</time>
    </trkpt>
    <trkpt lat="46.532947" lon="10.487915">
      <ele>0</ele>
      <time>2026-04-13T11:07:21.323Z</time>
    </trkpt>
    <trkpt lat="46.532908" lon="10.487825">
      <ele>0</ele>
      <time>2026-04-13T11:07:22.222Z</time>
    </trkpt>
    <trkpt lat="46.532879" lon="10.487729">
      <ele>0</ele>
      <time>2026-04-13T11:07:23.121Z</time>
    </trkpt>
    <trkpt lat="46.532855" lon="10.487637">
      <ele>0</ele>
      <time>2026-04-13T11:07:24.020Z</time>
    </trkpt>
    <trkpt lat="46.532833" lon="10.487529">
      <ele>0</ele>
      <time>2026-04-13T11:07:24.919Z</time>
    </trkpt>
    <trkpt lat="46.532753" lon="10.487138">
      <ele>0</ele>
      <time>2026-04-13T11:07:25.818Z</time>
    </trkpt>
    <trkpt lat="46.532701" lon="10.486868">
      <ele>0</ele>
      <time>2026-04-13T11:07:26.718Z</time>
    </trkpt>
    <trkpt lat="46.532628" lon="10.486503">
      <ele>0</ele>
      <time>2026-04-13T11:07:27.617Z</time>
    </trkpt>
    <trkpt lat="46.532596" lon="10.486331">
      <ele>0</ele>
      <time>2026-04-13T11:07:28.516Z</time>
    </trkpt>
    <trkpt lat="46.532576" lon="10.486232">
      <ele>0</ele>
      <time>2026-04-13T11:07:29.415Z</time>
    </trkpt>
    <trkpt lat="46.532553" lon="10.486123">
      <ele>0</ele>
      <time>2026-04-13T11:07:30.314Z</time>
    </trkpt>
    <trkpt lat="46.532522" lon="10.486008">
      <ele>0</ele>
      <time>2026-04-13T11:07:31.213Z</time>
    </trkpt>
    <trkpt lat="46.532477" lon="10.485853">
      <ele>0</ele>
      <time>2026-04-13T11:07:32.112Z</time>
    </trkpt>
    <trkpt lat="46.532450" lon="10.485756">
      <ele>0</ele>
      <time>2026-04-13T11:07:33.011Z</time>
    </trkpt>
    <trkpt lat="46.532416" lon="10.485661">
      <ele>0</ele>
      <time>2026-04-13T11:07:33.910Z</time>
    </trkpt>
    <trkpt lat="46.532369" lon="10.485545">
      <ele>0</ele>
      <time>2026-04-13T11:07:34.809Z</time>
    </trkpt>
    <trkpt lat="46.532368" lon="10.485541">
      <ele>0</ele>
      <time>2026-04-13T11:07:35.708Z</time>
    </trkpt>
    <trkpt lat="46.532367" lon="10.485537">
      <ele>0</ele>
      <time>2026-04-13T11:07:36.608Z</time>
    </trkpt>
    <trkpt lat="46.532366" lon="10.485532">
      <ele>0</ele>
      <time>2026-04-13T11:07:37.507Z</time>
    </trkpt>
    <trkpt lat="46.532365" lon="10.485527">
      <ele>0</ele>
      <time>2026-04-13T11:07:38.406Z</time>
    </trkpt>
    <trkpt lat="46.532364" lon="10.485523">
      <ele>0</ele>
      <time>2026-04-13T11:07:39.305Z</time>
    </trkpt>
    <trkpt lat="46.532363" lon="10.485518">
      <ele>0</ele>
      <time>2026-04-13T11:07:40.204Z</time>
    </trkpt>
    <trkpt lat="46.532363" lon="10.485513">
      <ele>0</ele>
      <time>2026-04-13T11:07:41.103Z</time>
    </trkpt>
    <trkpt lat="46.532363" lon="10.485507">
      <ele>0</ele>
      <time>2026-04-13T11:07:42.002Z</time>
    </trkpt>
    <trkpt lat="46.532363" lon="10.485502">
      <ele>0</ele>
      <time>2026-04-13T11:07:42.901Z</time>
    </trkpt>
    <trkpt lat="46.532363" lon="10.485497">
      <ele>0</ele>
      <time>2026-04-13T11:07:43.800Z</time>
    </trkpt>
    <trkpt lat="46.532364" lon="10.485492">
      <ele>0</ele>
      <time>2026-04-13T11:07:44.699Z</time>
    </trkpt>
    <trkpt lat="46.532365" lon="10.485486">
      <ele>0</ele>
      <time>2026-04-13T11:07:45.598Z</time>
    </trkpt>
    <trkpt lat="46.532367" lon="10.485481">
      <ele>0</ele>
      <time>2026-04-13T11:07:46.497Z</time>
    </trkpt>
    <trkpt lat="46.532369" lon="10.485476">
      <ele>0</ele>
      <time>2026-04-13T11:07:47.397Z</time>
    </trkpt>
    <trkpt lat="46.532371" lon="10.485471">
      <ele>0</ele>
      <time>2026-04-13T11:07:48.296Z</time>
    </trkpt>
    <trkpt lat="46.532374" lon="10.485466">
      <ele>0</ele>
      <time>2026-04-13T11:07:49.195Z</time>
    </trkpt>
    <trkpt lat="46.532378" lon="10.485461">
      <ele>0</ele>
      <time>2026-04-13T11:07:50.094Z</time>
    </trkpt>
    <trkpt lat="46.532382" lon="10.485456">
      <ele>0</ele>
      <time>2026-04-13T11:07:50.993Z</time>
    </trkpt>
    <trkpt lat="46.532387" lon="10.485451">
      <ele>0</ele>
      <time>2026-04-13T11:07:51.892Z</time>
    </trkpt>
    <trkpt lat="46.532392" lon="10.485446">
      <ele>0</ele>
      <time>2026-04-13T11:07:52.791Z</time>
    </trkpt>
    <trkpt lat="46.532397" lon="10.485443">
      <ele>0</ele>
      <time>2026-04-13T11:07:53.690Z</time>
    </trkpt>
    <trkpt lat="46.532402" lon="10.485440">
      <ele>0</ele>
      <time>2026-04-13T11:07:54.589Z</time>
    </trkpt>
    <trkpt lat="46.532407" lon="10.485439">
      <ele>0</ele>
      <time>2026-04-13T11:07:55.488Z</time>
    </trkpt>
    <trkpt lat="46.532412" lon="10.485439">
      <ele>0</ele>
      <time>2026-04-13T11:07:56.387Z</time>
    </trkpt>
    <trkpt lat="46.532417" lon="10.485440">
      <ele>0</ele>
      <time>2026-04-13T11:07:57.287Z</time>
    </trkpt>
    <trkpt lat="46.532421" lon="10.485442">
      <ele>0</ele>
      <time>2026-04-13T11:07:58.186Z</time>
    </trkpt>
    <trkpt lat="46.532425" lon="10.485445">
      <ele>0</ele>
      <time>2026-04-13T11:07:59.085Z</time>
    </trkpt>
    <trkpt lat="46.532429" lon="10.485448">
      <ele>0</ele>
      <time>2026-04-13T11:07:59.984Z</time>
    </trkpt>
    <trkpt lat="46.532432" lon="10.485452">
      <ele>0</ele>
      <time>2026-04-13T11:08:00.883Z</time>
    </trkpt>
    <trkpt lat="46.532436" lon="10.485456">
      <ele>0</ele>
      <time>2026-04-13T11:08:01.782Z</time>
    </trkpt>
    <trkpt lat="46.532439" lon="10.485460">
      <ele>0</ele>
      <time>2026-04-13T11:08:02.681Z</time>
    </trkpt>
    <trkpt lat="46.532442" lon="10.485465">
      <ele>0</ele>
      <time>2026-04-13T11:08:03.580Z</time>
    </trkpt>
    <trkpt lat="46.532444" lon="10.485469">
      <ele>0</ele>
      <time>2026-04-13T11:08:04.479Z</time>
    </trkpt>
    <trkpt lat="46.532446" lon="10.485473">
      <ele>0</ele>
      <time>2026-04-13T11:08:05.378Z</time>
    </trkpt>
    <trkpt lat="46.532448" lon="10.485477">
      <ele>0</ele>
      <time>2026-04-13T11:08:06.277Z</time>
    </trkpt>
    <trkpt lat="46.532449" lon="10.485481">
      <ele>0</ele>
      <time>2026-04-13T11:08:07.177Z</time>
    </trkpt>
    <trkpt lat="46.532451" lon="10.485485">
      <ele>0</ele>
      <time>2026-04-13T11:08:08.076Z</time>
    </trkpt>
    <trkpt lat="46.532452" lon="10.485488">
      <ele>0</ele>
      <time>2026-04-13T11:08:08.975Z</time>
    </trkpt>
    <trkpt lat="46.532462" lon="10.485518">
      <ele>0</ele>
      <time>2026-04-13T11:08:09.874Z</time>
    </trkpt>
    <trkpt lat="46.532491" lon="10.485604">
      <ele>0</ele>
      <time>2026-04-13T11:08:10.773Z</time>
    </trkpt>
    <trkpt lat="46.532524" lon="10.485675">
      <ele>0</ele>
      <time>2026-04-13T11:08:11.672Z</time>
    </trkpt>
    <trkpt lat="46.532605" lon="10.485861">
      <ele>0</ele>
      <time>2026-04-13T11:08:12.571Z</time>
    </trkpt>
    <trkpt lat="46.532803" lon="10.486320">
      <ele>0</ele>
      <time>2026-04-13T11:08:13.470Z</time>
    </trkpt>
    <trkpt lat="46.533040" lon="10.486874">
      <ele>0</ele>
      <time>2026-04-13T11:08:14.369Z</time>
    </trkpt>
    <trkpt lat="46.533131" lon="10.487077">
      <ele>0</ele>
      <time>2026-04-13T11:08:15.268Z</time>
    </trkpt>
    <trkpt lat="46.533227" lon="10.487306">
      <ele>0</ele>
      <time>2026-04-13T11:08:16.167Z</time>
    </trkpt>
    <trkpt lat="46.533297" lon="10.487474">
      <ele>0</ele>
      <time>2026-04-13T11:08:17.067Z</time>
    </trkpt>
    <trkpt lat="46.533351" lon="10.487593">
      <ele>0</ele>
      <time>2026-04-13T11:08:17.966Z</time>
    </trkpt>
    <trkpt lat="46.533381" lon="10.487656">
      <ele>0</ele>
      <time>2026-04-13T11:08:18.865Z</time>
    </trkpt>
    <trkpt lat="46.533422" lon="10.487704">
      <ele>0</ele>
      <time>2026-04-13T11:08:19.764Z</time>
    </trkpt>
    <trkpt lat="46.533482" lon="10.487762">
      <ele>0</ele>
      <time>2026-04-13T11:08:20.663Z</time>
    </trkpt>
    <trkpt lat="46.533534" lon="10.487811">
      <ele>0</ele>
      <time>2026-04-13T11:08:21.562Z</time>
    </trkpt>
    <trkpt lat="46.533585" lon="10.487854">
      <ele>0</ele>
      <time>2026-04-13T11:08:22.461Z</time>
    </trkpt>
    <trkpt lat="46.533629" lon="10.487902">
      <ele>0</ele>
      <time>2026-04-13T11:08:23.360Z</time>
    </trkpt>
    <trkpt lat="46.533665" lon="10.487962">
      <ele>0</ele>
      <time>2026-04-13T11:08:24.259Z</time>
    </trkpt>
    <trkpt lat="46.533701" lon="10.488023">
      <ele>0</ele>
      <time>2026-04-13T11:08:25.158Z</time>
    </trkpt>
    <trkpt lat="46.533734" lon="10.488088">
      <ele>0</ele>
      <time>2026-04-13T11:08:26.057Z</time>
    </trkpt>
    <trkpt lat="46.533839" lon="10.488310">
      <ele>0</ele>
      <time>2026-04-13T11:08:26.956Z</time>
    </trkpt>
    <trkpt lat="46.533841" lon="10.488314">
      <ele>0</ele>
      <time>2026-04-13T11:08:27.856Z</time>
    </trkpt>
    <trkpt lat="46.533843" lon="10.488317">
      <ele>0</ele>
      <time>2026-04-13T11:08:28.755Z</time>
    </trkpt>
    <trkpt lat="46.533845" lon="10.488321">
      <ele>0</ele>
      <time>2026-04-13T11:08:29.654Z</time>
    </trkpt>
    <trkpt lat="46.533847" lon="10.488326">
      <ele>0</ele>
      <time>2026-04-13T11:08:30.553Z</time>
    </trkpt>
    <trkpt lat="46.533850" lon="10.488331">
      <ele>0</ele>
      <time>2026-04-13T11:08:31.452Z</time>
    </trkpt>
    <trkpt lat="46.533853" lon="10.488336">
      <ele>0</ele>
      <time>2026-04-13T11:08:32.351Z</time>
    </trkpt>
    <trkpt lat="46.533856" lon="10.488341">
      <ele>0</ele>
      <time>2026-04-13T11:08:33.250Z</time>
    </trkpt>
    <trkpt lat="46.533860" lon="10.488346">
      <ele>0</ele>
      <time>2026-04-13T11:08:34.149Z</time>
    </trkpt>
    <trkpt lat="46.533864" lon="10.488350">
      <ele>0</ele>
      <time>2026-04-13T11:08:35.048Z</time>
    </trkpt>
    <trkpt lat="46.533868" lon="10.488354">
      <ele>0</ele>
      <time>2026-04-13T11:08:35.947Z</time>
    </trkpt>
    <trkpt lat="46.533873" lon="10.488358">
      <ele>0</ele>
      <time>2026-04-13T11:08:36.846Z</time>
    </trkpt>
    <trkpt lat="46.533877" lon="10.488360">
      <ele>0</ele>
      <time>2026-04-13T11:08:37.746Z</time>
    </trkpt>
    <trkpt lat="46.533882" lon="10.488362">
      <ele>0</ele>
      <time>2026-04-13T11:08:38.645Z</time>
    </trkpt>
    <trkpt lat="46.533887" lon="10.488362">
      <ele>0</ele>
      <time>2026-04-13T11:08:39.544Z</time>
    </trkpt>
    <trkpt lat="46.533891" lon="10.488361">
      <ele>0</ele>
      <time>2026-04-13T11:08:40.443Z</time>
    </trkpt>
    <trkpt lat="46.533897" lon="10.488359">
      <ele>0</ele>
      <time>2026-04-13T11:08:41.342Z</time>
    </trkpt>
    <trkpt lat="46.533901" lon="10.488355">
      <ele>0</ele>
      <time>2026-04-13T11:08:42.241Z</time>
    </trkpt>
    <trkpt lat="46.533907" lon="10.488350">
      <ele>0</ele>
      <time>2026-04-13T11:08:43.140Z</time>
    </trkpt>
    <trkpt lat="46.533911" lon="10.488343">
      <ele>0</ele>
      <time>2026-04-13T11:08:44.039Z</time>
    </trkpt>
    <trkpt lat="46.533915" lon="10.488336">
      <ele>0</ele>
      <time>2026-04-13T11:08:44.938Z</time>
    </trkpt>
    <trkpt lat="46.533917" lon="10.488329">
      <ele>0</ele>
      <time>2026-04-13T11:08:45.837Z</time>
    </trkpt>
    <trkpt lat="46.533919" lon="10.488322">
      <ele>0</ele>
      <time>2026-04-13T11:08:46.736Z</time>
    </trkpt>
    <trkpt lat="46.533920" lon="10.488314">
      <ele>0</ele>
      <time>2026-04-13T11:08:47.636Z</time>
    </trkpt>
    <trkpt lat="46.533920" lon="10.488307">
      <ele>0</ele>
      <time>2026-04-13T11:08:48.535Z</time>
    </trkpt>
    <trkpt lat="46.533919" lon="10.488300">
      <ele>0</ele>
      <time>2026-04-13T11:08:49.434Z</time>
    </trkpt>
    <trkpt lat="46.533919" lon="10.488293">
      <ele>0</ele>
      <time>2026-04-13T11:08:50.333Z</time>
    </trkpt>
    <trkpt lat="46.533917" lon="10.488286">
      <ele>0</ele>
      <time>2026-04-13T11:08:51.232Z</time>
    </trkpt>
    <trkpt lat="46.533916" lon="10.488279">
      <ele>0</ele>
      <time>2026-04-13T11:08:52.131Z</time>
    </trkpt>
    <trkpt lat="46.533914" lon="10.488272">
      <ele>0</ele>
      <time>2026-04-13T11:08:53.030Z</time>
    </trkpt>
    <trkpt lat="46.533912" lon="10.488266">
      <ele>0</ele>
      <time>2026-04-13T11:08:53.929Z</time>
    </trkpt>
    <trkpt lat="46.533909" lon="10.488261">
      <ele>0</ele>
      <time>2026-04-13T11:08:54.828Z</time>
    </trkpt>
    <trkpt lat="46.533907" lon="10.488256">
      <ele>0</ele>
      <time>2026-04-13T11:08:55.727Z</time>
    </trkpt>
    <trkpt lat="46.533905" lon="10.488251">
      <ele>0</ele>
      <time>2026-04-13T11:08:56.626Z</time>
    </trkpt>
    <trkpt lat="46.533903" lon="10.488248">
      <ele>0</ele>
      <time>2026-04-13T11:08:57.526Z</time>
    </trkpt>
    <trkpt lat="46.533902" lon="10.488245">
      <ele>0</ele>
      <time>2026-04-13T11:08:58.425Z</time>
    </trkpt>
    <trkpt lat="46.533900" lon="10.488241">
      <ele>0</ele>
      <time>2026-04-13T11:08:59.324Z</time>
    </trkpt>
    <trkpt lat="46.533861" lon="10.488159">
      <ele>0</ele>
      <time>2026-04-13T11:09:00.223Z</time>
    </trkpt>
    <trkpt lat="46.533819" lon="10.488065">
      <ele>0</ele>
      <time>2026-04-13T11:09:01.122Z</time>
    </trkpt>
    <trkpt lat="46.533783" lon="10.487978">
      <ele>0</ele>
      <time>2026-04-13T11:09:02.021Z</time>
    </trkpt>
    <trkpt lat="46.533738" lon="10.487881">
      <ele>0</ele>
      <time>2026-04-13T11:09:02.920Z</time>
    </trkpt>
    <trkpt lat="46.533693" lon="10.487795">
      <ele>0</ele>
      <time>2026-04-13T11:09:03.819Z</time>
    </trkpt>
    <trkpt lat="46.533649" lon="10.487712">
      <ele>0</ele>
      <time>2026-04-13T11:09:04.718Z</time>
    </trkpt>
    <trkpt lat="46.533601" lon="10.487632">
      <ele>0</ele>
      <time>2026-04-13T11:09:05.617Z</time>
    </trkpt>
    <trkpt lat="46.533570" lon="10.487568">
      <ele>0</ele>
      <time>2026-04-13T11:09:06.516Z</time>
    </trkpt>
    <trkpt lat="46.533539" lon="10.487469">
      <ele>0</ele>
      <time>2026-04-13T11:09:07.415Z</time>
    </trkpt>
    <trkpt lat="46.533514" lon="10.487326">
      <ele>0</ele>
      <time>2026-04-13T11:09:08.315Z</time>
    </trkpt>
    <trkpt lat="46.533493" lon="10.487219">
      <ele>0</ele>
      <time>2026-04-13T11:09:09.214Z</time>
    </trkpt>
    <trkpt lat="46.533452" lon="10.486990">
      <ele>0</ele>
      <time>2026-04-13T11:09:10.113Z</time>
    </trkpt>
    <trkpt lat="46.533429" lon="10.486871">
      <ele>0</ele>
      <time>2026-04-13T11:09:11.012Z</time>
    </trkpt>
    <trkpt lat="46.533402" lon="10.486771">
      <ele>0</ele>
      <time>2026-04-13T11:09:11.911Z</time>
    </trkpt>
    <trkpt lat="46.533371" lon="10.486688">
      <ele>0</ele>
      <time>2026-04-13T11:09:12.810Z</time>
    </trkpt>
    <trkpt lat="46.533330" lon="10.486580">
      <ele>0</ele>
      <time>2026-04-13T11:09:13.709Z</time>
    </trkpt>
    <trkpt lat="46.533287" lon="10.486462">
      <ele>0</ele>
      <time>2026-04-13T11:09:14.608Z</time>
    </trkpt>
    <trkpt lat="46.533244" lon="10.486352">
      <ele>0</ele>
      <time>2026-04-13T11:09:15.507Z</time>
    </trkpt>
    <trkpt lat="46.533206" lon="10.486212">
      <ele>0</ele>
      <time>2026-04-13T11:09:16.406Z</time>
    </trkpt>
    <trkpt lat="46.533182" lon="10.486104">
      <ele>0</ele>
      <time>2026-04-13T11:09:17.305Z</time>
    </trkpt>
    <trkpt lat="46.533134" lon="10.485918">
      <ele>0</ele>
      <time>2026-04-13T11:09:18.205Z</time>
    </trkpt>
    <trkpt lat="46.533093" lon="10.485762">
      <ele>0</ele>
      <time>2026-04-13T11:09:19.104Z</time>
    </trkpt>
    <trkpt lat="46.533046" lon="10.485588">
      <ele>0</ele>
      <time>2026-04-13T11:09:20.003Z</time>
    </trkpt>
    <trkpt lat="46.533022" lon="10.485490">
      <ele>0</ele>
      <time>2026-04-13T11:09:20.902Z</time>
    </trkpt>
    <trkpt lat="46.533001" lon="10.485422">
      <ele>0</ele>
      <time>2026-04-13T11:09:21.801Z</time>
    </trkpt>
    <trkpt lat="46.532970" lon="10.485335">
      <ele>0</ele>
      <time>2026-04-13T11:09:22.700Z</time>
    </trkpt>
    <trkpt lat="46.532919" lon="10.485190">
      <ele>0</ele>
      <time>2026-04-13T11:09:23.599Z</time>
    </trkpt>
    <trkpt lat="46.532917" lon="10.485185">
      <ele>0</ele>
      <time>2026-04-13T11:09:24.498Z</time>
    </trkpt>
    <trkpt lat="46.532916" lon="10.485179">
      <ele>0</ele>
      <time>2026-04-13T11:09:25.397Z</time>
    </trkpt>
    <trkpt lat="46.532914" lon="10.485174">
      <ele>0</ele>
      <time>2026-04-13T11:09:26.296Z</time>
    </trkpt>
    <trkpt lat="46.532913" lon="10.485168">
      <ele>0</ele>
      <time>2026-04-13T11:09:27.195Z</time>
    </trkpt>
    <trkpt lat="46.532912" lon="10.485163">
      <ele>0</ele>
      <time>2026-04-13T11:09:28.095Z</time>
    </trkpt>
    <trkpt lat="46.532911" lon="10.485157">
      <ele>0</ele>
      <time>2026-04-13T11:09:28.994Z</time>
    </trkpt>
    <trkpt lat="46.532911" lon="10.485152">
      <ele>0</ele>
      <time>2026-04-13T11:09:29.893Z</time>
    </trkpt>
    <trkpt lat="46.532911" lon="10.485147">
      <ele>0</ele>
      <time>2026-04-13T11:09:30.792Z</time>
    </trkpt>
    <trkpt lat="46.532911" lon="10.485142">
      <ele>0</ele>
      <time>2026-04-13T11:09:31.691Z</time>
    </trkpt>
    <trkpt lat="46.532912" lon="10.485137">
      <ele>0</ele>
      <time>2026-04-13T11:09:32.590Z</time>
    </trkpt>
    <trkpt lat="46.532912" lon="10.485132">
      <ele>0</ele>
      <time>2026-04-13T11:09:33.489Z</time>
    </trkpt>
    <trkpt lat="46.532914" lon="10.485127">
      <ele>0</ele>
      <time>2026-04-13T11:09:34.388Z</time>
    </trkpt>
    <trkpt lat="46.532915" lon="10.485123">
      <ele>0</ele>
      <time>2026-04-13T11:09:35.287Z</time>
    </trkpt>
    <trkpt lat="46.532917" lon="10.485118">
      <ele>0</ele>
      <time>2026-04-13T11:09:36.186Z</time>
    </trkpt>
    <trkpt lat="46.532920" lon="10.485114">
      <ele>0</ele>
      <time>2026-04-13T11:09:37.085Z</time>
    </trkpt>
    <trkpt lat="46.532923" lon="10.485110">
      <ele>0</ele>
      <time>2026-04-13T11:09:37.985Z</time>
    </trkpt>
    <trkpt lat="46.532926" lon="10.485106">
      <ele>0</ele>
      <time>2026-04-13T11:09:38.884Z</time>
    </trkpt>
    <trkpt lat="46.532930" lon="10.485102">
      <ele>0</ele>
      <time>2026-04-13T11:09:39.783Z</time>
    </trkpt>
    <trkpt lat="46.532934" lon="10.485099">
      <ele>0</ele>
      <time>2026-04-13T11:09:40.682Z</time>
    </trkpt>
    <trkpt lat="46.532939" lon="10.485096">
      <ele>0</ele>
      <time>2026-04-13T11:09:41.581Z</time>
    </trkpt>
    <trkpt lat="46.532944" lon="10.485093">
      <ele>0</ele>
      <time>2026-04-13T11:09:42.480Z</time>
    </trkpt>
    <trkpt lat="46.532949" lon="10.485092">
      <ele>0</ele>
      <time>2026-04-13T11:09:43.379Z</time>
    </trkpt>
    <trkpt lat="46.532954" lon="10.485091">
      <ele>0</ele>
      <time>2026-04-13T11:09:44.278Z</time>
    </trkpt>
    <trkpt lat="46.532958" lon="10.485091">
      <ele>0</ele>
      <time>2026-04-13T11:09:45.177Z</time>
    </trkpt>
    <trkpt lat="46.532962" lon="10.485092">
      <ele>0</ele>
      <time>2026-04-13T11:09:46.076Z</time>
    </trkpt>
    <trkpt lat="46.532966" lon="10.485093">
      <ele>0</ele>
      <time>2026-04-13T11:09:46.975Z</time>
    </trkpt>
    <trkpt lat="46.532969" lon="10.485095">
      <ele>0</ele>
      <time>2026-04-13T11:09:47.874Z</time>
    </trkpt>
    <trkpt lat="46.532972" lon="10.485097">
      <ele>0</ele>
      <time>2026-04-13T11:09:48.774Z</time>
    </trkpt>
    <trkpt lat="46.532975" lon="10.485100">
      <ele>0</ele>
      <time>2026-04-13T11:09:49.673Z</time>
    </trkpt>
    <trkpt lat="46.532978" lon="10.485103">
      <ele>0</ele>
      <time>2026-04-13T11:09:50.572Z</time>
    </trkpt>
    <trkpt lat="46.532980" lon="10.485106">
      <ele>0</ele>
      <time>2026-04-13T11:09:51.471Z</time>
    </trkpt>
    <trkpt lat="46.532982" lon="10.485109">
      <ele>0</ele>
      <time>2026-04-13T11:09:52.370Z</time>
    </trkpt>
    <trkpt lat="46.532984" lon="10.485112">
      <ele>0</ele>
      <time>2026-04-13T11:09:53.269Z</time>
    </trkpt>
    <trkpt lat="46.532986" lon="10.485114">
      <ele>0</ele>
      <time>2026-04-13T11:09:54.168Z</time>
    </trkpt>
    <trkpt lat="46.532987" lon="10.485117">
      <ele>0</ele>
      <time>2026-04-13T11:09:55.067Z</time>
    </trkpt>
    <trkpt lat="46.532988" lon="10.485121">
      <ele>0</ele>
      <time>2026-04-13T11:09:55.966Z</time>
    </trkpt>
    <trkpt lat="46.532990" lon="10.485124">
      <ele>0</ele>
      <time>2026-04-13T11:09:56.865Z</time>
    </trkpt>
    <trkpt lat="46.533019" lon="10.485210">
      <ele>0</ele>
      <time>2026-04-13T11:09:57.764Z</time>
    </trkpt>
    <trkpt lat="46.533050" lon="10.485289">
      <ele>0</ele>
      <time>2026-04-13T11:09:58.664Z</time>
    </trkpt>
    <trkpt lat="46.533087" lon="10.485385">
      <ele>0</ele>
      <time>2026-04-13T11:09:59.563Z</time>
    </trkpt>
    <trkpt lat="46.533134" lon="10.485500">
      <ele>0</ele>
      <time>2026-04-13T11:10:00.462Z</time>
    </trkpt>
    <trkpt lat="46.533173" lon="10.485593">
      <ele>0</ele>
      <time>2026-04-13T11:10:01.361Z</time>
    </trkpt>
    <trkpt lat="46.533221" lon="10.485706">
      <ele>0</ele>
      <time>2026-04-13T11:10:02.260Z</time>
    </trkpt>
    <trkpt lat="46.533288" lon="10.485868">
      <ele>0</ele>
      <time>2026-04-13T11:10:03.159Z</time>
    </trkpt>
    <trkpt lat="46.533341" lon="10.485990">
      <ele>0</ele>
      <time>2026-04-13T11:10:04.058Z</time>
    </trkpt>
    <trkpt lat="46.533398" lon="10.486126">
      <ele>0</ele>
      <time>2026-04-13T11:10:04.957Z</time>
    </trkpt>
    <trkpt lat="46.533435" lon="10.486224">
      <ele>0</ele>
      <time>2026-04-13T11:10:05.856Z</time>
    </trkpt>
    <trkpt lat="46.533483" lon="10.486336">
      <ele>0</ele>
      <time>2026-04-13T11:10:06.755Z</time>
    </trkpt>
    <trkpt lat="46.533518" lon="10.486408">
      <ele>0</ele>
      <time>2026-04-13T11:10:07.654Z</time>
    </trkpt>
    <trkpt lat="46.533580" lon="10.486521">
      <ele>0</ele>
      <time>2026-04-13T11:10:08.554Z</time>
    </trkpt>
    <trkpt lat="46.533621" lon="10.486581">
      <ele>0</ele>
      <time>2026-04-13T11:10:09.453Z</time>
    </trkpt>
    <trkpt lat="46.533668" lon="10.486657">
      <ele>0</ele>
      <time>2026-04-13T11:10:10.352Z</time>
    </trkpt>
    <trkpt lat="46.533706" lon="10.486735">
      <ele>0</ele>
      <time>2026-04-13T11:10:11.251Z</time>
    </trkpt>
    <trkpt lat="46.533734" lon="10.486799">
      <ele>0</ele>
      <time>2026-04-13T11:10:12.150Z</time>
    </trkpt>
    <trkpt lat="46.533736" lon="10.486803">
      <ele>0</ele>
      <time>2026-04-13T11:10:13.049Z</time>
    </trkpt>
    <trkpt lat="46.533738" lon="10.486808">
      <ele>0</ele>
      <time>2026-04-13T11:10:13.948Z</time>
    </trkpt>
    <trkpt lat="46.533741" lon="10.486812">
      <ele>0</ele>
      <time>2026-04-13T11:10:14.847Z</time>
    </trkpt>
    <trkpt lat="46.533743" lon="10.486817">
      <ele>0</ele>
      <time>2026-04-13T11:10:15.746Z</time>
    </trkpt>
    <trkpt lat="46.533746" lon="10.486822">
      <ele>0</ele>
      <time>2026-04-13T11:10:16.645Z</time>
    </trkpt>
    <trkpt lat="46.533749" lon="10.486826">
      <ele>0</ele>
      <time>2026-04-13T11:10:17.544Z</time>
    </trkpt>
    <trkpt lat="46.533752" lon="10.486830">
      <ele>0</ele>
      <time>2026-04-13T11:10:18.444Z</time>
    </trkpt>
    <trkpt lat="46.533755" lon="10.486834">
      <ele>0</ele>
      <time>2026-04-13T11:10:19.343Z</time>
    </trkpt>
    <trkpt lat="46.533759" lon="10.486838">
      <ele>0</ele>
      <time>2026-04-13T11:10:20.242Z</time>
    </trkpt>
    <trkpt lat="46.533763" lon="10.486841">
      <ele>0</ele>
      <time>2026-04-13T11:10:21.141Z</time>
    </trkpt>
    <trkpt lat="46.533766" lon="10.486844">
      <ele>0</ele>
      <time>2026-04-13T11:10:22.040Z</time>
    </trkpt>
    <trkpt lat="46.533770" lon="10.486846">
      <ele>0</ele>
      <time>2026-04-13T11:10:22.939Z</time>
    </trkpt>
    <trkpt lat="46.533774" lon="10.486847">
      <ele>0</ele>
      <time>2026-04-13T11:10:23.838Z</time>
    </trkpt>
    <trkpt lat="46.533778" lon="10.486848">
      <ele>0</ele>
      <time>2026-04-13T11:10:24.737Z</time>
    </trkpt>
    <trkpt lat="46.533782" lon="10.486848">
      <ele>0</ele>
      <time>2026-04-13T11:10:25.636Z</time>
    </trkpt>
    <trkpt lat="46.533786" lon="10.486847">
      <ele>0</ele>
      <time>2026-04-13T11:10:26.535Z</time>
    </trkpt>
    <trkpt lat="46.533790" lon="10.486846">
      <ele>0</ele>
      <time>2026-04-13T11:10:27.434Z</time>
    </trkpt>
    <trkpt lat="46.533794" lon="10.486843">
      <ele>0</ele>
      <time>2026-04-13T11:10:28.333Z</time>
    </trkpt>
    <trkpt lat="46.533798" lon="10.486840">
      <ele>0</ele>
      <time>2026-04-13T11:10:29.233Z</time>
    </trkpt>
    <trkpt lat="46.533802" lon="10.486835">
      <ele>0</ele>
      <time>2026-04-13T11:10:30.132Z</time>
    </trkpt>
    <trkpt lat="46.533806" lon="10.486829">
      <ele>0</ele>
      <time>2026-04-13T11:10:31.031Z</time>
    </trkpt>
    <trkpt lat="46.533808" lon="10.486823">
      <ele>0</ele>
      <time>2026-04-13T11:10:31.930Z</time>
    </trkpt>
    <trkpt lat="46.533810" lon="10.486817">
      <ele>0</ele>
      <time>2026-04-13T11:10:32.829Z</time>
    </trkpt>
    <trkpt lat="46.533812" lon="10.486811">
      <ele>0</ele>
      <time>2026-04-13T11:10:33.728Z</time>
    </trkpt>
    <trkpt lat="46.533812" lon="10.486804">
      <ele>0</ele>
      <time>2026-04-13T11:10:34.627Z</time>
    </trkpt>
    <trkpt lat="46.533813" lon="10.486798">
      <ele>0</ele>
      <time>2026-04-13T11:10:35.526Z</time>
    </trkpt>
    <trkpt lat="46.533812" lon="10.486791">
      <ele>0</ele>
      <time>2026-04-13T11:10:36.425Z</time>
    </trkpt>
    <trkpt lat="46.533812" lon="10.486785">
      <ele>0</ele>
      <time>2026-04-13T11:10:37.324Z</time>
    </trkpt>
    <trkpt lat="46.533811" lon="10.486778">
      <ele>0</ele>
      <time>2026-04-13T11:10:38.223Z</time>
    </trkpt>
    <trkpt lat="46.533810" lon="10.486772">
      <ele>0</ele>
      <time>2026-04-13T11:10:39.123Z</time>
    </trkpt>
    <trkpt lat="46.533808" lon="10.486766">
      <ele>0</ele>
      <time>2026-04-13T11:10:40.022Z</time>
    </trkpt>
    <trkpt lat="46.533807" lon="10.486761">
      <ele>0</ele>
      <time>2026-04-13T11:10:40.921Z</time>
    </trkpt>
    <trkpt lat="46.533805" lon="10.486755">
      <ele>0</ele>
      <time>2026-04-13T11:10:41.820Z</time>
    </trkpt>
    <trkpt lat="46.533803" lon="10.486751">
      <ele>0</ele>
      <time>2026-04-13T11:10:42.719Z</time>
    </trkpt>
    <trkpt lat="46.533802" lon="10.486746">
      <ele>0</ele>
      <time>2026-04-13T11:10:43.618Z</time>
    </trkpt>
    <trkpt lat="46.533800" lon="10.486743">
      <ele>0</ele>
      <time>2026-04-13T11:10:44.517Z</time>
    </trkpt>
    <trkpt lat="46.533799" lon="10.486739">
      <ele>0</ele>
      <time>2026-04-13T11:10:45.416Z</time>
    </trkpt>
    <trkpt lat="46.533798" lon="10.486736">
      <ele>0</ele>
      <time>2026-04-13T11:10:46.315Z</time>
    </trkpt>
    <trkpt lat="46.533785" lon="10.486709">
      <ele>0</ele>
      <time>2026-04-13T11:10:47.214Z</time>
    </trkpt>
    <trkpt lat="46.533732" lon="10.486595">
      <ele>0</ele>
      <time>2026-04-13T11:10:48.113Z</time>
    </trkpt>
    <trkpt lat="46.533691" lon="10.486499">
      <ele>0</ele>
      <time>2026-04-13T11:10:49.013Z</time>
    </trkpt>
    <trkpt lat="46.533648" lon="10.486414">
      <ele>0</ele>
      <time>2026-04-13T11:10:49.912Z</time>
    </trkpt>
    <trkpt lat="46.533597" lon="10.486268">
      <ele>0</ele>
      <time>2026-04-13T11:10:50.811Z</time>
    </trkpt>
    <trkpt lat="46.533544" lon="10.486110">
      <ele>0</ele>
      <time>2026-04-13T11:10:51.710Z</time>
    </trkpt>
    <trkpt lat="46.533498" lon="10.485947">
      <ele>0</ele>
      <time>2026-04-13T11:10:52.609Z</time>
    </trkpt>
    <trkpt lat="46.533459" lon="10.485802">
      <ele>0</ele>
      <time>2026-04-13T11:10:53.508Z</time>
    </trkpt>
    <trkpt lat="46.533380" lon="10.485494">
      <ele>0</ele>
      <time>2026-04-13T11:10:54.407Z</time>
    </trkpt>
    <trkpt lat="46.533348" lon="10.485356">
      <ele>0</ele>
      <time>2026-04-13T11:10:55.306Z</time>
    </trkpt>
    <trkpt lat="46.533305" lon="10.485191">
      <ele>0</ele>
      <time>2026-04-13T11:10:56.205Z</time>
    </trkpt>
    <trkpt lat="46.533281" lon="10.485107">
      <ele>0</ele>
      <time>2026-04-13T11:10:57.104Z</time>
    </trkpt>
    <trkpt lat="46.533272" lon="10.485033">
      <ele>0</ele>
      <time>2026-04-13T11:10:58.003Z</time>
    </trkpt>
    <trkpt lat="46.533269" lon="10.484967">
      <ele>0</ele>
      <time>2026-04-13T11:10:58.903Z</time>
    </trkpt>
    <trkpt lat="46.533274" lon="10.484897">
      <ele>0</ele>
      <time>2026-04-13T11:10:59.802Z</time>
    </trkpt>
    <trkpt lat="46.533288" lon="10.484815">
      <ele>0</ele>
      <time>2026-04-13T11:11:00.701Z</time>
    </trkpt>
    <trkpt lat="46.533313" lon="10.484639">
      <ele>0</ele>
      <time>2026-04-13T11:11:01.600Z</time>
    </trkpt>
    <trkpt lat="46.533324" lon="10.484539">
      <ele>0</ele>
      <time>2026-04-13T11:11:02.499Z</time>
    </trkpt>
    <trkpt lat="46.533321" lon="10.484442">
      <ele>0</ele>
      <time>2026-04-13T11:11:03.398Z</time>
    </trkpt>
    <trkpt lat="46.533306" lon="10.484345">
      <ele>0</ele>
      <time>2026-04-13T11:11:04.297Z</time>
    </trkpt>
    <trkpt lat="46.533284" lon="10.484252">
      <ele>0</ele>
      <time>2026-04-13T11:11:05.196Z</time>
    </trkpt>
    <trkpt lat="46.533252" lon="10.484179">
      <ele>0</ele>
      <time>2026-04-13T11:11:06.095Z</time>
    </trkpt>
    <trkpt lat="46.533224" lon="10.484121">
      <ele>0</ele>
      <time>2026-04-13T11:11:06.994Z</time>
    </trkpt>
    <trkpt lat="46.533191" lon="10.484072">
      <ele>0</ele>
      <time>2026-04-13T11:11:07.893Z</time>
    </trkpt>
    <trkpt lat="46.533157" lon="10.484025">
      <ele>0</ele>
      <time>2026-04-13T11:11:08.792Z</time>
    </trkpt>
    <trkpt lat="46.533120" lon="10.483971">
      <ele>0</ele>
      <time>2026-04-13T11:11:09.692Z</time>
    </trkpt>
    <trkpt lat="46.533085" lon="10.483912">
      <ele>0</ele>
      <time>2026-04-13T11:11:10.591Z</time>
    </trkpt>
    <trkpt lat="46.533061" lon="10.483862">
      <ele>0</ele>
      <time>2026-04-13T11:11:11.490Z</time>
    </trkpt>
    <trkpt lat="46.533041" lon="10.483812">
      <ele>0</ele>
      <time>2026-04-13T11:11:12.389Z</time>
    </trkpt>
    <trkpt lat="46.533019" lon="10.483721">
      <ele>0</ele>
      <time>2026-04-13T11:11:13.288Z</time>
    </trkpt>
    <trkpt lat="46.532993" lon="10.483588">
      <ele>0</ele>
      <time>2026-04-13T11:11:14.187Z</time>
    </trkpt>
    <trkpt lat="46.532953" lon="10.483360">
      <ele>0</ele>
      <time>2026-04-13T11:11:15.086Z</time>
    </trkpt>
    <trkpt lat="46.532918" lon="10.483181">
      <ele>0</ele>
      <time>2026-04-13T11:11:15.985Z</time>
    </trkpt>
    <trkpt lat="46.532864" lon="10.482905">
      <ele>0</ele>
      <time>2026-04-13T11:11:16.884Z</time>
    </trkpt>
    <trkpt lat="46.532836" lon="10.482735">
      <ele>0</ele>
      <time>2026-04-13T11:11:17.783Z</time>
    </trkpt>
    <trkpt lat="46.532819" lon="10.482654">
      <ele>0</ele>
      <time>2026-04-13T11:11:18.682Z</time>
    </trkpt>
    <trkpt lat="46.532802" lon="10.482546">
      <ele>0</ele>
      <time>2026-04-13T11:11:19.582Z</time>
    </trkpt>
    <trkpt lat="46.532781" lon="10.482434">
      <ele>0</ele>
      <time>2026-04-13T11:11:20.481Z</time>
    </trkpt>
    <trkpt lat="46.532757" lon="10.482311">
      <ele>0</ele>
      <time>2026-04-13T11:11:21.380Z</time>
    </trkpt>
    <trkpt lat="46.532743" lon="10.482243">
      <ele>0</ele>
      <time>2026-04-13T11:11:22.279Z</time>
    </trkpt>
    <trkpt lat="46.532742" lon="10.482239">
      <ele>0</ele>
      <time>2026-04-13T11:11:23.178Z</time>
    </trkpt>
    <trkpt lat="46.532742" lon="10.482233">
      <ele>0</ele>
      <time>2026-04-13T11:11:24.077Z</time>
    </trkpt>
    <trkpt lat="46.532741" lon="10.482228">
      <ele>0</ele>
      <time>2026-04-13T11:11:24.976Z</time>
    </trkpt>
    <trkpt lat="46.532740" lon="10.482223">
      <ele>0</ele>
      <time>2026-04-13T11:11:25.875Z</time>
    </trkpt>
    <trkpt lat="46.532740" lon="10.482218">
      <ele>0</ele>
      <time>2026-04-13T11:11:26.774Z</time>
    </trkpt>
    <trkpt lat="46.532739" lon="10.482213">
      <ele>0</ele>
      <time>2026-04-13T11:11:27.673Z</time>
    </trkpt>
    <trkpt lat="46.532739" lon="10.482207">
      <ele>0</ele>
      <time>2026-04-13T11:11:28.572Z</time>
    </trkpt>
    <trkpt lat="46.532740" lon="10.482202">
      <ele>0</ele>
      <time>2026-04-13T11:11:29.472Z</time>
    </trkpt>
    <trkpt lat="46.532740" lon="10.482197">
      <ele>0</ele>
      <time>2026-04-13T11:11:30.371Z</time>
    </trkpt>
    <trkpt lat="46.532741" lon="10.482192">
      <ele>0</ele>
      <time>2026-04-13T11:11:31.270Z</time>
    </trkpt>
    <trkpt lat="46.532742" lon="10.482187">
      <ele>0</ele>
      <time>2026-04-13T11:11:32.169Z</time>
    </trkpt>
    <trkpt lat="46.532743" lon="10.482182">
      <ele>0</ele>
      <time>2026-04-13T11:11:33.068Z</time>
    </trkpt>
    <trkpt lat="46.532745" lon="10.482178">
      <ele>0</ele>
      <time>2026-04-13T11:11:33.967Z</time>
    </trkpt>
    <trkpt lat="46.532747" lon="10.482174">
      <ele>0</ele>
      <time>2026-04-13T11:11:34.866Z</time>
    </trkpt>
    <trkpt lat="46.532750" lon="10.482170">
      <ele>0</ele>
      <time>2026-04-13T11:11:35.765Z</time>
    </trkpt>
    <trkpt lat="46.532753" lon="10.482166">
      <ele>0</ele>
      <time>2026-04-13T11:11:36.664Z</time>
    </trkpt>
    <trkpt lat="46.532757" lon="10.482163">
      <ele>0</ele>
      <time>2026-04-13T11:11:37.563Z</time>
    </trkpt>
    <trkpt lat="46.532760" lon="10.482160">
      <ele>0</ele>
      <time>2026-04-13T11:11:38.462Z</time>
    </trkpt>
    <trkpt lat="46.532765" lon="10.482158">
      <ele>0</ele>
      <time>2026-04-13T11:11:39.362Z</time>
    </trkpt>
    <trkpt lat="46.532770" lon="10.482156">
      <ele>0</ele>
      <time>2026-04-13T11:11:40.261Z</time>
    </trkpt>
    <trkpt lat="46.532775" lon="10.482155">
      <ele>0</ele>
      <time>2026-04-13T11:11:41.160Z</time>
    </trkpt>
    <trkpt lat="46.532780" lon="10.482155">
      <ele>0</ele>
      <time>2026-04-13T11:11:42.059Z</time>
    </trkpt>
    <trkpt lat="46.532784" lon="10.482156">
      <ele>0</ele>
      <time>2026-04-13T11:11:42.958Z</time>
    </trkpt>
    <trkpt lat="46.532788" lon="10.482158">
      <ele>0</ele>
      <time>2026-04-13T11:11:43.857Z</time>
    </trkpt>
    <trkpt lat="46.532792" lon="10.482160">
      <ele>0</ele>
      <time>2026-04-13T11:11:44.756Z</time>
    </trkpt>
    <trkpt lat="46.532796" lon="10.482163">
      <ele>0</ele>
      <time>2026-04-13T11:11:45.655Z</time>
    </trkpt>
    <trkpt lat="46.532799" lon="10.482167">
      <ele>0</ele>
      <time>2026-04-13T11:11:46.554Z</time>
    </trkpt>
    <trkpt lat="46.532802" lon="10.482171">
      <ele>0</ele>
      <time>2026-04-13T11:11:47.453Z</time>
    </trkpt>
    <trkpt lat="46.532804" lon="10.482175">
      <ele>0</ele>
      <time>2026-04-13T11:11:48.352Z</time>
    </trkpt>
    <trkpt lat="46.532807" lon="10.482179">
      <ele>0</ele>
      <time>2026-04-13T11:11:49.251Z</time>
    </trkpt>
    <trkpt lat="46.532809" lon="10.482184">
      <ele>0</ele>
      <time>2026-04-13T11:11:50.151Z</time>
    </trkpt>
    <trkpt lat="46.532811" lon="10.482188">
      <ele>0</ele>
      <time>2026-04-13T11:11:51.050Z</time>
    </trkpt>
    <trkpt lat="46.532812" lon="10.482192">
      <ele>0</ele>
      <time>2026-04-13T11:11:51.949Z</time>
    </trkpt>
    <trkpt lat="46.532814" lon="10.482196">
      <ele>0</ele>
      <time>2026-04-13T11:11:52.848Z</time>
    </trkpt>
    <trkpt lat="46.532815" lon="10.482200">
      <ele>0</ele>
      <time>2026-04-13T11:11:53.747Z</time>
    </trkpt>
    <trkpt lat="46.532816" lon="10.482203">
      <ele>0</ele>
      <time>2026-04-13T11:11:54.646Z</time>
    </trkpt>
    <trkpt lat="46.532817" lon="10.482209">
      <ele>0</ele>
      <time>2026-04-13T11:11:55.545Z</time>
    </trkpt>
    <trkpt lat="46.532825" lon="10.482256">
      <ele>0</ele>
      <time>2026-04-13T11:11:56.444Z</time>
    </trkpt>
    <trkpt lat="46.532838" lon="10.482306">
      <ele>0</ele>
      <time>2026-04-13T11:11:57.343Z</time>
    </trkpt>
    <trkpt lat="46.532852" lon="10.482366">
      <ele>0</ele>
      <time>2026-04-13T11:11:58.242Z</time>
    </trkpt>
    <trkpt lat="46.532878" lon="10.482460">
      <ele>0</ele>
      <time>2026-04-13T11:11:59.141Z</time>
    </trkpt>
    <trkpt lat="46.532906" lon="10.482554">
      <ele>0</ele>
      <time>2026-04-13T11:12:00.041Z</time>
    </trkpt>
    <trkpt lat="46.532931" lon="10.482634">
      <ele>0</ele>
      <time>2026-04-13T11:12:00.940Z</time>
    </trkpt>
    <trkpt lat="46.532975" lon="10.482757">
      <ele>0</ele>
      <time>2026-04-13T11:12:01.839Z</time>
    </trkpt>
    <trkpt lat="46.533020" lon="10.482870">
      <ele>0</ele>
      <time>2026-04-13T11:12:02.738Z</time>
    </trkpt>
    <trkpt lat="46.533078" lon="10.483025">
      <ele>0</ele>
      <time>2026-04-13T11:12:03.637Z</time>
    </trkpt>
    <trkpt lat="46.533126" lon="10.483146">
      <ele>0</ele>
      <time>2026-04-13T11:12:04.536Z</time>
    </trkpt>
    <trkpt lat="46.533185" lon="10.483308">
      <ele>0</ele>
      <time>2026-04-13T11:12:05.435Z</time>
    </trkpt>
    <trkpt lat="46.533186" lon="10.483311">
      <ele>0</ele>
      <time>2026-04-13T11:12:06.334Z</time>
    </trkpt>
    <trkpt lat="46.533188" lon="10.483316">
      <ele>0</ele>
      <time>2026-04-13T11:12:07.233Z</time>
    </trkpt>
    <trkpt lat="46.533190" lon="10.483320">
      <ele>0</ele>
      <time>2026-04-13T11:12:08.132Z</time>
    </trkpt>
    <trkpt lat="46.533192" lon="10.483324">
      <ele>0</ele>
      <time>2026-04-13T11:12:09.031Z</time>
    </trkpt>
    <trkpt lat="46.533194" lon="10.483328">
      <ele>0</ele>
      <time>2026-04-13T11:12:09.931Z</time>
    </trkpt>
    <trkpt lat="46.533197" lon="10.483332">
      <ele>0</ele>
      <time>2026-04-13T11:12:10.830Z</time>
    </trkpt>
    <trkpt lat="46.533200" lon="10.483336">
      <ele>0</ele>
      <time>2026-04-13T11:12:11.729Z</time>
    </trkpt>
    <trkpt lat="46.533202" lon="10.483339">
      <ele>0</ele>
      <time>2026-04-13T11:12:12.628Z</time>
    </trkpt>
    <trkpt lat="46.533206" lon="10.483343">
      <ele>0</ele>
      <time>2026-04-13T11:12:13.527Z</time>
    </trkpt>
    <trkpt lat="46.533209" lon="10.483346">
      <ele>0</ele>
      <time>2026-04-13T11:12:14.426Z</time>
    </trkpt>
    <trkpt lat="46.533212" lon="10.483349">
      <ele>0</ele>
      <time>2026-04-13T11:12:15.325Z</time>
    </trkpt>
    <trkpt lat="46.533216" lon="10.483351">
      <ele>0</ele>
      <time>2026-04-13T11:12:16.224Z</time>
    </trkpt>
    <trkpt lat="46.533220" lon="10.483352">
      <ele>0</ele>
      <time>2026-04-13T11:12:17.123Z</time>
    </trkpt>
    <trkpt lat="46.533224" lon="10.483353">
      <ele>0</ele>
      <time>2026-04-13T11:12:18.022Z</time>
    </trkpt>
    <trkpt lat="46.533228" lon="10.483354">
      <ele>0</ele>
      <time>2026-04-13T11:12:18.921Z</time>
    </trkpt>
    <trkpt lat="46.533232" lon="10.483353">
      <ele>0</ele>
      <time>2026-04-13T11:12:19.821Z</time>
    </trkpt>
    <trkpt lat="46.533236" lon="10.483352">
      <ele>0</ele>
      <time>2026-04-13T11:12:20.720Z</time>
    </trkpt>
    <trkpt lat="46.533240" lon="10.483350">
      <ele>0</ele>
      <time>2026-04-13T11:12:21.619Z</time>
    </trkpt>
    <trkpt lat="46.533245" lon="10.483347">
      <ele>0</ele>
      <time>2026-04-13T11:12:22.518Z</time>
    </trkpt>
    <trkpt lat="46.533249" lon="10.483343">
      <ele>0</ele>
      <time>2026-04-13T11:12:23.417Z</time>
    </trkpt>
    <trkpt lat="46.533253" lon="10.483339">
      <ele>0</ele>
      <time>2026-04-13T11:12:24.316Z</time>
    </trkpt>
    <trkpt lat="46.533257" lon="10.483333">
      <ele>0</ele>
      <time>2026-04-13T11:12:25.215Z</time>
    </trkpt>
    <trkpt lat="46.533260" lon="10.483328">
      <ele>0</ele>
      <time>2026-04-13T11:12:26.114Z</time>
    </trkpt>
    <trkpt lat="46.533262" lon="10.483321">
      <ele>0</ele>
      <time>2026-04-13T11:12:27.013Z</time>
    </trkpt>
    <trkpt lat="46.533263" lon="10.483314">
      <ele>0</ele>
      <time>2026-04-13T11:12:27.912Z</time>
    </trkpt>
    <trkpt lat="46.533264" lon="10.483308">
      <ele>0</ele>
      <time>2026-04-13T11:12:28.811Z</time>
    </trkpt>
    <trkpt lat="46.533265" lon="10.483300">
      <ele>0</ele>
      <time>2026-04-13T11:12:29.710Z</time>
    </trkpt>
    <trkpt lat="46.533265" lon="10.483293">
      <ele>0</ele>
      <time>2026-04-13T11:12:30.610Z</time>
    </trkpt>
    <trkpt lat="46.533265" lon="10.483286">
      <ele>0</ele>
      <time>2026-04-13T11:12:31.509Z</time>
    </trkpt>
    <trkpt lat="46.533264" lon="10.483279">
      <ele>0</ele>
      <time>2026-04-13T11:12:32.408Z</time>
    </trkpt>
    <trkpt lat="46.533264" lon="10.483272">
      <ele>0</ele>
      <time>2026-04-13T11:12:33.307Z</time>
    </trkpt>
    <trkpt lat="46.533263" lon="10.483266">
      <ele>0</ele>
      <time>2026-04-13T11:12:34.206Z</time>
    </trkpt>
    <trkpt lat="46.533262" lon="10.483260">
      <ele>0</ele>
      <time>2026-04-13T11:12:35.105Z</time>
    </trkpt>
    <trkpt lat="46.533261" lon="10.483254">
      <ele>0</ele>
      <time>2026-04-13T11:12:36.004Z</time>
    </trkpt>
    <trkpt lat="46.533259" lon="10.483249">
      <ele>0</ele>
      <time>2026-04-13T11:12:36.903Z</time>
    </trkpt>
    <trkpt lat="46.533259" lon="10.483245">
      <ele>0</ele>
      <time>2026-04-13T11:12:37.802Z</time>
    </trkpt>
    <trkpt lat="46.533258" lon="10.483241">
      <ele>0</ele>
      <time>2026-04-13T11:12:38.701Z</time>
    </trkpt>
    <trkpt lat="46.533257" lon="10.483237">
      <ele>0</ele>
      <time>2026-04-13T11:12:39.600Z</time>
    </trkpt>
    <trkpt lat="46.533234" lon="10.483171">
      <ele>0</ele>
      <time>2026-04-13T11:12:40.500Z</time>
    </trkpt>
    <trkpt lat="46.533204" lon="10.483084">
      <ele>0</ele>
      <time>2026-04-13T11:12:41.399Z</time>
    </trkpt>
    <trkpt lat="46.533147" lon="10.482882">
      <ele>0</ele>
      <time>2026-04-13T11:12:42.298Z</time>
    </trkpt>
    <trkpt lat="46.533123" lon="10.482794">
      <ele>0</ele>
      <time>2026-04-13T11:12:43.197Z</time>
    </trkpt>
    <trkpt lat="46.533102" lon="10.482698">
      <ele>0</ele>
      <time>2026-04-13T11:12:44.096Z</time>
    </trkpt>
    <trkpt lat="46.533091" lon="10.482604">
      <ele>0</ele>
      <time>2026-04-13T11:12:44.995Z</time>
    </trkpt>
    <trkpt lat="46.533089" lon="10.482526">
      <ele>0</ele>
      <time>2026-04-13T11:12:45.894Z</time>
    </trkpt>
    <trkpt lat="46.533088" lon="10.482403">
      <ele>0</ele>
      <time>2026-04-13T11:12:46.793Z</time>
    </trkpt>
    <trkpt lat="46.533090" lon="10.482308">
      <ele>0</ele>
      <time>2026-04-13T11:12:47.692Z</time>
    </trkpt>
    <trkpt lat="46.533094" lon="10.482152">
      <ele>0</ele>
      <time>2026-04-13T11:12:48.591Z</time>
    </trkpt>
    <trkpt lat="46.533096" lon="10.482023">
      <ele>0</ele>
      <time>2026-04-13T11:12:49.490Z</time>
    </trkpt>
    <trkpt lat="46.533095" lon="10.481933">
      <ele>0</ele>
      <time>2026-04-13T11:12:50.390Z</time>
    </trkpt>
    <trkpt lat="46.533090" lon="10.481859">
      <ele>0</ele>
      <time>2026-04-13T11:12:51.289Z</time>
    </trkpt>
    <trkpt lat="46.533076" lon="10.481741">
      <ele>0</ele>
      <time>2026-04-13T11:12:52.188Z</time>
    </trkpt>
    <trkpt lat="46.533051" lon="10.481618">
      <ele>0</ele>
      <time>2026-04-13T11:12:53.087Z</time>
    </trkpt>
    <trkpt lat="46.533028" lon="10.481516">
      <ele>0</ele>
      <time>2026-04-13T11:12:53.986Z</time>
    </trkpt>
    <trkpt lat="46.533001" lon="10.481404">
      <ele>0</ele>
      <time>2026-04-13T11:12:54.885Z</time>
    </trkpt>
    <trkpt lat="46.532977" lon="10.481317">
      <ele>0</ele>
      <time>2026-04-13T11:12:55.784Z</time>
    </trkpt>
    <trkpt lat="46.532976" lon="10.481314">
      <ele>0</ele>
      <time>2026-04-13T11:12:56.683Z</time>
    </trkpt>
    <trkpt lat="46.532975" lon="10.481310">
      <ele>0</ele>
      <time>2026-04-13T11:12:57.582Z</time>
    </trkpt>
    <trkpt lat="46.532975" lon="10.481306">
      <ele>0</ele>
      <time>2026-04-13T11:12:58.481Z</time>
    </trkpt>
    <trkpt lat="46.532974" lon="10.481302">
      <ele>0</ele>
      <time>2026-04-13T11:12:59.380Z</time>
    </trkpt>
    <trkpt lat="46.532974" lon="10.481296">
      <ele>0</ele>
      <time>2026-04-13T11:13:00.280Z</time>
    </trkpt>
    <trkpt lat="46.532973" lon="10.481291">
      <ele>0</ele>
      <time>2026-04-13T11:13:01.179Z</time>
    </trkpt>
    <trkpt lat="46.532973" lon="10.481285">
      <ele>0</ele>
      <time>2026-04-13T11:13:02.078Z</time>
    </trkpt>
    <trkpt lat="46.532973" lon="10.481279">
      <ele>0</ele>
      <time>2026-04-13T11:13:02.977Z</time>
    </trkpt>
    <trkpt lat="46.532973" lon="10.481272">
      <ele>0</ele>
      <time>2026-04-13T11:13:03.876Z</time>
    </trkpt>
    <trkpt lat="46.532974" lon="10.481266">
      <ele>0</ele>
      <time>2026-04-13T11:13:04.775Z</time>
    </trkpt>
    <trkpt lat="46.532975" lon="10.481259">
      <ele>0</ele>
      <time>2026-04-13T11:13:05.674Z</time>
    </trkpt>
    <trkpt lat="46.532977" lon="10.481253">
      <ele>0</ele>
      <time>2026-04-13T11:13:06.573Z</time>
    </trkpt>
    <trkpt lat="46.532979" lon="10.481247">
      <ele>0</ele>
      <time>2026-04-13T11:13:07.472Z</time>
    </trkpt>
    <trkpt lat="46.532981" lon="10.481241">
      <ele>0</ele>
      <time>2026-04-13T11:13:08.371Z</time>
    </trkpt>
    <trkpt lat="46.532985" lon="10.481236">
      <ele>0</ele>
      <time>2026-04-13T11:13:09.270Z</time>
    </trkpt>
    <trkpt lat="46.532989" lon="10.481231">
      <ele>0</ele>
      <time>2026-04-13T11:13:10.169Z</time>
    </trkpt>
    <trkpt lat="46.532993" lon="10.481227">
      <ele>0</ele>
      <time>2026-04-13T11:13:11.069Z</time>
    </trkpt>
    <trkpt lat="46.533010" lon="10.481220">
      <ele>0</ele>
      <time>2026-04-13T11:13:11.968Z</time>
    </trkpt>
    <trkpt lat="46.533024" lon="10.481222">
      <ele>0</ele>
      <time>2026-04-13T11:13:12.867Z</time>
    </trkpt>
    <trkpt lat="46.533039" lon="10.481232">
      <ele>0</ele>
      <time>2026-04-13T11:13:13.766Z</time>
    </trkpt>
    <trkpt lat="46.533051" lon="10.481253">
      <ele>0</ele>
      <time>2026-04-13T11:13:14.665Z</time>
    </trkpt>
    <trkpt lat="46.533112" lon="10.481453">
      <ele>0</ele>
      <time>2026-04-13T11:13:15.564Z</time>
    </trkpt>
    <trkpt lat="46.533188" lon="10.481684">
      <ele>0</ele>
      <time>2026-04-13T11:13:16.463Z</time>
    </trkpt>
    <trkpt lat="46.533243" lon="10.481862">
      <ele>0</ele>
      <time>2026-04-13T11:13:17.362Z</time>
    </trkpt>
    <trkpt lat="46.533285" lon="10.482038">
      <ele>0</ele>
      <time>2026-04-13T11:13:18.261Z</time>
    </trkpt>
    <trkpt lat="46.533304" lon="10.482151">
      <ele>0</ele>
      <time>2026-04-13T11:13:19.160Z</time>
    </trkpt>
    <trkpt lat="46.533323" lon="10.482272">
      <ele>0</ele>
      <time>2026-04-13T11:13:20.059Z</time>
    </trkpt>
    <trkpt lat="46.533344" lon="10.482384">
      <ele>0</ele>
      <time>2026-04-13T11:13:20.959Z</time>
    </trkpt>
    <trkpt lat="46.533365" lon="10.482473">
      <ele>0</ele>
      <time>2026-04-13T11:13:21.858Z</time>
    </trkpt>
    <trkpt lat="46.533387" lon="10.482554">
      <ele>0</ele>
      <time>2026-04-13T11:13:22.757Z</time>
    </trkpt>
    <trkpt lat="46.533410" lon="10.482627">
      <ele>0</ele>
      <time>2026-04-13T11:13:23.656Z</time>
    </trkpt>
    <trkpt lat="46.533489" lon="10.482857">
      <ele>0</ele>
      <time>2026-04-13T11:13:24.555Z</time>
    </trkpt>
    <trkpt lat="46.533522" lon="10.482956">
      <ele>0</ele>
      <time>2026-04-13T11:13:25.454Z</time>
    </trkpt>
    <trkpt lat="46.533549" lon="10.483050">
      <ele>0</ele>
      <time>2026-04-13T11:13:26.353Z</time>
    </trkpt>
    <trkpt lat="46.533568" lon="10.483183">
      <ele>0</ele>
      <time>2026-04-13T11:13:27.252Z</time>
    </trkpt>
    <trkpt lat="46.533572" lon="10.483199">
      <ele>0</ele>
      <time>2026-04-13T11:13:28.151Z</time>
    </trkpt>
    <trkpt lat="46.533581" lon="10.483219">
      <ele>0</ele>
      <time>2026-04-13T11:13:29.050Z</time>
    </trkpt>
    <trkpt lat="46.533588" lon="10.483228">
      <ele>0</ele>
      <time>2026-04-13T11:13:29.949Z</time>
    </trkpt>
    <trkpt lat="46.533597" lon="10.483234">
      <ele>0</ele>
      <time>2026-04-13T11:13:30.849Z</time>
    </trkpt>
    <trkpt lat="46.533614" lon="10.483237">
      <ele>0</ele>
      <time>2026-04-13T11:13:31.748Z</time>
    </trkpt>
    <trkpt lat="46.533636" lon="10.483228">
      <ele>0</ele>
      <time>2026-04-13T11:13:32.647Z</time>
    </trkpt>
    <trkpt lat="46.533643" lon="10.483223">
      <ele>0</ele>
      <time>2026-04-13T11:13:33.546Z</time>
    </trkpt>
    <trkpt lat="46.533652" lon="10.483210">
      <ele>0</ele>
      <time>2026-04-13T11:13:34.445Z</time>
    </trkpt>
    <trkpt lat="46.533660" lon="10.483187">
      <ele>0</ele>
      <time>2026-04-13T11:13:35.344Z</time>
    </trkpt>
    <trkpt lat="46.533663" lon="10.483162">
      <ele>0</ele>
      <time>2026-04-13T11:13:36.243Z</time>
    </trkpt>
    <trkpt lat="46.533660" lon="10.483126">
      <ele>0</ele>
      <time>2026-04-13T11:13:37.142Z</time>
    </trkpt>
    <trkpt lat="46.533657" lon="10.483111">
      <ele>0</ele>
      <time>2026-04-13T11:13:38.041Z</time>
    </trkpt>
    <trkpt lat="46.533602" lon="10.482924">
      <ele>0</ele>
      <time>2026-04-13T11:13:38.940Z</time>
    </trkpt>
    <trkpt lat="46.533563" lon="10.482780">
      <ele>0</ele>
      <time>2026-04-13T11:13:39.839Z</time>
    </trkpt>
    <trkpt lat="46.533525" lon="10.482599">
      <ele>0</ele>
      <time>2026-04-13T11:13:40.739Z</time>
    </trkpt>
    <trkpt lat="46.533518" lon="10.482510">
      <ele>0</ele>
      <time>2026-04-13T11:13:41.638Z</time>
    </trkpt>
    <trkpt lat="46.533514" lon="10.482420">
      <ele>0</ele>
      <time>2026-04-13T11:13:42.537Z</time>
    </trkpt>
    <trkpt lat="46.533519" lon="10.482150">
      <ele>0</ele>
      <time>2026-04-13T11:13:43.436Z</time>
    </trkpt>
    <trkpt lat="46.533518" lon="10.482019">
      <ele>0</ele>
      <time>2026-04-13T11:13:44.335Z</time>
    </trkpt>
    <trkpt lat="46.533516" lon="10.481900">
      <ele>0</ele>
      <time>2026-04-13T11:13:45.234Z</time>
    </trkpt>
    <trkpt lat="46.533505" lon="10.481781">
      <ele>0</ele>
      <time>2026-04-13T11:13:46.133Z</time>
    </trkpt>
    <trkpt lat="46.533488" lon="10.481627">
      <ele>0</ele>
      <time>2026-04-13T11:13:47.032Z</time>
    </trkpt>
    <trkpt lat="46.533427" lon="10.481199">
      <ele>0</ele>
      <time>2026-04-13T11:13:47.931Z</time>
    </trkpt>
    <trkpt lat="46.533403" lon="10.480995">
      <ele>0</ele>
      <time>2026-04-13T11:13:48.830Z</time>
    </trkpt>
    <trkpt lat="46.533378" lon="10.480830">
      <ele>0</ele>
      <time>2026-04-13T11:13:49.729Z</time>
    </trkpt>
    <trkpt lat="46.533353" lon="10.480654">
      <ele>0</ele>
      <time>2026-04-13T11:13:50.628Z</time>
    </trkpt>
    <trkpt lat="46.533341" lon="10.480524">
      <ele>0</ele>
      <time>2026-04-13T11:13:51.528Z</time>
    </trkpt>
    <trkpt lat="46.533330" lon="10.480337">
      <ele>0</ele>
      <time>2026-04-13T11:13:52.427Z</time>
    </trkpt>
    <trkpt lat="46.533321" lon="10.480138">
      <ele>0</ele>
      <time>2026-04-13T11:13:53.326Z</time>
    </trkpt>
    <trkpt lat="46.533294" lon="10.479705">
      <ele>0</ele>
      <time>2026-04-13T11:13:54.225Z</time>
    </trkpt>
    <trkpt lat="46.533281" lon="10.479489">
      <ele>0</ele>
      <time>2026-04-13T11:13:55.124Z</time>
    </trkpt>
    <trkpt lat="46.533270" lon="10.479228">
      <ele>0</ele>
      <time>2026-04-13T11:13:56.023Z</time>
    </trkpt>
    <trkpt lat="46.533252" lon="10.478904">
      <ele>0</ele>
      <time>2026-04-13T11:13:56.922Z</time>
    </trkpt>
    <trkpt lat="46.533247" lon="10.478709">
      <ele>0</ele>
      <time>2026-04-13T11:13:57.821Z</time>
    </trkpt>
    <trkpt lat="46.533248" lon="10.478552">
      <ele>0</ele>
      <time>2026-04-13T11:13:58.720Z</time>
    </trkpt>
    <trkpt lat="46.533261" lon="10.478261">
      <ele>0</ele>
      <time>2026-04-13T11:13:59.619Z</time>
    </trkpt>
    <trkpt lat="46.533293" lon="10.477979">
      <ele>0</ele>
      <time>2026-04-13T11:14:00.518Z</time>
    </trkpt>
    <trkpt lat="46.533295" lon="10.477862">
      <ele>0</ele>
      <time>2026-04-13T11:14:01.418Z</time>
    </trkpt>
    <trkpt lat="46.533288" lon="10.477761">
      <ele>0</ele>
      <time>2026-04-13T11:14:02.317Z</time>
    </trkpt>
    <trkpt lat="46.533269" lon="10.477624">
      <ele>0</ele>
      <time>2026-04-13T11:14:03.216Z</time>
    </trkpt>
    <trkpt lat="46.533255" lon="10.477538">
      <ele>0</ele>
      <time>2026-04-13T11:14:04.115Z</time>
    </trkpt>
    <trkpt lat="46.533141" lon="10.477128">
      <ele>0</ele>
      <time>2026-04-13T11:14:05.014Z</time>
    </trkpt>
    <trkpt lat="46.533037" lon="10.476768">
      <ele>0</ele>
      <time>2026-04-13T11:14:05.913Z</time>
    </trkpt>
    <trkpt lat="46.533008" lon="10.476659">
      <ele>0</ele>
      <time>2026-04-13T11:14:06.812Z</time>
    </trkpt>
    <trkpt lat="46.532979" lon="10.476567">
      <ele>0</ele>
      <time>2026-04-13T11:14:07.711Z</time>
    </trkpt>
    <trkpt lat="46.532903" lon="10.476333">
      <ele>0</ele>
      <time>2026-04-13T11:14:08.610Z</time>
    </trkpt>
    <trkpt lat="46.532899" lon="10.476309">
      <ele>0</ele>
      <time>2026-04-13T11:14:09.509Z</time>
    </trkpt>
    <trkpt lat="46.532899" lon="10.476292">
      <ele>0</ele>
      <time>2026-04-13T11:14:10.408Z</time>
    </trkpt>
    <trkpt lat="46.532904" lon="10.476270">
      <ele>0</ele>
      <time>2026-04-13T11:14:11.308Z</time>
    </trkpt>
    <trkpt lat="46.532912" lon="10.476256">
      <ele>0</ele>
      <time>2026-04-13T11:14:12.207Z</time>
    </trkpt>
    <trkpt lat="46.532924" lon="10.476245">
      <ele>0</ele>
      <time>2026-04-13T11:14:13.106Z</time>
    </trkpt>
    <trkpt lat="46.532934" lon="10.476238">
      <ele>0</ele>
      <time>2026-04-13T11:14:14.005Z</time>
    </trkpt>
    <trkpt lat="46.532945" lon="10.476235">
      <ele>0</ele>
      <time>2026-04-13T11:14:14.904Z</time>
    </trkpt>
    <trkpt lat="46.532954" lon="10.476235">
      <ele>0</ele>
      <time>2026-04-13T11:14:15.803Z</time>
    </trkpt>
    <trkpt lat="46.532970" lon="10.476244">
      <ele>0</ele>
      <time>2026-04-13T11:14:16.702Z</time>
    </trkpt>
    <trkpt lat="46.532979" lon="10.476255">
      <ele>0</ele>
      <time>2026-04-13T11:14:17.601Z</time>
    </trkpt>
    <trkpt lat="46.532985" lon="10.476266">
      <ele>0</ele>
      <time>2026-04-13T11:14:18.500Z</time>
    </trkpt>
    <trkpt lat="46.533060" lon="10.476487">
      <ele>0</ele>
      <time>2026-04-13T11:14:19.399Z</time>
    </trkpt>
    <trkpt lat="46.533100" lon="10.476585">
      <ele>0</ele>
      <time>2026-04-13T11:14:20.298Z</time>
    </trkpt>
    <trkpt lat="46.533141" lon="10.476690">
      <ele>0</ele>
      <time>2026-04-13T11:14:21.197Z</time>
    </trkpt>
    <trkpt lat="46.533186" lon="10.476785">
      <ele>0</ele>
      <time>2026-04-13T11:14:22.097Z</time>
    </trkpt>
    <trkpt lat="46.533414" lon="10.477245">
      <ele>0</ele>
      <time>2026-04-13T11:14:22.996Z</time>
    </trkpt>
    <trkpt lat="46.533449" lon="10.477335">
      <ele>0</ele>
      <time>2026-04-13T11:14:23.895Z</time>
    </trkpt>
    <trkpt lat="46.533484" lon="10.477433">
      <ele>0</ele>
      <time>2026-04-13T11:14:24.794Z</time>
    </trkpt>
    <trkpt lat="46.533503" lon="10.477514">
      <ele>0</ele>
      <time>2026-04-13T11:14:25.693Z</time>
    </trkpt>
    <trkpt lat="46.533527" lon="10.477648">
      <ele>0</ele>
      <time>2026-04-13T11:14:26.592Z</time>
    </trkpt>
    <trkpt lat="46.533554" lon="10.477814">
      <ele>0</ele>
      <time>2026-04-13T11:14:27.491Z</time>
    </trkpt>
    <trkpt lat="46.533558" lon="10.477831">
      <ele>0</ele>
      <time>2026-04-13T11:14:28.390Z</time>
    </trkpt>
    <trkpt lat="46.533566" lon="10.477849">
      <ele>0</ele>
      <time>2026-04-13T11:14:29.289Z</time>
    </trkpt>
    <trkpt lat="46.533577" lon="10.477863">
      <ele>0</ele>
      <time>2026-04-13T11:14:30.188Z</time>
    </trkpt>
    <trkpt lat="46.533589" lon="10.477869">
      <ele>0</ele>
      <time>2026-04-13T11:14:31.087Z</time>
    </trkpt>
    <trkpt lat="46.533605" lon="10.477869">
      <ele>0</ele>
      <time>2026-04-13T11:14:31.987Z</time>
    </trkpt>
    <trkpt lat="46.533623" lon="10.477860">
      <ele>0</ele>
      <time>2026-04-13T11:14:32.886Z</time>
    </trkpt>
    <trkpt lat="46.533632" lon="10.477850">
      <ele>0</ele>
      <time>2026-04-13T11:14:33.785Z</time>
    </trkpt>
    <trkpt lat="46.533639" lon="10.477838">
      <ele>0</ele>
      <time>2026-04-13T11:14:34.684Z</time>
    </trkpt>
    <trkpt lat="46.533643" lon="10.477825">
      <ele>0</ele>
      <time>2026-04-13T11:14:35.583Z</time>
    </trkpt>
    <trkpt lat="46.533645" lon="10.477811">
      <ele>0</ele>
      <time>2026-04-13T11:14:36.482Z</time>
    </trkpt>
    <trkpt lat="46.533645" lon="10.477790">
      <ele>0</ele>
      <time>2026-04-13T11:14:37.381Z</time>
    </trkpt>
    <trkpt lat="46.533643" lon="10.477769">
      <ele>0</ele>
      <time>2026-04-13T11:14:38.280Z</time>
    </trkpt>
    <trkpt lat="46.533541" lon="10.477240">
      <ele>0</ele>
      <time>2026-04-13T11:14:39.179Z</time>
    </trkpt>
    <trkpt lat="46.533506" lon="10.477045">
      <ele>0</ele>
      <time>2026-04-13T11:14:40.078Z</time>
    </trkpt>
    <trkpt lat="46.533451" lon="10.476831">
      <ele>0</ele>
      <time>2026-04-13T11:14:40.977Z</time>
    </trkpt>
    <trkpt lat="46.533414" lon="10.476673">
      <ele>0</ele>
      <time>2026-04-13T11:14:41.877Z</time>
    </trkpt>
    <trkpt lat="46.533332" lon="10.476360">
      <ele>0</ele>
      <time>2026-04-13T11:14:42.776Z</time>
    </trkpt>
    <trkpt lat="46.533330" lon="10.476347">
      <ele>0</ele>
      <time>2026-04-13T11:14:43.675Z</time>
    </trkpt>
    <trkpt lat="46.533330" lon="10.476323">
      <ele>0</ele>
      <time>2026-04-13T11:14:44.574Z</time>
    </trkpt>
    <trkpt lat="46.533334" lon="10.476306">
      <ele>0</ele>
      <time>2026-04-13T11:14:45.473Z</time>
    </trkpt>
    <trkpt lat="46.533342" lon="10.476291">
      <ele>0</ele>
      <time>2026-04-13T11:14:46.372Z</time>
    </trkpt>
    <trkpt lat="46.533351" lon="10.476282">
      <ele>0</ele>
      <time>2026-04-13T11:14:47.271Z</time>
    </trkpt>
    <trkpt lat="46.533362" lon="10.476275">
      <ele>0</ele>
      <time>2026-04-13T11:14:48.170Z</time>
    </trkpt>
    <trkpt lat="46.533378" lon="10.476274">
      <ele>0</ele>
      <time>2026-04-13T11:14:49.069Z</time>
    </trkpt>
    <trkpt lat="46.533390" lon="10.476280">
      <ele>0</ele>
      <time>2026-04-13T11:14:49.968Z</time>
    </trkpt>
    <trkpt lat="46.533400" lon="10.476291">
      <ele>0</ele>
      <time>2026-04-13T11:14:50.867Z</time>
    </trkpt>
    <trkpt lat="46.533410" lon="10.476315">
      <ele>0</ele>
      <time>2026-04-13T11:14:51.767Z</time>
    </trkpt>
    <trkpt lat="46.533450" lon="10.476461">
      <ele>0</ele>
      <time>2026-04-13T11:14:52.666Z</time>
    </trkpt>
    <trkpt lat="46.533508" lon="10.476627">
      <ele>0</ele>
      <time>2026-04-13T11:14:53.565Z</time>
    </trkpt>
    <trkpt lat="46.533595" lon="10.476892">
      <ele>0</ele>
      <time>2026-04-13T11:14:54.464Z</time>
    </trkpt>
    <trkpt lat="46.533636" lon="10.477010">
      <ele>0</ele>
      <time>2026-04-13T11:14:55.363Z</time>
    </trkpt>
    <trkpt lat="46.533707" lon="10.477225">
      <ele>0</ele>
      <time>2026-04-13T11:14:56.262Z</time>
    </trkpt>
    <trkpt lat="46.533728" lon="10.477297">
      <ele>0</ele>
      <time>2026-04-13T11:14:57.161Z</time>
    </trkpt>
    <trkpt lat="46.533757" lon="10.477418">
      <ele>0</ele>
      <time>2026-04-13T11:14:58.060Z</time>
    </trkpt>
    <trkpt lat="46.533844" lon="10.477798">
      <ele>0</ele>
      <time>2026-04-13T11:14:58.959Z</time>
    </trkpt>
    <trkpt lat="46.533848" lon="10.477810">
      <ele>0</ele>
      <time>2026-04-13T11:14:59.858Z</time>
    </trkpt>
    <trkpt lat="46.533860" lon="10.477836">
      <ele>0</ele>
      <time>2026-04-13T11:15:00.757Z</time>
    </trkpt>
    <trkpt lat="46.533870" lon="10.477850">
      <ele>0</ele>
      <time>2026-04-13T11:15:01.656Z</time>
    </trkpt>
    <trkpt lat="46.533883" lon="10.477859">
      <ele>0</ele>
      <time>2026-04-13T11:15:02.556Z</time>
    </trkpt>
    <trkpt lat="46.533892" lon="10.477860">
      <ele>0</ele>
      <time>2026-04-13T11:15:03.455Z</time>
    </trkpt>
    <trkpt lat="46.533908" lon="10.477852">
      <ele>0</ele>
      <time>2026-04-13T11:15:04.354Z</time>
    </trkpt>
    <trkpt lat="46.533916" lon="10.477841">
      <ele>0</ele>
      <time>2026-04-13T11:15:05.253Z</time>
    </trkpt>
    <trkpt lat="46.533922" lon="10.477821">
      <ele>0</ele>
      <time>2026-04-13T11:15:06.152Z</time>
    </trkpt>
    <trkpt lat="46.533924" lon="10.477799">
      <ele>0</ele>
      <time>2026-04-13T11:15:07.051Z</time>
    </trkpt>
    <trkpt lat="46.533920" lon="10.477765">
      <ele>0</ele>
      <time>2026-04-13T11:15:07.950Z</time>
    </trkpt>
    <trkpt lat="46.533876" lon="10.477567">
      <ele>0</ele>
      <time>2026-04-13T11:15:08.849Z</time>
    </trkpt>
    <trkpt lat="46.533859" lon="10.477443">
      <ele>0</ele>
      <time>2026-04-13T11:15:09.748Z</time>
    </trkpt>
    <trkpt lat="46.533830" lon="10.477253">
      <ele>0</ele>
      <time>2026-04-13T11:15:10.647Z</time>
    </trkpt>
    <trkpt lat="46.533748" lon="10.476686">
      <ele>0</ele>
      <time>2026-04-13T11:15:11.546Z</time>
    </trkpt>
    <trkpt lat="46.533720" lon="10.476500">
      <ele>0</ele>
      <time>2026-04-13T11:15:12.446Z</time>
    </trkpt>
    <trkpt lat="46.533709" lon="10.476390">
      <ele>0</ele>
      <time>2026-04-13T11:15:13.345Z</time>
    </trkpt>
    <trkpt lat="46.533707" lon="10.476295">
      <ele>0</ele>
      <time>2026-04-13T11:15:14.244Z</time>
    </trkpt>
    <trkpt lat="46.533712" lon="10.475962">
      <ele>0</ele>
      <time>2026-04-13T11:15:15.143Z</time>
    </trkpt>
    <trkpt lat="46.533711" lon="10.475875">
      <ele>0</ele>
      <time>2026-04-13T11:15:16.042Z</time>
    </trkpt>
    <trkpt lat="46.533705" lon="10.475805">
      <ele>0</ele>
      <time>2026-04-13T11:15:16.941Z</time>
    </trkpt>
    <trkpt lat="46.533629" lon="10.475311">
      <ele>0</ele>
      <time>2026-04-13T11:15:17.840Z</time>
    </trkpt>
    <trkpt lat="46.533592" lon="10.475078">
      <ele>0</ele>
      <time>2026-04-13T11:15:18.739Z</time>
    </trkpt>
    <trkpt lat="46.533548" lon="10.474819">
      <ele>0</ele>
      <time>2026-04-13T11:15:19.638Z</time>
    </trkpt>
    <trkpt lat="46.533545" lon="10.474747">
      <ele>0</ele>
      <time>2026-04-13T11:15:20.537Z</time>
    </trkpt>
    <trkpt lat="46.533543" lon="10.474673">
      <ele>0</ele>
      <time>2026-04-13T11:15:21.436Z</time>
    </trkpt>
    <trkpt lat="46.533544" lon="10.474597">
      <ele>0</ele>
      <time>2026-04-13T11:15:22.336Z</time>
    </trkpt>
    <trkpt lat="46.533538" lon="10.474534">
      <ele>0</ele>
      <time>2026-04-13T11:15:23.235Z</time>
    </trkpt>
    <trkpt lat="46.533525" lon="10.474456">
      <ele>0</ele>
      <time>2026-04-13T11:15:24.134Z</time>
    </trkpt>
    <trkpt lat="46.533505" lon="10.474381">
      <ele>0</ele>
      <time>2026-04-13T11:15:25.033Z</time>
    </trkpt>
    <trkpt lat="46.533478" lon="10.474306">
      <ele>0</ele>
      <time>2026-04-13T11:15:25.932Z</time>
    </trkpt>
    <trkpt lat="46.533440" lon="10.474235">
      <ele>0</ele>
      <time>2026-04-13T11:15:26.831Z</time>
    </trkpt>
    <trkpt lat="46.533382" lon="10.474132">
      <ele>0</ele>
      <time>2026-04-13T11:15:27.730Z</time>
    </trkpt>
    <trkpt lat="46.533338" lon="10.474061">
      <ele>0</ele>
      <time>2026-04-13T11:15:28.629Z</time>
    </trkpt>
    <trkpt lat="46.533282" lon="10.473953">
      <ele>0</ele>
      <time>2026-04-13T11:15:29.528Z</time>
    </trkpt>
    <trkpt lat="46.533217" lon="10.473784">
      <ele>0</ele>
      <time>2026-04-13T11:15:30.427Z</time>
    </trkpt>
    <trkpt lat="46.533139" lon="10.473563">
      <ele>0</ele>
      <time>2026-04-13T11:15:31.326Z</time>
    </trkpt>
    <trkpt lat="46.533076" lon="10.473373">
      <ele>0</ele>
      <time>2026-04-13T11:15:32.226Z</time>
    </trkpt>
    <trkpt lat="46.533039" lon="10.473242">
      <ele>0</ele>
      <time>2026-04-13T11:15:33.125Z</time>
    </trkpt>
    <trkpt lat="46.533010" lon="10.473123">
      <ele>0</ele>
      <time>2026-04-13T11:15:34.024Z</time>
    </trkpt>
    <trkpt lat="46.532781" lon="10.471994">
      <ele>0</ele>
      <time>2026-04-13T11:15:34.923Z</time>
    </trkpt>
    <trkpt lat="46.532719" lon="10.471699">
      <ele>0</ele>
      <time>2026-04-13T11:15:35.822Z</time>
    </trkpt>
    <trkpt lat="46.532676" lon="10.471487">
      <ele>0</ele>
      <time>2026-04-13T11:15:36.721Z</time>
    </trkpt>
    <trkpt lat="46.532611" lon="10.471202">
      <ele>0</ele>
      <time>2026-04-13T11:15:37.620Z</time>
    </trkpt>
    <trkpt lat="46.532583" lon="10.471097">
      <ele>0</ele>
      <time>2026-04-13T11:15:38.519Z</time>
    </trkpt>
    <trkpt lat="46.532580" lon="10.471074">
      <ele>0</ele>
      <time>2026-04-13T11:15:39.418Z</time>
    </trkpt>
    <trkpt lat="46.532579" lon="10.471048">
      <ele>0</ele>
      <time>2026-04-13T11:15:40.317Z</time>
    </trkpt>
    <trkpt lat="46.532581" lon="10.471028">
      <ele>0</ele>
      <time>2026-04-13T11:15:41.216Z</time>
    </trkpt>
    <trkpt lat="46.532588" lon="10.471011">
      <ele>0</ele>
      <time>2026-04-13T11:15:42.115Z</time>
    </trkpt>
    <trkpt lat="46.532596" lon="10.471002">
      <ele>0</ele>
      <time>2026-04-13T11:15:43.015Z</time>
    </trkpt>
    <trkpt lat="46.532611" lon="10.470997">
      <ele>0</ele>
      <time>2026-04-13T11:15:43.914Z</time>
    </trkpt>
    <trkpt lat="46.532625" lon="10.471000">
      <ele>0</ele>
      <time>2026-04-13T11:15:44.813Z</time>
    </trkpt>
    <trkpt lat="46.532638" lon="10.471013">
      <ele>0</ele>
      <time>2026-04-13T11:15:45.712Z</time>
    </trkpt>
    <trkpt lat="46.532648" lon="10.471030">
      <ele>0</ele>
      <time>2026-04-13T11:15:46.611Z</time>
    </trkpt>
    <trkpt lat="46.532697" lon="10.471199">
      <ele>0</ele>
      <time>2026-04-13T11:15:47.510Z</time>
    </trkpt>
    <trkpt lat="46.532722" lon="10.471279">
      <ele>0</ele>
      <time>2026-04-13T11:15:48.409Z</time>
    </trkpt>
    <trkpt lat="46.532756" lon="10.471376">
      <ele>0</ele>
      <time>2026-04-13T11:15:49.308Z</time>
    </trkpt>
    <trkpt lat="46.532791" lon="10.471465">
      <ele>0</ele>
      <time>2026-04-13T11:15:50.207Z</time>
    </trkpt>
    <trkpt lat="46.532823" lon="10.471558">
      <ele>0</ele>
      <time>2026-04-13T11:15:51.106Z</time>
    </trkpt>
    <trkpt lat="46.533166" lon="10.472491">
      <ele>0</ele>
      <time>2026-04-13T11:15:52.005Z</time>
    </trkpt>
    <trkpt lat="46.533219" lon="10.472626">
      <ele>0</ele>
      <time>2026-04-13T11:15:52.905Z</time>
    </trkpt>
    <trkpt lat="46.533260" lon="10.472760">
      <ele>0</ele>
      <time>2026-04-13T11:15:53.804Z</time>
    </trkpt>
    <trkpt lat="46.533311" lon="10.472912">
      <ele>0</ele>
      <time>2026-04-13T11:15:54.703Z</time>
    </trkpt>
    <trkpt lat="46.533325" lon="10.472938">
      <ele>0</ele>
      <time>2026-04-13T11:15:55.602Z</time>
    </trkpt>
    <trkpt lat="46.533340" lon="10.472953">
      <ele>0</ele>
      <time>2026-04-13T11:15:56.501Z</time>
    </trkpt>
    <trkpt lat="46.533348" lon="10.472957">
      <ele>0</ele>
      <time>2026-04-13T11:15:57.400Z</time>
    </trkpt>
    <trkpt lat="46.533356" lon="10.472959">
      <ele>0</ele>
      <time>2026-04-13T11:15:58.299Z</time>
    </trkpt>
    <trkpt lat="46.533365" lon="10.472957">
      <ele>0</ele>
      <time>2026-04-13T11:15:59.198Z</time>
    </trkpt>
    <trkpt lat="46.533373" lon="10.472952">
      <ele>0</ele>
      <time>2026-04-13T11:16:00.097Z</time>
    </trkpt>
    <trkpt lat="46.533384" lon="10.472938">
      <ele>0</ele>
      <time>2026-04-13T11:16:00.996Z</time>
    </trkpt>
    <trkpt lat="46.533390" lon="10.472924">
      <ele>0</ele>
      <time>2026-04-13T11:16:01.895Z</time>
    </trkpt>
    <trkpt lat="46.533392" lon="10.472902">
      <ele>0</ele>
      <time>2026-04-13T11:16:02.795Z</time>
    </trkpt>
    <trkpt lat="46.533390" lon="10.472881">
      <ele>0</ele>
      <time>2026-04-13T11:16:03.694Z</time>
    </trkpt>
    <trkpt lat="46.533379" lon="10.472850">
      <ele>0</ele>
      <time>2026-04-13T11:16:04.593Z</time>
    </trkpt>
    <trkpt lat="46.533340" lon="10.472765">
      <ele>0</ele>
      <time>2026-04-13T11:16:05.492Z</time>
    </trkpt>
    <trkpt lat="46.533284" lon="10.472575">
      <ele>0</ele>
      <time>2026-04-13T11:16:06.391Z</time>
    </trkpt>
    <trkpt lat="46.533209" lon="10.472299">
      <ele>0</ele>
      <time>2026-04-13T11:16:07.290Z</time>
    </trkpt>
    <trkpt lat="46.533181" lon="10.472207">
      <ele>0</ele>
      <time>2026-04-13T11:16:08.189Z</time>
    </trkpt>
    <trkpt lat="46.533158" lon="10.472083">
      <ele>0</ele>
      <time>2026-04-13T11:16:09.088Z</time>
    </trkpt>
    <trkpt lat="46.533142" lon="10.472007">
      <ele>0</ele>
      <time>2026-04-13T11:16:09.987Z</time>
    </trkpt>
    <trkpt lat="46.533088" lon="10.471774">
      <ele>0</ele>
      <time>2026-04-13T11:16:10.886Z</time>
    </trkpt>
    <trkpt lat="46.533035" lon="10.471513">
      <ele>0</ele>
      <time>2026-04-13T11:16:11.785Z</time>
    </trkpt>
    <trkpt lat="46.533001" lon="10.471365">
      <ele>0</ele>
      <time>2026-04-13T11:16:12.685Z</time>
    </trkpt>
    <trkpt lat="46.532982" lon="10.471255">
      <ele>0</ele>
      <time>2026-04-13T11:16:13.584Z</time>
    </trkpt>
    <trkpt lat="46.532969" lon="10.471165">
      <ele>0</ele>
      <time>2026-04-13T11:16:14.483Z</time>
    </trkpt>
    <trkpt lat="46.532926" lon="10.470922">
      <ele>0</ele>
      <time>2026-04-13T11:16:15.382Z</time>
    </trkpt>
    <trkpt lat="46.532860" lon="10.470484">
      <ele>0</ele>
      <time>2026-04-13T11:16:16.281Z</time>
    </trkpt>
    <trkpt lat="46.532848" lon="10.470383">
      <ele>0</ele>
      <time>2026-04-13T11:16:17.180Z</time>
    </trkpt>
    <trkpt lat="46.532838" lon="10.470160">
      <ele>0</ele>
      <time>2026-04-13T11:16:18.079Z</time>
    </trkpt>
    <trkpt lat="46.532837" lon="10.470076">
      <ele>0</ele>
      <time>2026-04-13T11:16:18.978Z</time>
    </trkpt>
    <trkpt lat="46.532842" lon="10.469998">
      <ele>0</ele>
      <time>2026-04-13T11:16:19.877Z</time>
    </trkpt>
    <trkpt lat="46.532843" lon="10.469922">
      <ele>0</ele>
      <time>2026-04-13T11:16:20.776Z</time>
    </trkpt>
    <trkpt lat="46.532839" lon="10.469851">
      <ele>0</ele>
      <time>2026-04-13T11:16:21.675Z</time>
    </trkpt>
    <trkpt lat="46.532814" lon="10.469670">
      <ele>0</ele>
      <time>2026-04-13T11:16:22.574Z</time>
    </trkpt>
    <trkpt lat="46.532806" lon="10.469571">
      <ele>0</ele>
      <time>2026-04-13T11:16:23.474Z</time>
    </trkpt>
    <trkpt lat="46.532804" lon="10.469433">
      <ele>0</ele>
      <time>2026-04-13T11:16:24.373Z</time>
    </trkpt>
    <trkpt lat="46.532805" lon="10.469322">
      <ele>0</ele>
      <time>2026-04-13T11:16:25.272Z</time>
    </trkpt>
    <trkpt lat="46.532814" lon="10.469198">
      <ele>0</ele>
      <time>2026-04-13T11:16:26.171Z</time>
    </trkpt>
    <trkpt lat="46.532823" lon="10.469080">
      <ele>0</ele>
      <time>2026-04-13T11:16:27.070Z</time>
    </trkpt>
    <trkpt lat="46.532844" lon="10.468850">
      <ele>0</ele>
      <time>2026-04-13T11:16:27.969Z</time>
    </trkpt>
    <trkpt lat="46.532847" lon="10.468701">
      <ele>0</ele>
      <time>2026-04-13T11:16:28.868Z</time>
    </trkpt>
    <trkpt lat="46.532840" lon="10.468310">
      <ele>0</ele>
      <time>2026-04-13T11:16:29.767Z</time>
    </trkpt>
    <trkpt lat="46.532816" lon="10.467409">
      <ele>0</ele>
      <time>2026-04-13T11:16:30.666Z</time>
    </trkpt>
    <trkpt lat="46.532812" lon="10.467256">
      <ele>0</ele>
      <time>2026-04-13T11:16:31.565Z</time>
    </trkpt>
    <trkpt lat="46.532800" lon="10.467013">
      <ele>0</ele>
      <time>2026-04-13T11:16:32.464Z</time>
    </trkpt>
    <trkpt lat="46.532798" lon="10.466883">
      <ele>0</ele>
      <time>2026-04-13T11:16:33.364Z</time>
    </trkpt>
    <trkpt lat="46.532791" lon="10.466641">
      <ele>0</ele>
      <time>2026-04-13T11:16:34.263Z</time>
    </trkpt>
    <trkpt lat="46.532800" lon="10.466387">
      <ele>0</ele>
      <time>2026-04-13T11:16:35.162Z</time>
    </trkpt>
    <trkpt lat="46.532802" lon="10.466287">
      <ele>0</ele>
      <time>2026-04-13T11:16:36.061Z</time>
    </trkpt>
    <trkpt lat="46.532799" lon="10.466211">
      <ele>0</ele>
      <time>2026-04-13T11:16:36.960Z</time>
    </trkpt>
    <trkpt lat="46.532789" lon="10.466134">
      <ele>0</ele>
      <time>2026-04-13T11:16:37.859Z</time>
    </trkpt>
    <trkpt lat="46.532772" lon="10.466058">
      <ele>0</ele>
      <time>2026-04-13T11:16:38.758Z</time>
    </trkpt>
    <trkpt lat="46.532747" lon="10.465982">
      <ele>0</ele>
      <time>2026-04-13T11:16:39.657Z</time>
    </trkpt>
    <trkpt lat="46.532709" lon="10.465885">
      <ele>0</ele>
      <time>2026-04-13T11:16:40.556Z</time>
    </trkpt>
    <trkpt lat="46.532653" lon="10.465728">
      <ele>0</ele>
      <time>2026-04-13T11:16:41.455Z</time>
    </trkpt>
    <trkpt lat="46.532426" lon="10.465167">
      <ele>0</ele>
      <time>2026-04-13T11:16:42.354Z</time>
    </trkpt>
    <trkpt lat="46.532275" lon="10.464787">
      <ele>0</ele>
      <time>2026-04-13T11:16:43.254Z</time>
    </trkpt>
    <trkpt lat="46.532211" lon="10.464617">
      <ele>0</ele>
      <time>2026-04-13T11:16:44.153Z</time>
    </trkpt>
    <trkpt lat="46.532134" lon="10.464432">
      <ele>0</ele>
      <time>2026-04-13T11:16:45.052Z</time>
    </trkpt>
    <trkpt lat="46.532035" lon="10.464158">
      <ele>0</ele>
      <time>2026-04-13T11:16:45.951Z</time>
    </trkpt>
    <trkpt lat="46.532002" lon="10.464040">
      <ele>0</ele>
      <time>2026-04-13T11:16:46.850Z</time>
    </trkpt>
    <trkpt lat="46.531969" lon="10.463914">
      <ele>0</ele>
      <time>2026-04-13T11:16:47.749Z</time>
    </trkpt>
    <trkpt lat="46.531924" lon="10.463774">
      <ele>0</ele>
      <time>2026-04-13T11:16:48.648Z</time>
    </trkpt>
    <trkpt lat="46.531900" lon="10.463691">
      <ele>0</ele>
      <time>2026-04-13T11:16:49.547Z</time>
    </trkpt>
    <trkpt lat="46.531867" lon="10.463618">
      <ele>0</ele>
      <time>2026-04-13T11:16:50.446Z</time>
    </trkpt>
    <trkpt lat="46.531838" lon="10.463543">
      <ele>0</ele>
      <time>2026-04-13T11:16:51.345Z</time>
    </trkpt>
    <trkpt lat="46.531831" lon="10.463520">
      <ele>0</ele>
      <time>2026-04-13T11:16:52.244Z</time>
    </trkpt>
    <trkpt lat="46.531826" lon="10.463491">
      <ele>0</ele>
      <time>2026-04-13T11:16:53.144Z</time>
    </trkpt>
    <trkpt lat="46.531827" lon="10.463467">
      <ele>0</ele>
      <time>2026-04-13T11:16:54.043Z</time>
    </trkpt>
    <trkpt lat="46.531833" lon="10.463445">
      <ele>0</ele>
      <time>2026-04-13T11:16:54.942Z</time>
    </trkpt>
    <trkpt lat="46.531841" lon="10.463431">
      <ele>0</ele>
      <time>2026-04-13T11:16:55.841Z</time>
    </trkpt>
    <trkpt lat="46.531859" lon="10.463418">
      <ele>0</ele>
      <time>2026-04-13T11:16:56.740Z</time>
    </trkpt>
    <trkpt lat="46.531875" lon="10.463416">
      <ele>0</ele>
      <time>2026-04-13T11:16:57.639Z</time>
    </trkpt>
    <trkpt lat="46.531889" lon="10.463423">
      <ele>0</ele>
      <time>2026-04-13T11:16:58.538Z</time>
    </trkpt>
    <trkpt lat="46.531903" lon="10.463439">
      <ele>0</ele>
      <time>2026-04-13T11:16:59.437Z</time>
    </trkpt>
    <trkpt lat="46.531913" lon="10.463457">
      <ele>0</ele>
      <time>2026-04-13T11:17:00.336Z</time>
    </trkpt>
    <trkpt lat="46.531934" lon="10.463509">
      <ele>0</ele>
      <time>2026-04-13T11:17:01.235Z</time>
    </trkpt>
    <trkpt lat="46.531963" lon="10.463584">
      <ele>0</ele>
      <time>2026-04-13T11:17:02.134Z</time>
    </trkpt>
    <trkpt lat="46.532018" lon="10.463720">
      <ele>0</ele>
      <time>2026-04-13T11:17:03.033Z</time>
    </trkpt>
    <trkpt lat="46.532063" lon="10.463845">
      <ele>0</ele>
      <time>2026-04-13T11:17:03.933Z</time>
    </trkpt>
    <trkpt lat="46.532100" lon="10.463935">
      <ele>0</ele>
      <time>2026-04-13T11:17:04.832Z</time>
    </trkpt>
    <trkpt lat="46.532184" lon="10.464131">
      <ele>0</ele>
      <time>2026-04-13T11:17:05.731Z</time>
    </trkpt>
    <trkpt lat="46.532213" lon="10.464186">
      <ele>0</ele>
      <time>2026-04-13T11:17:06.630Z</time>
    </trkpt>
    <trkpt lat="46.532351" lon="10.464392">
      <ele>0</ele>
      <time>2026-04-13T11:17:07.529Z</time>
    </trkpt>
    <trkpt lat="46.532457" lon="10.464571">
      <ele>0</ele>
      <time>2026-04-13T11:17:08.428Z</time>
    </trkpt>
    <trkpt lat="46.532516" lon="10.464667">
      <ele>0</ele>
      <time>2026-04-13T11:17:09.327Z</time>
    </trkpt>
    <trkpt lat="46.532538" lon="10.464688">
      <ele>0</ele>
      <time>2026-04-13T11:17:10.226Z</time>
    </trkpt>
    <trkpt lat="46.532555" lon="10.464697">
      <ele>0</ele>
      <time>2026-04-13T11:17:11.125Z</time>
    </trkpt>
    <trkpt lat="46.532568" lon="10.464696">
      <ele>0</ele>
      <time>2026-04-13T11:17:12.024Z</time>
    </trkpt>
    <trkpt lat="46.532581" lon="10.464685">
      <ele>0</ele>
      <time>2026-04-13T11:17:12.923Z</time>
    </trkpt>
    <trkpt lat="46.532587" lon="10.464673">
      <ele>0</ele>
      <time>2026-04-13T11:17:13.823Z</time>
    </trkpt>
    <trkpt lat="46.532590" lon="10.464653">
      <ele>0</ele>
      <time>2026-04-13T11:17:14.722Z</time>
    </trkpt>
    <trkpt lat="46.532586" lon="10.464627">
      <ele>0</ele>
      <time>2026-04-13T11:17:15.621Z</time>
    </trkpt>
    <trkpt lat="46.532578" lon="10.464604">
      <ele>0</ele>
      <time>2026-04-13T11:17:16.520Z</time>
    </trkpt>
    <trkpt lat="46.532523" lon="10.464499">
      <ele>0</ele>
      <time>2026-04-13T11:17:17.419Z</time>
    </trkpt>
    <trkpt lat="46.532482" lon="10.464425">
      <ele>0</ele>
      <time>2026-04-13T11:17:18.318Z</time>
    </trkpt>
    <trkpt lat="46.532438" lon="10.464334">
      <ele>0</ele>
      <time>2026-04-13T11:17:19.217Z</time>
    </trkpt>
    <trkpt lat="46.532341" lon="10.464122">
      <ele>0</ele>
      <time>2026-04-13T11:17:20.116Z</time>
    </trkpt>
    <trkpt lat="46.532304" lon="10.464025">
      <ele>0</ele>
      <time>2026-04-13T11:17:21.015Z</time>
    </trkpt>
    <trkpt lat="46.532271" lon="10.463915">
      <ele>0</ele>
      <time>2026-04-13T11:17:21.914Z</time>
    </trkpt>
    <trkpt lat="46.532240" lon="10.463793">
      <ele>0</ele>
      <time>2026-04-13T11:17:22.813Z</time>
    </trkpt>
    <trkpt lat="46.532189" lon="10.463527">
      <ele>0</ele>
      <time>2026-04-13T11:17:23.713Z</time>
    </trkpt>
    <trkpt lat="46.532102" lon="10.463143">
      <ele>0</ele>
      <time>2026-04-13T11:17:24.612Z</time>
    </trkpt>
    <trkpt lat="46.532073" lon="10.462998">
      <ele>0</ele>
      <time>2026-04-13T11:17:25.511Z</time>
    </trkpt>
    <trkpt lat="46.532041" lon="10.462888">
      <ele>0</ele>
      <time>2026-04-13T11:17:26.410Z</time>
    </trkpt>
    <trkpt lat="46.531997" lon="10.462753">
      <ele>0</ele>
      <time>2026-04-13T11:17:27.309Z</time>
    </trkpt>
    <trkpt lat="46.531904" lon="10.462525">
      <ele>0</ele>
      <time>2026-04-13T11:17:28.208Z</time>
    </trkpt>
    <trkpt lat="46.531855" lon="10.462383">
      <ele>0</ele>
      <time>2026-04-13T11:17:29.107Z</time>
    </trkpt>
    <trkpt lat="46.531792" lon="10.462218">
      <ele>0</ele>
      <time>2026-04-13T11:17:30.006Z</time>
    </trkpt>
    <trkpt lat="46.531741" lon="10.462066">
      <ele>0</ele>
      <time>2026-04-13T11:17:30.905Z</time>
    </trkpt>
    <trkpt lat="46.531694" lon="10.461964">
      <ele>0</ele>
      <time>2026-04-13T11:17:31.804Z</time>
    </trkpt>
    <trkpt lat="46.531648" lon="10.461861">
      <ele>0</ele>
      <time>2026-04-13T11:17:32.703Z</time>
    </trkpt>
    <trkpt lat="46.531617" lon="10.461802">
      <ele>0</ele>
      <time>2026-04-13T11:17:33.603Z</time>
    </trkpt>
    <trkpt lat="46.531565" lon="10.461734">
      <ele>0</ele>
      <time>2026-04-13T11:17:34.502Z</time>
    </trkpt>
    <trkpt lat="46.531376" lon="10.461518">
      <ele>0</ele>
      <time>2026-04-13T11:17:35.401Z</time>
    </trkpt>
    <trkpt lat="46.531095" lon="10.461180">
      <ele>0</ele>
      <time>2026-04-13T11:17:36.300Z</time>
    </trkpt>
    <trkpt lat="46.531033" lon="10.461111">
      <ele>0</ele>
      <time>2026-04-13T11:17:37.199Z</time>
    </trkpt>
    <trkpt lat="46.530943" lon="10.461016">
      <ele>0</ele>
      <time>2026-04-13T11:17:38.098Z</time>
    </trkpt>
    <trkpt lat="46.530929" lon="10.460990">
      <ele>0</ele>
      <time>2026-04-13T11:17:38.997Z</time>
    </trkpt>
    <trkpt lat="46.530923" lon="10.460972">
      <ele>0</ele>
      <time>2026-04-13T11:17:39.896Z</time>
    </trkpt>
    <trkpt lat="46.530920" lon="10.460959">
      <ele>0</ele>
      <time>2026-04-13T11:17:40.795Z</time>
    </trkpt>
    <trkpt lat="46.530920" lon="10.460945">
      <ele>0</ele>
      <time>2026-04-13T11:17:41.694Z</time>
    </trkpt>
    <trkpt lat="46.530922" lon="10.460930">
      <ele>0</ele>
      <time>2026-04-13T11:17:42.593Z</time>
    </trkpt>
    <trkpt lat="46.530932" lon="10.460908">
      <ele>0</ele>
      <time>2026-04-13T11:17:43.492Z</time>
    </trkpt>
    <trkpt lat="46.530945" lon="10.460896">
      <ele>0</ele>
      <time>2026-04-13T11:17:44.392Z</time>
    </trkpt>
    <trkpt lat="46.530959" lon="10.460893">
      <ele>0</ele>
      <time>2026-04-13T11:17:45.291Z</time>
    </trkpt>
    <trkpt lat="46.530973" lon="10.460896">
      <ele>0</ele>
      <time>2026-04-13T11:17:46.190Z</time>
    </trkpt>
    <trkpt lat="46.530993" lon="10.460908">
      <ele>0</ele>
      <time>2026-04-13T11:17:47.089Z</time>
    </trkpt>
    <trkpt lat="46.531164" lon="10.461083">
      <ele>0</ele>
      <time>2026-04-13T11:17:47.988Z</time>
    </trkpt>
    <trkpt lat="46.531265" lon="10.461176">
      <ele>0</ele>
      <time>2026-04-13T11:17:48.887Z</time>
    </trkpt>
    <trkpt lat="46.531308" lon="10.461211">
      <ele>0</ele>
      <time>2026-04-13T11:17:49.786Z</time>
    </trkpt>
    <trkpt lat="46.531347" lon="10.461233">
      <ele>0</ele>
      <time>2026-04-13T11:17:50.685Z</time>
    </trkpt>
    <trkpt lat="46.531704" lon="10.461414">
      <ele>0</ele>
      <time>2026-04-13T11:17:51.584Z</time>
    </trkpt>
    <trkpt lat="46.531820" lon="10.461523">
      <ele>0</ele>
      <time>2026-04-13T11:17:52.483Z</time>
    </trkpt>
    <trkpt lat="46.531877" lon="10.461611">
      <ele>0</ele>
      <time>2026-04-13T11:17:53.382Z</time>
    </trkpt>
    <trkpt lat="46.531929" lon="10.461697">
      <ele>0</ele>
      <time>2026-04-13T11:17:54.282Z</time>
    </trkpt>
    <trkpt lat="46.531996" lon="10.461842">
      <ele>0</ele>
      <time>2026-04-13T11:17:55.181Z</time>
    </trkpt>
    <trkpt lat="46.532077" lon="10.461987">
      <ele>0</ele>
      <time>2026-04-13T11:17:56.080Z</time>
    </trkpt>
    <trkpt lat="46.532190" lon="10.462208">
      <ele>0</ele>
      <time>2026-04-13T11:17:56.979Z</time>
    </trkpt>
    <trkpt lat="46.532231" lon="10.462300">
      <ele>0</ele>
      <time>2026-04-13T11:17:57.878Z</time>
    </trkpt>
    <trkpt lat="46.532343" lon="10.462460">
      <ele>0</ele>
      <time>2026-04-13T11:17:58.777Z</time>
    </trkpt>
    <trkpt lat="46.532395" lon="10.462542">
      <ele>0</ele>
      <time>2026-04-13T11:17:59.676Z</time>
    </trkpt>
    <trkpt lat="46.532440" lon="10.462609">
      <ele>0</ele>
      <time>2026-04-13T11:18:00.575Z</time>
    </trkpt>
    <trkpt lat="46.532470" lon="10.462670">
      <ele>0</ele>
      <time>2026-04-13T11:18:01.474Z</time>
    </trkpt>
    <trkpt lat="46.532523" lon="10.462808">
      <ele>0</ele>
      <time>2026-04-13T11:18:02.373Z</time>
    </trkpt>
    <trkpt lat="46.532552" lon="10.462895">
      <ele>0</ele>
      <time>2026-04-13T11:18:03.272Z</time>
    </trkpt>
    <trkpt lat="46.532577" lon="10.462985">
      <ele>0</ele>
      <time>2026-04-13T11:18:04.172Z</time>
    </trkpt>
    <trkpt lat="46.532651" lon="10.463177">
      <ele>0</ele>
      <time>2026-04-13T11:18:05.071Z</time>
    </trkpt>
    <trkpt lat="46.532744" lon="10.463388">
      <ele>0</ele>
      <time>2026-04-13T11:18:05.970Z</time>
    </trkpt>
    <trkpt lat="46.532785" lon="10.463476">
      <ele>0</ele>
      <time>2026-04-13T11:18:06.869Z</time>
    </trkpt>
    <trkpt lat="46.532807" lon="10.463533">
      <ele>0</ele>
      <time>2026-04-13T11:18:07.768Z</time>
    </trkpt>
    <trkpt lat="46.532840" lon="10.463628">
      <ele>0</ele>
      <time>2026-04-13T11:18:08.667Z</time>
    </trkpt>
    <trkpt lat="46.532936" lon="10.463958">
      <ele>0</ele>
      <time>2026-04-13T11:18:09.566Z</time>
    </trkpt>
    <trkpt lat="46.532944" lon="10.463979">
      <ele>0</ele>
      <time>2026-04-13T11:18:10.465Z</time>
    </trkpt>
    <trkpt lat="46.532957" lon="10.464000">
      <ele>0</ele>
      <time>2026-04-13T11:18:11.364Z</time>
    </trkpt>
    <trkpt lat="46.532969" lon="10.464011">
      <ele>0</ele>
      <time>2026-04-13T11:18:12.263Z</time>
    </trkpt>
    <trkpt lat="46.532981" lon="10.464017">
      <ele>0</ele>
      <time>2026-04-13T11:18:13.162Z</time>
    </trkpt>
    <trkpt lat="46.532988" lon="10.464018">
      <ele>0</ele>
      <time>2026-04-13T11:18:14.062Z</time>
    </trkpt>
    <trkpt lat="46.532996" lon="10.464016">
      <ele>0</ele>
      <time>2026-04-13T11:18:14.961Z</time>
    </trkpt>
    <trkpt lat="46.533005" lon="10.464009">
      <ele>0</ele>
      <time>2026-04-13T11:18:15.860Z</time>
    </trkpt>
    <trkpt lat="46.533011" lon="10.463995">
      <ele>0</ele>
      <time>2026-04-13T11:18:16.759Z</time>
    </trkpt>
    <trkpt lat="46.533013" lon="10.463976">
      <ele>0</ele>
      <time>2026-04-13T11:18:17.658Z</time>
    </trkpt>
    <trkpt lat="46.533011" lon="10.463955">
      <ele>0</ele>
      <time>2026-04-13T11:18:18.557Z</time>
    </trkpt>
    <trkpt lat="46.533003" lon="10.463915">
      <ele>0</ele>
      <time>2026-04-13T11:18:19.456Z</time>
    </trkpt>
    <trkpt lat="46.532949" lon="10.463736">
      <ele>0</ele>
      <time>2026-04-13T11:18:20.355Z</time>
    </trkpt>
    <trkpt lat="46.532931" lon="10.463663">
      <ele>0</ele>
      <time>2026-04-13T11:18:21.254Z</time>
    </trkpt>
    <trkpt lat="46.532871" lon="10.463385">
      <ele>0</ele>
      <time>2026-04-13T11:18:22.153Z</time>
    </trkpt>
    <trkpt lat="46.532846" lon="10.463297">
      <ele>0</ele>
      <time>2026-04-13T11:18:23.052Z</time>
    </trkpt>
    <trkpt lat="46.532814" lon="10.463130">
      <ele>0</ele>
      <time>2026-04-13T11:18:23.951Z</time>
    </trkpt>
    <trkpt lat="46.532750" lon="10.462853">
      <ele>0</ele>
      <time>2026-04-13T11:18:24.851Z</time>
    </trkpt>
    <trkpt lat="46.532732" lon="10.462766">
      <ele>0</ele>
      <time>2026-04-13T11:18:25.750Z</time>
    </trkpt>
    <trkpt lat="46.532679" lon="10.462615">
      <ele>0</ele>
      <time>2026-04-13T11:18:26.649Z</time>
    </trkpt>
    <trkpt lat="46.532569" lon="10.462279">
      <ele>0</ele>
      <time>2026-04-13T11:18:27.548Z</time>
    </trkpt>
    <trkpt lat="46.532520" lon="10.462103">
      <ele>0</ele>
      <time>2026-04-13T11:18:28.447Z</time>
    </trkpt>
    <trkpt lat="46.532501" lon="10.462025">
      <ele>0</ele>
      <time>2026-04-13T11:18:29.346Z</time>
    </trkpt>
    <trkpt lat="46.532488" lon="10.461950">
      <ele>0</ele>
      <time>2026-04-13T11:18:30.245Z</time>
    </trkpt>
    <trkpt lat="46.532471" lon="10.461770">
      <ele>0</ele>
      <time>2026-04-13T11:18:31.144Z</time>
    </trkpt>
    <trkpt lat="46.532455" lon="10.461624">
      <ele>0</ele>
      <time>2026-04-13T11:18:32.043Z</time>
    </trkpt>
    <trkpt lat="46.532442" lon="10.461554">
      <ele>0</ele>
      <time>2026-04-13T11:18:32.942Z</time>
    </trkpt>
    <trkpt lat="46.532423" lon="10.461478">
      <ele>0</ele>
      <time>2026-04-13T11:18:33.841Z</time>
    </trkpt>
    <trkpt lat="46.532405" lon="10.461418">
      <ele>0</ele>
      <time>2026-04-13T11:18:34.741Z</time>
    </trkpt>
    <trkpt lat="46.532379" lon="10.461359">
      <ele>0</ele>
      <time>2026-04-13T11:18:35.640Z</time>
    </trkpt>
    <trkpt lat="46.532290" lon="10.461225">
      <ele>0</ele>
      <time>2026-04-13T11:18:36.539Z</time>
    </trkpt>
    <trkpt lat="46.532249" lon="10.461168">
      <ele>0</ele>
      <time>2026-04-13T11:18:37.438Z</time>
    </trkpt>
    <trkpt lat="46.532220" lon="10.461119">
      <ele>0</ele>
      <time>2026-04-13T11:18:38.337Z</time>
    </trkpt>
    <trkpt lat="46.532191" lon="10.461057">
      <ele>0</ele>
      <time>2026-04-13T11:18:39.236Z</time>
    </trkpt>
    <trkpt lat="46.532137" lon="10.460873">
      <ele>0</ele>
      <time>2026-04-13T11:18:40.135Z</time>
    </trkpt>
    <trkpt lat="46.532108" lon="10.460789">
      <ele>0</ele>
      <time>2026-04-13T11:18:41.034Z</time>
    </trkpt>
    <trkpt lat="46.532081" lon="10.460721">
      <ele>0</ele>
      <time>2026-04-13T11:18:41.933Z</time>
    </trkpt>
    <trkpt lat="46.532046" lon="10.460659">
      <ele>0</ele>
      <time>2026-04-13T11:18:42.832Z</time>
    </trkpt>
    <trkpt lat="46.532010" lon="10.460604">
      <ele>0</ele>
      <time>2026-04-13T11:18:43.731Z</time>
    </trkpt>
    <trkpt lat="46.531883" lon="10.460469">
      <ele>0</ele>
      <time>2026-04-13T11:18:44.631Z</time>
    </trkpt>
    <trkpt lat="46.531746" lon="10.460350">
      <ele>0</ele>
      <time>2026-04-13T11:18:45.530Z</time>
    </trkpt>
    <trkpt lat="46.531541" lon="10.460149">
      <ele>0</ele>
      <time>2026-04-13T11:18:46.429Z</time>
    </trkpt>
    <trkpt lat="46.531444" lon="10.460060">
      <ele>0</ele>
      <time>2026-04-13T11:18:47.328Z</time>
    </trkpt>
    <trkpt lat="46.531346" lon="10.459963">
      <ele>0</ele>
      <time>2026-04-13T11:18:48.227Z</time>
    </trkpt>
    <trkpt lat="46.531280" lon="10.459912">
      <ele>0</ele>
      <time>2026-04-13T11:18:49.126Z</time>
    </trkpt>
    <trkpt lat="46.531217" lon="10.459871">
      <ele>0</ele>
      <time>2026-04-13T11:18:50.025Z</time>
    </trkpt>
    <trkpt lat="46.531154" lon="10.459842">
      <ele>0</ele>
      <time>2026-04-13T11:18:50.924Z</time>
    </trkpt>
    <trkpt lat="46.530973" lon="10.459800">
      <ele>0</ele>
      <time>2026-04-13T11:18:51.823Z</time>
    </trkpt>
    <trkpt lat="46.530912" lon="10.459788">
      <ele>0</ele>
      <time>2026-04-13T11:18:52.722Z</time>
    </trkpt>
    <trkpt lat="46.530846" lon="10.459770">
      <ele>0</ele>
      <time>2026-04-13T11:18:53.621Z</time>
    </trkpt>
    <trkpt lat="46.530790" lon="10.459741">
      <ele>0</ele>
      <time>2026-04-13T11:18:54.521Z</time>
    </trkpt>
    <trkpt lat="46.530748" lon="10.459710">
      <ele>0</ele>
      <time>2026-04-13T11:18:55.420Z</time>
    </trkpt>
    <trkpt lat="46.530669" lon="10.459645">
      <ele>0</ele>
      <time>2026-04-13T11:18:56.319Z</time>
    </trkpt>
    <trkpt lat="46.530613" lon="10.459591">
      <ele>0</ele>
      <time>2026-04-13T11:18:57.218Z</time>
    </trkpt>
    <trkpt lat="46.530402" lon="10.459393">
      <ele>0</ele>
      <time>2026-04-13T11:18:58.117Z</time>
    </trkpt>
    <trkpt lat="46.530386" lon="10.459372">
      <ele>0</ele>
      <time>2026-04-13T11:18:59.016Z</time>
    </trkpt>
    <trkpt lat="46.530378" lon="10.459354">
      <ele>0</ele>
      <time>2026-04-13T11:18:59.915Z</time>
    </trkpt>
    <trkpt lat="46.530374" lon="10.459334">
      <ele>0</ele>
      <time>2026-04-13T11:19:00.814Z</time>
    </trkpt>
    <trkpt lat="46.530377" lon="10.459312">
      <ele>0</ele>
      <time>2026-04-13T11:19:01.713Z</time>
    </trkpt>
    <trkpt lat="46.530383" lon="10.459299">
      <ele>0</ele>
      <time>2026-04-13T11:19:02.612Z</time>
    </trkpt>
    <trkpt lat="46.530395" lon="10.459289">
      <ele>0</ele>
      <time>2026-04-13T11:19:03.511Z</time>
    </trkpt>
    <trkpt lat="46.530409" lon="10.459286">
      <ele>0</ele>
      <time>2026-04-13T11:19:04.410Z</time>
    </trkpt>
    <trkpt lat="46.530427" lon="10.459289">
      <ele>0</ele>
      <time>2026-04-13T11:19:05.310Z</time>
    </trkpt>
    <trkpt lat="46.530447" lon="10.459299">
      <ele>0</ele>
      <time>2026-04-13T11:19:06.209Z</time>
    </trkpt>
    <trkpt lat="46.530514" lon="10.459350">
      <ele>0</ele>
      <time>2026-04-13T11:19:07.108Z</time>
    </trkpt>
    <trkpt lat="46.530567" lon="10.459377">
      <ele>0</ele>
      <time>2026-04-13T11:19:08.007Z</time>
    </trkpt>
    <trkpt lat="46.530690" lon="10.459432">
      <ele>0</ele>
      <time>2026-04-13T11:19:08.906Z</time>
    </trkpt>
    <trkpt lat="46.530754" lon="10.459447">
      <ele>0</ele>
      <time>2026-04-13T11:19:09.805Z</time>
    </trkpt>
    <trkpt lat="46.530937" lon="10.459482">
      <ele>0</ele>
      <time>2026-04-13T11:19:10.704Z</time>
    </trkpt>
    <trkpt lat="46.531179" lon="10.459516">
      <ele>0</ele>
      <time>2026-04-13T11:19:11.603Z</time>
    </trkpt>
    <trkpt lat="46.531289" lon="10.459538">
      <ele>0</ele>
      <time>2026-04-13T11:19:12.502Z</time>
    </trkpt>
    <trkpt lat="46.531383" lon="10.459550">
      <ele>0</ele>
      <time>2026-04-13T11:19:13.401Z</time>
    </trkpt>
    <trkpt lat="46.531448" lon="10.459564">
      <ele>0</ele>
      <time>2026-04-13T11:19:14.300Z</time>
    </trkpt>
    <trkpt lat="46.531502" lon="10.459580">
      <ele>0</ele>
      <time>2026-04-13T11:19:15.200Z</time>
    </trkpt>
    <trkpt lat="46.531677" lon="10.459659">
      <ele>0</ele>
      <time>2026-04-13T11:19:16.099Z</time>
    </trkpt>
    <trkpt lat="46.531777" lon="10.459702">
      <ele>0</ele>
      <time>2026-04-13T11:19:16.998Z</time>
    </trkpt>
    <trkpt lat="46.531860" lon="10.459741">
      <ele>0</ele>
      <time>2026-04-13T11:19:17.897Z</time>
    </trkpt>
    <trkpt lat="46.532094" lon="10.459865">
      <ele>0</ele>
      <time>2026-04-13T11:19:18.796Z</time>
    </trkpt>
    <trkpt lat="46.532262" lon="10.459968">
      <ele>0</ele>
      <time>2026-04-13T11:19:19.695Z</time>
    </trkpt>
    <trkpt lat="46.532416" lon="10.460094">
      <ele>0</ele>
      <time>2026-04-13T11:19:20.594Z</time>
    </trkpt>
    <trkpt lat="46.532482" lon="10.460159">
      <ele>0</ele>
      <time>2026-04-13T11:19:21.493Z</time>
    </trkpt>
    <trkpt lat="46.532594" lon="10.460302">
      <ele>0</ele>
      <time>2026-04-13T11:19:22.392Z</time>
    </trkpt>
    <trkpt lat="46.532644" lon="10.460386">
      <ele>0</ele>
      <time>2026-04-13T11:19:23.291Z</time>
    </trkpt>
    <trkpt lat="46.532688" lon="10.460468">
      <ele>0</ele>
      <time>2026-04-13T11:19:24.190Z</time>
    </trkpt>
    <trkpt lat="46.532721" lon="10.460540">
      <ele>0</ele>
      <time>2026-04-13T11:19:25.090Z</time>
    </trkpt>
    <trkpt lat="46.532761" lon="10.460606">
      <ele>0</ele>
      <time>2026-04-13T11:19:25.989Z</time>
    </trkpt>
    <trkpt lat="46.532898" lon="10.460873">
      <ele>0</ele>
      <time>2026-04-13T11:19:26.888Z</time>
    </trkpt>
    <trkpt lat="46.533011" lon="10.461109">
      <ele>0</ele>
      <time>2026-04-13T11:19:27.787Z</time>
    </trkpt>
    <trkpt lat="46.533071" lon="10.461272">
      <ele>0</ele>
      <time>2026-04-13T11:19:28.686Z</time>
    </trkpt>
    <trkpt lat="46.533079" lon="10.461290">
      <ele>0</ele>
      <time>2026-04-13T11:19:29.585Z</time>
    </trkpt>
    <trkpt lat="46.533088" lon="10.461303">
      <ele>0</ele>
      <time>2026-04-13T11:19:30.484Z</time>
    </trkpt>
    <trkpt lat="46.533099" lon="10.461313">
      <ele>0</ele>
      <time>2026-04-13T11:19:31.383Z</time>
    </trkpt>
    <trkpt lat="46.533113" lon="10.461316">
      <ele>0</ele>
      <time>2026-04-13T11:19:32.282Z</time>
    </trkpt>
    <trkpt lat="46.533123" lon="10.461312">
      <ele>0</ele>
      <time>2026-04-13T11:19:33.181Z</time>
    </trkpt>
    <trkpt lat="46.533130" lon="10.461305">
      <ele>0</ele>
      <time>2026-04-13T11:19:34.080Z</time>
    </trkpt>
    <trkpt lat="46.533136" lon="10.461288">
      <ele>0</ele>
      <time>2026-04-13T11:19:34.980Z</time>
    </trkpt>
    <trkpt lat="46.533137" lon="10.461268">
      <ele>0</ele>
      <time>2026-04-13T11:19:35.879Z</time>
    </trkpt>
    <trkpt lat="46.533135" lon="10.461247">
      <ele>0</ele>
      <time>2026-04-13T11:19:36.778Z</time>
    </trkpt>
    <trkpt lat="46.533130" lon="10.461216">
      <ele>0</ele>
      <time>2026-04-13T11:19:37.677Z</time>
    </trkpt>
    <trkpt lat="46.533113" lon="10.461160">
      <ele>0</ele>
      <time>2026-04-13T11:19:38.576Z</time>
    </trkpt>
    <trkpt lat="46.533069" lon="10.461052">
      <ele>0</ele>
      <time>2026-04-13T11:19:39.475Z</time>
    </trkpt>
    <trkpt lat="46.533002" lon="10.460852">
      <ele>0</ele>
      <time>2026-04-13T11:19:40.374Z</time>
    </trkpt>
    <trkpt lat="46.532968" lon="10.460742">
      <ele>0</ele>
      <time>2026-04-13T11:19:41.273Z</time>
    </trkpt>
    <trkpt lat="46.532932" lon="10.460640">
      <ele>0</ele>
      <time>2026-04-13T11:19:42.172Z</time>
    </trkpt>
    <trkpt lat="46.532768" lon="10.460270">
      <ele>0</ele>
      <time>2026-04-13T11:19:43.071Z</time>
    </trkpt>
    <trkpt lat="46.532699" lon="10.460107">
      <ele>0</ele>
      <time>2026-04-13T11:19:43.970Z</time>
    </trkpt>
    <trkpt lat="46.532670" lon="10.460025">
      <ele>0</ele>
      <time>2026-04-13T11:19:44.869Z</time>
    </trkpt>
    <trkpt lat="46.532628" lon="10.459930">
      <ele>0</ele>
      <time>2026-04-13T11:19:45.769Z</time>
    </trkpt>
    <trkpt lat="46.532577" lon="10.459845">
      <ele>0</ele>
      <time>2026-04-13T11:19:46.668Z</time>
    </trkpt>
    <trkpt lat="46.532467" lon="10.459634">
      <ele>0</ele>
      <time>2026-04-13T11:19:47.567Z</time>
    </trkpt>
    <trkpt lat="46.532437" lon="10.459549">
      <ele>0</ele>
      <time>2026-04-13T11:19:48.466Z</time>
    </trkpt>
    <trkpt lat="46.532393" lon="10.459450">
      <ele>0</ele>
      <time>2026-04-13T11:19:49.365Z</time>
    </trkpt>
    <trkpt lat="46.532344" lon="10.459363">
      <ele>0</ele>
      <time>2026-04-13T11:19:50.264Z</time>
    </trkpt>
    <trkpt lat="46.532213" lon="10.459208">
      <ele>0</ele>
      <time>2026-04-13T11:19:51.163Z</time>
    </trkpt>
    <trkpt lat="46.532155" lon="10.459153">
      <ele>0</ele>
      <time>2026-04-13T11:19:52.062Z</time>
    </trkpt>
    <trkpt lat="46.532105" lon="10.459116">
      <ele>0</ele>
      <time>2026-04-13T11:19:52.961Z</time>
    </trkpt>
    <trkpt lat="46.532047" lon="10.459086">
      <ele>0</ele>
      <time>2026-04-13T11:19:53.860Z</time>
    </trkpt>
    <trkpt lat="46.531927" lon="10.459044">
      <ele>0</ele>
      <time>2026-04-13T11:19:54.759Z</time>
    </trkpt>
    <trkpt lat="46.531812" lon="10.459009">
      <ele>0</ele>
      <time>2026-04-13T11:19:55.659Z</time>
    </trkpt>
    <trkpt lat="46.531706" lon="10.458972">
      <ele>0</ele>
      <time>2026-04-13T11:19:56.558Z</time>
    </trkpt>
    <trkpt lat="46.531613" lon="10.458929">
      <ele>0</ele>
      <time>2026-04-13T11:19:57.457Z</time>
    </trkpt>
    <trkpt lat="46.531491" lon="10.458889">
      <ele>0</ele>
      <time>2026-04-13T11:19:58.356Z</time>
    </trkpt>
    <trkpt lat="46.531395" lon="10.458844">
      <ele>0</ele>
      <time>2026-04-13T11:19:59.255Z</time>
    </trkpt>
    <trkpt lat="46.531321" lon="10.458799">
      <ele>0</ele>
      <time>2026-04-13T11:20:00.154Z</time>
    </trkpt>
    <trkpt lat="46.531156" lon="10.458675">
      <ele>0</ele>
      <time>2026-04-13T11:20:01.053Z</time>
    </trkpt>
    <trkpt lat="46.531027" lon="10.458585">
      <ele>0</ele>
      <time>2026-04-13T11:20:01.952Z</time>
    </trkpt>
    <trkpt lat="46.530842" lon="10.458453">
      <ele>0</ele>
      <time>2026-04-13T11:20:02.851Z</time>
    </trkpt>
    <trkpt lat="46.530606" lon="10.458214">
      <ele>0</ele>
      <time>2026-04-13T11:20:03.750Z</time>
    </trkpt>
    <trkpt lat="46.530502" lon="10.458099">
      <ele>0</ele>
      <time>2026-04-13T11:20:04.649Z</time>
    </trkpt>
    <trkpt lat="46.530408" lon="10.457989">
      <ele>0</ele>
      <time>2026-04-13T11:20:05.549Z</time>
    </trkpt>
    <trkpt lat="46.530336" lon="10.457896">
      <ele>0</ele>
      <time>2026-04-13T11:20:06.448Z</time>
    </trkpt>
    <trkpt lat="46.530184" lon="10.457672">
      <ele>0</ele>
      <time>2026-04-13T11:20:07.347Z</time>
    </trkpt>
    <trkpt lat="46.530042" lon="10.457448">
      <ele>0</ele>
      <time>2026-04-13T11:20:08.246Z</time>
    </trkpt>
    <trkpt lat="46.529951" lon="10.457313">
      <ele>0</ele>
      <time>2026-04-13T11:20:09.145Z</time>
    </trkpt>
    <trkpt lat="46.529926" lon="10.457269">
      <ele>0</ele>
      <time>2026-04-13T11:20:10.044Z</time>
    </trkpt>
    <trkpt lat="46.529915" lon="10.457238">
      <ele>0</ele>
      <time>2026-04-13T11:20:10.943Z</time>
    </trkpt>
    <trkpt lat="46.529909" lon="10.457209">
      <ele>0</ele>
      <time>2026-04-13T11:20:11.842Z</time>
    </trkpt>
    <trkpt lat="46.529908" lon="10.457188">
      <ele>0</ele>
      <time>2026-04-13T11:20:12.741Z</time>
    </trkpt>
    <trkpt lat="46.529910" lon="10.457175">
      <ele>0</ele>
      <time>2026-04-13T11:20:13.640Z</time>
    </trkpt>
    <trkpt lat="46.529915" lon="10.457166">
      <ele>0</ele>
      <time>2026-04-13T11:20:14.539Z</time>
    </trkpt>
    <trkpt lat="46.529928" lon="10.457157">
      <ele>0</ele>
      <time>2026-04-13T11:20:15.439Z</time>
    </trkpt>
    <trkpt lat="46.529936" lon="10.457155">
      <ele>0</ele>
      <time>2026-04-13T11:20:16.338Z</time>
    </trkpt>
    <trkpt lat="46.529947" lon="10.457157">
      <ele>0</ele>
      <time>2026-04-13T11:20:17.237Z</time>
    </trkpt>
    <trkpt lat="46.529964" lon="10.457168">
      <ele>0</ele>
      <time>2026-04-13T11:20:18.136Z</time>
    </trkpt>
    <trkpt lat="46.530039" lon="10.457257">
      <ele>0</ele>
      <time>2026-04-13T11:20:19.035Z</time>
    </trkpt>
    <trkpt lat="46.530151" lon="10.457371">
      <ele>0</ele>
      <time>2026-04-13T11:20:19.934Z</time>
    </trkpt>
    <trkpt lat="46.530231" lon="10.457458">
      <ele>0</ele>
      <time>2026-04-13T11:20:20.833Z</time>
    </trkpt>
    <trkpt lat="46.530332" lon="10.457547">
      <ele>0</ele>
      <time>2026-04-13T11:20:21.732Z</time>
    </trkpt>
    <trkpt lat="46.530445" lon="10.457632">
      <ele>0</ele>
      <time>2026-04-13T11:20:22.631Z</time>
    </trkpt>
    <trkpt lat="46.530559" lon="10.457715">
      <ele>0</ele>
      <time>2026-04-13T11:20:23.530Z</time>
    </trkpt>
    <trkpt lat="46.530663" lon="10.457797">
      <ele>0</ele>
      <time>2026-04-13T11:20:24.429Z</time>
    </trkpt>
    <trkpt lat="46.530742" lon="10.457847">
      <ele>0</ele>
      <time>2026-04-13T11:20:25.328Z</time>
    </trkpt>
    <trkpt lat="46.530791" lon="10.457883">
      <ele>0</ele>
      <time>2026-04-13T11:20:26.228Z</time>
    </trkpt>
    <trkpt lat="46.530860" lon="10.457937">
      <ele>0</ele>
      <time>2026-04-13T11:20:27.127Z</time>
    </trkpt>
    <trkpt lat="46.530939" lon="10.457988">
      <ele>0</ele>
      <time>2026-04-13T11:20:28.026Z</time>
    </trkpt>
    <trkpt lat="46.531000" lon="10.458021">
      <ele>0</ele>
      <time>2026-04-13T11:20:28.925Z</time>
    </trkpt>
    <trkpt lat="46.531091" lon="10.458058">
      <ele>0</ele>
      <time>2026-04-13T11:20:29.824Z</time>
    </trkpt>
    <trkpt lat="46.531337" lon="10.458137">
      <ele>0</ele>
      <time>2026-04-13T11:20:30.723Z</time>
    </trkpt>
    <trkpt lat="46.531434" lon="10.458174">
      <ele>0</ele>
      <time>2026-04-13T11:20:31.622Z</time>
    </trkpt>
    <trkpt lat="46.531677" lon="10.458261">
      <ele>0</ele>
      <time>2026-04-13T11:20:32.521Z</time>
    </trkpt>
    <trkpt lat="46.531696" lon="10.458261">
      <ele>0</ele>
      <time>2026-04-13T11:20:33.420Z</time>
    </trkpt>
    <trkpt lat="46.531716" lon="10.458256">
      <ele>0</ele>
      <time>2026-04-13T11:20:34.319Z</time>
    </trkpt>
    <trkpt lat="46.531729" lon="10.458246">
      <ele>0</ele>
      <time>2026-04-13T11:20:35.218Z</time>
    </trkpt>
    <trkpt lat="46.531736" lon="10.458235">
      <ele>0</ele>
      <time>2026-04-13T11:20:36.118Z</time>
    </trkpt>
    <trkpt lat="46.531738" lon="10.458229">
      <ele>0</ele>
      <time>2026-04-13T11:20:37.017Z</time>
    </trkpt>
    <trkpt lat="46.531740" lon="10.458213">
      <ele>0</ele>
      <time>2026-04-13T11:20:37.916Z</time>
    </trkpt>
    <trkpt lat="46.531739" lon="10.458203">
      <ele>0</ele>
      <time>2026-04-13T11:20:38.815Z</time>
    </trkpt>
    <trkpt lat="46.531733" lon="10.458177">
      <ele>0</ele>
      <time>2026-04-13T11:20:39.714Z</time>
    </trkpt>
    <trkpt lat="46.531722" lon="10.458159">
      <ele>0</ele>
      <time>2026-04-13T11:20:40.613Z</time>
    </trkpt>
    <trkpt lat="46.531709" lon="10.458148">
      <ele>0</ele>
      <time>2026-04-13T11:20:41.512Z</time>
    </trkpt>
    <trkpt lat="46.531689" lon="10.458141">
      <ele>0</ele>
      <time>2026-04-13T11:20:42.411Z</time>
    </trkpt>
    <trkpt lat="46.531541" lon="10.458124">
      <ele>0</ele>
      <time>2026-04-13T11:20:43.310Z</time>
    </trkpt>
    <trkpt lat="46.531491" lon="10.458105">
      <ele>0</ele>
      <time>2026-04-13T11:20:44.209Z</time>
    </trkpt>
    <trkpt lat="46.531426" lon="10.458070">
      <ele>0</ele>
      <time>2026-04-13T11:20:45.108Z</time>
    </trkpt>
    <trkpt lat="46.531367" lon="10.458031">
      <ele>0</ele>
      <time>2026-04-13T11:20:46.008Z</time>
    </trkpt>
    <trkpt lat="46.531309" lon="10.458004">
      <ele>0</ele>
      <time>2026-04-13T11:20:46.907Z</time>
    </trkpt>
    <trkpt lat="46.531187" lon="10.457934">
      <ele>0</ele>
      <time>2026-04-13T11:20:47.806Z</time>
    </trkpt>
    <trkpt lat="46.531065" lon="10.457854">
      <ele>0</ele>
      <time>2026-04-13T11:20:48.705Z</time>
    </trkpt>
    <trkpt lat="46.531019" lon="10.457816">
      <ele>0</ele>
      <time>2026-04-13T11:20:49.604Z</time>
    </trkpt>
    <trkpt lat="46.530967" lon="10.457755">
      <ele>0</ele>
      <time>2026-04-13T11:20:50.503Z</time>
    </trkpt>
    <trkpt lat="46.530902" lon="10.457683">
      <ele>0</ele>
      <time>2026-04-13T11:20:51.402Z</time>
    </trkpt>
    <trkpt lat="46.530839" lon="10.457599">
      <ele>0</ele>
      <time>2026-04-13T11:20:52.301Z</time>
    </trkpt>
    <trkpt lat="46.530775" lon="10.457508">
      <ele>0</ele>
      <time>2026-04-13T11:20:53.200Z</time>
    </trkpt>
    <trkpt lat="46.530705" lon="10.457398">
      <ele>0</ele>
      <time>2026-04-13T11:20:54.099Z</time>
    </trkpt>
    <trkpt lat="46.530624" lon="10.457255">
      <ele>0</ele>
      <time>2026-04-13T11:20:54.998Z</time>
    </trkpt>
    <trkpt lat="46.530496" lon="10.457010">
      <ele>0</ele>
      <time>2026-04-13T11:20:55.897Z</time>
    </trkpt>
    <trkpt lat="46.530421" lon="10.456860">
      <ele>0</ele>
      <time>2026-04-13T11:20:56.797Z</time>
    </trkpt>
    <trkpt lat="46.530373" lon="10.456774">
      <ele>0</ele>
      <time>2026-04-13T11:20:57.696Z</time>
    </trkpt>
    <trkpt lat="46.530329" lon="10.456715">
      <ele>0</ele>
      <time>2026-04-13T11:20:58.595Z</time>
    </trkpt>
    <trkpt lat="46.530288" lon="10.456668">
      <ele>0</ele>
      <time>2026-04-13T11:20:59.494Z</time>
    </trkpt>
    <trkpt lat="46.530248" lon="10.456642">
      <ele>0</ele>
      <time>2026-04-13T11:21:00.393Z</time>
    </trkpt>
    <trkpt lat="46.530120" lon="10.456578">
      <ele>0</ele>
      <time>2026-04-13T11:21:01.292Z</time>
    </trkpt>
    <trkpt lat="46.530064" lon="10.456547">
      <ele>0</ele>
      <time>2026-04-13T11:21:02.191Z</time>
    </trkpt>
    <trkpt lat="46.530052" lon="10.456536">
      <ele>0</ele>
      <time>2026-04-13T11:21:03.090Z</time>
    </trkpt>
    <trkpt lat="46.530042" lon="10.456519">
      <ele>0</ele>
      <time>2026-04-13T11:21:03.989Z</time>
    </trkpt>
    <trkpt lat="46.530037" lon="10.456503">
      <ele>0</ele>
      <time>2026-04-13T11:21:04.888Z</time>
    </trkpt>
    <trkpt lat="46.530035" lon="10.456489">
      <ele>0</ele>
      <time>2026-04-13T11:21:05.787Z</time>
    </trkpt>
    <trkpt lat="46.530037" lon="10.456474">
      <ele>0</ele>
      <time>2026-04-13T11:21:06.687Z</time>
    </trkpt>
    <trkpt lat="46.530041" lon="10.456459">
      <ele>0</ele>
      <time>2026-04-13T11:21:07.586Z</time>
    </trkpt>
    <trkpt lat="46.530051" lon="10.456443">
      <ele>0</ele>
      <time>2026-04-13T11:21:08.485Z</time>
    </trkpt>
    <trkpt lat="46.530058" lon="10.456438">
      <ele>0</ele>
      <time>2026-04-13T11:21:09.384Z</time>
    </trkpt>
    <trkpt lat="46.530067" lon="10.456435">
      <ele>0</ele>
      <time>2026-04-13T11:21:10.283Z</time>
    </trkpt>
    <trkpt lat="46.530079" lon="10.456436">
      <ele>0</ele>
      <time>2026-04-13T11:21:11.182Z</time>
    </trkpt>
    <trkpt lat="46.530090" lon="10.456439">
      <ele>0</ele>
      <time>2026-04-13T11:21:12.081Z</time>
    </trkpt>
    <trkpt lat="46.530180" lon="10.456487">
      <ele>0</ele>
      <time>2026-04-13T11:21:12.980Z</time>
    </trkpt>
    <trkpt lat="46.530277" lon="10.456524">
      <ele>0</ele>
      <time>2026-04-13T11:21:13.879Z</time>
    </trkpt>
    <trkpt lat="46.530363" lon="10.456566">
      <ele>0</ele>
      <time>2026-04-13T11:21:14.778Z</time>
    </trkpt>
    <trkpt lat="46.530438" lon="10.456618">
      <ele>0</ele>
      <time>2026-04-13T11:21:15.677Z</time>
    </trkpt>
    <trkpt lat="46.530513" lon="10.456682">
      <ele>0</ele>
      <time>2026-04-13T11:21:16.577Z</time>
    </trkpt>
    <trkpt lat="46.530572" lon="10.456741">
      <ele>0</ele>
      <time>2026-04-13T11:21:17.476Z</time>
    </trkpt>
    <trkpt lat="46.530638" lon="10.456810">
      <ele>0</ele>
      <time>2026-04-13T11:21:18.375Z</time>
    </trkpt>
    <trkpt lat="46.530711" lon="10.456902">
      <ele>0</ele>
      <time>2026-04-13T11:21:19.274Z</time>
    </trkpt>
    <trkpt lat="46.530854" lon="10.457097">
      <ele>0</ele>
      <time>2026-04-13T11:21:20.173Z</time>
    </trkpt>
    <trkpt lat="46.530919" lon="10.457195">
      <ele>0</ele>
      <time>2026-04-13T11:21:21.072Z</time>
    </trkpt>
    <trkpt lat="46.530960" lon="10.457252">
      <ele>0</ele>
      <time>2026-04-13T11:21:21.971Z</time>
    </trkpt>
    <trkpt lat="46.531037" lon="10.457364">
      <ele>0</ele>
      <time>2026-04-13T11:21:22.870Z</time>
    </trkpt>
    <trkpt lat="46.531104" lon="10.457453">
      <ele>0</ele>
      <time>2026-04-13T11:21:23.769Z</time>
    </trkpt>
    <trkpt lat="46.531168" lon="10.457519">
      <ele>0</ele>
      <time>2026-04-13T11:21:24.668Z</time>
    </trkpt>
    <trkpt lat="46.531178" lon="10.457526">
      <ele>0</ele>
      <time>2026-04-13T11:21:25.567Z</time>
    </trkpt>
    <trkpt lat="46.531190" lon="10.457532">
      <ele>0</ele>
      <time>2026-04-13T11:21:26.467Z</time>
    </trkpt>
    <trkpt lat="46.531203" lon="10.457535">
      <ele>0</ele>
      <time>2026-04-13T11:21:27.366Z</time>
    </trkpt>
    <trkpt lat="46.531217" lon="10.457533">
      <ele>0</ele>
      <time>2026-04-13T11:21:28.265Z</time>
    </trkpt>
    <trkpt lat="46.531225" lon="10.457527">
      <ele>0</ele>
      <time>2026-04-13T11:21:29.164Z</time>
    </trkpt>
    <trkpt lat="46.531232" lon="10.457517">
      <ele>0</ele>
      <time>2026-04-13T11:21:30.063Z</time>
    </trkpt>
    <trkpt lat="46.531238" lon="10.457495">
      <ele>0</ele>
      <time>2026-04-13T11:21:30.962Z</time>
    </trkpt>
    <trkpt lat="46.531238" lon="10.457475">
      <ele>0</ele>
      <time>2026-04-13T11:21:31.861Z</time>
    </trkpt>
    <trkpt lat="46.531231" lon="10.457452">
      <ele>0</ele>
      <time>2026-04-13T11:21:32.760Z</time>
    </trkpt>
    <trkpt lat="46.531218" lon="10.457434">
      <ele>0</ele>
      <time>2026-04-13T11:21:33.659Z</time>
    </trkpt>
    <trkpt lat="46.531117" lon="10.457327">
      <ele>0</ele>
      <time>2026-04-13T11:21:34.558Z</time>
    </trkpt>
    <trkpt lat="46.531080" lon="10.457268">
      <ele>0</ele>
      <time>2026-04-13T11:21:35.457Z</time>
    </trkpt>
    <trkpt lat="46.531052" lon="10.457218">
      <ele>0</ele>
      <time>2026-04-13T11:21:36.356Z</time>
    </trkpt>
    <trkpt lat="46.531024" lon="10.457156">
      <ele>0</ele>
      <time>2026-04-13T11:21:37.256Z</time>
    </trkpt>
    <trkpt lat="46.530998" lon="10.457085">
      <ele>0</ele>
      <time>2026-04-13T11:21:38.155Z</time>
    </trkpt>
    <trkpt lat="46.530965" lon="10.457013">
      <ele>0</ele>
      <time>2026-04-13T11:21:39.054Z</time>
    </trkpt>
    <trkpt lat="46.530906" lon="10.456863">
      <ele>0</ele>
      <time>2026-04-13T11:21:39.953Z</time>
    </trkpt>
    <trkpt lat="46.530865" lon="10.456766">
      <ele>0</ele>
      <time>2026-04-13T11:21:40.852Z</time>
    </trkpt>
    <trkpt lat="46.530824" lon="10.456677">
      <ele>0</ele>
      <time>2026-04-13T11:21:41.751Z</time>
    </trkpt>
    <trkpt lat="46.530777" lon="10.456603">
      <ele>0</ele>
      <time>2026-04-13T11:21:42.650Z</time>
    </trkpt>
    <trkpt lat="46.530683" lon="10.456480">
      <ele>0</ele>
      <time>2026-04-13T11:21:43.549Z</time>
    </trkpt>
    <trkpt lat="46.530507" lon="10.456314">
      <ele>0</ele>
      <time>2026-04-13T11:21:44.448Z</time>
    </trkpt>
    <trkpt lat="46.530339" lon="10.456171">
      <ele>0</ele>
      <time>2026-04-13T11:21:45.347Z</time>
    </trkpt>
    <trkpt lat="46.530283" lon="10.456118">
      <ele>0</ele>
      <time>2026-04-13T11:21:46.246Z</time>
    </trkpt>
    <trkpt lat="46.530171" lon="10.455978">
      <ele>0</ele>
      <time>2026-04-13T11:21:47.146Z</time>
    </trkpt>
    <trkpt lat="46.530119" lon="10.455898">
      <ele>0</ele>
      <time>2026-04-13T11:21:48.045Z</time>
    </trkpt>
    <trkpt lat="46.530054" lon="10.455805">
      <ele>0</ele>
      <time>2026-04-13T11:21:48.944Z</time>
    </trkpt>
    <trkpt lat="46.530024" lon="10.455768">
      <ele>0</ele>
      <time>2026-04-13T11:21:49.843Z</time>
    </trkpt>
    <trkpt lat="46.529982" lon="10.455729">
      <ele>0</ele>
      <time>2026-04-13T11:21:50.742Z</time>
    </trkpt>
    <trkpt lat="46.529945" lon="10.455701">
      <ele>0</ele>
      <time>2026-04-13T11:21:51.641Z</time>
    </trkpt>
    <trkpt lat="46.529901" lon="10.455687">
      <ele>0</ele>
      <time>2026-04-13T11:21:52.540Z</time>
    </trkpt>
    <trkpt lat="46.529797" lon="10.455693">
      <ele>0</ele>
      <time>2026-04-13T11:21:53.439Z</time>
    </trkpt>
    <trkpt lat="46.529653" lon="10.455714">
      <ele>0</ele>
      <time>2026-04-13T11:21:54.338Z</time>
    </trkpt>
    <trkpt lat="46.529590" lon="10.455726">
      <ele>0</ele>
      <time>2026-04-13T11:21:55.237Z</time>
    </trkpt>
    <trkpt lat="46.529534" lon="10.455742">
      <ele>0</ele>
      <time>2026-04-13T11:21:56.136Z</time>
    </trkpt>
    <trkpt lat="46.529471" lon="10.455757">
      <ele>0</ele>
      <time>2026-04-13T11:21:57.036Z</time>
    </trkpt>
    <trkpt lat="46.529459" lon="10.455756">
      <ele>0</ele>
      <time>2026-04-13T11:21:57.935Z</time>
    </trkpt>
    <trkpt lat="46.529446" lon="10.455750">
      <ele>0</ele>
      <time>2026-04-13T11:21:58.834Z</time>
    </trkpt>
    <trkpt lat="46.529435" lon="10.455739">
      <ele>0</ele>
      <time>2026-04-13T11:21:59.733Z</time>
    </trkpt>
    <trkpt lat="46.529429" lon="10.455726">
      <ele>0</ele>
      <time>2026-04-13T11:22:00.632Z</time>
    </trkpt>
    <trkpt lat="46.529425" lon="10.455704">
      <ele>0</ele>
      <time>2026-04-13T11:22:01.531Z</time>
    </trkpt>
    <trkpt lat="46.529426" lon="10.455692">
      <ele>0</ele>
      <time>2026-04-13T11:22:02.430Z</time>
    </trkpt>
    <trkpt lat="46.529428" lon="10.455682">
      <ele>0</ele>
      <time>2026-04-13T11:22:03.329Z</time>
    </trkpt>
    <trkpt lat="46.529438" lon="10.455667">
      <ele>0</ele>
      <time>2026-04-13T11:22:04.228Z</time>
    </trkpt>
    <trkpt lat="46.529456" lon="10.455655">
      <ele>0</ele>
      <time>2026-04-13T11:22:05.127Z</time>
    </trkpt>
    <trkpt lat="46.529512" lon="10.455642">
      <ele>0</ele>
      <time>2026-04-13T11:22:06.026Z</time>
    </trkpt>
    <trkpt lat="46.529606" lon="10.455609">
      <ele>0</ele>
      <time>2026-04-13T11:22:06.926Z</time>
    </trkpt>
    <trkpt lat="46.529684" lon="10.455572">
      <ele>0</ele>
      <time>2026-04-13T11:22:07.825Z</time>
    </trkpt>
    <trkpt lat="46.529789" lon="10.455534">
      <ele>0</ele>
      <time>2026-04-13T11:22:08.724Z</time>
    </trkpt>
    <trkpt lat="46.529860" lon="10.455512">
      <ele>0</ele>
      <time>2026-04-13T11:22:09.623Z</time>
    </trkpt>
    <trkpt lat="46.529976" lon="10.455496">
      <ele>0</ele>
      <time>2026-04-13T11:22:10.522Z</time>
    </trkpt>
    <trkpt lat="46.529993" lon="10.455489">
      <ele>0</ele>
      <time>2026-04-13T11:22:11.421Z</time>
    </trkpt>
    <trkpt lat="46.530001" lon="10.455482">
      <ele>0</ele>
      <time>2026-04-13T11:22:12.320Z</time>
    </trkpt>
    <trkpt lat="46.530008" lon="10.455473">
      <ele>0</ele>
      <time>2026-04-13T11:22:13.219Z</time>
    </trkpt>
    <trkpt lat="46.530013" lon="10.455460">
      <ele>0</ele>
      <time>2026-04-13T11:22:14.118Z</time>
    </trkpt>
    <trkpt lat="46.530016" lon="10.455444">
      <ele>0</ele>
      <time>2026-04-13T11:22:15.017Z</time>
    </trkpt>
    <trkpt lat="46.530017" lon="10.455423">
      <ele>0</ele>
      <time>2026-04-13T11:22:15.916Z</time>
    </trkpt>
    <trkpt lat="46.530014" lon="10.455403">
      <ele>0</ele>
      <time>2026-04-13T11:22:16.815Z</time>
    </trkpt>
    <trkpt lat="46.530010" lon="10.455387">
      <ele>0</ele>
      <time>2026-04-13T11:22:17.715Z</time>
    </trkpt>
    <trkpt lat="46.530003" lon="10.455376">
      <ele>0</ele>
      <time>2026-04-13T11:22:18.614Z</time>
    </trkpt>
    <trkpt lat="46.529996" lon="10.455368">
      <ele>0</ele>
      <time>2026-04-13T11:22:19.513Z</time>
    </trkpt>
    <trkpt lat="46.529983" lon="10.455362">
      <ele>0</ele>
      <time>2026-04-13T11:22:20.412Z</time>
    </trkpt>
    <trkpt lat="46.529963" lon="10.455361">
      <ele>0</ele>
      <time>2026-04-13T11:22:21.311Z</time>
    </trkpt>
    <trkpt lat="46.529909" lon="10.455375">
      <ele>0</ele>
      <time>2026-04-13T11:22:22.210Z</time>
    </trkpt>
    <trkpt lat="46.529811" lon="10.455406">
      <ele>0</ele>
      <time>2026-04-13T11:22:23.109Z</time>
    </trkpt>
    <trkpt lat="46.529687" lon="10.455436">
      <ele>0</ele>
      <time>2026-04-13T11:22:24.008Z</time>
    </trkpt>
    <trkpt lat="46.529483" lon="10.455476">
      <ele>0</ele>
      <time>2026-04-13T11:22:24.907Z</time>
    </trkpt>
    <trkpt lat="46.529465" lon="10.455473">
      <ele>0</ele>
      <time>2026-04-13T11:22:25.806Z</time>
    </trkpt>
    <trkpt lat="46.529451" lon="10.455466">
      <ele>0</ele>
      <time>2026-04-13T11:22:26.705Z</time>
    </trkpt>
    <trkpt lat="46.529442" lon="10.455458">
      <ele>0</ele>
      <time>2026-04-13T11:22:27.605Z</time>
    </trkpt>
    <trkpt lat="46.529434" lon="10.455446">
      <ele>0</ele>
      <time>2026-04-13T11:22:28.504Z</time>
    </trkpt>
    <trkpt lat="46.529428" lon="10.455430">
      <ele>0</ele>
      <time>2026-04-13T11:22:29.403Z</time>
    </trkpt>
    <trkpt lat="46.529425" lon="10.455409">
      <ele>0</ele>
      <time>2026-04-13T11:22:30.302Z</time>
    </trkpt>
    <trkpt lat="46.529425" lon="10.455387">
      <ele>0</ele>
      <time>2026-04-13T11:22:31.201Z</time>
    </trkpt>
    <trkpt lat="46.529427" lon="10.455378">
      <ele>0</ele>
      <time>2026-04-13T11:22:32.100Z</time>
    </trkpt>
    <trkpt lat="46.529432" lon="10.455363">
      <ele>0</ele>
      <time>2026-04-13T11:22:32.999Z</time>
    </trkpt>
    <trkpt lat="46.529444" lon="10.455345">
      <ele>0</ele>
      <time>2026-04-13T11:22:33.898Z</time>
    </trkpt>
    <trkpt lat="46.529458" lon="10.455335">
      <ele>0</ele>
      <time>2026-04-13T11:22:34.797Z</time>
    </trkpt>
    <trkpt lat="46.529476" lon="10.455328">
      <ele>0</ele>
      <time>2026-04-13T11:22:35.696Z</time>
    </trkpt>
    <trkpt lat="46.529526" lon="10.455321">
      <ele>0</ele>
      <time>2026-04-13T11:22:36.595Z</time>
    </trkpt>
    <trkpt lat="46.529641" lon="10.455310">
      <ele>0</ele>
      <time>2026-04-13T11:22:37.495Z</time>
    </trkpt>
    <trkpt lat="46.529816" lon="10.455276">
      <ele>0</ele>
      <time>2026-04-13T11:22:38.394Z</time>
    </trkpt>
    <trkpt lat="46.529890" lon="10.455259">
      <ele>0</ele>
      <time>2026-04-13T11:22:39.293Z</time>
    </trkpt>
    <trkpt lat="46.530032" lon="10.455223">
      <ele>0</ele>
      <time>2026-04-13T11:22:40.192Z</time>
    </trkpt>
    <trkpt lat="46.530073" lon="10.455219">
      <ele>0</ele>
      <time>2026-04-13T11:22:41.091Z</time>
    </trkpt>
    <trkpt lat="46.530104" lon="10.455219">
      <ele>0</ele>
      <time>2026-04-13T11:22:41.990Z</time>
    </trkpt>
    <trkpt lat="46.530140" lon="10.455239">
      <ele>0</ele>
      <time>2026-04-13T11:22:42.889Z</time>
    </trkpt>
    <trkpt lat="46.530175" lon="10.455272">
      <ele>0</ele>
      <time>2026-04-13T11:22:43.788Z</time>
    </trkpt>
    <trkpt lat="46.530240" lon="10.455349">
      <ele>0</ele>
      <time>2026-04-13T11:22:44.687Z</time>
    </trkpt>
    <trkpt lat="46.530303" lon="10.455417">
      <ele>0</ele>
      <time>2026-04-13T11:22:45.586Z</time>
    </trkpt>
    <trkpt lat="46.530373" lon="10.455473">
      <ele>0</ele>
      <time>2026-04-13T11:22:46.485Z</time>
    </trkpt>
    <trkpt lat="46.530442" lon="10.455515">
      <ele>0</ele>
      <time>2026-04-13T11:22:47.385Z</time>
    </trkpt>
    <trkpt lat="46.530525" lon="10.455550">
      <ele>0</ele>
      <time>2026-04-13T11:22:48.284Z</time>
    </trkpt>
    <trkpt lat="46.530957" lon="10.455711">
      <ele>0</ele>
      <time>2026-04-13T11:22:49.183Z</time>
    </trkpt>
    <trkpt lat="46.531097" lon="10.455756">
      <ele>0</ele>
      <time>2026-04-13T11:22:50.082Z</time>
    </trkpt>
    <trkpt lat="46.531138" lon="10.455782">
      <ele>0</ele>
      <time>2026-04-13T11:22:50.981Z</time>
    </trkpt>
    <trkpt lat="46.531170" lon="10.455811">
      <ele>0</ele>
      <time>2026-04-13T11:22:51.880Z</time>
    </trkpt>
    <trkpt lat="46.531201" lon="10.455848">
      <ele>0</ele>
      <time>2026-04-13T11:22:52.779Z</time>
    </trkpt>
    <trkpt lat="46.531258" lon="10.455936">
      <ele>0</ele>
      <time>2026-04-13T11:22:53.678Z</time>
    </trkpt>
    <trkpt lat="46.531299" lon="10.456010">
      <ele>0</ele>
      <time>2026-04-13T11:22:54.577Z</time>
    </trkpt>
    <trkpt lat="46.531338" lon="10.456100">
      <ele>0</ele>
      <time>2026-04-13T11:22:55.476Z</time>
    </trkpt>
    <trkpt lat="46.531394" lon="10.456218">
      <ele>0</ele>
      <time>2026-04-13T11:22:56.375Z</time>
    </trkpt>
    <trkpt lat="46.531460" lon="10.456350">
      <ele>0</ele>
      <time>2026-04-13T11:22:57.274Z</time>
    </trkpt>
    <trkpt lat="46.531494" lon="10.456417">
      <ele>0</ele>
      <time>2026-04-13T11:22:58.174Z</time>
    </trkpt>
    <trkpt lat="46.531500" lon="10.456426">
      <ele>0</ele>
      <time>2026-04-13T11:22:59.073Z</time>
    </trkpt>
    <trkpt lat="46.531509" lon="10.456437">
      <ele>0</ele>
      <time>2026-04-13T11:22:59.972Z</time>
    </trkpt>
    <trkpt lat="46.531522" lon="10.456447">
      <ele>0</ele>
      <time>2026-04-13T11:23:00.871Z</time>
    </trkpt>
    <trkpt lat="46.531536" lon="10.456452">
      <ele>0</ele>
      <time>2026-04-13T11:23:01.770Z</time>
    </trkpt>
    <trkpt lat="46.531546" lon="10.456450">
      <ele>0</ele>
      <time>2026-04-13T11:23:02.669Z</time>
    </trkpt>
    <trkpt lat="46.531557" lon="10.456444">
      <ele>0</ele>
      <time>2026-04-13T11:23:03.568Z</time>
    </trkpt>
    <trkpt lat="46.531568" lon="10.456431">
      <ele>0</ele>
      <time>2026-04-13T11:23:04.467Z</time>
    </trkpt>
    <trkpt lat="46.531577" lon="10.456414">
      <ele>0</ele>
      <time>2026-04-13T11:23:05.366Z</time>
    </trkpt>
    <trkpt lat="46.531581" lon="10.456398">
      <ele>0</ele>
      <time>2026-04-13T11:23:06.265Z</time>
    </trkpt>
    <trkpt lat="46.531583" lon="10.456382">
      <ele>0</ele>
      <time>2026-04-13T11:23:07.164Z</time>
    </trkpt>
    <trkpt lat="46.531581" lon="10.456368">
      <ele>0</ele>
      <time>2026-04-13T11:23:08.064Z</time>
    </trkpt>
    <trkpt lat="46.531574" lon="10.456343">
      <ele>0</ele>
      <time>2026-04-13T11:23:08.963Z</time>
    </trkpt>
    <trkpt lat="46.531565" lon="10.456325">
      <ele>0</ele>
      <time>2026-04-13T11:23:09.862Z</time>
    </trkpt>
    <trkpt lat="46.531530" lon="10.456272">
      <ele>0</ele>
      <time>2026-04-13T11:23:10.761Z</time>
    </trkpt>
    <trkpt lat="46.531498" lon="10.456214">
      <ele>0</ele>
      <time>2026-04-13T11:23:11.660Z</time>
    </trkpt>
    <trkpt lat="46.531471" lon="10.456159">
      <ele>0</ele>
      <time>2026-04-13T11:23:12.559Z</time>
    </trkpt>
    <trkpt lat="46.531362" lon="10.455841">
      <ele>0</ele>
      <time>2026-04-13T11:23:13.458Z</time>
    </trkpt>
    <trkpt lat="46.531299" lon="10.455695">
      <ele>0</ele>
      <time>2026-04-13T11:23:14.357Z</time>
    </trkpt>
    <trkpt lat="46.531266" lon="10.455647">
      <ele>0</ele>
      <time>2026-04-13T11:23:15.256Z</time>
    </trkpt>
    <trkpt lat="46.531224" lon="10.455595">
      <ele>0</ele>
      <time>2026-04-13T11:23:16.155Z</time>
    </trkpt>
    <trkpt lat="46.531162" lon="10.455534">
      <ele>0</ele>
      <time>2026-04-13T11:23:17.054Z</time>
    </trkpt>
    <trkpt lat="46.531091" lon="10.455469">
      <ele>0</ele>
      <time>2026-04-13T11:23:17.954Z</time>
    </trkpt>
    <trkpt lat="46.530892" lon="10.455307">
      <ele>0</ele>
      <time>2026-04-13T11:23:18.853Z</time>
    </trkpt>
    <trkpt lat="46.530743" lon="10.455200">
      <ele>0</ele>
      <time>2026-04-13T11:23:19.752Z</time>
    </trkpt>
    <trkpt lat="46.530633" lon="10.455125">
      <ele>0</ele>
      <time>2026-04-13T11:23:20.651Z</time>
    </trkpt>
    <trkpt lat="46.530594" lon="10.455089">
      <ele>0</ele>
      <time>2026-04-13T11:23:21.550Z</time>
    </trkpt>
    <trkpt lat="46.530552" lon="10.455037">
      <ele>0</ele>
      <time>2026-04-13T11:23:22.449Z</time>
    </trkpt>
    <trkpt lat="46.530477" lon="10.454923">
      <ele>0</ele>
      <time>2026-04-13T11:23:23.348Z</time>
    </trkpt>
    <trkpt lat="46.530383" lon="10.454774">
      <ele>0</ele>
      <time>2026-04-13T11:23:24.247Z</time>
    </trkpt>
    <trkpt lat="46.530350" lon="10.454734">
      <ele>0</ele>
      <time>2026-04-13T11:23:25.146Z</time>
    </trkpt>
    <trkpt lat="46.530316" lon="10.454706">
      <ele>0</ele>
      <time>2026-04-13T11:23:26.045Z</time>
    </trkpt>
    <trkpt lat="46.530280" lon="10.454687">
      <ele>0</ele>
      <time>2026-04-13T11:23:26.944Z</time>
    </trkpt>
    <trkpt lat="46.530224" lon="10.454671">
      <ele>0</ele>
      <time>2026-04-13T11:23:27.844Z</time>
    </trkpt>
    <trkpt lat="46.530067" lon="10.454640">
      <ele>0</ele>
      <time>2026-04-13T11:23:28.743Z</time>
    </trkpt>
    <trkpt lat="46.529738" lon="10.454546">
      <ele>0</ele>
      <time>2026-04-13T11:23:29.642Z</time>
    </trkpt>
    <trkpt lat="46.529553" lon="10.454483">
      <ele>0</ele>
      <time>2026-04-13T11:23:30.541Z</time>
    </trkpt>
    <trkpt lat="46.529355" lon="10.454410">
      <ele>0</ele>
      <time>2026-04-13T11:23:31.440Z</time>
    </trkpt>
    <trkpt lat="46.529256" lon="10.454366">
      <ele>0</ele>
      <time>2026-04-13T11:23:32.339Z</time>
    </trkpt>
    <trkpt lat="46.529203" lon="10.454338">
      <ele>0</ele>
      <time>2026-04-13T11:23:33.238Z</time>
    </trkpt>
    <trkpt lat="46.529151" lon="10.454295">
      <ele>0</ele>
      <time>2026-04-13T11:23:34.137Z</time>
    </trkpt>
    <trkpt lat="46.529106" lon="10.454242">
      <ele>0</ele>
      <time>2026-04-13T11:23:35.036Z</time>
    </trkpt>
    <trkpt lat="46.529058" lon="10.454162">
      <ele>0</ele>
      <time>2026-04-13T11:23:35.935Z</time>
    </trkpt>
    <trkpt lat="46.529004" lon="10.454067">
      <ele>0</ele>
      <time>2026-04-13T11:23:36.834Z</time>
    </trkpt>
    <trkpt lat="46.528964" lon="10.453997">
      <ele>0</ele>
      <time>2026-04-13T11:23:37.733Z</time>
    </trkpt>
    <trkpt lat="46.528892" lon="10.453885">
      <ele>0</ele>
      <time>2026-04-13T11:23:38.633Z</time>
    </trkpt>
    <trkpt lat="46.528814" lon="10.453763">
      <ele>0</ele>
      <time>2026-04-13T11:23:39.532Z</time>
    </trkpt>
    <trkpt lat="46.528729" lon="10.453643">
      <ele>0</ele>
      <time>2026-04-13T11:23:40.431Z</time>
    </trkpt>
    <trkpt lat="46.528680" lon="10.453562">
      <ele>0</ele>
      <time>2026-04-13T11:23:41.330Z</time>
    </trkpt>
    <trkpt lat="46.528656" lon="10.453505">
      <ele>0</ele>
      <time>2026-04-13T11:23:42.229Z</time>
    </trkpt>
    <trkpt lat="46.528638" lon="10.453449">
      <ele>0</ele>
      <time>2026-04-13T11:23:43.128Z</time>
    </trkpt>
    <trkpt lat="46.528625" lon="10.453368">
      <ele>0</ele>
      <time>2026-04-13T11:23:44.027Z</time>
    </trkpt>
    <trkpt lat="46.528620" lon="10.453292">
      <ele>0</ele>
      <time>2026-04-13T11:23:44.926Z</time>
    </trkpt>
    <trkpt lat="46.528620" lon="10.453292">
      <ele>0</ele>
      <time>2026-04-13T11:23:45.825Z</time>
    </trkpt>
    <trkpt lat="46.528618" lon="10.453206">
      <ele>0</ele>
      <time>2026-04-13T11:23:46.724Z</time>
    </trkpt>
    <trkpt lat="46.528622" lon="10.453157">
      <ele>0</ele>
      <time>2026-04-13T11:23:47.623Z</time>
    </trkpt>
    <trkpt lat="46.528629" lon="10.453099">
      <ele>0</ele>
      <time>2026-04-13T11:23:48.523Z</time>
    </trkpt>
    <trkpt lat="46.528642" lon="10.453033">
      <ele>0</ele>
      <time>2026-04-13T11:23:49.422Z</time>
    </trkpt>
    <trkpt lat="46.528677" lon="10.452944">
      <ele>0</ele>
      <time>2026-04-13T11:23:50.321Z</time>
    </trkpt>
    <trkpt lat="46.528715" lon="10.452876">
      <ele>0</ele>
      <time>2026-04-13T11:23:51.220Z</time>
    </trkpt>
    <trkpt lat="46.528746" lon="10.452829">
      <ele>0</ele>
      <time>2026-04-13T11:23:52.119Z</time>
    </trkpt>
    <trkpt lat="46.528753" lon="10.452820">
      <ele>0</ele>
      <time>2026-04-13T11:23:53.018Z</time>
    </trkpt>
    <trkpt lat="46.528787" lon="10.452781">
      <ele>0</ele>
      <time>2026-04-13T11:23:53.917Z</time>
    </trkpt>
    <trkpt lat="46.528813" lon="10.452752">
      <ele>0</ele>
      <time>2026-04-13T11:23:54.816Z</time>
    </trkpt>
    <trkpt lat="46.528833" lon="10.452731">
      <ele>0</ele>
      <time>2026-04-13T11:23:55.715Z</time>
    </trkpt>
    <trkpt lat="46.528887" lon="10.452678">
      <ele>0</ele>
      <time>2026-04-13T11:23:56.614Z</time>
    </trkpt>
    <trkpt lat="46.528994" lon="10.452568">
      <ele>0</ele>
      <time>2026-04-13T11:23:57.513Z</time>
    </trkpt>
    <trkpt lat="46.529170" lon="10.452407">
      <ele>0</ele>
      <time>2026-04-13T11:23:58.413Z</time>
    </trkpt>
    <trkpt lat="46.529228" lon="10.452354">
      <ele>0</ele>
      <time>2026-04-13T11:23:59.312Z</time>
    </trkpt>
    <trkpt lat="46.529296" lon="10.452290">
      <ele>0</ele>
      <time>2026-04-13T11:24:00.211Z</time>
    </trkpt>
    <trkpt lat="46.529415" lon="10.452193">
      <ele>0</ele>
      <time>2026-04-13T11:24:01.110Z</time>
    </trkpt>
    <trkpt lat="46.529505" lon="10.452113">
      <ele>0</ele>
      <time>2026-04-13T11:24:02.009Z</time>
    </trkpt>
    <trkpt lat="46.529582" lon="10.452018">
      <ele>0</ele>
      <time>2026-04-13T11:24:02.908Z</time>
    </trkpt>
    <trkpt lat="46.529601" lon="10.451993">
      <ele>0</ele>
      <time>2026-04-13T11:24:03.807Z</time>
    </trkpt>
    <trkpt lat="46.529627" lon="10.451953">
      <ele>0</ele>
      <time>2026-04-13T11:24:04.706Z</time>
    </trkpt>
    <trkpt lat="46.529673" lon="10.451881">
      <ele>0</ele>
      <time>2026-04-13T11:24:05.605Z</time>
    </trkpt>
    <trkpt lat="46.529709" lon="10.451817">
      <ele>0</ele>
      <time>2026-04-13T11:24:06.504Z</time>
    </trkpt>
    <trkpt lat="46.529780" lon="10.451685">
      <ele>0</ele>
      <time>2026-04-13T11:24:07.403Z</time>
    </trkpt>
    <trkpt lat="46.529860" lon="10.451556">
      <ele>0</ele>
      <time>2026-04-13T11:24:08.303Z</time>
    </trkpt>
    <trkpt lat="46.529944" lon="10.451443">
      <ele>0</ele>
      <time>2026-04-13T11:24:09.202Z</time>
    </trkpt>
    <trkpt lat="46.530024" lon="10.451344">
      <ele>0</ele>
      <time>2026-04-13T11:24:10.101Z</time>
    </trkpt>
    <trkpt lat="46.530025" lon="10.451342">
      <ele>0</ele>
      <time>2026-04-13T11:24:11.000Z</time>
    </trkpt>
    <trkpt lat="46.530029" lon="10.451337">
      <ele>0</ele>
      <time>2026-04-13T11:24:11.899Z</time>
    </trkpt>
    <trkpt lat="46.530034" lon="10.451329">
      <ele>0</ele>
      <time>2026-04-13T11:24:12.798Z</time>
    </trkpt>
    <trkpt lat="46.530041" lon="10.451318">
      <ele>0</ele>
      <time>2026-04-13T11:24:13.697Z</time>
    </trkpt>
    <trkpt lat="46.530047" lon="10.451304">
      <ele>0</ele>
      <time>2026-04-13T11:24:14.596Z</time>
    </trkpt>
    <trkpt lat="46.530052" lon="10.451288">
      <ele>0</ele>
      <time>2026-04-13T11:24:15.495Z</time>
    </trkpt>
    <trkpt lat="46.530055" lon="10.451269">
      <ele>0</ele>
      <time>2026-04-13T11:24:16.394Z</time>
    </trkpt>
    <trkpt lat="46.530056" lon="10.451248">
      <ele>0</ele>
      <time>2026-04-13T11:24:17.293Z</time>
    </trkpt>
    <trkpt lat="46.530054" lon="10.451226">
      <ele>0</ele>
      <time>2026-04-13T11:24:18.192Z</time>
    </trkpt>
    <trkpt lat="46.530052" lon="10.451213">
      <ele>0</ele>
      <time>2026-04-13T11:24:19.092Z</time>
    </trkpt>
    <trkpt lat="46.530048" lon="10.451202">
      <ele>0</ele>
      <time>2026-04-13T11:24:19.991Z</time>
    </trkpt>
    <trkpt lat="46.530038" lon="10.451181">
      <ele>0</ele>
      <time>2026-04-13T11:24:20.890Z</time>
    </trkpt>
    <trkpt lat="46.530026" lon="10.451167">
      <ele>0</ele>
      <time>2026-04-13T11:24:21.789Z</time>
    </trkpt>
    <trkpt lat="46.530014" lon="10.451158">
      <ele>0</ele>
      <time>2026-04-13T11:24:22.688Z</time>
    </trkpt>
    <trkpt lat="46.530001" lon="10.451155">
      <ele>0</ele>
      <time>2026-04-13T11:24:23.587Z</time>
    </trkpt>
    <trkpt lat="46.529988" lon="10.451155">
      <ele>0</ele>
      <time>2026-04-13T11:24:24.486Z</time>
    </trkpt>
    <trkpt lat="46.529977" lon="10.451157">
      <ele>0</ele>
      <time>2026-04-13T11:24:25.385Z</time>
    </trkpt>
    <trkpt lat="46.529966" lon="10.451161">
      <ele>0</ele>
      <time>2026-04-13T11:24:26.284Z</time>
    </trkpt>
    <trkpt lat="46.529958" lon="10.451165">
      <ele>0</ele>
      <time>2026-04-13T11:24:27.183Z</time>
    </trkpt>
    <trkpt lat="46.529953" lon="10.451168">
      <ele>0</ele>
      <time>2026-04-13T11:24:28.082Z</time>
    </trkpt>
    <trkpt lat="46.529951" lon="10.451169">
      <ele>0</ele>
      <time>2026-04-13T11:24:28.982Z</time>
    </trkpt>
    <trkpt lat="46.529873" lon="10.451220">
      <ele>0</ele>
      <time>2026-04-13T11:24:29.881Z</time>
    </trkpt>
    <trkpt lat="46.529807" lon="10.451257">
      <ele>0</ele>
      <time>2026-04-13T11:24:30.780Z</time>
    </trkpt>
    <trkpt lat="46.529765" lon="10.451269">
      <ele>0</ele>
      <time>2026-04-13T11:24:31.679Z</time>
    </trkpt>
    <trkpt lat="46.529726" lon="10.451269">
      <ele>0</ele>
      <time>2026-04-13T11:24:32.578Z</time>
    </trkpt>
    <trkpt lat="46.529692" lon="10.451257">
      <ele>0</ele>
      <time>2026-04-13T11:24:33.477Z</time>
    </trkpt>
    <trkpt lat="46.529656" lon="10.451227">
      <ele>0</ele>
      <time>2026-04-13T11:24:34.376Z</time>
    </trkpt>
    <trkpt lat="46.529624" lon="10.451194">
      <ele>0</ele>
      <time>2026-04-13T11:24:35.275Z</time>
    </trkpt>
    <trkpt lat="46.529595" lon="10.451129">
      <ele>0</ele>
      <time>2026-04-13T11:24:36.174Z</time>
    </trkpt>
    <trkpt lat="46.529576" lon="10.451074">
      <ele>0</ele>
      <time>2026-04-13T11:24:37.073Z</time>
    </trkpt>
    <trkpt lat="46.529420" lon="10.450299">
      <ele>0</ele>
      <time>2026-04-13T11:24:37.972Z</time>
    </trkpt>
    <trkpt lat="46.529389" lon="10.450141">
      <ele>0</ele>
      <time>2026-04-13T11:24:38.872Z</time>
    </trkpt>
    <trkpt lat="46.529368" lon="10.450040">
      <ele>0</ele>
      <time>2026-04-13T11:24:39.771Z</time>
    </trkpt>
    <trkpt lat="46.529269" lon="10.449539">
      <ele>0</ele>
      <time>2026-04-13T11:24:40.670Z</time>
    </trkpt>
    <trkpt lat="46.529242" lon="10.449394">
      <ele>0</ele>
      <time>2026-04-13T11:24:41.569Z</time>
    </trkpt>
    <trkpt lat="46.529232" lon="10.449322">
      <ele>0</ele>
      <time>2026-04-13T11:24:42.468Z</time>
    </trkpt>
    <trkpt lat="46.529228" lon="10.449255">
      <ele>0</ele>
      <time>2026-04-13T11:24:43.367Z</time>
    </trkpt>
    <trkpt lat="46.529234" lon="10.449185">
      <ele>0</ele>
      <time>2026-04-13T11:24:44.266Z</time>
    </trkpt>
    <trkpt lat="46.529244" lon="10.449128">
      <ele>0</ele>
      <time>2026-04-13T11:24:45.165Z</time>
    </trkpt>
    <trkpt lat="46.529258" lon="10.449078">
      <ele>0</ele>
      <time>2026-04-13T11:24:46.064Z</time>
    </trkpt>
    <trkpt lat="46.529281" lon="10.449025">
      <ele>0</ele>
      <time>2026-04-13T11:24:46.963Z</time>
    </trkpt>
    <trkpt lat="46.529307" lon="10.448974">
      <ele>0</ele>
      <time>2026-04-13T11:24:47.862Z</time>
    </trkpt>
    <trkpt lat="46.529331" lon="10.448943">
      <ele>0</ele>
      <time>2026-04-13T11:24:48.762Z</time>
    </trkpt>
    <trkpt lat="46.529364" lon="10.448911">
      <ele>0</ele>
      <time>2026-04-13T11:24:49.661Z</time>
    </trkpt>
    <trkpt lat="46.529393" lon="10.448893">
      <ele>0</ele>
      <time>2026-04-13T11:24:50.560Z</time>
    </trkpt>
    <trkpt lat="46.529432" lon="10.448878">
      <ele>0</ele>
      <time>2026-04-13T11:24:51.459Z</time>
    </trkpt>
    <trkpt lat="46.529489" lon="10.448869">
      <ele>0</ele>
      <time>2026-04-13T11:24:52.358Z</time>
    </trkpt>
    <trkpt lat="46.529521" lon="10.448863">
      <ele>0</ele>
      <time>2026-04-13T11:24:53.257Z</time>
    </trkpt>
    <trkpt lat="46.529915" lon="10.448817">
      <ele>0</ele>
      <time>2026-04-13T11:24:54.156Z</time>
    </trkpt>
    <trkpt lat="46.530092" lon="10.448793">
      <ele>0</ele>
      <time>2026-04-13T11:24:55.055Z</time>
    </trkpt>
    <trkpt lat="46.530294" lon="10.448769">
      <ele>0</ele>
      <time>2026-04-13T11:24:55.954Z</time>
    </trkpt>
    <trkpt lat="46.530420" lon="10.448753">
      <ele>0</ele>
      <time>2026-04-13T11:24:56.853Z</time>
    </trkpt>
    <trkpt lat="46.530497" lon="10.448742">
      <ele>0</ele>
      <time>2026-04-13T11:24:57.752Z</time>
    </trkpt>
    <trkpt lat="46.530534" lon="10.448731">
      <ele>0</ele>
      <time>2026-04-13T11:24:58.651Z</time>
    </trkpt>
    <trkpt lat="46.530537" lon="10.448731">
      <ele>0</ele>
      <time>2026-04-13T11:24:59.551Z</time>
    </trkpt>
    <trkpt lat="46.530540" lon="10.448730">
      <ele>0</ele>
      <time>2026-04-13T11:25:00.450Z</time>
    </trkpt>
    <trkpt lat="46.530545" lon="10.448728">
      <ele>0</ele>
      <time>2026-04-13T11:25:01.349Z</time>
    </trkpt>
    <trkpt lat="46.530551" lon="10.448725">
      <ele>0</ele>
      <time>2026-04-13T11:25:02.248Z</time>
    </trkpt>
    <trkpt lat="46.530558" lon="10.448723">
      <ele>0</ele>
      <time>2026-04-13T11:25:03.147Z</time>
    </trkpt>
    <trkpt lat="46.530566" lon="10.448719">
      <ele>0</ele>
      <time>2026-04-13T11:25:04.046Z</time>
    </trkpt>
    <trkpt lat="46.530574" lon="10.448714">
      <ele>0</ele>
      <time>2026-04-13T11:25:04.945Z</time>
    </trkpt>
    <trkpt lat="46.530583" lon="10.448709">
      <ele>0</ele>
      <time>2026-04-13T11:25:05.844Z</time>
    </trkpt>
    <trkpt lat="46.530592" lon="10.448703">
      <ele>0</ele>
      <time>2026-04-13T11:25:06.743Z</time>
    </trkpt>
    <trkpt lat="46.530602" lon="10.448695">
      <ele>0</ele>
      <time>2026-04-13T11:25:07.642Z</time>
    </trkpt>
    <trkpt lat="46.530611" lon="10.448687">
      <ele>0</ele>
      <time>2026-04-13T11:25:08.541Z</time>
    </trkpt>
    <trkpt lat="46.530620" lon="10.448678">
      <ele>0</ele>
      <time>2026-04-13T11:25:09.441Z</time>
    </trkpt>
    <trkpt lat="46.530629" lon="10.448668">
      <ele>0</ele>
      <time>2026-04-13T11:25:10.340Z</time>
    </trkpt>
    <trkpt lat="46.530638" lon="10.448656">
      <ele>0</ele>
      <time>2026-04-13T11:25:11.239Z</time>
    </trkpt>
    <trkpt lat="46.530646" lon="10.448644">
      <ele>0</ele>
      <time>2026-04-13T11:25:12.138Z</time>
    </trkpt>
    <trkpt lat="46.530653" lon="10.448630">
      <ele>0</ele>
      <time>2026-04-13T11:25:13.037Z</time>
    </trkpt>
    <trkpt lat="46.530660" lon="10.448615">
      <ele>0</ele>
      <time>2026-04-13T11:25:13.936Z</time>
    </trkpt>
    <trkpt lat="46.530665" lon="10.448598">
      <ele>0</ele>
      <time>2026-04-13T11:25:14.835Z</time>
    </trkpt>
    <trkpt lat="46.530669" lon="10.448580">
      <ele>0</ele>
      <time>2026-04-13T11:25:15.734Z</time>
    </trkpt>
    <trkpt lat="46.530672" lon="10.448562">
      <ele>0</ele>
      <time>2026-04-13T11:25:16.633Z</time>
    </trkpt>
    <trkpt lat="46.530674" lon="10.448544">
      <ele>0</ele>
      <time>2026-04-13T11:25:17.532Z</time>
    </trkpt>
    <trkpt lat="46.530675" lon="10.448526">
      <ele>0</ele>
      <time>2026-04-13T11:25:18.431Z</time>
    </trkpt>
    <trkpt lat="46.530675" lon="10.448509">
      <ele>0</ele>
      <time>2026-04-13T11:25:19.331Z</time>
    </trkpt>
    <trkpt lat="46.530673" lon="10.448493">
      <ele>0</ele>
      <time>2026-04-13T11:25:20.230Z</time>
    </trkpt>
    <trkpt lat="46.530671" lon="10.448478">
      <ele>0</ele>
      <time>2026-04-13T11:25:21.129Z</time>
    </trkpt>
    <trkpt lat="46.530669" lon="10.448463">
      <ele>0</ele>
      <time>2026-04-13T11:25:22.028Z</time>
    </trkpt>
    <trkpt lat="46.530666" lon="10.448449">
      <ele>0</ele>
      <time>2026-04-13T11:25:22.927Z</time>
    </trkpt>
    <trkpt lat="46.530662" lon="10.448436">
      <ele>0</ele>
      <time>2026-04-13T11:25:23.826Z</time>
    </trkpt>
    <trkpt lat="46.530658" lon="10.448423">
      <ele>0</ele>
      <time>2026-04-13T11:25:24.725Z</time>
    </trkpt>
    <trkpt lat="46.530655" lon="10.448412">
      <ele>0</ele>
      <time>2026-04-13T11:25:25.624Z</time>
    </trkpt>
    <trkpt lat="46.530651" lon="10.448402">
      <ele>0</ele>
      <time>2026-04-13T11:25:26.523Z</time>
    </trkpt>
    <trkpt lat="46.530646" lon="10.448392">
      <ele>0</ele>
      <time>2026-04-13T11:25:27.422Z</time>
    </trkpt>
    <trkpt lat="46.530643" lon="10.448384">
      <ele>0</ele>
      <time>2026-04-13T11:25:28.321Z</time>
    </trkpt>
    <trkpt lat="46.530639" lon="10.448377">
      <ele>0</ele>
      <time>2026-04-13T11:25:29.221Z</time>
    </trkpt>
    <trkpt lat="46.530636" lon="10.448371">
      <ele>0</ele>
      <time>2026-04-13T11:25:30.120Z</time>
    </trkpt>
    <trkpt lat="46.530633" lon="10.448366">
      <ele>0</ele>
      <time>2026-04-13T11:25:31.019Z</time>
    </trkpt>
    <trkpt lat="46.530631" lon="10.448363">
      <ele>0</ele>
      <time>2026-04-13T11:25:31.918Z</time>
    </trkpt>
    <trkpt lat="46.530630" lon="10.448360">
      <ele>0</ele>
      <time>2026-04-13T11:25:32.817Z</time>
    </trkpt>
    <trkpt lat="46.530590" lon="10.448301">
      <ele>0</ele>
      <time>2026-04-13T11:25:33.716Z</time>
    </trkpt>
    <trkpt lat="46.530526" lon="10.448206">
      <ele>0</ele>
      <time>2026-04-13T11:25:34.615Z</time>
    </trkpt>
    <trkpt lat="46.530485" lon="10.448145">
      <ele>0</ele>
      <time>2026-04-13T11:25:35.514Z</time>
    </trkpt>
    <trkpt lat="46.530455" lon="10.448098">
      <ele>0</ele>
      <time>2026-04-13T11:25:36.413Z</time>
    </trkpt>
    <trkpt lat="46.530429" lon="10.448051">
      <ele>0</ele>
      <time>2026-04-13T11:25:37.312Z</time>
    </trkpt>
    <trkpt lat="46.530402" lon="10.447992">
      <ele>0</ele>
      <time>2026-04-13T11:25:38.211Z</time>
    </trkpt>
    <trkpt lat="46.530327" lon="10.447803">
      <ele>0</ele>
      <time>2026-04-13T11:25:39.110Z</time>
    </trkpt>
    <trkpt lat="46.530301" lon="10.447729">
      <ele>0</ele>
      <time>2026-04-13T11:25:40.010Z</time>
    </trkpt>
    <trkpt lat="46.530277" lon="10.447659">
      <ele>0</ele>
      <time>2026-04-13T11:25:40.909Z</time>
    </trkpt>
    <trkpt lat="46.530262" lon="10.447603">
      <ele>0</ele>
      <time>2026-04-13T11:25:41.808Z</time>
    </trkpt>
    <trkpt lat="46.530254" lon="10.447554">
      <ele>0</ele>
      <time>2026-04-13T11:25:42.707Z</time>
    </trkpt>
    <trkpt lat="46.530250" lon="10.447505">
      <ele>0</ele>
      <time>2026-04-13T11:25:43.606Z</time>
    </trkpt>
    <trkpt lat="46.530252" lon="10.447456">
      <ele>0</ele>
      <time>2026-04-13T11:25:44.505Z</time>
    </trkpt>
    <trkpt lat="46.530258" lon="10.447414">
      <ele>0</ele>
      <time>2026-04-13T11:25:45.404Z</time>
    </trkpt>
    <trkpt lat="46.530270" lon="10.447374">
      <ele>0</ele>
      <time>2026-04-13T11:25:46.303Z</time>
    </trkpt>
    <trkpt lat="46.530289" lon="10.447332">
      <ele>0</ele>
      <time>2026-04-13T11:25:47.202Z</time>
    </trkpt>
    <trkpt lat="46.530312" lon="10.447301">
      <ele>0</ele>
      <time>2026-04-13T11:25:48.101Z</time>
    </trkpt>
    <trkpt lat="46.530338" lon="10.447274">
      <ele>0</ele>
      <time>2026-04-13T11:25:49.000Z</time>
    </trkpt>
    <trkpt lat="46.530370" lon="10.447250">
      <ele>0</ele>
      <time>2026-04-13T11:25:49.900Z</time>
    </trkpt>
    <trkpt lat="46.530394" lon="10.447241">
      <ele>0</ele>
      <time>2026-04-13T11:25:50.799Z</time>
    </trkpt>
    <trkpt lat="46.530423" lon="10.447237">
      <ele>0</ele>
      <time>2026-04-13T11:25:51.698Z</time>
    </trkpt>
    <trkpt lat="46.530451" lon="10.447238">
      <ele>0</ele>
      <time>2026-04-13T11:25:52.597Z</time>
    </trkpt>
    <trkpt lat="46.530483" lon="10.447247">
      <ele>0</ele>
      <time>2026-04-13T11:25:53.496Z</time>
    </trkpt>
    <trkpt lat="46.530513" lon="10.447268">
      <ele>0</ele>
      <time>2026-04-13T11:25:54.395Z</time>
    </trkpt>
    <trkpt lat="46.530547" lon="10.447302">
      <ele>0</ele>
      <time>2026-04-13T11:25:55.294Z</time>
    </trkpt>
    <trkpt lat="46.530578" lon="10.447346">
      <ele>0</ele>
      <time>2026-04-13T11:25:56.193Z</time>
    </trkpt>
    <trkpt lat="46.530640" lon="10.447444">
      <ele>0</ele>
      <time>2026-04-13T11:25:57.092Z</time>
    </trkpt>
    <trkpt lat="46.530739" lon="10.447604">
      <ele>0</ele>
      <time>2026-04-13T11:25:57.991Z</time>
    </trkpt>
    <trkpt lat="46.530876" lon="10.447818">
      <ele>0</ele>
      <time>2026-04-13T11:25:58.890Z</time>
    </trkpt>
    <trkpt lat="46.530914" lon="10.447872">
      <ele>0</ele>
      <time>2026-04-13T11:25:59.790Z</time>
    </trkpt>
    <trkpt lat="46.530954" lon="10.447918">
      <ele>0</ele>
      <time>2026-04-13T11:26:00.689Z</time>
    </trkpt>
    <trkpt lat="46.530998" lon="10.447962">
      <ele>0</ele>
      <time>2026-04-13T11:26:01.588Z</time>
    </trkpt>
    <trkpt lat="46.531036" lon="10.447991">
      <ele>0</ele>
      <time>2026-04-13T11:26:02.487Z</time>
    </trkpt>
    <trkpt lat="46.531077" lon="10.448015">
      <ele>0</ele>
      <time>2026-04-13T11:26:03.386Z</time>
    </trkpt>
    <trkpt lat="46.531113" lon="10.448029">
      <ele>0</ele>
      <time>2026-04-13T11:26:04.285Z</time>
    </trkpt>
    <trkpt lat="46.531156" lon="10.448042">
      <ele>0</ele>
      <time>2026-04-13T11:26:05.184Z</time>
    </trkpt>
    <trkpt lat="46.531237" lon="10.448062">
      <ele>0</ele>
      <time>2026-04-13T11:26:06.083Z</time>
    </trkpt>
    <trkpt lat="46.531392" lon="10.448101">
      <ele>0</ele>
      <time>2026-04-13T11:26:06.982Z</time>
    </trkpt>
    <trkpt lat="46.531544" lon="10.448142">
      <ele>0</ele>
      <time>2026-04-13T11:26:07.881Z</time>
    </trkpt>
    <trkpt lat="46.531791" lon="10.448211">
      <ele>0</ele>
      <time>2026-04-13T11:26:08.780Z</time>
    </trkpt>
    <trkpt lat="46.531894" lon="10.448240">
      <ele>0</ele>
      <time>2026-04-13T11:26:09.680Z</time>
    </trkpt>
    <trkpt lat="46.531984" lon="10.448259">
      <ele>0</ele>
      <time>2026-04-13T11:26:10.579Z</time>
    </trkpt>
    <trkpt lat="46.532027" lon="10.448260">
      <ele>0</ele>
      <time>2026-04-13T11:26:11.478Z</time>
    </trkpt>
    <trkpt lat="46.532071" lon="10.448255">
      <ele>0</ele>
      <time>2026-04-13T11:26:12.377Z</time>
    </trkpt>
    <trkpt lat="46.532113" lon="10.448244">
      <ele>0</ele>
      <time>2026-04-13T11:26:13.276Z</time>
    </trkpt>
    <trkpt lat="46.532150" lon="10.448225">
      <ele>0</ele>
      <time>2026-04-13T11:26:14.175Z</time>
    </trkpt>
    <trkpt lat="46.532186" lon="10.448192">
      <ele>0</ele>
      <time>2026-04-13T11:26:15.074Z</time>
    </trkpt>
    <trkpt lat="46.532219" lon="10.448146">
      <ele>0</ele>
      <time>2026-04-13T11:26:15.973Z</time>
    </trkpt>
    <trkpt lat="46.532247" lon="10.448082">
      <ele>0</ele>
      <time>2026-04-13T11:26:16.872Z</time>
    </trkpt>
    <trkpt lat="46.532269" lon="10.448007">
      <ele>0</ele>
      <time>2026-04-13T11:26:17.771Z</time>
    </trkpt>
    <trkpt lat="46.532287" lon="10.447922">
      <ele>0</ele>
      <time>2026-04-13T11:26:18.670Z</time>
    </trkpt>
    <trkpt lat="46.532299" lon="10.447842">
      <ele>0</ele>
      <time>2026-04-13T11:26:19.569Z</time>
    </trkpt>
    <trkpt lat="46.532309" lon="10.447746">
      <ele>0</ele>
      <time>2026-04-13T11:26:20.469Z</time>
    </trkpt>
    <trkpt lat="46.532313" lon="10.447680">
      <ele>0</ele>
      <time>2026-04-13T11:26:21.368Z</time>
    </trkpt>
    <trkpt lat="46.532314" lon="10.447601">
      <ele>0</ele>
      <time>2026-04-13T11:26:22.267Z</time>
    </trkpt>
    <trkpt lat="46.532314" lon="10.447485">
      <ele>0</ele>
      <time>2026-04-13T11:26:23.166Z</time>
    </trkpt>
    <trkpt lat="46.532314" lon="10.447429">
      <ele>0</ele>
      <time>2026-04-13T11:26:24.065Z</time>
    </trkpt>
    <trkpt lat="46.532306" lon="10.447141">
      <ele>0</ele>
      <time>2026-04-13T11:26:24.964Z</time>
    </trkpt>
    <trkpt lat="46.532309" lon="10.447010">
      <ele>0</ele>
      <time>2026-04-13T11:26:25.863Z</time>
    </trkpt>
    <trkpt lat="46.532319" lon="10.446935">
      <ele>0</ele>
      <time>2026-04-13T11:26:26.762Z</time>
    </trkpt>
    <trkpt lat="46.532342" lon="10.446873">
      <ele>0</ele>
      <time>2026-04-13T11:26:27.661Z</time>
    </trkpt>
    <trkpt lat="46.532395" lon="10.446762">
      <ele>0</ele>
      <time>2026-04-13T11:26:28.560Z</time>
    </trkpt>
    <trkpt lat="46.532728" lon="10.446157">
      <ele>0</ele>
      <time>2026-04-13T11:26:29.459Z</time>
    </trkpt>
    <trkpt lat="46.533053" lon="10.445535">
      <ele>0</ele>
      <time>2026-04-13T11:26:30.359Z</time>
    </trkpt>
    <trkpt lat="46.533095" lon="10.445447">
      <ele>0</ele>
      <time>2026-04-13T11:26:31.258Z</time>
    </trkpt>
    <trkpt lat="46.533132" lon="10.445356">
      <ele>0</ele>
      <time>2026-04-13T11:26:32.157Z</time>
    </trkpt>
    <trkpt lat="46.533135" lon="10.445345">
      <ele>0</ele>
      <time>2026-04-13T11:26:33.056Z</time>
    </trkpt>
    <trkpt lat="46.533145" lon="10.445315">
      <ele>0</ele>
      <time>2026-04-13T11:26:33.955Z</time>
    </trkpt>
    <trkpt lat="46.533159" lon="10.445269">
      <ele>0</ele>
      <time>2026-04-13T11:26:34.854Z</time>
    </trkpt>
    <trkpt lat="46.533176" lon="10.445211">
      <ele>0</ele>
      <time>2026-04-13T11:26:35.753Z</time>
    </trkpt>
    <trkpt lat="46.533195" lon="10.445146">
      <ele>0</ele>
      <time>2026-04-13T11:26:36.652Z</time>
    </trkpt>
    <trkpt lat="46.533213" lon="10.445076">
      <ele>0</ele>
      <time>2026-04-13T11:26:37.551Z</time>
    </trkpt>
    <trkpt lat="46.533228" lon="10.445006">
      <ele>0</ele>
      <time>2026-04-13T11:26:38.450Z</time>
    </trkpt>
    <trkpt lat="46.533241" lon="10.444939">
      <ele>0</ele>
      <time>2026-04-13T11:26:39.349Z</time>
    </trkpt>
    <trkpt lat="46.533247" lon="10.444880">
      <ele>0</ele>
      <time>2026-04-13T11:26:40.249Z</time>
    </trkpt>
    <trkpt lat="46.533247" lon="10.444832">
      <ele>0</ele>
      <time>2026-04-13T11:26:41.148Z</time>
    </trkpt>
    <trkpt lat="46.533241" lon="10.444794">
      <ele>0</ele>
      <time>2026-04-13T11:26:42.047Z</time>
    </trkpt>
    <trkpt lat="46.533231" lon="10.444761">
      <ele>0</ele>
      <time>2026-04-13T11:26:42.946Z</time>
    </trkpt>
    <trkpt lat="46.533219" lon="10.444733">
      <ele>0</ele>
      <time>2026-04-13T11:26:43.845Z</time>
    </trkpt>
    <trkpt lat="46.533205" lon="10.444710">
      <ele>0</ele>
      <time>2026-04-13T11:26:44.744Z</time>
    </trkpt>
    <trkpt lat="46.533190" lon="10.444692">
      <ele>0</ele>
      <time>2026-04-13T11:26:45.643Z</time>
    </trkpt>
    <trkpt lat="46.533176" lon="10.444677">
      <ele>0</ele>
      <time>2026-04-13T11:26:46.542Z</time>
    </trkpt>
    <trkpt lat="46.533163" lon="10.444667">
      <ele>0</ele>
      <time>2026-04-13T11:26:47.441Z</time>
    </trkpt>
    <trkpt lat="46.533153" lon="10.444660">
      <ele>0</ele>
      <time>2026-04-13T11:26:48.340Z</time>
    </trkpt>
    <trkpt lat="46.533146" lon="10.444655">
      <ele>0</ele>
      <time>2026-04-13T11:26:49.239Z</time>
    </trkpt>
    <trkpt lat="46.533143" lon="10.444654">
      <ele>0</ele>
      <time>2026-04-13T11:26:50.139Z</time>
    </trkpt>
    <trkpt lat="46.533139" lon="10.444653">
      <ele>0</ele>
      <time>2026-04-13T11:26:51.038Z</time>
    </trkpt>
    <trkpt lat="46.533125" lon="10.444650">
      <ele>0</ele>
      <time>2026-04-13T11:26:51.937Z</time>
    </trkpt>
    <trkpt lat="46.533105" lon="10.444645">
      <ele>0</ele>
      <time>2026-04-13T11:26:52.836Z</time>
    </trkpt>
    <trkpt lat="46.533080" lon="10.444640">
      <ele>0</ele>
      <time>2026-04-13T11:26:53.735Z</time>
    </trkpt>
    <trkpt lat="46.533050" lon="10.444634">
      <ele>0</ele>
      <time>2026-04-13T11:26:54.634Z</time>
    </trkpt>
    <trkpt lat="46.533018" lon="10.444627">
      <ele>0</ele>
      <time>2026-04-13T11:26:55.533Z</time>
    </trkpt>
    <trkpt lat="46.532985" lon="10.444621">
      <ele>0</ele>
      <time>2026-04-13T11:26:56.432Z</time>
    </trkpt>
    <trkpt lat="46.532952" lon="10.444616">
      <ele>0</ele>
      <time>2026-04-13T11:26:57.331Z</time>
    </trkpt>
    <trkpt lat="46.532921" lon="10.444613">
      <ele>0</ele>
      <time>2026-04-13T11:26:58.230Z</time>
    </trkpt>
    <trkpt lat="46.532894" lon="10.444611">
      <ele>0</ele>
      <time>2026-04-13T11:26:59.129Z</time>
    </trkpt>
    <trkpt lat="46.532865" lon="10.444613">
      <ele>0</ele>
      <time>2026-04-13T11:27:00.028Z</time>
    </trkpt>
    <trkpt lat="46.532830" lon="10.444619">
      <ele>0</ele>
      <time>2026-04-13T11:27:00.928Z</time>
    </trkpt>
    <trkpt lat="46.532791" lon="10.444630">
      <ele>0</ele>
      <time>2026-04-13T11:27:01.827Z</time>
    </trkpt>
    <trkpt lat="46.532749" lon="10.444643">
      <ele>0</ele>
      <time>2026-04-13T11:27:02.726Z</time>
    </trkpt>
    <trkpt lat="46.532708" lon="10.444658">
      <ele>0</ele>
      <time>2026-04-13T11:27:03.625Z</time>
    </trkpt>
    <trkpt lat="46.532669" lon="10.444673">
      <ele>0</ele>
      <time>2026-04-13T11:27:04.524Z</time>
    </trkpt>
    <trkpt lat="46.532635" lon="10.444686">
      <ele>0</ele>
      <time>2026-04-13T11:27:05.423Z</time>
    </trkpt>
    <trkpt lat="46.532608" lon="10.444697">
      <ele>0</ele>
      <time>2026-04-13T11:27:06.322Z</time>
    </trkpt>
    <trkpt lat="46.532590" lon="10.444705">
      <ele>0</ele>
      <time>2026-04-13T11:27:07.221Z</time>
    </trkpt>
    <trkpt lat="46.532584" lon="10.444708">
      <ele>0</ele>
      <time>2026-04-13T11:27:08.120Z</time>
    </trkpt>
    <trkpt lat="46.532336" lon="10.444824">
      <ele>0</ele>
      <time>2026-04-13T11:27:09.019Z</time>
    </trkpt>
    <trkpt lat="46.532159" lon="10.444885">
      <ele>0</ele>
      <time>2026-04-13T11:27:09.918Z</time>
    </trkpt>
    <trkpt lat="46.532128" lon="10.444891">
      <ele>0</ele>
      <time>2026-04-13T11:27:10.818Z</time>
    </trkpt>
    <trkpt lat="46.532094" lon="10.444897">
      <ele>0</ele>
      <time>2026-04-13T11:27:11.717Z</time>
    </trkpt>
    <trkpt lat="46.532056" lon="10.444904">
      <ele>0</ele>
      <time>2026-04-13T11:27:12.616Z</time>
    </trkpt>
    <trkpt lat="46.532016" lon="10.444910">
      <ele>0</ele>
      <time>2026-04-13T11:27:13.515Z</time>
    </trkpt>
    <trkpt lat="46.531974" lon="10.444917">
      <ele>0</ele>
      <time>2026-04-13T11:27:14.414Z</time>
    </trkpt>
    <trkpt lat="46.531932" lon="10.444923">
      <ele>0</ele>
      <time>2026-04-13T11:27:15.313Z</time>
    </trkpt>
    <trkpt lat="46.531890" lon="10.444928">
      <ele>0</ele>
      <time>2026-04-13T11:27:16.212Z</time>
    </trkpt>
    <trkpt lat="46.531848" lon="10.444932">
      <ele>0</ele>
      <time>2026-04-13T11:27:17.111Z</time>
    </trkpt>
    <trkpt lat="46.531807" lon="10.444935">
      <ele>0</ele>
      <time>2026-04-13T11:27:18.010Z</time>
    </trkpt>
    <trkpt lat="46.531769" lon="10.444936">
      <ele>0</ele>
      <time>2026-04-13T11:27:18.909Z</time>
    </trkpt>
    <trkpt lat="46.531734" lon="10.444936">
      <ele>0</ele>
      <time>2026-04-13T11:27:19.808Z</time>
    </trkpt>
    <trkpt lat="46.531706" lon="10.444934">
      <ele>0</ele>
      <time>2026-04-13T11:27:20.708Z</time>
    </trkpt>
    <trkpt lat="46.531681" lon="10.444932">
      <ele>0</ele>
      <time>2026-04-13T11:27:21.607Z</time>
    </trkpt>
    <trkpt lat="46.531661" lon="10.444926">
      <ele>0</ele>
      <time>2026-04-13T11:27:22.506Z</time>
    </trkpt>
    <trkpt lat="46.531642" lon="10.444918">
      <ele>0</ele>
      <time>2026-04-13T11:27:23.405Z</time>
    </trkpt>
    <trkpt lat="46.531625" lon="10.444905">
      <ele>0</ele>
      <time>2026-04-13T11:27:24.304Z</time>
    </trkpt>
    <trkpt lat="46.531607" lon="10.444888">
      <ele>0</ele>
      <time>2026-04-13T11:27:25.203Z</time>
    </trkpt>
    <trkpt lat="46.531589" lon="10.444866">
      <ele>0</ele>
      <time>2026-04-13T11:27:26.102Z</time>
    </trkpt>
    <trkpt lat="46.531568" lon="10.444837">
      <ele>0</ele>
      <time>2026-04-13T11:27:27.001Z</time>
    </trkpt>
    <trkpt lat="46.531545" lon="10.444802">
      <ele>0</ele>
      <time>2026-04-13T11:27:27.900Z</time>
    </trkpt>
    <trkpt lat="46.531526" lon="10.444757">
      <ele>0</ele>
      <time>2026-04-13T11:27:28.799Z</time>
    </trkpt>
    <trkpt lat="46.531521" lon="10.444704">
      <ele>0</ele>
      <time>2026-04-13T11:27:29.698Z</time>
    </trkpt>
    <trkpt lat="46.531525" lon="10.444646">
      <ele>0</ele>
      <time>2026-04-13T11:27:30.597Z</time>
    </trkpt>
    <trkpt lat="46.531537" lon="10.444585">
      <ele>0</ele>
      <time>2026-04-13T11:27:31.497Z</time>
    </trkpt>
    <trkpt lat="46.531554" lon="10.444526">
      <ele>0</ele>
      <time>2026-04-13T11:27:32.396Z</time>
    </trkpt>
    <trkpt lat="46.531573" lon="10.444470">
      <ele>0</ele>
      <time>2026-04-13T11:27:33.295Z</time>
    </trkpt>
    <trkpt lat="46.531593" lon="10.444421">
      <ele>0</ele>
      <time>2026-04-13T11:27:34.194Z</time>
    </trkpt>
    <trkpt lat="46.531610" lon="10.444382">
      <ele>0</ele>
      <time>2026-04-13T11:27:35.093Z</time>
    </trkpt>
    <trkpt lat="46.531622" lon="10.444357">
      <ele>0</ele>
      <time>2026-04-13T11:27:35.992Z</time>
    </trkpt>
    <trkpt lat="46.531627" lon="10.444348">
      <ele>0</ele>
      <time>2026-04-13T11:27:36.891Z</time>
    </trkpt>
    <trkpt lat="46.531804" lon="10.443937">
      <ele>0</ele>
      <time>2026-04-13T11:27:37.790Z</time>
    </trkpt>
    <trkpt lat="46.531883" lon="10.443804">
      <ele>0</ele>
      <time>2026-04-13T11:27:38.689Z</time>
    </trkpt>
    <trkpt lat="46.531979" lon="10.443702">
      <ele>0</ele>
      <time>2026-04-13T11:27:39.588Z</time>
    </trkpt>
    <trkpt lat="46.532123" lon="10.443610">
      <ele>0</ele>
      <time>2026-04-13T11:27:40.487Z</time>
    </trkpt>
    <trkpt lat="46.532271" lon="10.443529">
      <ele>0</ele>
      <time>2026-04-13T11:27:41.387Z</time>
    </trkpt>
    <trkpt lat="46.532761" lon="10.443280">
      <ele>0</ele>
      <time>2026-04-13T11:27:42.286Z</time>
    </trkpt>
    <trkpt lat="46.532894" lon="10.443204">
      <ele>0</ele>
      <time>2026-04-13T11:27:43.185Z</time>
    </trkpt>
    <trkpt lat="46.533006" lon="10.443110">
      <ele>0</ele>
      <time>2026-04-13T11:27:44.084Z</time>
    </trkpt>
    <trkpt lat="46.533080" lon="10.443022">
      <ele>0</ele>
      <time>2026-04-13T11:27:44.983Z</time>
    </trkpt>
    <trkpt lat="46.533151" lon="10.442917">
      <ele>0</ele>
      <time>2026-04-13T11:27:45.882Z</time>
    </trkpt>
    <trkpt lat="46.533229" lon="10.442789">
      <ele>0</ele>
      <time>2026-04-13T11:27:46.781Z</time>
    </trkpt>
    <trkpt lat="46.533302" lon="10.442661">
      <ele>0</ele>
      <time>2026-04-13T11:27:47.680Z</time>
    </trkpt>
    <trkpt lat="46.533346" lon="10.442563">
      <ele>0</ele>
      <time>2026-04-13T11:27:48.579Z</time>
    </trkpt>
    <trkpt lat="46.533383" lon="10.442460">
      <ele>0</ele>
      <time>2026-04-13T11:27:49.478Z</time>
    </trkpt>
    <trkpt lat="46.533409" lon="10.442341">
      <ele>0</ele>
      <time>2026-04-13T11:27:50.377Z</time>
    </trkpt>
    <trkpt lat="46.533420" lon="10.442219">
      <ele>0</ele>
      <time>2026-04-13T11:27:51.277Z</time>
    </trkpt>
    <trkpt lat="46.533416" lon="10.442105">
      <ele>0</ele>
      <time>2026-04-13T11:27:52.176Z</time>
    </trkpt>
    <trkpt lat="46.533402" lon="10.441997">
      <ele>0</ele>
      <time>2026-04-13T11:27:53.075Z</time>
    </trkpt>
    <trkpt lat="46.533348" lon="10.441842">
      <ele>0</ele>
      <time>2026-04-13T11:27:53.974Z</time>
    </trkpt>
    <trkpt lat="46.533277" lon="10.441695">
      <ele>0</ele>
      <time>2026-04-13T11:27:54.873Z</time>
    </trkpt>
    <trkpt lat="46.532970" lon="10.441104">
      <ele>0</ele>
      <time>2026-04-13T11:27:55.772Z</time>
    </trkpt>
    <trkpt lat="46.532795" lon="10.440776">
      <ele>0</ele>
      <time>2026-04-13T11:27:56.671Z</time>
    </trkpt>
    <trkpt lat="46.532726" lon="10.440646">
      <ele>0</ele>
      <time>2026-04-13T11:27:57.570Z</time>
    </trkpt>
    <trkpt lat="46.532542" lon="10.440291">
      <ele>0</ele>
      <time>2026-04-13T11:27:58.469Z</time>
    </trkpt>
    <trkpt lat="46.532256" lon="10.439799">
      <ele>0</ele>
      <time>2026-04-13T11:27:59.368Z</time>
    </trkpt>
    <trkpt lat="46.532244" lon="10.439761">
      <ele>0</ele>
      <time>2026-04-13T11:28:00.267Z</time>
    </trkpt>
    <trkpt lat="46.532240" lon="10.439734">
      <ele>0</ele>
      <time>2026-04-13T11:28:01.167Z</time>
    </trkpt>
    <trkpt lat="46.532243" lon="10.439706">
      <ele>0</ele>
      <time>2026-04-13T11:28:02.066Z</time>
    </trkpt>
    <trkpt lat="46.532248" lon="10.439675">
      <ele>0</ele>
      <time>2026-04-13T11:28:02.965Z</time>
    </trkpt>
    <trkpt lat="46.532258" lon="10.439651">
      <ele>0</ele>
      <time>2026-04-13T11:28:03.864Z</time>
    </trkpt>
    <trkpt lat="46.532271" lon="10.439633">
      <ele>0</ele>
      <time>2026-04-13T11:28:04.763Z</time>
    </trkpt>
    <trkpt lat="46.532284" lon="10.439621">
      <ele>0</ele>
      <time>2026-04-13T11:28:05.662Z</time>
    </trkpt>
    <trkpt lat="46.532293" lon="10.439614">
      <ele>0</ele>
      <time>2026-04-13T11:28:06.561Z</time>
    </trkpt>
    <trkpt lat="46.532297" lon="10.439612">
      <ele>0</ele>
      <time>2026-04-13T11:28:07.460Z</time>
    </trkpt>
    <trkpt lat="46.532803" lon="10.439311">
      <ele>0</ele>
      <time>2026-04-13T11:28:08.359Z</time>
    </trkpt>
    <trkpt lat="46.533548" lon="10.438871">
      <ele>0</ele>
      <time>2026-04-13T11:28:09.258Z</time>
    </trkpt>
    <trkpt lat="46.533684" lon="10.438821">
      <ele>0</ele>
      <time>2026-04-13T11:28:10.157Z</time>
    </trkpt>
    <trkpt lat="46.533864" lon="10.438790">
      <ele>0</ele>
      <time>2026-04-13T11:28:11.056Z</time>
    </trkpt>
    <trkpt lat="46.534285" lon="10.438745">
      <ele>0</ele>
      <time>2026-04-13T11:28:11.956Z</time>
    </trkpt>
    <trkpt lat="46.534562" lon="10.438720">
      <ele>0</ele>
      <time>2026-04-13T11:28:12.855Z</time>
    </trkpt>
    <trkpt lat="46.535420" lon="10.438467">
      <ele>0</ele>
      <time>2026-04-13T11:28:13.754Z</time>
    </trkpt>
    <trkpt lat="46.535567" lon="10.438425">
      <ele>0</ele>
      <time>2026-04-13T11:28:14.653Z</time>
    </trkpt>
    <trkpt lat="46.535809" lon="10.438346">
      <ele>0</ele>
      <time>2026-04-13T11:28:15.552Z</time>
    </trkpt>
    <trkpt lat="46.535908" lon="10.438336">
      <ele>0</ele>
      <time>2026-04-13T11:28:16.451Z</time>
    </trkpt>
    <trkpt lat="46.535981" lon="10.438338">
      <ele>0</ele>
      <time>2026-04-13T11:28:17.350Z</time>
    </trkpt>
    <trkpt lat="46.536123" lon="10.438365">
      <ele>0</ele>
      <time>2026-04-13T11:28:18.249Z</time>
    </trkpt>
    <trkpt lat="46.536151" lon="10.438360">
      <ele>0</ele>
      <time>2026-04-13T11:28:19.148Z</time>
    </trkpt>
    <trkpt lat="46.536171" lon="10.438352">
      <ele>0</ele>
      <time>2026-04-13T11:28:20.047Z</time>
    </trkpt>
    <trkpt lat="46.536183" lon="10.438333">
      <ele>0</ele>
      <time>2026-04-13T11:28:20.946Z</time>
    </trkpt>
    <trkpt lat="46.536192" lon="10.438315">
      <ele>0</ele>
      <time>2026-04-13T11:28:21.846Z</time>
    </trkpt>
    <trkpt lat="46.536192" lon="10.438294">
      <ele>0</ele>
      <time>2026-04-13T11:28:22.745Z</time>
    </trkpt>
    <trkpt lat="46.536190" lon="10.438261">
      <ele>0</ele>
      <time>2026-04-13T11:28:23.644Z</time>
    </trkpt>
    <trkpt lat="46.536183" lon="10.438228">
      <ele>0</ele>
      <time>2026-04-13T11:28:24.543Z</time>
    </trkpt>
    <trkpt lat="46.536170" lon="10.438202">
      <ele>0</ele>
      <time>2026-04-13T11:28:25.442Z</time>
    </trkpt>
    <trkpt lat="46.535911" lon="10.437852">
      <ele>0</ele>
      <time>2026-04-13T11:28:26.341Z</time>
    </trkpt>
    <trkpt lat="46.535893" lon="10.437825">
      <ele>0</ele>
      <time>2026-04-13T11:28:27.240Z</time>
    </trkpt>
    <trkpt lat="46.535891" lon="10.437790">
      <ele>0</ele>
      <time>2026-04-13T11:28:28.139Z</time>
    </trkpt>
    <trkpt lat="46.535893" lon="10.437756">
      <ele>0</ele>
      <time>2026-04-13T11:28:29.038Z</time>
    </trkpt>
    <trkpt lat="46.535906" lon="10.437720">
      <ele>0</ele>
      <time>2026-04-13T11:28:29.937Z</time>
    </trkpt>
    <trkpt lat="46.535936" lon="10.437683">
      <ele>0</ele>
      <time>2026-04-13T11:28:30.836Z</time>
    </trkpt>
    <trkpt lat="46.536553" lon="10.436951">
      <ele>0</ele>
      <time>2026-04-13T11:28:31.736Z</time>
    </trkpt>
    <trkpt lat="46.536641" lon="10.436888">
      <ele>0</ele>
      <time>2026-04-13T11:28:32.635Z</time>
    </trkpt>
    <trkpt lat="46.536871" lon="10.436783">
      <ele>0</ele>
      <time>2026-04-13T11:28:33.534Z</time>
    </trkpt>
    <trkpt lat="46.537039" lon="10.436679">
      <ele>0</ele>
      <time>2026-04-13T11:28:34.433Z</time>
    </trkpt>
    <trkpt lat="46.537161" lon="10.436589">
      <ele>0</ele>
      <time>2026-04-13T11:28:35.332Z</time>
    </trkpt>
    <trkpt lat="46.537198" lon="10.436551">
      <ele>0</ele>
      <time>2026-04-13T11:28:36.231Z</time>
    </trkpt>
    <trkpt lat="46.537234" lon="10.436501">
      <ele>0</ele>
      <time>2026-04-13T11:28:37.130Z</time>
    </trkpt>
    <trkpt lat="46.537279" lon="10.436417">
      <ele>0</ele>
      <time>2026-04-13T11:28:38.029Z</time>
    </trkpt>
    <trkpt lat="46.537316" lon="10.436320">
      <ele>0</ele>
      <time>2026-04-13T11:28:38.928Z</time>
    </trkpt>
    <trkpt lat="46.537404" lon="10.436073">
      <ele>0</ele>
      <time>2026-04-13T11:28:39.827Z</time>
    </trkpt>
    <trkpt lat="46.537580" lon="10.435556">
      <ele>0</ele>
      <time>2026-04-13T11:28:40.726Z</time>
    </trkpt>
    <trkpt lat="46.537652" lon="10.435388">
      <ele>0</ele>
      <time>2026-04-13T11:28:41.626Z</time>
    </trkpt>
    <trkpt lat="46.537701" lon="10.435318">
      <ele>0</ele>
      <time>2026-04-13T11:28:42.525Z</time>
    </trkpt>
    <trkpt lat="46.537757" lon="10.435260">
      <ele>0</ele>
      <time>2026-04-13T11:28:43.424Z</time>
    </trkpt>
    <trkpt lat="46.537885" lon="10.435160">
      <ele>0</ele>
      <time>2026-04-13T11:28:44.323Z</time>
    </trkpt>
    <trkpt lat="46.538355" lon="10.434867">
      <ele>0</ele>
      <time>2026-04-13T11:28:45.222Z</time>
    </trkpt>
    <trkpt lat="46.538878" lon="10.434525">
      <ele>0</ele>
      <time>2026-04-13T11:28:46.121Z</time>
    </trkpt>
    <trkpt lat="46.539139" lon="10.434343">
      <ele>0</ele>
      <time>2026-04-13T11:28:47.020Z</time>
    </trkpt>
    <trkpt lat="46.539202" lon="10.434294">
      <ele>0</ele>
      <time>2026-04-13T11:28:47.919Z</time>
    </trkpt>
    <trkpt lat="46.539250" lon="10.434243">
      <ele>0</ele>
      <time>2026-04-13T11:28:48.818Z</time>
    </trkpt>
    <trkpt lat="46.539297" lon="10.434173">
      <ele>0</ele>
      <time>2026-04-13T11:28:49.717Z</time>
    </trkpt>
    <trkpt lat="46.539353" lon="10.434063">
      <ele>0</ele>
      <time>2026-04-13T11:28:50.616Z</time>
    </trkpt>
    <trkpt lat="46.539464" lon="10.433849">
      <ele>0</ele>
      <time>2026-04-13T11:28:51.515Z</time>
    </trkpt>
    <trkpt lat="46.539578" lon="10.433618">
      <ele>0</ele>
      <time>2026-04-13T11:28:52.415Z</time>
    </trkpt>
    <trkpt lat="46.539637" lon="10.433498">
      <ele>0</ele>
      <time>2026-04-13T11:28:53.314Z</time>
    </trkpt>
    <trkpt lat="46.539707" lon="10.433364">
      <ele>0</ele>
      <time>2026-04-13T11:28:54.213Z</time>
    </trkpt>
    <trkpt lat="46.539722" lon="10.433335">
      <ele>0</ele>
      <time>2026-04-13T11:28:55.112Z</time>
    </trkpt>
    <trkpt lat="46.539731" lon="10.433304">
      <ele>0</ele>
      <time>2026-04-13T11:28:56.011Z</time>
    </trkpt>
    <trkpt lat="46.539734" lon="10.433275">
      <ele>0</ele>
      <time>2026-04-13T11:28:56.910Z</time>
    </trkpt>
    <trkpt lat="46.539730" lon="10.433249">
      <ele>0</ele>
      <time>2026-04-13T11:28:57.809Z</time>
    </trkpt>
    <trkpt lat="46.539722" lon="10.433227">
      <ele>0</ele>
      <time>2026-04-13T11:28:58.708Z</time>
    </trkpt>
    <trkpt lat="46.539703" lon="10.433209">
      <ele>0</ele>
      <time>2026-04-13T11:28:59.607Z</time>
    </trkpt>
    <trkpt lat="46.539688" lon="10.433205">
      <ele>0</ele>
      <time>2026-04-13T11:29:00.506Z</time>
    </trkpt>
    <trkpt lat="46.539673" lon="10.433210">
      <ele>0</ele>
      <time>2026-04-13T11:29:01.405Z</time>
    </trkpt>
    <trkpt lat="46.539638" lon="10.433239">
      <ele>0</ele>
      <time>2026-04-13T11:29:02.305Z</time>
    </trkpt>
    <trkpt lat="46.539574" lon="10.433331">
      <ele>0</ele>
      <time>2026-04-13T11:29:03.204Z</time>
    </trkpt>
    <trkpt lat="46.539445" lon="10.433442">
      <ele>0</ele>
      <time>2026-04-13T11:29:04.103Z</time>
    </trkpt>
    <trkpt lat="46.539289" lon="10.433553">
      <ele>0</ele>
      <time>2026-04-13T11:29:05.002Z</time>
    </trkpt>
    <trkpt lat="46.539146" lon="10.433647">
      <ele>0</ele>
      <time>2026-04-13T11:29:05.901Z</time>
    </trkpt>
    <trkpt lat="46.538995" lon="10.433723">
      <ele>0</ele>
      <time>2026-04-13T11:29:06.800Z</time>
    </trkpt>
    <trkpt lat="46.538818" lon="10.433779">
      <ele>0</ele>
      <time>2026-04-13T11:29:07.699Z</time>
    </trkpt>
    <trkpt lat="46.538411" lon="10.433849">
      <ele>0</ele>
      <time>2026-04-13T11:29:08.598Z</time>
    </trkpt>
    <trkpt lat="46.538264" lon="10.433891">
      <ele>0</ele>
      <time>2026-04-13T11:29:09.497Z</time>
    </trkpt>
    <trkpt lat="46.538130" lon="10.433944">
      <ele>0</ele>
      <time>2026-04-13T11:29:10.396Z</time>
    </trkpt>
    <trkpt lat="46.538067" lon="10.433974">
      <ele>0</ele>
      <time>2026-04-13T11:29:11.295Z</time>
    </trkpt>
    <trkpt lat="46.538029" lon="10.433963">
      <ele>0</ele>
      <time>2026-04-13T11:29:12.195Z</time>
    </trkpt>
    <trkpt lat="46.537998" lon="10.433931">
      <ele>0</ele>
      <time>2026-04-13T11:29:13.094Z</time>
    </trkpt>
    <trkpt lat="46.537989" lon="10.433888">
      <ele>0</ele>
      <time>2026-04-13T11:29:13.993Z</time>
    </trkpt>
    <trkpt lat="46.537992" lon="10.433838">
      <ele>0</ele>
      <time>2026-04-13T11:29:14.892Z</time>
    </trkpt>
    <trkpt lat="46.538013" lon="10.433799">
      <ele>0</ele>
      <time>2026-04-13T11:29:15.791Z</time>
    </trkpt>
    <trkpt lat="46.538075" lon="10.433747">
      <ele>0</ele>
      <time>2026-04-13T11:29:16.690Z</time>
    </trkpt>
    <trkpt lat="46.538227" lon="10.433600">
      <ele>0</ele>
      <time>2026-04-13T11:29:17.589Z</time>
    </trkpt>
    <trkpt lat="46.538425" lon="10.433389">
      <ele>0</ele>
      <time>2026-04-13T11:29:18.488Z</time>
    </trkpt>
    <trkpt lat="46.538810" lon="10.432951">
      <ele>0</ele>
      <time>2026-04-13T11:29:19.387Z</time>
    </trkpt>
    <trkpt lat="46.539484" lon="10.432183">
      <ele>0</ele>
      <time>2026-04-13T11:29:20.286Z</time>
    </trkpt>
    <trkpt lat="46.539612" lon="10.432071">
      <ele>0</ele>
      <time>2026-04-13T11:29:21.185Z</time>
    </trkpt>
    <trkpt lat="46.539675" lon="10.432028">
      <ele>0</ele>
      <time>2026-04-13T11:29:22.085Z</time>
    </trkpt>
    <trkpt lat="46.539747" lon="10.431983">
      <ele>0</ele>
      <time>2026-04-13T11:29:22.984Z</time>
    </trkpt>
    <trkpt lat="46.539784" lon="10.431953">
      <ele>0</ele>
      <time>2026-04-13T11:29:23.883Z</time>
    </trkpt>
    <trkpt lat="46.539800" lon="10.431934">
      <ele>0</ele>
      <time>2026-04-13T11:29:24.782Z</time>
    </trkpt>
    <trkpt lat="46.539814" lon="10.431902">
      <ele>0</ele>
      <time>2026-04-13T11:29:25.681Z</time>
    </trkpt>
    <trkpt lat="46.539816" lon="10.431866">
      <ele>0</ele>
      <time>2026-04-13T11:29:26.580Z</time>
    </trkpt>
    <trkpt lat="46.539808" lon="10.431832">
      <ele>0</ele>
      <time>2026-04-13T11:29:27.479Z</time>
    </trkpt>
    <trkpt lat="46.539791" lon="10.431804">
      <ele>0</ele>
      <time>2026-04-13T11:29:28.378Z</time>
    </trkpt>
    <trkpt lat="46.539768" lon="10.431786">
      <ele>0</ele>
      <time>2026-04-13T11:29:29.277Z</time>
    </trkpt>
    <trkpt lat="46.539736" lon="10.431786">
      <ele>0</ele>
      <time>2026-04-13T11:29:30.176Z</time>
    </trkpt>
    <trkpt lat="46.539677" lon="10.431814">
      <ele>0</ele>
      <time>2026-04-13T11:29:31.075Z</time>
    </trkpt>
    <trkpt lat="46.539609" lon="10.431849">
      <ele>0</ele>
      <time>2026-04-13T11:29:31.974Z</time>
    </trkpt>
    <trkpt lat="46.538868" lon="10.432159">
      <ele>0</ele>
      <time>2026-04-13T11:29:32.874Z</time>
    </trkpt>
    <trkpt lat="46.538744" lon="10.432216">
      <ele>0</ele>
      <time>2026-04-13T11:29:33.773Z</time>
    </trkpt>
    <trkpt lat="46.538639" lon="10.432265">
      <ele>0</ele>
      <time>2026-04-13T11:29:34.672Z</time>
    </trkpt>
    <trkpt lat="46.538529" lon="10.432338">
      <ele>0</ele>
      <time>2026-04-13T11:29:35.571Z</time>
    </trkpt>
    <trkpt lat="46.538458" lon="10.432395">
      <ele>0</ele>
      <time>2026-04-13T11:29:36.470Z</time>
    </trkpt>
    <trkpt lat="46.538435" lon="10.432402">
      <ele>0</ele>
      <time>2026-04-13T11:29:37.369Z</time>
    </trkpt>
    <trkpt lat="46.538410" lon="10.432403">
      <ele>0</ele>
      <time>2026-04-13T11:29:38.268Z</time>
    </trkpt>
    <trkpt lat="46.538379" lon="10.432391">
      <ele>0</ele>
      <time>2026-04-13T11:29:39.167Z</time>
    </trkpt>
    <trkpt lat="46.538355" lon="10.432370">
      <ele>0</ele>
      <time>2026-04-13T11:29:40.066Z</time>
    </trkpt>
    <trkpt lat="46.538342" lon="10.432334">
      <ele>0</ele>
      <time>2026-04-13T11:29:40.965Z</time>
    </trkpt>
    <trkpt lat="46.538340" lon="10.432301">
      <ele>0</ele>
      <time>2026-04-13T11:29:41.864Z</time>
    </trkpt>
    <trkpt lat="46.538346" lon="10.432273">
      <ele>0</ele>
      <time>2026-04-13T11:29:42.764Z</time>
    </trkpt>
    <trkpt lat="46.538363" lon="10.432245">
      <ele>0</ele>
      <time>2026-04-13T11:29:43.663Z</time>
    </trkpt>
    <trkpt lat="46.538384" lon="10.432220">
      <ele>0</ele>
      <time>2026-04-13T11:29:44.562Z</time>
    </trkpt>
    <trkpt lat="46.538442" lon="10.432183">
      <ele>0</ele>
      <time>2026-04-13T11:29:45.461Z</time>
    </trkpt>
    <trkpt lat="46.538605" lon="10.432102">
      <ele>0</ele>
      <time>2026-04-13T11:29:46.360Z</time>
    </trkpt>
    <trkpt lat="46.538722" lon="10.432013">
      <ele>0</ele>
      <time>2026-04-13T11:29:47.259Z</time>
    </trkpt>
    <trkpt lat="46.538888" lon="10.431863">
      <ele>0</ele>
      <time>2026-04-13T11:29:48.158Z</time>
    </trkpt>
    <trkpt lat="46.539640" lon="10.431022">
      <ele>0</ele>
      <time>2026-04-13T11:29:49.057Z</time>
    </trkpt>
    <trkpt lat="46.539826" lon="10.430817">
      <ele>0</ele>
      <time>2026-04-13T11:29:49.956Z</time>
    </trkpt>
    <trkpt lat="46.539991" lon="10.430585">
      <ele>0</ele>
      <time>2026-04-13T11:29:50.855Z</time>
    </trkpt>
    <trkpt lat="46.540231" lon="10.430102">
      <ele>0</ele>
      <time>2026-04-13T11:29:51.754Z</time>
    </trkpt>
    <trkpt lat="46.540484" lon="10.429532">
      <ele>0</ele>
      <time>2026-04-13T11:29:52.654Z</time>
    </trkpt>
    <trkpt lat="46.540682" lon="10.428887">
      <ele>0</ele>
      <time>2026-04-13T11:29:53.553Z</time>
    </trkpt>
    <trkpt lat="46.540769" lon="10.428593">
      <ele>0</ele>
      <time>2026-04-13T11:29:54.452Z</time>
    </trkpt>
    <trkpt lat="46.540825" lon="10.428352">
      <ele>0</ele>
      <time>2026-04-13T11:29:55.351Z</time>
    </trkpt>
    <trkpt lat="46.540851" lon="10.428187">
      <ele>0</ele>
      <time>2026-04-13T11:29:56.250Z</time>
    </trkpt>
    <trkpt lat="46.540992" lon="10.426898">
      <ele>0</ele>
      <time>2026-04-13T11:29:57.149Z</time>
    </trkpt>
    <trkpt lat="46.541021" lon="10.426607">
      <ele>0</ele>
      <time>2026-04-13T11:29:58.048Z</time>
    </trkpt>
    <trkpt lat="46.541049" lon="10.426331">
      <ele>0</ele>
      <time>2026-04-13T11:29:58.947Z</time>
    </trkpt>
    <trkpt lat="46.541050" lon="10.426122">
      <ele>0</ele>
      <time>2026-04-13T11:29:59.846Z</time>
    </trkpt>
    <trkpt lat="46.541030" lon="10.425888">
      <ele>0</ele>
      <time>2026-04-13T11:30:00.745Z</time>
    </trkpt>
    <trkpt lat="46.540650" lon="10.421401">
      <ele>0</ele>
      <time>2026-04-13T11:30:01.644Z</time>
    </trkpt>
    <trkpt lat="46.540350" lon="10.417935">
      <ele>0</ele>
      <time>2026-04-13T11:30:02.544Z</time>
    </trkpt>
    <trkpt lat="46.540317" lon="10.417601">
      <ele>0</ele>
      <time>2026-04-13T11:30:03.443Z</time>
    </trkpt>
    <trkpt lat="46.540285" lon="10.417252">
      <ele>0</ele>
      <time>2026-04-13T11:30:04.342Z</time>
    </trkpt>
    <trkpt lat="46.540263" lon="10.417120">
      <ele>0</ele>
      <time>2026-04-13T11:30:05.241Z</time>
    </trkpt>
    <trkpt lat="46.540240" lon="10.417002">
      <ele>0</ele>
      <time>2026-04-13T11:30:06.140Z</time>
    </trkpt>
    <trkpt lat="46.540218" lon="10.416908">
      <ele>0</ele>
      <time>2026-04-13T11:30:07.039Z</time>
    </trkpt>
    <trkpt lat="46.540198" lon="10.416845">
      <ele>0</ele>
      <time>2026-04-13T11:30:07.938Z</time>
    </trkpt>
    <trkpt lat="46.540171" lon="10.416763">
      <ele>0</ele>
      <time>2026-04-13T11:30:08.837Z</time>
    </trkpt>
    <trkpt lat="46.540136" lon="10.416662">
      <ele>0</ele>
      <time>2026-04-13T11:30:09.736Z</time>
    </trkpt>
    <trkpt lat="46.540102" lon="10.416573">
      <ele>0</ele>
      <time>2026-04-13T11:30:10.635Z</time>
    </trkpt>
    <trkpt lat="46.540067" lon="10.416496">
      <ele>0</ele>
      <time>2026-04-13T11:30:11.534Z</time>
    </trkpt>
    <trkpt lat="46.540000" lon="10.416347">
      <ele>0</ele>
      <time>2026-04-13T11:30:12.433Z</time>
    </trkpt>
    <trkpt lat="46.539917" lon="10.416205">
      <ele>0</ele>
      <time>2026-04-13T11:30:13.333Z</time>
    </trkpt>
    <trkpt lat="46.539033" lon="10.414843">
      <ele>0</ele>
      <time>2026-04-13T11:30:14.232Z</time>
    </trkpt>
    <trkpt lat="46.538149" lon="10.413473">
      <ele>0</ele>
      <time>2026-04-13T11:30:15.131Z</time>
    </trkpt>
    <trkpt lat="46.537911" lon="10.413119">
      <ele>0</ele>
      <time>2026-04-13T11:30:16.030Z</time>
    </trkpt>
    <trkpt lat="46.537870" lon="10.413086">
      <ele>0</ele>
      <time>2026-04-13T11:30:16.929Z</time>
    </trkpt>
    <trkpt lat="46.537826" lon="10.413058">
      <ele>0</ele>
      <time>2026-04-13T11:30:17.828Z</time>
    </trkpt>
    <trkpt lat="46.537757" lon="10.413023">
      <ele>0</ele>
      <time>2026-04-13T11:30:18.727Z</time>
    </trkpt>
    <trkpt lat="46.537672" lon="10.413002">
      <ele>0</ele>
      <time>2026-04-13T11:30:19.626Z</time>
    </trkpt>
    <trkpt lat="46.537594" lon="10.412996">
      <ele>0</ele>
      <time>2026-04-13T11:30:20.525Z</time>
    </trkpt>
    <trkpt lat="46.537363" lon="10.412978">
      <ele>0</ele>
      <time>2026-04-13T11:30:21.424Z</time>
    </trkpt>
    <trkpt lat="46.537153" lon="10.412957">
      <ele>0</ele>
      <time>2026-04-13T11:30:22.323Z</time>
    </trkpt>
    <trkpt lat="46.536953" lon="10.412917">
      <ele>0</ele>
      <time>2026-04-13T11:30:23.223Z</time>
    </trkpt>
    <trkpt lat="46.536803" lon="10.412838">
      <ele>0</ele>
      <time>2026-04-13T11:30:24.122Z</time>
    </trkpt>
    <trkpt lat="46.536718" lon="10.412766">
      <ele>0</ele>
      <time>2026-04-13T11:30:25.021Z</time>
    </trkpt>
    <trkpt lat="46.536638" lon="10.412686">
      <ele>0</ele>
      <time>2026-04-13T11:30:25.920Z</time>
    </trkpt>
    <trkpt lat="46.536142" lon="10.412041">
      <ele>0</ele>
      <time>2026-04-13T11:30:26.819Z</time>
    </trkpt>
    <trkpt lat="46.536096" lon="10.411977">
      <ele>0</ele>
      <time>2026-04-13T11:30:27.718Z</time>
    </trkpt>
    <trkpt lat="46.536053" lon="10.411937">
      <ele>0</ele>
      <time>2026-04-13T11:30:28.617Z</time>
    </trkpt>
    <trkpt lat="46.536009" lon="10.411910">
      <ele>0</ele>
      <time>2026-04-13T11:30:29.516Z</time>
    </trkpt>
    <trkpt lat="46.535964" lon="10.411887">
      <ele>0</ele>
      <time>2026-04-13T11:30:30.415Z</time>
    </trkpt>
    <trkpt lat="46.535903" lon="10.411884">
      <ele>0</ele>
      <time>2026-04-13T11:30:31.314Z</time>
    </trkpt>
    <trkpt lat="46.535528" lon="10.411918">
      <ele>0</ele>
      <time>2026-04-13T11:30:32.213Z</time>
    </trkpt>
    <trkpt lat="46.535244" lon="10.411934">
      <ele>0</ele>
      <time>2026-04-13T11:30:33.113Z</time>
    </trkpt>
    <trkpt lat="46.535103" lon="10.411918">
      <ele>0</ele>
      <time>2026-04-13T11:30:34.012Z</time>
    </trkpt>
    <trkpt lat="46.534995" lon="10.411900">
      <ele>0</ele>
      <time>2026-04-13T11:30:34.911Z</time>
    </trkpt>
    <trkpt lat="46.534929" lon="10.411887">
      <ele>0</ele>
      <time>2026-04-13T11:30:35.810Z</time>
    </trkpt>
    <trkpt lat="46.534847" lon="10.411866">
      <ele>0</ele>
      <time>2026-04-13T11:30:36.709Z</time>
    </trkpt>
    <trkpt lat="46.534833" lon="10.411862">
      <ele>0</ele>
      <time>2026-04-13T11:30:37.608Z</time>
    </trkpt>
    <trkpt lat="46.534820" lon="10.411857">
      <ele>0</ele>
      <time>2026-04-13T11:30:38.507Z</time>
    </trkpt>
    <trkpt lat="46.534805" lon="10.411849">
      <ele>0</ele>
      <time>2026-04-13T11:30:39.406Z</time>
    </trkpt>
    <trkpt lat="46.534793" lon="10.411843">
      <ele>0</ele>
      <time>2026-04-13T11:30:40.305Z</time>
    </trkpt>
    <trkpt lat="46.534780" lon="10.411836">
      <ele>0</ele>
      <time>2026-04-13T11:30:41.204Z</time>
    </trkpt>
    <trkpt lat="46.534701" lon="10.411788">
      <ele>0</ele>
      <time>2026-04-13T11:30:42.103Z</time>
    </trkpt>
    <trkpt lat="46.534687" lon="10.411778">
      <ele>0</ele>
      <time>2026-04-13T11:30:43.003Z</time>
    </trkpt>
    <trkpt lat="46.534674" lon="10.411767">
      <ele>0</ele>
      <time>2026-04-13T11:30:43.902Z</time>
    </trkpt>
    <trkpt lat="46.534662" lon="10.411757">
      <ele>0</ele>
      <time>2026-04-13T11:30:44.801Z</time>
    </trkpt>
    <trkpt lat="46.534651" lon="10.411744">
      <ele>0</ele>
      <time>2026-04-13T11:30:45.700Z</time>
    </trkpt>
    <trkpt lat="46.534641" lon="10.411733">
      <ele>0</ele>
      <time>2026-04-13T11:30:46.599Z</time>
    </trkpt>
    <trkpt lat="46.534631" lon="10.411719">
      <ele>0</ele>
      <time>2026-04-13T11:30:47.498Z</time>
    </trkpt>
    <trkpt lat="46.534549" lon="10.411583">
      <ele>0</ele>
      <time>2026-04-13T11:30:48.397Z</time>
    </trkpt>
    <trkpt lat="46.534460" lon="10.411431">
      <ele>0</ele>
      <time>2026-04-13T11:30:49.296Z</time>
    </trkpt>
    <trkpt lat="46.534421" lon="10.411366">
      <ele>0</ele>
      <time>2026-04-13T11:30:50.195Z</time>
    </trkpt>
    <trkpt lat="46.534296" lon="10.411156">
      <ele>0</ele>
      <time>2026-04-13T11:30:51.094Z</time>
    </trkpt>
    <trkpt lat="46.534231" lon="10.411046">
      <ele>0</ele>
      <time>2026-04-13T11:30:51.993Z</time>
    </trkpt>
    <trkpt lat="46.534037" lon="10.410715">
      <ele>0</ele>
      <time>2026-04-13T11:30:52.892Z</time>
    </trkpt>
    <trkpt lat="46.533984" lon="10.410638">
      <ele>0</ele>
      <time>2026-04-13T11:30:53.792Z</time>
    </trkpt>
    <trkpt lat="46.533940" lon="10.410597">
      <ele>0</ele>
      <time>2026-04-13T11:30:54.691Z</time>
    </trkpt>
    <trkpt lat="46.533895" lon="10.410562">
      <ele>0</ele>
      <time>2026-04-13T11:30:55.590Z</time>
    </trkpt>
    <trkpt lat="46.533820" lon="10.410518">
      <ele>0</ele>
      <time>2026-04-13T11:30:56.489Z</time>
    </trkpt>
    <trkpt lat="46.533324" lon="10.410231">
      <ele>0</ele>
      <time>2026-04-13T11:30:57.388Z</time>
    </trkpt>
    <trkpt lat="46.533052" lon="10.410072">
      <ele>0</ele>
      <time>2026-04-13T11:30:58.287Z</time>
    </trkpt>
    <trkpt lat="46.532780" lon="10.409910">
      <ele>0</ele>
      <time>2026-04-13T11:30:59.186Z</time>
    </trkpt>
    <trkpt lat="46.532242" lon="10.409593">
      <ele>0</ele>
      <time>2026-04-13T11:31:00.085Z</time>
    </trkpt>
    <trkpt lat="46.532110" lon="10.409512">
      <ele>0</ele>
      <time>2026-04-13T11:31:00.984Z</time>
    </trkpt>
    <trkpt lat="46.532033" lon="10.409468">
      <ele>0</ele>
      <time>2026-04-13T11:31:01.883Z</time>
    </trkpt>
    <trkpt lat="46.531968" lon="10.409448">
      <ele>0</ele>
      <time>2026-04-13T11:31:02.782Z</time>
    </trkpt>
    <trkpt lat="46.531690" lon="10.409413">
      <ele>0</ele>
      <time>2026-04-13T11:31:03.682Z</time>
    </trkpt>
    <trkpt lat="46.531411" lon="10.409364">
      <ele>0</ele>
      <time>2026-04-13T11:31:04.581Z</time>
    </trkpt>
    <trkpt lat="46.531034" lon="10.409319">
      <ele>0</ele>
      <time>2026-04-13T11:31:05.480Z</time>
    </trkpt>
    <trkpt lat="46.530675" lon="10.409279">
      <ele>0</ele>
      <time>2026-04-13T11:31:06.379Z</time>
    </trkpt>
    <trkpt lat="46.529958" lon="10.409202">
      <ele>0</ele>
      <time>2026-04-13T11:31:07.278Z</time>
    </trkpt>
    <trkpt lat="46.529886" lon="10.409195">
      <ele>0</ele>
      <time>2026-04-13T11:31:08.177Z</time>
    </trkpt>
    <trkpt lat="46.529808" lon="10.409201">
      <ele>0</ele>
      <time>2026-04-13T11:31:09.076Z</time>
    </trkpt>
    <trkpt lat="46.529714" lon="10.409241">
      <ele>0</ele>
      <time>2026-04-13T11:31:09.975Z</time>
    </trkpt>
    <trkpt lat="46.529358" lon="10.409401">
      <ele>0</ele>
      <time>2026-04-13T11:31:10.874Z</time>
    </trkpt>
    <trkpt lat="46.529007" lon="10.409547">
      <ele>0</ele>
      <time>2026-04-13T11:31:11.773Z</time>
    </trkpt>
    <trkpt lat="46.528877" lon="10.409579">
      <ele>0</ele>
      <time>2026-04-13T11:31:12.672Z</time>
    </trkpt>
    <trkpt lat="46.528737" lon="10.409595">
      <ele>0</ele>
      <time>2026-04-13T11:31:13.572Z</time>
    </trkpt>
    <trkpt lat="46.527936" lon="10.409460">
      <ele>0</ele>
      <time>2026-04-13T11:31:14.471Z</time>
    </trkpt>
    <trkpt lat="46.527831" lon="10.409425">
      <ele>0</ele>
      <time>2026-04-13T11:31:15.370Z</time>
    </trkpt>
    <trkpt lat="46.527732" lon="10.409360">
      <ele>0</ele>
      <time>2026-04-13T11:31:16.269Z</time>
    </trkpt>
    <trkpt lat="46.527600" lon="10.409228">
      <ele>0</ele>
      <time>2026-04-13T11:31:17.168Z</time>
    </trkpt>
    <trkpt lat="46.527469" lon="10.409086">
      <ele>0</ele>
      <time>2026-04-13T11:31:18.067Z</time>
    </trkpt>
    <trkpt lat="46.527214" lon="10.408808">
      <ele>0</ele>
      <time>2026-04-13T11:31:18.966Z</time>
    </trkpt>
    <trkpt lat="46.527113" lon="10.408705">
      <ele>0</ele>
      <time>2026-04-13T11:31:19.865Z</time>
    </trkpt>
    <trkpt lat="46.527006" lon="10.408610">
      <ele>0</ele>
      <time>2026-04-13T11:31:20.764Z</time>
    </trkpt>
    <trkpt lat="46.526952" lon="10.408568">
      <ele>0</ele>
      <time>2026-04-13T11:31:21.663Z</time>
    </trkpt>
    <trkpt lat="46.526891" lon="10.408531">
      <ele>0</ele>
      <time>2026-04-13T11:31:22.562Z</time>
    </trkpt>
    <trkpt lat="46.526802" lon="10.408498">
      <ele>0</ele>
      <time>2026-04-13T11:31:23.462Z</time>
    </trkpt>
    <trkpt lat="46.526697" lon="10.408482">
      <ele>0</ele>
      <time>2026-04-13T11:31:24.361Z</time>
    </trkpt>
    <trkpt lat="46.526576" lon="10.408489">
      <ele>0</ele>
      <time>2026-04-13T11:31:25.260Z</time>
    </trkpt>
    <trkpt lat="46.526329" lon="10.408552">
      <ele>0</ele>
      <time>2026-04-13T11:31:26.159Z</time>
    </trkpt>
    <trkpt lat="46.526089" lon="10.408611">
      <ele>0</ele>
      <time>2026-04-13T11:31:27.058Z</time>
    </trkpt>
    <trkpt lat="46.525611" lon="10.408752">
      <ele>0</ele>
      <time>2026-04-13T11:31:27.957Z</time>
    </trkpt>
    <trkpt lat="46.525120" lon="10.408885">
      <ele>0</ele>
      <time>2026-04-13T11:31:28.856Z</time>
    </trkpt>
    <trkpt lat="46.524997" lon="10.408918">
      <ele>0</ele>
      <time>2026-04-13T11:31:29.755Z</time>
    </trkpt>
    <trkpt lat="46.524691" lon="10.409008">
      <ele>0</ele>
      <time>2026-04-13T11:31:30.654Z</time>
    </trkpt>
    <trkpt lat="46.524385" lon="10.409089">
      <ele>0</ele>
      <time>2026-04-13T11:31:31.553Z</time>
    </trkpt>
    <trkpt lat="46.524324" lon="10.409103">
      <ele>0</ele>
      <time>2026-04-13T11:31:32.452Z</time>
    </trkpt>
    <trkpt lat="46.524254" lon="10.409099">
      <ele>0</ele>
      <time>2026-04-13T11:31:33.351Z</time>
    </trkpt>
    <trkpt lat="46.524185" lon="10.409067">
      <ele>0</ele>
      <time>2026-04-13T11:31:34.251Z</time>
    </trkpt>
    <trkpt lat="46.523998" lon="10.408914">
      <ele>0</ele>
      <time>2026-04-13T11:31:35.150Z</time>
    </trkpt>
    <trkpt lat="46.523876" lon="10.408825">
      <ele>0</ele>
      <time>2026-04-13T11:31:36.049Z</time>
    </trkpt>
    <trkpt lat="46.523833" lon="10.408802">
      <ele>0</ele>
      <time>2026-04-13T11:31:36.948Z</time>
    </trkpt>
    <trkpt lat="46.523799" lon="10.408786">
      <ele>0</ele>
      <time>2026-04-13T11:31:37.847Z</time>
    </trkpt>
    <trkpt lat="46.523751" lon="10.408782">
      <ele>0</ele>
      <time>2026-04-13T11:31:38.746Z</time>
    </trkpt>
    <trkpt lat="46.523687" lon="10.408791">
      <ele>0</ele>
      <time>2026-04-13T11:31:39.645Z</time>
    </trkpt>
    <trkpt lat="46.523492" lon="10.408862">
      <ele>0</ele>
      <time>2026-04-13T11:31:40.544Z</time>
    </trkpt>
    <trkpt lat="46.523390" lon="10.408921">
      <ele>0</ele>
      <time>2026-04-13T11:31:41.443Z</time>
    </trkpt>
    <trkpt lat="46.523301" lon="10.409009">
      <ele>0</ele>
      <time>2026-04-13T11:31:42.342Z</time>
    </trkpt>
    <trkpt lat="46.523126" lon="10.409248">
      <ele>0</ele>
      <time>2026-04-13T11:31:43.241Z</time>
    </trkpt>
    <trkpt lat="46.522950" lon="10.409462">
      <ele>0</ele>
      <time>2026-04-13T11:31:44.141Z</time>
    </trkpt>
    <trkpt lat="46.522892" lon="10.409525">
      <ele>0</ele>
      <time>2026-04-13T11:31:45.040Z</time>
    </trkpt>
    <trkpt lat="46.522783" lon="10.409594">
      <ele>0</ele>
      <time>2026-04-13T11:31:45.939Z</time>
    </trkpt>
    <trkpt lat="46.522735" lon="10.409618">
      <ele>0</ele>
      <time>2026-04-13T11:31:46.838Z</time>
    </trkpt>
    <trkpt lat="46.522701" lon="10.409629">
      <ele>0</ele>
      <time>2026-04-13T11:31:47.737Z</time>
    </trkpt>
    <trkpt lat="46.522636" lon="10.409627">
      <ele>0</ele>
      <time>2026-04-13T11:31:48.636Z</time>
    </trkpt>
    <trkpt lat="46.522617" lon="10.409621">
      <ele>0</ele>
      <time>2026-04-13T11:31:49.535Z</time>
    </trkpt>
    <trkpt lat="46.522587" lon="10.409596">
      <ele>0</ele>
      <time>2026-04-13T11:31:50.434Z</time>
    </trkpt>
    <trkpt lat="46.522509" lon="10.409508">
      <ele>0</ele>
      <time>2026-04-13T11:31:51.333Z</time>
    </trkpt>
    <trkpt lat="46.522415" lon="10.409382">
      <ele>0</ele>
      <time>2026-04-13T11:31:52.232Z</time>
    </trkpt>
    <trkpt lat="46.522310" lon="10.409272">
      <ele>0</ele>
      <time>2026-04-13T11:31:53.131Z</time>
    </trkpt>
    <trkpt lat="46.522254" lon="10.409238">
      <ele>0</ele>
      <time>2026-04-13T11:31:54.031Z</time>
    </trkpt>
    <trkpt lat="46.522188" lon="10.409213">
      <ele>0</ele>
      <time>2026-04-13T11:31:54.930Z</time>
    </trkpt>
    <trkpt lat="46.522066" lon="10.409187">
      <ele>0</ele>
      <time>2026-04-13T11:31:55.829Z</time>
    </trkpt>
    <trkpt lat="46.521927" lon="10.409165">
      <ele>0</ele>
      <time>2026-04-13T11:31:56.728Z</time>
    </trkpt>
    <trkpt lat="46.520725" lon="10.408961">
      <ele>0</ele>
      <time>2026-04-13T11:31:57.627Z</time>
    </trkpt>
    <trkpt lat="46.520584" lon="10.408927">
      <ele>0</ele>
      <time>2026-04-13T11:31:58.526Z</time>
    </trkpt>
    <trkpt lat="46.520340" lon="10.408816">
      <ele>0</ele>
      <time>2026-04-13T11:31:59.425Z</time>
    </trkpt>
    <trkpt lat="46.520078" lon="10.408697">
      <ele>0</ele>
      <time>2026-04-13T11:32:00.324Z</time>
    </trkpt>
    <trkpt lat="46.519923" lon="10.408643">
      <ele>0</ele>
      <time>2026-04-13T11:32:01.223Z</time>
    </trkpt>
    <trkpt lat="46.519802" lon="10.408638">
      <ele>0</ele>
      <time>2026-04-13T11:32:02.122Z</time>
    </trkpt>
    <trkpt lat="46.519704" lon="10.408656">
      <ele>0</ele>
      <time>2026-04-13T11:32:03.021Z</time>
    </trkpt>
    <trkpt lat="46.519522" lon="10.408750">
      <ele>0</ele>
      <time>2026-04-13T11:32:03.921Z</time>
    </trkpt>
    <trkpt lat="46.519496" lon="10.408768">
      <ele>0</ele>
      <time>2026-04-13T11:32:04.820Z</time>
    </trkpt>
    <trkpt lat="46.519273" lon="10.408892">
      <ele>0</ele>
      <time>2026-04-13T11:32:05.719Z</time>
    </trkpt>
    <trkpt lat="46.518766" lon="10.409067">
      <ele>0</ele>
      <time>2026-04-13T11:32:06.618Z</time>
    </trkpt>
    <trkpt lat="46.518409" lon="10.409166">
      <ele>0</ele>
      <time>2026-04-13T11:32:07.517Z</time>
    </trkpt>
    <trkpt lat="46.518045" lon="10.409256">
      <ele>0</ele>
      <time>2026-04-13T11:32:08.416Z</time>
    </trkpt>
    <trkpt lat="46.517887" lon="10.409300">
      <ele>0</ele>
      <time>2026-04-13T11:32:09.315Z</time>
    </trkpt>
    <trkpt lat="46.517851" lon="10.409311">
      <ele>0</ele>
      <time>2026-04-13T11:32:10.214Z</time>
    </trkpt>
    <trkpt lat="46.517830" lon="10.409309">
      <ele>0</ele>
      <time>2026-04-13T11:32:11.113Z</time>
    </trkpt>
    <trkpt lat="46.517804" lon="10.409301">
      <ele>0</ele>
      <time>2026-04-13T11:32:12.012Z</time>
    </trkpt>
    <trkpt lat="46.517789" lon="10.409286">
      <ele>0</ele>
      <time>2026-04-13T11:32:12.911Z</time>
    </trkpt>
    <trkpt lat="46.517773" lon="10.409258">
      <ele>0</ele>
      <time>2026-04-13T11:32:13.810Z</time>
    </trkpt>
    <trkpt lat="46.517764" lon="10.409219">
      <ele>0</ele>
      <time>2026-04-13T11:32:14.710Z</time>
    </trkpt>
    <trkpt lat="46.517767" lon="10.409183">
      <ele>0</ele>
      <time>2026-04-13T11:32:15.609Z</time>
    </trkpt>
    <trkpt lat="46.517777" lon="10.409148">
      <ele>0</ele>
      <time>2026-04-13T11:32:16.508Z</time>
    </trkpt>
    <trkpt lat="46.517797" lon="10.409125">
      <ele>0</ele>
      <time>2026-04-13T11:32:17.407Z</time>
    </trkpt>
    <trkpt lat="46.517822" lon="10.409107">
      <ele>0</ele>
      <time>2026-04-13T11:32:18.306Z</time>
    </trkpt>
    <trkpt lat="46.517857" lon="10.409093">
      <ele>0</ele>
      <time>2026-04-13T11:32:19.205Z</time>
    </trkpt>
    <trkpt lat="46.517966" lon="10.409061">
      <ele>0</ele>
      <time>2026-04-13T11:32:20.104Z</time>
    </trkpt>
    <trkpt lat="46.518272" lon="10.408949">
      <ele>0</ele>
      <time>2026-04-13T11:32:21.003Z</time>
    </trkpt>
    <trkpt lat="46.518481" lon="10.408813">
      <ele>0</ele>
      <time>2026-04-13T11:32:21.902Z</time>
    </trkpt>
    <trkpt lat="46.518628" lon="10.408673">
      <ele>0</ele>
      <time>2026-04-13T11:32:22.801Z</time>
    </trkpt>
    <trkpt lat="46.518712" lon="10.408536">
      <ele>0</ele>
      <time>2026-04-13T11:32:23.700Z</time>
    </trkpt>
    <trkpt lat="46.518776" lon="10.408373">
      <ele>0</ele>
      <time>2026-04-13T11:32:24.600Z</time>
    </trkpt>
    <trkpt lat="46.518820" lon="10.408131">
      <ele>0</ele>
      <time>2026-04-13T11:32:25.499Z</time>
    </trkpt>
    <trkpt lat="46.518837" lon="10.407939">
      <ele>0</ele>
      <time>2026-04-13T11:32:26.398Z</time>
    </trkpt>
    <trkpt lat="46.518874" lon="10.407658">
      <ele>0</ele>
      <time>2026-04-13T11:32:27.297Z</time>
    </trkpt>
    <trkpt lat="46.518889" lon="10.407570">
      <ele>0</ele>
      <time>2026-04-13T11:32:28.196Z</time>
    </trkpt>
    <trkpt lat="46.518914" lon="10.407498">
      <ele>0</ele>
      <time>2026-04-13T11:32:29.095Z</time>
    </trkpt>
    <trkpt lat="46.518945" lon="10.407439">
      <ele>0</ele>
      <time>2026-04-13T11:32:29.994Z</time>
    </trkpt>
    <trkpt lat="46.519041" lon="10.407316">
      <ele>0</ele>
      <time>2026-04-13T11:32:30.893Z</time>
    </trkpt>
    <trkpt lat="46.519059" lon="10.407288">
      <ele>0</ele>
      <time>2026-04-13T11:32:31.792Z</time>
    </trkpt>
    <trkpt lat="46.519071" lon="10.407260">
      <ele>0</ele>
      <time>2026-04-13T11:32:32.691Z</time>
    </trkpt>
    <trkpt lat="46.519082" lon="10.407221">
      <ele>0</ele>
      <time>2026-04-13T11:32:33.590Z</time>
    </trkpt>
    <trkpt lat="46.519088" lon="10.407172">
      <ele>0</ele>
      <time>2026-04-13T11:32:34.490Z</time>
    </trkpt>
    <trkpt lat="46.519084" lon="10.407128">
      <ele>0</ele>
      <time>2026-04-13T11:32:35.389Z</time>
    </trkpt>
    <trkpt lat="46.519074" lon="10.407090">
      <ele>0</ele>
      <time>2026-04-13T11:32:36.288Z</time>
    </trkpt>
    <trkpt lat="46.519055" lon="10.407058">
      <ele>0</ele>
      <time>2026-04-13T11:32:37.187Z</time>
    </trkpt>
    <trkpt lat="46.519033" lon="10.407037">
      <ele>0</ele>
      <time>2026-04-13T11:32:38.086Z</time>
    </trkpt>
    <trkpt lat="46.519014" lon="10.407029">
      <ele>0</ele>
      <time>2026-04-13T11:32:38.985Z</time>
    </trkpt>
    <trkpt lat="46.518991" lon="10.407026">
      <ele>0</ele>
      <time>2026-04-13T11:32:39.884Z</time>
    </trkpt>
    <trkpt lat="46.518966" lon="10.407033">
      <ele>0</ele>
      <time>2026-04-13T11:32:40.783Z</time>
    </trkpt>
    <trkpt lat="46.518942" lon="10.407051">
      <ele>0</ele>
      <time>2026-04-13T11:32:41.682Z</time>
    </trkpt>
    <trkpt lat="46.518799" lon="10.407182">
      <ele>0</ele>
      <time>2026-04-13T11:32:42.581Z</time>
    </trkpt>
    <trkpt lat="46.518672" lon="10.407314">
      <ele>0</ele>
      <time>2026-04-13T11:32:43.480Z</time>
    </trkpt>
    <trkpt lat="46.518341" lon="10.407612">
      <ele>0</ele>
      <time>2026-04-13T11:32:44.380Z</time>
    </trkpt>
    <trkpt lat="46.518178" lon="10.407735">
      <ele>0</ele>
      <time>2026-04-13T11:32:45.279Z</time>
    </trkpt>
    <trkpt lat="46.518076" lon="10.407790">
      <ele>0</ele>
      <time>2026-04-13T11:32:46.178Z</time>
    </trkpt>
    <trkpt lat="46.517874" lon="10.407884">
      <ele>0</ele>
      <time>2026-04-13T11:32:47.077Z</time>
    </trkpt>
    <trkpt lat="46.517782" lon="10.407956">
      <ele>0</ele>
      <time>2026-04-13T11:32:47.976Z</time>
    </trkpt>
    <trkpt lat="46.517725" lon="10.408007">
      <ele>0</ele>
      <time>2026-04-13T11:32:48.875Z</time>
    </trkpt>
    <trkpt lat="46.517644" lon="10.408165">
      <ele>0</ele>
      <time>2026-04-13T11:32:49.774Z</time>
    </trkpt>
    <trkpt lat="46.517519" lon="10.408439">
      <ele>0</ele>
      <time>2026-04-13T11:32:50.673Z</time>
    </trkpt>
    <trkpt lat="46.517447" lon="10.408567">
      <ele>0</ele>
      <time>2026-04-13T11:32:51.572Z</time>
    </trkpt>
    <trkpt lat="46.517388" lon="10.408655">
      <ele>0</ele>
      <time>2026-04-13T11:32:52.471Z</time>
    </trkpt>
    <trkpt lat="46.517318" lon="10.408726">
      <ele>0</ele>
      <time>2026-04-13T11:32:53.370Z</time>
    </trkpt>
    <trkpt lat="46.517107" lon="10.408854">
      <ele>0</ele>
      <time>2026-04-13T11:32:54.269Z</time>
    </trkpt>
    <trkpt lat="46.516999" lon="10.408901">
      <ele>0</ele>
      <time>2026-04-13T11:32:55.169Z</time>
    </trkpt>
    <trkpt lat="46.516902" lon="10.408917">
      <ele>0</ele>
      <time>2026-04-13T11:32:56.068Z</time>
    </trkpt>
    <trkpt lat="46.516722" lon="10.408951">
      <ele>0</ele>
      <time>2026-04-13T11:32:56.967Z</time>
    </trkpt>
    <trkpt lat="46.516497" lon="10.408993">
      <ele>0</ele>
      <time>2026-04-13T11:32:57.866Z</time>
    </trkpt>
    <trkpt lat="46.516213" lon="10.409071">
      <ele>0</ele>
      <time>2026-04-13T11:32:58.765Z</time>
    </trkpt>
    <trkpt lat="46.516106" lon="10.409108">
      <ele>0</ele>
      <time>2026-04-13T11:32:59.664Z</time>
    </trkpt>
    <trkpt lat="46.516053" lon="10.409123">
      <ele>0</ele>
      <time>2026-04-13T11:33:00.563Z</time>
    </trkpt>
    <trkpt lat="46.516012" lon="10.409154">
      <ele>0</ele>
      <time>2026-04-13T11:33:01.462Z</time>
    </trkpt>
    <trkpt lat="46.515976" lon="10.409192">
      <ele>0</ele>
      <time>2026-04-13T11:33:02.361Z</time>
    </trkpt>
    <trkpt lat="46.515945" lon="10.409225">
      <ele>0</ele>
      <time>2026-04-13T11:33:03.260Z</time>
    </trkpt>
    <trkpt lat="46.515916" lon="10.409258">
      <ele>0</ele>
      <time>2026-04-13T11:33:04.159Z</time>
    </trkpt>
    <trkpt lat="46.515898" lon="10.409271">
      <ele>0</ele>
      <time>2026-04-13T11:33:05.059Z</time>
    </trkpt>
    <trkpt lat="46.515873" lon="10.409280">
      <ele>0</ele>
      <time>2026-04-13T11:33:05.958Z</time>
    </trkpt>
    <trkpt lat="46.515851" lon="10.409274">
      <ele>0</ele>
      <time>2026-04-13T11:33:06.857Z</time>
    </trkpt>
    <trkpt lat="46.515827" lon="10.409254">
      <ele>0</ele>
      <time>2026-04-13T11:33:07.756Z</time>
    </trkpt>
    <trkpt lat="46.515810" lon="10.409233">
      <ele>0</ele>
      <time>2026-04-13T11:33:08.655Z</time>
    </trkpt>
    <trkpt lat="46.515806" lon="10.409198">
      <ele>0</ele>
      <time>2026-04-13T11:33:09.554Z</time>
    </trkpt>
    <trkpt lat="46.515807" lon="10.409171">
      <ele>0</ele>
      <time>2026-04-13T11:33:10.453Z</time>
    </trkpt>
    <trkpt lat="46.515814" lon="10.409144">
      <ele>0</ele>
      <time>2026-04-13T11:33:11.352Z</time>
    </trkpt>
    <trkpt lat="46.515827" lon="10.409123">
      <ele>0</ele>
      <time>2026-04-13T11:33:12.251Z</time>
    </trkpt>
    <trkpt lat="46.515848" lon="10.409105">
      <ele>0</ele>
      <time>2026-04-13T11:33:13.150Z</time>
    </trkpt>
    <trkpt lat="46.515882" lon="10.409079">
      <ele>0</ele>
      <time>2026-04-13T11:33:14.049Z</time>
    </trkpt>
    <trkpt lat="46.516569" lon="10.408606">
      <ele>0</ele>
      <time>2026-04-13T11:33:14.949Z</time>
    </trkpt>
    <trkpt lat="46.516957" lon="10.408343">
      <ele>0</ele>
      <time>2026-04-13T11:33:15.848Z</time>
    </trkpt>
    <trkpt lat="46.517032" lon="10.408279">
      <ele>0</ele>
      <time>2026-04-13T11:33:16.747Z</time>
    </trkpt>
    <trkpt lat="46.517065" lon="10.408241">
      <ele>0</ele>
      <time>2026-04-13T11:33:17.646Z</time>
    </trkpt>
    <trkpt lat="46.517093" lon="10.408194">
      <ele>0</ele>
      <time>2026-04-13T11:33:18.545Z</time>
    </trkpt>
    <trkpt lat="46.517129" lon="10.408108">
      <ele>0</ele>
      <time>2026-04-13T11:33:19.444Z</time>
    </trkpt>
    <trkpt lat="46.517161" lon="10.408009">
      <ele>0</ele>
      <time>2026-04-13T11:33:20.343Z</time>
    </trkpt>
    <trkpt lat="46.517299" lon="10.407444">
      <ele>0</ele>
      <time>2026-04-13T11:33:21.242Z</time>
    </trkpt>
    <trkpt lat="46.517423" lon="10.407098">
      <ele>0</ele>
      <time>2026-04-13T11:33:22.141Z</time>
    </trkpt>
    <trkpt lat="46.517531" lon="10.406801">
      <ele>0</ele>
      <time>2026-04-13T11:33:23.040Z</time>
    </trkpt>
    <trkpt lat="46.517618" lon="10.406603">
      <ele>0</ele>
      <time>2026-04-13T11:33:23.939Z</time>
    </trkpt>
    <trkpt lat="46.517642" lon="10.406540">
      <ele>0</ele>
      <time>2026-04-13T11:33:24.839Z</time>
    </trkpt>
    <trkpt lat="46.517647" lon="10.406503">
      <ele>0</ele>
      <time>2026-04-13T11:33:25.738Z</time>
    </trkpt>
    <trkpt lat="46.517641" lon="10.406469">
      <ele>0</ele>
      <time>2026-04-13T11:33:26.637Z</time>
    </trkpt>
    <trkpt lat="46.517622" lon="10.406438">
      <ele>0</ele>
      <time>2026-04-13T11:33:27.536Z</time>
    </trkpt>
    <trkpt lat="46.517596" lon="10.406421">
      <ele>0</ele>
      <time>2026-04-13T11:33:28.435Z</time>
    </trkpt>
    <trkpt lat="46.517570" lon="10.406424">
      <ele>0</ele>
      <time>2026-04-13T11:33:29.334Z</time>
    </trkpt>
    <trkpt lat="46.517552" lon="10.406436">
      <ele>0</ele>
      <time>2026-04-13T11:33:30.233Z</time>
    </trkpt>
    <trkpt lat="46.517542" lon="10.406456">
      <ele>0</ele>
      <time>2026-04-13T11:33:31.132Z</time>
    </trkpt>
    <trkpt lat="46.517529" lon="10.406485">
      <ele>0</ele>
      <time>2026-04-13T11:33:32.031Z</time>
    </trkpt>
    <trkpt lat="46.517507" lon="10.406556">
      <ele>0</ele>
      <time>2026-04-13T11:33:32.930Z</time>
    </trkpt>
    <trkpt lat="46.517475" lon="10.406664">
      <ele>0</ele>
      <time>2026-04-13T11:33:33.829Z</time>
    </trkpt>
    <trkpt lat="46.517410" lon="10.406827">
      <ele>0</ele>
      <time>2026-04-13T11:33:34.728Z</time>
    </trkpt>
    <trkpt lat="46.517275" lon="10.407048">
      <ele>0</ele>
      <time>2026-04-13T11:33:35.628Z</time>
    </trkpt>
    <trkpt lat="46.517122" lon="10.407289">
      <ele>0</ele>
      <time>2026-04-13T11:33:36.527Z</time>
    </trkpt>
    <trkpt lat="46.516884" lon="10.407680">
      <ele>0</ele>
      <time>2026-04-13T11:33:37.426Z</time>
    </trkpt>
    <trkpt lat="46.516801" lon="10.407743">
      <ele>0</ele>
      <time>2026-04-13T11:33:38.325Z</time>
    </trkpt>
    <trkpt lat="46.516623" lon="10.407786">
      <ele>0</ele>
      <time>2026-04-13T11:33:39.224Z</time>
    </trkpt>
    <trkpt lat="46.516299" lon="10.407850">
      <ele>0</ele>
      <time>2026-04-13T11:33:40.123Z</time>
    </trkpt>
    <trkpt lat="46.515889" lon="10.407917">
      <ele>0</ele>
      <time>2026-04-13T11:33:41.022Z</time>
    </trkpt>
    <trkpt lat="46.515780" lon="10.407953">
      <ele>0</ele>
      <time>2026-04-13T11:33:41.921Z</time>
    </trkpt>
    <trkpt lat="46.515710" lon="10.407993">
      <ele>0</ele>
      <time>2026-04-13T11:33:42.820Z</time>
    </trkpt>
    <trkpt lat="46.515637" lon="10.408052">
      <ele>0</ele>
      <time>2026-04-13T11:33:43.719Z</time>
    </trkpt>
    <trkpt lat="46.515553" lon="10.408109">
      <ele>0</ele>
      <time>2026-04-13T11:33:44.618Z</time>
    </trkpt>
    <trkpt lat="46.515524" lon="10.408128">
      <ele>0</ele>
      <time>2026-04-13T11:33:45.518Z</time>
    </trkpt>
    <trkpt lat="46.515493" lon="10.408133">
      <ele>0</ele>
      <time>2026-04-13T11:33:46.417Z</time>
    </trkpt>
    <trkpt lat="46.515466" lon="10.408116">
      <ele>0</ele>
      <time>2026-04-13T11:33:47.316Z</time>
    </trkpt>
    <trkpt lat="46.515450" lon="10.408085">
      <ele>0</ele>
      <time>2026-04-13T11:33:48.215Z</time>
    </trkpt>
    <trkpt lat="46.515446" lon="10.408058">
      <ele>0</ele>
      <time>2026-04-13T11:33:49.114Z</time>
    </trkpt>
    <trkpt lat="46.515449" lon="10.408021">
      <ele>0</ele>
      <time>2026-04-13T11:33:50.013Z</time>
    </trkpt>
    <trkpt lat="46.515469" lon="10.407989">
      <ele>0</ele>
      <time>2026-04-13T11:33:50.912Z</time>
    </trkpt>
    <trkpt lat="46.515502" lon="10.407958">
      <ele>0</ele>
      <time>2026-04-13T11:33:51.811Z</time>
    </trkpt>
    <trkpt lat="46.515569" lon="10.407910">
      <ele>0</ele>
      <time>2026-04-13T11:33:52.710Z</time>
    </trkpt>
    <trkpt lat="46.515763" lon="10.407790">
      <ele>0</ele>
      <time>2026-04-13T11:33:53.609Z</time>
    </trkpt>
    <trkpt lat="46.516160" lon="10.407521">
      <ele>0</ele>
      <time>2026-04-13T11:33:54.508Z</time>
    </trkpt>
    <trkpt lat="46.516330" lon="10.407392">
      <ele>0</ele>
      <time>2026-04-13T11:33:55.408Z</time>
    </trkpt>
    <trkpt lat="46.516475" lon="10.407256">
      <ele>0</ele>
      <time>2026-04-13T11:33:56.307Z</time>
    </trkpt>
    <trkpt lat="46.516583" lon="10.407089">
      <ele>0</ele>
      <time>2026-04-13T11:33:57.206Z</time>
    </trkpt>
    <trkpt lat="46.516759" lon="10.406756">
      <ele>0</ele>
      <time>2026-04-13T11:33:58.105Z</time>
    </trkpt>
    <trkpt lat="46.516931" lon="10.406526">
      <ele>0</ele>
      <time>2026-04-13T11:33:59.004Z</time>
    </trkpt>
    <trkpt lat="46.516955" lon="10.406497">
      <ele>0</ele>
      <time>2026-04-13T11:33:59.903Z</time>
    </trkpt>
    <trkpt lat="46.516967" lon="10.406466">
      <ele>0</ele>
      <time>2026-04-13T11:34:00.802Z</time>
    </trkpt>
    <trkpt lat="46.516966" lon="10.406433">
      <ele>0</ele>
      <time>2026-04-13T11:34:01.701Z</time>
    </trkpt>
    <trkpt lat="46.516956" lon="10.406404">
      <ele>0</ele>
      <time>2026-04-13T11:34:02.600Z</time>
    </trkpt>
    <trkpt lat="46.516941" lon="10.406384">
      <ele>0</ele>
      <time>2026-04-13T11:34:03.499Z</time>
    </trkpt>
    <trkpt lat="46.516919" lon="10.406372">
      <ele>0</ele>
      <time>2026-04-13T11:34:04.398Z</time>
    </trkpt>
    <trkpt lat="46.516894" lon="10.406374">
      <ele>0</ele>
      <time>2026-04-13T11:34:05.297Z</time>
    </trkpt>
    <trkpt lat="46.516870" lon="10.406388">
      <ele>0</ele>
      <time>2026-04-13T11:34:06.197Z</time>
    </trkpt>
    <trkpt lat="46.516724" lon="10.406586">
      <ele>0</ele>
      <time>2026-04-13T11:34:07.096Z</time>
    </trkpt>
    <trkpt lat="46.516617" lon="10.406703">
      <ele>0</ele>
      <time>2026-04-13T11:34:07.995Z</time>
    </trkpt>
    <trkpt lat="46.516384" lon="10.406888">
      <ele>0</ele>
      <time>2026-04-13T11:34:08.894Z</time>
    </trkpt>
    <trkpt lat="46.516304" lon="10.406933">
      <ele>0</ele>
      <time>2026-04-13T11:34:09.793Z</time>
    </trkpt>
    <trkpt lat="46.516227" lon="10.406958">
      <ele>0</ele>
      <time>2026-04-13T11:34:10.692Z</time>
    </trkpt>
    <trkpt lat="46.516047" lon="10.406995">
      <ele>0</ele>
      <time>2026-04-13T11:34:11.591Z</time>
    </trkpt>
    <trkpt lat="46.515614" lon="10.407085">
      <ele>0</ele>
      <time>2026-04-13T11:34:12.490Z</time>
    </trkpt>
    <trkpt lat="46.515368" lon="10.407153">
      <ele>0</ele>
      <time>2026-04-13T11:34:13.389Z</time>
    </trkpt>
    <trkpt lat="46.515092" lon="10.407255">
      <ele>0</ele>
      <time>2026-04-13T11:34:14.288Z</time>
    </trkpt>
    <trkpt lat="46.515038" lon="10.407269">
      <ele>0</ele>
      <time>2026-04-13T11:34:15.187Z</time>
    </trkpt>
    <trkpt lat="46.515007" lon="10.407252">
      <ele>0</ele>
      <time>2026-04-13T11:34:16.087Z</time>
    </trkpt>
    <trkpt lat="46.514989" lon="10.407222">
      <ele>0</ele>
      <time>2026-04-13T11:34:16.986Z</time>
    </trkpt>
    <trkpt lat="46.514982" lon="10.407177">
      <ele>0</ele>
      <time>2026-04-13T11:34:17.885Z</time>
    </trkpt>
    <trkpt lat="46.514989" lon="10.407134">
      <ele>0</ele>
      <time>2026-04-13T11:34:18.784Z</time>
    </trkpt>
    <trkpt lat="46.515009" lon="10.407101">
      <ele>0</ele>
      <time>2026-04-13T11:34:19.683Z</time>
    </trkpt>
    <trkpt lat="46.515150" lon="10.407041">
      <ele>0</ele>
      <time>2026-04-13T11:34:20.582Z</time>
    </trkpt>
    <trkpt lat="46.515327" lon="10.406930">
      <ele>0</ele>
      <time>2026-04-13T11:34:21.481Z</time>
    </trkpt>
    <trkpt lat="46.515677" lon="10.406621">
      <ele>0</ele>
      <time>2026-04-13T11:34:22.380Z</time>
    </trkpt>
    <trkpt lat="46.515965" lon="10.406372">
      <ele>0</ele>
      <time>2026-04-13T11:34:23.279Z</time>
    </trkpt>
    <trkpt lat="46.516216" lon="10.406178">
      <ele>0</ele>
      <time>2026-04-13T11:34:24.178Z</time>
    </trkpt>
    <trkpt lat="46.516285" lon="10.406138">
      <ele>0</ele>
      <time>2026-04-13T11:34:25.077Z</time>
    </trkpt>
    <trkpt lat="46.516306" lon="10.406117">
      <ele>0</ele>
      <time>2026-04-13T11:34:25.977Z</time>
    </trkpt>
    <trkpt lat="46.516318" lon="10.406095">
      <ele>0</ele>
      <time>2026-04-13T11:34:26.876Z</time>
    </trkpt>
    <trkpt lat="46.516321" lon="10.406066">
      <ele>0</ele>
      <time>2026-04-13T11:34:27.775Z</time>
    </trkpt>
    <trkpt lat="46.516317" lon="10.406033">
      <ele>0</ele>
      <time>2026-04-13T11:34:28.674Z</time>
    </trkpt>
    <trkpt lat="46.516301" lon="10.405999">
      <ele>0</ele>
      <time>2026-04-13T11:34:29.573Z</time>
    </trkpt>
    <trkpt lat="46.516280" lon="10.405984">
      <ele>0</ele>
      <time>2026-04-13T11:34:30.472Z</time>
    </trkpt>
    <trkpt lat="46.516254" lon="10.405979">
      <ele>0</ele>
      <time>2026-04-13T11:34:31.371Z</time>
    </trkpt>
    <trkpt lat="46.516226" lon="10.405992">
      <ele>0</ele>
      <time>2026-04-13T11:34:32.270Z</time>
    </trkpt>
    <trkpt lat="46.516161" lon="10.406032">
      <ele>0</ele>
      <time>2026-04-13T11:34:33.169Z</time>
    </trkpt>
    <trkpt lat="46.516019" lon="10.406105">
      <ele>0</ele>
      <time>2026-04-13T11:34:34.068Z</time>
    </trkpt>
    <trkpt lat="46.515828" lon="10.406165">
      <ele>0</ele>
      <time>2026-04-13T11:34:34.967Z</time>
    </trkpt>
    <trkpt lat="46.515428" lon="10.406239">
      <ele>0</ele>
      <time>2026-04-13T11:34:35.867Z</time>
    </trkpt>
    <trkpt lat="46.515254" lon="10.406290">
      <ele>0</ele>
      <time>2026-04-13T11:34:36.766Z</time>
    </trkpt>
    <trkpt lat="46.515223" lon="10.406288">
      <ele>0</ele>
      <time>2026-04-13T11:34:37.665Z</time>
    </trkpt>
    <trkpt lat="46.515199" lon="10.406280">
      <ele>0</ele>
      <time>2026-04-13T11:34:38.564Z</time>
    </trkpt>
    <trkpt lat="46.515179" lon="10.406253">
      <ele>0</ele>
      <time>2026-04-13T11:34:39.463Z</time>
    </trkpt>
    <trkpt lat="46.515171" lon="10.406220">
      <ele>0</ele>
      <time>2026-04-13T11:34:40.362Z</time>
    </trkpt>
    <trkpt lat="46.515169" lon="10.406189">
      <ele>0</ele>
      <time>2026-04-13T11:34:41.261Z</time>
    </trkpt>
    <trkpt lat="46.515174" lon="10.406162">
      <ele>0</ele>
      <time>2026-04-13T11:34:42.160Z</time>
    </trkpt>
    <trkpt lat="46.515188" lon="10.406131">
      <ele>0</ele>
      <time>2026-04-13T11:34:43.059Z</time>
    </trkpt>
    <trkpt lat="46.515209" lon="10.406112">
      <ele>0</ele>
      <time>2026-04-13T11:34:43.958Z</time>
    </trkpt>
    <trkpt lat="46.515563" lon="10.405929">
      <ele>0</ele>
      <time>2026-04-13T11:34:44.857Z</time>
    </trkpt>
    <trkpt lat="46.515803" lon="10.405790">
      <ele>0</ele>
      <time>2026-04-13T11:34:45.756Z</time>
    </trkpt>
    <trkpt lat="46.515831" lon="10.405754">
      <ele>0</ele>
      <time>2026-04-13T11:34:46.656Z</time>
    </trkpt>
    <trkpt lat="46.515839" lon="10.405726">
      <ele>0</ele>
      <time>2026-04-13T11:34:47.555Z</time>
    </trkpt>
    <trkpt lat="46.515839" lon="10.405694">
      <ele>0</ele>
      <time>2026-04-13T11:34:48.454Z</time>
    </trkpt>
    <trkpt lat="46.515829" lon="10.405662">
      <ele>0</ele>
      <time>2026-04-13T11:34:49.353Z</time>
    </trkpt>
    <trkpt lat="46.515810" lon="10.405633">
      <ele>0</ele>
      <time>2026-04-13T11:34:50.252Z</time>
    </trkpt>
    <trkpt lat="46.515789" lon="10.405625">
      <ele>0</ele>
      <time>2026-04-13T11:34:51.151Z</time>
    </trkpt>
    <trkpt lat="46.515717" lon="10.405625">
      <ele>0</ele>
      <time>2026-04-13T11:34:52.050Z</time>
    </trkpt>
    <trkpt lat="46.515584" lon="10.405653">
      <ele>0</ele>
      <time>2026-04-13T11:34:52.949Z</time>
    </trkpt>
    <trkpt lat="46.515402" lon="10.405682">
      <ele>0</ele>
      <time>2026-04-13T11:34:53.848Z</time>
    </trkpt>
    <trkpt lat="46.515272" lon="10.405705">
      <ele>0</ele>
      <time>2026-04-13T11:34:54.747Z</time>
    </trkpt>
    <trkpt lat="46.515140" lon="10.405700">
      <ele>0</ele>
      <time>2026-04-13T11:34:55.646Z</time>
    </trkpt>
    <trkpt lat="46.515044" lon="10.405678">
      <ele>0</ele>
      <time>2026-04-13T11:34:56.546Z</time>
    </trkpt>
    <trkpt lat="46.514962" lon="10.405624">
      <ele>0</ele>
      <time>2026-04-13T11:34:57.445Z</time>
    </trkpt>
    <trkpt lat="46.514896" lon="10.405569">
      <ele>0</ele>
      <time>2026-04-13T11:34:58.344Z</time>
    </trkpt>
    <trkpt lat="46.514838" lon="10.405480">
      <ele>0</ele>
      <time>2026-04-13T11:34:59.243Z</time>
    </trkpt>
    <trkpt lat="46.514762" lon="10.405346">
      <ele>0</ele>
      <time>2026-04-13T11:35:00.142Z</time>
    </trkpt>
    <trkpt lat="46.514481" lon="10.404838">
      <ele>0</ele>
      <time>2026-04-13T11:35:01.041Z</time>
    </trkpt>
    <trkpt lat="46.514108" lon="10.404211">
      <ele>0</ele>
      <time>2026-04-13T11:35:01.940Z</time>
    </trkpt>
    <trkpt lat="46.513897" lon="10.403842">
      <ele>0</ele>
      <time>2026-04-13T11:35:02.839Z</time>
    </trkpt>
    <trkpt lat="46.513704" lon="10.403553">
      <ele>0</ele>
      <time>2026-04-13T11:35:03.738Z</time>
    </trkpt>
    <trkpt lat="46.513554" lon="10.403424">
      <ele>0</ele>
      <time>2026-04-13T11:35:04.637Z</time>
    </trkpt>
    <trkpt lat="46.513532" lon="10.403361">
      <ele>0</ele>
      <time>2026-04-13T11:35:05.536Z</time>
    </trkpt>
    <trkpt lat="46.513538" lon="10.403293">
      <ele>0</ele>
      <time>2026-04-13T11:35:06.436Z</time>
    </trkpt>
    <trkpt lat="46.513552" lon="10.403250">
      <ele>0</ele>
      <time>2026-04-13T11:35:07.335Z</time>
    </trkpt>
    <trkpt lat="46.513578" lon="10.403228">
      <ele>0</ele>
      <time>2026-04-13T11:35:08.234Z</time>
    </trkpt>
    <trkpt lat="46.513620" lon="10.403230">
      <ele>0</ele>
      <time>2026-04-13T11:35:09.133Z</time>
    </trkpt>
    <trkpt lat="46.513661" lon="10.403266">
      <ele>0</ele>
      <time>2026-04-13T11:35:10.032Z</time>
    </trkpt>
    <trkpt lat="46.513806" lon="10.403533">
      <ele>0</ele>
      <time>2026-04-13T11:35:10.931Z</time>
    </trkpt>
    <trkpt lat="46.513939" lon="10.403755">
      <ele>0</ele>
      <time>2026-04-13T11:35:11.830Z</time>
    </trkpt>
    <trkpt lat="46.514085" lon="10.403877">
      <ele>0</ele>
      <time>2026-04-13T11:35:12.729Z</time>
    </trkpt>
    <trkpt lat="46.514195" lon="10.403939">
      <ele>0</ele>
      <time>2026-04-13T11:35:13.628Z</time>
    </trkpt>
    <trkpt lat="46.514351" lon="10.404000">
      <ele>0</ele>
      <time>2026-04-13T11:35:14.527Z</time>
    </trkpt>
    <trkpt lat="46.514507" lon="10.404078">
      <ele>0</ele>
      <time>2026-04-13T11:35:15.426Z</time>
    </trkpt>
    <trkpt lat="46.514611" lon="10.404125">
      <ele>0</ele>
      <time>2026-04-13T11:35:16.326Z</time>
    </trkpt>
    <trkpt lat="46.514637" lon="10.404132">
      <ele>0</ele>
      <time>2026-04-13T11:35:17.225Z</time>
    </trkpt>
    <trkpt lat="46.514659" lon="10.404114">
      <ele>0</ele>
      <time>2026-04-13T11:35:18.124Z</time>
    </trkpt>
    <trkpt lat="46.514675" lon="10.404089">
      <ele>0</ele>
      <time>2026-04-13T11:35:19.023Z</time>
    </trkpt>
    <trkpt lat="46.514685" lon="10.404046">
      <ele>0</ele>
      <time>2026-04-13T11:35:19.922Z</time>
    </trkpt>
    <trkpt lat="46.514688" lon="10.404010">
      <ele>0</ele>
      <time>2026-04-13T11:35:20.821Z</time>
    </trkpt>
    <trkpt lat="46.514680" lon="10.403979">
      <ele>0</ele>
      <time>2026-04-13T11:35:21.720Z</time>
    </trkpt>
    <trkpt lat="46.514667" lon="10.403949">
      <ele>0</ele>
      <time>2026-04-13T11:35:22.619Z</time>
    </trkpt>
    <trkpt lat="46.514629" lon="10.403927">
      <ele>0</ele>
      <time>2026-04-13T11:35:23.518Z</time>
    </trkpt>
    <trkpt lat="46.514560" lon="10.403903">
      <ele>0</ele>
      <time>2026-04-13T11:35:24.417Z</time>
    </trkpt>
    <trkpt lat="46.514439" lon="10.403855">
      <ele>0</ele>
      <time>2026-04-13T11:35:25.316Z</time>
    </trkpt>
    <trkpt lat="46.514332" lon="10.403782">
      <ele>0</ele>
      <time>2026-04-13T11:35:26.215Z</time>
    </trkpt>
    <trkpt lat="46.514227" lon="10.403706">
      <ele>0</ele>
      <time>2026-04-13T11:35:27.115Z</time>
    </trkpt>
    <trkpt lat="46.514162" lon="10.403635">
      <ele>0</ele>
      <time>2026-04-13T11:35:28.014Z</time>
    </trkpt>
    <trkpt lat="46.514107" lon="10.403559">
      <ele>0</ele>
      <time>2026-04-13T11:35:28.913Z</time>
    </trkpt>
    <trkpt lat="46.514042" lon="10.403449">
      <ele>0</ele>
      <time>2026-04-13T11:35:29.812Z</time>
    </trkpt>
    <trkpt lat="46.513956" lon="10.403217">
      <ele>0</ele>
      <time>2026-04-13T11:35:30.711Z</time>
    </trkpt>
    <trkpt lat="46.513831" lon="10.402922">
      <ele>0</ele>
      <time>2026-04-13T11:35:31.610Z</time>
    </trkpt>
    <trkpt lat="46.513783" lon="10.402807">
      <ele>0</ele>
      <time>2026-04-13T11:35:32.509Z</time>
    </trkpt>
    <trkpt lat="46.513701" lon="10.402705">
      <ele>0</ele>
      <time>2026-04-13T11:35:33.408Z</time>
    </trkpt>
    <trkpt lat="46.513519" lon="10.402499">
      <ele>0</ele>
      <time>2026-04-13T11:35:34.307Z</time>
    </trkpt>
    <trkpt lat="46.513279" lon="10.402241">
      <ele>0</ele>
      <time>2026-04-13T11:35:35.206Z</time>
    </trkpt>
    <trkpt lat="46.513233" lon="10.402189">
      <ele>0</ele>
      <time>2026-04-13T11:35:36.105Z</time>
    </trkpt>
    <trkpt lat="46.513210" lon="10.402150">
      <ele>0</ele>
      <time>2026-04-13T11:35:37.005Z</time>
    </trkpt>
    <trkpt lat="46.513206" lon="10.402115">
      <ele>0</ele>
      <time>2026-04-13T11:35:37.904Z</time>
    </trkpt>
    <trkpt lat="46.513209" lon="10.402078">
      <ele>0</ele>
      <time>2026-04-13T11:35:38.803Z</time>
    </trkpt>
    <trkpt lat="46.513218" lon="10.402035">
      <ele>0</ele>
      <time>2026-04-13T11:35:39.702Z</time>
    </trkpt>
    <trkpt lat="46.513233" lon="10.402005">
      <ele>0</ele>
      <time>2026-04-13T11:35:40.601Z</time>
    </trkpt>
    <trkpt lat="46.513259" lon="10.401981">
      <ele>0</ele>
      <time>2026-04-13T11:35:41.500Z</time>
    </trkpt>
    <trkpt lat="46.513286" lon="10.401981">
      <ele>0</ele>
      <time>2026-04-13T11:35:42.399Z</time>
    </trkpt>
    <trkpt lat="46.513317" lon="10.402000">
      <ele>0</ele>
      <time>2026-04-13T11:35:43.298Z</time>
    </trkpt>
    <trkpt lat="46.513359" lon="10.402056">
      <ele>0</ele>
      <time>2026-04-13T11:35:44.197Z</time>
    </trkpt>
    <trkpt lat="46.513520" lon="10.402257">
      <ele>0</ele>
      <time>2026-04-13T11:35:45.096Z</time>
    </trkpt>
    <trkpt lat="46.513766" lon="10.402484">
      <ele>0</ele>
      <time>2026-04-13T11:35:45.995Z</time>
    </trkpt>
    <trkpt lat="46.513941" lon="10.402638">
      <ele>0</ele>
      <time>2026-04-13T11:35:46.895Z</time>
    </trkpt>
    <trkpt lat="46.514141" lon="10.402772">
      <ele>0</ele>
      <time>2026-04-13T11:35:47.794Z</time>
    </trkpt>
    <trkpt lat="46.514291" lon="10.402826">
      <ele>0</ele>
      <time>2026-04-13T11:35:48.693Z</time>
    </trkpt>
    <trkpt lat="46.514358" lon="10.402838">
      <ele>0</ele>
      <time>2026-04-13T11:35:49.592Z</time>
    </trkpt>
    <trkpt lat="46.514388" lon="10.402833">
      <ele>0</ele>
      <time>2026-04-13T11:35:50.491Z</time>
    </trkpt>
    <trkpt lat="46.514411" lon="10.402825">
      <ele>0</ele>
      <time>2026-04-13T11:35:51.390Z</time>
    </trkpt>
    <trkpt lat="46.514430" lon="10.402810">
      <ele>0</ele>
      <time>2026-04-13T11:35:52.289Z</time>
    </trkpt>
    <trkpt lat="46.514447" lon="10.402788">
      <ele>0</ele>
      <time>2026-04-13T11:35:53.188Z</time>
    </trkpt>
    <trkpt lat="46.514460" lon="10.402766">
      <ele>0</ele>
      <time>2026-04-13T11:35:54.087Z</time>
    </trkpt>
    <trkpt lat="46.514470" lon="10.402743">
      <ele>0</ele>
      <time>2026-04-13T11:35:54.986Z</time>
    </trkpt>
    <trkpt lat="46.514472" lon="10.402722">
      <ele>0</ele>
      <time>2026-04-13T11:35:55.885Z</time>
    </trkpt>
    <trkpt lat="46.514471" lon="10.402705">
      <ele>0</ele>
      <time>2026-04-13T11:35:56.785Z</time>
    </trkpt>
    <trkpt lat="46.514465" lon="10.402683">
      <ele>0</ele>
      <time>2026-04-13T11:35:57.684Z</time>
    </trkpt>
    <trkpt lat="46.514456" lon="10.402669">
      <ele>0</ele>
      <time>2026-04-13T11:35:58.583Z</time>
    </trkpt>
    <trkpt lat="46.514440" lon="10.402649">
      <ele>0</ele>
      <time>2026-04-13T11:35:59.482Z</time>
    </trkpt>
    <trkpt lat="46.514409" lon="10.402611">
      <ele>0</ele>
      <time>2026-04-13T11:36:00.381Z</time>
    </trkpt>
    <trkpt lat="46.514273" lon="10.402459">
      <ele>0</ele>
      <time>2026-04-13T11:36:01.280Z</time>
    </trkpt>
    <trkpt lat="46.514125" lon="10.402277">
      <ele>0</ele>
      <time>2026-04-13T11:36:02.179Z</time>
    </trkpt>
    <trkpt lat="46.513894" lon="10.401908">
      <ele>0</ele>
      <time>2026-04-13T11:36:03.078Z</time>
    </trkpt>
    <trkpt lat="46.513644" lon="10.401612">
      <ele>0</ele>
      <time>2026-04-13T11:36:03.977Z</time>
    </trkpt>
    <trkpt lat="46.513440" lon="10.401384">
      <ele>0</ele>
      <time>2026-04-13T11:36:04.876Z</time>
    </trkpt>
    <trkpt lat="46.513314" lon="10.401183">
      <ele>0</ele>
      <time>2026-04-13T11:36:05.775Z</time>
    </trkpt>
    <trkpt lat="46.513217" lon="10.400895">
      <ele>0</ele>
      <time>2026-04-13T11:36:06.674Z</time>
    </trkpt>
    <trkpt lat="46.513095" lon="10.400404">
      <ele>0</ele>
      <time>2026-04-13T11:36:07.574Z</time>
    </trkpt>
    <trkpt lat="46.513003" lon="10.400134">
      <ele>0</ele>
      <time>2026-04-13T11:36:08.473Z</time>
    </trkpt>
    <trkpt lat="46.512818" lon="10.399683">
      <ele>0</ele>
      <time>2026-04-13T11:36:09.372Z</time>
    </trkpt>
    <trkpt lat="46.512575" lon="10.399138">
      <ele>0</ele>
      <time>2026-04-13T11:36:10.271Z</time>
    </trkpt>
    <trkpt lat="46.512368" lon="10.398714">
      <ele>0</ele>
      <time>2026-04-13T11:36:11.170Z</time>
    </trkpt>
    <trkpt lat="46.512267" lon="10.398557">
      <ele>0</ele>
      <time>2026-04-13T11:36:12.069Z</time>
    </trkpt>
    <trkpt lat="46.512138" lon="10.398431">
      <ele>0</ele>
      <time>2026-04-13T11:36:12.968Z</time>
    </trkpt>
    <trkpt lat="46.511958" lon="10.398267">
      <ele>0</ele>
      <time>2026-04-13T11:36:13.867Z</time>
    </trkpt>
    <trkpt lat="46.511820" lon="10.398089">
      <ele>0</ele>
      <time>2026-04-13T11:36:14.766Z</time>
    </trkpt>
    <trkpt lat="46.511574" lon="10.397523">
      <ele>0</ele>
      <time>2026-04-13T11:36:15.665Z</time>
    </trkpt>
    <trkpt lat="46.511568" lon="10.397506">
      <ele>0</ele>
      <time>2026-04-13T11:36:16.564Z</time>
    </trkpt>
    <trkpt lat="46.511552" lon="10.397461">
      <ele>0</ele>
      <time>2026-04-13T11:36:17.464Z</time>
    </trkpt>
    <trkpt lat="46.511527" lon="10.397393">
      <ele>0</ele>
      <time>2026-04-13T11:36:18.363Z</time>
    </trkpt>
    <trkpt lat="46.511498" lon="10.397310">
      <ele>0</ele>
      <time>2026-04-13T11:36:19.262Z</time>
    </trkpt>
    <trkpt lat="46.511465" lon="10.397219">
      <ele>0</ele>
      <time>2026-04-13T11:36:20.161Z</time>
    </trkpt>
    <trkpt lat="46.511431" lon="10.397126">
      <ele>0</ele>
      <time>2026-04-13T11:36:21.060Z</time>
    </trkpt>
    <trkpt lat="46.511398" lon="10.397037">
      <ele>0</ele>
      <time>2026-04-13T11:36:21.959Z</time>
    </trkpt>
    <trkpt lat="46.511370" lon="10.396961">
      <ele>0</ele>
      <time>2026-04-13T11:36:22.858Z</time>
    </trkpt>
    <trkpt lat="46.511347" lon="10.396903">
      <ele>0</ele>
      <time>2026-04-13T11:36:23.757Z</time>
    </trkpt>
    <trkpt lat="46.511333" lon="10.396870">
      <ele>0</ele>
      <time>2026-04-13T11:36:24.656Z</time>
    </trkpt>
    <trkpt lat="46.511318" lon="10.396848">
      <ele>0</ele>
      <time>2026-04-13T11:36:25.555Z</time>
    </trkpt>
    <trkpt lat="46.511293" lon="10.396819">
      <ele>0</ele>
      <time>2026-04-13T11:36:26.454Z</time>
    </trkpt>
    <trkpt lat="46.511259" lon="10.396785">
      <ele>0</ele>
      <time>2026-04-13T11:36:27.354Z</time>
    </trkpt>
    <trkpt lat="46.511221" lon="10.396747">
      <ele>0</ele>
      <time>2026-04-13T11:36:28.253Z</time>
    </trkpt>
    <trkpt lat="46.511180" lon="10.396708">
      <ele>0</ele>
      <time>2026-04-13T11:36:29.152Z</time>
    </trkpt>
    <trkpt lat="46.511138" lon="10.396670">
      <ele>0</ele>
      <time>2026-04-13T11:36:30.051Z</time>
    </trkpt>
    <trkpt lat="46.511099" lon="10.396636">
      <ele>0</ele>
      <time>2026-04-13T11:36:30.950Z</time>
    </trkpt>
    <trkpt lat="46.511065" lon="10.396606">
      <ele>0</ele>
      <time>2026-04-13T11:36:31.849Z</time>
    </trkpt>
    <trkpt lat="46.511039" lon="10.396583">
      <ele>0</ele>
      <time>2026-04-13T11:36:32.748Z</time>
    </trkpt>
    <trkpt lat="46.511023" lon="10.396570">
      <ele>0</ele>
      <time>2026-04-13T11:36:33.647Z</time>
    </trkpt>
    <trkpt lat="46.511008" lon="10.396556">
      <ele>0</ele>
      <time>2026-04-13T11:36:34.546Z</time>
    </trkpt>
    <trkpt lat="46.510983" lon="10.396533">
      <ele>0</ele>
      <time>2026-04-13T11:36:35.445Z</time>
    </trkpt>
    <trkpt lat="46.510952" lon="10.396500">
      <ele>0</ele>
      <time>2026-04-13T11:36:36.344Z</time>
    </trkpt>
    <trkpt lat="46.510914" lon="10.396459">
      <ele>0</ele>
      <time>2026-04-13T11:36:37.244Z</time>
    </trkpt>
    <trkpt lat="46.510874" lon="10.396412">
      <ele>0</ele>
      <time>2026-04-13T11:36:38.143Z</time>
    </trkpt>
    <trkpt lat="46.510832" lon="10.396361">
      <ele>0</ele>
      <time>2026-04-13T11:36:39.042Z</time>
    </trkpt>
    <trkpt lat="46.510792" lon="10.396305">
      <ele>0</ele>
      <time>2026-04-13T11:36:39.941Z</time>
    </trkpt>
    <trkpt lat="46.510754" lon="10.396247">
      <ele>0</ele>
      <time>2026-04-13T11:36:40.840Z</time>
    </trkpt>
    <trkpt lat="46.510721" lon="10.396189">
      <ele>0</ele>
      <time>2026-04-13T11:36:41.739Z</time>
    </trkpt>
    <trkpt lat="46.510695" lon="10.396130">
      <ele>0</ele>
      <time>2026-04-13T11:36:42.638Z</time>
    </trkpt>
    <trkpt lat="46.510674" lon="10.396075">
      <ele>0</ele>
      <time>2026-04-13T11:36:43.537Z</time>
    </trkpt>
    <trkpt lat="46.510657" lon="10.396025">
      <ele>0</ele>
      <time>2026-04-13T11:36:44.436Z</time>
    </trkpt>
    <trkpt lat="46.510643" lon="10.395977">
      <ele>0</ele>
      <time>2026-04-13T11:36:45.335Z</time>
    </trkpt>
    <trkpt lat="46.510631" lon="10.395929">
      <ele>0</ele>
      <time>2026-04-13T11:36:46.234Z</time>
    </trkpt>
    <trkpt lat="46.510622" lon="10.395881">
      <ele>0</ele>
      <time>2026-04-13T11:36:47.133Z</time>
    </trkpt>
    <trkpt lat="46.510614" lon="10.395829">
      <ele>0</ele>
      <time>2026-04-13T11:36:48.033Z</time>
    </trkpt>
    <trkpt lat="46.510609" lon="10.395772">
      <ele>0</ele>
      <time>2026-04-13T11:36:48.932Z</time>
    </trkpt>
    <trkpt lat="46.510604" lon="10.395708">
      <ele>0</ele>
      <time>2026-04-13T11:36:49.831Z</time>
    </trkpt>
    <trkpt lat="46.510601" lon="10.395635">
      <ele>0</ele>
      <time>2026-04-13T11:36:50.730Z</time>
    </trkpt>
    <trkpt lat="46.510599" lon="10.395551">
      <ele>0</ele>
      <time>2026-04-13T11:36:51.629Z</time>
    </trkpt>
    <trkpt lat="46.510596" lon="10.395473">
      <ele>0</ele>
      <time>2026-04-13T11:36:52.528Z</time>
    </trkpt>
    <trkpt lat="46.510593" lon="10.395415">
      <ele>0</ele>
      <time>2026-04-13T11:36:53.427Z</time>
    </trkpt>
    <trkpt lat="46.510590" lon="10.395372">
      <ele>0</ele>
      <time>2026-04-13T11:36:54.326Z</time>
    </trkpt>
    <trkpt lat="46.510528" lon="10.394749">
      <ele>0</ele>
      <time>2026-04-13T11:36:55.225Z</time>
    </trkpt>
    <trkpt lat="46.510512" lon="10.394641">
      <ele>0</ele>
      <time>2026-04-13T11:36:56.124Z</time>
    </trkpt>
    <trkpt lat="46.510495" lon="10.394542">
      <ele>0</ele>
      <time>2026-04-13T11:36:57.023Z</time>
    </trkpt>
    <trkpt lat="46.510478" lon="10.394453">
      <ele>0</ele>
      <time>2026-04-13T11:36:57.923Z</time>
    </trkpt>
    <trkpt lat="46.510462" lon="10.394376">
      <ele>0</ele>
      <time>2026-04-13T11:36:58.822Z</time>
    </trkpt>
    <trkpt lat="46.510447" lon="10.394313">
      <ele>0</ele>
      <time>2026-04-13T11:36:59.721Z</time>
    </trkpt>
    <trkpt lat="46.510436" lon="10.394266">
      <ele>0</ele>
      <time>2026-04-13T11:37:00.620Z</time>
    </trkpt>
    <trkpt lat="46.510425" lon="10.394226">
      <ele>0</ele>
      <time>2026-04-13T11:37:01.519Z</time>
    </trkpt>
    <trkpt lat="46.510382" lon="10.394139">
      <ele>0</ele>
      <time>2026-04-13T11:37:02.418Z</time>
    </trkpt>
    <trkpt lat="46.510265" lon="10.393906">
      <ele>0</ele>
      <time>2026-04-13T11:37:03.317Z</time>
    </trkpt>
    <trkpt lat="46.510171" lon="10.393667">
      <ele>0</ele>
      <time>2026-04-13T11:37:04.216Z</time>
    </trkpt>
    <trkpt lat="46.510086" lon="10.393318">
      <ele>0</ele>
      <time>2026-04-13T11:37:05.115Z</time>
    </trkpt>
    <trkpt lat="46.509988" lon="10.392956">
      <ele>0</ele>
      <time>2026-04-13T11:37:06.014Z</time>
    </trkpt>
    <trkpt lat="46.509859" lon="10.392637">
      <ele>0</ele>
      <time>2026-04-13T11:37:06.913Z</time>
    </trkpt>
    <trkpt lat="46.509817" lon="10.392428">
      <ele>0</ele>
      <time>2026-04-13T11:37:07.813Z</time>
    </trkpt>
    <trkpt lat="46.509805" lon="10.392164">
      <ele>0</ele>
      <time>2026-04-13T11:37:08.712Z</time>
    </trkpt>
    <trkpt lat="46.509783" lon="10.392010">
      <ele>0</ele>
      <time>2026-04-13T11:37:09.611Z</time>
    </trkpt>
    <trkpt lat="46.509736" lon="10.391861">
      <ele>0</ele>
      <time>2026-04-13T11:37:10.510Z</time>
    </trkpt>
    <trkpt lat="46.509671" lon="10.391705">
      <ele>0</ele>
      <time>2026-04-13T11:37:11.409Z</time>
    </trkpt>
    <trkpt lat="46.509335" lon="10.391038">
      <ele>0</ele>
      <time>2026-04-13T11:37:12.308Z</time>
    </trkpt>
    <trkpt lat="46.509322" lon="10.390905">
      <ele>0</ele>
      <time>2026-04-13T11:37:13.207Z</time>
    </trkpt>
    <trkpt lat="46.509560" lon="10.390125">
      <ele>0</ele>
      <time>2026-04-13T11:37:14.106Z</time>
    </trkpt>
    <trkpt lat="46.509584" lon="10.390033">
      <ele>0</ele>
      <time>2026-04-13T11:37:15.005Z</time>
    </trkpt>
    <trkpt lat="46.509596" lon="10.389932">
      <ele>0</ele>
      <time>2026-04-13T11:37:15.904Z</time>
    </trkpt>
    <trkpt lat="46.509584" lon="10.389619">
      <ele>0</ele>
      <time>2026-04-13T11:37:16.803Z</time>
    </trkpt>
    <trkpt lat="46.509595" lon="10.389198">
      <ele>0</ele>
      <time>2026-04-13T11:37:17.703Z</time>
    </trkpt>
    <trkpt lat="46.509569" lon="10.388956">
      <ele>0</ele>
      <time>2026-04-13T11:37:18.602Z</time>
    </trkpt>
    <trkpt lat="46.509536" lon="10.388712">
      <ele>0</ele>
      <time>2026-04-13T11:37:19.501Z</time>
    </trkpt>
    <trkpt lat="46.509484" lon="10.388333">
      <ele>0</ele>
      <time>2026-04-13T11:37:20.400Z</time>
    </trkpt>
    <trkpt lat="46.509390" lon="10.387704">
      <ele>0</ele>
      <time>2026-04-13T11:37:21.299Z</time>
    </trkpt>
    <trkpt lat="46.509235" lon="10.387193">
      <ele>0</ele>
      <time>2026-04-13T11:37:22.198Z</time>
    </trkpt>
    <trkpt lat="46.509205" lon="10.386976">
      <ele>0</ele>
      <time>2026-04-13T11:37:23.097Z</time>
    </trkpt>
    <trkpt lat="46.509191" lon="10.386633">
      <ele>0</ele>
      <time>2026-04-13T11:37:23.996Z</time>
    </trkpt>
    <trkpt lat="46.509164" lon="10.386305">
      <ele>0</ele>
      <time>2026-04-13T11:37:24.895Z</time>
    </trkpt>
    <trkpt lat="46.509193" lon="10.385886">
      <ele>0</ele>
      <time>2026-04-13T11:37:25.794Z</time>
    </trkpt>
    <trkpt lat="46.509251" lon="10.385562">
      <ele>0</ele>
      <time>2026-04-13T11:37:26.693Z</time>
    </trkpt>
    <trkpt lat="46.509257" lon="10.385353">
      <ele>0</ele>
      <time>2026-04-13T11:37:27.592Z</time>
    </trkpt>
    <trkpt lat="46.509246" lon="10.385076">
      <ele>0</ele>
      <time>2026-04-13T11:37:28.492Z</time>
    </trkpt>
    <trkpt lat="46.509217" lon="10.384811">
      <ele>0</ele>
      <time>2026-04-13T11:37:29.391Z</time>
    </trkpt>
    <trkpt lat="46.509174" lon="10.384578">
      <ele>0</ele>
      <time>2026-04-13T11:37:30.290Z</time>
    </trkpt>
    <trkpt lat="46.509142" lon="10.384367">
      <ele>0</ele>
      <time>2026-04-13T11:37:31.189Z</time>
    </trkpt>
    <trkpt lat="46.509143" lon="10.384124">
      <ele>0</ele>
      <time>2026-04-13T11:37:32.088Z</time>
    </trkpt>
    <trkpt lat="46.509166" lon="10.383834">
      <ele>0</ele>
      <time>2026-04-13T11:37:32.987Z</time>
    </trkpt>
    <trkpt lat="46.509177" lon="10.383284">
      <ele>0</ele>
      <time>2026-04-13T11:37:33.886Z</time>
    </trkpt>
    <trkpt lat="46.509225" lon="10.382912">
      <ele>0</ele>
      <time>2026-04-13T11:37:34.785Z</time>
    </trkpt>
    <trkpt lat="46.509345" lon="10.382523">
      <ele>0</ele>
      <time>2026-04-13T11:37:35.684Z</time>
    </trkpt>
    <trkpt lat="46.509460" lon="10.382048">
      <ele>0</ele>
      <time>2026-04-13T11:37:36.583Z</time>
    </trkpt>
    <trkpt lat="46.509529" lon="10.381144">
      <ele>0</ele>
      <time>2026-04-13T11:37:37.482Z</time>
    </trkpt>
    <trkpt lat="46.509582" lon="10.380257">
      <ele>0</ele>
      <time>2026-04-13T11:37:38.382Z</time>
    </trkpt>
    <trkpt lat="46.509609" lon="10.379922">
      <ele>0</ele>
      <time>2026-04-13T11:37:39.281Z</time>
    </trkpt>
    <trkpt lat="46.509627" lon="10.379518">
      <ele>0</ele>
      <time>2026-04-13T11:37:40.180Z</time>
    </trkpt>
    <trkpt lat="46.509671" lon="10.379253">
      <ele>0</ele>
      <time>2026-04-13T11:37:41.079Z</time>
    </trkpt>
    <trkpt lat="46.509760" lon="10.379096">
      <ele>0</ele>
      <time>2026-04-13T11:37:41.978Z</time>
    </trkpt>
    <trkpt lat="46.509886" lon="10.378971">
      <ele>0</ele>
      <time>2026-04-13T11:37:42.877Z</time>
    </trkpt>
    <trkpt lat="46.509968" lon="10.378815">
      <ele>0</ele>
      <time>2026-04-13T11:37:43.776Z</time>
    </trkpt>
    <trkpt lat="46.510038" lon="10.378610">
      <ele>0</ele>
      <time>2026-04-13T11:37:44.675Z</time>
    </trkpt>
    <trkpt lat="46.510080" lon="10.378372">
      <ele>0</ele>
      <time>2026-04-13T11:37:45.574Z</time>
    </trkpt>
    <trkpt lat="46.510064" lon="10.378125">
      <ele>0</ele>
      <time>2026-04-13T11:37:46.473Z</time>
    </trkpt>
    <trkpt lat="46.510042" lon="10.377852">
      <ele>0</ele>
      <time>2026-04-13T11:37:47.372Z</time>
    </trkpt>
    <trkpt lat="46.510034" lon="10.377556">
      <ele>0</ele>
      <time>2026-04-13T11:37:48.272Z</time>
    </trkpt>
    <trkpt lat="46.509999" lon="10.377384">
      <ele>0</ele>
      <time>2026-04-13T11:37:49.171Z</time>
    </trkpt>
    <trkpt lat="46.509991" lon="10.377271">
      <ele>0</ele>
      <time>2026-04-13T11:37:50.070Z</time>
    </trkpt>
    <trkpt lat="46.510004" lon="10.377162">
      <ele>0</ele>
      <time>2026-04-13T11:37:50.969Z</time>
    </trkpt>
    <trkpt lat="46.510023" lon="10.377041">
      <ele>0</ele>
      <time>2026-04-13T11:37:51.868Z</time>
    </trkpt>
    <trkpt lat="46.510024" lon="10.376817">
      <ele>0</ele>
      <time>2026-04-13T11:37:52.767Z</time>
    </trkpt>
    <trkpt lat="46.510003" lon="10.376652">
      <ele>0</ele>
      <time>2026-04-13T11:37:53.666Z</time>
    </trkpt>
    <trkpt lat="46.509978" lon="10.376553">
      <ele>0</ele>
      <time>2026-04-13T11:37:54.565Z</time>
    </trkpt>
    <trkpt lat="46.509935" lon="10.376408">
      <ele>0</ele>
      <time>2026-04-13T11:37:55.464Z</time>
    </trkpt>
    <trkpt lat="46.509804" lon="10.376040">
      <ele>0</ele>
      <time>2026-04-13T11:37:56.363Z</time>
    </trkpt>
    <trkpt lat="46.509758" lon="10.375900">
      <ele>0</ele>
      <time>2026-04-13T11:37:57.262Z</time>
    </trkpt>
    <trkpt lat="46.509700" lon="10.375780">
      <ele>0</ele>
      <time>2026-04-13T11:37:58.162Z</time>
    </trkpt>
    <trkpt lat="46.509664" lon="10.375726">
      <ele>0</ele>
      <time>2026-04-13T11:37:59.061Z</time>
    </trkpt>
    <trkpt lat="46.509640" lon="10.375694">
      <ele>0</ele>
      <time>2026-04-13T11:37:59.960Z</time>
    </trkpt>
    <trkpt lat="46.509612" lon="10.375661">
      <ele>0</ele>
      <time>2026-04-13T11:38:00.859Z</time>
    </trkpt>
    <trkpt lat="46.509596" lon="10.375629">
      <ele>0</ele>
      <time>2026-04-13T11:38:01.758Z</time>
    </trkpt>
    <trkpt lat="46.509583" lon="10.375599">
      <ele>0</ele>
      <time>2026-04-13T11:38:02.657Z</time>
    </trkpt>
    <trkpt lat="46.509574" lon="10.375550">
      <ele>0</ele>
      <time>2026-04-13T11:38:03.556Z</time>
    </trkpt>
    <trkpt lat="46.509574" lon="10.375505">
      <ele>0</ele>
      <time>2026-04-13T11:38:04.455Z</time>
    </trkpt>
    <trkpt lat="46.509597" lon="10.375467">
      <ele>0</ele>
      <time>2026-04-13T11:38:05.354Z</time>
    </trkpt>
    <trkpt lat="46.509635" lon="10.375453">
      <ele>0</ele>
      <time>2026-04-13T11:38:06.253Z</time>
    </trkpt>
    <trkpt lat="46.509666" lon="10.375451">
      <ele>0</ele>
      <time>2026-04-13T11:38:07.152Z</time>
    </trkpt>
    <trkpt lat="46.509692" lon="10.375476">
      <ele>0</ele>
      <time>2026-04-13T11:38:08.051Z</time>
    </trkpt>
    <trkpt lat="46.509719" lon="10.375521">
      <ele>0</ele>
      <time>2026-04-13T11:38:08.951Z</time>
    </trkpt>
    <trkpt lat="46.509819" lon="10.375763">
      <ele>0</ele>
      <time>2026-04-13T11:38:09.850Z</time>
    </trkpt>
    <trkpt lat="46.509878" lon="10.375855">
      <ele>0</ele>
      <time>2026-04-13T11:38:10.749Z</time>
    </trkpt>
    <trkpt lat="46.510032" lon="10.376072">
      <ele>0</ele>
      <time>2026-04-13T11:38:11.648Z</time>
    </trkpt>
    <trkpt lat="46.510060" lon="10.376117">
      <ele>0</ele>
      <time>2026-04-13T11:38:12.547Z</time>
    </trkpt>
    <trkpt lat="46.510082" lon="10.376178">
      <ele>0</ele>
      <time>2026-04-13T11:38:13.446Z</time>
    </trkpt>
    <trkpt lat="46.510130" lon="10.376352">
      <ele>0</ele>
      <time>2026-04-13T11:38:14.345Z</time>
    </trkpt>
    <trkpt lat="46.510186" lon="10.376581">
      <ele>0</ele>
      <time>2026-04-13T11:38:15.244Z</time>
    </trkpt>
    <trkpt lat="46.510197" lon="10.376622">
      <ele>0</ele>
      <time>2026-04-13T11:38:16.143Z</time>
    </trkpt>
    <trkpt lat="46.510213" lon="10.376653">
      <ele>0</ele>
      <time>2026-04-13T11:38:17.042Z</time>
    </trkpt>
    <trkpt lat="46.510228" lon="10.376665">
      <ele>0</ele>
      <time>2026-04-13T11:38:17.941Z</time>
    </trkpt>
    <trkpt lat="46.510241" lon="10.376672">
      <ele>0</ele>
      <time>2026-04-13T11:38:18.841Z</time>
    </trkpt>
    <trkpt lat="46.510259" lon="10.376670">
      <ele>0</ele>
      <time>2026-04-13T11:38:19.740Z</time>
    </trkpt>
    <trkpt lat="46.510273" lon="10.376656">
      <ele>0</ele>
      <time>2026-04-13T11:38:20.639Z</time>
    </trkpt>
    <trkpt lat="46.510287" lon="10.376623">
      <ele>0</ele>
      <time>2026-04-13T11:38:21.538Z</time>
    </trkpt>
    <trkpt lat="46.510281" lon="10.376573">
      <ele>0</ele>
      <time>2026-04-13T11:38:22.437Z</time>
    </trkpt>
    <trkpt lat="46.510259" lon="10.376490">
      <ele>0</ele>
      <time>2026-04-13T11:38:23.336Z</time>
    </trkpt>
    <trkpt lat="46.510229" lon="10.376373">
      <ele>0</ele>
      <time>2026-04-13T11:38:24.235Z</time>
    </trkpt>
    <trkpt lat="46.510172" lon="10.376083">
      <ele>0</ele>
      <time>2026-04-13T11:38:25.134Z</time>
    </trkpt>
    <trkpt lat="46.510155" lon="10.375969">
      <ele>0</ele>
      <time>2026-04-13T11:38:26.033Z</time>
    </trkpt>
    <trkpt lat="46.510126" lon="10.375874">
      <ele>0</ele>
      <time>2026-04-13T11:38:26.932Z</time>
    </trkpt>
    <trkpt lat="46.510069" lon="10.375749">
      <ele>0</ele>
      <time>2026-04-13T11:38:27.831Z</time>
    </trkpt>
    <trkpt lat="46.510014" lon="10.375639">
      <ele>0</ele>
      <time>2026-04-13T11:38:28.731Z</time>
    </trkpt>
    <trkpt lat="46.509972" lon="10.375585">
      <ele>0</ele>
      <time>2026-04-13T11:38:29.630Z</time>
    </trkpt>
    <trkpt lat="46.509959" lon="10.375535">
      <ele>0</ele>
      <time>2026-04-13T11:38:30.529Z</time>
    </trkpt>
    <trkpt lat="46.509960" lon="10.375495">
      <ele>0</ele>
      <time>2026-04-13T11:38:31.428Z</time>
    </trkpt>
    <trkpt lat="46.509976" lon="10.375460">
      <ele>0</ele>
      <time>2026-04-13T11:38:32.327Z</time>
    </trkpt>
    <trkpt lat="46.509997" lon="10.375439">
      <ele>0</ele>
      <time>2026-04-13T11:38:33.226Z</time>
    </trkpt>
    <trkpt lat="46.510023" lon="10.375429">
      <ele>0</ele>
      <time>2026-04-13T11:38:34.125Z</time>
    </trkpt>
    <trkpt lat="46.510050" lon="10.375444">
      <ele>0</ele>
      <time>2026-04-13T11:38:35.024Z</time>
    </trkpt>
    <trkpt lat="46.510081" lon="10.375518">
      <ele>0</ele>
      <time>2026-04-13T11:38:35.923Z</time>
    </trkpt>
    <trkpt lat="46.510175" lon="10.375711">
      <ele>0</ele>
      <time>2026-04-13T11:38:36.822Z</time>
    </trkpt>
    <trkpt lat="46.510262" lon="10.375914">
      <ele>0</ele>
      <time>2026-04-13T11:38:37.721Z</time>
    </trkpt>
    <trkpt lat="46.510305" lon="10.376025">
      <ele>0</ele>
      <time>2026-04-13T11:38:38.621Z</time>
    </trkpt>
    <trkpt lat="46.510340" lon="10.376151">
      <ele>0</ele>
      <time>2026-04-13T11:38:39.520Z</time>
    </trkpt>
    <trkpt lat="46.510397" lon="10.376401">
      <ele>0</ele>
      <time>2026-04-13T11:38:40.419Z</time>
    </trkpt>
    <trkpt lat="46.510434" lon="10.376538">
      <ele>0</ele>
      <time>2026-04-13T11:38:41.318Z</time>
    </trkpt>
    <trkpt lat="46.510452" lon="10.376571">
      <ele>0</ele>
      <time>2026-04-13T11:38:42.217Z</time>
    </trkpt>
    <trkpt lat="46.510483" lon="10.376590">
      <ele>0</ele>
      <time>2026-04-13T11:38:43.116Z</time>
    </trkpt>
    <trkpt lat="46.510502" lon="10.376589">
      <ele>0</ele>
      <time>2026-04-13T11:38:44.015Z</time>
    </trkpt>
    <trkpt lat="46.510523" lon="10.376569">
      <ele>0</ele>
      <time>2026-04-13T11:38:44.914Z</time>
    </trkpt>
    <trkpt lat="46.510536" lon="10.376543">
      <ele>0</ele>
      <time>2026-04-13T11:38:45.813Z</time>
    </trkpt>
    <trkpt lat="46.510543" lon="10.376509">
      <ele>0</ele>
      <time>2026-04-13T11:38:46.712Z</time>
    </trkpt>
    <trkpt lat="46.510541" lon="10.376471">
      <ele>0</ele>
      <time>2026-04-13T11:38:47.611Z</time>
    </trkpt>
    <trkpt lat="46.510509" lon="10.376380">
      <ele>0</ele>
      <time>2026-04-13T11:38:48.510Z</time>
    </trkpt>
    <trkpt lat="46.510492" lon="10.376320">
      <ele>0</ele>
      <time>2026-04-13T11:38:49.410Z</time>
    </trkpt>
    <trkpt lat="46.510457" lon="10.376163">
      <ele>0</ele>
      <time>2026-04-13T11:38:50.309Z</time>
    </trkpt>
    <trkpt lat="46.510420" lon="10.375828">
      <ele>0</ele>
      <time>2026-04-13T11:38:51.208Z</time>
    </trkpt>
    <trkpt lat="46.510396" lon="10.375601">
      <ele>0</ele>
      <time>2026-04-13T11:38:52.107Z</time>
    </trkpt>
    <trkpt lat="46.510374" lon="10.375490">
      <ele>0</ele>
      <time>2026-04-13T11:38:53.006Z</time>
    </trkpt>
    <trkpt lat="46.510197" lon="10.375075">
      <ele>0</ele>
      <time>2026-04-13T11:38:53.905Z</time>
    </trkpt>
    <trkpt lat="46.509892" lon="10.374467">
      <ele>0</ele>
      <time>2026-04-13T11:38:54.804Z</time>
    </trkpt>
    <trkpt lat="46.509818" lon="10.374306">
      <ele>0</ele>
      <time>2026-04-13T11:38:55.703Z</time>
    </trkpt>
    <trkpt lat="46.509765" lon="10.374130">
      <ele>0</ele>
      <time>2026-04-13T11:38:56.602Z</time>
    </trkpt>
    <trkpt lat="46.509727" lon="10.373968">
      <ele>0</ele>
      <time>2026-04-13T11:38:57.501Z</time>
    </trkpt>
    <trkpt lat="46.509703" lon="10.373817">
      <ele>0</ele>
      <time>2026-04-13T11:38:58.400Z</time>
    </trkpt>
    <trkpt lat="46.509652" lon="10.373401">
      <ele>0</ele>
      <time>2026-04-13T11:38:59.300Z</time>
    </trkpt>
    <trkpt lat="46.509642" lon="10.373302">
      <ele>0</ele>
      <time>2026-04-13T11:39:00.199Z</time>
    </trkpt>
    <trkpt lat="46.509640" lon="10.373197">
      <ele>0</ele>
      <time>2026-04-13T11:39:01.098Z</time>
    </trkpt>
    <trkpt lat="46.509650" lon="10.372778">
      <ele>0</ele>
      <time>2026-04-13T11:39:01.997Z</time>
    </trkpt>
    <trkpt lat="46.509645" lon="10.372673">
      <ele>0</ele>
      <time>2026-04-13T11:39:02.896Z</time>
    </trkpt>
    <trkpt lat="46.509638" lon="10.372591">
      <ele>0</ele>
      <time>2026-04-13T11:39:03.795Z</time>
    </trkpt>
    <trkpt lat="46.509628" lon="10.372516">
      <ele>0</ele>
      <time>2026-04-13T11:39:04.694Z</time>
    </trkpt>
    <trkpt lat="46.509618" lon="10.372470">
      <ele>0</ele>
      <time>2026-04-13T11:39:05.593Z</time>
    </trkpt>
    <trkpt lat="46.509591" lon="10.372399">
      <ele>0</ele>
      <time>2026-04-13T11:39:06.492Z</time>
    </trkpt>
    <trkpt lat="46.509448" lon="10.372185">
      <ele>0</ele>
      <time>2026-04-13T11:39:07.391Z</time>
    </trkpt>
    <trkpt lat="46.509340" lon="10.372034">
      <ele>0</ele>
      <time>2026-04-13T11:39:08.290Z</time>
    </trkpt>
    <trkpt lat="46.509306" lon="10.371984">
      <ele>0</ele>
      <time>2026-04-13T11:39:09.190Z</time>
    </trkpt>
    <trkpt lat="46.509214" lon="10.371849">
      <ele>0</ele>
      <time>2026-04-13T11:39:10.089Z</time>
    </trkpt>
    <trkpt lat="46.509065" lon="10.371613">
      <ele>0</ele>
      <time>2026-04-13T11:39:10.988Z</time>
    </trkpt>
    <trkpt lat="46.508981" lon="10.371490">
      <ele>0</ele>
      <time>2026-04-13T11:39:11.887Z</time>
    </trkpt>
    <trkpt lat="46.508928" lon="10.371426">
      <ele>0</ele>
      <time>2026-04-13T11:39:12.786Z</time>
    </trkpt>
    <trkpt lat="46.508886" lon="10.371377">
      <ele>0</ele>
      <time>2026-04-13T11:39:13.685Z</time>
    </trkpt>
    <trkpt lat="46.508801" lon="10.371314">
      <ele>0</ele>
      <time>2026-04-13T11:39:14.584Z</time>
    </trkpt>
    <trkpt lat="46.508509" lon="10.371247">
      <ele>0</ele>
      <time>2026-04-13T11:39:15.483Z</time>
    </trkpt>
    <trkpt lat="46.507976" lon="10.370982">
      <ele>0</ele>
      <time>2026-04-13T11:39:16.382Z</time>
    </trkpt>
    <trkpt lat="46.507897" lon="10.370884">
      <ele>0</ele>
      <time>2026-04-13T11:39:17.281Z</time>
    </trkpt>
    <trkpt lat="46.507836" lon="10.370774">
      <ele>0</ele>
      <time>2026-04-13T11:39:18.180Z</time>
    </trkpt>
    <trkpt lat="46.507795" lon="10.370622">
      <ele>0</ele>
      <time>2026-04-13T11:39:19.080Z</time>
    </trkpt>
    <trkpt lat="46.507774" lon="10.370468">
      <ele>0</ele>
      <time>2026-04-13T11:39:19.979Z</time>
    </trkpt>
    <trkpt lat="46.507821" lon="10.370200">
      <ele>0</ele>
      <time>2026-04-13T11:39:20.878Z</time>
    </trkpt>
    <trkpt lat="46.507873" lon="10.370087">
      <ele>0</ele>
      <time>2026-04-13T11:39:21.777Z</time>
    </trkpt>
    <trkpt lat="46.507956" lon="10.369906">
      <ele>0</ele>
      <time>2026-04-13T11:39:22.676Z</time>
    </trkpt>
    <trkpt lat="46.507972" lon="10.369828">
      <ele>0</ele>
      <time>2026-04-13T11:39:23.575Z</time>
    </trkpt>
    <trkpt lat="46.507968" lon="10.369782">
      <ele>0</ele>
      <time>2026-04-13T11:39:24.474Z</time>
    </trkpt>
    <trkpt lat="46.507956" lon="10.369741">
      <ele>0</ele>
      <time>2026-04-13T11:39:25.373Z</time>
    </trkpt>
    <trkpt lat="46.507880" lon="10.369551">
      <ele>0</ele>
      <time>2026-04-13T11:39:26.272Z</time>
    </trkpt>
    <trkpt lat="46.507855" lon="10.369456">
      <ele>0</ele>
      <time>2026-04-13T11:39:27.171Z</time>
    </trkpt>
    <trkpt lat="46.507827" lon="10.369344">
      <ele>0</ele>
      <time>2026-04-13T11:39:28.070Z</time>
    </trkpt>
    <trkpt lat="46.507756" lon="10.369076">
      <ele>0</ele>
      <time>2026-04-13T11:39:28.969Z</time>
    </trkpt>
    <trkpt lat="46.507715" lon="10.368967">
      <ele>0</ele>
      <time>2026-04-13T11:39:29.869Z</time>
    </trkpt>
    <trkpt lat="46.507614" lon="10.368742">
      <ele>0</ele>
      <time>2026-04-13T11:39:30.768Z</time>
    </trkpt>
    <trkpt lat="46.507600" lon="10.368681">
      <ele>0</ele>
      <time>2026-04-13T11:39:31.667Z</time>
    </trkpt>
    <trkpt lat="46.507590" lon="10.368601">
      <ele>0</ele>
      <time>2026-04-13T11:39:32.566Z</time>
    </trkpt>
    <trkpt lat="46.507615" lon="10.367768">
      <ele>0</ele>
      <time>2026-04-13T11:39:33.465Z</time>
    </trkpt>
    <trkpt lat="46.507617" lon="10.367680">
      <ele>0</ele>
      <time>2026-04-13T11:39:34.364Z</time>
    </trkpt>
    <trkpt lat="46.507593" lon="10.367588">
      <ele>0</ele>
      <time>2026-04-13T11:39:35.263Z</time>
    </trkpt>
    <trkpt lat="46.507549" lon="10.367500">
      <ele>0</ele>
      <time>2026-04-13T11:39:36.162Z</time>
    </trkpt>
    <trkpt lat="46.506871" lon="10.366080">
      <ele>0</ele>
      <time>2026-04-13T11:39:37.061Z</time>
    </trkpt>
    <trkpt lat="46.506700" lon="10.365829">
      <ele>0</ele>
      <time>2026-04-13T11:39:37.960Z</time>
    </trkpt>
    <trkpt lat="46.506687" lon="10.365793">
      <ele>0</ele>
      <time>2026-04-13T11:39:38.859Z</time>
    </trkpt>
    <trkpt lat="46.506682" lon="10.365770">
      <ele>0</ele>
      <time>2026-04-13T11:39:39.759Z</time>
    </trkpt>
    <trkpt lat="46.506683" lon="10.365738">
      <ele>0</ele>
      <time>2026-04-13T11:39:40.658Z</time>
    </trkpt>
    <trkpt lat="46.506686" lon="10.365719">
      <ele>0</ele>
      <time>2026-04-13T11:39:41.557Z</time>
    </trkpt>
    <trkpt lat="46.506697" lon="10.365700">
      <ele>0</ele>
      <time>2026-04-13T11:39:42.456Z</time>
    </trkpt>
    <trkpt lat="46.506711" lon="10.365685">
      <ele>0</ele>
      <time>2026-04-13T11:39:43.355Z</time>
    </trkpt>
    <trkpt lat="46.506726" lon="10.365679">
      <ele>0</ele>
      <time>2026-04-13T11:39:44.254Z</time>
    </trkpt>
    <trkpt lat="46.506740" lon="10.365680">
      <ele>0</ele>
      <time>2026-04-13T11:39:45.153Z</time>
    </trkpt>
    <trkpt lat="46.506755" lon="10.365687">
      <ele>0</ele>
      <time>2026-04-13T11:39:46.052Z</time>
    </trkpt>
    <trkpt lat="46.506776" lon="10.365706">
      <ele>0</ele>
      <time>2026-04-13T11:39:46.951Z</time>
    </trkpt>
    <trkpt lat="46.507115" lon="10.366266">
      <ele>0</ele>
      <time>2026-04-13T11:39:47.850Z</time>
    </trkpt>
    <trkpt lat="46.507474" lon="10.366680">
      <ele>0</ele>
      <time>2026-04-13T11:39:48.749Z</time>
    </trkpt>
    <trkpt lat="46.507607" lon="10.366891">
      <ele>0</ele>
      <time>2026-04-13T11:39:49.649Z</time>
    </trkpt>
    <trkpt lat="46.507623" lon="10.366915">
      <ele>0</ele>
      <time>2026-04-13T11:39:50.548Z</time>
    </trkpt>
    <trkpt lat="46.507640" lon="10.366930">
      <ele>0</ele>
      <time>2026-04-13T11:39:51.447Z</time>
    </trkpt>
    <trkpt lat="46.507656" lon="10.366940">
      <ele>0</ele>
      <time>2026-04-13T11:39:52.346Z</time>
    </trkpt>
    <trkpt lat="46.507671" lon="10.366945">
      <ele>0</ele>
      <time>2026-04-13T11:39:53.245Z</time>
    </trkpt>
    <trkpt lat="46.507688" lon="10.366945">
      <ele>0</ele>
      <time>2026-04-13T11:39:54.144Z</time>
    </trkpt>
    <trkpt lat="46.507699" lon="10.366940">
      <ele>0</ele>
      <time>2026-04-13T11:39:55.043Z</time>
    </trkpt>
    <trkpt lat="46.507713" lon="10.366926">
      <ele>0</ele>
      <time>2026-04-13T11:39:55.942Z</time>
    </trkpt>
    <trkpt lat="46.507721" lon="10.366909">
      <ele>0</ele>
      <time>2026-04-13T11:39:56.841Z</time>
    </trkpt>
    <trkpt lat="46.507726" lon="10.366894">
      <ele>0</ele>
      <time>2026-04-13T11:39:57.740Z</time>
    </trkpt>
    <trkpt lat="46.507729" lon="10.366876">
      <ele>0</ele>
      <time>2026-04-13T11:39:58.639Z</time>
    </trkpt>
    <trkpt lat="46.507730" lon="10.366857">
      <ele>0</ele>
      <time>2026-04-13T11:39:59.539Z</time>
    </trkpt>
    <trkpt lat="46.507726" lon="10.366834">
      <ele>0</ele>
      <time>2026-04-13T11:40:00.438Z</time>
    </trkpt>
    <trkpt lat="46.507721" lon="10.366814">
      <ele>0</ele>
      <time>2026-04-13T11:40:01.337Z</time>
    </trkpt>
    <trkpt lat="46.507710" lon="10.366790">
      <ele>0</ele>
      <time>2026-04-13T11:40:02.236Z</time>
    </trkpt>
    <trkpt lat="46.507694" lon="10.366767">
      <ele>0</ele>
      <time>2026-04-13T11:40:03.135Z</time>
    </trkpt>
    <trkpt lat="46.507651" lon="10.366720">
      <ele>0</ele>
      <time>2026-04-13T11:40:04.034Z</time>
    </trkpt>
    <trkpt lat="46.507590" lon="10.366659">
      <ele>0</ele>
      <time>2026-04-13T11:40:04.933Z</time>
    </trkpt>
    <trkpt lat="46.507510" lon="10.366549">
      <ele>0</ele>
      <time>2026-04-13T11:40:05.832Z</time>
    </trkpt>
    <trkpt lat="46.507219" lon="10.366064">
      <ele>0</ele>
      <time>2026-04-13T11:40:06.731Z</time>
    </trkpt>
    <trkpt lat="46.506937" lon="10.365467">
      <ele>0</ele>
      <time>2026-04-13T11:40:07.630Z</time>
    </trkpt>
    <trkpt lat="46.506817" lon="10.365239">
      <ele>0</ele>
      <time>2026-04-13T11:40:08.529Z</time>
    </trkpt>
    <trkpt lat="46.506713" lon="10.365016">
      <ele>0</ele>
      <time>2026-04-13T11:40:09.428Z</time>
    </trkpt>
    <trkpt lat="46.506678" lon="10.364944">
      <ele>0</ele>
      <time>2026-04-13T11:40:10.328Z</time>
    </trkpt>
    <trkpt lat="46.506642" lon="10.364880">
      <ele>0</ele>
      <time>2026-04-13T11:40:11.227Z</time>
    </trkpt>
    <trkpt lat="46.506557" lon="10.364761">
      <ele>0</ele>
      <time>2026-04-13T11:40:12.126Z</time>
    </trkpt>
    <trkpt lat="46.506476" lon="10.364657">
      <ele>0</ele>
      <time>2026-04-13T11:40:13.025Z</time>
    </trkpt>
    <trkpt lat="46.506415" lon="10.364565">
      <ele>0</ele>
      <time>2026-04-13T11:40:13.924Z</time>
    </trkpt>
    <trkpt lat="46.506358" lon="10.364468">
      <ele>0</ele>
      <time>2026-04-13T11:40:14.823Z</time>
    </trkpt>
    <trkpt lat="46.506309" lon="10.364355">
      <ele>0</ele>
      <time>2026-04-13T11:40:15.722Z</time>
    </trkpt>
    <trkpt lat="46.506265" lon="10.364234">
      <ele>0</ele>
      <time>2026-04-13T11:40:16.621Z</time>
    </trkpt>
    <trkpt lat="46.506223" lon="10.364101">
      <ele>0</ele>
      <time>2026-04-13T11:40:17.520Z</time>
    </trkpt>
    <trkpt lat="46.506193" lon="10.364004">
      <ele>0</ele>
      <time>2026-04-13T11:40:18.419Z</time>
    </trkpt>
    <trkpt lat="46.505768" lon="10.362778">
      <ele>0</ele>
      <time>2026-04-13T11:40:19.318Z</time>
    </trkpt>
    <trkpt lat="46.505651" lon="10.362401">
      <ele>0</ele>
      <time>2026-04-13T11:40:20.218Z</time>
    </trkpt>
    <trkpt lat="46.505548" lon="10.362122">
      <ele>0</ele>
      <time>2026-04-13T11:40:21.117Z</time>
    </trkpt>
    <trkpt lat="46.505468" lon="10.361932">
      <ele>0</ele>
      <time>2026-04-13T11:40:22.016Z</time>
    </trkpt>
    <trkpt lat="46.505381" lon="10.361750">
      <ele>0</ele>
      <time>2026-04-13T11:40:22.915Z</time>
    </trkpt>
    <trkpt lat="46.505093" lon="10.361252">
      <ele>0</ele>
      <time>2026-04-13T11:40:23.814Z</time>
    </trkpt>
    <trkpt lat="46.504726" lon="10.360580">
      <ele>0</ele>
      <time>2026-04-13T11:40:24.713Z</time>
    </trkpt>
    <trkpt lat="46.504620" lon="10.360433">
      <ele>0</ele>
      <time>2026-04-13T11:40:25.612Z</time>
    </trkpt>
    <trkpt lat="46.504511" lon="10.360294">
      <ele>0</ele>
      <time>2026-04-13T11:40:26.511Z</time>
    </trkpt>
    <trkpt lat="46.504501" lon="10.360265">
      <ele>0</ele>
      <time>2026-04-13T11:40:27.410Z</time>
    </trkpt>
    <trkpt lat="46.504495" lon="10.360237">
      <ele>0</ele>
      <time>2026-04-13T11:40:28.309Z</time>
    </trkpt>
    <trkpt lat="46.504494" lon="10.360220">
      <ele>0</ele>
      <time>2026-04-13T11:40:29.208Z</time>
    </trkpt>
    <trkpt lat="46.504496" lon="10.360198">
      <ele>0</ele>
      <time>2026-04-13T11:40:30.108Z</time>
    </trkpt>
    <trkpt lat="46.504499" lon="10.360178">
      <ele>0</ele>
      <time>2026-04-13T11:40:31.007Z</time>
    </trkpt>
    <trkpt lat="46.504506" lon="10.360164">
      <ele>0</ele>
      <time>2026-04-13T11:40:31.906Z</time>
    </trkpt>
    <trkpt lat="46.504520" lon="10.360147">
      <ele>0</ele>
      <time>2026-04-13T11:40:32.805Z</time>
    </trkpt>
    <trkpt lat="46.504532" lon="10.360139">
      <ele>0</ele>
      <time>2026-04-13T11:40:33.704Z</time>
    </trkpt>
    <trkpt lat="46.504546" lon="10.360134">
      <ele>0</ele>
      <time>2026-04-13T11:40:34.603Z</time>
    </trkpt>
    <trkpt lat="46.504560" lon="10.360133">
      <ele>0</ele>
      <time>2026-04-13T11:40:35.502Z</time>
    </trkpt>
    <trkpt lat="46.504576" lon="10.360135">
      <ele>0</ele>
      <time>2026-04-13T11:40:36.401Z</time>
    </trkpt>
    <trkpt lat="46.504589" lon="10.360144">
      <ele>0</ele>
      <time>2026-04-13T11:40:37.300Z</time>
    </trkpt>
    <trkpt lat="46.504622" lon="10.360183">
      <ele>0</ele>
      <time>2026-04-13T11:40:38.199Z</time>
    </trkpt>
    <trkpt lat="46.504738" lon="10.360329">
      <ele>0</ele>
      <time>2026-04-13T11:40:39.098Z</time>
    </trkpt>
    <trkpt lat="46.505044" lon="10.360680">
      <ele>0</ele>
      <time>2026-04-13T11:40:39.997Z</time>
    </trkpt>
    <trkpt lat="46.505203" lon="10.360853">
      <ele>0</ele>
      <time>2026-04-13T11:40:40.897Z</time>
    </trkpt>
    <trkpt lat="46.505364" lon="10.361049">
      <ele>0</ele>
      <time>2026-04-13T11:40:41.796Z</time>
    </trkpt>
    <trkpt lat="46.505514" lon="10.361264">
      <ele>0</ele>
      <time>2026-04-13T11:40:42.695Z</time>
    </trkpt>
    <trkpt lat="46.505539" lon="10.361297">
      <ele>0</ele>
      <time>2026-04-13T11:40:43.594Z</time>
    </trkpt>
    <trkpt lat="46.505552" lon="10.361307">
      <ele>0</ele>
      <time>2026-04-13T11:40:44.493Z</time>
    </trkpt>
    <trkpt lat="46.505567" lon="10.361309">
      <ele>0</ele>
      <time>2026-04-13T11:40:45.392Z</time>
    </trkpt>
    <trkpt lat="46.505583" lon="10.361306">
      <ele>0</ele>
      <time>2026-04-13T11:40:46.291Z</time>
    </trkpt>
    <trkpt lat="46.505594" lon="10.361303">
      <ele>0</ele>
      <time>2026-04-13T11:40:47.190Z</time>
    </trkpt>
    <trkpt lat="46.505604" lon="10.361295">
      <ele>0</ele>
      <time>2026-04-13T11:40:48.089Z</time>
    </trkpt>
    <trkpt lat="46.505613" lon="10.361286">
      <ele>0</ele>
      <time>2026-04-13T11:40:48.988Z</time>
    </trkpt>
    <trkpt lat="46.505621" lon="10.361271">
      <ele>0</ele>
      <time>2026-04-13T11:40:49.887Z</time>
    </trkpt>
    <trkpt lat="46.505627" lon="10.361251">
      <ele>0</ele>
      <time>2026-04-13T11:40:50.787Z</time>
    </trkpt>
    <trkpt lat="46.505629" lon="10.361233">
      <ele>0</ele>
      <time>2026-04-13T11:40:51.686Z</time>
    </trkpt>
    <trkpt lat="46.505629" lon="10.361212">
      <ele>0</ele>
      <time>2026-04-13T11:40:52.585Z</time>
    </trkpt>
    <trkpt lat="46.505626" lon="10.361191">
      <ele>0</ele>
      <time>2026-04-13T11:40:53.484Z</time>
    </trkpt>
    <trkpt lat="46.505622" lon="10.361172">
      <ele>0</ele>
      <time>2026-04-13T11:40:54.383Z</time>
    </trkpt>
    <trkpt lat="46.505596" lon="10.361125">
      <ele>0</ele>
      <time>2026-04-13T11:40:55.282Z</time>
    </trkpt>
    <trkpt lat="46.505124" lon="10.360464">
      <ele>0</ele>
      <time>2026-04-13T11:40:56.181Z</time>
    </trkpt>
    <trkpt lat="46.504868" lon="10.360106">
      <ele>0</ele>
      <time>2026-04-13T11:40:57.080Z</time>
    </trkpt>
    <trkpt lat="46.504714" lon="10.359889">
      <ele>0</ele>
      <time>2026-04-13T11:40:57.979Z</time>
    </trkpt>
    <trkpt lat="46.504430" lon="10.359362">
      <ele>0</ele>
      <time>2026-04-13T11:40:58.878Z</time>
    </trkpt>
    <trkpt lat="46.504131" lon="10.358787">
      <ele>0</ele>
      <time>2026-04-13T11:40:59.777Z</time>
    </trkpt>
    <trkpt lat="46.503332" lon="10.357187">
      <ele>0</ele>
      <time>2026-04-13T11:41:00.677Z</time>
    </trkpt>
    <trkpt lat="46.503280" lon="10.357066">
      <ele>0</ele>
      <time>2026-04-13T11:41:01.576Z</time>
    </trkpt>
    <trkpt lat="46.503260" lon="10.356955">
      <ele>0</ele>
      <time>2026-04-13T11:41:02.475Z</time>
    </trkpt>
    <trkpt lat="46.503251" lon="10.356902">
      <ele>0</ele>
      <time>2026-04-13T11:41:03.374Z</time>
    </trkpt>
    <trkpt lat="46.503233" lon="10.356716">
      <ele>0</ele>
      <time>2026-04-13T11:41:04.273Z</time>
    </trkpt>
    <trkpt lat="46.503221" lon="10.356663">
      <ele>0</ele>
      <time>2026-04-13T11:41:05.172Z</time>
    </trkpt>
    <trkpt lat="46.503201" lon="10.356610">
      <ele>0</ele>
      <time>2026-04-13T11:41:06.071Z</time>
    </trkpt>
    <trkpt lat="46.503165" lon="10.356556">
      <ele>0</ele>
      <time>2026-04-13T11:41:06.970Z</time>
    </trkpt>
    <trkpt lat="46.503102" lon="10.356494">
      <ele>0</ele>
      <time>2026-04-13T11:41:07.869Z</time>
    </trkpt>
    <trkpt lat="46.503016" lon="10.356435">
      <ele>0</ele>
      <time>2026-04-13T11:41:08.768Z</time>
    </trkpt>
    <trkpt lat="46.502917" lon="10.356392">
      <ele>0</ele>
      <time>2026-04-13T11:41:09.667Z</time>
    </trkpt>
    <trkpt lat="46.502816" lon="10.356364">
      <ele>0</ele>
      <time>2026-04-13T11:41:10.567Z</time>
    </trkpt>
    <trkpt lat="46.502689" lon="10.356337">
      <ele>0</ele>
      <time>2026-04-13T11:41:11.466Z</time>
    </trkpt>
    <trkpt lat="46.502595" lon="10.356332">
      <ele>0</ele>
      <time>2026-04-13T11:41:12.365Z</time>
    </trkpt>
    <trkpt lat="46.502553" lon="10.356338">
      <ele>0</ele>
      <time>2026-04-13T11:41:13.264Z</time>
    </trkpt>
    <trkpt lat="46.502505" lon="10.356371">
      <ele>0</ele>
      <time>2026-04-13T11:41:14.163Z</time>
    </trkpt>
    <trkpt lat="46.502403" lon="10.356445">
      <ele>0</ele>
      <time>2026-04-13T11:41:15.062Z</time>
    </trkpt>
    <trkpt lat="46.502202" lon="10.356616">
      <ele>0</ele>
      <time>2026-04-13T11:41:15.961Z</time>
    </trkpt>
    <trkpt lat="46.502106" lon="10.356678">
      <ele>0</ele>
      <time>2026-04-13T11:41:16.860Z</time>
    </trkpt>
    <trkpt lat="46.501994" lon="10.356727">
      <ele>0</ele>
      <time>2026-04-13T11:41:17.759Z</time>
    </trkpt>
    <trkpt lat="46.501866" lon="10.356765">
      <ele>0</ele>
      <time>2026-04-13T11:41:18.658Z</time>
    </trkpt>
    <trkpt lat="46.501768" lon="10.356781">
      <ele>0</ele>
      <time>2026-04-13T11:41:19.557Z</time>
    </trkpt>
    <trkpt lat="46.501661" lon="10.356790">
      <ele>0</ele>
      <time>2026-04-13T11:41:20.456Z</time>
    </trkpt>
    <trkpt lat="46.501466" lon="10.356782">
      <ele>0</ele>
      <time>2026-04-13T11:41:21.356Z</time>
    </trkpt>
    <trkpt lat="46.501299" lon="10.356767">
      <ele>0</ele>
      <time>2026-04-13T11:41:22.255Z</time>
    </trkpt>
    <trkpt lat="46.501081" lon="10.356726">
      <ele>0</ele>
      <time>2026-04-13T11:41:23.154Z</time>
    </trkpt>
    <trkpt lat="46.500877" lon="10.356675">
      <ele>0</ele>
      <time>2026-04-13T11:41:24.053Z</time>
    </trkpt>
    <trkpt lat="46.500689" lon="10.356654">
      <ele>0</ele>
      <time>2026-04-13T11:41:24.952Z</time>
    </trkpt>
    <trkpt lat="46.500457" lon="10.356669">
      <ele>0</ele>
      <time>2026-04-13T11:41:25.851Z</time>
    </trkpt>
    <trkpt lat="46.500393" lon="10.356684">
      <ele>0</ele>
      <time>2026-04-13T11:41:26.750Z</time>
    </trkpt>
    <trkpt lat="46.500235" lon="10.356735">
      <ele>0</ele>
      <time>2026-04-13T11:41:27.649Z</time>
    </trkpt>
    <trkpt lat="46.500053" lon="10.356811">
      <ele>0</ele>
      <time>2026-04-13T11:41:28.548Z</time>
    </trkpt>
    <trkpt lat="46.499929" lon="10.356865">
      <ele>0</ele>
      <time>2026-04-13T11:41:29.447Z</time>
    </trkpt>
    <trkpt lat="46.499802" lon="10.356915">
      <ele>0</ele>
      <time>2026-04-13T11:41:30.346Z</time>
    </trkpt>
    <trkpt lat="46.499735" lon="10.356954">
      <ele>0</ele>
      <time>2026-04-13T11:41:31.246Z</time>
    </trkpt>
    <trkpt lat="46.499659" lon="10.357020">
      <ele>0</ele>
      <time>2026-04-13T11:41:32.145Z</time>
    </trkpt>
    <trkpt lat="46.499424" lon="10.357266">
      <ele>0</ele>
      <time>2026-04-13T11:41:33.044Z</time>
    </trkpt>
    <trkpt lat="46.499184" lon="10.357566">
      <ele>0</ele>
      <time>2026-04-13T11:41:33.943Z</time>
    </trkpt>
    <trkpt lat="46.499120" lon="10.357623">
      <ele>0</ele>
      <time>2026-04-13T11:41:34.842Z</time>
    </trkpt>
    <trkpt lat="46.499054" lon="10.357656">
      <ele>0</ele>
      <time>2026-04-13T11:41:35.741Z</time>
    </trkpt>
    <trkpt lat="46.498958" lon="10.357680">
      <ele>0</ele>
      <time>2026-04-13T11:41:36.640Z</time>
    </trkpt>
    <trkpt lat="46.498851" lon="10.357693">
      <ele>0</ele>
      <time>2026-04-13T11:41:37.539Z</time>
    </trkpt>
    <trkpt lat="46.498697" lon="10.357708">
      <ele>0</ele>
      <time>2026-04-13T11:41:38.438Z</time>
    </trkpt>
    <trkpt lat="46.498523" lon="10.357727">
      <ele>0</ele>
      <time>2026-04-13T11:41:39.337Z</time>
    </trkpt>
    <trkpt lat="46.498188" lon="10.357764">
      <ele>0</ele>
      <time>2026-04-13T11:41:40.236Z</time>
    </trkpt>
    <trkpt lat="46.497979" lon="10.357785">
      <ele>0</ele>
      <time>2026-04-13T11:41:41.136Z</time>
    </trkpt>
    <trkpt lat="46.497778" lon="10.357805">
      <ele>0</ele>
      <time>2026-04-13T11:41:42.035Z</time>
    </trkpt>
    <trkpt lat="46.497601" lon="10.357828">
      <ele>0</ele>
      <time>2026-04-13T11:41:42.934Z</time>
    </trkpt>
    <trkpt lat="46.497448" lon="10.357838">
      <ele>0</ele>
      <time>2026-04-13T11:41:43.833Z</time>
    </trkpt>
    <trkpt lat="46.497243" lon="10.357814">
      <ele>0</ele>
      <time>2026-04-13T11:41:44.732Z</time>
    </trkpt>
    <trkpt lat="46.497101" lon="10.357784">
      <ele>0</ele>
      <time>2026-04-13T11:41:45.631Z</time>
    </trkpt>
    <trkpt lat="46.496988" lon="10.357766">
      <ele>0</ele>
      <time>2026-04-13T11:41:46.530Z</time>
    </trkpt>
    <trkpt lat="46.496909" lon="10.357776">
      <ele>0</ele>
      <time>2026-04-13T11:41:47.429Z</time>
    </trkpt>
    <trkpt lat="46.496865" lon="10.357785">
      <ele>0</ele>
      <time>2026-04-13T11:41:48.328Z</time>
    </trkpt>
    <trkpt lat="46.496799" lon="10.357823">
      <ele>0</ele>
      <time>2026-04-13T11:41:49.227Z</time>
    </trkpt>
    <trkpt lat="46.496757" lon="10.357866">
      <ele>0</ele>
      <time>2026-04-13T11:41:50.126Z</time>
    </trkpt>
    <trkpt lat="46.496702" lon="10.357955">
      <ele>0</ele>
      <time>2026-04-13T11:41:51.026Z</time>
    </trkpt>
    <trkpt lat="46.496639" lon="10.358052">
      <ele>0</ele>
      <time>2026-04-13T11:41:51.925Z</time>
    </trkpt>
    <trkpt lat="46.496609" lon="10.358084">
      <ele>0</ele>
      <time>2026-04-13T11:41:52.824Z</time>
    </trkpt>
    <trkpt lat="46.496578" lon="10.358105">
      <ele>0</ele>
      <time>2026-04-13T11:41:53.723Z</time>
    </trkpt>
    <trkpt lat="46.496510" lon="10.358126">
      <ele>0</ele>
      <time>2026-04-13T11:41:54.622Z</time>
    </trkpt>
    <trkpt lat="46.496440" lon="10.358118">
      <ele>0</ele>
      <time>2026-04-13T11:41:55.521Z</time>
    </trkpt>
    <trkpt lat="46.496301" lon="10.358077">
      <ele>0</ele>
      <time>2026-04-13T11:41:56.420Z</time>
    </trkpt>
    <trkpt lat="46.496139" lon="10.358012">
      <ele>0</ele>
      <time>2026-04-13T11:41:57.319Z</time>
    </trkpt>
    <trkpt lat="46.496084" lon="10.358008">
      <ele>0</ele>
      <time>2026-04-13T11:41:58.218Z</time>
    </trkpt>
    <trkpt lat="46.496043" lon="10.358006">
      <ele>0</ele>
      <time>2026-04-13T11:41:59.117Z</time>
    </trkpt>
    <trkpt lat="46.495997" lon="10.358020">
      <ele>0</ele>
      <time>2026-04-13T11:42:00.016Z</time>
    </trkpt>
    <trkpt lat="46.495948" lon="10.358055">
      <ele>0</ele>
      <time>2026-04-13T11:42:00.915Z</time>
    </trkpt>
    <trkpt lat="46.495886" lon="10.358122">
      <ele>0</ele>
      <time>2026-04-13T11:42:01.815Z</time>
    </trkpt>
    <trkpt lat="46.495690" lon="10.358383">
      <ele>0</ele>
      <time>2026-04-13T11:42:02.714Z</time>
    </trkpt>
    <trkpt lat="46.495583" lon="10.358514">
      <ele>0</ele>
      <time>2026-04-13T11:42:03.613Z</time>
    </trkpt>
    <trkpt lat="46.495537" lon="10.358547">
      <ele>0</ele>
      <time>2026-04-13T11:42:04.512Z</time>
    </trkpt>
    <trkpt lat="46.495472" lon="10.358595">
      <ele>0</ele>
      <time>2026-04-13T11:42:05.411Z</time>
    </trkpt>
    <trkpt lat="46.495397" lon="10.358617">
      <ele>0</ele>
      <time>2026-04-13T11:42:06.310Z</time>
    </trkpt>
    <trkpt lat="46.495287" lon="10.358620">
      <ele>0</ele>
      <time>2026-04-13T11:42:07.209Z</time>
    </trkpt>
    <trkpt lat="46.495157" lon="10.358619">
      <ele>0</ele>
      <time>2026-04-13T11:42:08.108Z</time>
    </trkpt>
    <trkpt lat="46.495093" lon="10.358650">
      <ele>0</ele>
      <time>2026-04-13T11:42:09.007Z</time>
    </trkpt>
    <trkpt lat="46.495037" lon="10.358703">
      <ele>0</ele>
      <time>2026-04-13T11:42:09.906Z</time>
    </trkpt>
    <trkpt lat="46.494911" lon="10.358839">
      <ele>0</ele>
      <time>2026-04-13T11:42:10.805Z</time>
    </trkpt>
    <trkpt lat="46.494717" lon="10.359080">
      <ele>0</ele>
      <time>2026-04-13T11:42:11.705Z</time>
    </trkpt>
    <trkpt lat="46.494571" lon="10.359264">
      <ele>0</ele>
      <time>2026-04-13T11:42:12.604Z</time>
    </trkpt>
    <trkpt lat="46.494428" lon="10.359424">
      <ele>0</ele>
      <time>2026-04-13T11:42:13.503Z</time>
    </trkpt>
    <trkpt lat="46.494235" lon="10.359602">
      <ele>0</ele>
      <time>2026-04-13T11:42:14.402Z</time>
    </trkpt>
    <trkpt lat="46.493948" lon="10.359831">
      <ele>0</ele>
      <time>2026-04-13T11:42:15.301Z</time>
    </trkpt>
    <trkpt lat="46.493923" lon="10.359851">
      <ele>0</ele>
      <time>2026-04-13T11:42:16.200Z</time>
    </trkpt>
    <trkpt lat="46.493798" lon="10.359958">
      <ele>0</ele>
      <time>2026-04-13T11:42:17.099Z</time>
    </trkpt>
    <trkpt lat="46.493647" lon="10.360064">
      <ele>0</ele>
      <time>2026-04-13T11:42:17.998Z</time>
    </trkpt>
    <trkpt lat="46.493351" lon="10.360244">
      <ele>0</ele>
      <time>2026-04-13T11:42:18.897Z</time>
    </trkpt>
    <trkpt lat="46.493248" lon="10.360335">
      <ele>0</ele>
      <time>2026-04-13T11:42:19.796Z</time>
    </trkpt>
    <trkpt lat="46.493170" lon="10.360430">
      <ele>0</ele>
      <time>2026-04-13T11:42:20.695Z</time>
    </trkpt>
    <trkpt lat="46.493126" lon="10.360524">
      <ele>0</ele>
      <time>2026-04-13T11:42:21.595Z</time>
    </trkpt>
    <trkpt lat="46.493103" lon="10.360611">
      <ele>0</ele>
      <time>2026-04-13T11:42:22.494Z</time>
    </trkpt>
    <trkpt lat="46.493100" lon="10.360724">
      <ele>0</ele>
      <time>2026-04-13T11:42:23.393Z</time>
    </trkpt>
    <trkpt lat="46.493138" lon="10.360888">
      <ele>0</ele>
      <time>2026-04-13T11:42:24.292Z</time>
    </trkpt>
    <trkpt lat="46.493173" lon="10.361033">
      <ele>0</ele>
      <time>2026-04-13T11:42:25.191Z</time>
    </trkpt>
    <trkpt lat="46.493176" lon="10.361143">
      <ele>0</ele>
      <time>2026-04-13T11:42:26.090Z</time>
    </trkpt>
    <trkpt lat="46.493164" lon="10.361257">
      <ele>0</ele>
      <time>2026-04-13T11:42:26.989Z</time>
    </trkpt>
    <trkpt lat="46.493106" lon="10.361363">
      <ele>0</ele>
      <time>2026-04-13T11:42:27.888Z</time>
    </trkpt>
    <trkpt lat="46.492896" lon="10.361698">
      <ele>0</ele>
      <time>2026-04-13T11:42:28.787Z</time>
    </trkpt>
    <trkpt lat="46.492672" lon="10.362060">
      <ele>0</ele>
      <time>2026-04-13T11:42:29.686Z</time>
    </trkpt>
    <trkpt lat="46.492514" lon="10.362295">
      <ele>0</ele>
      <time>2026-04-13T11:42:30.585Z</time>
    </trkpt>
    <trkpt lat="46.492457" lon="10.362340">
      <ele>0</ele>
      <time>2026-04-13T11:42:31.485Z</time>
    </trkpt>
    <trkpt lat="46.492393" lon="10.362356">
      <ele>0</ele>
      <time>2026-04-13T11:42:32.384Z</time>
    </trkpt>
    <trkpt lat="46.492306" lon="10.362322">
      <ele>0</ele>
      <time>2026-04-13T11:42:33.283Z</time>
    </trkpt>
    <trkpt lat="46.492224" lon="10.362275">
      <ele>0</ele>
      <time>2026-04-13T11:42:34.182Z</time>
    </trkpt>
    <trkpt lat="46.492165" lon="10.362243">
      <ele>0</ele>
      <time>2026-04-13T11:42:35.081Z</time>
    </trkpt>
    <trkpt lat="46.492083" lon="10.362241">
      <ele>0</ele>
      <time>2026-04-13T11:42:35.980Z</time>
    </trkpt>
    <trkpt lat="46.492015" lon="10.362261">
      <ele>0</ele>
      <time>2026-04-13T11:42:36.879Z</time>
    </trkpt>
    <trkpt lat="46.491954" lon="10.362302">
      <ele>0</ele>
      <time>2026-04-13T11:42:37.778Z</time>
    </trkpt>
    <trkpt lat="46.491863" lon="10.362409">
      <ele>0</ele>
      <time>2026-04-13T11:42:38.677Z</time>
    </trkpt>
    <trkpt lat="46.491800" lon="10.362512">
      <ele>0</ele>
      <time>2026-04-13T11:42:39.576Z</time>
    </trkpt>
    <trkpt lat="46.491671" lon="10.362726">
      <ele>0</ele>
      <time>2026-04-13T11:42:40.475Z</time>
    </trkpt>
    <trkpt lat="46.491545" lon="10.362904">
      <ele>0</ele>
      <time>2026-04-13T11:42:41.374Z</time>
    </trkpt>
    <trkpt lat="46.491457" lon="10.363040">
      <ele>0</ele>
      <time>2026-04-13T11:42:42.274Z</time>
    </trkpt>
    <trkpt lat="46.491217" lon="10.363407">
      <ele>0</ele>
      <time>2026-04-13T11:42:43.173Z</time>
    </trkpt>
    <trkpt lat="46.491142" lon="10.363521">
      <ele>0</ele>
      <time>2026-04-13T11:42:44.072Z</time>
    </trkpt>
    <trkpt lat="46.491097" lon="10.363590">
      <ele>0</ele>
      <time>2026-04-13T11:42:44.971Z</time>
    </trkpt>
    <trkpt lat="46.491083" lon="10.363612">
      <ele>0</ele>
      <time>2026-04-13T11:42:45.870Z</time>
    </trkpt>
    <trkpt lat="46.491045" lon="10.363670">
      <ele>0</ele>
      <time>2026-04-13T11:42:46.769Z</time>
    </trkpt>
    <trkpt lat="46.491034" lon="10.363687">
      <ele>0</ele>
      <time>2026-04-13T11:42:47.668Z</time>
    </trkpt>
    <trkpt lat="46.490872" lon="10.363918">
      <ele>0</ele>
      <time>2026-04-13T11:42:48.567Z</time>
    </trkpt>
    <trkpt lat="46.490822" lon="10.363956">
      <ele>0</ele>
      <time>2026-04-13T11:42:49.466Z</time>
    </trkpt>
    <trkpt lat="46.490768" lon="10.364013">
      <ele>0</ele>
      <time>2026-04-13T11:42:50.365Z</time>
    </trkpt>
    <trkpt lat="46.490688" lon="10.364051">
      <ele>0</ele>
      <time>2026-04-13T11:42:51.264Z</time>
    </trkpt>
    <trkpt lat="46.490537" lon="10.364118">
      <ele>0</ele>
      <time>2026-04-13T11:42:52.164Z</time>
    </trkpt>
    <trkpt lat="46.490366" lon="10.364185">
      <ele>0</ele>
      <time>2026-04-13T11:42:53.063Z</time>
    </trkpt>
    <trkpt lat="46.490253" lon="10.364229">
      <ele>0</ele>
      <time>2026-04-13T11:42:53.962Z</time>
    </trkpt>
    <trkpt lat="46.490071" lon="10.364300">
      <ele>0</ele>
      <time>2026-04-13T11:42:54.861Z</time>
    </trkpt>
    <trkpt lat="46.489911" lon="10.364350">
      <ele>0</ele>
      <time>2026-04-13T11:42:55.760Z</time>
    </trkpt>
    <trkpt lat="46.489782" lon="10.364389">
      <ele>0</ele>
      <time>2026-04-13T11:42:56.659Z</time>
    </trkpt>
    <trkpt lat="46.489649" lon="10.364413">
      <ele>0</ele>
      <time>2026-04-13T11:42:57.558Z</time>
    </trkpt>
    <trkpt lat="46.489544" lon="10.364418">
      <ele>0</ele>
      <time>2026-04-13T11:42:58.457Z</time>
    </trkpt>
    <trkpt lat="46.489383" lon="10.364441">
      <ele>0</ele>
      <time>2026-04-13T11:42:59.356Z</time>
    </trkpt>
    <trkpt lat="46.489298" lon="10.364457">
      <ele>0</ele>
      <time>2026-04-13T11:43:00.255Z</time>
    </trkpt>
    <trkpt lat="46.489197" lon="10.364503">
      <ele>0</ele>
      <time>2026-04-13T11:43:01.154Z</time>
    </trkpt>
    <trkpt lat="46.488835" lon="10.364674">
      <ele>0</ele>
      <time>2026-04-13T11:43:02.054Z</time>
    </trkpt>
    <trkpt lat="46.488733" lon="10.364698">
      <ele>0</ele>
      <time>2026-04-13T11:43:02.953Z</time>
    </trkpt>
    <trkpt lat="46.488660" lon="10.364716">
      <ele>0</ele>
      <time>2026-04-13T11:43:03.852Z</time>
    </trkpt>
    <trkpt lat="46.488576" lon="10.364714">
      <ele>0</ele>
      <time>2026-04-13T11:43:04.751Z</time>
    </trkpt>
    <trkpt lat="46.488446" lon="10.364706">
      <ele>0</ele>
      <time>2026-04-13T11:43:05.650Z</time>
    </trkpt>
    <trkpt lat="46.488149" lon="10.364692">
      <ele>0</ele>
      <time>2026-04-13T11:43:06.549Z</time>
    </trkpt>
    <trkpt lat="46.488066" lon="10.364708">
      <ele>0</ele>
      <time>2026-04-13T11:43:07.448Z</time>
    </trkpt>
    <trkpt lat="46.487936" lon="10.364770">
      <ele>0</ele>
      <time>2026-04-13T11:43:08.347Z</time>
    </trkpt>
    <trkpt lat="46.487510" lon="10.365039">
      <ele>0</ele>
      <time>2026-04-13T11:43:09.246Z</time>
    </trkpt>
    <trkpt lat="46.487386" lon="10.365116">
      <ele>0</ele>
      <time>2026-04-13T11:43:10.145Z</time>
    </trkpt>
    <trkpt lat="46.487237" lon="10.365210">
      <ele>0</ele>
      <time>2026-04-13T11:43:11.044Z</time>
    </trkpt>
    <trkpt lat="46.486999" lon="10.365394">
      <ele>0</ele>
      <time>2026-04-13T11:43:11.944Z</time>
    </trkpt>
    <trkpt lat="46.486819" lon="10.365552">
      <ele>0</ele>
      <time>2026-04-13T11:43:12.843Z</time>
    </trkpt>
    <trkpt lat="46.486638" lon="10.365721">
      <ele>0</ele>
      <time>2026-04-13T11:43:13.742Z</time>
    </trkpt>
    <trkpt lat="46.486270" lon="10.366046">
      <ele>0</ele>
      <time>2026-04-13T11:43:14.641Z</time>
    </trkpt>
    <trkpt lat="46.486015" lon="10.366275">
      <ele>0</ele>
      <time>2026-04-13T11:43:15.540Z</time>
    </trkpt>
    <trkpt lat="46.485952" lon="10.366308">
      <ele>0</ele>
      <time>2026-04-13T11:43:16.439Z</time>
    </trkpt>
    <trkpt lat="46.485895" lon="10.366317">
      <ele>0</ele>
      <time>2026-04-13T11:43:17.338Z</time>
    </trkpt>
    <trkpt lat="46.485843" lon="10.366312">
      <ele>0</ele>
      <time>2026-04-13T11:43:18.237Z</time>
    </trkpt>
    <trkpt lat="46.485794" lon="10.366293">
      <ele>0</ele>
      <time>2026-04-13T11:43:19.136Z</time>
    </trkpt>
    <trkpt lat="46.485742" lon="10.366259">
      <ele>0</ele>
      <time>2026-04-13T11:43:20.035Z</time>
    </trkpt>
    <trkpt lat="46.485542" lon="10.366088">
      <ele>0</ele>
      <time>2026-04-13T11:43:20.934Z</time>
    </trkpt>
    <trkpt lat="46.485252" lon="10.365848">
      <ele>0</ele>
      <time>2026-04-13T11:43:21.833Z</time>
    </trkpt>
    <trkpt lat="46.485198" lon="10.365826">
      <ele>0</ele>
      <time>2026-04-13T11:43:22.733Z</time>
    </trkpt>
    <trkpt lat="46.485153" lon="10.365812">
      <ele>0</ele>
      <time>2026-04-13T11:43:23.632Z</time>
    </trkpt>
    <trkpt lat="46.485127" lon="10.365804">
      <ele>0</ele>
      <time>2026-04-13T11:43:24.531Z</time>
    </trkpt>
    <trkpt lat="46.484912" lon="10.365739">
      <ele>0</ele>
      <time>2026-04-13T11:43:25.430Z</time>
    </trkpt>
    <trkpt lat="46.484622" lon="10.365653">
      <ele>0</ele>
      <time>2026-04-13T11:43:26.329Z</time>
    </trkpt>
    <trkpt lat="46.484509" lon="10.365621">
      <ele>0</ele>
      <time>2026-04-13T11:43:27.228Z</time>
    </trkpt>
    <trkpt lat="46.484381" lon="10.365595">
      <ele>0</ele>
      <time>2026-04-13T11:43:28.127Z</time>
    </trkpt>
    <trkpt lat="46.484319" lon="10.365596">
      <ele>0</ele>
      <time>2026-04-13T11:43:29.026Z</time>
    </trkpt>
    <trkpt lat="46.484242" lon="10.365610">
      <ele>0</ele>
      <time>2026-04-13T11:43:29.925Z</time>
    </trkpt>
    <trkpt lat="46.484150" lon="10.365658">
      <ele>0</ele>
      <time>2026-04-13T11:43:30.824Z</time>
    </trkpt>
    <trkpt lat="46.484082" lon="10.365728">
      <ele>0</ele>
      <time>2026-04-13T11:43:31.723Z</time>
    </trkpt>
    <trkpt lat="46.484022" lon="10.365812">
      <ele>0</ele>
      <time>2026-04-13T11:43:32.623Z</time>
    </trkpt>
    <trkpt lat="46.483922" lon="10.366038">
      <ele>0</ele>
      <time>2026-04-13T11:43:33.522Z</time>
    </trkpt>
    <trkpt lat="46.483847" lon="10.366214">
      <ele>0</ele>
      <time>2026-04-13T11:43:34.421Z</time>
    </trkpt>
    <trkpt lat="46.483781" lon="10.366355">
      <ele>0</ele>
      <time>2026-04-13T11:43:35.320Z</time>
    </trkpt>
    <trkpt lat="46.483714" lon="10.366459">
      <ele>0</ele>
      <time>2026-04-13T11:43:36.219Z</time>
    </trkpt>
    <trkpt lat="46.483633" lon="10.366534">
      <ele>0</ele>
      <time>2026-04-13T11:43:37.118Z</time>
    </trkpt>
    <trkpt lat="46.483536" lon="10.366590">
      <ele>0</ele>
      <time>2026-04-13T11:43:38.017Z</time>
    </trkpt>
    <trkpt lat="46.483353" lon="10.366683">
      <ele>0</ele>
      <time>2026-04-13T11:43:38.916Z</time>
    </trkpt>
    <trkpt lat="46.483089" lon="10.366813">
      <ele>0</ele>
      <time>2026-04-13T11:43:39.815Z</time>
    </trkpt>
    <trkpt lat="46.482977" lon="10.366889">
      <ele>0</ele>
      <time>2026-04-13T11:43:40.714Z</time>
    </trkpt>
    <trkpt lat="46.482874" lon="10.366973">
      <ele>0</ele>
      <time>2026-04-13T11:43:41.613Z</time>
    </trkpt>
    <trkpt lat="46.482695" lon="10.367129">
      <ele>0</ele>
      <time>2026-04-13T11:43:42.513Z</time>
    </trkpt>
    <trkpt lat="46.482616" lon="10.367209">
      <ele>0</ele>
      <time>2026-04-13T11:43:43.412Z</time>
    </trkpt>
    <trkpt lat="46.482541" lon="10.367302">
      <ele>0</ele>
      <time>2026-04-13T11:43:44.311Z</time>
    </trkpt>
    <trkpt lat="46.482451" lon="10.367481">
      <ele>0</ele>
      <time>2026-04-13T11:43:45.210Z</time>
    </trkpt>
    <trkpt lat="46.482417" lon="10.367579">
      <ele>0</ele>
      <time>2026-04-13T11:43:46.109Z</time>
    </trkpt>
    <trkpt lat="46.482324" lon="10.367845">
      <ele>0</ele>
      <time>2026-04-13T11:43:47.008Z</time>
    </trkpt>
    <trkpt lat="46.482228" lon="10.367975">
      <ele>0</ele>
      <time>2026-04-13T11:43:47.907Z</time>
    </trkpt>
    <trkpt lat="46.482134" lon="10.368056">
      <ele>0</ele>
      <time>2026-04-13T11:43:48.806Z</time>
    </trkpt>
    <trkpt lat="46.482052" lon="10.368131">
      <ele>0</ele>
      <time>2026-04-13T11:43:49.705Z</time>
    </trkpt>
    <trkpt lat="46.481934" lon="10.368217">
      <ele>0</ele>
      <time>2026-04-13T11:43:50.604Z</time>
    </trkpt>
    <trkpt lat="46.481732" lon="10.368356">
      <ele>0</ele>
      <time>2026-04-13T11:43:51.503Z</time>
    </trkpt>
    <trkpt lat="46.481608" lon="10.368433">
      <ele>0</ele>
      <time>2026-04-13T11:43:52.403Z</time>
    </trkpt>
    <trkpt lat="46.481499" lon="10.368472">
      <ele>0</ele>
      <time>2026-04-13T11:43:53.302Z</time>
    </trkpt>
    <trkpt lat="46.481430" lon="10.368468">
      <ele>0</ele>
      <time>2026-04-13T11:43:54.201Z</time>
    </trkpt>
    <trkpt lat="46.481352" lon="10.368454">
      <ele>0</ele>
      <time>2026-04-13T11:43:55.100Z</time>
    </trkpt>
    <trkpt lat="46.481205" lon="10.368419">
      <ele>0</ele>
      <time>2026-04-13T11:43:55.999Z</time>
    </trkpt>
    <trkpt lat="46.480880" lon="10.368341">
      <ele>0</ele>
      <time>2026-04-13T11:43:56.898Z</time>
    </trkpt>
    <trkpt lat="46.480693" lon="10.368338">
      <ele>0</ele>
      <time>2026-04-13T11:43:57.797Z</time>
    </trkpt>
    <trkpt lat="46.480422" lon="10.368419">
      <ele>0</ele>
      <time>2026-04-13T11:43:58.696Z</time>
    </trkpt>
    <trkpt lat="46.480267" lon="10.368414">
      <ele>0</ele>
      <time>2026-04-13T11:43:59.595Z</time>
    </trkpt>
    <trkpt lat="46.480095" lon="10.368396">
      <ele>0</ele>
      <time>2026-04-13T11:44:00.494Z</time>
    </trkpt>
    <trkpt lat="46.480029" lon="10.368387">
      <ele>0</ele>
      <time>2026-04-13T11:44:01.393Z</time>
    </trkpt>
    <trkpt lat="46.479959" lon="10.368392">
      <ele>0</ele>
      <time>2026-04-13T11:44:02.292Z</time>
    </trkpt>
    <trkpt lat="46.479878" lon="10.368418">
      <ele>0</ele>
      <time>2026-04-13T11:44:03.192Z</time>
    </trkpt>
    <trkpt lat="46.479753" lon="10.368509">
      <ele>0</ele>
      <time>2026-04-13T11:44:04.091Z</time>
    </trkpt>
    <trkpt lat="46.479635" lon="10.368613">
      <ele>0</ele>
      <time>2026-04-13T11:44:04.990Z</time>
    </trkpt>
    <trkpt lat="46.479548" lon="10.368692">
      <ele>0</ele>
      <time>2026-04-13T11:44:05.889Z</time>
    </trkpt>
    <trkpt lat="46.479280" lon="10.368894">
      <ele>0</ele>
      <time>2026-04-13T11:44:06.788Z</time>
    </trkpt>
    <trkpt lat="46.478923" lon="10.369146">
      <ele>0</ele>
      <time>2026-04-13T11:44:07.687Z</time>
    </trkpt>
    <trkpt lat="46.478571" lon="10.369410">
      <ele>0</ele>
      <time>2026-04-13T11:44:08.586Z</time>
    </trkpt>
    <trkpt lat="46.478425" lon="10.369518">
      <ele>0</ele>
      <time>2026-04-13T11:44:09.485Z</time>
    </trkpt>
    <trkpt lat="46.478342" lon="10.369550">
      <ele>0</ele>
      <time>2026-04-13T11:44:10.384Z</time>
    </trkpt>
    <trkpt lat="46.478259" lon="10.369567">
      <ele>0</ele>
      <time>2026-04-13T11:44:11.283Z</time>
    </trkpt>
    <trkpt lat="46.478158" lon="10.369563">
      <ele>0</ele>
      <time>2026-04-13T11:44:12.182Z</time>
    </trkpt>
    <trkpt lat="46.478067" lon="10.369526">
      <ele>0</ele>
      <time>2026-04-13T11:44:13.082Z</time>
    </trkpt>
    <trkpt lat="46.477989" lon="10.369463">
      <ele>0</ele>
      <time>2026-04-13T11:44:13.981Z</time>
    </trkpt>
    <trkpt lat="46.477924" lon="10.369367">
      <ele>0</ele>
      <time>2026-04-13T11:44:14.880Z</time>
    </trkpt>
    <trkpt lat="46.477868" lon="10.369256">
      <ele>0</ele>
      <time>2026-04-13T11:44:15.779Z</time>
    </trkpt>
    <trkpt lat="46.477774" lon="10.369072">
      <ele>0</ele>
      <time>2026-04-13T11:44:16.678Z</time>
    </trkpt>
    <trkpt lat="46.477739" lon="10.369007">
      <ele>0</ele>
      <time>2026-04-13T11:44:17.577Z</time>
    </trkpt>
    <trkpt lat="46.477682" lon="10.368967">
      <ele>0</ele>
      <time>2026-04-13T11:44:18.476Z</time>
    </trkpt>
    <trkpt lat="46.477520" lon="10.368899">
      <ele>0</ele>
      <time>2026-04-13T11:44:19.375Z</time>
    </trkpt>
    <trkpt lat="46.477164" lon="10.368788">
      <ele>0</ele>
      <time>2026-04-13T11:44:20.274Z</time>
    </trkpt>
    <trkpt lat="46.477118" lon="10.368775">
      <ele>0</ele>
      <time>2026-04-13T11:44:21.173Z</time>
    </trkpt>
    <trkpt lat="46.476752" lon="10.368673">
      <ele>0</ele>
      <time>2026-04-13T11:44:22.072Z</time>
    </trkpt>
    <trkpt lat="46.476594" lon="10.368644">
      <ele>0</ele>
      <time>2026-04-13T11:44:22.972Z</time>
    </trkpt>
    <trkpt lat="46.476416" lon="10.368625">
      <ele>0</ele>
      <time>2026-04-13T11:44:23.871Z</time>
    </trkpt>
    <trkpt lat="46.476373" lon="10.368601">
      <ele>0</ele>
      <time>2026-04-13T11:44:24.770Z</time>
    </trkpt>
    <trkpt lat="46.476347" lon="10.368576">
      <ele>0</ele>
      <time>2026-04-13T11:44:25.669Z</time>
    </trkpt>
    <trkpt lat="46.476326" lon="10.368551">
      <ele>0</ele>
      <time>2026-04-13T11:44:26.568Z</time>
    </trkpt>
    <trkpt lat="46.476320" lon="10.368504">
      <ele>0</ele>
      <time>2026-04-13T11:44:27.467Z</time>
    </trkpt>
    <trkpt lat="46.476326" lon="10.368463">
      <ele>0</ele>
      <time>2026-04-13T11:44:28.366Z</time>
    </trkpt>
    <trkpt lat="46.476343" lon="10.368415">
      <ele>0</ele>
      <time>2026-04-13T11:44:29.265Z</time>
    </trkpt>
    <trkpt lat="46.476363" lon="10.368380">
      <ele>0</ele>
      <time>2026-04-13T11:44:30.164Z</time>
    </trkpt>
    <trkpt lat="46.476415" lon="10.368338">
      <ele>0</ele>
      <time>2026-04-13T11:44:31.063Z</time>
    </trkpt>
    <trkpt lat="46.476737" lon="10.368107">
      <ele>0</ele>
      <time>2026-04-13T11:44:31.962Z</time>
    </trkpt>
    <trkpt lat="46.477152" lon="10.367811">
      <ele>0</ele>
      <time>2026-04-13T11:44:32.862Z</time>
    </trkpt>
    <trkpt lat="46.477438" lon="10.367678">
      <ele>0</ele>
      <time>2026-04-13T11:44:33.761Z</time>
    </trkpt>
    <trkpt lat="46.477632" lon="10.367620">
      <ele>0</ele>
      <time>2026-04-13T11:44:34.660Z</time>
    </trkpt>
    <trkpt lat="46.477669" lon="10.367576">
      <ele>0</ele>
      <time>2026-04-13T11:44:35.559Z</time>
    </trkpt>
    <trkpt lat="46.477694" lon="10.367500">
      <ele>0</ele>
      <time>2026-04-13T11:44:36.458Z</time>
    </trkpt>
    <trkpt lat="46.477682" lon="10.367432">
      <ele>0</ele>
      <time>2026-04-13T11:44:37.357Z</time>
    </trkpt>
    <trkpt lat="46.477651" lon="10.367387">
      <ele>0</ele>
      <time>2026-04-13T11:44:38.256Z</time>
    </trkpt>
    <trkpt lat="46.477608" lon="10.367354">
      <ele>0</ele>
      <time>2026-04-13T11:44:39.155Z</time>
    </trkpt>
    <trkpt lat="46.477533" lon="10.367335">
      <ele>0</ele>
      <time>2026-04-13T11:44:40.054Z</time>
    </trkpt>
    <trkpt lat="46.474867" lon="10.366904">
      <ele>0</ele>
      <time>2026-04-13T11:44:40.953Z</time>
    </trkpt>
    <trkpt lat="46.474429" lon="10.366903">
      <ele>0</ele>
      <time>2026-04-13T11:44:41.852Z</time>
    </trkpt>
    <trkpt lat="46.474047" lon="10.367003">
      <ele>0</ele>
      <time>2026-04-13T11:44:42.751Z</time>
    </trkpt>
    <trkpt lat="46.473905" lon="10.367064">
      <ele>0</ele>
      <time>2026-04-13T11:44:43.651Z</time>
    </trkpt>
    <trkpt lat="46.473789" lon="10.367115">
      <ele>0</ele>
      <time>2026-04-13T11:44:44.550Z</time>
    </trkpt>
    <trkpt lat="46.473760" lon="10.367128">
      <ele>0</ele>
      <time>2026-04-13T11:44:45.449Z</time>
    </trkpt>
    <trkpt lat="46.473613" lon="10.367218">
      <ele>0</ele>
      <time>2026-04-13T11:44:46.348Z</time>
    </trkpt>
    <trkpt lat="46.473469" lon="10.367319">
      <ele>0</ele>
      <time>2026-04-13T11:44:47.247Z</time>
    </trkpt>
    <trkpt lat="46.473288" lon="10.367468">
      <ele>0</ele>
      <time>2026-04-13T11:44:48.146Z</time>
    </trkpt>
    <trkpt lat="46.473110" lon="10.367643">
      <ele>0</ele>
      <time>2026-04-13T11:44:49.045Z</time>
    </trkpt>
    <trkpt lat="46.472706" lon="10.368060">
      <ele>0</ele>
      <time>2026-04-13T11:44:49.944Z</time>
    </trkpt>
    <trkpt lat="46.472651" lon="10.368118">
      <ele>0</ele>
      <time>2026-04-13T11:44:50.843Z</time>
    </trkpt>
    <trkpt lat="46.472544" lon="10.368175">
      <ele>0</ele>
      <time>2026-04-13T11:44:51.742Z</time>
    </trkpt>
    <trkpt lat="46.472461" lon="10.368177">
      <ele>0</ele>
      <time>2026-04-13T11:44:52.641Z</time>
    </trkpt>
    <trkpt lat="46.472405" lon="10.368135">
      <ele>0</ele>
      <time>2026-04-13T11:44:53.541Z</time>
    </trkpt>
    <trkpt lat="46.472353" lon="10.368053">
      <ele>0</ele>
      <time>2026-04-13T11:44:54.440Z</time>
    </trkpt>
    <trkpt lat="46.472331" lon="10.367959">
      <ele>0</ele>
      <time>2026-04-13T11:44:55.339Z</time>
    </trkpt>
    <trkpt lat="46.472331" lon="10.367864">
      <ele>0</ele>
      <time>2026-04-13T11:44:56.238Z</time>
    </trkpt>
    <trkpt lat="46.472411" lon="10.367636">
      <ele>0</ele>
      <time>2026-04-13T11:44:57.137Z</time>
    </trkpt>
    <trkpt lat="46.472920" lon="10.366307">
      <ele>0</ele>
      <time>2026-04-13T11:44:58.036Z</time>
    </trkpt>
    <trkpt lat="46.472947" lon="10.366216">
      <ele>0</ele>
      <time>2026-04-13T11:44:58.935Z</time>
    </trkpt>
    <trkpt lat="46.472956" lon="10.366125">
      <ele>0</ele>
      <time>2026-04-13T11:44:59.834Z</time>
    </trkpt>
    <trkpt lat="46.472933" lon="10.366005">
      <ele>0</ele>
      <time>2026-04-13T11:45:00.733Z</time>
    </trkpt>
    <trkpt lat="46.472902" lon="10.365937">
      <ele>0</ele>
      <time>2026-04-13T11:45:01.632Z</time>
    </trkpt>
    <trkpt lat="46.472837" lon="10.365880">
      <ele>0</ele>
      <time>2026-04-13T11:45:02.531Z</time>
    </trkpt>
    <trkpt lat="46.472762" lon="10.365865">
      <ele>0</ele>
      <time>2026-04-13T11:45:03.431Z</time>
    </trkpt>
    <trkpt lat="46.472684" lon="10.365888">
      <ele>0</ele>
      <time>2026-04-13T11:45:04.330Z</time>
    </trkpt>
    <trkpt lat="46.472641" lon="10.365912">
      <ele>0</ele>
      <time>2026-04-13T11:45:05.229Z</time>
    </trkpt>
    <trkpt lat="46.471738" lon="10.366359">
      <ele>0</ele>
      <time>2026-04-13T11:45:06.128Z</time>
    </trkpt>
    <trkpt lat="46.471483" lon="10.366509">
      <ele>0</ele>
      <time>2026-04-13T11:45:07.027Z</time>
    </trkpt>
    <trkpt lat="46.471402" lon="10.366561">
      <ele>0</ele>
      <time>2026-04-13T11:45:07.926Z</time>
    </trkpt>
    <trkpt lat="46.471314" lon="10.366643">
      <ele>0</ele>
      <time>2026-04-13T11:45:08.825Z</time>
    </trkpt>
    <trkpt lat="46.471177" lon="10.366833">
      <ele>0</ele>
      <time>2026-04-13T11:45:09.724Z</time>
    </trkpt>
    <trkpt lat="46.471047" lon="10.367015">
      <ele>0</ele>
      <time>2026-04-13T11:45:10.623Z</time>
    </trkpt>
    <trkpt lat="46.470682" lon="10.367519">
      <ele>0</ele>
      <time>2026-04-13T11:45:11.522Z</time>
    </trkpt>
    <trkpt lat="46.470256" lon="10.368113">
      <ele>0</ele>
      <time>2026-04-13T11:45:12.421Z</time>
    </trkpt>
    <trkpt lat="46.470108" lon="10.368321">
      <ele>0</ele>
      <time>2026-04-13T11:45:13.321Z</time>
    </trkpt>
    <trkpt lat="46.469785" lon="10.368786">
      <ele>0</ele>
      <time>2026-04-13T11:45:14.220Z</time>
    </trkpt>
    <trkpt lat="46.469698" lon="10.368949">
      <ele>0</ele>
      <time>2026-04-13T11:45:15.119Z</time>
    </trkpt>
    <trkpt lat="46.469647" lon="10.369149">
      <ele>0</ele>
      <time>2026-04-13T11:45:16.018Z</time>
    </trkpt>
    <trkpt lat="46.469611" lon="10.369560">
      <ele>0</ele>
      <time>2026-04-13T11:45:16.917Z</time>
    </trkpt>
    <trkpt lat="46.469598" lon="10.369712">
      <ele>0</ele>
      <time>2026-04-13T11:45:17.816Z</time>
    </trkpt>
    <trkpt lat="46.469596" lon="10.369734">
      <ele>0</ele>
      <time>2026-04-13T11:45:18.715Z</time>
    </trkpt>
    <trkpt lat="46.469591" lon="10.369807">
      <ele>0</ele>
      <time>2026-04-13T11:45:19.614Z</time>
    </trkpt>
    <trkpt lat="46.469565" lon="10.370153">
      <ele>0</ele>
      <time>2026-04-13T11:45:20.513Z</time>
    </trkpt>
    <trkpt lat="46.469522" lon="10.370403">
      <ele>0</ele>
      <time>2026-04-13T11:45:21.412Z</time>
    </trkpt>
    <trkpt lat="46.469464" lon="10.370644">
      <ele>0</ele>
      <time>2026-04-13T11:45:22.311Z</time>
    </trkpt>
    <trkpt lat="46.469401" lon="10.370828">
      <ele>0</ele>
      <time>2026-04-13T11:45:23.210Z</time>
    </trkpt>
    <trkpt lat="46.469326" lon="10.370994">
      <ele>0</ele>
      <time>2026-04-13T11:45:24.110Z</time>
    </trkpt>
    <trkpt lat="46.469240" lon="10.371140">
      <ele>0</ele>
      <time>2026-04-13T11:45:25.009Z</time>
    </trkpt>
    <trkpt lat="46.469167" lon="10.371261">
      <ele>0</ele>
      <time>2026-04-13T11:45:25.908Z</time>
    </trkpt>
    <trkpt lat="46.469042" lon="10.371391">
      <ele>0</ele>
      <time>2026-04-13T11:45:26.807Z</time>
    </trkpt>
    <trkpt lat="46.469000" lon="10.371432">
      <ele>0</ele>
      <time>2026-04-13T11:45:27.706Z</time>
    </trkpt>
    <trkpt lat="46.468806" lon="10.371623">
      <ele>0</ele>
      <time>2026-04-13T11:45:28.605Z</time>
    </trkpt>
    <trkpt lat="46.468696" lon="10.371727">
      <ele>0</ele>
      <time>2026-04-13T11:45:29.504Z</time>
    </trkpt>
    <trkpt lat="46.468616" lon="10.371777">
      <ele>0</ele>
      <time>2026-04-13T11:45:30.403Z</time>
    </trkpt>
    <trkpt lat="46.468548" lon="10.371798">
      <ele>0</ele>
      <time>2026-04-13T11:45:31.302Z</time>
    </trkpt>
    <trkpt lat="46.468506" lon="10.371484">
      <ele>0</ele>
      <time>2026-04-13T11:45:32.201Z</time>
    </trkpt>
    <trkpt lat="46.468463" lon="10.371314">
      <ele>0</ele>
      <time>2026-04-13T11:45:33.100Z</time>
    </trkpt>
  </trkseg>
</trk>
</gpx>