<?xml version="1.0" encoding="UTF-8"?>
<gpx xmlns="http://www.topografix.com/GPX/1/1" version="1.1" creator="MotoMap">
  <trk>
    <name>stelvio</name>
    <trkseg>
      <trkpt lat="46.619181" lon="10.591090"><ele>0</ele></trkpt>
      <trkpt lat="46.619246" lon="10.591171"><ele>0</ele></trkpt>
      <trkpt lat="46.619299" lon="10.591219"><ele>0</ele></trkpt>
      <trkpt lat="46.619420" lon="10.591264"><ele>0</ele></trkpt>
      <trkpt lat="46.619473" lon="10.591303"><ele>0</ele></trkpt>
      <trkpt lat="46.619848" lon="10.591796"><ele>0</ele></trkpt>
      <trkpt lat="46.619884" lon="10.591842"><ele>0</ele></trkpt>
      <trkpt lat="46.619856" lon="10.591864"><ele>0</ele></trkpt>
      <trkpt lat="46.619404" lon="10.592218"><ele>0</ele></trkpt>
      <trkpt lat="46.619224" lon="10.592354"><ele>0</ele></trkpt>
      <trkpt lat="46.618929" lon="10.592656"><ele>0</ele></trkpt>
      <trkpt lat="46.618762" lon="10.592866"><ele>0</ele></trkpt>
      <trkpt lat="46.618566" lon="10.593114"><ele>0</ele></trkpt>
      <trkpt lat="46.618525" lon="10.593160"><ele>0</ele></trkpt>
      <trkpt lat="46.618275" lon="10.593374"><ele>0</ele></trkpt>
      <trkpt lat="46.618200" lon="10.593411"><ele>0</ele></trkpt>
      <trkpt lat="46.618100" lon="10.593460"><ele>0</ele></trkpt>
      <trkpt lat="46.617939" lon="10.593446"><ele>0</ele></trkpt>
      <trkpt lat="46.617824" lon="10.593392"><ele>0</ele></trkpt>
      <trkpt lat="46.617748" lon="10.593356"><ele>0</ele></trkpt>
      <trkpt lat="46.617707" lon="10.593350"><ele>0</ele></trkpt>
      <trkpt lat="46.617540" lon="10.593350"><ele>0</ele></trkpt>
      <trkpt lat="46.617503" lon="10.593356"><ele>0</ele></trkpt>
      <trkpt lat="46.617488" lon="10.593243"><ele>0</ele></trkpt>
      <trkpt lat="46.617444" lon="10.592703"><ele>0</ele></trkpt>
      <trkpt lat="46.617416" lon="10.592464"><ele>0</ele></trkpt>
      <trkpt lat="46.617378" lon="10.592273"><ele>0</ele></trkpt>
      <trkpt lat="46.617362" lon="10.592194"><ele>0</ele></trkpt>
      <trkpt lat="46.617302" lon="10.591927"><ele>0</ele></trkpt>
      <trkpt lat="46.617273" lon="10.591855"><ele>0</ele></trkpt>
      <trkpt lat="46.617254" lon="10.591820"><ele>0</ele></trkpt>
      <trkpt lat="46.617231" lon="10.591784"><ele>0</ele></trkpt>
      <trkpt lat="46.617191" lon="10.591707"><ele>0</ele></trkpt>
      <trkpt lat="46.617157" lon="10.591619"><ele>0</ele></trkpt>
      <trkpt lat="46.617105" lon="10.591463"><ele>0</ele></trkpt>
      <trkpt lat="46.617042" lon="10.591256"><ele>0</ele></trkpt>
      <trkpt lat="46.616843" lon="10.590914"><ele>0</ele></trkpt>
      <trkpt lat="46.616779" lon="10.590713"><ele>0</ele></trkpt>
      <trkpt lat="46.616698" lon="10.590468"><ele>0</ele></trkpt>
      <trkpt lat="46.616638" lon="10.590269"><ele>0</ele></trkpt>
      <trkpt lat="46.616519" lon="10.590029"><ele>0</ele></trkpt>
      <trkpt lat="46.616267" lon="10.589636"><ele>0</ele></trkpt>
      <trkpt lat="46.616074" lon="10.589350"><ele>0</ele></trkpt>
      <trkpt lat="46.615954" lon="10.589176"><ele>0</ele></trkpt>
      <trkpt lat="46.615934" lon="10.589146"><ele>0</ele></trkpt>
      <trkpt lat="46.615572" lon="10.588571"><ele>0</ele></trkpt>
      <trkpt lat="46.615539" lon="10.588518"><ele>0</ele></trkpt>
      <trkpt lat="46.615502" lon="10.588459"><ele>0</ele></trkpt>
      <trkpt lat="46.615295" lon="10.588143"><ele>0</ele></trkpt>
      <trkpt lat="46.615267" lon="10.588099"><ele>0</ele></trkpt>
      <trkpt lat="46.615037" lon="10.587733"><ele>0</ele></trkpt>
      <trkpt lat="46.614830" lon="10.587409"><ele>0</ele></trkpt>
      <trkpt lat="46.614803" lon="10.587367"><ele>0</ele></trkpt>
      <trkpt lat="46.614681" lon="10.587143"><ele>0</ele></trkpt>
      <trkpt lat="46.614645" lon="10.587007"><ele>0</ele></trkpt>
      <trkpt lat="46.614513" lon="10.586360"><ele>0</ele></trkpt>
      <trkpt lat="46.614442" lon="10.586028"><ele>0</ele></trkpt>
      <trkpt lat="46.614380" lon="10.585709"><ele>0</ele></trkpt>
      <trkpt lat="46.614237" lon="10.585000"><ele>0</ele></trkpt>
      <trkpt lat="46.614149" lon="10.584632"><ele>0</ele></trkpt>
      <trkpt lat="46.614113" lon="10.584514"><ele>0</ele></trkpt>
      <trkpt lat="46.614031" lon="10.584242"><ele>0</ele></trkpt>
      <trkpt lat="46.613888" lon="10.583856"><ele>0</ele></trkpt>
      <trkpt lat="46.613783" lon="10.583621"><ele>0</ele></trkpt>
      <trkpt lat="46.613750" lon="10.583548"><ele>0</ele></trkpt>
      <trkpt lat="46.613680" lon="10.583393"><ele>0</ele></trkpt>
      <trkpt lat="46.613581" lon="10.583177"><ele>0</ele></trkpt>
      <trkpt lat="46.613550" lon="10.583128"><ele>0</ele></trkpt>
      <trkpt lat="46.613198" lon="10.582576"><ele>0</ele></trkpt>
      <trkpt lat="46.613039" lon="10.582312"><ele>0</ele></trkpt>
      <trkpt lat="46.613015" lon="10.582273"><ele>0</ele></trkpt>
      <trkpt lat="46.612612" lon="10.581639"><ele>0</ele></trkpt>
      <trkpt lat="46.611579" lon="10.579983"><ele>0</ele></trkpt>
      <trkpt lat="46.611487" lon="10.579834"><ele>0</ele></trkpt>
      <trkpt lat="46.611462" lon="10.579794"><ele>0</ele></trkpt>
      <trkpt lat="46.611397" lon="10.579692"><ele>0</ele></trkpt>
      <trkpt lat="46.611194" lon="10.579357"><ele>0</ele></trkpt>
      <trkpt lat="46.611097" lon="10.579063"><ele>0</ele></trkpt>
      <trkpt lat="46.611013" lon="10.578517"><ele>0</ele></trkpt>
      <trkpt lat="46.610916" lon="10.577871"><ele>0</ele></trkpt>
      <trkpt lat="46.610833" lon="10.577322"><ele>0</ele></trkpt>
      <trkpt lat="46.610779" lon="10.576961"><ele>0</ele></trkpt>
      <trkpt lat="46.610546" lon="10.575940"><ele>0</ele></trkpt>
      <trkpt lat="46.610364" lon="10.575143"><ele>0</ele></trkpt>
      <trkpt lat="46.610176" lon="10.574490"><ele>0</ele></trkpt>
      <trkpt lat="46.610135" lon="10.574378"><ele>0</ele></trkpt>
      <trkpt lat="46.609990" lon="10.573983"><ele>0</ele></trkpt>
      <trkpt lat="46.609824" lon="10.573545"><ele>0</ele></trkpt>
      <trkpt lat="46.609560" lon="10.573049"><ele>0</ele></trkpt>
      <trkpt lat="46.608598" lon="10.571488"><ele>0</ele></trkpt>
      <trkpt lat="46.608504" lon="10.571314"><ele>0</ele></trkpt>
      <trkpt lat="46.608412" lon="10.571126"><ele>0</ele></trkpt>
      <trkpt lat="46.608316" lon="10.570906"><ele>0</ele></trkpt>
      <trkpt lat="46.608165" lon="10.570511"><ele>0</ele></trkpt>
      <trkpt lat="46.608030" lon="10.570179"><ele>0</ele></trkpt>
      <trkpt lat="46.607958" lon="10.570025"><ele>0</ele></trkpt>
      <trkpt lat="46.607859" lon="10.569852"><ele>0</ele></trkpt>
      <trkpt lat="46.607722" lon="10.569610"><ele>0</ele></trkpt>
      <trkpt lat="46.607636" lon="10.569439"><ele>0</ele></trkpt>
      <trkpt lat="46.607593" lon="10.569327"><ele>0</ele></trkpt>
      <trkpt lat="46.607561" lon="10.569202"><ele>0</ele></trkpt>
      <trkpt lat="46.607487" lon="10.568867"><ele>0</ele></trkpt>
      <trkpt lat="46.607455" lon="10.568772"><ele>0</ele></trkpt>
      <trkpt lat="46.607412" lon="10.568690"><ele>0</ele></trkpt>
      <trkpt lat="46.607275" lon="10.568478"><ele>0</ele></trkpt>
      <trkpt lat="46.607095" lon="10.568215"><ele>0</ele></trkpt>
      <trkpt lat="46.607034" lon="10.568124"><ele>0</ele></trkpt>
      <trkpt lat="46.606972" lon="10.568028"><ele>0</ele></trkpt>
      <trkpt lat="46.606930" lon="10.567955"><ele>0</ele></trkpt>
      <trkpt lat="46.606894" lon="10.567879"><ele>0</ele></trkpt>
      <trkpt lat="46.606793" lon="10.567662"><ele>0</ele></trkpt>
      <trkpt lat="46.606501" lon="10.567049"><ele>0</ele></trkpt>
      <trkpt lat="46.606390" lon="10.566798"><ele>0</ele></trkpt>
      <trkpt lat="46.606350" lon="10.566677"><ele>0</ele></trkpt>
      <trkpt lat="46.606314" lon="10.566489"><ele>0</ele></trkpt>
      <trkpt lat="46.606302" lon="10.566345"><ele>0</ele></trkpt>
      <trkpt lat="46.606300" lon="10.566180"><ele>0</ele></trkpt>
      <trkpt lat="46.606292" lon="10.565884"><ele>0</ele></trkpt>
      <trkpt lat="46.606281" lon="10.565725"><ele>0</ele></trkpt>
      <trkpt lat="46.606248" lon="10.565447"><ele>0</ele></trkpt>
      <trkpt lat="46.606215" lon="10.565285"><ele>0</ele></trkpt>
      <trkpt lat="46.606168" lon="10.565134"><ele>0</ele></trkpt>
      <trkpt lat="46.606115" lon="10.564982"><ele>0</ele></trkpt>
      <trkpt lat="46.606093" lon="10.564887"><ele>0</ele></trkpt>
      <trkpt lat="46.606083" lon="10.564786"><ele>0</ele></trkpt>
      <trkpt lat="46.606070" lon="10.564595"><ele>0</ele></trkpt>
      <trkpt lat="46.606058" lon="10.564454"><ele>0</ele></trkpt>
      <trkpt lat="46.606036" lon="10.564356"><ele>0</ele></trkpt>
      <trkpt lat="46.606009" lon="10.564284"><ele>0</ele></trkpt>
      <trkpt lat="46.605958" lon="10.564184"><ele>0</ele></trkpt>
      <trkpt lat="46.605898" lon="10.564067"><ele>0</ele></trkpt>
      <trkpt lat="46.605851" lon="10.563941"><ele>0</ele></trkpt>
      <trkpt lat="46.605791" lon="10.563733"><ele>0</ele></trkpt>
      <trkpt lat="46.605753" lon="10.563602"><ele>0</ele></trkpt>
      <trkpt lat="46.605701" lon="10.563464"><ele>0</ele></trkpt>
      <trkpt lat="46.605523" lon="10.563124"><ele>0</ele></trkpt>
      <trkpt lat="46.605321" lon="10.562703"><ele>0</ele></trkpt>
      <trkpt lat="46.605206" lon="10.562503"><ele>0</ele></trkpt>
      <trkpt lat="46.605123" lon="10.562322"><ele>0</ele></trkpt>
      <trkpt lat="46.605021" lon="10.562065"><ele>0</ele></trkpt>
      <trkpt lat="46.604962" lon="10.561871"><ele>0</ele></trkpt>
      <trkpt lat="46.604826" lon="10.561342"><ele>0</ele></trkpt>
      <trkpt lat="46.604790" lon="10.561230"><ele>0</ele></trkpt>
      <trkpt lat="46.604759" lon="10.561172"><ele>0</ele></trkpt>
      <trkpt lat="46.604722" lon="10.561124"><ele>0</ele></trkpt>
      <trkpt lat="46.604638" lon="10.561041"><ele>0</ele></trkpt>
      <trkpt lat="46.604477" lon="10.560907"><ele>0</ele></trkpt>
      <trkpt lat="46.604336" lon="10.560784"><ele>0</ele></trkpt>
      <trkpt lat="46.604218" lon="10.560672"><ele>0</ele></trkpt>
      <trkpt lat="46.604074" lon="10.560523"><ele>0</ele></trkpt>
      <trkpt lat="46.603971" lon="10.560399"><ele>0</ele></trkpt>
      <trkpt lat="46.603881" lon="10.560256"><ele>0</ele></trkpt>
      <trkpt lat="46.603797" lon="10.560131"><ele>0</ele></trkpt>
      <trkpt lat="46.603720" lon="10.559958"><ele>0</ele></trkpt>
      <trkpt lat="46.603672" lon="10.559845"><ele>0</ele></trkpt>
      <trkpt lat="46.603649" lon="10.559752"><ele>0</ele></trkpt>
      <trkpt lat="46.603634" lon="10.559652"><ele>0</ele></trkpt>
      <trkpt lat="46.603618" lon="10.559477"><ele>0</ele></trkpt>
      <trkpt lat="46.603574" lon="10.559102"><ele>0</ele></trkpt>
      <trkpt lat="46.603542" lon="10.558912"><ele>0</ele></trkpt>
      <trkpt lat="46.603493" lon="10.558788"><ele>0</ele></trkpt>
      <trkpt lat="46.603452" lon="10.558726"><ele>0</ele></trkpt>
      <trkpt lat="46.603393" lon="10.558680"><ele>0</ele></trkpt>
      <trkpt lat="46.603293" lon="10.558638"><ele>0</ele></trkpt>
      <trkpt lat="46.603156" lon="10.558581"><ele>0</ele></trkpt>
      <trkpt lat="46.603022" lon="10.558512"><ele>0</ele></trkpt>
      <trkpt lat="46.602972" lon="10.558485"><ele>0</ele></trkpt>
      <trkpt lat="46.602922" lon="10.558448"><ele>0</ele></trkpt>
      <trkpt lat="46.602828" lon="10.558354"><ele>0</ele></trkpt>
      <trkpt lat="46.602757" lon="10.558263"><ele>0</ele></trkpt>
      <trkpt lat="46.602695" lon="10.558159"><ele>0</ele></trkpt>
      <trkpt lat="46.602594" lon="10.557960"><ele>0</ele></trkpt>
      <trkpt lat="46.602475" lon="10.557707"><ele>0</ele></trkpt>
      <trkpt lat="46.602422" lon="10.557615"><ele>0</ele></trkpt>
      <trkpt lat="46.602377" lon="10.557560"><ele>0</ele></trkpt>
      <trkpt lat="46.602336" lon="10.557523"><ele>0</ele></trkpt>
      <trkpt lat="46.602294" lon="10.557497"><ele>0</ele></trkpt>
      <trkpt lat="46.602236" lon="10.557462"><ele>0</ele></trkpt>
      <trkpt lat="46.602146" lon="10.557406"><ele>0</ele></trkpt>
      <trkpt lat="46.602076" lon="10.557353"><ele>0</ele></trkpt>
      <trkpt lat="46.602016" lon="10.557298"><ele>0</ele></trkpt>
      <trkpt lat="46.601911" lon="10.557189"><ele>0</ele></trkpt>
      <trkpt lat="46.601795" lon="10.557079"><ele>0</ele></trkpt>
      <trkpt lat="46.601749" lon="10.557048"><ele>0</ele></trkpt>
      <trkpt lat="46.601700" lon="10.557025"><ele>0</ele></trkpt>
      <trkpt lat="46.601632" lon="10.557011"><ele>0</ele></trkpt>
      <trkpt lat="46.601453" lon="10.556991"><ele>0</ele></trkpt>
      <trkpt lat="46.601286" lon="10.556973"><ele>0</ele></trkpt>
      <trkpt lat="46.601226" lon="10.556965"><ele>0</ele></trkpt>
      <trkpt lat="46.601198" lon="10.556958"><ele>0</ele></trkpt>
      <trkpt lat="46.601175" lon="10.556949"><ele>0</ele></trkpt>
      <trkpt lat="46.601141" lon="10.556930"><ele>0</ele></trkpt>
      <trkpt lat="46.601113" lon="10.556910"><ele>0</ele></trkpt>
      <trkpt lat="46.601048" lon="10.556850"><ele>0</ele></trkpt>
      <trkpt lat="46.600970" lon="10.556767"><ele>0</ele></trkpt>
      <trkpt lat="46.600927" lon="10.556721"><ele>0</ele></trkpt>
      <trkpt lat="46.600806" lon="10.556595"><ele>0</ele></trkpt>
      <trkpt lat="46.600692" lon="10.556465"><ele>0</ele></trkpt>
      <trkpt lat="46.600516" lon="10.556271"><ele>0</ele></trkpt>
      <trkpt lat="46.600436" lon="10.556189"><ele>0</ele></trkpt>
      <trkpt lat="46.600352" lon="10.556121"><ele>0</ele></trkpt>
      <trkpt lat="46.600281" lon="10.556071"><ele>0</ele></trkpt>
      <trkpt lat="46.600206" lon="10.556023"><ele>0</ele></trkpt>
      <trkpt lat="46.600116" lon="10.555975"><ele>0</ele></trkpt>
      <trkpt lat="46.599928" lon="10.555882"><ele>0</ele></trkpt>
      <trkpt lat="46.599818" lon="10.555831"><ele>0</ele></trkpt>
      <trkpt lat="46.599750" lon="10.555809"><ele>0</ele></trkpt>
      <trkpt lat="46.599510" lon="10.555751"><ele>0</ele></trkpt>
      <trkpt lat="46.599268" lon="10.555680"><ele>0</ele></trkpt>
      <trkpt lat="46.599012" lon="10.555590"><ele>0</ele></trkpt>
      <trkpt lat="46.598739" lon="10.555488"><ele>0</ele></trkpt>
      <trkpt lat="46.598687" lon="10.555463"><ele>0</ele></trkpt>
      <trkpt lat="46.598386" lon="10.555335"><ele>0</ele></trkpt>
      <trkpt lat="46.598115" lon="10.555218"><ele>0</ele></trkpt>
      <trkpt lat="46.597899" lon="10.555121"><ele>0</ele></trkpt>
      <trkpt lat="46.597727" lon="10.555032"><ele>0</ele></trkpt>
      <trkpt lat="46.597604" lon="10.554963"><ele>0</ele></trkpt>
      <trkpt lat="46.597519" lon="10.554906"><ele>0</ele></trkpt>
      <trkpt lat="46.597454" lon="10.554850"><ele>0</ele></trkpt>
      <trkpt lat="46.597409" lon="10.554787"><ele>0</ele></trkpt>
      <trkpt lat="46.597378" lon="10.554740"><ele>0</ele></trkpt>
      <trkpt lat="46.597347" lon="10.554683"><ele>0</ele></trkpt>
      <trkpt lat="46.597304" lon="10.554587"><ele>0</ele></trkpt>
      <trkpt lat="46.597280" lon="10.554507"><ele>0</ele></trkpt>
      <trkpt lat="46.597265" lon="10.554429"><ele>0</ele></trkpt>
      <trkpt lat="46.597257" lon="10.554346"><ele>0</ele></trkpt>
      <trkpt lat="46.597254" lon="10.554263"><ele>0</ele></trkpt>
      <trkpt lat="46.597260" lon="10.554070"><ele>0</ele></trkpt>
      <trkpt lat="46.597257" lon="10.553933"><ele>0</ele></trkpt>
      <trkpt lat="46.597239" lon="10.553804"><ele>0</ele></trkpt>
      <trkpt lat="46.597212" lon="10.553698"><ele>0</ele></trkpt>
      <trkpt lat="46.597181" lon="10.553615"><ele>0</ele></trkpt>
      <trkpt lat="46.597147" lon="10.553552"><ele>0</ele></trkpt>
      <trkpt lat="46.597107" lon="10.553503"><ele>0</ele></trkpt>
      <trkpt lat="46.597056" lon="10.553472"><ele>0</ele></trkpt>
      <trkpt lat="46.596987" lon="10.553444"><ele>0</ele></trkpt>
      <trkpt lat="46.596815" lon="10.553368"><ele>0</ele></trkpt>
      <trkpt lat="46.596683" lon="10.553322"><ele>0</ele></trkpt>
      <trkpt lat="46.596528" lon="10.553300"><ele>0</ele></trkpt>
      <trkpt lat="46.596462" lon="10.553312"><ele>0</ele></trkpt>
      <trkpt lat="46.596213" lon="10.553412"><ele>0</ele></trkpt>
      <trkpt lat="46.596117" lon="10.553434"><ele>0</ele></trkpt>
      <trkpt lat="46.596027" lon="10.553428"><ele>0</ele></trkpt>
      <trkpt lat="46.595926" lon="10.553390"><ele>0</ele></trkpt>
      <trkpt lat="46.595835" lon="10.553331"><ele>0</ele></trkpt>
      <trkpt lat="46.595717" lon="10.553217"><ele>0</ele></trkpt>
      <trkpt lat="46.595649" lon="10.553164"><ele>0</ele></trkpt>
      <trkpt lat="46.595573" lon="10.553134"><ele>0</ele></trkpt>
      <trkpt lat="46.595484" lon="10.553102"><ele>0</ele></trkpt>
      <trkpt lat="46.595330" lon="10.553041"><ele>0</ele></trkpt>
      <trkpt lat="46.595190" lon="10.552978"><ele>0</ele></trkpt>
      <trkpt lat="46.595076" lon="10.552915"><ele>0</ele></trkpt>
      <trkpt lat="46.594993" lon="10.552853"><ele>0</ele></trkpt>
      <trkpt lat="46.594921" lon="10.552776"><ele>0</ele></trkpt>
      <trkpt lat="46.594540" lon="10.552270"><ele>0</ele></trkpt>
      <trkpt lat="46.594305" lon="10.551956"><ele>0</ele></trkpt>
      <trkpt lat="46.594253" lon="10.551888"><ele>0</ele></trkpt>
      <trkpt lat="46.594142" lon="10.551744"><ele>0</ele></trkpt>
      <trkpt lat="46.594044" lon="10.551609"><ele>0</ele></trkpt>
      <trkpt lat="46.593849" lon="10.551389"><ele>0</ele></trkpt>
      <trkpt lat="46.593760" lon="10.551318"><ele>0</ele></trkpt>
      <trkpt lat="46.593691" lon="10.551278"><ele>0</ele></trkpt>
      <trkpt lat="46.593247" lon="10.551072"><ele>0</ele></trkpt>
      <trkpt lat="46.593169" lon="10.551039"><ele>0</ele></trkpt>
      <trkpt lat="46.592951" lon="10.550945"><ele>0</ele></trkpt>
      <trkpt lat="46.592919" lon="10.550930"><ele>0</ele></trkpt>
      <trkpt lat="46.592757" lon="10.550865"><ele>0</ele></trkpt>
      <trkpt lat="46.592649" lon="10.550804"><ele>0</ele></trkpt>
      <trkpt lat="46.592577" lon="10.550752"><ele>0</ele></trkpt>
      <trkpt lat="46.592516" lon="10.550683"><ele>0</ele></trkpt>
      <trkpt lat="46.592483" lon="10.550627"><ele>0</ele></trkpt>
      <trkpt lat="46.592458" lon="10.550570"><ele>0</ele></trkpt>
      <trkpt lat="46.592427" lon="10.550449"><ele>0</ele></trkpt>
      <trkpt lat="46.592354" lon="10.549971"><ele>0</ele></trkpt>
      <trkpt lat="46.592338" lon="10.549904"><ele>0</ele></trkpt>
      <trkpt lat="46.592312" lon="10.549826"><ele>0</ele></trkpt>
      <trkpt lat="46.592286" lon="10.549759"><ele>0</ele></trkpt>
      <trkpt lat="46.592252" lon="10.549698"><ele>0</ele></trkpt>
      <trkpt lat="46.592211" lon="10.549644"><ele>0</ele></trkpt>
      <trkpt lat="46.592180" lon="10.549609"><ele>0</ele></trkpt>
      <trkpt lat="46.592122" lon="10.549560"><ele>0</ele></trkpt>
      <trkpt lat="46.592012" lon="10.549476"><ele>0</ele></trkpt>
      <trkpt lat="46.591755" lon="10.549287"><ele>0</ele></trkpt>
      <trkpt lat="46.591638" lon="10.549198"><ele>0</ele></trkpt>
      <trkpt lat="46.591510" lon="10.549115"><ele>0</ele></trkpt>
      <trkpt lat="46.591406" lon="10.549071"><ele>0</ele></trkpt>
      <trkpt lat="46.591217" lon="10.549035"><ele>0</ele></trkpt>
      <trkpt lat="46.590867" lon="10.548974"><ele>0</ele></trkpt>
      <trkpt lat="46.589890" lon="10.548826"><ele>0</ele></trkpt>
      <trkpt lat="46.589769" lon="10.548781"><ele>0</ele></trkpt>
      <trkpt lat="46.589636" lon="10.548683"><ele>0</ele></trkpt>
      <trkpt lat="46.589488" lon="10.548581"><ele>0</ele></trkpt>
      <trkpt lat="46.589259" lon="10.548469"><ele>0</ele></trkpt>
      <trkpt lat="46.589020" lon="10.548371"><ele>0</ele></trkpt>
      <trkpt lat="46.588786" lon="10.548256"><ele>0</ele></trkpt>
      <trkpt lat="46.588618" lon="10.548135"><ele>0</ele></trkpt>
      <trkpt lat="46.588452" lon="10.548001"><ele>0</ele></trkpt>
      <trkpt lat="46.588295" lon="10.547803"><ele>0</ele></trkpt>
      <trkpt lat="46.588248" lon="10.547749"><ele>0</ele></trkpt>
      <trkpt lat="46.588173" lon="10.547682"><ele>0</ele></trkpt>
      <trkpt lat="46.588136" lon="10.547658"><ele>0</ele></trkpt>
      <trkpt lat="46.588096" lon="10.547640"><ele>0</ele></trkpt>
      <trkpt lat="46.588034" lon="10.547620"><ele>0</ele></trkpt>
      <trkpt lat="46.587977" lon="10.547605"><ele>0</ele></trkpt>
      <trkpt lat="46.587863" lon="10.547576"><ele>0</ele></trkpt>
      <trkpt lat="46.587763" lon="10.547568"><ele>0</ele></trkpt>
      <trkpt lat="46.587690" lon="10.547567"><ele>0</ele></trkpt>
      <trkpt lat="46.587662" lon="10.547566"><ele>0</ele></trkpt>
      <trkpt lat="46.587511" lon="10.547565"><ele>0</ele></trkpt>
      <trkpt lat="46.587310" lon="10.547581"><ele>0</ele></trkpt>
      <trkpt lat="46.587189" lon="10.547605"><ele>0</ele></trkpt>
      <trkpt lat="46.587081" lon="10.547661"><ele>0</ele></trkpt>
      <trkpt lat="46.586838" lon="10.547775"><ele>0</ele></trkpt>
      <trkpt lat="46.586779" lon="10.547783"><ele>0</ele></trkpt>
      <trkpt lat="46.586740" lon="10.547782"><ele>0</ele></trkpt>
      <trkpt lat="46.586638" lon="10.547757"><ele>0</ele></trkpt>
      <trkpt lat="46.586204" lon="10.547603"><ele>0</ele></trkpt>
      <trkpt lat="46.586017" lon="10.547547"><ele>0</ele></trkpt>
      <trkpt lat="46.585824" lon="10.547466"><ele>0</ele></trkpt>
      <trkpt lat="46.585385" lon="10.547279"><ele>0</ele></trkpt>
      <trkpt lat="46.585232" lon="10.547207"><ele>0</ele></trkpt>
      <trkpt lat="46.585051" lon="10.547146"><ele>0</ele></trkpt>
      <trkpt lat="46.584706" lon="10.547025"><ele>0</ele></trkpt>
      <trkpt lat="46.584629" lon="10.546986"><ele>0</ele></trkpt>
      <trkpt lat="46.584540" lon="10.546907"><ele>0</ele></trkpt>
      <trkpt lat="46.583877" lon="10.546214"><ele>0</ele></trkpt>
      <trkpt lat="46.583742" lon="10.545941"><ele>0</ele></trkpt>
      <trkpt lat="46.583652" lon="10.545789"><ele>0</ele></trkpt>
      <trkpt lat="46.583552" lon="10.545655"><ele>0</ele></trkpt>
      <trkpt lat="46.583256" lon="10.545288"><ele>0</ele></trkpt>
      <trkpt lat="46.582945" lon="10.544985"><ele>0</ele></trkpt>
      <trkpt lat="46.582644" lon="10.544686"><ele>0</ele></trkpt>
      <trkpt lat="46.582493" lon="10.544543"><ele>0</ele></trkpt>
      <trkpt lat="46.582079" lon="10.544281"><ele>0</ele></trkpt>
      <trkpt lat="46.581649" lon="10.543992"><ele>0</ele></trkpt>
      <trkpt lat="46.581397" lon="10.543822"><ele>0</ele></trkpt>
      <trkpt lat="46.581116" lon="10.543632"><ele>0</ele></trkpt>
      <trkpt lat="46.580857" lon="10.543458"><ele>0</ele></trkpt>
      <trkpt lat="46.580783" lon="10.543408"><ele>0</ele></trkpt>
      <trkpt lat="46.580573" lon="10.543281"><ele>0</ele></trkpt>
      <trkpt lat="46.580336" lon="10.543137"><ele>0</ele></trkpt>
      <trkpt lat="46.580166" lon="10.543055"><ele>0</ele></trkpt>
      <trkpt lat="46.579660" lon="10.542852"><ele>0</ele></trkpt>
      <trkpt lat="46.579576" lon="10.542817"><ele>0</ele></trkpt>
      <trkpt lat="46.579509" lon="10.542789"><ele>0</ele></trkpt>
      <trkpt lat="46.579390" lon="10.542732"><ele>0</ele></trkpt>
      <trkpt lat="46.578963" lon="10.542461"><ele>0</ele></trkpt>
      <trkpt lat="46.578853" lon="10.542412"><ele>0</ele></trkpt>
      <trkpt lat="46.578464" lon="10.542329"><ele>0</ele></trkpt>
      <trkpt lat="46.578281" lon="10.542286"><ele>0</ele></trkpt>
      <trkpt lat="46.578146" lon="10.542237"><ele>0</ele></trkpt>
      <trkpt lat="46.578060" lon="10.542192"><ele>0</ele></trkpt>
      <trkpt lat="46.577797" lon="10.542057"><ele>0</ele></trkpt>
      <trkpt lat="46.577471" lon="10.541887"><ele>0</ele></trkpt>
      <trkpt lat="46.577298" lon="10.541720"><ele>0</ele></trkpt>
      <trkpt lat="46.576839" lon="10.541233"><ele>0</ele></trkpt>
      <trkpt lat="46.576709" lon="10.541113"><ele>0</ele></trkpt>
      <trkpt lat="46.576382" lon="10.540866"><ele>0</ele></trkpt>
      <trkpt lat="46.575918" lon="10.540493"><ele>0</ele></trkpt>
      <trkpt lat="46.575815" lon="10.540387"><ele>0</ele></trkpt>
      <trkpt lat="46.575720" lon="10.540253"><ele>0</ele></trkpt>
      <trkpt lat="46.575517" lon="10.539950"><ele>0</ele></trkpt>
      <trkpt lat="46.575427" lon="10.539811"><ele>0</ele></trkpt>
      <trkpt lat="46.575200" lon="10.539463"><ele>0</ele></trkpt>
      <trkpt lat="46.575122" lon="10.539329"><ele>0</ele></trkpt>
      <trkpt lat="46.575059" lon="10.539213"><ele>0</ele></trkpt>
      <trkpt lat="46.575014" lon="10.539115"><ele>0</ele></trkpt>
      <trkpt lat="46.574768" lon="10.538477"><ele>0</ele></trkpt>
      <trkpt lat="46.574234" lon="10.537096"><ele>0</ele></trkpt>
      <trkpt lat="46.574007" lon="10.536526"><ele>0</ele></trkpt>
      <trkpt lat="46.573328" lon="10.534837"><ele>0</ele></trkpt>
      <trkpt lat="46.572977" lon="10.533945"><ele>0</ele></trkpt>
      <trkpt lat="46.572782" lon="10.533503"><ele>0</ele></trkpt>
      <trkpt lat="46.572627" lon="10.533208"><ele>0</ele></trkpt>
      <trkpt lat="46.572325" lon="10.532635"><ele>0</ele></trkpt>
      <trkpt lat="46.571957" lon="10.531977"><ele>0</ele></trkpt>
      <trkpt lat="46.571590" lon="10.531301"><ele>0</ele></trkpt>
      <trkpt lat="46.571331" lon="10.530769"><ele>0</ele></trkpt>
      <trkpt lat="46.570973" lon="10.529946"><ele>0</ele></trkpt>
      <trkpt lat="46.570912" lon="10.529771"><ele>0</ele></trkpt>
      <trkpt lat="46.570859" lon="10.529594"><ele>0</ele></trkpt>
      <trkpt lat="46.570703" lon="10.529009"><ele>0</ele></trkpt>
      <trkpt lat="46.570620" lon="10.528709"><ele>0</ele></trkpt>
      <trkpt lat="46.570532" lon="10.528454"><ele>0</ele></trkpt>
      <trkpt lat="46.570170" lon="10.527751"><ele>0</ele></trkpt>
      <trkpt lat="46.569968" lon="10.527374"><ele>0</ele></trkpt>
      <trkpt lat="46.569863" lon="10.527154"><ele>0</ele></trkpt>
      <trkpt lat="46.569779" lon="10.526942"><ele>0</ele></trkpt>
      <trkpt lat="46.569725" lon="10.526728"><ele>0</ele></trkpt>
      <trkpt lat="46.569698" lon="10.526504"><ele>0</ele></trkpt>
      <trkpt lat="46.569638" lon="10.525836"><ele>0</ele></trkpt>
      <trkpt lat="46.569588" lon="10.525398"><ele>0</ele></trkpt>
      <trkpt lat="46.569503" lon="10.525010"><ele>0</ele></trkpt>
      <trkpt lat="46.569349" lon="10.524645"><ele>0</ele></trkpt>
      <trkpt lat="46.569137" lon="10.524205"><ele>0</ele></trkpt>
      <trkpt lat="46.568951" lon="10.524012"><ele>0</ele></trkpt>
      <trkpt lat="46.568810" lon="10.523853"><ele>0</ele></trkpt>
      <trkpt lat="46.568521" lon="10.523674"><ele>0</ele></trkpt>
      <trkpt lat="46.568230" lon="10.523495"><ele>0</ele></trkpt>
      <trkpt lat="46.567898" lon="10.523230"><ele>0</ele></trkpt>
      <trkpt lat="46.567532" lon="10.522916"><ele>0</ele></trkpt>
      <trkpt lat="46.567261" lon="10.522680"><ele>0</ele></trkpt>
      <trkpt lat="46.566890" lon="10.522422"><ele>0</ele></trkpt>
      <trkpt lat="46.566877" lon="10.522401"><ele>0</ele></trkpt>
      <trkpt lat="46.566864" lon="10.522362"><ele>0</ele></trkpt>
      <trkpt lat="46.566862" lon="10.522320"><ele>0</ele></trkpt>
      <trkpt lat="46.566874" lon="10.522286"><ele>0</ele></trkpt>
      <trkpt lat="46.566892" lon="10.522269"><ele>0</ele></trkpt>
      <trkpt lat="46.566918" lon="10.522265"><ele>0</ele></trkpt>
      <trkpt lat="46.566942" lon="10.522279"><ele>0</ele></trkpt>
      <trkpt lat="46.567065" lon="10.522417"><ele>0</ele></trkpt>
      <trkpt lat="46.567330" lon="10.522611"><ele>0</ele></trkpt>
      <trkpt lat="46.567435" lon="10.522718"><ele>0</ele></trkpt>
      <trkpt lat="46.567468" lon="10.522722"><ele>0</ele></trkpt>
      <trkpt lat="46.567489" lon="10.522710"><ele>0</ele></trkpt>
      <trkpt lat="46.567507" lon="10.522688"><ele>0</ele></trkpt>
      <trkpt lat="46.567516" lon="10.522660"><ele>0</ele></trkpt>
      <trkpt lat="46.567511" lon="10.522608"><ele>0</ele></trkpt>
      <trkpt lat="46.567491" lon="10.522573"><ele>0</ele></trkpt>
      <trkpt lat="46.567190" lon="10.522313"><ele>0</ele></trkpt>
      <trkpt lat="46.566610" lon="10.521774"><ele>0</ele></trkpt>
      <trkpt lat="46.566419" lon="10.521596"><ele>0</ele></trkpt>
      <trkpt lat="46.566299" lon="10.521491"><ele>0</ele></trkpt>
      <trkpt lat="46.566207" lon="10.521383"><ele>0</ele></trkpt>
      <trkpt lat="46.566113" lon="10.521219"><ele>0</ele></trkpt>
      <trkpt lat="46.566049" lon="10.521142"><ele>0</ele></trkpt>
      <trkpt lat="46.566019" lon="10.521119"><ele>0</ele></trkpt>
      <trkpt lat="46.565978" lon="10.521100"><ele>0</ele></trkpt>
      <trkpt lat="46.565760" lon="10.521075"><ele>0</ele></trkpt>
      <trkpt lat="46.565711" lon="10.521066"><ele>0</ele></trkpt>
      <trkpt lat="46.565662" lon="10.521042"><ele>0</ele></trkpt>
      <trkpt lat="46.565577" lon="10.520961"><ele>0</ele></trkpt>
      <trkpt lat="46.565118" lon="10.520315"><ele>0</ele></trkpt>
      <trkpt lat="46.565050" lon="10.520232"><ele>0</ele></trkpt>
      <trkpt lat="46.564980" lon="10.520159"><ele>0</ele></trkpt>
      <trkpt lat="46.564911" lon="10.520097"><ele>0</ele></trkpt>
      <trkpt lat="46.564734" lon="10.519981"><ele>0</ele></trkpt>
      <trkpt lat="46.564368" lon="10.519753"><ele>0</ele></trkpt>
      <trkpt lat="46.564137" lon="10.519620"><ele>0</ele></trkpt>
      <trkpt lat="46.564012" lon="10.519515"><ele>0</ele></trkpt>
      <trkpt lat="46.563826" lon="10.519333"><ele>0</ele></trkpt>
      <trkpt lat="46.563690" lon="10.519264"><ele>0</ele></trkpt>
      <trkpt lat="46.563518" lon="10.519226"><ele>0</ele></trkpt>
      <trkpt lat="46.563403" lon="10.519160"><ele>0</ele></trkpt>
      <trkpt lat="46.563286" lon="10.519054"><ele>0</ele></trkpt>
      <trkpt lat="46.563186" lon="10.518915"><ele>0</ele></trkpt>
      <trkpt lat="46.563058" lon="10.518680"><ele>0</ele></trkpt>
      <trkpt lat="46.562923" lon="10.518533"><ele>0</ele></trkpt>
      <trkpt lat="46.562754" lon="10.518457"><ele>0</ele></trkpt>
      <trkpt lat="46.562359" lon="10.518321"><ele>0</ele></trkpt>
      <trkpt lat="46.562262" lon="10.518268"><ele>0</ele></trkpt>
      <trkpt lat="46.562187" lon="10.518125"><ele>0</ele></trkpt>
      <trkpt lat="46.562000" lon="10.517616"><ele>0</ele></trkpt>
      <trkpt lat="46.561736" lon="10.517122"><ele>0</ele></trkpt>
      <trkpt lat="46.561560" lon="10.516749"><ele>0</ele></trkpt>
      <trkpt lat="46.561462" lon="10.516485"><ele>0</ele></trkpt>
      <trkpt lat="46.561428" lon="10.516366"><ele>0</ele></trkpt>
      <trkpt lat="46.561369" lon="10.516216"><ele>0</ele></trkpt>
      <trkpt lat="46.561207" lon="10.515956"><ele>0</ele></trkpt>
      <trkpt lat="46.561064" lon="10.515754"><ele>0</ele></trkpt>
      <trkpt lat="46.560956" lon="10.515620"><ele>0</ele></trkpt>
      <trkpt lat="46.560841" lon="10.515532"><ele>0</ele></trkpt>
      <trkpt lat="46.560669" lon="10.515445"><ele>0</ele></trkpt>
      <trkpt lat="46.560497" lon="10.515366"><ele>0</ele></trkpt>
      <trkpt lat="46.560412" lon="10.515336"><ele>0</ele></trkpt>
      <trkpt lat="46.560123" lon="10.515330"><ele>0</ele></trkpt>
      <trkpt lat="46.559874" lon="10.515344"><ele>0</ele></trkpt>
      <trkpt lat="46.559751" lon="10.515352"><ele>0</ele></trkpt>
      <trkpt lat="46.559461" lon="10.515337"><ele>0</ele></trkpt>
      <trkpt lat="46.559183" lon="10.515307"><ele>0</ele></trkpt>
      <trkpt lat="46.558971" lon="10.515276"><ele>0</ele></trkpt>
      <trkpt lat="46.558861" lon="10.515258"><ele>0</ele></trkpt>
      <trkpt lat="46.558763" lon="10.515223"><ele>0</ele></trkpt>
      <trkpt lat="46.558537" lon="10.515114"><ele>0</ele></trkpt>
      <trkpt lat="46.558187" lon="10.514913"><ele>0</ele></trkpt>
      <trkpt lat="46.557817" lon="10.514768"><ele>0</ele></trkpt>
      <trkpt lat="46.557692" lon="10.514699"><ele>0</ele></trkpt>
      <trkpt lat="46.557575" lon="10.514614"><ele>0</ele></trkpt>
      <trkpt lat="46.557559" lon="10.514600"><ele>0</ele></trkpt>
      <trkpt lat="46.557505" lon="10.514557"><ele>0</ele></trkpt>
      <trkpt lat="46.557445" lon="10.514505"><ele>0</ele></trkpt>
      <trkpt lat="46.557396" lon="10.514465"><ele>0</ele></trkpt>
      <trkpt lat="46.557345" lon="10.514428"><ele>0</ele></trkpt>
      <trkpt lat="46.557294" lon="10.514396"><ele>0</ele></trkpt>
      <trkpt lat="46.557252" lon="10.514375"><ele>0</ele></trkpt>
      <trkpt lat="46.557211" lon="10.514350"><ele>0</ele></trkpt>
      <trkpt lat="46.557138" lon="10.514308"><ele>0</ele></trkpt>
      <trkpt lat="46.557063" lon="10.514265"><ele>0</ele></trkpt>
      <trkpt lat="46.556967" lon="10.514202"><ele>0</ele></trkpt>
      <trkpt lat="46.556873" lon="10.514141"><ele>0</ele></trkpt>
      <trkpt lat="46.556816" lon="10.514100"><ele>0</ele></trkpt>
      <trkpt lat="46.556720" lon="10.514038"><ele>0</ele></trkpt>
      <trkpt lat="46.556648" lon="10.513994"><ele>0</ele></trkpt>
      <trkpt lat="46.556594" lon="10.513958"><ele>0</ele></trkpt>
      <trkpt lat="46.556551" lon="10.513927"><ele>0</ele></trkpt>
      <trkpt lat="46.556480" lon="10.513868"><ele>0</ele></trkpt>
      <trkpt lat="46.556395" lon="10.513797"><ele>0</ele></trkpt>
      <trkpt lat="46.556293" lon="10.513709"><ele>0</ele></trkpt>
      <trkpt lat="46.556216" lon="10.513630"><ele>0</ele></trkpt>
      <trkpt lat="46.556078" lon="10.513489"><ele>0</ele></trkpt>
      <trkpt lat="46.555968" lon="10.513379"><ele>0</ele></trkpt>
      <trkpt lat="46.555847" lon="10.513235"><ele>0</ele></trkpt>
      <trkpt lat="46.555778" lon="10.513141"><ele>0</ele></trkpt>
      <trkpt lat="46.555705" lon="10.513048"><ele>0</ele></trkpt>
      <trkpt lat="46.555658" lon="10.512991"><ele>0</ele></trkpt>
      <trkpt lat="46.555594" lon="10.512941"><ele>0</ele></trkpt>
      <trkpt lat="46.555514" lon="10.512897"><ele>0</ele></trkpt>
      <trkpt lat="46.555410" lon="10.512836"><ele>0</ele></trkpt>
      <trkpt lat="46.555338" lon="10.512793"><ele>0</ele></trkpt>
      <trkpt lat="46.555265" lon="10.512749"><ele>0</ele></trkpt>
      <trkpt lat="46.555201" lon="10.512715"><ele>0</ele></trkpt>
      <trkpt lat="46.555171" lon="10.512702"><ele>0</ele></trkpt>
      <trkpt lat="46.555141" lon="10.512692"><ele>0</ele></trkpt>
      <trkpt lat="46.555060" lon="10.512661"><ele>0</ele></trkpt>
      <trkpt lat="46.554989" lon="10.512645"><ele>0</ele></trkpt>
      <trkpt lat="46.554902" lon="10.512631"><ele>0</ele></trkpt>
      <trkpt lat="46.554844" lon="10.512621"><ele>0</ele></trkpt>
      <trkpt lat="46.554786" lon="10.512609"><ele>0</ele></trkpt>
      <trkpt lat="46.554724" lon="10.512588"><ele>0</ele></trkpt>
      <trkpt lat="46.554682" lon="10.512571"><ele>0</ele></trkpt>
      <trkpt lat="46.554640" lon="10.512549"><ele>0</ele></trkpt>
      <trkpt lat="46.554595" lon="10.512513"><ele>0</ele></trkpt>
      <trkpt lat="46.554555" lon="10.512470"><ele>0</ele></trkpt>
      <trkpt lat="46.554516" lon="10.512411"><ele>0</ele></trkpt>
      <trkpt lat="46.554469" lon="10.512336"><ele>0</ele></trkpt>
      <trkpt lat="46.554421" lon="10.512252"><ele>0</ele></trkpt>
      <trkpt lat="46.554361" lon="10.512159"><ele>0</ele></trkpt>
      <trkpt lat="46.554274" lon="10.512045"><ele>0</ele></trkpt>
      <trkpt lat="46.554124" lon="10.511888"><ele>0</ele></trkpt>
      <trkpt lat="46.554039" lon="10.511808"><ele>0</ele></trkpt>
      <trkpt lat="46.553951" lon="10.511736"><ele>0</ele></trkpt>
      <trkpt lat="46.553836" lon="10.511663"><ele>0</ele></trkpt>
      <trkpt lat="46.553773" lon="10.511633"><ele>0</ele></trkpt>
      <trkpt lat="46.553525" lon="10.511554"><ele>0</ele></trkpt>
      <trkpt lat="46.553427" lon="10.511515"><ele>0</ele></trkpt>
      <trkpt lat="46.553382" lon="10.511489"><ele>0</ele></trkpt>
      <trkpt lat="46.553318" lon="10.511452"><ele>0</ele></trkpt>
      <trkpt lat="46.553218" lon="10.511378"><ele>0</ele></trkpt>
      <trkpt lat="46.553101" lon="10.511278"><ele>0</ele></trkpt>
      <trkpt lat="46.553064" lon="10.511247"><ele>0</ele></trkpt>
      <trkpt lat="46.553009" lon="10.511201"><ele>0</ele></trkpt>
      <trkpt lat="46.552875" lon="10.511086"><ele>0</ele></trkpt>
      <trkpt lat="46.552811" lon="10.511034"><ele>0</ele></trkpt>
      <trkpt lat="46.552757" lon="10.510998"><ele>0</ele></trkpt>
      <trkpt lat="46.552703" lon="10.510977"><ele>0</ele></trkpt>
      <trkpt lat="46.552654" lon="10.510969"><ele>0</ele></trkpt>
      <trkpt lat="46.552555" lon="10.510964"><ele>0</ele></trkpt>
      <trkpt lat="46.552390" lon="10.510950"><ele>0</ele></trkpt>
      <trkpt lat="46.552309" lon="10.510939"><ele>0</ele></trkpt>
      <trkpt lat="46.552244" lon="10.510923"><ele>0</ele></trkpt>
      <trkpt lat="46.552177" lon="10.510896"><ele>0</ele></trkpt>
      <trkpt lat="46.552101" lon="10.510852"><ele>0</ele></trkpt>
      <trkpt lat="46.552042" lon="10.510817"><ele>0</ele></trkpt>
      <trkpt lat="46.551951" lon="10.510777"><ele>0</ele></trkpt>
      <trkpt lat="46.551865" lon="10.510750"><ele>0</ele></trkpt>
      <trkpt lat="46.551703" lon="10.510714"><ele>0</ele></trkpt>
      <trkpt lat="46.551554" lon="10.510682"><ele>0</ele></trkpt>
      <trkpt lat="46.551440" lon="10.510648"><ele>0</ele></trkpt>
      <trkpt lat="46.551376" lon="10.510622"><ele>0</ele></trkpt>
      <trkpt lat="46.551302" lon="10.510579"><ele>0</ele></trkpt>
      <trkpt lat="46.551003" lon="10.510360"><ele>0</ele></trkpt>
      <trkpt lat="46.550957" lon="10.510323"><ele>0</ele></trkpt>
      <trkpt lat="46.550902" lon="10.510282"><ele>0</ele></trkpt>
      <trkpt lat="46.550778" lon="10.510205"><ele>0</ele></trkpt>
      <trkpt lat="46.550670" lon="10.510157"><ele>0</ele></trkpt>
      <trkpt lat="46.550668" lon="10.510156"><ele>0</ele></trkpt>
      <trkpt lat="46.550665" lon="10.510155"><ele>0</ele></trkpt>
      <trkpt lat="46.550662" lon="10.510152"><ele>0</ele></trkpt>
      <trkpt lat="46.550658" lon="10.510149"><ele>0</ele></trkpt>
      <trkpt lat="46.550653" lon="10.510146"><ele>0</ele></trkpt>
      <trkpt lat="46.550648" lon="10.510141"><ele>0</ele></trkpt>
      <trkpt lat="46.550642" lon="10.510136"><ele>0</ele></trkpt>
      <trkpt lat="46.550636" lon="10.510129"><ele>0</ele></trkpt>
      <trkpt lat="46.550629" lon="10.510122"><ele>0</ele></trkpt>
      <trkpt lat="46.550623" lon="10.510114"><ele>0</ele></trkpt>
      <trkpt lat="46.550616" lon="10.510105"><ele>0</ele></trkpt>
      <trkpt lat="46.550610" lon="10.510094"><ele>0</ele></trkpt>
      <trkpt lat="46.550604" lon="10.510083"><ele>0</ele></trkpt>
      <trkpt lat="46.550598" lon="10.510071"><ele>0</ele></trkpt>
      <trkpt lat="46.550593" lon="10.510058"><ele>0</ele></trkpt>
      <trkpt lat="46.550588" lon="10.510043"><ele>0</ele></trkpt>
      <trkpt lat="46.550583" lon="10.510027"><ele>0</ele></trkpt>
      <trkpt lat="46.550580" lon="10.510010"><ele>0</ele></trkpt>
      <trkpt lat="46.550577" lon="10.509992"><ele>0</ele></trkpt>
      <trkpt lat="46.550575" lon="10.509974"><ele>0</ele></trkpt>
      <trkpt lat="46.550575" lon="10.509956"><ele>0</ele></trkpt>
      <trkpt lat="46.550577" lon="10.509940"><ele>0</ele></trkpt>
      <trkpt lat="46.550580" lon="10.509925"><ele>0</ele></trkpt>
      <trkpt lat="46.550584" lon="10.509911"><ele>0</ele></trkpt>
      <trkpt lat="46.550589" lon="10.509898"><ele>0</ele></trkpt>
      <trkpt lat="46.550591" lon="10.509892"><ele>0</ele></trkpt>
      <trkpt lat="46.550594" lon="10.509886"><ele>0</ele></trkpt>
      <trkpt lat="46.550601" lon="10.509875"><ele>0</ele></trkpt>
      <trkpt lat="46.550608" lon="10.509865"><ele>0</ele></trkpt>
      <trkpt lat="46.550615" lon="10.509855"><ele>0</ele></trkpt>
      <trkpt lat="46.550622" lon="10.509847"><ele>0</ele></trkpt>
      <trkpt lat="46.550630" lon="10.509840"><ele>0</ele></trkpt>
      <trkpt lat="46.550637" lon="10.509833"><ele>0</ele></trkpt>
      <trkpt lat="46.550645" lon="10.509828"><ele>0</ele></trkpt>
      <trkpt lat="46.550651" lon="10.509823"><ele>0</ele></trkpt>
      <trkpt lat="46.550658" lon="10.509819"><ele>0</ele></trkpt>
      <trkpt lat="46.550663" lon="10.509816"><ele>0</ele></trkpt>
      <trkpt lat="46.550668" lon="10.509814"><ele>0</ele></trkpt>
      <trkpt lat="46.550672" lon="10.509812"><ele>0</ele></trkpt>
      <trkpt lat="46.550674" lon="10.509812"><ele>0</ele></trkpt>
      <trkpt lat="46.550715" lon="10.509804"><ele>0</ele></trkpt>
      <trkpt lat="46.550827" lon="10.509791"><ele>0</ele></trkpt>
      <trkpt lat="46.550880" lon="10.509781"><ele>0</ele></trkpt>
      <trkpt lat="46.550963" lon="10.509760"><ele>0</ele></trkpt>
      <trkpt lat="46.551001" lon="10.509750"><ele>0</ele></trkpt>
      <trkpt lat="46.551075" lon="10.509726"><ele>0</ele></trkpt>
      <trkpt lat="46.551144" lon="10.509702"><ele>0</ele></trkpt>
      <trkpt lat="46.551188" lon="10.509690"><ele>0</ele></trkpt>
      <trkpt lat="46.551277" lon="10.509667"><ele>0</ele></trkpt>
      <trkpt lat="46.551406" lon="10.509645"><ele>0</ele></trkpt>
      <trkpt lat="46.551499" lon="10.509641"><ele>0</ele></trkpt>
      <trkpt lat="46.551573" lon="10.509644"><ele>0</ele></trkpt>
      <trkpt lat="46.551646" lon="10.509654"><ele>0</ele></trkpt>
      <trkpt lat="46.551721" lon="10.509669"><ele>0</ele></trkpt>
      <trkpt lat="46.551780" lon="10.509685"><ele>0</ele></trkpt>
      <trkpt lat="46.551848" lon="10.509707"><ele>0</ele></trkpt>
      <trkpt lat="46.551851" lon="10.509708"><ele>0</ele></trkpt>
      <trkpt lat="46.551854" lon="10.509708"><ele>0</ele></trkpt>
      <trkpt lat="46.551857" lon="10.509708"><ele>0</ele></trkpt>
      <trkpt lat="46.551860" lon="10.509708"><ele>0</ele></trkpt>
      <trkpt lat="46.551863" lon="10.509708"><ele>0</ele></trkpt>
      <trkpt lat="46.551867" lon="10.509707"><ele>0</ele></trkpt>
      <trkpt lat="46.551871" lon="10.509706"><ele>0</ele></trkpt>
      <trkpt lat="46.551875" lon="10.509705"><ele>0</ele></trkpt>
      <trkpt lat="46.551880" lon="10.509703"><ele>0</ele></trkpt>
      <trkpt lat="46.551884" lon="10.509700"><ele>0</ele></trkpt>
      <trkpt lat="46.551889" lon="10.509696"><ele>0</ele></trkpt>
      <trkpt lat="46.551893" lon="10.509692"><ele>0</ele></trkpt>
      <trkpt lat="46.551898" lon="10.509687"><ele>0</ele></trkpt>
      <trkpt lat="46.551902" lon="10.509681"><ele>0</ele></trkpt>
      <trkpt lat="46.551907" lon="10.509674"><ele>0</ele></trkpt>
      <trkpt lat="46.551911" lon="10.509666"><ele>0</ele></trkpt>
      <trkpt lat="46.551916" lon="10.509657"><ele>0</ele></trkpt>
      <trkpt lat="46.551919" lon="10.509647"><ele>0</ele></trkpt>
      <trkpt lat="46.551922" lon="10.509638"><ele>0</ele></trkpt>
      <trkpt lat="46.551923" lon="10.509629"><ele>0</ele></trkpt>
      <trkpt lat="46.551924" lon="10.509620"><ele>0</ele></trkpt>
      <trkpt lat="46.551924" lon="10.509612"><ele>0</ele></trkpt>
      <trkpt lat="46.551923" lon="10.509604"><ele>0</ele></trkpt>
      <trkpt lat="46.551921" lon="10.509596"><ele>0</ele></trkpt>
      <trkpt lat="46.551920" lon="10.509589"><ele>0</ele></trkpt>
      <trkpt lat="46.551918" lon="10.509582"><ele>0</ele></trkpt>
      <trkpt lat="46.551915" lon="10.509575"><ele>0</ele></trkpt>
      <trkpt lat="46.551912" lon="10.509570"><ele>0</ele></trkpt>
      <trkpt lat="46.551909" lon="10.509564"><ele>0</ele></trkpt>
      <trkpt lat="46.551907" lon="10.509559"><ele>0</ele></trkpt>
      <trkpt lat="46.551904" lon="10.509555"><ele>0</ele></trkpt>
      <trkpt lat="46.551901" lon="10.509551"><ele>0</ele></trkpt>
      <trkpt lat="46.551899" lon="10.509548"><ele>0</ele></trkpt>
      <trkpt lat="46.551897" lon="10.509546"><ele>0</ele></trkpt>
      <trkpt lat="46.551894" lon="10.509543"><ele>0</ele></trkpt>
      <trkpt lat="46.551875" lon="10.509527"><ele>0</ele></trkpt>
      <trkpt lat="46.551843" lon="10.509515"><ele>0</ele></trkpt>
      <trkpt lat="46.551800" lon="10.509513"><ele>0</ele></trkpt>
      <trkpt lat="46.551729" lon="10.509511"><ele>0</ele></trkpt>
      <trkpt lat="46.551706" lon="10.509510"><ele>0</ele></trkpt>
      <trkpt lat="46.551672" lon="10.509507"><ele>0</ele></trkpt>
      <trkpt lat="46.551613" lon="10.509495"><ele>0</ele></trkpt>
      <trkpt lat="46.551559" lon="10.509478"><ele>0</ele></trkpt>
      <trkpt lat="46.551502" lon="10.509456"><ele>0</ele></trkpt>
      <trkpt lat="46.551441" lon="10.509421"><ele>0</ele></trkpt>
      <trkpt lat="46.551351" lon="10.509372"><ele>0</ele></trkpt>
      <trkpt lat="46.551282" lon="10.509332"><ele>0</ele></trkpt>
      <trkpt lat="46.551222" lon="10.509290"><ele>0</ele></trkpt>
      <trkpt lat="46.551135" lon="10.509225"><ele>0</ele></trkpt>
      <trkpt lat="46.551059" lon="10.509162"><ele>0</ele></trkpt>
      <trkpt lat="46.550989" lon="10.509101"><ele>0</ele></trkpt>
      <trkpt lat="46.550910" lon="10.509022"><ele>0</ele></trkpt>
      <trkpt lat="46.550849" lon="10.508954"><ele>0</ele></trkpt>
      <trkpt lat="46.550781" lon="10.508876"><ele>0</ele></trkpt>
      <trkpt lat="46.550721" lon="10.508799"><ele>0</ele></trkpt>
      <trkpt lat="46.550672" lon="10.508728"><ele>0</ele></trkpt>
      <trkpt lat="46.550617" lon="10.508640"><ele>0</ele></trkpt>
      <trkpt lat="46.550550" lon="10.508528"><ele>0</ele></trkpt>
      <trkpt lat="46.550476" lon="10.508401"><ele>0</ele></trkpt>
      <trkpt lat="46.550424" lon="10.508295"><ele>0</ele></trkpt>
      <trkpt lat="46.550371" lon="10.508186"><ele>0</ele></trkpt>
      <trkpt lat="46.550331" lon="10.508086"><ele>0</ele></trkpt>
      <trkpt lat="46.550289" lon="10.507973"><ele>0</ele></trkpt>
      <trkpt lat="46.550260" lon="10.507892"><ele>0</ele></trkpt>
      <trkpt lat="46.550033" lon="10.507270"><ele>0</ele></trkpt>
      <trkpt lat="46.549992" lon="10.507162"><ele>0</ele></trkpt>
      <trkpt lat="46.549959" lon="10.507085"><ele>0</ele></trkpt>
      <trkpt lat="46.549930" lon="10.507018"><ele>0</ele></trkpt>
      <trkpt lat="46.549915" lon="10.506991"><ele>0</ele></trkpt>
      <trkpt lat="46.549899" lon="10.506966"><ele>0</ele></trkpt>
      <trkpt lat="46.549866" lon="10.506922"><ele>0</ele></trkpt>
      <trkpt lat="46.549792" lon="10.506840"><ele>0</ele></trkpt>
      <trkpt lat="46.549714" lon="10.506754"><ele>0</ele></trkpt>
      <trkpt lat="46.549617" lon="10.506653"><ele>0</ele></trkpt>
      <trkpt lat="46.549459" lon="10.506491"><ele>0</ele></trkpt>
      <trkpt lat="46.549363" lon="10.506399"><ele>0</ele></trkpt>
      <trkpt lat="46.549303" lon="10.506350"><ele>0</ele></trkpt>
      <trkpt lat="46.549251" lon="10.506306"><ele>0</ele></trkpt>
      <trkpt lat="46.549198" lon="10.506280"><ele>0</ele></trkpt>
      <trkpt lat="46.549139" lon="10.506261"><ele>0</ele></trkpt>
      <trkpt lat="46.549060" lon="10.506239"><ele>0</ele></trkpt>
      <trkpt lat="46.548965" lon="10.506211"><ele>0</ele></trkpt>
      <trkpt lat="46.548894" lon="10.506186"><ele>0</ele></trkpt>
      <trkpt lat="46.548823" lon="10.506144"><ele>0</ele></trkpt>
      <trkpt lat="46.548727" lon="10.506083"><ele>0</ele></trkpt>
      <trkpt lat="46.548619" lon="10.506009"><ele>0</ele></trkpt>
      <trkpt lat="46.548522" lon="10.505940"><ele>0</ele></trkpt>
      <trkpt lat="46.548443" lon="10.505882"><ele>0</ele></trkpt>
      <trkpt lat="46.548268" lon="10.505739"><ele>0</ele></trkpt>
      <trkpt lat="46.548141" lon="10.505621"><ele>0</ele></trkpt>
      <trkpt lat="46.548074" lon="10.505567"><ele>0</ele></trkpt>
      <trkpt lat="46.548014" lon="10.505525"><ele>0</ele></trkpt>
      <trkpt lat="46.547970" lon="10.505502"><ele>0</ele></trkpt>
      <trkpt lat="46.547902" lon="10.505485"><ele>0</ele></trkpt>
      <trkpt lat="46.547870" lon="10.505484"><ele>0</ele></trkpt>
      <trkpt lat="46.547563" lon="10.505501"><ele>0</ele></trkpt>
      <trkpt lat="46.547480" lon="10.505499"><ele>0</ele></trkpt>
      <trkpt lat="46.547399" lon="10.505501"><ele>0</ele></trkpt>
      <trkpt lat="46.547301" lon="10.505522"><ele>0</ele></trkpt>
      <trkpt lat="46.547145" lon="10.505569"><ele>0</ele></trkpt>
      <trkpt lat="46.546864" lon="10.505670"><ele>0</ele></trkpt>
      <trkpt lat="46.546614" lon="10.505755"><ele>0</ele></trkpt>
      <trkpt lat="46.546423" lon="10.505814"><ele>0</ele></trkpt>
      <trkpt lat="46.546307" lon="10.505838"><ele>0</ele></trkpt>
      <trkpt lat="46.546202" lon="10.505843"><ele>0</ele></trkpt>
      <trkpt lat="46.546091" lon="10.505838"><ele>0</ele></trkpt>
      <trkpt lat="46.545917" lon="10.505812"><ele>0</ele></trkpt>
      <trkpt lat="46.545760" lon="10.505792"><ele>0</ele></trkpt>
      <trkpt lat="46.545502" lon="10.505761"><ele>0</ele></trkpt>
      <trkpt lat="46.545303" lon="10.505733"><ele>0</ele></trkpt>
      <trkpt lat="46.545013" lon="10.505694"><ele>0</ele></trkpt>
      <trkpt lat="46.544817" lon="10.505670"><ele>0</ele></trkpt>
      <trkpt lat="46.544655" lon="10.505652"><ele>0</ele></trkpt>
      <trkpt lat="46.544578" lon="10.505642"><ele>0</ele></trkpt>
      <trkpt lat="46.544535" lon="10.505631"><ele>0</ele></trkpt>
      <trkpt lat="46.544481" lon="10.505616"><ele>0</ele></trkpt>
      <trkpt lat="46.544416" lon="10.505586"><ele>0</ele></trkpt>
      <trkpt lat="46.544313" lon="10.505530"><ele>0</ele></trkpt>
      <trkpt lat="46.544241" lon="10.505484"><ele>0</ele></trkpt>
      <trkpt lat="46.544099" lon="10.505411"><ele>0</ele></trkpt>
      <trkpt lat="46.543835" lon="10.505261"><ele>0</ele></trkpt>
      <trkpt lat="46.543738" lon="10.505212"><ele>0</ele></trkpt>
      <trkpt lat="46.543630" lon="10.505145"><ele>0</ele></trkpt>
      <trkpt lat="46.543497" lon="10.505063"><ele>0</ele></trkpt>
      <trkpt lat="46.543399" lon="10.505013"><ele>0</ele></trkpt>
      <trkpt lat="46.543284" lon="10.504955"><ele>0</ele></trkpt>
      <trkpt lat="46.543180" lon="10.504893"><ele>0</ele></trkpt>
      <trkpt lat="46.543178" lon="10.504892"><ele>0</ele></trkpt>
      <trkpt lat="46.543176" lon="10.504890"><ele>0</ele></trkpt>
      <trkpt lat="46.543174" lon="10.504888"><ele>0</ele></trkpt>
      <trkpt lat="46.543172" lon="10.504886"><ele>0</ele></trkpt>
      <trkpt lat="46.543169" lon="10.504883"><ele>0</ele></trkpt>
      <trkpt lat="46.543166" lon="10.504879"><ele>0</ele></trkpt>
      <trkpt lat="46.543163" lon="10.504876"><ele>0</ele></trkpt>
      <trkpt lat="46.543160" lon="10.504871"><ele>0</ele></trkpt>
      <trkpt lat="46.543157" lon="10.504867"><ele>0</ele></trkpt>
      <trkpt lat="46.543154" lon="10.504862"><ele>0</ele></trkpt>
      <trkpt lat="46.543152" lon="10.504856"><ele>0</ele></trkpt>
      <trkpt lat="46.543150" lon="10.504850"><ele>0</ele></trkpt>
      <trkpt lat="46.543148" lon="10.504844"><ele>0</ele></trkpt>
      <trkpt lat="46.543147" lon="10.504837"><ele>0</ele></trkpt>
      <trkpt lat="46.543146" lon="10.504829"><ele>0</ele></trkpt>
      <trkpt lat="46.543146" lon="10.504822"><ele>0</ele></trkpt>
      <trkpt lat="46.543147" lon="10.504813"><ele>0</ele></trkpt>
      <trkpt lat="46.543149" lon="10.504805"><ele>0</ele></trkpt>
      <trkpt lat="46.543151" lon="10.504796"><ele>0</ele></trkpt>
      <trkpt lat="46.543153" lon="10.504789"><ele>0</ele></trkpt>
      <trkpt lat="46.543156" lon="10.504783"><ele>0</ele></trkpt>
      <trkpt lat="46.543159" lon="10.504777"><ele>0</ele></trkpt>
      <trkpt lat="46.543163" lon="10.504773"><ele>0</ele></trkpt>
      <trkpt lat="46.543166" lon="10.504769"><ele>0</ele></trkpt>
      <trkpt lat="46.543170" lon="10.504766"><ele>0</ele></trkpt>
      <trkpt lat="46.543174" lon="10.504764"><ele>0</ele></trkpt>
      <trkpt lat="46.543178" lon="10.504762"><ele>0</ele></trkpt>
      <trkpt lat="46.543181" lon="10.504761"><ele>0</ele></trkpt>
      <trkpt lat="46.543185" lon="10.504760"><ele>0</ele></trkpt>
      <trkpt lat="46.543188" lon="10.504760"><ele>0</ele></trkpt>
      <trkpt lat="46.543192" lon="10.504759"><ele>0</ele></trkpt>
      <trkpt lat="46.543195" lon="10.504760"><ele>0</ele></trkpt>
      <trkpt lat="46.543198" lon="10.504760"><ele>0</ele></trkpt>
      <trkpt lat="46.543200" lon="10.504760"><ele>0</ele></trkpt>
      <trkpt lat="46.543204" lon="10.504761"><ele>0</ele></trkpt>
      <trkpt lat="46.543262" lon="10.504785"><ele>0</ele></trkpt>
      <trkpt lat="46.543316" lon="10.504808"><ele>0</ele></trkpt>
      <trkpt lat="46.543365" lon="10.504827"><ele>0</ele></trkpt>
      <trkpt lat="46.543480" lon="10.504865"><ele>0</ele></trkpt>
      <trkpt lat="46.543588" lon="10.504900"><ele>0</ele></trkpt>
      <trkpt lat="46.543685" lon="10.504936"><ele>0</ele></trkpt>
      <trkpt lat="46.543733" lon="10.504947"><ele>0</ele></trkpt>
      <trkpt lat="46.543789" lon="10.504955"><ele>0</ele></trkpt>
      <trkpt lat="46.543838" lon="10.504953"><ele>0</ele></trkpt>
      <trkpt lat="46.543892" lon="10.504942"><ele>0</ele></trkpt>
      <trkpt lat="46.543943" lon="10.504939"><ele>0</ele></trkpt>
      <trkpt lat="46.543977" lon="10.504938"><ele>0</ele></trkpt>
      <trkpt lat="46.544016" lon="10.504941"><ele>0</ele></trkpt>
      <trkpt lat="46.544066" lon="10.504961"><ele>0</ele></trkpt>
      <trkpt lat="46.544131" lon="10.504994"><ele>0</ele></trkpt>
      <trkpt lat="46.544194" lon="10.505029"><ele>0</ele></trkpt>
      <trkpt lat="46.544295" lon="10.505088"><ele>0</ele></trkpt>
      <trkpt lat="46.544363" lon="10.505122"><ele>0</ele></trkpt>
      <trkpt lat="46.544405" lon="10.505134"><ele>0</ele></trkpt>
      <trkpt lat="46.544473" lon="10.505138"><ele>0</ele></trkpt>
      <trkpt lat="46.544538" lon="10.505125"><ele>0</ele></trkpt>
      <trkpt lat="46.544604" lon="10.505109"><ele>0</ele></trkpt>
      <trkpt lat="46.544678" lon="10.505084"><ele>0</ele></trkpt>
      <trkpt lat="46.544739" lon="10.505067"><ele>0</ele></trkpt>
      <trkpt lat="46.544822" lon="10.505040"><ele>0</ele></trkpt>
      <trkpt lat="46.544939" lon="10.505017"><ele>0</ele></trkpt>
      <trkpt lat="46.545087" lon="10.504986"><ele>0</ele></trkpt>
      <trkpt lat="46.545090" lon="10.504986"><ele>0</ele></trkpt>
      <trkpt lat="46.545094" lon="10.504984"><ele>0</ele></trkpt>
      <trkpt lat="46.545097" lon="10.504983"><ele>0</ele></trkpt>
      <trkpt lat="46.545101" lon="10.504982"><ele>0</ele></trkpt>
      <trkpt lat="46.545104" lon="10.504980"><ele>0</ele></trkpt>
      <trkpt lat="46.545108" lon="10.504978"><ele>0</ele></trkpt>
      <trkpt lat="46.545111" lon="10.504975"><ele>0</ele></trkpt>
      <trkpt lat="46.545114" lon="10.504972"><ele>0</ele></trkpt>
      <trkpt lat="46.545117" lon="10.504969"><ele>0</ele></trkpt>
      <trkpt lat="46.545120" lon="10.504966"><ele>0</ele></trkpt>
      <trkpt lat="46.545122" lon="10.504962"><ele>0</ele></trkpt>
      <trkpt lat="46.545124" lon="10.504958"><ele>0</ele></trkpt>
      <trkpt lat="46.545126" lon="10.504954"><ele>0</ele></trkpt>
      <trkpt lat="46.545128" lon="10.504949"><ele>0</ele></trkpt>
      <trkpt lat="46.545130" lon="10.504944"><ele>0</ele></trkpt>
      <trkpt lat="46.545131" lon="10.504938"><ele>0</ele></trkpt>
      <trkpt lat="46.545131" lon="10.504932"><ele>0</ele></trkpt>
      <trkpt lat="46.545131" lon="10.504926"><ele>0</ele></trkpt>
      <trkpt lat="46.545131" lon="10.504919"><ele>0</ele></trkpt>
      <trkpt lat="46.545130" lon="10.504912"><ele>0</ele></trkpt>
      <trkpt lat="46.545129" lon="10.504905"><ele>0</ele></trkpt>
      <trkpt lat="46.545127" lon="10.504899"><ele>0</ele></trkpt>
      <trkpt lat="46.545125" lon="10.504893"><ele>0</ele></trkpt>
      <trkpt lat="46.545123" lon="10.504889"><ele>0</ele></trkpt>
      <trkpt lat="46.545120" lon="10.504885"><ele>0</ele></trkpt>
      <trkpt lat="46.545118" lon="10.504881"><ele>0</ele></trkpt>
      <trkpt lat="46.545115" lon="10.504878"><ele>0</ele></trkpt>
      <trkpt lat="46.545112" lon="10.504876"><ele>0</ele></trkpt>
      <trkpt lat="46.545109" lon="10.504874"><ele>0</ele></trkpt>
      <trkpt lat="46.545106" lon="10.504872"><ele>0</ele></trkpt>
      <trkpt lat="46.545103" lon="10.504871"><ele>0</ele></trkpt>
      <trkpt lat="46.545100" lon="10.504870"><ele>0</ele></trkpt>
      <trkpt lat="46.545098" lon="10.504869"><ele>0</ele></trkpt>
      <trkpt lat="46.545095" lon="10.504869"><ele>0</ele></trkpt>
      <trkpt lat="46.545092" lon="10.504869"><ele>0</ele></trkpt>
      <trkpt lat="46.545088" lon="10.504869"><ele>0</ele></trkpt>
      <trkpt lat="46.545033" lon="10.504875"><ele>0</ele></trkpt>
      <trkpt lat="46.544948" lon="10.504880"><ele>0</ele></trkpt>
      <trkpt lat="46.544885" lon="10.504884"><ele>0</ele></trkpt>
      <trkpt lat="46.544765" lon="10.504893"><ele>0</ele></trkpt>
      <trkpt lat="46.544552" lon="10.504902"><ele>0</ele></trkpt>
      <trkpt lat="46.544496" lon="10.504900"><ele>0</ele></trkpt>
      <trkpt lat="46.544448" lon="10.504891"><ele>0</ele></trkpt>
      <trkpt lat="46.544422" lon="10.504881"><ele>0</ele></trkpt>
      <trkpt lat="46.544391" lon="10.504854"><ele>0</ele></trkpt>
      <trkpt lat="46.544351" lon="10.504810"><ele>0</ele></trkpt>
      <trkpt lat="46.544316" lon="10.504763"><ele>0</ele></trkpt>
      <trkpt lat="46.544261" lon="10.504682"><ele>0</ele></trkpt>
      <trkpt lat="46.544217" lon="10.504627"><ele>0</ele></trkpt>
      <trkpt lat="46.544173" lon="10.504571"><ele>0</ele></trkpt>
      <trkpt lat="46.544129" lon="10.504528"><ele>0</ele></trkpt>
      <trkpt lat="46.544079" lon="10.504496"><ele>0</ele></trkpt>
      <trkpt lat="46.544011" lon="10.504475"><ele>0</ele></trkpt>
      <trkpt lat="46.543949" lon="10.504466"><ele>0</ele></trkpt>
      <trkpt lat="46.543863" lon="10.504455"><ele>0</ele></trkpt>
      <trkpt lat="46.543831" lon="10.504452"><ele>0</ele></trkpt>
      <trkpt lat="46.543796" lon="10.504438"><ele>0</ele></trkpt>
      <trkpt lat="46.543751" lon="10.504411"><ele>0</ele></trkpt>
      <trkpt lat="46.543707" lon="10.504371"><ele>0</ele></trkpt>
      <trkpt lat="46.543652" lon="10.504320"><ele>0</ele></trkpt>
      <trkpt lat="46.543604" lon="10.504278"><ele>0</ele></trkpt>
      <trkpt lat="46.543562" lon="10.504246"><ele>0</ele></trkpt>
      <trkpt lat="46.543498" lon="10.504215"><ele>0</ele></trkpt>
      <trkpt lat="46.543389" lon="10.504158"><ele>0</ele></trkpt>
      <trkpt lat="46.543313" lon="10.504125"><ele>0</ele></trkpt>
      <trkpt lat="46.543247" lon="10.504093"><ele>0</ele></trkpt>
      <trkpt lat="46.543191" lon="10.504061"><ele>0</ele></trkpt>
      <trkpt lat="46.543135" lon="10.504024"><ele>0</ele></trkpt>
      <trkpt lat="46.543087" lon="10.503990"><ele>0</ele></trkpt>
      <trkpt lat="46.543039" lon="10.503947"><ele>0</ele></trkpt>
      <trkpt lat="46.542989" lon="10.503888"><ele>0</ele></trkpt>
      <trkpt lat="46.542945" lon="10.503836"><ele>0</ele></trkpt>
      <trkpt lat="46.542891" lon="10.503785"><ele>0</ele></trkpt>
      <trkpt lat="46.542832" lon="10.503738"><ele>0</ele></trkpt>
      <trkpt lat="46.542777" lon="10.503705"><ele>0</ele></trkpt>
      <trkpt lat="46.542728" lon="10.503682"><ele>0</ele></trkpt>
      <trkpt lat="46.542682" lon="10.503652"><ele>0</ele></trkpt>
      <trkpt lat="46.542648" lon="10.503622"><ele>0</ele></trkpt>
      <trkpt lat="46.542610" lon="10.503580"><ele>0</ele></trkpt>
      <trkpt lat="46.542580" lon="10.503535"><ele>0</ele></trkpt>
      <trkpt lat="46.542551" lon="10.503475"><ele>0</ele></trkpt>
      <trkpt lat="46.542514" lon="10.503386"><ele>0</ele></trkpt>
      <trkpt lat="46.542484" lon="10.503309"><ele>0</ele></trkpt>
      <trkpt lat="46.542454" lon="10.503227"><ele>0</ele></trkpt>
      <trkpt lat="46.542432" lon="10.503172"><ele>0</ele></trkpt>
      <trkpt lat="46.542403" lon="10.503132"><ele>0</ele></trkpt>
      <trkpt lat="46.542372" lon="10.503093"><ele>0</ele></trkpt>
      <trkpt lat="46.542346" lon="10.503069"><ele>0</ele></trkpt>
      <trkpt lat="46.542315" lon="10.503050"><ele>0</ele></trkpt>
      <trkpt lat="46.542279" lon="10.503040"><ele>0</ele></trkpt>
      <trkpt lat="46.542212" lon="10.503033"><ele>0</ele></trkpt>
      <trkpt lat="46.542153" lon="10.503033"><ele>0</ele></trkpt>
      <trkpt lat="46.542039" lon="10.503028"><ele>0</ele></trkpt>
      <trkpt lat="46.541985" lon="10.503029"><ele>0</ele></trkpt>
      <trkpt lat="46.541944" lon="10.503030"><ele>0</ele></trkpt>
      <trkpt lat="46.541907" lon="10.503033"><ele>0</ele></trkpt>
      <trkpt lat="46.541883" lon="10.503038"><ele>0</ele></trkpt>
      <trkpt lat="46.541835" lon="10.503046"><ele>0</ele></trkpt>
      <trkpt lat="46.541787" lon="10.503070"><ele>0</ele></trkpt>
      <trkpt lat="46.541756" lon="10.503088"><ele>0</ele></trkpt>
      <trkpt lat="46.541718" lon="10.503123"><ele>0</ele></trkpt>
      <trkpt lat="46.541684" lon="10.503168"><ele>0</ele></trkpt>
      <trkpt lat="46.541650" lon="10.503227"><ele>0</ele></trkpt>
      <trkpt lat="46.541629" lon="10.503278"><ele>0</ele></trkpt>
      <trkpt lat="46.541605" lon="10.503322"><ele>0</ele></trkpt>
      <trkpt lat="46.541578" lon="10.503366"><ele>0</ele></trkpt>
      <trkpt lat="46.541554" lon="10.503386"><ele>0</ele></trkpt>
      <trkpt lat="46.541508" lon="10.503409"><ele>0</ele></trkpt>
      <trkpt lat="46.541376" lon="10.503491"><ele>0</ele></trkpt>
      <trkpt lat="46.541303" lon="10.503524"><ele>0</ele></trkpt>
      <trkpt lat="46.541230" lon="10.503541"><ele>0</ele></trkpt>
      <trkpt lat="46.541170" lon="10.503542"><ele>0</ele></trkpt>
      <trkpt lat="46.541114" lon="10.503536"><ele>0</ele></trkpt>
      <trkpt lat="46.541034" lon="10.503524"><ele>0</ele></trkpt>
      <trkpt lat="46.540980" lon="10.503512"><ele>0</ele></trkpt>
      <trkpt lat="46.540944" lon="10.503490"><ele>0</ele></trkpt>
      <trkpt lat="46.540899" lon="10.503453"><ele>0</ele></trkpt>
      <trkpt lat="46.540861" lon="10.503398"><ele>0</ele></trkpt>
      <trkpt lat="46.540812" lon="10.503318"><ele>0</ele></trkpt>
      <trkpt lat="46.540764" lon="10.503252"><ele>0</ele></trkpt>
      <trkpt lat="46.540713" lon="10.503200"><ele>0</ele></trkpt>
      <trkpt lat="46.540633" lon="10.503135"><ele>0</ele></trkpt>
      <trkpt lat="46.540569" lon="10.503107"><ele>0</ele></trkpt>
      <trkpt lat="46.540497" lon="10.503077"><ele>0</ele></trkpt>
      <trkpt lat="46.540399" lon="10.503045"><ele>0</ele></trkpt>
      <trkpt lat="46.540336" lon="10.503025"><ele>0</ele></trkpt>
      <trkpt lat="46.540333" lon="10.503023"><ele>0</ele></trkpt>
      <trkpt lat="46.540330" lon="10.503022"><ele>0</ele></trkpt>
      <trkpt lat="46.540327" lon="10.503021"><ele>0</ele></trkpt>
      <trkpt lat="46.540323" lon="10.503019"><ele>0</ele></trkpt>
      <trkpt lat="46.540319" lon="10.503016"><ele>0</ele></trkpt>
      <trkpt lat="46.540315" lon="10.503013"><ele>0</ele></trkpt>
      <trkpt lat="46.540311" lon="10.503010"><ele>0</ele></trkpt>
      <trkpt lat="46.540306" lon="10.503006"><ele>0</ele></trkpt>
      <trkpt lat="46.540302" lon="10.503001"><ele>0</ele></trkpt>
      <trkpt lat="46.540298" lon="10.502996"><ele>0</ele></trkpt>
      <trkpt lat="46.540294" lon="10.502991"><ele>0</ele></trkpt>
      <trkpt lat="46.540291" lon="10.502985"><ele>0</ele></trkpt>
      <trkpt lat="46.540288" lon="10.502978"><ele>0</ele></trkpt>
      <trkpt lat="46.540285" lon="10.502970"><ele>0</ele></trkpt>
      <trkpt lat="46.540283" lon="10.502962"><ele>0</ele></trkpt>
      <trkpt lat="46.540283" lon="10.502953"><ele>0</ele></trkpt>
      <trkpt lat="46.540283" lon="10.502943"><ele>0</ele></trkpt>
      <trkpt lat="46.540284" lon="10.502933"><ele>0</ele></trkpt>
      <trkpt lat="46.540286" lon="10.502923"><ele>0</ele></trkpt>
      <trkpt lat="46.540289" lon="10.502914"><ele>0</ele></trkpt>
      <trkpt lat="46.540292" lon="10.502906"><ele>0</ele></trkpt>
      <trkpt lat="46.540296" lon="10.502899"><ele>0</ele></trkpt>
      <trkpt lat="46.540300" lon="10.502894"><ele>0</ele></trkpt>
      <trkpt lat="46.540304" lon="10.502889"><ele>0</ele></trkpt>
      <trkpt lat="46.540309" lon="10.502885"><ele>0</ele></trkpt>
      <trkpt lat="46.540314" lon="10.502882"><ele>0</ele></trkpt>
      <trkpt lat="46.540319" lon="10.502880"><ele>0</ele></trkpt>
      <trkpt lat="46.540324" lon="10.502878"><ele>0</ele></trkpt>
      <trkpt lat="46.540329" lon="10.502877"><ele>0</ele></trkpt>
      <trkpt lat="46.540334" lon="10.502876"><ele>0</ele></trkpt>
      <trkpt lat="46.540338" lon="10.502875"><ele>0</ele></trkpt>
      <trkpt lat="46.540342" lon="10.502875"><ele>0</ele></trkpt>
      <trkpt lat="46.540346" lon="10.502875"><ele>0</ele></trkpt>
      <trkpt lat="46.540349" lon="10.502876"><ele>0</ele></trkpt>
      <trkpt lat="46.540352" lon="10.502876"><ele>0</ele></trkpt>
      <trkpt lat="46.540355" lon="10.502876"><ele>0</ele></trkpt>
      <trkpt lat="46.540409" lon="10.502894"><ele>0</ele></trkpt>
      <trkpt lat="46.540480" lon="10.502918"><ele>0</ele></trkpt>
      <trkpt lat="46.540548" lon="10.502938"><ele>0</ele></trkpt>
      <trkpt lat="46.540618" lon="10.502965"><ele>0</ele></trkpt>
      <trkpt lat="46.540697" lon="10.502999"><ele>0</ele></trkpt>
      <trkpt lat="46.540778" lon="10.503038"><ele>0</ele></trkpt>
      <trkpt lat="46.540848" lon="10.503088"><ele>0</ele></trkpt>
      <trkpt lat="46.540895" lon="10.503136"><ele>0</ele></trkpt>
      <trkpt lat="46.540965" lon="10.503197"><ele>0</ele></trkpt>
      <trkpt lat="46.541003" lon="10.503223"><ele>0</ele></trkpt>
      <trkpt lat="46.541042" lon="10.503242"><ele>0</ele></trkpt>
      <trkpt lat="46.541109" lon="10.503250"><ele>0</ele></trkpt>
      <trkpt lat="46.541149" lon="10.503242"><ele>0</ele></trkpt>
      <trkpt lat="46.541184" lon="10.503235"><ele>0</ele></trkpt>
      <trkpt lat="46.541215" lon="10.503212"><ele>0</ele></trkpt>
      <trkpt lat="46.541248" lon="10.503163"><ele>0</ele></trkpt>
      <trkpt lat="46.541265" lon="10.503102"><ele>0</ele></trkpt>
      <trkpt lat="46.541267" lon="10.503026"><ele>0</ele></trkpt>
      <trkpt lat="46.541271" lon="10.502930"><ele>0</ele></trkpt>
      <trkpt lat="46.541278" lon="10.502798"><ele>0</ele></trkpt>
      <trkpt lat="46.541288" lon="10.502690"><ele>0</ele></trkpt>
      <trkpt lat="46.541304" lon="10.502577"><ele>0</ele></trkpt>
      <trkpt lat="46.541324" lon="10.502468"><ele>0</ele></trkpt>
      <trkpt lat="46.541349" lon="10.502363"><ele>0</ele></trkpt>
      <trkpt lat="46.541384" lon="10.502218"><ele>0</ele></trkpt>
      <trkpt lat="46.541405" lon="10.502124"><ele>0</ele></trkpt>
      <trkpt lat="46.541406" lon="10.502119"><ele>0</ele></trkpt>
      <trkpt lat="46.541407" lon="10.502114"><ele>0</ele></trkpt>
      <trkpt lat="46.541407" lon="10.502108"><ele>0</ele></trkpt>
      <trkpt lat="46.541408" lon="10.502102"><ele>0</ele></trkpt>
      <trkpt lat="46.541408" lon="10.502096"><ele>0</ele></trkpt>
      <trkpt lat="46.541409" lon="10.502089"><ele>0</ele></trkpt>
      <trkpt lat="46.541408" lon="10.502082"><ele>0</ele></trkpt>
      <trkpt lat="46.541408" lon="10.502074"><ele>0</ele></trkpt>
      <trkpt lat="46.541408" lon="10.502067"><ele>0</ele></trkpt>
      <trkpt lat="46.541407" lon="10.502060"><ele>0</ele></trkpt>
      <trkpt lat="46.541405" lon="10.502052"><ele>0</ele></trkpt>
      <trkpt lat="46.541404" lon="10.502045"><ele>0</ele></trkpt>
      <trkpt lat="46.541402" lon="10.502038"><ele>0</ele></trkpt>
      <trkpt lat="46.541399" lon="10.502032"><ele>0</ele></trkpt>
      <trkpt lat="46.541396" lon="10.502026"><ele>0</ele></trkpt>
      <trkpt lat="46.541392" lon="10.502021"><ele>0</ele></trkpt>
      <trkpt lat="46.541388" lon="10.502016"><ele>0</ele></trkpt>
      <trkpt lat="46.541383" lon="10.502012"><ele>0</ele></trkpt>
      <trkpt lat="46.541377" lon="10.502009"><ele>0</ele></trkpt>
      <trkpt lat="46.541371" lon="10.502007"><ele>0</ele></trkpt>
      <trkpt lat="46.541365" lon="10.502006"><ele>0</ele></trkpt>
      <trkpt lat="46.541359" lon="10.502005"><ele>0</ele></trkpt>
      <trkpt lat="46.541353" lon="10.502006"><ele>0</ele></trkpt>
      <trkpt lat="46.541348" lon="10.502007"><ele>0</ele></trkpt>
      <trkpt lat="46.541343" lon="10.502009"><ele>0</ele></trkpt>
      <trkpt lat="46.541339" lon="10.502011"><ele>0</ele></trkpt>
      <trkpt lat="46.541335" lon="10.502014"><ele>0</ele></trkpt>
      <trkpt lat="46.541332" lon="10.502018"><ele>0</ele></trkpt>
      <trkpt lat="46.541328" lon="10.502021"><ele>0</ele></trkpt>
      <trkpt lat="46.541326" lon="10.502025"><ele>0</ele></trkpt>
      <trkpt lat="46.541323" lon="10.502029"><ele>0</ele></trkpt>
      <trkpt lat="46.541321" lon="10.502032"><ele>0</ele></trkpt>
      <trkpt lat="46.541319" lon="10.502036"><ele>0</ele></trkpt>
      <trkpt lat="46.541317" lon="10.502039"><ele>0</ele></trkpt>
      <trkpt lat="46.541316" lon="10.502043"><ele>0</ele></trkpt>
      <trkpt lat="46.541314" lon="10.502047"><ele>0</ele></trkpt>
      <trkpt lat="46.541313" lon="10.502050"><ele>0</ele></trkpt>
      <trkpt lat="46.541295" lon="10.502142"><ele>0</ele></trkpt>
      <trkpt lat="46.541277" lon="10.502228"><ele>0</ele></trkpt>
      <trkpt lat="46.541256" lon="10.502313"><ele>0</ele></trkpt>
      <trkpt lat="46.541212" lon="10.502485"><ele>0</ele></trkpt>
      <trkpt lat="46.541152" lon="10.502691"><ele>0</ele></trkpt>
      <trkpt lat="46.541118" lon="10.502806"><ele>0</ele></trkpt>
      <trkpt lat="46.541088" lon="10.502939"><ele>0</ele></trkpt>
      <trkpt lat="46.541087" lon="10.502943"><ele>0</ele></trkpt>
      <trkpt lat="46.541086" lon="10.502947"><ele>0</ele></trkpt>
      <trkpt lat="46.541084" lon="10.502951"><ele>0</ele></trkpt>
      <trkpt lat="46.541082" lon="10.502955"><ele>0</ele></trkpt>
      <trkpt lat="46.541080" lon="10.502960"><ele>0</ele></trkpt>
      <trkpt lat="46.541077" lon="10.502965"><ele>0</ele></trkpt>
      <trkpt lat="46.541075" lon="10.502970"><ele>0</ele></trkpt>
      <trkpt lat="46.541071" lon="10.502975"><ele>0</ele></trkpt>
      <trkpt lat="46.541068" lon="10.502980"><ele>0</ele></trkpt>
      <trkpt lat="46.541064" lon="10.502985"><ele>0</ele></trkpt>
      <trkpt lat="46.541059" lon="10.502989"><ele>0</ele></trkpt>
      <trkpt lat="46.541055" lon="10.502992"><ele>0</ele></trkpt>
      <trkpt lat="46.541050" lon="10.502995"><ele>0</ele></trkpt>
      <trkpt lat="46.541044" lon="10.502996"><ele>0</ele></trkpt>
      <trkpt lat="46.541038" lon="10.502997"><ele>0</ele></trkpt>
      <trkpt lat="46.541033" lon="10.502996"><ele>0</ele></trkpt>
      <trkpt lat="46.541026" lon="10.502994"><ele>0</ele></trkpt>
      <trkpt lat="46.541019" lon="10.502990"><ele>0</ele></trkpt>
      <trkpt lat="46.541013" lon="10.502985"><ele>0</ele></trkpt>
      <trkpt lat="46.541007" lon="10.502980"><ele>0</ele></trkpt>
      <trkpt lat="46.541003" lon="10.502974"><ele>0</ele></trkpt>
      <trkpt lat="46.540999" lon="10.502968"><ele>0</ele></trkpt>
      <trkpt lat="46.540997" lon="10.502962"><ele>0</ele></trkpt>
      <trkpt lat="46.540994" lon="10.502955"><ele>0</ele></trkpt>
      <trkpt lat="46.540993" lon="10.502949"><ele>0</ele></trkpt>
      <trkpt lat="46.540992" lon="10.502942"><ele>0</ele></trkpt>
      <trkpt lat="46.540992" lon="10.502935"><ele>0</ele></trkpt>
      <trkpt lat="46.540992" lon="10.502929"><ele>0</ele></trkpt>
      <trkpt lat="46.540992" lon="10.502923"><ele>0</ele></trkpt>
      <trkpt lat="46.540993" lon="10.502917"><ele>0</ele></trkpt>
      <trkpt lat="46.540994" lon="10.502911"><ele>0</ele></trkpt>
      <trkpt lat="46.540995" lon="10.502906"><ele>0</ele></trkpt>
      <trkpt lat="46.540996" lon="10.502902"><ele>0</ele></trkpt>
      <trkpt lat="46.540997" lon="10.502898"><ele>0</ele></trkpt>
      <trkpt lat="46.540999" lon="10.502894"><ele>0</ele></trkpt>
      <trkpt lat="46.541000" lon="10.502891"><ele>0</ele></trkpt>
      <trkpt lat="46.541022" lon="10.502814"><ele>0</ele></trkpt>
      <trkpt lat="46.541044" lon="10.502728"><ele>0</ele></trkpt>
      <trkpt lat="46.541070" lon="10.502623"><ele>0</ele></trkpt>
      <trkpt lat="46.541093" lon="10.502504"><ele>0</ele></trkpt>
      <trkpt lat="46.541119" lon="10.502368"><ele>0</ele></trkpt>
      <trkpt lat="46.541136" lon="10.502255"><ele>0</ele></trkpt>
      <trkpt lat="46.541162" lon="10.502126"><ele>0</ele></trkpt>
      <trkpt lat="46.541182" lon="10.502037"><ele>0</ele></trkpt>
      <trkpt lat="46.541205" lon="10.501940"><ele>0</ele></trkpt>
      <trkpt lat="46.541234" lon="10.501843"><ele>0</ele></trkpt>
      <trkpt lat="46.541258" lon="10.501757"><ele>0</ele></trkpt>
      <trkpt lat="46.541283" lon="10.501662"><ele>0</ele></trkpt>
      <trkpt lat="46.541300" lon="10.501587"><ele>0</ele></trkpt>
      <trkpt lat="46.541320" lon="10.501485"><ele>0</ele></trkpt>
      <trkpt lat="46.541341" lon="10.501381"><ele>0</ele></trkpt>
      <trkpt lat="46.541369" lon="10.501236"><ele>0</ele></trkpt>
      <trkpt lat="46.541386" lon="10.501140"><ele>0</ele></trkpt>
      <trkpt lat="46.541386" lon="10.501138"><ele>0</ele></trkpt>
      <trkpt lat="46.541386" lon="10.501135"><ele>0</ele></trkpt>
      <trkpt lat="46.541387" lon="10.501132"><ele>0</ele></trkpt>
      <trkpt lat="46.541387" lon="10.501128"><ele>0</ele></trkpt>
      <trkpt lat="46.541388" lon="10.501124"><ele>0</ele></trkpt>
      <trkpt lat="46.541388" lon="10.501119"><ele>0</ele></trkpt>
      <trkpt lat="46.541388" lon="10.501115"><ele>0</ele></trkpt>
      <trkpt lat="46.541388" lon="10.501109"><ele>0</ele></trkpt>
      <trkpt lat="46.541388" lon="10.501104"><ele>0</ele></trkpt>
      <trkpt lat="46.541387" lon="10.501099"><ele>0</ele></trkpt>
      <trkpt lat="46.541386" lon="10.501094"><ele>0</ele></trkpt>
      <trkpt lat="46.541385" lon="10.501088"><ele>0</ele></trkpt>
      <trkpt lat="46.541384" lon="10.501083"><ele>0</ele></trkpt>
      <trkpt lat="46.541382" lon="10.501078"><ele>0</ele></trkpt>
      <trkpt lat="46.541379" lon="10.501074"><ele>0</ele></trkpt>
      <trkpt lat="46.541376" lon="10.501069"><ele>0</ele></trkpt>
      <trkpt lat="46.541372" lon="10.501065"><ele>0</ele></trkpt>
      <trkpt lat="46.541368" lon="10.501062"><ele>0</ele></trkpt>
      <trkpt lat="46.541364" lon="10.501059"><ele>0</ele></trkpt>
      <trkpt lat="46.541359" lon="10.501057"><ele>0</ele></trkpt>
      <trkpt lat="46.541355" lon="10.501055"><ele>0</ele></trkpt>
      <trkpt lat="46.541351" lon="10.501055"><ele>0</ele></trkpt>
      <trkpt lat="46.541347" lon="10.501054"><ele>0</ele></trkpt>
      <trkpt lat="46.541343" lon="10.501055"><ele>0</ele></trkpt>
      <trkpt lat="46.541340" lon="10.501055"><ele>0</ele></trkpt>
      <trkpt lat="46.541336" lon="10.501057"><ele>0</ele></trkpt>
      <trkpt lat="46.541333" lon="10.501058"><ele>0</ele></trkpt>
      <trkpt lat="46.541330" lon="10.501060"><ele>0</ele></trkpt>
      <trkpt lat="46.541327" lon="10.501063"><ele>0</ele></trkpt>
      <trkpt lat="46.541324" lon="10.501066"><ele>0</ele></trkpt>
      <trkpt lat="46.541321" lon="10.501069"><ele>0</ele></trkpt>
      <trkpt lat="46.541319" lon="10.501072"><ele>0</ele></trkpt>
      <trkpt lat="46.541316" lon="10.501075"><ele>0</ele></trkpt>
      <trkpt lat="46.541314" lon="10.501079"><ele>0</ele></trkpt>
      <trkpt lat="46.541312" lon="10.501083"><ele>0</ele></trkpt>
      <trkpt lat="46.541310" lon="10.501086"><ele>0</ele></trkpt>
      <trkpt lat="46.541309" lon="10.501091"><ele>0</ele></trkpt>
      <trkpt lat="46.541307" lon="10.501094"><ele>0</ele></trkpt>
      <trkpt lat="46.541293" lon="10.501140"><ele>0</ele></trkpt>
      <trkpt lat="46.541242" lon="10.501302"><ele>0</ele></trkpt>
      <trkpt lat="46.541197" lon="10.501431"><ele>0</ele></trkpt>
      <trkpt lat="46.541115" lon="10.501666"><ele>0</ele></trkpt>
      <trkpt lat="46.541060" lon="10.501812"><ele>0</ele></trkpt>
      <trkpt lat="46.540975" lon="10.502059"><ele>0</ele></trkpt>
      <trkpt lat="46.540948" lon="10.502144"><ele>0</ele></trkpt>
      <trkpt lat="46.540920" lon="10.502254"><ele>0</ele></trkpt>
      <trkpt lat="46.540919" lon="10.502259"><ele>0</ele></trkpt>
      <trkpt lat="46.540917" lon="10.502263"><ele>0</ele></trkpt>
      <trkpt lat="46.540916" lon="10.502268"><ele>0</ele></trkpt>
      <trkpt lat="46.540914" lon="10.502273"><ele>0</ele></trkpt>
      <trkpt lat="46.540912" lon="10.502278"><ele>0</ele></trkpt>
      <trkpt lat="46.540910" lon="10.502283"><ele>0</ele></trkpt>
      <trkpt lat="46.540907" lon="10.502288"><ele>0</ele></trkpt>
      <trkpt lat="46.540904" lon="10.502293"><ele>0</ele></trkpt>
      <trkpt lat="46.540901" lon="10.502297"><ele>0</ele></trkpt>
      <trkpt lat="46.540898" lon="10.502302"><ele>0</ele></trkpt>
      <trkpt lat="46.540895" lon="10.502306"><ele>0</ele></trkpt>
      <trkpt lat="46.540891" lon="10.502309"><ele>0</ele></trkpt>
      <trkpt lat="46.540887" lon="10.502312"><ele>0</ele></trkpt>
      <trkpt lat="46.540883" lon="10.502314"><ele>0</ele></trkpt>
      <trkpt lat="46.540879" lon="10.502316"><ele>0</ele></trkpt>
      <trkpt lat="46.540874" lon="10.502317"><ele>0</ele></trkpt>
      <trkpt lat="46.540869" lon="10.502317"><ele>0</ele></trkpt>
      <trkpt lat="46.540864" lon="10.502316"><ele>0</ele></trkpt>
      <trkpt lat="46.540859" lon="10.502314"><ele>0</ele></trkpt>
      <trkpt lat="46.540853" lon="10.502311"><ele>0</ele></trkpt>
      <trkpt lat="46.540848" lon="10.502307"><ele>0</ele></trkpt>
      <trkpt lat="46.540843" lon="10.502303"><ele>0</ele></trkpt>
      <trkpt lat="46.540840" lon="10.502298"><ele>0</ele></trkpt>
      <trkpt lat="46.540836" lon="10.502293"><ele>0</ele></trkpt>
      <trkpt lat="46.540834" lon="10.502288"><ele>0</ele></trkpt>
      <trkpt lat="46.540832" lon="10.502283"><ele>0</ele></trkpt>
      <trkpt lat="46.540831" lon="10.502278"><ele>0</ele></trkpt>
      <trkpt lat="46.540830" lon="10.502273"><ele>0</ele></trkpt>
      <trkpt lat="46.540830" lon="10.502267"><ele>0</ele></trkpt>
      <trkpt lat="46.540830" lon="10.502262"><ele>0</ele></trkpt>
      <trkpt lat="46.540830" lon="10.502257"><ele>0</ele></trkpt>
      <trkpt lat="46.540830" lon="10.502253"><ele>0</ele></trkpt>
      <trkpt lat="46.540831" lon="10.502248"><ele>0</ele></trkpt>
      <trkpt lat="46.540831" lon="10.502244"><ele>0</ele></trkpt>
      <trkpt lat="46.540832" lon="10.502241"><ele>0</ele></trkpt>
      <trkpt lat="46.540833" lon="10.502238"><ele>0</ele></trkpt>
      <trkpt lat="46.540834" lon="10.502232"><ele>0</ele></trkpt>
      <trkpt lat="46.540849" lon="10.502188"><ele>0</ele></trkpt>
      <trkpt lat="46.540866" lon="10.502131"><ele>0</ele></trkpt>
      <trkpt lat="46.540890" lon="10.502059"><ele>0</ele></trkpt>
      <trkpt lat="46.540915" lon="10.501969"><ele>0</ele></trkpt>
      <trkpt lat="46.540936" lon="10.501885"><ele>0</ele></trkpt>
      <trkpt lat="46.540950" lon="10.501804"><ele>0</ele></trkpt>
      <trkpt lat="46.540956" lon="10.501709"><ele>0</ele></trkpt>
      <trkpt lat="46.540957" lon="10.501609"><ele>0</ele></trkpt>
      <trkpt lat="46.540952" lon="10.501521"><ele>0</ele></trkpt>
      <trkpt lat="46.540954" lon="10.501414"><ele>0</ele></trkpt>
      <trkpt lat="46.540958" lon="10.501332"><ele>0</ele></trkpt>
      <trkpt lat="46.540970" lon="10.501214"><ele>0</ele></trkpt>
      <trkpt lat="46.540979" lon="10.501124"><ele>0</ele></trkpt>
      <trkpt lat="46.540979" lon="10.501120"><ele>0</ele></trkpt>
      <trkpt lat="46.540979" lon="10.501116"><ele>0</ele></trkpt>
      <trkpt lat="46.540979" lon="10.501111"><ele>0</ele></trkpt>
      <trkpt lat="46.540979" lon="10.501106"><ele>0</ele></trkpt>
      <trkpt lat="46.540979" lon="10.501099"><ele>0</ele></trkpt>
      <trkpt lat="46.540978" lon="10.501093"><ele>0</ele></trkpt>
      <trkpt lat="46.540977" lon="10.501086"><ele>0</ele></trkpt>
      <trkpt lat="46.540976" lon="10.501079"><ele>0</ele></trkpt>
      <trkpt lat="46.540975" lon="10.501072"><ele>0</ele></trkpt>
      <trkpt lat="46.540973" lon="10.501065"><ele>0</ele></trkpt>
      <trkpt lat="46.540970" lon="10.501058"><ele>0</ele></trkpt>
      <trkpt lat="46.540967" lon="10.501052"><ele>0</ele></trkpt>
      <trkpt lat="46.540963" lon="10.501046"><ele>0</ele></trkpt>
      <trkpt lat="46.540959" lon="10.501040"><ele>0</ele></trkpt>
      <trkpt lat="46.540954" lon="10.501036"><ele>0</ele></trkpt>
      <trkpt lat="46.540948" lon="10.501031"><ele>0</ele></trkpt>
      <trkpt lat="46.540941" lon="10.501029"><ele>0</ele></trkpt>
      <trkpt lat="46.540933" lon="10.501027"><ele>0</ele></trkpt>
      <trkpt lat="46.540926" lon="10.501026"><ele>0</ele></trkpt>
      <trkpt lat="46.540919" lon="10.501026"><ele>0</ele></trkpt>
      <trkpt lat="46.540912" lon="10.501028"><ele>0</ele></trkpt>
      <trkpt lat="46.540907" lon="10.501030"><ele>0</ele></trkpt>
      <trkpt lat="46.540902" lon="10.501033"><ele>0</ele></trkpt>
      <trkpt lat="46.540897" lon="10.501037"><ele>0</ele></trkpt>
      <trkpt lat="46.540893" lon="10.501041"><ele>0</ele></trkpt>
      <trkpt lat="46.540890" lon="10.501046"><ele>0</ele></trkpt>
      <trkpt lat="46.540887" lon="10.501051"><ele>0</ele></trkpt>
      <trkpt lat="46.540885" lon="10.501057"><ele>0</ele></trkpt>
      <trkpt lat="46.540882" lon="10.501062"><ele>0</ele></trkpt>
      <trkpt lat="46.540881" lon="10.501067"><ele>0</ele></trkpt>
      <trkpt lat="46.540879" lon="10.501072"><ele>0</ele></trkpt>
      <trkpt lat="46.540878" lon="10.501077"><ele>0</ele></trkpt>
      <trkpt lat="46.540878" lon="10.501081"><ele>0</ele></trkpt>
      <trkpt lat="46.540877" lon="10.501085"><ele>0</ele></trkpt>
      <trkpt lat="46.540876" lon="10.501090"><ele>0</ele></trkpt>
      <trkpt lat="46.540876" lon="10.501093"><ele>0</ele></trkpt>
      <trkpt lat="46.540873" lon="10.501127"><ele>0</ele></trkpt>
      <trkpt lat="46.540869" lon="10.501215"><ele>0</ele></trkpt>
      <trkpt lat="46.540863" lon="10.501333"><ele>0</ele></trkpt>
      <trkpt lat="46.540848" lon="10.501478"><ele>0</ele></trkpt>
      <trkpt lat="46.540842" lon="10.501570"><ele>0</ele></trkpt>
      <trkpt lat="46.540827" lon="10.501698"><ele>0</ele></trkpt>
      <trkpt lat="46.540813" lon="10.501788"><ele>0</ele></trkpt>
      <trkpt lat="46.540791" lon="10.501904"><ele>0</ele></trkpt>
      <trkpt lat="46.540769" lon="10.502013"><ele>0</ele></trkpt>
      <trkpt lat="46.540768" lon="10.502019"><ele>0</ele></trkpt>
      <trkpt lat="46.540766" lon="10.502026"><ele>0</ele></trkpt>
      <trkpt lat="46.540764" lon="10.502033"><ele>0</ele></trkpt>
      <trkpt lat="46.540762" lon="10.502039"><ele>0</ele></trkpt>
      <trkpt lat="46.540759" lon="10.502046"><ele>0</ele></trkpt>
      <trkpt lat="46.540757" lon="10.502053"><ele>0</ele></trkpt>
      <trkpt lat="46.540754" lon="10.502059"><ele>0</ele></trkpt>
      <trkpt lat="46.540750" lon="10.502066"><ele>0</ele></trkpt>
      <trkpt lat="46.540747" lon="10.502071"><ele>0</ele></trkpt>
      <trkpt lat="46.540743" lon="10.502077"><ele>0</ele></trkpt>
      <trkpt lat="46.540739" lon="10.502081"><ele>0</ele></trkpt>
      <trkpt lat="46.540735" lon="10.502085"><ele>0</ele></trkpt>
      <trkpt lat="46.540731" lon="10.502089"><ele>0</ele></trkpt>
      <trkpt lat="46.540726" lon="10.502091"><ele>0</ele></trkpt>
      <trkpt lat="46.540721" lon="10.502092"><ele>0</ele></trkpt>
      <trkpt lat="46.540716" lon="10.502093"><ele>0</ele></trkpt>
      <trkpt lat="46.540711" lon="10.502092"><ele>0</ele></trkpt>
      <trkpt lat="46.540705" lon="10.502090"><ele>0</ele></trkpt>
      <trkpt lat="46.540699" lon="10.502086"><ele>0</ele></trkpt>
      <trkpt lat="46.540694" lon="10.502081"><ele>0</ele></trkpt>
      <trkpt lat="46.540688" lon="10.502076"><ele>0</ele></trkpt>
      <trkpt lat="46.540683" lon="10.502070"><ele>0</ele></trkpt>
      <trkpt lat="46.540679" lon="10.502063"><ele>0</ele></trkpt>
      <trkpt lat="46.540676" lon="10.502057"><ele>0</ele></trkpt>
      <trkpt lat="46.540674" lon="10.502050"><ele>0</ele></trkpt>
      <trkpt lat="46.540672" lon="10.502043"><ele>0</ele></trkpt>
      <trkpt lat="46.540671" lon="10.502037"><ele>0</ele></trkpt>
      <trkpt lat="46.540671" lon="10.502030"><ele>0</ele></trkpt>
      <trkpt lat="46.540670" lon="10.502024"><ele>0</ele></trkpt>
      <trkpt lat="46.540670" lon="10.502017"><ele>0</ele></trkpt>
      <trkpt lat="46.540671" lon="10.502011"><ele>0</ele></trkpt>
      <trkpt lat="46.540672" lon="10.502006"><ele>0</ele></trkpt>
      <trkpt lat="46.540672" lon="10.502001"><ele>0</ele></trkpt>
      <trkpt lat="46.540673" lon="10.501996"><ele>0</ele></trkpt>
      <trkpt lat="46.540674" lon="10.501992"><ele>0</ele></trkpt>
      <trkpt lat="46.540675" lon="10.501988"><ele>0</ele></trkpt>
      <trkpt lat="46.540676" lon="10.501984"><ele>0</ele></trkpt>
      <trkpt lat="46.540677" lon="10.501982"><ele>0</ele></trkpt>
      <trkpt lat="46.540686" lon="10.501953"><ele>0</ele></trkpt>
      <trkpt lat="46.540713" lon="10.501878"><ele>0</ele></trkpt>
      <trkpt lat="46.540735" lon="10.501799"><ele>0</ele></trkpt>
      <trkpt lat="46.540742" lon="10.501726"><ele>0</ele></trkpt>
      <trkpt lat="46.540741" lon="10.501668"><ele>0</ele></trkpt>
      <trkpt lat="46.540730" lon="10.501568"><ele>0</ele></trkpt>
      <trkpt lat="46.540711" lon="10.501454"><ele>0</ele></trkpt>
      <trkpt lat="46.540700" lon="10.501345"><ele>0</ele></trkpt>
      <trkpt lat="46.540691" lon="10.501261"><ele>0</ele></trkpt>
      <trkpt lat="46.540697" lon="10.501156"><ele>0</ele></trkpt>
      <trkpt lat="46.540707" lon="10.501007"><ele>0</ele></trkpt>
      <trkpt lat="46.540722" lon="10.500905"><ele>0</ele></trkpt>
      <trkpt lat="46.540747" lon="10.500815"><ele>0</ele></trkpt>
      <trkpt lat="46.540773" lon="10.500713"><ele>0</ele></trkpt>
      <trkpt lat="46.540808" lon="10.500616"><ele>0</ele></trkpt>
      <trkpt lat="46.540849" lon="10.500542"><ele>0</ele></trkpt>
      <trkpt lat="46.540905" lon="10.500449"><ele>0</ele></trkpt>
      <trkpt lat="46.540960" lon="10.500356"><ele>0</ele></trkpt>
      <trkpt lat="46.541020" lon="10.500275"><ele>0</ele></trkpt>
      <trkpt lat="46.541080" lon="10.500195"><ele>0</ele></trkpt>
      <trkpt lat="46.541123" lon="10.500129"><ele>0</ele></trkpt>
      <trkpt lat="46.541250" lon="10.499950"><ele>0</ele></trkpt>
      <trkpt lat="46.541334" lon="10.499842"><ele>0</ele></trkpt>
      <trkpt lat="46.541393" lon="10.499758"><ele>0</ele></trkpt>
      <trkpt lat="46.541425" lon="10.499710"><ele>0</ele></trkpt>
      <trkpt lat="46.541427" lon="10.499707"><ele>0</ele></trkpt>
      <trkpt lat="46.541428" lon="10.499705"><ele>0</ele></trkpt>
      <trkpt lat="46.541430" lon="10.499702"><ele>0</ele></trkpt>
      <trkpt lat="46.541432" lon="10.499699"><ele>0</ele></trkpt>
      <trkpt lat="46.541434" lon="10.499695"><ele>0</ele></trkpt>
      <trkpt lat="46.541436" lon="10.499690"><ele>0</ele></trkpt>
      <trkpt lat="46.541438" lon="10.499686"><ele>0</ele></trkpt>
      <trkpt lat="46.541440" lon="10.499681"><ele>0</ele></trkpt>
      <trkpt lat="46.541442" lon="10.499675"><ele>0</ele></trkpt>
      <trkpt lat="46.541444" lon="10.499670"><ele>0</ele></trkpt>
      <trkpt lat="46.541445" lon="10.499664"><ele>0</ele></trkpt>
      <trkpt lat="46.541446" lon="10.499657"><ele>0</ele></trkpt>
      <trkpt lat="46.541446" lon="10.499651"><ele>0</ele></trkpt>
      <trkpt lat="46.541446" lon="10.499645"><ele>0</ele></trkpt>
      <trkpt lat="46.541445" lon="10.499638"><ele>0</ele></trkpt>
      <trkpt lat="46.541444" lon="10.499632"><ele>0</ele></trkpt>
      <trkpt lat="46.541441" lon="10.499625"><ele>0</ele></trkpt>
      <trkpt lat="46.541438" lon="10.499619"><ele>0</ele></trkpt>
      <trkpt lat="46.541435" lon="10.499613"><ele>0</ele></trkpt>
      <trkpt lat="46.541431" lon="10.499608"><ele>0</ele></trkpt>
      <trkpt lat="46.541427" lon="10.499605"><ele>0</ele></trkpt>
      <trkpt lat="46.541423" lon="10.499602"><ele>0</ele></trkpt>
      <trkpt lat="46.541419" lon="10.499601"><ele>0</ele></trkpt>
      <trkpt lat="46.541415" lon="10.499600"><ele>0</ele></trkpt>
      <trkpt lat="46.541410" lon="10.499600"><ele>0</ele></trkpt>
      <trkpt lat="46.541406" lon="10.499601"><ele>0</ele></trkpt>
      <trkpt lat="46.541402" lon="10.499602"><ele>0</ele></trkpt>
      <trkpt lat="46.541398" lon="10.499604"><ele>0</ele></trkpt>
      <trkpt lat="46.541394" lon="10.499606"><ele>0</ele></trkpt>
      <trkpt lat="46.541391" lon="10.499608"><ele>0</ele></trkpt>
      <trkpt lat="46.541387" lon="10.499610"><ele>0</ele></trkpt>
      <trkpt lat="46.541384" lon="10.499612"><ele>0</ele></trkpt>
      <trkpt lat="46.541382" lon="10.499614"><ele>0</ele></trkpt>
      <trkpt lat="46.541380" lon="10.499616"><ele>0</ele></trkpt>
      <trkpt lat="46.541377" lon="10.499619"><ele>0</ele></trkpt>
      <trkpt lat="46.541375" lon="10.499620"><ele>0</ele></trkpt>
      <trkpt lat="46.541352" lon="10.499647"><ele>0</ele></trkpt>
      <trkpt lat="46.541310" lon="10.499711"><ele>0</ele></trkpt>
      <trkpt lat="46.541243" lon="10.499789"><ele>0</ele></trkpt>
      <trkpt lat="46.541188" lon="10.499857"><ele>0</ele></trkpt>
      <trkpt lat="46.541133" lon="10.499911"><ele>0</ele></trkpt>
      <trkpt lat="46.541024" lon="10.500001"><ele>0</ele></trkpt>
      <trkpt lat="46.540844" lon="10.500139"><ele>0</ele></trkpt>
      <trkpt lat="46.540706" lon="10.500240"><ele>0</ele></trkpt>
      <trkpt lat="46.540632" lon="10.500299"><ele>0</ele></trkpt>
      <trkpt lat="46.540553" lon="10.500376"><ele>0</ele></trkpt>
      <trkpt lat="46.540474" lon="10.500477"><ele>0</ele></trkpt>
      <trkpt lat="46.540411" lon="10.500561"><ele>0</ele></trkpt>
      <trkpt lat="46.540356" lon="10.500632"><ele>0</ele></trkpt>
      <trkpt lat="46.540320" lon="10.500680"><ele>0</ele></trkpt>
      <trkpt lat="46.540265" lon="10.500731"><ele>0</ele></trkpt>
      <trkpt lat="46.540224" lon="10.500755"><ele>0</ele></trkpt>
      <trkpt lat="46.540168" lon="10.500772"><ele>0</ele></trkpt>
      <trkpt lat="46.540090" lon="10.500778"><ele>0</ele></trkpt>
      <trkpt lat="46.540027" lon="10.500787"><ele>0</ele></trkpt>
      <trkpt lat="46.539967" lon="10.500808"><ele>0</ele></trkpt>
      <trkpt lat="46.539926" lon="10.500832"><ele>0</ele></trkpt>
      <trkpt lat="46.539847" lon="10.500874"><ele>0</ele></trkpt>
      <trkpt lat="46.539710" lon="10.500946"><ele>0</ele></trkpt>
      <trkpt lat="46.539612" lon="10.501004"><ele>0</ele></trkpt>
      <trkpt lat="46.539391" lon="10.501118"><ele>0</ele></trkpt>
      <trkpt lat="46.539274" lon="10.501179"><ele>0</ele></trkpt>
      <trkpt lat="46.539205" lon="10.501215"><ele>0</ele></trkpt>
      <trkpt lat="46.539111" lon="10.501252"><ele>0</ele></trkpt>
      <trkpt lat="46.539017" lon="10.501284"><ele>0</ele></trkpt>
      <trkpt lat="46.538952" lon="10.501307"><ele>0</ele></trkpt>
      <trkpt lat="46.538875" lon="10.501326"><ele>0</ele></trkpt>
      <trkpt lat="46.538703" lon="10.501362"><ele>0</ele></trkpt>
      <trkpt lat="46.538656" lon="10.501371"><ele>0</ele></trkpt>
      <trkpt lat="46.538613" lon="10.501395"><ele>0</ele></trkpt>
      <trkpt lat="46.538573" lon="10.501406"><ele>0</ele></trkpt>
      <trkpt lat="46.538526" lon="10.501418"><ele>0</ele></trkpt>
      <trkpt lat="46.538478" lon="10.501418"><ele>0</ele></trkpt>
      <trkpt lat="46.538393" lon="10.501421"><ele>0</ele></trkpt>
      <trkpt lat="46.538188" lon="10.501422"><ele>0</ele></trkpt>
      <trkpt lat="46.538044" lon="10.501419"><ele>0</ele></trkpt>
      <trkpt lat="46.537970" lon="10.501422"><ele>0</ele></trkpt>
      <trkpt lat="46.537858" lon="10.501432"><ele>0</ele></trkpt>
      <trkpt lat="46.537791" lon="10.501436"><ele>0</ele></trkpt>
      <trkpt lat="46.537724" lon="10.501443"><ele>0</ele></trkpt>
      <trkpt lat="46.537665" lon="10.501448"><ele>0</ele></trkpt>
      <trkpt lat="46.537601" lon="10.501454"><ele>0</ele></trkpt>
      <trkpt lat="46.537538" lon="10.501456"><ele>0</ele></trkpt>
      <trkpt lat="46.537491" lon="10.501460"><ele>0</ele></trkpt>
      <trkpt lat="46.537428" lon="10.501456"><ele>0</ele></trkpt>
      <trkpt lat="46.537388" lon="10.501456"><ele>0</ele></trkpt>
      <trkpt lat="46.537355" lon="10.501448"><ele>0</ele></trkpt>
      <trkpt lat="46.537352" lon="10.501447"><ele>0</ele></trkpt>
      <trkpt lat="46.537349" lon="10.501445"><ele>0</ele></trkpt>
      <trkpt lat="46.537346" lon="10.501444"><ele>0</ele></trkpt>
      <trkpt lat="46.537342" lon="10.501441"><ele>0</ele></trkpt>
      <trkpt lat="46.537338" lon="10.501439"><ele>0</ele></trkpt>
      <trkpt lat="46.537334" lon="10.501436"><ele>0</ele></trkpt>
      <trkpt lat="46.537330" lon="10.501432"><ele>0</ele></trkpt>
      <trkpt lat="46.537325" lon="10.501428"><ele>0</ele></trkpt>
      <trkpt lat="46.537321" lon="10.501423"><ele>0</ele></trkpt>
      <trkpt lat="46.537317" lon="10.501418"><ele>0</ele></trkpt>
      <trkpt lat="46.537313" lon="10.501412"><ele>0</ele></trkpt>
      <trkpt lat="46.537310" lon="10.501405"><ele>0</ele></trkpt>
      <trkpt lat="46.537307" lon="10.501398"><ele>0</ele></trkpt>
      <trkpt lat="46.537305" lon="10.501390"><ele>0</ele></trkpt>
      <trkpt lat="46.537303" lon="10.501382"><ele>0</ele></trkpt>
      <trkpt lat="46.537302" lon="10.501373"><ele>0</ele></trkpt>
      <trkpt lat="46.537303" lon="10.501363"><ele>0</ele></trkpt>
      <trkpt lat="46.537304" lon="10.501352"><ele>0</ele></trkpt>
      <trkpt lat="46.537306" lon="10.501341"><ele>0</ele></trkpt>
      <trkpt lat="46.537308" lon="10.501332"><ele>0</ele></trkpt>
      <trkpt lat="46.537312" lon="10.501324"><ele>0</ele></trkpt>
      <trkpt lat="46.537315" lon="10.501317"><ele>0</ele></trkpt>
      <trkpt lat="46.537319" lon="10.501311"><ele>0</ele></trkpt>
      <trkpt lat="46.537323" lon="10.501307"><ele>0</ele></trkpt>
      <trkpt lat="46.537327" lon="10.501302"><ele>0</ele></trkpt>
      <trkpt lat="46.537331" lon="10.501299"><ele>0</ele></trkpt>
      <trkpt lat="46.537336" lon="10.501297"><ele>0</ele></trkpt>
      <trkpt lat="46.537340" lon="10.501295"><ele>0</ele></trkpt>
      <trkpt lat="46.537344" lon="10.501293"><ele>0</ele></trkpt>
      <trkpt lat="46.537348" lon="10.501292"><ele>0</ele></trkpt>
      <trkpt lat="46.537352" lon="10.501292"><ele>0</ele></trkpt>
      <trkpt lat="46.537356" lon="10.501292"><ele>0</ele></trkpt>
      <trkpt lat="46.537359" lon="10.501292"><ele>0</ele></trkpt>
      <trkpt lat="46.537362" lon="10.501292"><ele>0</ele></trkpt>
      <trkpt lat="46.537365" lon="10.501292"><ele>0</ele></trkpt>
      <trkpt lat="46.537367" lon="10.501293"><ele>0</ele></trkpt>
      <trkpt lat="46.537378" lon="10.501295"><ele>0</ele></trkpt>
      <trkpt lat="46.537412" lon="10.501302"><ele>0</ele></trkpt>
      <trkpt lat="46.537442" lon="10.501311"><ele>0</ele></trkpt>
      <trkpt lat="46.537495" lon="10.501320"><ele>0</ele></trkpt>
      <trkpt lat="46.537546" lon="10.501322"><ele>0</ele></trkpt>
      <trkpt lat="46.537584" lon="10.501315"><ele>0</ele></trkpt>
      <trkpt lat="46.537629" lon="10.501293"><ele>0</ele></trkpt>
      <trkpt lat="46.537674" lon="10.501269"><ele>0</ele></trkpt>
      <trkpt lat="46.537719" lon="10.501236"><ele>0</ele></trkpt>
      <trkpt lat="46.537775" lon="10.501194"><ele>0</ele></trkpt>
      <trkpt lat="46.537822" lon="10.501167"><ele>0</ele></trkpt>
      <trkpt lat="46.537883" lon="10.501131"><ele>0</ele></trkpt>
      <trkpt lat="46.537937" lon="10.501115"><ele>0</ele></trkpt>
      <trkpt lat="46.537991" lon="10.501096"><ele>0</ele></trkpt>
      <trkpt lat="46.538050" lon="10.501080"><ele>0</ele></trkpt>
      <trkpt lat="46.538122" lon="10.501058"><ele>0</ele></trkpt>
      <trkpt lat="46.538165" lon="10.501046"><ele>0</ele></trkpt>
      <trkpt lat="46.538253" lon="10.501017"><ele>0</ele></trkpt>
      <trkpt lat="46.538310" lon="10.500997"><ele>0</ele></trkpt>
      <trkpt lat="46.538362" lon="10.500980"><ele>0</ele></trkpt>
      <trkpt lat="46.538418" lon="10.500964"><ele>0</ele></trkpt>
      <trkpt lat="46.538478" lon="10.500946"><ele>0</ele></trkpt>
      <trkpt lat="46.538531" lon="10.500929"><ele>0</ele></trkpt>
      <trkpt lat="46.538567" lon="10.500918"><ele>0</ele></trkpt>
      <trkpt lat="46.538594" lon="10.500908"><ele>0</ele></trkpt>
      <trkpt lat="46.538621" lon="10.500893"><ele>0</ele></trkpt>
      <trkpt lat="46.538653" lon="10.500866"><ele>0</ele></trkpt>
      <trkpt lat="46.538679" lon="10.500829"><ele>0</ele></trkpt>
      <trkpt lat="46.538711" lon="10.500779"><ele>0</ele></trkpt>
      <trkpt lat="46.538748" lon="10.500720"><ele>0</ele></trkpt>
      <trkpt lat="46.538799" lon="10.500622"><ele>0</ele></trkpt>
      <trkpt lat="46.538836" lon="10.500563"><ele>0</ele></trkpt>
      <trkpt lat="46.538876" lon="10.500506"><ele>0</ele></trkpt>
      <trkpt lat="46.538936" lon="10.500435"><ele>0</ele></trkpt>
      <trkpt lat="46.538991" lon="10.500380"><ele>0</ele></trkpt>
      <trkpt lat="46.539043" lon="10.500331"><ele>0</ele></trkpt>
      <trkpt lat="46.539107" lon="10.500271"><ele>0</ele></trkpt>
      <trkpt lat="46.539162" lon="10.500227"><ele>0</ele></trkpt>
      <trkpt lat="46.539222" lon="10.500176"><ele>0</ele></trkpt>
      <trkpt lat="46.539277" lon="10.500136"><ele>0</ele></trkpt>
      <trkpt lat="46.539279" lon="10.500134"><ele>0</ele></trkpt>
      <trkpt lat="46.539281" lon="10.500133"><ele>0</ele></trkpt>
      <trkpt lat="46.539284" lon="10.500131"><ele>0</ele></trkpt>
      <trkpt lat="46.539286" lon="10.500129"><ele>0</ele></trkpt>
      <trkpt lat="46.539289" lon="10.500126"><ele>0</ele></trkpt>
      <trkpt lat="46.539292" lon="10.500123"><ele>0</ele></trkpt>
      <trkpt lat="46.539295" lon="10.500119"><ele>0</ele></trkpt>
      <trkpt lat="46.539298" lon="10.500115"><ele>0</ele></trkpt>
      <trkpt lat="46.539300" lon="10.500111"><ele>0</ele></trkpt>
      <trkpt lat="46.539303" lon="10.500105"><ele>0</ele></trkpt>
      <trkpt lat="46.539305" lon="10.500100"><ele>0</ele></trkpt>
      <trkpt lat="46.539307" lon="10.500094"><ele>0</ele></trkpt>
      <trkpt lat="46.539308" lon="10.500087"><ele>0</ele></trkpt>
      <trkpt lat="46.539309" lon="10.500080"><ele>0</ele></trkpt>
      <trkpt lat="46.539310" lon="10.500072"><ele>0</ele></trkpt>
      <trkpt lat="46.539309" lon="10.500064"><ele>0</ele></trkpt>
      <trkpt lat="46.539308" lon="10.500056"><ele>0</ele></trkpt>
      <trkpt lat="46.539306" lon="10.500046"><ele>0</ele></trkpt>
      <trkpt lat="46.539303" lon="10.500037"><ele>0</ele></trkpt>
      <trkpt lat="46.539300" lon="10.500029"><ele>0</ele></trkpt>
      <trkpt lat="46.539297" lon="10.500023"><ele>0</ele></trkpt>
      <trkpt lat="46.539294" lon="10.500017"><ele>0</ele></trkpt>
      <trkpt lat="46.539291" lon="10.500012"><ele>0</ele></trkpt>
      <trkpt lat="46.539287" lon="10.500008"><ele>0</ele></trkpt>
      <trkpt lat="46.539284" lon="10.500004"><ele>0</ele></trkpt>
      <trkpt lat="46.539280" lon="10.500002"><ele>0</ele></trkpt>
      <trkpt lat="46.539277" lon="10.500000"><ele>0</ele></trkpt>
      <trkpt lat="46.539273" lon="10.499999"><ele>0</ele></trkpt>
      <trkpt lat="46.539270" lon="10.499998"><ele>0</ele></trkpt>
      <trkpt lat="46.539266" lon="10.499998"><ele>0</ele></trkpt>
      <trkpt lat="46.539263" lon="10.499998"><ele>0</ele></trkpt>
      <trkpt lat="46.539259" lon="10.499999"><ele>0</ele></trkpt>
      <trkpt lat="46.539256" lon="10.500000"><ele>0</ele></trkpt>
      <trkpt lat="46.539253" lon="10.500001"><ele>0</ele></trkpt>
      <trkpt lat="46.539250" lon="10.500003"><ele>0</ele></trkpt>
      <trkpt lat="46.539247" lon="10.500004"><ele>0</ele></trkpt>
      <trkpt lat="46.539244" lon="10.500006"><ele>0</ele></trkpt>
      <trkpt lat="46.539242" lon="10.500008"><ele>0</ele></trkpt>
      <trkpt lat="46.539190" lon="10.500057"><ele>0</ele></trkpt>
      <trkpt lat="46.539154" lon="10.500095"><ele>0</ele></trkpt>
      <trkpt lat="46.539106" lon="10.500134"><ele>0</ele></trkpt>
      <trkpt lat="46.539056" lon="10.500171"><ele>0</ele></trkpt>
      <trkpt lat="46.539002" lon="10.500207"><ele>0</ele></trkpt>
      <trkpt lat="46.538902" lon="10.500274"><ele>0</ele></trkpt>
      <trkpt lat="46.538710" lon="10.500406"><ele>0</ele></trkpt>
      <trkpt lat="46.538639" lon="10.500456"><ele>0</ele></trkpt>
      <trkpt lat="46.538594" lon="10.500486"><ele>0</ele></trkpt>
      <trkpt lat="46.538533" lon="10.500512"><ele>0</ele></trkpt>
      <trkpt lat="46.538454" lon="10.500518"><ele>0</ele></trkpt>
      <trkpt lat="46.538392" lon="10.500522"><ele>0</ele></trkpt>
      <trkpt lat="46.538309" lon="10.500522"><ele>0</ele></trkpt>
      <trkpt lat="46.538224" lon="10.500510"><ele>0</ele></trkpt>
      <trkpt lat="46.538131" lon="10.500502"><ele>0</ele></trkpt>
      <trkpt lat="46.537903" lon="10.500495"><ele>0</ele></trkpt>
      <trkpt lat="46.537678" lon="10.500487"><ele>0</ele></trkpt>
      <trkpt lat="46.537525" lon="10.500482"><ele>0</ele></trkpt>
      <trkpt lat="46.537443" lon="10.500484"><ele>0</ele></trkpt>
      <trkpt lat="46.537391" lon="10.500471"><ele>0</ele></trkpt>
      <trkpt lat="46.537265" lon="10.500388"><ele>0</ele></trkpt>
      <trkpt lat="46.537141" lon="10.500296"><ele>0</ele></trkpt>
      <trkpt lat="46.537113" lon="10.500272"><ele>0</ele></trkpt>
      <trkpt lat="46.537092" lon="10.500248"><ele>0</ele></trkpt>
      <trkpt lat="46.537067" lon="10.500205"><ele>0</ele></trkpt>
      <trkpt lat="46.537038" lon="10.500138"><ele>0</ele></trkpt>
      <trkpt lat="46.536999" lon="10.500042"><ele>0</ele></trkpt>
      <trkpt lat="46.536961" lon="10.499942"><ele>0</ele></trkpt>
      <trkpt lat="46.536927" lon="10.499848"><ele>0</ele></trkpt>
      <trkpt lat="46.536877" lon="10.499711"><ele>0</ele></trkpt>
      <trkpt lat="46.536829" lon="10.499614"><ele>0</ele></trkpt>
      <trkpt lat="46.536787" lon="10.499541"><ele>0</ele></trkpt>
      <trkpt lat="46.536763" lon="10.499501"><ele>0</ele></trkpt>
      <trkpt lat="46.536734" lon="10.499474"><ele>0</ele></trkpt>
      <trkpt lat="46.536698" lon="10.499452"><ele>0</ele></trkpt>
      <trkpt lat="46.536660" lon="10.499429"><ele>0</ele></trkpt>
      <trkpt lat="46.536573" lon="10.499386"><ele>0</ele></trkpt>
      <trkpt lat="46.536490" lon="10.499343"><ele>0</ele></trkpt>
      <trkpt lat="46.536438" lon="10.499311"><ele>0</ele></trkpt>
      <trkpt lat="46.536384" lon="10.499270"><ele>0</ele></trkpt>
      <trkpt lat="46.536325" lon="10.499203"><ele>0</ele></trkpt>
      <trkpt lat="46.536264" lon="10.499097"><ele>0</ele></trkpt>
      <trkpt lat="46.536201" lon="10.498978"><ele>0</ele></trkpt>
      <trkpt lat="46.536157" lon="10.498915"><ele>0</ele></trkpt>
      <trkpt lat="46.536116" lon="10.498860"><ele>0</ele></trkpt>
      <trkpt lat="46.536065" lon="10.498809"><ele>0</ele></trkpt>
      <trkpt lat="46.536023" lon="10.498766"><ele>0</ele></trkpt>
      <trkpt lat="46.535977" lon="10.498706"><ele>0</ele></trkpt>
      <trkpt lat="46.535934" lon="10.498616"><ele>0</ele></trkpt>
      <trkpt lat="46.535906" lon="10.498534"><ele>0</ele></trkpt>
      <trkpt lat="46.535871" lon="10.498413"><ele>0</ele></trkpt>
      <trkpt lat="46.535840" lon="10.498304"><ele>0</ele></trkpt>
      <trkpt lat="46.535795" lon="10.498113"><ele>0</ele></trkpt>
      <trkpt lat="46.535766" lon="10.497935"><ele>0</ele></trkpt>
      <trkpt lat="46.535735" lon="10.497699"><ele>0</ele></trkpt>
      <trkpt lat="46.535705" lon="10.497550"><ele>0</ele></trkpt>
      <trkpt lat="46.535676" lon="10.497443"><ele>0</ele></trkpt>
      <trkpt lat="46.535650" lon="10.497372"><ele>0</ele></trkpt>
      <trkpt lat="46.535616" lon="10.497298"><ele>0</ele></trkpt>
      <trkpt lat="46.535574" lon="10.497220"><ele>0</ele></trkpt>
      <trkpt lat="46.535408" lon="10.496933"><ele>0</ele></trkpt>
      <trkpt lat="46.535324" lon="10.496789"><ele>0</ele></trkpt>
      <trkpt lat="46.535269" lon="10.496685"><ele>0</ele></trkpt>
      <trkpt lat="46.535213" lon="10.496602"><ele>0</ele></trkpt>
      <trkpt lat="46.535111" lon="10.496461"><ele>0</ele></trkpt>
      <trkpt lat="46.535023" lon="10.496345"><ele>0</ele></trkpt>
      <trkpt lat="46.534915" lon="10.496205"><ele>0</ele></trkpt>
      <trkpt lat="46.534824" lon="10.496062"><ele>0</ele></trkpt>
      <trkpt lat="46.534757" lon="10.495951"><ele>0</ele></trkpt>
      <trkpt lat="46.534697" lon="10.495835"><ele>0</ele></trkpt>
      <trkpt lat="46.534640" lon="10.495707"><ele>0</ele></trkpt>
      <trkpt lat="46.534573" lon="10.495527"><ele>0</ele></trkpt>
      <trkpt lat="46.534422" lon="10.495147"><ele>0</ele></trkpt>
      <trkpt lat="46.534378" lon="10.495047"><ele>0</ele></trkpt>
      <trkpt lat="46.534354" lon="10.494992"><ele>0</ele></trkpt>
      <trkpt lat="46.534347" lon="10.494975"><ele>0</ele></trkpt>
      <trkpt lat="46.534294" lon="10.494852"><ele>0</ele></trkpt>
      <trkpt lat="46.534240" lon="10.494743"><ele>0</ele></trkpt>
      <trkpt lat="46.534131" lon="10.494544"><ele>0</ele></trkpt>
      <trkpt lat="46.533814" lon="10.493943"><ele>0</ele></trkpt>
      <trkpt lat="46.533752" lon="10.493820"><ele>0</ele></trkpt>
      <trkpt lat="46.533715" lon="10.493712"><ele>0</ele></trkpt>
      <trkpt lat="46.533679" lon="10.493574"><ele>0</ele></trkpt>
      <trkpt lat="46.533606" lon="10.493273"><ele>0</ele></trkpt>
      <trkpt lat="46.533543" lon="10.493005"><ele>0</ele></trkpt>
      <trkpt lat="46.533507" lon="10.492871"><ele>0</ele></trkpt>
      <trkpt lat="46.533460" lon="10.492675"><ele>0</ele></trkpt>
      <trkpt lat="46.533427" lon="10.492567"><ele>0</ele></trkpt>
      <trkpt lat="46.533395" lon="10.492457"><ele>0</ele></trkpt>
      <trkpt lat="46.533347" lon="10.492329"><ele>0</ele></trkpt>
      <trkpt lat="46.533310" lon="10.492217"><ele>0</ele></trkpt>
      <trkpt lat="46.533273" lon="10.492122"><ele>0</ele></trkpt>
      <trkpt lat="46.533232" lon="10.492018"><ele>0</ele></trkpt>
      <trkpt lat="46.533230" lon="10.492014"><ele>0</ele></trkpt>
      <trkpt lat="46.533230" lon="10.492010"><ele>0</ele></trkpt>
      <trkpt lat="46.533229" lon="10.492006"><ele>0</ele></trkpt>
      <trkpt lat="46.533228" lon="10.492000"><ele>0</ele></trkpt>
      <trkpt lat="46.533227" lon="10.491994"><ele>0</ele></trkpt>
      <trkpt lat="46.533226" lon="10.491988"><ele>0</ele></trkpt>
      <trkpt lat="46.533226" lon="10.491981"><ele>0</ele></trkpt>
      <trkpt lat="46.533226" lon="10.491974"><ele>0</ele></trkpt>
      <trkpt lat="46.533226" lon="10.491967"><ele>0</ele></trkpt>
      <trkpt lat="46.533227" lon="10.491959"><ele>0</ele></trkpt>
      <trkpt lat="46.533229" lon="10.491952"><ele>0</ele></trkpt>
      <trkpt lat="46.533231" lon="10.491944"><ele>0</ele></trkpt>
      <trkpt lat="46.533233" lon="10.491937"><ele>0</ele></trkpt>
      <trkpt lat="46.533237" lon="10.491931"><ele>0</ele></trkpt>
      <trkpt lat="46.533241" lon="10.491924"><ele>0</ele></trkpt>
      <trkpt lat="46.533246" lon="10.491919"><ele>0</ele></trkpt>
      <trkpt lat="46.533253" lon="10.491913"><ele>0</ele></trkpt>
      <trkpt lat="46.533260" lon="10.491909"><ele>0</ele></trkpt>
      <trkpt lat="46.533268" lon="10.491906"><ele>0</ele></trkpt>
      <trkpt lat="46.533275" lon="10.491904"><ele>0</ele></trkpt>
      <trkpt lat="46.533282" lon="10.491904"><ele>0</ele></trkpt>
      <trkpt lat="46.533288" lon="10.491905"><ele>0</ele></trkpt>
      <trkpt lat="46.533294" lon="10.491906"><ele>0</ele></trkpt>
      <trkpt lat="46.533299" lon="10.491909"><ele>0</ele></trkpt>
      <trkpt lat="46.533303" lon="10.491912"><ele>0</ele></trkpt>
      <trkpt lat="46.533308" lon="10.491916"><ele>0</ele></trkpt>
      <trkpt lat="46.533311" lon="10.491921"><ele>0</ele></trkpt>
      <trkpt lat="46.533315" lon="10.491925"><ele>0</ele></trkpt>
      <trkpt lat="46.533318" lon="10.491930"><ele>0</ele></trkpt>
      <trkpt lat="46.533320" lon="10.491935"><ele>0</ele></trkpt>
      <trkpt lat="46.533322" lon="10.491940"><ele>0</ele></trkpt>
      <trkpt lat="46.533324" lon="10.491945"><ele>0</ele></trkpt>
      <trkpt lat="46.533326" lon="10.491949"><ele>0</ele></trkpt>
      <trkpt lat="46.533327" lon="10.491953"><ele>0</ele></trkpt>
      <trkpt lat="46.533328" lon="10.491956"><ele>0</ele></trkpt>
      <trkpt lat="46.533329" lon="10.491961"><ele>0</ele></trkpt>
      <trkpt lat="46.533353" lon="10.492053"><ele>0</ele></trkpt>
      <trkpt lat="46.533379" lon="10.492138"><ele>0</ele></trkpt>
      <trkpt lat="46.533413" lon="10.492222"><ele>0</ele></trkpt>
      <trkpt lat="46.533459" lon="10.492326"><ele>0</ele></trkpt>
      <trkpt lat="46.533493" lon="10.492404"><ele>0</ele></trkpt>
      <trkpt lat="46.533535" lon="10.492492"><ele>0</ele></trkpt>
      <trkpt lat="46.533607" lon="10.492621"><ele>0</ele></trkpt>
      <trkpt lat="46.533697" lon="10.492785"><ele>0</ele></trkpt>
      <trkpt lat="46.533778" lon="10.492918"><ele>0</ele></trkpt>
      <trkpt lat="46.533780" lon="10.492922"><ele>0</ele></trkpt>
      <trkpt lat="46.533783" lon="10.492924"><ele>0</ele></trkpt>
      <trkpt lat="46.533785" lon="10.492928"><ele>0</ele></trkpt>
      <trkpt lat="46.533788" lon="10.492931"><ele>0</ele></trkpt>
      <trkpt lat="46.533792" lon="10.492935"><ele>0</ele></trkpt>
      <trkpt lat="46.533796" lon="10.492939"><ele>0</ele></trkpt>
      <trkpt lat="46.533800" lon="10.492943"><ele>0</ele></trkpt>
      <trkpt lat="46.533805" lon="10.492946"><ele>0</ele></trkpt>
      <trkpt lat="46.533810" lon="10.492949"><ele>0</ele></trkpt>
      <trkpt lat="46.533815" lon="10.492952"><ele>0</ele></trkpt>
      <trkpt lat="46.533821" lon="10.492954"><ele>0</ele></trkpt>
      <trkpt lat="46.533826" lon="10.492955"><ele>0</ele></trkpt>
      <trkpt lat="46.533831" lon="10.492956"><ele>0</ele></trkpt>
      <trkpt lat="46.533837" lon="10.492955"><ele>0</ele></trkpt>
      <trkpt lat="46.533843" lon="10.492953"><ele>0</ele></trkpt>
      <trkpt lat="46.533848" lon="10.492950"><ele>0</ele></trkpt>
      <trkpt lat="46.533853" lon="10.492945"><ele>0</ele></trkpt>
      <trkpt lat="46.533859" lon="10.492939"><ele>0</ele></trkpt>
      <trkpt lat="46.533863" lon="10.492932"><ele>0</ele></trkpt>
      <trkpt lat="46.533867" lon="10.492924"><ele>0</ele></trkpt>
      <trkpt lat="46.533869" lon="10.492917"><ele>0</ele></trkpt>
      <trkpt lat="46.533871" lon="10.492909"><ele>0</ele></trkpt>
      <trkpt lat="46.533872" lon="10.492901"><ele>0</ele></trkpt>
      <trkpt lat="46.533872" lon="10.492894"><ele>0</ele></trkpt>
      <trkpt lat="46.533871" lon="10.492886"><ele>0</ele></trkpt>
      <trkpt lat="46.533870" lon="10.492879"><ele>0</ele></trkpt>
      <trkpt lat="46.533869" lon="10.492872"><ele>0</ele></trkpt>
      <trkpt lat="46.533867" lon="10.492865"><ele>0</ele></trkpt>
      <trkpt lat="46.533865" lon="10.492858"><ele>0</ele></trkpt>
      <trkpt lat="46.533863" lon="10.492852"><ele>0</ele></trkpt>
      <trkpt lat="46.533860" lon="10.492847"><ele>0</ele></trkpt>
      <trkpt lat="46.533858" lon="10.492842"><ele>0</ele></trkpt>
      <trkpt lat="46.533856" lon="10.492837"><ele>0</ele></trkpt>
      <trkpt lat="46.533854" lon="10.492834"><ele>0</ele></trkpt>
      <trkpt lat="46.533852" lon="10.492831"><ele>0</ele></trkpt>
      <trkpt lat="46.533850" lon="10.492827"><ele>0</ele></trkpt>
      <trkpt lat="46.533777" lon="10.492691"><ele>0</ele></trkpt>
      <trkpt lat="46.533696" lon="10.492513"><ele>0</ele></trkpt>
      <trkpt lat="46.533628" lon="10.492344"><ele>0</ele></trkpt>
      <trkpt lat="46.533594" lon="10.492244"><ele>0</ele></trkpt>
      <trkpt lat="46.533580" lon="10.492165"><ele>0</ele></trkpt>
      <trkpt lat="46.533580" lon="10.492083"><ele>0</ele></trkpt>
      <trkpt lat="46.533577" lon="10.492001"><ele>0</ele></trkpt>
      <trkpt lat="46.533570" lon="10.491929"><ele>0</ele></trkpt>
      <trkpt lat="46.533552" lon="10.491861"><ele>0</ele></trkpt>
      <trkpt lat="46.533520" lon="10.491779"><ele>0</ele></trkpt>
      <trkpt lat="46.533482" lon="10.491703"><ele>0</ele></trkpt>
      <trkpt lat="46.533434" lon="10.491619"><ele>0</ele></trkpt>
      <trkpt lat="46.533371" lon="10.491528"><ele>0</ele></trkpt>
      <trkpt lat="46.533283" lon="10.491393"><ele>0</ele></trkpt>
      <trkpt lat="46.533224" lon="10.491304"><ele>0</ele></trkpt>
      <trkpt lat="46.533163" lon="10.491215"><ele>0</ele></trkpt>
      <trkpt lat="46.533111" lon="10.491117"><ele>0</ele></trkpt>
      <trkpt lat="46.533074" lon="10.491048"><ele>0</ele></trkpt>
      <trkpt lat="46.533031" lon="10.490952"><ele>0</ele></trkpt>
      <trkpt lat="46.532974" lon="10.490825"><ele>0</ele></trkpt>
      <trkpt lat="46.532930" lon="10.490731"><ele>0</ele></trkpt>
      <trkpt lat="46.532885" lon="10.490637"><ele>0</ele></trkpt>
      <trkpt lat="46.532845" lon="10.490552"><ele>0</ele></trkpt>
      <trkpt lat="46.532793" lon="10.490442"><ele>0</ele></trkpt>
      <trkpt lat="46.532742" lon="10.490337"><ele>0</ele></trkpt>
      <trkpt lat="46.532701" lon="10.490252"><ele>0</ele></trkpt>
      <trkpt lat="46.532666" lon="10.490156"><ele>0</ele></trkpt>
      <trkpt lat="46.532624" lon="10.490034"><ele>0</ele></trkpt>
      <trkpt lat="46.532591" lon="10.489948"><ele>0</ele></trkpt>
      <trkpt lat="46.532565" lon="10.489859"><ele>0</ele></trkpt>
      <trkpt lat="46.532539" lon="10.489751"><ele>0</ele></trkpt>
      <trkpt lat="46.532518" lon="10.489657"><ele>0</ele></trkpt>
      <trkpt lat="46.532500" lon="10.489574"><ele>0</ele></trkpt>
      <trkpt lat="46.532479" lon="10.489517"><ele>0</ele></trkpt>
      <trkpt lat="46.532452" lon="10.489465"><ele>0</ele></trkpt>
      <trkpt lat="46.532412" lon="10.489398"><ele>0</ele></trkpt>
      <trkpt lat="46.532388" lon="10.489332"><ele>0</ele></trkpt>
      <trkpt lat="46.532376" lon="10.489294"><ele>0</ele></trkpt>
      <trkpt lat="46.532368" lon="10.489251"><ele>0</ele></trkpt>
      <trkpt lat="46.532353" lon="10.489149"><ele>0</ele></trkpt>
      <trkpt lat="46.532324" lon="10.488948"><ele>0</ele></trkpt>
      <trkpt lat="46.532294" lon="10.488789"><ele>0</ele></trkpt>
      <trkpt lat="46.532261" lon="10.488635"><ele>0</ele></trkpt>
      <trkpt lat="46.532223" lon="10.488492"><ele>0</ele></trkpt>
      <trkpt lat="46.532184" lon="10.488368"><ele>0</ele></trkpt>
      <trkpt lat="46.532130" lon="10.488191"><ele>0</ele></trkpt>
      <trkpt lat="46.532093" lon="10.488074"><ele>0</ele></trkpt>
      <trkpt lat="46.532050" lon="10.487961"><ele>0</ele></trkpt>
      <trkpt lat="46.532020" lon="10.487891"><ele>0</ele></trkpt>
      <trkpt lat="46.531974" lon="10.487804"><ele>0</ele></trkpt>
      <trkpt lat="46.531935" lon="10.487703"><ele>0</ele></trkpt>
      <trkpt lat="46.531933" lon="10.487695"><ele>0</ele></trkpt>
      <trkpt lat="46.531931" lon="10.487686"><ele>0</ele></trkpt>
      <trkpt lat="46.531929" lon="10.487678"><ele>0</ele></trkpt>
      <trkpt lat="46.531928" lon="10.487669"><ele>0</ele></trkpt>
      <trkpt lat="46.531927" lon="10.487660"><ele>0</ele></trkpt>
      <trkpt lat="46.531927" lon="10.487651"><ele>0</ele></trkpt>
      <trkpt lat="46.531927" lon="10.487641"><ele>0</ele></trkpt>
      <trkpt lat="46.531928" lon="10.487632"><ele>0</ele></trkpt>
      <trkpt lat="46.531929" lon="10.487623"><ele>0</ele></trkpt>
      <trkpt lat="46.531931" lon="10.487614"><ele>0</ele></trkpt>
      <trkpt lat="46.531933" lon="10.487606"><ele>0</ele></trkpt>
      <trkpt lat="46.531936" lon="10.487597"><ele>0</ele></trkpt>
      <trkpt lat="46.531939" lon="10.487590"><ele>0</ele></trkpt>
      <trkpt lat="46.531943" lon="10.487583"><ele>0</ele></trkpt>
      <trkpt lat="46.531947" lon="10.487576"><ele>0</ele></trkpt>
      <trkpt lat="46.531952" lon="10.487570"><ele>0</ele></trkpt>
      <trkpt lat="46.531957" lon="10.487565"><ele>0</ele></trkpt>
      <trkpt lat="46.531963" lon="10.487560"><ele>0</ele></trkpt>
      <trkpt lat="46.531969" lon="10.487556"><ele>0</ele></trkpt>
      <trkpt lat="46.531976" lon="10.487554"><ele>0</ele></trkpt>
      <trkpt lat="46.531983" lon="10.487552"><ele>0</ele></trkpt>
      <trkpt lat="46.531989" lon="10.487552"><ele>0</ele></trkpt>
      <trkpt lat="46.531995" lon="10.487553"><ele>0</ele></trkpt>
      <trkpt lat="46.532001" lon="10.487555"><ele>0</ele></trkpt>
      <trkpt lat="46.532006" lon="10.487558"><ele>0</ele></trkpt>
      <trkpt lat="46.532011" lon="10.487562"><ele>0</ele></trkpt>
      <trkpt lat="46.532015" lon="10.487566"><ele>0</ele></trkpt>
      <trkpt lat="46.532019" lon="10.487571"><ele>0</ele></trkpt>
      <trkpt lat="46.532022" lon="10.487576"><ele>0</ele></trkpt>
      <trkpt lat="46.532026" lon="10.487581"><ele>0</ele></trkpt>
      <trkpt lat="46.532028" lon="10.487587"><ele>0</ele></trkpt>
      <trkpt lat="46.532031" lon="10.487592"><ele>0</ele></trkpt>
      <trkpt lat="46.532033" lon="10.487597"><ele>0</ele></trkpt>
      <trkpt lat="46.532035" lon="10.487602"><ele>0</ele></trkpt>
      <trkpt lat="46.532036" lon="10.487607"><ele>0</ele></trkpt>
      <trkpt lat="46.532037" lon="10.487611"><ele>0</ele></trkpt>
      <trkpt lat="46.532038" lon="10.487614"><ele>0</ele></trkpt>
      <trkpt lat="46.532039" lon="10.487618"><ele>0</ele></trkpt>
      <trkpt lat="46.532044" lon="10.487640"><ele>0</ele></trkpt>
      <trkpt lat="46.532068" lon="10.487722"><ele>0</ele></trkpt>
      <trkpt lat="46.532086" lon="10.487772"><ele>0</ele></trkpt>
      <trkpt lat="46.532123" lon="10.487852"><ele>0</ele></trkpt>
      <trkpt lat="46.532162" lon="10.487936"><ele>0</ele></trkpt>
      <trkpt lat="46.532208" lon="10.488031"><ele>0</ele></trkpt>
      <trkpt lat="46.532273" lon="10.488120"><ele>0</ele></trkpt>
      <trkpt lat="46.532336" lon="10.488216"><ele>0</ele></trkpt>
      <trkpt lat="46.532450" lon="10.488348"><ele>0</ele></trkpt>
      <trkpt lat="46.532547" lon="10.488474"><ele>0</ele></trkpt>
      <trkpt lat="46.532614" lon="10.488563"><ele>0</ele></trkpt>
      <trkpt lat="46.532650" lon="10.488625"><ele>0</ele></trkpt>
      <trkpt lat="46.532685" lon="10.488694"><ele>0</ele></trkpt>
      <trkpt lat="46.532752" lon="10.488846"><ele>0</ele></trkpt>
      <trkpt lat="46.532864" lon="10.489090"><ele>0</ele></trkpt>
      <trkpt lat="46.532915" lon="10.489201"><ele>0</ele></trkpt>
      <trkpt lat="46.532961" lon="10.489277"><ele>0</ele></trkpt>
      <trkpt lat="46.533056" lon="10.489416"><ele>0</ele></trkpt>
      <trkpt lat="46.533175" lon="10.489591"><ele>0</ele></trkpt>
      <trkpt lat="46.533283" lon="10.489756"><ele>0</ele></trkpt>
      <trkpt lat="46.533440" lon="10.489987"><ele>0</ele></trkpt>
      <trkpt lat="46.533569" lon="10.490173"><ele>0</ele></trkpt>
      <trkpt lat="46.533653" lon="10.490285"><ele>0</ele></trkpt>
      <trkpt lat="46.533746" lon="10.490425"><ele>0</ele></trkpt>
      <trkpt lat="46.533748" lon="10.490428"><ele>0</ele></trkpt>
      <trkpt lat="46.533750" lon="10.490431"><ele>0</ele></trkpt>
      <trkpt lat="46.533753" lon="10.490433"><ele>0</ele></trkpt>
      <trkpt lat="46.533755" lon="10.490436"><ele>0</ele></trkpt>
      <trkpt lat="46.533758" lon="10.490438"><ele>0</ele></trkpt>
      <trkpt lat="46.533762" lon="10.490441"><ele>0</ele></trkpt>
      <trkpt lat="46.533765" lon="10.490444"><ele>0</ele></trkpt>
      <trkpt lat="46.533769" lon="10.490447"><ele>0</ele></trkpt>
      <trkpt lat="46.533773" lon="10.490449"><ele>0</ele></trkpt>
      <trkpt lat="46.533778" lon="10.490450"><ele>0</ele></trkpt>
      <trkpt lat="46.533782" lon="10.490451"><ele>0</ele></trkpt>
      <trkpt lat="46.533787" lon="10.490452"><ele>0</ele></trkpt>
      <trkpt lat="46.533792" lon="10.490451"><ele>0</ele></trkpt>
      <trkpt lat="46.533796" lon="10.490450"><ele>0</ele></trkpt>
      <trkpt lat="46.533801" lon="10.490448"><ele>0</ele></trkpt>
      <trkpt lat="46.533806" lon="10.490444"><ele>0</ele></trkpt>
      <trkpt lat="46.533811" lon="10.490439"><ele>0</ele></trkpt>
      <trkpt lat="46.533816" lon="10.490433"><ele>0</ele></trkpt>
      <trkpt lat="46.533820" lon="10.490426"><ele>0</ele></trkpt>
      <trkpt lat="46.533824" lon="10.490419"><ele>0</ele></trkpt>
      <trkpt lat="46.533826" lon="10.490412"><ele>0</ele></trkpt>
      <trkpt lat="46.533827" lon="10.490404"><ele>0</ele></trkpt>
      <trkpt lat="46.533828" lon="10.490397"><ele>0</ele></trkpt>
      <trkpt lat="46.533828" lon="10.490390"><ele>0</ele></trkpt>
      <trkpt lat="46.533827" lon="10.490383"><ele>0</ele></trkpt>
      <trkpt lat="46.533826" lon="10.490376"><ele>0</ele></trkpt>
      <trkpt lat="46.533825" lon="10.490369"><ele>0</ele></trkpt>
      <trkpt lat="46.533823" lon="10.490363"><ele>0</ele></trkpt>
      <trkpt lat="46.533821" lon="10.490357"><ele>0</ele></trkpt>
      <trkpt lat="46.533818" lon="10.490351"><ele>0</ele></trkpt>
      <trkpt lat="46.533816" lon="10.490346"><ele>0</ele></trkpt>
      <trkpt lat="46.533814" lon="10.490342"><ele>0</ele></trkpt>
      <trkpt lat="46.533812" lon="10.490337"><ele>0</ele></trkpt>
      <trkpt lat="46.533809" lon="10.490334"><ele>0</ele></trkpt>
      <trkpt lat="46.533808" lon="10.490331"><ele>0</ele></trkpt>
      <trkpt lat="46.533806" lon="10.490328"><ele>0</ele></trkpt>
      <trkpt lat="46.533746" lon="10.490224"><ele>0</ele></trkpt>
      <trkpt lat="46.533656" lon="10.490075"><ele>0</ele></trkpt>
      <trkpt lat="46.533596" lon="10.489964"><ele>0</ele></trkpt>
      <trkpt lat="46.533558" lon="10.489899"><ele>0</ele></trkpt>
      <trkpt lat="46.533523" lon="10.489795"><ele>0</ele></trkpt>
      <trkpt lat="46.533461" lon="10.489589"><ele>0</ele></trkpt>
      <trkpt lat="46.533409" lon="10.489416"><ele>0</ele></trkpt>
      <trkpt lat="46.533358" lon="10.489239"><ele>0</ele></trkpt>
      <trkpt lat="46.533328" lon="10.489124"><ele>0</ele></trkpt>
      <trkpt lat="46.533297" lon="10.489007"><ele>0</ele></trkpt>
      <trkpt lat="46.533221" lon="10.488650"><ele>0</ele></trkpt>
      <trkpt lat="46.533196" lon="10.488539"><ele>0</ele></trkpt>
      <trkpt lat="46.533173" lon="10.488443"><ele>0</ele></trkpt>
      <trkpt lat="46.533144" lon="10.488356"><ele>0</ele></trkpt>
      <trkpt lat="46.533113" lon="10.488272"><ele>0</ele></trkpt>
      <trkpt lat="46.533068" lon="10.488181"><ele>0</ele></trkpt>
      <trkpt lat="46.533003" lon="10.488039"><ele>0</ele></trkpt>
      <trkpt lat="46.532947" lon="10.487915"><ele>0</ele></trkpt>
      <trkpt lat="46.532908" lon="10.487825"><ele>0</ele></trkpt>
      <trkpt lat="46.532879" lon="10.487729"><ele>0</ele></trkpt>
      <trkpt lat="46.532855" lon="10.487637"><ele>0</ele></trkpt>
      <trkpt lat="46.532833" lon="10.487529"><ele>0</ele></trkpt>
      <trkpt lat="46.532753" lon="10.487138"><ele>0</ele></trkpt>
      <trkpt lat="46.532701" lon="10.486868"><ele>0</ele></trkpt>
      <trkpt lat="46.532628" lon="10.486503"><ele>0</ele></trkpt>
      <trkpt lat="46.532596" lon="10.486331"><ele>0</ele></trkpt>
      <trkpt lat="46.532576" lon="10.486232"><ele>0</ele></trkpt>
      <trkpt lat="46.532553" lon="10.486123"><ele>0</ele></trkpt>
      <trkpt lat="46.532522" lon="10.486008"><ele>0</ele></trkpt>
      <trkpt lat="46.532477" lon="10.485853"><ele>0</ele></trkpt>
      <trkpt lat="46.532450" lon="10.485756"><ele>0</ele></trkpt>
      <trkpt lat="46.532416" lon="10.485661"><ele>0</ele></trkpt>
      <trkpt lat="46.532369" lon="10.485545"><ele>0</ele></trkpt>
      <trkpt lat="46.532368" lon="10.485541"><ele>0</ele></trkpt>
      <trkpt lat="46.532367" lon="10.485537"><ele>0</ele></trkpt>
      <trkpt lat="46.532366" lon="10.485532"><ele>0</ele></trkpt>
      <trkpt lat="46.532365" lon="10.485527"><ele>0</ele></trkpt>
      <trkpt lat="46.532364" lon="10.485523"><ele>0</ele></trkpt>
      <trkpt lat="46.532363" lon="10.485518"><ele>0</ele></trkpt>
      <trkpt lat="46.532363" lon="10.485513"><ele>0</ele></trkpt>
      <trkpt lat="46.532363" lon="10.485507"><ele>0</ele></trkpt>
      <trkpt lat="46.532363" lon="10.485502"><ele>0</ele></trkpt>
      <trkpt lat="46.532363" lon="10.485497"><ele>0</ele></trkpt>
      <trkpt lat="46.532364" lon="10.485492"><ele>0</ele></trkpt>
      <trkpt lat="46.532365" lon="10.485486"><ele>0</ele></trkpt>
      <trkpt lat="46.532367" lon="10.485481"><ele>0</ele></trkpt>
      <trkpt lat="46.532369" lon="10.485476"><ele>0</ele></trkpt>
      <trkpt lat="46.532371" lon="10.485471"><ele>0</ele></trkpt>
      <trkpt lat="46.532374" lon="10.485466"><ele>0</ele></trkpt>
      <trkpt lat="46.532378" lon="10.485461"><ele>0</ele></trkpt>
      <trkpt lat="46.532382" lon="10.485456"><ele>0</ele></trkpt>
      <trkpt lat="46.532387" lon="10.485451"><ele>0</ele></trkpt>
      <trkpt lat="46.532392" lon="10.485446"><ele>0</ele></trkpt>
      <trkpt lat="46.532397" lon="10.485443"><ele>0</ele></trkpt>
      <trkpt lat="46.532402" lon="10.485440"><ele>0</ele></trkpt>
      <trkpt lat="46.532407" lon="10.485439"><ele>0</ele></trkpt>
      <trkpt lat="46.532412" lon="10.485439"><ele>0</ele></trkpt>
      <trkpt lat="46.532417" lon="10.485440"><ele>0</ele></trkpt>
      <trkpt lat="46.532421" lon="10.485442"><ele>0</ele></trkpt>
      <trkpt lat="46.532425" lon="10.485445"><ele>0</ele></trkpt>
      <trkpt lat="46.532429" lon="10.485448"><ele>0</ele></trkpt>
      <trkpt lat="46.532432" lon="10.485452"><ele>0</ele></trkpt>
      <trkpt lat="46.532436" lon="10.485456"><ele>0</ele></trkpt>
      <trkpt lat="46.532439" lon="10.485460"><ele>0</ele></trkpt>
      <trkpt lat="46.532442" lon="10.485465"><ele>0</ele></trkpt>
      <trkpt lat="46.532444" lon="10.485469"><ele>0</ele></trkpt>
      <trkpt lat="46.532446" lon="10.485473"><ele>0</ele></trkpt>
      <trkpt lat="46.532448" lon="10.485477"><ele>0</ele></trkpt>
      <trkpt lat="46.532449" lon="10.485481"><ele>0</ele></trkpt>
      <trkpt lat="46.532451" lon="10.485485"><ele>0</ele></trkpt>
      <trkpt lat="46.532452" lon="10.485488"><ele>0</ele></trkpt>
      <trkpt lat="46.532462" lon="10.485518"><ele>0</ele></trkpt>
      <trkpt lat="46.532491" lon="10.485604"><ele>0</ele></trkpt>
      <trkpt lat="46.532524" lon="10.485675"><ele>0</ele></trkpt>
      <trkpt lat="46.532605" lon="10.485861"><ele>0</ele></trkpt>
      <trkpt lat="46.532803" lon="10.486320"><ele>0</ele></trkpt>
      <trkpt lat="46.533040" lon="10.486874"><ele>0</ele></trkpt>
      <trkpt lat="46.533131" lon="10.487077"><ele>0</ele></trkpt>
      <trkpt lat="46.533227" lon="10.487306"><ele>0</ele></trkpt>
      <trkpt lat="46.533297" lon="10.487474"><ele>0</ele></trkpt>
      <trkpt lat="46.533351" lon="10.487593"><ele>0</ele></trkpt>
      <trkpt lat="46.533381" lon="10.487656"><ele>0</ele></trkpt>
      <trkpt lat="46.533422" lon="10.487704"><ele>0</ele></trkpt>
      <trkpt lat="46.533482" lon="10.487762"><ele>0</ele></trkpt>
      <trkpt lat="46.533534" lon="10.487811"><ele>0</ele></trkpt>
      <trkpt lat="46.533585" lon="10.487854"><ele>0</ele></trkpt>
      <trkpt lat="46.533629" lon="10.487902"><ele>0</ele></trkpt>
      <trkpt lat="46.533665" lon="10.487962"><ele>0</ele></trkpt>
      <trkpt lat="46.533701" lon="10.488023"><ele>0</ele></trkpt>
      <trkpt lat="46.533734" lon="10.488088"><ele>0</ele></trkpt>
      <trkpt lat="46.533839" lon="10.488310"><ele>0</ele></trkpt>
      <trkpt lat="46.533841" lon="10.488314"><ele>0</ele></trkpt>
      <trkpt lat="46.533843" lon="10.488317"><ele>0</ele></trkpt>
      <trkpt lat="46.533845" lon="10.488321"><ele>0</ele></trkpt>
      <trkpt lat="46.533847" lon="10.488326"><ele>0</ele></trkpt>
      <trkpt lat="46.533850" lon="10.488331"><ele>0</ele></trkpt>
      <trkpt lat="46.533853" lon="10.488336"><ele>0</ele></trkpt>
      <trkpt lat="46.533856" lon="10.488341"><ele>0</ele></trkpt>
      <trkpt lat="46.533860" lon="10.488346"><ele>0</ele></trkpt>
      <trkpt lat="46.533864" lon="10.488350"><ele>0</ele></trkpt>
      <trkpt lat="46.533868" lon="10.488354"><ele>0</ele></trkpt>
      <trkpt lat="46.533873" lon="10.488358"><ele>0</ele></trkpt>
      <trkpt lat="46.533877" lon="10.488360"><ele>0</ele></trkpt>
      <trkpt lat="46.533882" lon="10.488362"><ele>0</ele></trkpt>
      <trkpt lat="46.533887" lon="10.488362"><ele>0</ele></trkpt>
      <trkpt lat="46.533891" lon="10.488361"><ele>0</ele></trkpt>
      <trkpt lat="46.533897" lon="10.488359"><ele>0</ele></trkpt>
      <trkpt lat="46.533901" lon="10.488355"><ele>0</ele></trkpt>
      <trkpt lat="46.533907" lon="10.488350"><ele>0</ele></trkpt>
      <trkpt lat="46.533911" lon="10.488343"><ele>0</ele></trkpt>
      <trkpt lat="46.533915" lon="10.488336"><ele>0</ele></trkpt>
      <trkpt lat="46.533917" lon="10.488329"><ele>0</ele></trkpt>
      <trkpt lat="46.533919" lon="10.488322"><ele>0</ele></trkpt>
      <trkpt lat="46.533920" lon="10.488314"><ele>0</ele></trkpt>
      <trkpt lat="46.533920" lon="10.488307"><ele>0</ele></trkpt>
      <trkpt lat="46.533919" lon="10.488300"><ele>0</ele></trkpt>
      <trkpt lat="46.533919" lon="10.488293"><ele>0</ele></trkpt>
      <trkpt lat="46.533917" lon="10.488286"><ele>0</ele></trkpt>
      <trkpt lat="46.533916" lon="10.488279"><ele>0</ele></trkpt>
      <trkpt lat="46.533914" lon="10.488272"><ele>0</ele></trkpt>
      <trkpt lat="46.533912" lon="10.488266"><ele>0</ele></trkpt>
      <trkpt lat="46.533909" lon="10.488261"><ele>0</ele></trkpt>
      <trkpt lat="46.533907" lon="10.488256"><ele>0</ele></trkpt>
      <trkpt lat="46.533905" lon="10.488251"><ele>0</ele></trkpt>
      <trkpt lat="46.533903" lon="10.488248"><ele>0</ele></trkpt>
      <trkpt lat="46.533902" lon="10.488245"><ele>0</ele></trkpt>
      <trkpt lat="46.533900" lon="10.488241"><ele>0</ele></trkpt>
      <trkpt lat="46.533861" lon="10.488159"><ele>0</ele></trkpt>
      <trkpt lat="46.533819" lon="10.488065"><ele>0</ele></trkpt>
      <trkpt lat="46.533783" lon="10.487978"><ele>0</ele></trkpt>
      <trkpt lat="46.533738" lon="10.487881"><ele>0</ele></trkpt>
      <trkpt lat="46.533693" lon="10.487795"><ele>0</ele></trkpt>
      <trkpt lat="46.533649" lon="10.487712"><ele>0</ele></trkpt>
      <trkpt lat="46.533601" lon="10.487632"><ele>0</ele></trkpt>
      <trkpt lat="46.533570" lon="10.487568"><ele>0</ele></trkpt>
      <trkpt lat="46.533539" lon="10.487469"><ele>0</ele></trkpt>
      <trkpt lat="46.533514" lon="10.487326"><ele>0</ele></trkpt>
      <trkpt lat="46.533493" lon="10.487219"><ele>0</ele></trkpt>
      <trkpt lat="46.533452" lon="10.486990"><ele>0</ele></trkpt>
      <trkpt lat="46.533429" lon="10.486871"><ele>0</ele></trkpt>
      <trkpt lat="46.533402" lon="10.486771"><ele>0</ele></trkpt>
      <trkpt lat="46.533371" lon="10.486688"><ele>0</ele></trkpt>
      <trkpt lat="46.533330" lon="10.486580"><ele>0</ele></trkpt>
      <trkpt lat="46.533287" lon="10.486462"><ele>0</ele></trkpt>
      <trkpt lat="46.533244" lon="10.486352"><ele>0</ele></trkpt>
      <trkpt lat="46.533206" lon="10.486212"><ele>0</ele></trkpt>
      <trkpt lat="46.533182" lon="10.486104"><ele>0</ele></trkpt>
      <trkpt lat="46.533134" lon="10.485918"><ele>0</ele></trkpt>
      <trkpt lat="46.533093" lon="10.485762"><ele>0</ele></trkpt>
      <trkpt lat="46.533046" lon="10.485588"><ele>0</ele></trkpt>
      <trkpt lat="46.533022" lon="10.485490"><ele>0</ele></trkpt>
      <trkpt lat="46.533001" lon="10.485422"><ele>0</ele></trkpt>
      <trkpt lat="46.532970" lon="10.485335"><ele>0</ele></trkpt>
      <trkpt lat="46.532919" lon="10.485190"><ele>0</ele></trkpt>
      <trkpt lat="46.532917" lon="10.485185"><ele>0</ele></trkpt>
      <trkpt lat="46.532916" lon="10.485179"><ele>0</ele></trkpt>
      <trkpt lat="46.532914" lon="10.485174"><ele>0</ele></trkpt>
      <trkpt lat="46.532913" lon="10.485168"><ele>0</ele></trkpt>
      <trkpt lat="46.532912" lon="10.485163"><ele>0</ele></trkpt>
      <trkpt lat="46.532911" lon="10.485157"><ele>0</ele></trkpt>
      <trkpt lat="46.532911" lon="10.485152"><ele>0</ele></trkpt>
      <trkpt lat="46.532911" lon="10.485147"><ele>0</ele></trkpt>
      <trkpt lat="46.532911" lon="10.485142"><ele>0</ele></trkpt>
      <trkpt lat="46.532912" lon="10.485137"><ele>0</ele></trkpt>
      <trkpt lat="46.532912" lon="10.485132"><ele>0</ele></trkpt>
      <trkpt lat="46.532914" lon="10.485127"><ele>0</ele></trkpt>
      <trkpt lat="46.532915" lon="10.485123"><ele>0</ele></trkpt>
      <trkpt lat="46.532917" lon="10.485118"><ele>0</ele></trkpt>
      <trkpt lat="46.532920" lon="10.485114"><ele>0</ele></trkpt>
      <trkpt lat="46.532923" lon="10.485110"><ele>0</ele></trkpt>
      <trkpt lat="46.532926" lon="10.485106"><ele>0</ele></trkpt>
      <trkpt lat="46.532930" lon="10.485102"><ele>0</ele></trkpt>
      <trkpt lat="46.532934" lon="10.485099"><ele>0</ele></trkpt>
      <trkpt lat="46.532939" lon="10.485096"><ele>0</ele></trkpt>
      <trkpt lat="46.532944" lon="10.485093"><ele>0</ele></trkpt>
      <trkpt lat="46.532949" lon="10.485092"><ele>0</ele></trkpt>
      <trkpt lat="46.532954" lon="10.485091"><ele>0</ele></trkpt>
      <trkpt lat="46.532958" lon="10.485091"><ele>0</ele></trkpt>
      <trkpt lat="46.532962" lon="10.485092"><ele>0</ele></trkpt>
      <trkpt lat="46.532966" lon="10.485093"><ele>0</ele></trkpt>
      <trkpt lat="46.532969" lon="10.485095"><ele>0</ele></trkpt>
      <trkpt lat="46.532972" lon="10.485097"><ele>0</ele></trkpt>
      <trkpt lat="46.532975" lon="10.485100"><ele>0</ele></trkpt>
      <trkpt lat="46.532978" lon="10.485103"><ele>0</ele></trkpt>
      <trkpt lat="46.532980" lon="10.485106"><ele>0</ele></trkpt>
      <trkpt lat="46.532982" lon="10.485109"><ele>0</ele></trkpt>
      <trkpt lat="46.532984" lon="10.485112"><ele>0</ele></trkpt>
      <trkpt lat="46.532986" lon="10.485114"><ele>0</ele></trkpt>
      <trkpt lat="46.532987" lon="10.485117"><ele>0</ele></trkpt>
      <trkpt lat="46.532988" lon="10.485121"><ele>0</ele></trkpt>
      <trkpt lat="46.532990" lon="10.485124"><ele>0</ele></trkpt>
      <trkpt lat="46.533019" lon="10.485210"><ele>0</ele></trkpt>
      <trkpt lat="46.533050" lon="10.485289"><ele>0</ele></trkpt>
      <trkpt lat="46.533087" lon="10.485385"><ele>0</ele></trkpt>
      <trkpt lat="46.533134" lon="10.485500"><ele>0</ele></trkpt>
      <trkpt lat="46.533173" lon="10.485593"><ele>0</ele></trkpt>
      <trkpt lat="46.533221" lon="10.485706"><ele>0</ele></trkpt>
      <trkpt lat="46.533288" lon="10.485868"><ele>0</ele></trkpt>
      <trkpt lat="46.533341" lon="10.485990"><ele>0</ele></trkpt>
      <trkpt lat="46.533398" lon="10.486126"><ele>0</ele></trkpt>
      <trkpt lat="46.533435" lon="10.486224"><ele>0</ele></trkpt>
      <trkpt lat="46.533483" lon="10.486336"><ele>0</ele></trkpt>
      <trkpt lat="46.533518" lon="10.486408"><ele>0</ele></trkpt>
      <trkpt lat="46.533580" lon="10.486521"><ele>0</ele></trkpt>
      <trkpt lat="46.533621" lon="10.486581"><ele>0</ele></trkpt>
      <trkpt lat="46.533668" lon="10.486657"><ele>0</ele></trkpt>
      <trkpt lat="46.533706" lon="10.486735"><ele>0</ele></trkpt>
      <trkpt lat="46.533734" lon="10.486799"><ele>0</ele></trkpt>
      <trkpt lat="46.533736" lon="10.486803"><ele>0</ele></trkpt>
      <trkpt lat="46.533738" lon="10.486808"><ele>0</ele></trkpt>
      <trkpt lat="46.533741" lon="10.486812"><ele>0</ele></trkpt>
      <trkpt lat="46.533743" lon="10.486817"><ele>0</ele></trkpt>
      <trkpt lat="46.533746" lon="10.486822"><ele>0</ele></trkpt>
      <trkpt lat="46.533749" lon="10.486826"><ele>0</ele></trkpt>
      <trkpt lat="46.533752" lon="10.486830"><ele>0</ele></trkpt>
      <trkpt lat="46.533755" lon="10.486834"><ele>0</ele></trkpt>
      <trkpt lat="46.533759" lon="10.486838"><ele>0</ele></trkpt>
      <trkpt lat="46.533763" lon="10.486841"><ele>0</ele></trkpt>
      <trkpt lat="46.533766" lon="10.486844"><ele>0</ele></trkpt>
      <trkpt lat="46.533770" lon="10.486846"><ele>0</ele></trkpt>
      <trkpt lat="46.533774" lon="10.486847"><ele>0</ele></trkpt>
      <trkpt lat="46.533778" lon="10.486848"><ele>0</ele></trkpt>
      <trkpt lat="46.533782" lon="10.486848"><ele>0</ele></trkpt>
      <trkpt lat="46.533786" lon="10.486847"><ele>0</ele></trkpt>
      <trkpt lat="46.533790" lon="10.486846"><ele>0</ele></trkpt>
      <trkpt lat="46.533794" lon="10.486843"><ele>0</ele></trkpt>
      <trkpt lat="46.533798" lon="10.486840"><ele>0</ele></trkpt>
      <trkpt lat="46.533802" lon="10.486835"><ele>0</ele></trkpt>
      <trkpt lat="46.533806" lon="10.486829"><ele>0</ele></trkpt>
      <trkpt lat="46.533808" lon="10.486823"><ele>0</ele></trkpt>
      <trkpt lat="46.533810" lon="10.486817"><ele>0</ele></trkpt>
      <trkpt lat="46.533812" lon="10.486811"><ele>0</ele></trkpt>
      <trkpt lat="46.533812" lon="10.486804"><ele>0</ele></trkpt>
      <trkpt lat="46.533813" lon="10.486798"><ele>0</ele></trkpt>
      <trkpt lat="46.533812" lon="10.486791"><ele>0</ele></trkpt>
      <trkpt lat="46.533812" lon="10.486785"><ele>0</ele></trkpt>
      <trkpt lat="46.533811" lon="10.486778"><ele>0</ele></trkpt>
      <trkpt lat="46.533810" lon="10.486772"><ele>0</ele></trkpt>
      <trkpt lat="46.533808" lon="10.486766"><ele>0</ele></trkpt>
      <trkpt lat="46.533807" lon="10.486761"><ele>0</ele></trkpt>
      <trkpt lat="46.533805" lon="10.486755"><ele>0</ele></trkpt>
      <trkpt lat="46.533803" lon="10.486751"><ele>0</ele></trkpt>
      <trkpt lat="46.533802" lon="10.486746"><ele>0</ele></trkpt>
      <trkpt lat="46.533800" lon="10.486743"><ele>0</ele></trkpt>
      <trkpt lat="46.533799" lon="10.486739"><ele>0</ele></trkpt>
      <trkpt lat="46.533798" lon="10.486736"><ele>0</ele></trkpt>
      <trkpt lat="46.533785" lon="10.486709"><ele>0</ele></trkpt>
      <trkpt lat="46.533732" lon="10.486595"><ele>0</ele></trkpt>
      <trkpt lat="46.533691" lon="10.486499"><ele>0</ele></trkpt>
      <trkpt lat="46.533648" lon="10.486414"><ele>0</ele></trkpt>
      <trkpt lat="46.533597" lon="10.486268"><ele>0</ele></trkpt>
      <trkpt lat="46.533544" lon="10.486110"><ele>0</ele></trkpt>
      <trkpt lat="46.533498" lon="10.485947"><ele>0</ele></trkpt>
      <trkpt lat="46.533459" lon="10.485802"><ele>0</ele></trkpt>
      <trkpt lat="46.533380" lon="10.485494"><ele>0</ele></trkpt>
      <trkpt lat="46.533348" lon="10.485356"><ele>0</ele></trkpt>
      <trkpt lat="46.533305" lon="10.485191"><ele>0</ele></trkpt>
      <trkpt lat="46.533281" lon="10.485107"><ele>0</ele></trkpt>
      <trkpt lat="46.533272" lon="10.485033"><ele>0</ele></trkpt>
      <trkpt lat="46.533269" lon="10.484967"><ele>0</ele></trkpt>
      <trkpt lat="46.533274" lon="10.484897"><ele>0</ele></trkpt>
      <trkpt lat="46.533288" lon="10.484815"><ele>0</ele></trkpt>
      <trkpt lat="46.533313" lon="10.484639"><ele>0</ele></trkpt>
      <trkpt lat="46.533324" lon="10.484539"><ele>0</ele></trkpt>
      <trkpt lat="46.533321" lon="10.484442"><ele>0</ele></trkpt>
      <trkpt lat="46.533306" lon="10.484345"><ele>0</ele></trkpt>
      <trkpt lat="46.533284" lon="10.484252"><ele>0</ele></trkpt>
      <trkpt lat="46.533252" lon="10.484179"><ele>0</ele></trkpt>
      <trkpt lat="46.533224" lon="10.484121"><ele>0</ele></trkpt>
      <trkpt lat="46.533191" lon="10.484072"><ele>0</ele></trkpt>
      <trkpt lat="46.533157" lon="10.484025"><ele>0</ele></trkpt>
      <trkpt lat="46.533120" lon="10.483971"><ele>0</ele></trkpt>
      <trkpt lat="46.533085" lon="10.483912"><ele>0</ele></trkpt>
      <trkpt lat="46.533061" lon="10.483862"><ele>0</ele></trkpt>
      <trkpt lat="46.533041" lon="10.483812"><ele>0</ele></trkpt>
      <trkpt lat="46.533019" lon="10.483721"><ele>0</ele></trkpt>
      <trkpt lat="46.532993" lon="10.483588"><ele>0</ele></trkpt>
      <trkpt lat="46.532953" lon="10.483360"><ele>0</ele></trkpt>
      <trkpt lat="46.532918" lon="10.483181"><ele>0</ele></trkpt>
      <trkpt lat="46.532864" lon="10.482905"><ele>0</ele></trkpt>
      <trkpt lat="46.532836" lon="10.482735"><ele>0</ele></trkpt>
      <trkpt lat="46.532819" lon="10.482654"><ele>0</ele></trkpt>
      <trkpt lat="46.532802" lon="10.482546"><ele>0</ele></trkpt>
      <trkpt lat="46.532781" lon="10.482434"><ele>0</ele></trkpt>
      <trkpt lat="46.532757" lon="10.482311"><ele>0</ele></trkpt>
      <trkpt lat="46.532743" lon="10.482243"><ele>0</ele></trkpt>
      <trkpt lat="46.532742" lon="10.482239"><ele>0</ele></trkpt>
      <trkpt lat="46.532742" lon="10.482233"><ele>0</ele></trkpt>
      <trkpt lat="46.532741" lon="10.482228"><ele>0</ele></trkpt>
      <trkpt lat="46.532740" lon="10.482223"><ele>0</ele></trkpt>
      <trkpt lat="46.532740" lon="10.482218"><ele>0</ele></trkpt>
      <trkpt lat="46.532739" lon="10.482213"><ele>0</ele></trkpt>
      <trkpt lat="46.532739" lon="10.482207"><ele>0</ele></trkpt>
      <trkpt lat="46.532740" lon="10.482202"><ele>0</ele></trkpt>
      <trkpt lat="46.532740" lon="10.482197"><ele>0</ele></trkpt>
      <trkpt lat="46.532741" lon="10.482192"><ele>0</ele></trkpt>
      <trkpt lat="46.532742" lon="10.482187"><ele>0</ele></trkpt>
      <trkpt lat="46.532743" lon="10.482182"><ele>0</ele></trkpt>
      <trkpt lat="46.532745" lon="10.482178"><ele>0</ele></trkpt>
      <trkpt lat="46.532747" lon="10.482174"><ele>0</ele></trkpt>
      <trkpt lat="46.532750" lon="10.482170"><ele>0</ele></trkpt>
      <trkpt lat="46.532753" lon="10.482166"><ele>0</ele></trkpt>
      <trkpt lat="46.532757" lon="10.482163"><ele>0</ele></trkpt>
      <trkpt lat="46.532760" lon="10.482160"><ele>0</ele></trkpt>
      <trkpt lat="46.532765" lon="10.482158"><ele>0</ele></trkpt>
      <trkpt lat="46.532770" lon="10.482156"><ele>0</ele></trkpt>
      <trkpt lat="46.532775" lon="10.482155"><ele>0</ele></trkpt>
      <trkpt lat="46.532780" lon="10.482155"><ele>0</ele></trkpt>
      <trkpt lat="46.532784" lon="10.482156"><ele>0</ele></trkpt>
      <trkpt lat="46.532788" lon="10.482158"><ele>0</ele></trkpt>
      <trkpt lat="46.532792" lon="10.482160"><ele>0</ele></trkpt>
      <trkpt lat="46.532796" lon="10.482163"><ele>0</ele></trkpt>
      <trkpt lat="46.532799" lon="10.482167"><ele>0</ele></trkpt>
      <trkpt lat="46.532802" lon="10.482171"><ele>0</ele></trkpt>
      <trkpt lat="46.532804" lon="10.482175"><ele>0</ele></trkpt>
      <trkpt lat="46.532807" lon="10.482179"><ele>0</ele></trkpt>
      <trkpt lat="46.532809" lon="10.482184"><ele>0</ele></trkpt>
      <trkpt lat="46.532811" lon="10.482188"><ele>0</ele></trkpt>
      <trkpt lat="46.532812" lon="10.482192"><ele>0</ele></trkpt>
      <trkpt lat="46.532814" lon="10.482196"><ele>0</ele></trkpt>
      <trkpt lat="46.532815" lon="10.482200"><ele>0</ele></trkpt>
      <trkpt lat="46.532816" lon="10.482203"><ele>0</ele></trkpt>
      <trkpt lat="46.532817" lon="10.482209"><ele>0</ele></trkpt>
      <trkpt lat="46.532825" lon="10.482256"><ele>0</ele></trkpt>
      <trkpt lat="46.532838" lon="10.482306"><ele>0</ele></trkpt>
      <trkpt lat="46.532852" lon="10.482366"><ele>0</ele></trkpt>
      <trkpt lat="46.532878" lon="10.482460"><ele>0</ele></trkpt>
      <trkpt lat="46.532906" lon="10.482554"><ele>0</ele></trkpt>
      <trkpt lat="46.532931" lon="10.482634"><ele>0</ele></trkpt>
      <trkpt lat="46.532975" lon="10.482757"><ele>0</ele></trkpt>
      <trkpt lat="46.533020" lon="10.482870"><ele>0</ele></trkpt>
      <trkpt lat="46.533078" lon="10.483025"><ele>0</ele></trkpt>
      <trkpt lat="46.533126" lon="10.483146"><ele>0</ele></trkpt>
      <trkpt lat="46.533185" lon="10.483308"><ele>0</ele></trkpt>
      <trkpt lat="46.533186" lon="10.483311"><ele>0</ele></trkpt>
      <trkpt lat="46.533188" lon="10.483316"><ele>0</ele></trkpt>
      <trkpt lat="46.533190" lon="10.483320"><ele>0</ele></trkpt>
      <trkpt lat="46.533192" lon="10.483324"><ele>0</ele></trkpt>
      <trkpt lat="46.533194" lon="10.483328"><ele>0</ele></trkpt>
      <trkpt lat="46.533197" lon="10.483332"><ele>0</ele></trkpt>
      <trkpt lat="46.533200" lon="10.483336"><ele>0</ele></trkpt>
      <trkpt lat="46.533202" lon="10.483339"><ele>0</ele></trkpt>
      <trkpt lat="46.533206" lon="10.483343"><ele>0</ele></trkpt>
      <trkpt lat="46.533209" lon="10.483346"><ele>0</ele></trkpt>
      <trkpt lat="46.533212" lon="10.483349"><ele>0</ele></trkpt>
      <trkpt lat="46.533216" lon="10.483351"><ele>0</ele></trkpt>
      <trkpt lat="46.533220" lon="10.483352"><ele>0</ele></trkpt>
      <trkpt lat="46.533224" lon="10.483353"><ele>0</ele></trkpt>
      <trkpt lat="46.533228" lon="10.483354"><ele>0</ele></trkpt>
      <trkpt lat="46.533232" lon="10.483353"><ele>0</ele></trkpt>
      <trkpt lat="46.533236" lon="10.483352"><ele>0</ele></trkpt>
      <trkpt lat="46.533240" lon="10.483350"><ele>0</ele></trkpt>
      <trkpt lat="46.533245" lon="10.483347"><ele>0</ele></trkpt>
      <trkpt lat="46.533249" lon="10.483343"><ele>0</ele></trkpt>
      <trkpt lat="46.533253" lon="10.483339"><ele>0</ele></trkpt>
      <trkpt lat="46.533257" lon="10.483333"><ele>0</ele></trkpt>
      <trkpt lat="46.533260" lon="10.483328"><ele>0</ele></trkpt>
      <trkpt lat="46.533262" lon="10.483321"><ele>0</ele></trkpt>
      <trkpt lat="46.533263" lon="10.483314"><ele>0</ele></trkpt>
      <trkpt lat="46.533264" lon="10.483308"><ele>0</ele></trkpt>
      <trkpt lat="46.533265" lon="10.483300"><ele>0</ele></trkpt>
      <trkpt lat="46.533265" lon="10.483293"><ele>0</ele></trkpt>
      <trkpt lat="46.533265" lon="10.483286"><ele>0</ele></trkpt>
      <trkpt lat="46.533264" lon="10.483279"><ele>0</ele></trkpt>
      <trkpt lat="46.533264" lon="10.483272"><ele>0</ele></trkpt>
      <trkpt lat="46.533263" lon="10.483266"><ele>0</ele></trkpt>
      <trkpt lat="46.533262" lon="10.483260"><ele>0</ele></trkpt>
      <trkpt lat="46.533261" lon="10.483254"><ele>0</ele></trkpt>
      <trkpt lat="46.533259" lon="10.483249"><ele>0</ele></trkpt>
      <trkpt lat="46.533259" lon="10.483245"><ele>0</ele></trkpt>
      <trkpt lat="46.533258" lon="10.483241"><ele>0</ele></trkpt>
      <trkpt lat="46.533257" lon="10.483237"><ele>0</ele></trkpt>
      <trkpt lat="46.533234" lon="10.483171"><ele>0</ele></trkpt>
      <trkpt lat="46.533204" lon="10.483084"><ele>0</ele></trkpt>
      <trkpt lat="46.533147" lon="10.482882"><ele>0</ele></trkpt>
      <trkpt lat="46.533123" lon="10.482794"><ele>0</ele></trkpt>
      <trkpt lat="46.533102" lon="10.482698"><ele>0</ele></trkpt>
      <trkpt lat="46.533091" lon="10.482604"><ele>0</ele></trkpt>
      <trkpt lat="46.533089" lon="10.482526"><ele>0</ele></trkpt>
      <trkpt lat="46.533088" lon="10.482403"><ele>0</ele></trkpt>
      <trkpt lat="46.533090" lon="10.482308"><ele>0</ele></trkpt>
      <trkpt lat="46.533094" lon="10.482152"><ele>0</ele></trkpt>
      <trkpt lat="46.533096" lon="10.482023"><ele>0</ele></trkpt>
      <trkpt lat="46.533095" lon="10.481933"><ele>0</ele></trkpt>
      <trkpt lat="46.533090" lon="10.481859"><ele>0</ele></trkpt>
      <trkpt lat="46.533076" lon="10.481741"><ele>0</ele></trkpt>
      <trkpt lat="46.533051" lon="10.481618"><ele>0</ele></trkpt>
      <trkpt lat="46.533028" lon="10.481516"><ele>0</ele></trkpt>
      <trkpt lat="46.533001" lon="10.481404"><ele>0</ele></trkpt>
      <trkpt lat="46.532977" lon="10.481317"><ele>0</ele></trkpt>
      <trkpt lat="46.532976" lon="10.481314"><ele>0</ele></trkpt>
      <trkpt lat="46.532975" lon="10.481310"><ele>0</ele></trkpt>
      <trkpt lat="46.532975" lon="10.481306"><ele>0</ele></trkpt>
      <trkpt lat="46.532974" lon="10.481302"><ele>0</ele></trkpt>
      <trkpt lat="46.532974" lon="10.481296"><ele>0</ele></trkpt>
      <trkpt lat="46.532973" lon="10.481291"><ele>0</ele></trkpt>
      <trkpt lat="46.532973" lon="10.481285"><ele>0</ele></trkpt>
      <trkpt lat="46.532973" lon="10.481279"><ele>0</ele></trkpt>
      <trkpt lat="46.532973" lon="10.481272"><ele>0</ele></trkpt>
      <trkpt lat="46.532974" lon="10.481266"><ele>0</ele></trkpt>
      <trkpt lat="46.532975" lon="10.481259"><ele>0</ele></trkpt>
      <trkpt lat="46.532977" lon="10.481253"><ele>0</ele></trkpt>
      <trkpt lat="46.532979" lon="10.481247"><ele>0</ele></trkpt>
      <trkpt lat="46.532981" lon="10.481241"><ele>0</ele></trkpt>
      <trkpt lat="46.532985" lon="10.481236"><ele>0</ele></trkpt>
      <trkpt lat="46.532989" lon="10.481231"><ele>0</ele></trkpt>
      <trkpt lat="46.532993" lon="10.481227"><ele>0</ele></trkpt>
      <trkpt lat="46.533010" lon="10.481220"><ele>0</ele></trkpt>
      <trkpt lat="46.533024" lon="10.481222"><ele>0</ele></trkpt>
      <trkpt lat="46.533039" lon="10.481232"><ele>0</ele></trkpt>
      <trkpt lat="46.533051" lon="10.481253"><ele>0</ele></trkpt>
      <trkpt lat="46.533112" lon="10.481453"><ele>0</ele></trkpt>
      <trkpt lat="46.533188" lon="10.481684"><ele>0</ele></trkpt>
      <trkpt lat="46.533243" lon="10.481862"><ele>0</ele></trkpt>
      <trkpt lat="46.533285" lon="10.482038"><ele>0</ele></trkpt>
      <trkpt lat="46.533304" lon="10.482151"><ele>0</ele></trkpt>
      <trkpt lat="46.533323" lon="10.482272"><ele>0</ele></trkpt>
      <trkpt lat="46.533344" lon="10.482384"><ele>0</ele></trkpt>
      <trkpt lat="46.533365" lon="10.482473"><ele>0</ele></trkpt>
      <trkpt lat="46.533387" lon="10.482554"><ele>0</ele></trkpt>
      <trkpt lat="46.533410" lon="10.482627"><ele>0</ele></trkpt>
      <trkpt lat="46.533489" lon="10.482857"><ele>0</ele></trkpt>
      <trkpt lat="46.533522" lon="10.482956"><ele>0</ele></trkpt>
      <trkpt lat="46.533549" lon="10.483050"><ele>0</ele></trkpt>
      <trkpt lat="46.533568" lon="10.483183"><ele>0</ele></trkpt>
      <trkpt lat="46.533572" lon="10.483199"><ele>0</ele></trkpt>
      <trkpt lat="46.533581" lon="10.483219"><ele>0</ele></trkpt>
      <trkpt lat="46.533588" lon="10.483228"><ele>0</ele></trkpt>
      <trkpt lat="46.533597" lon="10.483234"><ele>0</ele></trkpt>
      <trkpt lat="46.533614" lon="10.483237"><ele>0</ele></trkpt>
      <trkpt lat="46.533636" lon="10.483228"><ele>0</ele></trkpt>
      <trkpt lat="46.533643" lon="10.483223"><ele>0</ele></trkpt>
      <trkpt lat="46.533652" lon="10.483210"><ele>0</ele></trkpt>
      <trkpt lat="46.533660" lon="10.483187"><ele>0</ele></trkpt>
      <trkpt lat="46.533663" lon="10.483162"><ele>0</ele></trkpt>
      <trkpt lat="46.533660" lon="10.483126"><ele>0</ele></trkpt>
      <trkpt lat="46.533657" lon="10.483111"><ele>0</ele></trkpt>
      <trkpt lat="46.533602" lon="10.482924"><ele>0</ele></trkpt>
      <trkpt lat="46.533563" lon="10.482780"><ele>0</ele></trkpt>
      <trkpt lat="46.533525" lon="10.482599"><ele>0</ele></trkpt>
      <trkpt lat="46.533518" lon="10.482510"><ele>0</ele></trkpt>
      <trkpt lat="46.533514" lon="10.482420"><ele>0</ele></trkpt>
      <trkpt lat="46.533519" lon="10.482150"><ele>0</ele></trkpt>
      <trkpt lat="46.533518" lon="10.482019"><ele>0</ele></trkpt>
      <trkpt lat="46.533516" lon="10.481900"><ele>0</ele></trkpt>
      <trkpt lat="46.533505" lon="10.481781"><ele>0</ele></trkpt>
      <trkpt lat="46.533488" lon="10.481627"><ele>0</ele></trkpt>
      <trkpt lat="46.533427" lon="10.481199"><ele>0</ele></trkpt>
      <trkpt lat="46.533403" lon="10.480995"><ele>0</ele></trkpt>
      <trkpt lat="46.533378" lon="10.480830"><ele>0</ele></trkpt>
      <trkpt lat="46.533353" lon="10.480654"><ele>0</ele></trkpt>
      <trkpt lat="46.533341" lon="10.480524"><ele>0</ele></trkpt>
      <trkpt lat="46.533330" lon="10.480337"><ele>0</ele></trkpt>
      <trkpt lat="46.533321" lon="10.480138"><ele>0</ele></trkpt>
      <trkpt lat="46.533294" lon="10.479705"><ele>0</ele></trkpt>
      <trkpt lat="46.533281" lon="10.479489"><ele>0</ele></trkpt>
      <trkpt lat="46.533270" lon="10.479228"><ele>0</ele></trkpt>
      <trkpt lat="46.533252" lon="10.478904"><ele>0</ele></trkpt>
      <trkpt lat="46.533247" lon="10.478709"><ele>0</ele></trkpt>
      <trkpt lat="46.533248" lon="10.478552"><ele>0</ele></trkpt>
      <trkpt lat="46.533261" lon="10.478261"><ele>0</ele></trkpt>
      <trkpt lat="46.533293" lon="10.477979"><ele>0</ele></trkpt>
      <trkpt lat="46.533295" lon="10.477862"><ele>0</ele></trkpt>
      <trkpt lat="46.533288" lon="10.477761"><ele>0</ele></trkpt>
      <trkpt lat="46.533269" lon="10.477624"><ele>0</ele></trkpt>
      <trkpt lat="46.533255" lon="10.477538"><ele>0</ele></trkpt>
      <trkpt lat="46.533141" lon="10.477128"><ele>0</ele></trkpt>
      <trkpt lat="46.533037" lon="10.476768"><ele>0</ele></trkpt>
      <trkpt lat="46.533008" lon="10.476659"><ele>0</ele></trkpt>
      <trkpt lat="46.532979" lon="10.476567"><ele>0</ele></trkpt>
      <trkpt lat="46.532903" lon="10.476333"><ele>0</ele></trkpt>
      <trkpt lat="46.532899" lon="10.476309"><ele>0</ele></trkpt>
      <trkpt lat="46.532899" lon="10.476292"><ele>0</ele></trkpt>
      <trkpt lat="46.532904" lon="10.476270"><ele>0</ele></trkpt>
      <trkpt lat="46.532912" lon="10.476256"><ele>0</ele></trkpt>
      <trkpt lat="46.532924" lon="10.476245"><ele>0</ele></trkpt>
      <trkpt lat="46.532934" lon="10.476238"><ele>0</ele></trkpt>
      <trkpt lat="46.532945" lon="10.476235"><ele>0</ele></trkpt>
      <trkpt lat="46.532954" lon="10.476235"><ele>0</ele></trkpt>
      <trkpt lat="46.532970" lon="10.476244"><ele>0</ele></trkpt>
      <trkpt lat="46.532979" lon="10.476255"><ele>0</ele></trkpt>
      <trkpt lat="46.532985" lon="10.476266"><ele>0</ele></trkpt>
      <trkpt lat="46.533060" lon="10.476487"><ele>0</ele></trkpt>
      <trkpt lat="46.533100" lon="10.476585"><ele>0</ele></trkpt>
      <trkpt lat="46.533141" lon="10.476690"><ele>0</ele></trkpt>
      <trkpt lat="46.533186" lon="10.476785"><ele>0</ele></trkpt>
      <trkpt lat="46.533414" lon="10.477245"><ele>0</ele></trkpt>
      <trkpt lat="46.533449" lon="10.477335"><ele>0</ele></trkpt>
      <trkpt lat="46.533484" lon="10.477433"><ele>0</ele></trkpt>
      <trkpt lat="46.533503" lon="10.477514"><ele>0</ele></trkpt>
      <trkpt lat="46.533527" lon="10.477648"><ele>0</ele></trkpt>
      <trkpt lat="46.533554" lon="10.477814"><ele>0</ele></trkpt>
      <trkpt lat="46.533558" lon="10.477831"><ele>0</ele></trkpt>
      <trkpt lat="46.533566" lon="10.477849"><ele>0</ele></trkpt>
      <trkpt lat="46.533577" lon="10.477863"><ele>0</ele></trkpt>
      <trkpt lat="46.533589" lon="10.477869"><ele>0</ele></trkpt>
      <trkpt lat="46.533605" lon="10.477869"><ele>0</ele></trkpt>
      <trkpt lat="46.533623" lon="10.477860"><ele>0</ele></trkpt>
      <trkpt lat="46.533632" lon="10.477850"><ele>0</ele></trkpt>
      <trkpt lat="46.533639" lon="10.477838"><ele>0</ele></trkpt>
      <trkpt lat="46.533643" lon="10.477825"><ele>0</ele></trkpt>
      <trkpt lat="46.533645" lon="10.477811"><ele>0</ele></trkpt>
      <trkpt lat="46.533645" lon="10.477790"><ele>0</ele></trkpt>
      <trkpt lat="46.533643" lon="10.477769"><ele>0</ele></trkpt>
      <trkpt lat="46.533541" lon="10.477240"><ele>0</ele></trkpt>
      <trkpt lat="46.533506" lon="10.477045"><ele>0</ele></trkpt>
      <trkpt lat="46.533451" lon="10.476831"><ele>0</ele></trkpt>
      <trkpt lat="46.533414" lon="10.476673"><ele>0</ele></trkpt>
      <trkpt lat="46.533332" lon="10.476360"><ele>0</ele></trkpt>
      <trkpt lat="46.533330" lon="10.476347"><ele>0</ele></trkpt>
      <trkpt lat="46.533330" lon="10.476323"><ele>0</ele></trkpt>
      <trkpt lat="46.533334" lon="10.476306"><ele>0</ele></trkpt>
      <trkpt lat="46.533342" lon="10.476291"><ele>0</ele></trkpt>
      <trkpt lat="46.533351" lon="10.476282"><ele>0</ele></trkpt>
      <trkpt lat="46.533362" lon="10.476275"><ele>0</ele></trkpt>
      <trkpt lat="46.533378" lon="10.476274"><ele>0</ele></trkpt>
      <trkpt lat="46.533390" lon="10.476280"><ele>0</ele></trkpt>
      <trkpt lat="46.533400" lon="10.476291"><ele>0</ele></trkpt>
      <trkpt lat="46.533410" lon="10.476315"><ele>0</ele></trkpt>
      <trkpt lat="46.533450" lon="10.476461"><ele>0</ele></trkpt>
      <trkpt lat="46.533508" lon="10.476627"><ele>0</ele></trkpt>
      <trkpt lat="46.533595" lon="10.476892"><ele>0</ele></trkpt>
      <trkpt lat="46.533636" lon="10.477010"><ele>0</ele></trkpt>
      <trkpt lat="46.533707" lon="10.477225"><ele>0</ele></trkpt>
      <trkpt lat="46.533728" lon="10.477297"><ele>0</ele></trkpt>
      <trkpt lat="46.533757" lon="10.477418"><ele>0</ele></trkpt>
      <trkpt lat="46.533844" lon="10.477798"><ele>0</ele></trkpt>
      <trkpt lat="46.533848" lon="10.477810"><ele>0</ele></trkpt>
      <trkpt lat="46.533860" lon="10.477836"><ele>0</ele></trkpt>
      <trkpt lat="46.533870" lon="10.477850"><ele>0</ele></trkpt>
      <trkpt lat="46.533883" lon="10.477859"><ele>0</ele></trkpt>
      <trkpt lat="46.533892" lon="10.477860"><ele>0</ele></trkpt>
      <trkpt lat="46.533908" lon="10.477852"><ele>0</ele></trkpt>
      <trkpt lat="46.533916" lon="10.477841"><ele>0</ele></trkpt>
      <trkpt lat="46.533922" lon="10.477821"><ele>0</ele></trkpt>
      <trkpt lat="46.533924" lon="10.477799"><ele>0</ele></trkpt>
      <trkpt lat="46.533920" lon="10.477765"><ele>0</ele></trkpt>
      <trkpt lat="46.533876" lon="10.477567"><ele>0</ele></trkpt>
      <trkpt lat="46.533859" lon="10.477443"><ele>0</ele></trkpt>
      <trkpt lat="46.533830" lon="10.477253"><ele>0</ele></trkpt>
      <trkpt lat="46.533748" lon="10.476686"><ele>0</ele></trkpt>
      <trkpt lat="46.533720" lon="10.476500"><ele>0</ele></trkpt>
      <trkpt lat="46.533709" lon="10.476390"><ele>0</ele></trkpt>
      <trkpt lat="46.533707" lon="10.476295"><ele>0</ele></trkpt>
      <trkpt lat="46.533712" lon="10.475962"><ele>0</ele></trkpt>
      <trkpt lat="46.533711" lon="10.475875"><ele>0</ele></trkpt>
      <trkpt lat="46.533705" lon="10.475805"><ele>0</ele></trkpt>
      <trkpt lat="46.533629" lon="10.475311"><ele>0</ele></trkpt>
      <trkpt lat="46.533592" lon="10.475078"><ele>0</ele></trkpt>
      <trkpt lat="46.533548" lon="10.474819"><ele>0</ele></trkpt>
      <trkpt lat="46.533545" lon="10.474747"><ele>0</ele></trkpt>
      <trkpt lat="46.533543" lon="10.474673"><ele>0</ele></trkpt>
      <trkpt lat="46.533544" lon="10.474597"><ele>0</ele></trkpt>
      <trkpt lat="46.533538" lon="10.474534"><ele>0</ele></trkpt>
      <trkpt lat="46.533525" lon="10.474456"><ele>0</ele></trkpt>
      <trkpt lat="46.533505" lon="10.474381"><ele>0</ele></trkpt>
      <trkpt lat="46.533478" lon="10.474306"><ele>0</ele></trkpt>
      <trkpt lat="46.533440" lon="10.474235"><ele>0</ele></trkpt>
      <trkpt lat="46.533382" lon="10.474132"><ele>0</ele></trkpt>
      <trkpt lat="46.533338" lon="10.474061"><ele>0</ele></trkpt>
      <trkpt lat="46.533282" lon="10.473953"><ele>0</ele></trkpt>
      <trkpt lat="46.533217" lon="10.473784"><ele>0</ele></trkpt>
      <trkpt lat="46.533139" lon="10.473563"><ele>0</ele></trkpt>
      <trkpt lat="46.533076" lon="10.473373"><ele>0</ele></trkpt>
      <trkpt lat="46.533039" lon="10.473242"><ele>0</ele></trkpt>
      <trkpt lat="46.533010" lon="10.473123"><ele>0</ele></trkpt>
      <trkpt lat="46.532781" lon="10.471994"><ele>0</ele></trkpt>
      <trkpt lat="46.532719" lon="10.471699"><ele>0</ele></trkpt>
      <trkpt lat="46.532676" lon="10.471487"><ele>0</ele></trkpt>
      <trkpt lat="46.532611" lon="10.471202"><ele>0</ele></trkpt>
      <trkpt lat="46.532583" lon="10.471097"><ele>0</ele></trkpt>
      <trkpt lat="46.532580" lon="10.471074"><ele>0</ele></trkpt>
      <trkpt lat="46.532579" lon="10.471048"><ele>0</ele></trkpt>
      <trkpt lat="46.532581" lon="10.471028"><ele>0</ele></trkpt>
      <trkpt lat="46.532588" lon="10.471011"><ele>0</ele></trkpt>
      <trkpt lat="46.532596" lon="10.471002"><ele>0</ele></trkpt>
      <trkpt lat="46.532611" lon="10.470997"><ele>0</ele></trkpt>
      <trkpt lat="46.532625" lon="10.471000"><ele>0</ele></trkpt>
      <trkpt lat="46.532638" lon="10.471013"><ele>0</ele></trkpt>
      <trkpt lat="46.532648" lon="10.471030"><ele>0</ele></trkpt>
      <trkpt lat="46.532697" lon="10.471199"><ele>0</ele></trkpt>
      <trkpt lat="46.532722" lon="10.471279"><ele>0</ele></trkpt>
      <trkpt lat="46.532756" lon="10.471376"><ele>0</ele></trkpt>
      <trkpt lat="46.532791" lon="10.471465"><ele>0</ele></trkpt>
      <trkpt lat="46.532823" lon="10.471558"><ele>0</ele></trkpt>
      <trkpt lat="46.533166" lon="10.472491"><ele>0</ele></trkpt>
      <trkpt lat="46.533219" lon="10.472626"><ele>0</ele></trkpt>
      <trkpt lat="46.533260" lon="10.472760"><ele>0</ele></trkpt>
      <trkpt lat="46.533311" lon="10.472912"><ele>0</ele></trkpt>
      <trkpt lat="46.533325" lon="10.472938"><ele>0</ele></trkpt>
      <trkpt lat="46.533340" lon="10.472953"><ele>0</ele></trkpt>
      <trkpt lat="46.533348" lon="10.472957"><ele>0</ele></trkpt>
      <trkpt lat="46.533356" lon="10.472959"><ele>0</ele></trkpt>
      <trkpt lat="46.533365" lon="10.472957"><ele>0</ele></trkpt>
      <trkpt lat="46.533373" lon="10.472952"><ele>0</ele></trkpt>
      <trkpt lat="46.533384" lon="10.472938"><ele>0</ele></trkpt>
      <trkpt lat="46.533390" lon="10.472924"><ele>0</ele></trkpt>
      <trkpt lat="46.533392" lon="10.472902"><ele>0</ele></trkpt>
      <trkpt lat="46.533390" lon="10.472881"><ele>0</ele></trkpt>
      <trkpt lat="46.533379" lon="10.472850"><ele>0</ele></trkpt>
      <trkpt lat="46.533340" lon="10.472765"><ele>0</ele></trkpt>
      <trkpt lat="46.533284" lon="10.472575"><ele>0</ele></trkpt>
      <trkpt lat="46.533209" lon="10.472299"><ele>0</ele></trkpt>
      <trkpt lat="46.533181" lon="10.472207"><ele>0</ele></trkpt>
      <trkpt lat="46.533158" lon="10.472083"><ele>0</ele></trkpt>
      <trkpt lat="46.533142" lon="10.472007"><ele>0</ele></trkpt>
      <trkpt lat="46.533088" lon="10.471774"><ele>0</ele></trkpt>
      <trkpt lat="46.533035" lon="10.471513"><ele>0</ele></trkpt>
      <trkpt lat="46.533001" lon="10.471365"><ele>0</ele></trkpt>
      <trkpt lat="46.532982" lon="10.471255"><ele>0</ele></trkpt>
      <trkpt lat="46.532969" lon="10.471165"><ele>0</ele></trkpt>
      <trkpt lat="46.532926" lon="10.470922"><ele>0</ele></trkpt>
      <trkpt lat="46.532860" lon="10.470484"><ele>0</ele></trkpt>
      <trkpt lat="46.532848" lon="10.470383"><ele>0</ele></trkpt>
      <trkpt lat="46.532838" lon="10.470160"><ele>0</ele></trkpt>
      <trkpt lat="46.532837" lon="10.470076"><ele>0</ele></trkpt>
      <trkpt lat="46.532842" lon="10.469998"><ele>0</ele></trkpt>
      <trkpt lat="46.532843" lon="10.469922"><ele>0</ele></trkpt>
      <trkpt lat="46.532839" lon="10.469851"><ele>0</ele></trkpt>
      <trkpt lat="46.532814" lon="10.469670"><ele>0</ele></trkpt>
      <trkpt lat="46.532806" lon="10.469571"><ele>0</ele></trkpt>
      <trkpt lat="46.532804" lon="10.469433"><ele>0</ele></trkpt>
      <trkpt lat="46.532805" lon="10.469322"><ele>0</ele></trkpt>
      <trkpt lat="46.532814" lon="10.469198"><ele>0</ele></trkpt>
      <trkpt lat="46.532823" lon="10.469080"><ele>0</ele></trkpt>
      <trkpt lat="46.532844" lon="10.468850"><ele>0</ele></trkpt>
      <trkpt lat="46.532847" lon="10.468701"><ele>0</ele></trkpt>
      <trkpt lat="46.532840" lon="10.468310"><ele>0</ele></trkpt>
      <trkpt lat="46.532816" lon="10.467409"><ele>0</ele></trkpt>
      <trkpt lat="46.532812" lon="10.467256"><ele>0</ele></trkpt>
      <trkpt lat="46.532800" lon="10.467013"><ele>0</ele></trkpt>
      <trkpt lat="46.532798" lon="10.466883"><ele>0</ele></trkpt>
      <trkpt lat="46.532791" lon="10.466641"><ele>0</ele></trkpt>
      <trkpt lat="46.532800" lon="10.466387"><ele>0</ele></trkpt>
      <trkpt lat="46.532802" lon="10.466287"><ele>0</ele></trkpt>
      <trkpt lat="46.532799" lon="10.466211"><ele>0</ele></trkpt>
      <trkpt lat="46.532789" lon="10.466134"><ele>0</ele></trkpt>
      <trkpt lat="46.532772" lon="10.466058"><ele>0</ele></trkpt>
      <trkpt lat="46.532747" lon="10.465982"><ele>0</ele></trkpt>
      <trkpt lat="46.532709" lon="10.465885"><ele>0</ele></trkpt>
      <trkpt lat="46.532653" lon="10.465728"><ele>0</ele></trkpt>
      <trkpt lat="46.532426" lon="10.465167"><ele>0</ele></trkpt>
      <trkpt lat="46.532275" lon="10.464787"><ele>0</ele></trkpt>
      <trkpt lat="46.532211" lon="10.464617"><ele>0</ele></trkpt>
      <trkpt lat="46.532134" lon="10.464432"><ele>0</ele></trkpt>
      <trkpt lat="46.532035" lon="10.464158"><ele>0</ele></trkpt>
      <trkpt lat="46.532002" lon="10.464040"><ele>0</ele></trkpt>
      <trkpt lat="46.531969" lon="10.463914"><ele>0</ele></trkpt>
      <trkpt lat="46.531924" lon="10.463774"><ele>0</ele></trkpt>
      <trkpt lat="46.531900" lon="10.463691"><ele>0</ele></trkpt>
      <trkpt lat="46.531867" lon="10.463618"><ele>0</ele></trkpt>
      <trkpt lat="46.531838" lon="10.463543"><ele>0</ele></trkpt>
      <trkpt lat="46.531831" lon="10.463520"><ele>0</ele></trkpt>
      <trkpt lat="46.531826" lon="10.463491"><ele>0</ele></trkpt>
      <trkpt lat="46.531827" lon="10.463467"><ele>0</ele></trkpt>
      <trkpt lat="46.531833" lon="10.463445"><ele>0</ele></trkpt>
      <trkpt lat="46.531841" lon="10.463431"><ele>0</ele></trkpt>
      <trkpt lat="46.531859" lon="10.463418"><ele>0</ele></trkpt>
      <trkpt lat="46.531875" lon="10.463416"><ele>0</ele></trkpt>
      <trkpt lat="46.531889" lon="10.463423"><ele>0</ele></trkpt>
      <trkpt lat="46.531903" lon="10.463439"><ele>0</ele></trkpt>
      <trkpt lat="46.531913" lon="10.463457"><ele>0</ele></trkpt>
      <trkpt lat="46.531934" lon="10.463509"><ele>0</ele></trkpt>
      <trkpt lat="46.531963" lon="10.463584"><ele>0</ele></trkpt>
      <trkpt lat="46.532018" lon="10.463720"><ele>0</ele></trkpt>
      <trkpt lat="46.532063" lon="10.463845"><ele>0</ele></trkpt>
      <trkpt lat="46.532100" lon="10.463935"><ele>0</ele></trkpt>
      <trkpt lat="46.532184" lon="10.464131"><ele>0</ele></trkpt>
      <trkpt lat="46.532213" lon="10.464186"><ele>0</ele></trkpt>
      <trkpt lat="46.532351" lon="10.464392"><ele>0</ele></trkpt>
      <trkpt lat="46.532457" lon="10.464571"><ele>0</ele></trkpt>
      <trkpt lat="46.532516" lon="10.464667"><ele>0</ele></trkpt>
      <trkpt lat="46.532538" lon="10.464688"><ele>0</ele></trkpt>
      <trkpt lat="46.532555" lon="10.464697"><ele>0</ele></trkpt>
      <trkpt lat="46.532568" lon="10.464696"><ele>0</ele></trkpt>
      <trkpt lat="46.532581" lon="10.464685"><ele>0</ele></trkpt>
      <trkpt lat="46.532587" lon="10.464673"><ele>0</ele></trkpt>
      <trkpt lat="46.532590" lon="10.464653"><ele>0</ele></trkpt>
      <trkpt lat="46.532586" lon="10.464627"><ele>0</ele></trkpt>
      <trkpt lat="46.532578" lon="10.464604"><ele>0</ele></trkpt>
      <trkpt lat="46.532523" lon="10.464499"><ele>0</ele></trkpt>
      <trkpt lat="46.532482" lon="10.464425"><ele>0</ele></trkpt>
      <trkpt lat="46.532438" lon="10.464334"><ele>0</ele></trkpt>
      <trkpt lat="46.532341" lon="10.464122"><ele>0</ele></trkpt>
      <trkpt lat="46.532304" lon="10.464025"><ele>0</ele></trkpt>
      <trkpt lat="46.532271" lon="10.463915"><ele>0</ele></trkpt>
      <trkpt lat="46.532240" lon="10.463793"><ele>0</ele></trkpt>
      <trkpt lat="46.532189" lon="10.463527"><ele>0</ele></trkpt>
      <trkpt lat="46.532102" lon="10.463143"><ele>0</ele></trkpt>
      <trkpt lat="46.532073" lon="10.462998"><ele>0</ele></trkpt>
      <trkpt lat="46.532041" lon="10.462888"><ele>0</ele></trkpt>
      <trkpt lat="46.531997" lon="10.462753"><ele>0</ele></trkpt>
      <trkpt lat="46.531904" lon="10.462525"><ele>0</ele></trkpt>
      <trkpt lat="46.531855" lon="10.462383"><ele>0</ele></trkpt>
      <trkpt lat="46.531792" lon="10.462218"><ele>0</ele></trkpt>
      <trkpt lat="46.531741" lon="10.462066"><ele>0</ele></trkpt>
      <trkpt lat="46.531694" lon="10.461964"><ele>0</ele></trkpt>
      <trkpt lat="46.531648" lon="10.461861"><ele>0</ele></trkpt>
      <trkpt lat="46.531617" lon="10.461802"><ele>0</ele></trkpt>
      <trkpt lat="46.531565" lon="10.461734"><ele>0</ele></trkpt>
      <trkpt lat="46.531376" lon="10.461518"><ele>0</ele></trkpt>
      <trkpt lat="46.531095" lon="10.461180"><ele>0</ele></trkpt>
      <trkpt lat="46.531033" lon="10.461111"><ele>0</ele></trkpt>
      <trkpt lat="46.530943" lon="10.461016"><ele>0</ele></trkpt>
      <trkpt lat="46.530929" lon="10.460990"><ele>0</ele></trkpt>
      <trkpt lat="46.530923" lon="10.460972"><ele>0</ele></trkpt>
      <trkpt lat="46.530920" lon="10.460959"><ele>0</ele></trkpt>
      <trkpt lat="46.530920" lon="10.460945"><ele>0</ele></trkpt>
      <trkpt lat="46.530922" lon="10.460930"><ele>0</ele></trkpt>
      <trkpt lat="46.530932" lon="10.460908"><ele>0</ele></trkpt>
      <trkpt lat="46.530945" lon="10.460896"><ele>0</ele></trkpt>
      <trkpt lat="46.530959" lon="10.460893"><ele>0</ele></trkpt>
      <trkpt lat="46.530973" lon="10.460896"><ele>0</ele></trkpt>
      <trkpt lat="46.530993" lon="10.460908"><ele>0</ele></trkpt>
      <trkpt lat="46.531164" lon="10.461083"><ele>0</ele></trkpt>
      <trkpt lat="46.531265" lon="10.461176"><ele>0</ele></trkpt>
      <trkpt lat="46.531308" lon="10.461211"><ele>0</ele></trkpt>
      <trkpt lat="46.531347" lon="10.461233"><ele>0</ele></trkpt>
      <trkpt lat="46.531704" lon="10.461414"><ele>0</ele></trkpt>
      <trkpt lat="46.531820" lon="10.461523"><ele>0</ele></trkpt>
      <trkpt lat="46.531877" lon="10.461611"><ele>0</ele></trkpt>
      <trkpt lat="46.531929" lon="10.461697"><ele>0</ele></trkpt>
      <trkpt lat="46.531996" lon="10.461842"><ele>0</ele></trkpt>
      <trkpt lat="46.532077" lon="10.461987"><ele>0</ele></trkpt>
      <trkpt lat="46.532190" lon="10.462208"><ele>0</ele></trkpt>
      <trkpt lat="46.532231" lon="10.462300"><ele>0</ele></trkpt>
      <trkpt lat="46.532343" lon="10.462460"><ele>0</ele></trkpt>
      <trkpt lat="46.532395" lon="10.462542"><ele>0</ele></trkpt>
      <trkpt lat="46.532440" lon="10.462609"><ele>0</ele></trkpt>
      <trkpt lat="46.532470" lon="10.462670"><ele>0</ele></trkpt>
      <trkpt lat="46.532523" lon="10.462808"><ele>0</ele></trkpt>
      <trkpt lat="46.532552" lon="10.462895"><ele>0</ele></trkpt>
      <trkpt lat="46.532577" lon="10.462985"><ele>0</ele></trkpt>
      <trkpt lat="46.532651" lon="10.463177"><ele>0</ele></trkpt>
      <trkpt lat="46.532744" lon="10.463388"><ele>0</ele></trkpt>
      <trkpt lat="46.532785" lon="10.463476"><ele>0</ele></trkpt>
      <trkpt lat="46.532807" lon="10.463533"><ele>0</ele></trkpt>
      <trkpt lat="46.532840" lon="10.463628"><ele>0</ele></trkpt>
      <trkpt lat="46.532936" lon="10.463958"><ele>0</ele></trkpt>
      <trkpt lat="46.532944" lon="10.463979"><ele>0</ele></trkpt>
      <trkpt lat="46.532957" lon="10.464000"><ele>0</ele></trkpt>
      <trkpt lat="46.532969" lon="10.464011"><ele>0</ele></trkpt>
      <trkpt lat="46.532981" lon="10.464017"><ele>0</ele></trkpt>
      <trkpt lat="46.532988" lon="10.464018"><ele>0</ele></trkpt>
      <trkpt lat="46.532996" lon="10.464016"><ele>0</ele></trkpt>
      <trkpt lat="46.533005" lon="10.464009"><ele>0</ele></trkpt>
      <trkpt lat="46.533011" lon="10.463995"><ele>0</ele></trkpt>
      <trkpt lat="46.533013" lon="10.463976"><ele>0</ele></trkpt>
      <trkpt lat="46.533011" lon="10.463955"><ele>0</ele></trkpt>
      <trkpt lat="46.533003" lon="10.463915"><ele>0</ele></trkpt>
      <trkpt lat="46.532949" lon="10.463736"><ele>0</ele></trkpt>
      <trkpt lat="46.532931" lon="10.463663"><ele>0</ele></trkpt>
      <trkpt lat="46.532871" lon="10.463385"><ele>0</ele></trkpt>
      <trkpt lat="46.532846" lon="10.463297"><ele>0</ele></trkpt>
      <trkpt lat="46.532814" lon="10.463130"><ele>0</ele></trkpt>
      <trkpt lat="46.532750" lon="10.462853"><ele>0</ele></trkpt>
      <trkpt lat="46.532732" lon="10.462766"><ele>0</ele></trkpt>
      <trkpt lat="46.532679" lon="10.462615"><ele>0</ele></trkpt>
      <trkpt lat="46.532569" lon="10.462279"><ele>0</ele></trkpt>
      <trkpt lat="46.532520" lon="10.462103"><ele>0</ele></trkpt>
      <trkpt lat="46.532501" lon="10.462025"><ele>0</ele></trkpt>
      <trkpt lat="46.532488" lon="10.461950"><ele>0</ele></trkpt>
      <trkpt lat="46.532471" lon="10.461770"><ele>0</ele></trkpt>
      <trkpt lat="46.532455" lon="10.461624"><ele>0</ele></trkpt>
      <trkpt lat="46.532442" lon="10.461554"><ele>0</ele></trkpt>
      <trkpt lat="46.532423" lon="10.461478"><ele>0</ele></trkpt>
      <trkpt lat="46.532405" lon="10.461418"><ele>0</ele></trkpt>
      <trkpt lat="46.532379" lon="10.461359"><ele>0</ele></trkpt>
      <trkpt lat="46.532290" lon="10.461225"><ele>0</ele></trkpt>
      <trkpt lat="46.532249" lon="10.461168"><ele>0</ele></trkpt>
      <trkpt lat="46.532220" lon="10.461119"><ele>0</ele></trkpt>
      <trkpt lat="46.532191" lon="10.461057"><ele>0</ele></trkpt>
      <trkpt lat="46.532137" lon="10.460873"><ele>0</ele></trkpt>
      <trkpt lat="46.532108" lon="10.460789"><ele>0</ele></trkpt>
      <trkpt lat="46.532081" lon="10.460721"><ele>0</ele></trkpt>
      <trkpt lat="46.532046" lon="10.460659"><ele>0</ele></trkpt>
      <trkpt lat="46.532010" lon="10.460604"><ele>0</ele></trkpt>
      <trkpt lat="46.531883" lon="10.460469"><ele>0</ele></trkpt>
      <trkpt lat="46.531746" lon="10.460350"><ele>0</ele></trkpt>
      <trkpt lat="46.531541" lon="10.460149"><ele>0</ele></trkpt>
      <trkpt lat="46.531444" lon="10.460060"><ele>0</ele></trkpt>
      <trkpt lat="46.531346" lon="10.459963"><ele>0</ele></trkpt>
      <trkpt lat="46.531280" lon="10.459912"><ele>0</ele></trkpt>
      <trkpt lat="46.531217" lon="10.459871"><ele>0</ele></trkpt>
      <trkpt lat="46.531154" lon="10.459842"><ele>0</ele></trkpt>
      <trkpt lat="46.530973" lon="10.459800"><ele>0</ele></trkpt>
      <trkpt lat="46.530912" lon="10.459788"><ele>0</ele></trkpt>
      <trkpt lat="46.530846" lon="10.459770"><ele>0</ele></trkpt>
      <trkpt lat="46.530790" lon="10.459741"><ele>0</ele></trkpt>
      <trkpt lat="46.530748" lon="10.459710"><ele>0</ele></trkpt>
      <trkpt lat="46.530669" lon="10.459645"><ele>0</ele></trkpt>
      <trkpt lat="46.530613" lon="10.459591"><ele>0</ele></trkpt>
      <trkpt lat="46.530402" lon="10.459393"><ele>0</ele></trkpt>
      <trkpt lat="46.530386" lon="10.459372"><ele>0</ele></trkpt>
      <trkpt lat="46.530378" lon="10.459354"><ele>0</ele></trkpt>
      <trkpt lat="46.530374" lon="10.459334"><ele>0</ele></trkpt>
      <trkpt lat="46.530377" lon="10.459312"><ele>0</ele></trkpt>
      <trkpt lat="46.530383" lon="10.459299"><ele>0</ele></trkpt>
      <trkpt lat="46.530395" lon="10.459289"><ele>0</ele></trkpt>
      <trkpt lat="46.530409" lon="10.459286"><ele>0</ele></trkpt>
      <trkpt lat="46.530427" lon="10.459289"><ele>0</ele></trkpt>
      <trkpt lat="46.530447" lon="10.459299"><ele>0</ele></trkpt>
      <trkpt lat="46.530514" lon="10.459350"><ele>0</ele></trkpt>
      <trkpt lat="46.530567" lon="10.459377"><ele>0</ele></trkpt>
      <trkpt lat="46.530690" lon="10.459432"><ele>0</ele></trkpt>
      <trkpt lat="46.530754" lon="10.459447"><ele>0</ele></trkpt>
      <trkpt lat="46.530937" lon="10.459482"><ele>0</ele></trkpt>
      <trkpt lat="46.531179" lon="10.459516"><ele>0</ele></trkpt>
      <trkpt lat="46.531289" lon="10.459538"><ele>0</ele></trkpt>
      <trkpt lat="46.531383" lon="10.459550"><ele>0</ele></trkpt>
      <trkpt lat="46.531448" lon="10.459564"><ele>0</ele></trkpt>
      <trkpt lat="46.531502" lon="10.459580"><ele>0</ele></trkpt>
      <trkpt lat="46.531677" lon="10.459659"><ele>0</ele></trkpt>
      <trkpt lat="46.531777" lon="10.459702"><ele>0</ele></trkpt>
      <trkpt lat="46.531860" lon="10.459741"><ele>0</ele></trkpt>
      <trkpt lat="46.532094" lon="10.459865"><ele>0</ele></trkpt>
      <trkpt lat="46.532262" lon="10.459968"><ele>0</ele></trkpt>
      <trkpt lat="46.532416" lon="10.460094"><ele>0</ele></trkpt>
      <trkpt lat="46.532482" lon="10.460159"><ele>0</ele></trkpt>
      <trkpt lat="46.532594" lon="10.460302"><ele>0</ele></trkpt>
      <trkpt lat="46.532644" lon="10.460386"><ele>0</ele></trkpt>
      <trkpt lat="46.532688" lon="10.460468"><ele>0</ele></trkpt>
      <trkpt lat="46.532721" lon="10.460540"><ele>0</ele></trkpt>
      <trkpt lat="46.532761" lon="10.460606"><ele>0</ele></trkpt>
      <trkpt lat="46.532898" lon="10.460873"><ele>0</ele></trkpt>
      <trkpt lat="46.533011" lon="10.461109"><ele>0</ele></trkpt>
      <trkpt lat="46.533071" lon="10.461272"><ele>0</ele></trkpt>
      <trkpt lat="46.533079" lon="10.461290"><ele>0</ele></trkpt>
      <trkpt lat="46.533088" lon="10.461303"><ele>0</ele></trkpt>
      <trkpt lat="46.533099" lon="10.461313"><ele>0</ele></trkpt>
      <trkpt lat="46.533113" lon="10.461316"><ele>0</ele></trkpt>
      <trkpt lat="46.533123" lon="10.461312"><ele>0</ele></trkpt>
      <trkpt lat="46.533130" lon="10.461305"><ele>0</ele></trkpt>
      <trkpt lat="46.533136" lon="10.461288"><ele>0</ele></trkpt>
      <trkpt lat="46.533137" lon="10.461268"><ele>0</ele></trkpt>
      <trkpt lat="46.533135" lon="10.461247"><ele>0</ele></trkpt>
      <trkpt lat="46.533130" lon="10.461216"><ele>0</ele></trkpt>
      <trkpt lat="46.533113" lon="10.461160"><ele>0</ele></trkpt>
      <trkpt lat="46.533069" lon="10.461052"><ele>0</ele></trkpt>
      <trkpt lat="46.533002" lon="10.460852"><ele>0</ele></trkpt>
      <trkpt lat="46.532968" lon="10.460742"><ele>0</ele></trkpt>
      <trkpt lat="46.532932" lon="10.460640"><ele>0</ele></trkpt>
      <trkpt lat="46.532768" lon="10.460270"><ele>0</ele></trkpt>
      <trkpt lat="46.532699" lon="10.460107"><ele>0</ele></trkpt>
      <trkpt lat="46.532670" lon="10.460025"><ele>0</ele></trkpt>
      <trkpt lat="46.532628" lon="10.459930"><ele>0</ele></trkpt>
      <trkpt lat="46.532577" lon="10.459845"><ele>0</ele></trkpt>
      <trkpt lat="46.532467" lon="10.459634"><ele>0</ele></trkpt>
      <trkpt lat="46.532437" lon="10.459549"><ele>0</ele></trkpt>
      <trkpt lat="46.532393" lon="10.459450"><ele>0</ele></trkpt>
      <trkpt lat="46.532344" lon="10.459363"><ele>0</ele></trkpt>
      <trkpt lat="46.532213" lon="10.459208"><ele>0</ele></trkpt>
      <trkpt lat="46.532155" lon="10.459153"><ele>0</ele></trkpt>
      <trkpt lat="46.532105" lon="10.459116"><ele>0</ele></trkpt>
      <trkpt lat="46.532047" lon="10.459086"><ele>0</ele></trkpt>
      <trkpt lat="46.531927" lon="10.459044"><ele>0</ele></trkpt>
      <trkpt lat="46.531812" lon="10.459009"><ele>0</ele></trkpt>
      <trkpt lat="46.531706" lon="10.458972"><ele>0</ele></trkpt>
      <trkpt lat="46.531613" lon="10.458929"><ele>0</ele></trkpt>
      <trkpt lat="46.531491" lon="10.458889"><ele>0</ele></trkpt>
      <trkpt lat="46.531395" lon="10.458844"><ele>0</ele></trkpt>
      <trkpt lat="46.531321" lon="10.458799"><ele>0</ele></trkpt>
      <trkpt lat="46.531156" lon="10.458675"><ele>0</ele></trkpt>
      <trkpt lat="46.531027" lon="10.458585"><ele>0</ele></trkpt>
      <trkpt lat="46.530842" lon="10.458453"><ele>0</ele></trkpt>
      <trkpt lat="46.530606" lon="10.458214"><ele>0</ele></trkpt>
      <trkpt lat="46.530502" lon="10.458099"><ele>0</ele></trkpt>
      <trkpt lat="46.530408" lon="10.457989"><ele>0</ele></trkpt>
      <trkpt lat="46.530336" lon="10.457896"><ele>0</ele></trkpt>
      <trkpt lat="46.530184" lon="10.457672"><ele>0</ele></trkpt>
      <trkpt lat="46.530042" lon="10.457448"><ele>0</ele></trkpt>
      <trkpt lat="46.529951" lon="10.457313"><ele>0</ele></trkpt>
      <trkpt lat="46.529926" lon="10.457269"><ele>0</ele></trkpt>
      <trkpt lat="46.529915" lon="10.457238"><ele>0</ele></trkpt>
      <trkpt lat="46.529909" lon="10.457209"><ele>0</ele></trkpt>
      <trkpt lat="46.529908" lon="10.457188"><ele>0</ele></trkpt>
      <trkpt lat="46.529910" lon="10.457175"><ele>0</ele></trkpt>
      <trkpt lat="46.529915" lon="10.457166"><ele>0</ele></trkpt>
      <trkpt lat="46.529928" lon="10.457157"><ele>0</ele></trkpt>
      <trkpt lat="46.529936" lon="10.457155"><ele>0</ele></trkpt>
      <trkpt lat="46.529947" lon="10.457157"><ele>0</ele></trkpt>
      <trkpt lat="46.529964" lon="10.457168"><ele>0</ele></trkpt>
      <trkpt lat="46.530039" lon="10.457257"><ele>0</ele></trkpt>
      <trkpt lat="46.530151" lon="10.457371"><ele>0</ele></trkpt>
      <trkpt lat="46.530231" lon="10.457458"><ele>0</ele></trkpt>
      <trkpt lat="46.530332" lon="10.457547"><ele>0</ele></trkpt>
      <trkpt lat="46.530445" lon="10.457632"><ele>0</ele></trkpt>
      <trkpt lat="46.530559" lon="10.457715"><ele>0</ele></trkpt>
      <trkpt lat="46.530663" lon="10.457797"><ele>0</ele></trkpt>
      <trkpt lat="46.530742" lon="10.457847"><ele>0</ele></trkpt>
      <trkpt lat="46.530791" lon="10.457883"><ele>0</ele></trkpt>
      <trkpt lat="46.530860" lon="10.457937"><ele>0</ele></trkpt>
      <trkpt lat="46.530939" lon="10.457988"><ele>0</ele></trkpt>
      <trkpt lat="46.531000" lon="10.458021"><ele>0</ele></trkpt>
      <trkpt lat="46.531091" lon="10.458058"><ele>0</ele></trkpt>
      <trkpt lat="46.531337" lon="10.458137"><ele>0</ele></trkpt>
      <trkpt lat="46.531434" lon="10.458174"><ele>0</ele></trkpt>
      <trkpt lat="46.531677" lon="10.458261"><ele>0</ele></trkpt>
      <trkpt lat="46.531696" lon="10.458261"><ele>0</ele></trkpt>
      <trkpt lat="46.531716" lon="10.458256"><ele>0</ele></trkpt>
      <trkpt lat="46.531729" lon="10.458246"><ele>0</ele></trkpt>
      <trkpt lat="46.531736" lon="10.458235"><ele>0</ele></trkpt>
      <trkpt lat="46.531738" lon="10.458229"><ele>0</ele></trkpt>
      <trkpt lat="46.531740" lon="10.458213"><ele>0</ele></trkpt>
      <trkpt lat="46.531739" lon="10.458203"><ele>0</ele></trkpt>
      <trkpt lat="46.531733" lon="10.458177"><ele>0</ele></trkpt>
      <trkpt lat="46.531722" lon="10.458159"><ele>0</ele></trkpt>
      <trkpt lat="46.531709" lon="10.458148"><ele>0</ele></trkpt>
      <trkpt lat="46.531689" lon="10.458141"><ele>0</ele></trkpt>
      <trkpt lat="46.531541" lon="10.458124"><ele>0</ele></trkpt>
      <trkpt lat="46.531491" lon="10.458105"><ele>0</ele></trkpt>
      <trkpt lat="46.531426" lon="10.458070"><ele>0</ele></trkpt>
      <trkpt lat="46.531367" lon="10.458031"><ele>0</ele></trkpt>
      <trkpt lat="46.531309" lon="10.458004"><ele>0</ele></trkpt>
      <trkpt lat="46.531187" lon="10.457934"><ele>0</ele></trkpt>
      <trkpt lat="46.531065" lon="10.457854"><ele>0</ele></trkpt>
      <trkpt lat="46.531019" lon="10.457816"><ele>0</ele></trkpt>
      <trkpt lat="46.530967" lon="10.457755"><ele>0</ele></trkpt>
      <trkpt lat="46.530902" lon="10.457683"><ele>0</ele></trkpt>
      <trkpt lat="46.530839" lon="10.457599"><ele>0</ele></trkpt>
      <trkpt lat="46.530775" lon="10.457508"><ele>0</ele></trkpt>
      <trkpt lat="46.530705" lon="10.457398"><ele>0</ele></trkpt>
      <trkpt lat="46.530624" lon="10.457255"><ele>0</ele></trkpt>
      <trkpt lat="46.530496" lon="10.457010"><ele>0</ele></trkpt>
      <trkpt lat="46.530421" lon="10.456860"><ele>0</ele></trkpt>
      <trkpt lat="46.530373" lon="10.456774"><ele>0</ele></trkpt>
      <trkpt lat="46.530329" lon="10.456715"><ele>0</ele></trkpt>
      <trkpt lat="46.530288" lon="10.456668"><ele>0</ele></trkpt>
      <trkpt lat="46.530248" lon="10.456642"><ele>0</ele></trkpt>
      <trkpt lat="46.530120" lon="10.456578"><ele>0</ele></trkpt>
      <trkpt lat="46.530064" lon="10.456547"><ele>0</ele></trkpt>
      <trkpt lat="46.530052" lon="10.456536"><ele>0</ele></trkpt>
      <trkpt lat="46.530042" lon="10.456519"><ele>0</ele></trkpt>
      <trkpt lat="46.530037" lon="10.456503"><ele>0</ele></trkpt>
      <trkpt lat="46.530035" lon="10.456489"><ele>0</ele></trkpt>
      <trkpt lat="46.530037" lon="10.456474"><ele>0</ele></trkpt>
      <trkpt lat="46.530041" lon="10.456459"><ele>0</ele></trkpt>
      <trkpt lat="46.530051" lon="10.456443"><ele>0</ele></trkpt>
      <trkpt lat="46.530058" lon="10.456438"><ele>0</ele></trkpt>
      <trkpt lat="46.530067" lon="10.456435"><ele>0</ele></trkpt>
      <trkpt lat="46.530079" lon="10.456436"><ele>0</ele></trkpt>
      <trkpt lat="46.530090" lon="10.456439"><ele>0</ele></trkpt>
      <trkpt lat="46.530180" lon="10.456487"><ele>0</ele></trkpt>
      <trkpt lat="46.530277" lon="10.456524"><ele>0</ele></trkpt>
      <trkpt lat="46.530363" lon="10.456566"><ele>0</ele></trkpt>
      <trkpt lat="46.530438" lon="10.456618"><ele>0</ele></trkpt>
      <trkpt lat="46.530513" lon="10.456682"><ele>0</ele></trkpt>
      <trkpt lat="46.530572" lon="10.456741"><ele>0</ele></trkpt>
      <trkpt lat="46.530638" lon="10.456810"><ele>0</ele></trkpt>
      <trkpt lat="46.530711" lon="10.456902"><ele>0</ele></trkpt>
      <trkpt lat="46.530854" lon="10.457097"><ele>0</ele></trkpt>
      <trkpt lat="46.530919" lon="10.457195"><ele>0</ele></trkpt>
      <trkpt lat="46.530960" lon="10.457252"><ele>0</ele></trkpt>
      <trkpt lat="46.531037" lon="10.457364"><ele>0</ele></trkpt>
      <trkpt lat="46.531104" lon="10.457453"><ele>0</ele></trkpt>
      <trkpt lat="46.531168" lon="10.457519"><ele>0</ele></trkpt>
      <trkpt lat="46.531178" lon="10.457526"><ele>0</ele></trkpt>
      <trkpt lat="46.531190" lon="10.457532"><ele>0</ele></trkpt>
      <trkpt lat="46.531203" lon="10.457535"><ele>0</ele></trkpt>
      <trkpt lat="46.531217" lon="10.457533"><ele>0</ele></trkpt>
      <trkpt lat="46.531225" lon="10.457527"><ele>0</ele></trkpt>
      <trkpt lat="46.531232" lon="10.457517"><ele>0</ele></trkpt>
      <trkpt lat="46.531238" lon="10.457495"><ele>0</ele></trkpt>
      <trkpt lat="46.531238" lon="10.457475"><ele>0</ele></trkpt>
      <trkpt lat="46.531231" lon="10.457452"><ele>0</ele></trkpt>
      <trkpt lat="46.531218" lon="10.457434"><ele>0</ele></trkpt>
      <trkpt lat="46.531117" lon="10.457327"><ele>0</ele></trkpt>
      <trkpt lat="46.531080" lon="10.457268"><ele>0</ele></trkpt>
      <trkpt lat="46.531052" lon="10.457218"><ele>0</ele></trkpt>
      <trkpt lat="46.531024" lon="10.457156"><ele>0</ele></trkpt>
      <trkpt lat="46.530998" lon="10.457085"><ele>0</ele></trkpt>
      <trkpt lat="46.530965" lon="10.457013"><ele>0</ele></trkpt>
      <trkpt lat="46.530906" lon="10.456863"><ele>0</ele></trkpt>
      <trkpt lat="46.530865" lon="10.456766"><ele>0</ele></trkpt>
      <trkpt lat="46.530824" lon="10.456677"><ele>0</ele></trkpt>
      <trkpt lat="46.530777" lon="10.456603"><ele>0</ele></trkpt>
      <trkpt lat="46.530683" lon="10.456480"><ele>0</ele></trkpt>
      <trkpt lat="46.530507" lon="10.456314"><ele>0</ele></trkpt>
      <trkpt lat="46.530339" lon="10.456171"><ele>0</ele></trkpt>
      <trkpt lat="46.530283" lon="10.456118"><ele>0</ele></trkpt>
      <trkpt lat="46.530171" lon="10.455978"><ele>0</ele></trkpt>
      <trkpt lat="46.530119" lon="10.455898"><ele>0</ele></trkpt>
      <trkpt lat="46.530054" lon="10.455805"><ele>0</ele></trkpt>
      <trkpt lat="46.530024" lon="10.455768"><ele>0</ele></trkpt>
      <trkpt lat="46.529982" lon="10.455729"><ele>0</ele></trkpt>
      <trkpt lat="46.529945" lon="10.455701"><ele>0</ele></trkpt>
      <trkpt lat="46.529901" lon="10.455687"><ele>0</ele></trkpt>
      <trkpt lat="46.529797" lon="10.455693"><ele>0</ele></trkpt>
      <trkpt lat="46.529653" lon="10.455714"><ele>0</ele></trkpt>
      <trkpt lat="46.529590" lon="10.455726"><ele>0</ele></trkpt>
      <trkpt lat="46.529534" lon="10.455742"><ele>0</ele></trkpt>
      <trkpt lat="46.529471" lon="10.455757"><ele>0</ele></trkpt>
      <trkpt lat="46.529459" lon="10.455756"><ele>0</ele></trkpt>
      <trkpt lat="46.529446" lon="10.455750"><ele>0</ele></trkpt>
      <trkpt lat="46.529435" lon="10.455739"><ele>0</ele></trkpt>
      <trkpt lat="46.529429" lon="10.455726"><ele>0</ele></trkpt>
      <trkpt lat="46.529425" lon="10.455704"><ele>0</ele></trkpt>
      <trkpt lat="46.529426" lon="10.455692"><ele>0</ele></trkpt>
      <trkpt lat="46.529428" lon="10.455682"><ele>0</ele></trkpt>
      <trkpt lat="46.529438" lon="10.455667"><ele>0</ele></trkpt>
      <trkpt lat="46.529456" lon="10.455655"><ele>0</ele></trkpt>
      <trkpt lat="46.529512" lon="10.455642"><ele>0</ele></trkpt>
      <trkpt lat="46.529606" lon="10.455609"><ele>0</ele></trkpt>
      <trkpt lat="46.529684" lon="10.455572"><ele>0</ele></trkpt>
      <trkpt lat="46.529789" lon="10.455534"><ele>0</ele></trkpt>
      <trkpt lat="46.529860" lon="10.455512"><ele>0</ele></trkpt>
      <trkpt lat="46.529976" lon="10.455496"><ele>0</ele></trkpt>
      <trkpt lat="46.529993" lon="10.455489"><ele>0</ele></trkpt>
      <trkpt lat="46.530001" lon="10.455482"><ele>0</ele></trkpt>
      <trkpt lat="46.530008" lon="10.455473"><ele>0</ele></trkpt>
      <trkpt lat="46.530013" lon="10.455460"><ele>0</ele></trkpt>
      <trkpt lat="46.530016" lon="10.455444"><ele>0</ele></trkpt>
      <trkpt lat="46.530017" lon="10.455423"><ele>0</ele></trkpt>
      <trkpt lat="46.530014" lon="10.455403"><ele>0</ele></trkpt>
      <trkpt lat="46.530010" lon="10.455387"><ele>0</ele></trkpt>
      <trkpt lat="46.530003" lon="10.455376"><ele>0</ele></trkpt>
      <trkpt lat="46.529996" lon="10.455368"><ele>0</ele></trkpt>
      <trkpt lat="46.529983" lon="10.455362"><ele>0</ele></trkpt>
      <trkpt lat="46.529963" lon="10.455361"><ele>0</ele></trkpt>
      <trkpt lat="46.529909" lon="10.455375"><ele>0</ele></trkpt>
      <trkpt lat="46.529811" lon="10.455406"><ele>0</ele></trkpt>
      <trkpt lat="46.529687" lon="10.455436"><ele>0</ele></trkpt>
      <trkpt lat="46.529483" lon="10.455476"><ele>0</ele></trkpt>
      <trkpt lat="46.529465" lon="10.455473"><ele>0</ele></trkpt>
      <trkpt lat="46.529451" lon="10.455466"><ele>0</ele></trkpt>
      <trkpt lat="46.529442" lon="10.455458"><ele>0</ele></trkpt>
      <trkpt lat="46.529434" lon="10.455446"><ele>0</ele></trkpt>
      <trkpt lat="46.529428" lon="10.455430"><ele>0</ele></trkpt>
      <trkpt lat="46.529425" lon="10.455409"><ele>0</ele></trkpt>
      <trkpt lat="46.529425" lon="10.455387"><ele>0</ele></trkpt>
      <trkpt lat="46.529427" lon="10.455378"><ele>0</ele></trkpt>
      <trkpt lat="46.529432" lon="10.455363"><ele>0</ele></trkpt>
      <trkpt lat="46.529444" lon="10.455345"><ele>0</ele></trkpt>
      <trkpt lat="46.529458" lon="10.455335"><ele>0</ele></trkpt>
      <trkpt lat="46.529476" lon="10.455328"><ele>0</ele></trkpt>
      <trkpt lat="46.529526" lon="10.455321"><ele>0</ele></trkpt>
      <trkpt lat="46.529641" lon="10.455310"><ele>0</ele></trkpt>
      <trkpt lat="46.529816" lon="10.455276"><ele>0</ele></trkpt>
      <trkpt lat="46.529890" lon="10.455259"><ele>0</ele></trkpt>
      <trkpt lat="46.530032" lon="10.455223"><ele>0</ele></trkpt>
      <trkpt lat="46.530073" lon="10.455219"><ele>0</ele></trkpt>
      <trkpt lat="46.530104" lon="10.455219"><ele>0</ele></trkpt>
      <trkpt lat="46.530140" lon="10.455239"><ele>0</ele></trkpt>
      <trkpt lat="46.530175" lon="10.455272"><ele>0</ele></trkpt>
      <trkpt lat="46.530240" lon="10.455349"><ele>0</ele></trkpt>
      <trkpt lat="46.530303" lon="10.455417"><ele>0</ele></trkpt>
      <trkpt lat="46.530373" lon="10.455473"><ele>0</ele></trkpt>
      <trkpt lat="46.530442" lon="10.455515"><ele>0</ele></trkpt>
      <trkpt lat="46.530525" lon="10.455550"><ele>0</ele></trkpt>
      <trkpt lat="46.530957" lon="10.455711"><ele>0</ele></trkpt>
      <trkpt lat="46.531097" lon="10.455756"><ele>0</ele></trkpt>
      <trkpt lat="46.531138" lon="10.455782"><ele>0</ele></trkpt>
      <trkpt lat="46.531170" lon="10.455811"><ele>0</ele></trkpt>
      <trkpt lat="46.531201" lon="10.455848"><ele>0</ele></trkpt>
      <trkpt lat="46.531258" lon="10.455936"><ele>0</ele></trkpt>
      <trkpt lat="46.531299" lon="10.456010"><ele>0</ele></trkpt>
      <trkpt lat="46.531338" lon="10.456100"><ele>0</ele></trkpt>
      <trkpt lat="46.531394" lon="10.456218"><ele>0</ele></trkpt>
      <trkpt lat="46.531460" lon="10.456350"><ele>0</ele></trkpt>
      <trkpt lat="46.531494" lon="10.456417"><ele>0</ele></trkpt>
      <trkpt lat="46.531500" lon="10.456426"><ele>0</ele></trkpt>
      <trkpt lat="46.531509" lon="10.456437"><ele>0</ele></trkpt>
      <trkpt lat="46.531522" lon="10.456447"><ele>0</ele></trkpt>
      <trkpt lat="46.531536" lon="10.456452"><ele>0</ele></trkpt>
      <trkpt lat="46.531546" lon="10.456450"><ele>0</ele></trkpt>
      <trkpt lat="46.531557" lon="10.456444"><ele>0</ele></trkpt>
      <trkpt lat="46.531568" lon="10.456431"><ele>0</ele></trkpt>
      <trkpt lat="46.531577" lon="10.456414"><ele>0</ele></trkpt>
      <trkpt lat="46.531581" lon="10.456398"><ele>0</ele></trkpt>
      <trkpt lat="46.531583" lon="10.456382"><ele>0</ele></trkpt>
      <trkpt lat="46.531581" lon="10.456368"><ele>0</ele></trkpt>
      <trkpt lat="46.531574" lon="10.456343"><ele>0</ele></trkpt>
      <trkpt lat="46.531565" lon="10.456325"><ele>0</ele></trkpt>
      <trkpt lat="46.531530" lon="10.456272"><ele>0</ele></trkpt>
      <trkpt lat="46.531498" lon="10.456214"><ele>0</ele></trkpt>
      <trkpt lat="46.531471" lon="10.456159"><ele>0</ele></trkpt>
      <trkpt lat="46.531362" lon="10.455841"><ele>0</ele></trkpt>
      <trkpt lat="46.531299" lon="10.455695"><ele>0</ele></trkpt>
      <trkpt lat="46.531266" lon="10.455647"><ele>0</ele></trkpt>
      <trkpt lat="46.531224" lon="10.455595"><ele>0</ele></trkpt>
      <trkpt lat="46.531162" lon="10.455534"><ele>0</ele></trkpt>
      <trkpt lat="46.531091" lon="10.455469"><ele>0</ele></trkpt>
      <trkpt lat="46.530892" lon="10.455307"><ele>0</ele></trkpt>
      <trkpt lat="46.530743" lon="10.455200"><ele>0</ele></trkpt>
      <trkpt lat="46.530633" lon="10.455125"><ele>0</ele></trkpt>
      <trkpt lat="46.530594" lon="10.455089"><ele>0</ele></trkpt>
      <trkpt lat="46.530552" lon="10.455037"><ele>0</ele></trkpt>
      <trkpt lat="46.530477" lon="10.454923"><ele>0</ele></trkpt>
      <trkpt lat="46.530383" lon="10.454774"><ele>0</ele></trkpt>
      <trkpt lat="46.530350" lon="10.454734"><ele>0</ele></trkpt>
      <trkpt lat="46.530316" lon="10.454706"><ele>0</ele></trkpt>
      <trkpt lat="46.530280" lon="10.454687"><ele>0</ele></trkpt>
      <trkpt lat="46.530224" lon="10.454671"><ele>0</ele></trkpt>
      <trkpt lat="46.530067" lon="10.454640"><ele>0</ele></trkpt>
      <trkpt lat="46.529738" lon="10.454546"><ele>0</ele></trkpt>
      <trkpt lat="46.529553" lon="10.454483"><ele>0</ele></trkpt>
      <trkpt lat="46.529355" lon="10.454410"><ele>0</ele></trkpt>
      <trkpt lat="46.529256" lon="10.454366"><ele>0</ele></trkpt>
      <trkpt lat="46.529203" lon="10.454338"><ele>0</ele></trkpt>
      <trkpt lat="46.529151" lon="10.454295"><ele>0</ele></trkpt>
      <trkpt lat="46.529106" lon="10.454242"><ele>0</ele></trkpt>
      <trkpt lat="46.529058" lon="10.454162"><ele>0</ele></trkpt>
      <trkpt lat="46.529004" lon="10.454067"><ele>0</ele></trkpt>
      <trkpt lat="46.528964" lon="10.453997"><ele>0</ele></trkpt>
      <trkpt lat="46.528892" lon="10.453885"><ele>0</ele></trkpt>
      <trkpt lat="46.528814" lon="10.453763"><ele>0</ele></trkpt>
      <trkpt lat="46.528729" lon="10.453643"><ele>0</ele></trkpt>
      <trkpt lat="46.528680" lon="10.453562"><ele>0</ele></trkpt>
      <trkpt lat="46.528656" lon="10.453505"><ele>0</ele></trkpt>
      <trkpt lat="46.528638" lon="10.453449"><ele>0</ele></trkpt>
      <trkpt lat="46.528625" lon="10.453368"><ele>0</ele></trkpt>
      <trkpt lat="46.528620" lon="10.453292"><ele>0</ele></trkpt>
      <trkpt lat="46.528620" lon="10.453292"><ele>0</ele></trkpt>
      <trkpt lat="46.528618" lon="10.453206"><ele>0</ele></trkpt>
      <trkpt lat="46.528622" lon="10.453157"><ele>0</ele></trkpt>
      <trkpt lat="46.528629" lon="10.453099"><ele>0</ele></trkpt>
      <trkpt lat="46.528642" lon="10.453033"><ele>0</ele></trkpt>
      <trkpt lat="46.528677" lon="10.452944"><ele>0</ele></trkpt>
      <trkpt lat="46.528715" lon="10.452876"><ele>0</ele></trkpt>
      <trkpt lat="46.528746" lon="10.452829"><ele>0</ele></trkpt>
      <trkpt lat="46.528753" lon="10.452820"><ele>0</ele></trkpt>
      <trkpt lat="46.528787" lon="10.452781"><ele>0</ele></trkpt>
      <trkpt lat="46.528813" lon="10.452752"><ele>0</ele></trkpt>
      <trkpt lat="46.528833" lon="10.452731"><ele>0</ele></trkpt>
      <trkpt lat="46.528887" lon="10.452678"><ele>0</ele></trkpt>
      <trkpt lat="46.528994" lon="10.452568"><ele>0</ele></trkpt>
      <trkpt lat="46.529170" lon="10.452407"><ele>0</ele></trkpt>
      <trkpt lat="46.529228" lon="10.452354"><ele>0</ele></trkpt>
      <trkpt lat="46.529296" lon="10.452290"><ele>0</ele></trkpt>
      <trkpt lat="46.529415" lon="10.452193"><ele>0</ele></trkpt>
      <trkpt lat="46.529505" lon="10.452113"><ele>0</ele></trkpt>
      <trkpt lat="46.529582" lon="10.452018"><ele>0</ele></trkpt>
      <trkpt lat="46.529601" lon="10.451993"><ele>0</ele></trkpt>
      <trkpt lat="46.529627" lon="10.451953"><ele>0</ele></trkpt>
      <trkpt lat="46.529673" lon="10.451881"><ele>0</ele></trkpt>
      <trkpt lat="46.529709" lon="10.451817"><ele>0</ele></trkpt>
      <trkpt lat="46.529780" lon="10.451685"><ele>0</ele></trkpt>
      <trkpt lat="46.529860" lon="10.451556"><ele>0</ele></trkpt>
      <trkpt lat="46.529944" lon="10.451443"><ele>0</ele></trkpt>
      <trkpt lat="46.530024" lon="10.451344"><ele>0</ele></trkpt>
      <trkpt lat="46.530025" lon="10.451342"><ele>0</ele></trkpt>
      <trkpt lat="46.530029" lon="10.451337"><ele>0</ele></trkpt>
      <trkpt lat="46.530034" lon="10.451329"><ele>0</ele></trkpt>
      <trkpt lat="46.530041" lon="10.451318"><ele>0</ele></trkpt>
      <trkpt lat="46.530047" lon="10.451304"><ele>0</ele></trkpt>
      <trkpt lat="46.530052" lon="10.451288"><ele>0</ele></trkpt>
      <trkpt lat="46.530055" lon="10.451269"><ele>0</ele></trkpt>
      <trkpt lat="46.530056" lon="10.451248"><ele>0</ele></trkpt>
      <trkpt lat="46.530054" lon="10.451226"><ele>0</ele></trkpt>
      <trkpt lat="46.530052" lon="10.451213"><ele>0</ele></trkpt>
      <trkpt lat="46.530048" lon="10.451202"><ele>0</ele></trkpt>
      <trkpt lat="46.530038" lon="10.451181"><ele>0</ele></trkpt>
      <trkpt lat="46.530026" lon="10.451167"><ele>0</ele></trkpt>
      <trkpt lat="46.530014" lon="10.451158"><ele>0</ele></trkpt>
      <trkpt lat="46.530001" lon="10.451155"><ele>0</ele></trkpt>
      <trkpt lat="46.529988" lon="10.451155"><ele>0</ele></trkpt>
      <trkpt lat="46.529977" lon="10.451157"><ele>0</ele></trkpt>
      <trkpt lat="46.529966" lon="10.451161"><ele>0</ele></trkpt>
      <trkpt lat="46.529958" lon="10.451165"><ele>0</ele></trkpt>
      <trkpt lat="46.529953" lon="10.451168"><ele>0</ele></trkpt>
      <trkpt lat="46.529951" lon="10.451169"><ele>0</ele></trkpt>
      <trkpt lat="46.529873" lon="10.451220"><ele>0</ele></trkpt>
      <trkpt lat="46.529807" lon="10.451257"><ele>0</ele></trkpt>
      <trkpt lat="46.529765" lon="10.451269"><ele>0</ele></trkpt>
      <trkpt lat="46.529726" lon="10.451269"><ele>0</ele></trkpt>
      <trkpt lat="46.529692" lon="10.451257"><ele>0</ele></trkpt>
      <trkpt lat="46.529656" lon="10.451227"><ele>0</ele></trkpt>
      <trkpt lat="46.529624" lon="10.451194"><ele>0</ele></trkpt>
      <trkpt lat="46.529595" lon="10.451129"><ele>0</ele></trkpt>
      <trkpt lat="46.529576" lon="10.451074"><ele>0</ele></trkpt>
      <trkpt lat="46.529420" lon="10.450299"><ele>0</ele></trkpt>
      <trkpt lat="46.529389" lon="10.450141"><ele>0</ele></trkpt>
      <trkpt lat="46.529368" lon="10.450040"><ele>0</ele></trkpt>
      <trkpt lat="46.529269" lon="10.449539"><ele>0</ele></trkpt>
      <trkpt lat="46.529242" lon="10.449394"><ele>0</ele></trkpt>
      <trkpt lat="46.529232" lon="10.449322"><ele>0</ele></trkpt>
      <trkpt lat="46.529228" lon="10.449255"><ele>0</ele></trkpt>
      <trkpt lat="46.529234" lon="10.449185"><ele>0</ele></trkpt>
      <trkpt lat="46.529244" lon="10.449128"><ele>0</ele></trkpt>
      <trkpt lat="46.529258" lon="10.449078"><ele>0</ele></trkpt>
      <trkpt lat="46.529281" lon="10.449025"><ele>0</ele></trkpt>
      <trkpt lat="46.529307" lon="10.448974"><ele>0</ele></trkpt>
      <trkpt lat="46.529331" lon="10.448943"><ele>0</ele></trkpt>
      <trkpt lat="46.529364" lon="10.448911"><ele>0</ele></trkpt>
      <trkpt lat="46.529393" lon="10.448893"><ele>0</ele></trkpt>
      <trkpt lat="46.529432" lon="10.448878"><ele>0</ele></trkpt>
      <trkpt lat="46.529489" lon="10.448869"><ele>0</ele></trkpt>
      <trkpt lat="46.529521" lon="10.448863"><ele>0</ele></trkpt>
      <trkpt lat="46.529915" lon="10.448817"><ele>0</ele></trkpt>
      <trkpt lat="46.530092" lon="10.448793"><ele>0</ele></trkpt>
      <trkpt lat="46.530294" lon="10.448769"><ele>0</ele></trkpt>
      <trkpt lat="46.530420" lon="10.448753"><ele>0</ele></trkpt>
      <trkpt lat="46.530497" lon="10.448742"><ele>0</ele></trkpt>
      <trkpt lat="46.530534" lon="10.448731"><ele>0</ele></trkpt>
      <trkpt lat="46.530537" lon="10.448731"><ele>0</ele></trkpt>
      <trkpt lat="46.530540" lon="10.448730"><ele>0</ele></trkpt>
      <trkpt lat="46.530545" lon="10.448728"><ele>0</ele></trkpt>
      <trkpt lat="46.530551" lon="10.448725"><ele>0</ele></trkpt>
      <trkpt lat="46.530558" lon="10.448723"><ele>0</ele></trkpt>
      <trkpt lat="46.530566" lon="10.448719"><ele>0</ele></trkpt>
      <trkpt lat="46.530574" lon="10.448714"><ele>0</ele></trkpt>
      <trkpt lat="46.530583" lon="10.448709"><ele>0</ele></trkpt>
      <trkpt lat="46.530592" lon="10.448703"><ele>0</ele></trkpt>
      <trkpt lat="46.530602" lon="10.448695"><ele>0</ele></trkpt>
      <trkpt lat="46.530611" lon="10.448687"><ele>0</ele></trkpt>
      <trkpt lat="46.530620" lon="10.448678"><ele>0</ele></trkpt>
      <trkpt lat="46.530629" lon="10.448668"><ele>0</ele></trkpt>
      <trkpt lat="46.530638" lon="10.448656"><ele>0</ele></trkpt>
      <trkpt lat="46.530646" lon="10.448644"><ele>0</ele></trkpt>
      <trkpt lat="46.530653" lon="10.448630"><ele>0</ele></trkpt>
      <trkpt lat="46.530660" lon="10.448615"><ele>0</ele></trkpt>
      <trkpt lat="46.530665" lon="10.448598"><ele>0</ele></trkpt>
      <trkpt lat="46.530669" lon="10.448580"><ele>0</ele></trkpt>
      <trkpt lat="46.530672" lon="10.448562"><ele>0</ele></trkpt>
      <trkpt lat="46.530674" lon="10.448544"><ele>0</ele></trkpt>
      <trkpt lat="46.530675" lon="10.448526"><ele>0</ele></trkpt>
      <trkpt lat="46.530675" lon="10.448509"><ele>0</ele></trkpt>
      <trkpt lat="46.530673" lon="10.448493"><ele>0</ele></trkpt>
      <trkpt lat="46.530671" lon="10.448478"><ele>0</ele></trkpt>
      <trkpt lat="46.530669" lon="10.448463"><ele>0</ele></trkpt>
      <trkpt lat="46.530666" lon="10.448449"><ele>0</ele></trkpt>
      <trkpt lat="46.530662" lon="10.448436"><ele>0</ele></trkpt>
      <trkpt lat="46.530658" lon="10.448423"><ele>0</ele></trkpt>
      <trkpt lat="46.530655" lon="10.448412"><ele>0</ele></trkpt>
      <trkpt lat="46.530651" lon="10.448402"><ele>0</ele></trkpt>
      <trkpt lat="46.530646" lon="10.448392"><ele>0</ele></trkpt>
      <trkpt lat="46.530643" lon="10.448384"><ele>0</ele></trkpt>
      <trkpt lat="46.530639" lon="10.448377"><ele>0</ele></trkpt>
      <trkpt lat="46.530636" lon="10.448371"><ele>0</ele></trkpt>
      <trkpt lat="46.530633" lon="10.448366"><ele>0</ele></trkpt>
      <trkpt lat="46.530631" lon="10.448363"><ele>0</ele></trkpt>
      <trkpt lat="46.530630" lon="10.448360"><ele>0</ele></trkpt>
      <trkpt lat="46.530590" lon="10.448301"><ele>0</ele></trkpt>
      <trkpt lat="46.530526" lon="10.448206"><ele>0</ele></trkpt>
      <trkpt lat="46.530485" lon="10.448145"><ele>0</ele></trkpt>
      <trkpt lat="46.530455" lon="10.448098"><ele>0</ele></trkpt>
      <trkpt lat="46.530429" lon="10.448051"><ele>0</ele></trkpt>
      <trkpt lat="46.530402" lon="10.447992"><ele>0</ele></trkpt>
      <trkpt lat="46.530327" lon="10.447803"><ele>0</ele></trkpt>
      <trkpt lat="46.530301" lon="10.447729"><ele>0</ele></trkpt>
      <trkpt lat="46.530277" lon="10.447659"><ele>0</ele></trkpt>
      <trkpt lat="46.530262" lon="10.447603"><ele>0</ele></trkpt>
      <trkpt lat="46.530254" lon="10.447554"><ele>0</ele></trkpt>
      <trkpt lat="46.530250" lon="10.447505"><ele>0</ele></trkpt>
      <trkpt lat="46.530252" lon="10.447456"><ele>0</ele></trkpt>
      <trkpt lat="46.530258" lon="10.447414"><ele>0</ele></trkpt>
      <trkpt lat="46.530270" lon="10.447374"><ele>0</ele></trkpt>
      <trkpt lat="46.530289" lon="10.447332"><ele>0</ele></trkpt>
      <trkpt lat="46.530312" lon="10.447301"><ele>0</ele></trkpt>
      <trkpt lat="46.530338" lon="10.447274"><ele>0</ele></trkpt>
      <trkpt lat="46.530370" lon="10.447250"><ele>0</ele></trkpt>
      <trkpt lat="46.530394" lon="10.447241"><ele>0</ele></trkpt>
      <trkpt lat="46.530423" lon="10.447237"><ele>0</ele></trkpt>
      <trkpt lat="46.530451" lon="10.447238"><ele>0</ele></trkpt>
      <trkpt lat="46.530483" lon="10.447247"><ele>0</ele></trkpt>
      <trkpt lat="46.530513" lon="10.447268"><ele>0</ele></trkpt>
      <trkpt lat="46.530547" lon="10.447302"><ele>0</ele></trkpt>
      <trkpt lat="46.530578" lon="10.447346"><ele>0</ele></trkpt>
      <trkpt lat="46.530640" lon="10.447444"><ele>0</ele></trkpt>
      <trkpt lat="46.530739" lon="10.447604"><ele>0</ele></trkpt>
      <trkpt lat="46.530876" lon="10.447818"><ele>0</ele></trkpt>
      <trkpt lat="46.530914" lon="10.447872"><ele>0</ele></trkpt>
      <trkpt lat="46.530954" lon="10.447918"><ele>0</ele></trkpt>
      <trkpt lat="46.530998" lon="10.447962"><ele>0</ele></trkpt>
      <trkpt lat="46.531036" lon="10.447991"><ele>0</ele></trkpt>
      <trkpt lat="46.531077" lon="10.448015"><ele>0</ele></trkpt>
      <trkpt lat="46.531113" lon="10.448029"><ele>0</ele></trkpt>
      <trkpt lat="46.531156" lon="10.448042"><ele>0</ele></trkpt>
      <trkpt lat="46.531237" lon="10.448062"><ele>0</ele></trkpt>
      <trkpt lat="46.531392" lon="10.448101"><ele>0</ele></trkpt>
      <trkpt lat="46.531544" lon="10.448142"><ele>0</ele></trkpt>
      <trkpt lat="46.531791" lon="10.448211"><ele>0</ele></trkpt>
      <trkpt lat="46.531894" lon="10.448240"><ele>0</ele></trkpt>
      <trkpt lat="46.531984" lon="10.448259"><ele>0</ele></trkpt>
      <trkpt lat="46.532027" lon="10.448260"><ele>0</ele></trkpt>
      <trkpt lat="46.532071" lon="10.448255"><ele>0</ele></trkpt>
      <trkpt lat="46.532113" lon="10.448244"><ele>0</ele></trkpt>
      <trkpt lat="46.532150" lon="10.448225"><ele>0</ele></trkpt>
      <trkpt lat="46.532186" lon="10.448192"><ele>0</ele></trkpt>
      <trkpt lat="46.532219" lon="10.448146"><ele>0</ele></trkpt>
      <trkpt lat="46.532247" lon="10.448082"><ele>0</ele></trkpt>
      <trkpt lat="46.532269" lon="10.448007"><ele>0</ele></trkpt>
      <trkpt lat="46.532287" lon="10.447922"><ele>0</ele></trkpt>
      <trkpt lat="46.532299" lon="10.447842"><ele>0</ele></trkpt>
      <trkpt lat="46.532309" lon="10.447746"><ele>0</ele></trkpt>
      <trkpt lat="46.532313" lon="10.447680"><ele>0</ele></trkpt>
      <trkpt lat="46.532314" lon="10.447601"><ele>0</ele></trkpt>
      <trkpt lat="46.532314" lon="10.447485"><ele>0</ele></trkpt>
      <trkpt lat="46.532314" lon="10.447429"><ele>0</ele></trkpt>
      <trkpt lat="46.532306" lon="10.447141"><ele>0</ele></trkpt>
      <trkpt lat="46.532309" lon="10.447010"><ele>0</ele></trkpt>
      <trkpt lat="46.532319" lon="10.446935"><ele>0</ele></trkpt>
      <trkpt lat="46.532342" lon="10.446873"><ele>0</ele></trkpt>
      <trkpt lat="46.532395" lon="10.446762"><ele>0</ele></trkpt>
      <trkpt lat="46.532728" lon="10.446157"><ele>0</ele></trkpt>
      <trkpt lat="46.533053" lon="10.445535"><ele>0</ele></trkpt>
      <trkpt lat="46.533095" lon="10.445447"><ele>0</ele></trkpt>
      <trkpt lat="46.533132" lon="10.445356"><ele>0</ele></trkpt>
      <trkpt lat="46.533135" lon="10.445345"><ele>0</ele></trkpt>
      <trkpt lat="46.533145" lon="10.445315"><ele>0</ele></trkpt>
      <trkpt lat="46.533159" lon="10.445269"><ele>0</ele></trkpt>
      <trkpt lat="46.533176" lon="10.445211"><ele>0</ele></trkpt>
      <trkpt lat="46.533195" lon="10.445146"><ele>0</ele></trkpt>
      <trkpt lat="46.533213" lon="10.445076"><ele>0</ele></trkpt>
      <trkpt lat="46.533228" lon="10.445006"><ele>0</ele></trkpt>
      <trkpt lat="46.533241" lon="10.444939"><ele>0</ele></trkpt>
      <trkpt lat="46.533247" lon="10.444880"><ele>0</ele></trkpt>
      <trkpt lat="46.533247" lon="10.444832"><ele>0</ele></trkpt>
      <trkpt lat="46.533241" lon="10.444794"><ele>0</ele></trkpt>
      <trkpt lat="46.533231" lon="10.444761"><ele>0</ele></trkpt>
      <trkpt lat="46.533219" lon="10.444733"><ele>0</ele></trkpt>
      <trkpt lat="46.533205" lon="10.444710"><ele>0</ele></trkpt>
      <trkpt lat="46.533190" lon="10.444692"><ele>0</ele></trkpt>
      <trkpt lat="46.533176" lon="10.444677"><ele>0</ele></trkpt>
      <trkpt lat="46.533163" lon="10.444667"><ele>0</ele></trkpt>
      <trkpt lat="46.533153" lon="10.444660"><ele>0</ele></trkpt>
      <trkpt lat="46.533146" lon="10.444655"><ele>0</ele></trkpt>
      <trkpt lat="46.533143" lon="10.444654"><ele>0</ele></trkpt>
      <trkpt lat="46.533139" lon="10.444653"><ele>0</ele></trkpt>
      <trkpt lat="46.533125" lon="10.444650"><ele>0</ele></trkpt>
      <trkpt lat="46.533105" lon="10.444645"><ele>0</ele></trkpt>
      <trkpt lat="46.533080" lon="10.444640"><ele>0</ele></trkpt>
      <trkpt lat="46.533050" lon="10.444634"><ele>0</ele></trkpt>
      <trkpt lat="46.533018" lon="10.444627"><ele>0</ele></trkpt>
      <trkpt lat="46.532985" lon="10.444621"><ele>0</ele></trkpt>
      <trkpt lat="46.532952" lon="10.444616"><ele>0</ele></trkpt>
      <trkpt lat="46.532921" lon="10.444613"><ele>0</ele></trkpt>
      <trkpt lat="46.532894" lon="10.444611"><ele>0</ele></trkpt>
      <trkpt lat="46.532865" lon="10.444613"><ele>0</ele></trkpt>
      <trkpt lat="46.532830" lon="10.444619"><ele>0</ele></trkpt>
      <trkpt lat="46.532791" lon="10.444630"><ele>0</ele></trkpt>
      <trkpt lat="46.532749" lon="10.444643"><ele>0</ele></trkpt>
      <trkpt lat="46.532708" lon="10.444658"><ele>0</ele></trkpt>
      <trkpt lat="46.532669" lon="10.444673"><ele>0</ele></trkpt>
      <trkpt lat="46.532635" lon="10.444686"><ele>0</ele></trkpt>
      <trkpt lat="46.532608" lon="10.444697"><ele>0</ele></trkpt>
      <trkpt lat="46.532590" lon="10.444705"><ele>0</ele></trkpt>
      <trkpt lat="46.532584" lon="10.444708"><ele>0</ele></trkpt>
      <trkpt lat="46.532336" lon="10.444824"><ele>0</ele></trkpt>
      <trkpt lat="46.532159" lon="10.444885"><ele>0</ele></trkpt>
      <trkpt lat="46.532128" lon="10.444891"><ele>0</ele></trkpt>
      <trkpt lat="46.532094" lon="10.444897"><ele>0</ele></trkpt>
      <trkpt lat="46.532056" lon="10.444904"><ele>0</ele></trkpt>
      <trkpt lat="46.532016" lon="10.444910"><ele>0</ele></trkpt>
      <trkpt lat="46.531974" lon="10.444917"><ele>0</ele></trkpt>
      <trkpt lat="46.531932" lon="10.444923"><ele>0</ele></trkpt>
      <trkpt lat="46.531890" lon="10.444928"><ele>0</ele></trkpt>
      <trkpt lat="46.531848" lon="10.444932"><ele>0</ele></trkpt>
      <trkpt lat="46.531807" lon="10.444935"><ele>0</ele></trkpt>
      <trkpt lat="46.531769" lon="10.444936"><ele>0</ele></trkpt>
      <trkpt lat="46.531734" lon="10.444936"><ele>0</ele></trkpt>
      <trkpt lat="46.531706" lon="10.444934"><ele>0</ele></trkpt>
      <trkpt lat="46.531681" lon="10.444932"><ele>0</ele></trkpt>
      <trkpt lat="46.531661" lon="10.444926"><ele>0</ele></trkpt>
      <trkpt lat="46.531642" lon="10.444918"><ele>0</ele></trkpt>
      <trkpt lat="46.531625" lon="10.444905"><ele>0</ele></trkpt>
      <trkpt lat="46.531607" lon="10.444888"><ele>0</ele></trkpt>
      <trkpt lat="46.531589" lon="10.444866"><ele>0</ele></trkpt>
      <trkpt lat="46.531568" lon="10.444837"><ele>0</ele></trkpt>
      <trkpt lat="46.531545" lon="10.444802"><ele>0</ele></trkpt>
      <trkpt lat="46.531526" lon="10.444757"><ele>0</ele></trkpt>
      <trkpt lat="46.531521" lon="10.444704"><ele>0</ele></trkpt>
      <trkpt lat="46.531525" lon="10.444646"><ele>0</ele></trkpt>
      <trkpt lat="46.531537" lon="10.444585"><ele>0</ele></trkpt>
      <trkpt lat="46.531554" lon="10.444526"><ele>0</ele></trkpt>
      <trkpt lat="46.531573" lon="10.444470"><ele>0</ele></trkpt>
      <trkpt lat="46.531593" lon="10.444421"><ele>0</ele></trkpt>
      <trkpt lat="46.531610" lon="10.444382"><ele>0</ele></trkpt>
      <trkpt lat="46.531622" lon="10.444357"><ele>0</ele></trkpt>
      <trkpt lat="46.531627" lon="10.444348"><ele>0</ele></trkpt>
      <trkpt lat="46.531804" lon="10.443937"><ele>0</ele></trkpt>
      <trkpt lat="46.531883" lon="10.443804"><ele>0</ele></trkpt>
      <trkpt lat="46.531979" lon="10.443702"><ele>0</ele></trkpt>
      <trkpt lat="46.532123" lon="10.443610"><ele>0</ele></trkpt>
      <trkpt lat="46.532271" lon="10.443529"><ele>0</ele></trkpt>
      <trkpt lat="46.532761" lon="10.443280"><ele>0</ele></trkpt>
      <trkpt lat="46.532894" lon="10.443204"><ele>0</ele></trkpt>
      <trkpt lat="46.533006" lon="10.443110"><ele>0</ele></trkpt>
      <trkpt lat="46.533080" lon="10.443022"><ele>0</ele></trkpt>
      <trkpt lat="46.533151" lon="10.442917"><ele>0</ele></trkpt>
      <trkpt lat="46.533229" lon="10.442789"><ele>0</ele></trkpt>
      <trkpt lat="46.533302" lon="10.442661"><ele>0</ele></trkpt>
      <trkpt lat="46.533346" lon="10.442563"><ele>0</ele></trkpt>
      <trkpt lat="46.533383" lon="10.442460"><ele>0</ele></trkpt>
      <trkpt lat="46.533409" lon="10.442341"><ele>0</ele></trkpt>
      <trkpt lat="46.533420" lon="10.442219"><ele>0</ele></trkpt>
      <trkpt lat="46.533416" lon="10.442105"><ele>0</ele></trkpt>
      <trkpt lat="46.533402" lon="10.441997"><ele>0</ele></trkpt>
      <trkpt lat="46.533348" lon="10.441842"><ele>0</ele></trkpt>
      <trkpt lat="46.533277" lon="10.441695"><ele>0</ele></trkpt>
      <trkpt lat="46.532970" lon="10.441104"><ele>0</ele></trkpt>
      <trkpt lat="46.532795" lon="10.440776"><ele>0</ele></trkpt>
      <trkpt lat="46.532726" lon="10.440646"><ele>0</ele></trkpt>
      <trkpt lat="46.532542" lon="10.440291"><ele>0</ele></trkpt>
      <trkpt lat="46.532256" lon="10.439799"><ele>0</ele></trkpt>
      <trkpt lat="46.532244" lon="10.439761"><ele>0</ele></trkpt>
      <trkpt lat="46.532240" lon="10.439734"><ele>0</ele></trkpt>
      <trkpt lat="46.532243" lon="10.439706"><ele>0</ele></trkpt>
      <trkpt lat="46.532248" lon="10.439675"><ele>0</ele></trkpt>
      <trkpt lat="46.532258" lon="10.439651"><ele>0</ele></trkpt>
      <trkpt lat="46.532271" lon="10.439633"><ele>0</ele></trkpt>
      <trkpt lat="46.532284" lon="10.439621"><ele>0</ele></trkpt>
      <trkpt lat="46.532293" lon="10.439614"><ele>0</ele></trkpt>
      <trkpt lat="46.532297" lon="10.439612"><ele>0</ele></trkpt>
      <trkpt lat="46.532803" lon="10.439311"><ele>0</ele></trkpt>
      <trkpt lat="46.533548" lon="10.438871"><ele>0</ele></trkpt>
      <trkpt lat="46.533684" lon="10.438821"><ele>0</ele></trkpt>
      <trkpt lat="46.533864" lon="10.438790"><ele>0</ele></trkpt>
      <trkpt lat="46.534285" lon="10.438745"><ele>0</ele></trkpt>
      <trkpt lat="46.534562" lon="10.438720"><ele>0</ele></trkpt>
      <trkpt lat="46.535420" lon="10.438467"><ele>0</ele></trkpt>
      <trkpt lat="46.535567" lon="10.438425"><ele>0</ele></trkpt>
      <trkpt lat="46.535809" lon="10.438346"><ele>0</ele></trkpt>
      <trkpt lat="46.535908" lon="10.438336"><ele>0</ele></trkpt>
      <trkpt lat="46.535981" lon="10.438338"><ele>0</ele></trkpt>
      <trkpt lat="46.536123" lon="10.438365"><ele>0</ele></trkpt>
      <trkpt lat="46.536151" lon="10.438360"><ele>0</ele></trkpt>
      <trkpt lat="46.536171" lon="10.438352"><ele>0</ele></trkpt>
      <trkpt lat="46.536183" lon="10.438333"><ele>0</ele></trkpt>
      <trkpt lat="46.536192" lon="10.438315"><ele>0</ele></trkpt>
      <trkpt lat="46.536192" lon="10.438294"><ele>0</ele></trkpt>
      <trkpt lat="46.536190" lon="10.438261"><ele>0</ele></trkpt>
      <trkpt lat="46.536183" lon="10.438228"><ele>0</ele></trkpt>
      <trkpt lat="46.536170" lon="10.438202"><ele>0</ele></trkpt>
      <trkpt lat="46.535911" lon="10.437852"><ele>0</ele></trkpt>
      <trkpt lat="46.535893" lon="10.437825"><ele>0</ele></trkpt>
      <trkpt lat="46.535891" lon="10.437790"><ele>0</ele></trkpt>
      <trkpt lat="46.535893" lon="10.437756"><ele>0</ele></trkpt>
      <trkpt lat="46.535906" lon="10.437720"><ele>0</ele></trkpt>
      <trkpt lat="46.535936" lon="10.437683"><ele>0</ele></trkpt>
      <trkpt lat="46.536553" lon="10.436951"><ele>0</ele></trkpt>
      <trkpt lat="46.536641" lon="10.436888"><ele>0</ele></trkpt>
      <trkpt lat="46.536871" lon="10.436783"><ele>0</ele></trkpt>
      <trkpt lat="46.537039" lon="10.436679"><ele>0</ele></trkpt>
      <trkpt lat="46.537161" lon="10.436589"><ele>0</ele></trkpt>
      <trkpt lat="46.537198" lon="10.436551"><ele>0</ele></trkpt>
      <trkpt lat="46.537234" lon="10.436501"><ele>0</ele></trkpt>
      <trkpt lat="46.537279" lon="10.436417"><ele>0</ele></trkpt>
      <trkpt lat="46.537316" lon="10.436320"><ele>0</ele></trkpt>
      <trkpt lat="46.537404" lon="10.436073"><ele>0</ele></trkpt>
      <trkpt lat="46.537580" lon="10.435556"><ele>0</ele></trkpt>
      <trkpt lat="46.537652" lon="10.435388"><ele>0</ele></trkpt>
      <trkpt lat="46.537701" lon="10.435318"><ele>0</ele></trkpt>
      <trkpt lat="46.537757" lon="10.435260"><ele>0</ele></trkpt>
      <trkpt lat="46.537885" lon="10.435160"><ele>0</ele></trkpt>
      <trkpt lat="46.538355" lon="10.434867"><ele>0</ele></trkpt>
      <trkpt lat="46.538878" lon="10.434525"><ele>0</ele></trkpt>
      <trkpt lat="46.539139" lon="10.434343"><ele>0</ele></trkpt>
      <trkpt lat="46.539202" lon="10.434294"><ele>0</ele></trkpt>
      <trkpt lat="46.539250" lon="10.434243"><ele>0</ele></trkpt>
      <trkpt lat="46.539297" lon="10.434173"><ele>0</ele></trkpt>
      <trkpt lat="46.539353" lon="10.434063"><ele>0</ele></trkpt>
      <trkpt lat="46.539464" lon="10.433849"><ele>0</ele></trkpt>
      <trkpt lat="46.539578" lon="10.433618"><ele>0</ele></trkpt>
      <trkpt lat="46.539637" lon="10.433498"><ele>0</ele></trkpt>
      <trkpt lat="46.539707" lon="10.433364"><ele>0</ele></trkpt>
      <trkpt lat="46.539722" lon="10.433335"><ele>0</ele></trkpt>
      <trkpt lat="46.539731" lon="10.433304"><ele>0</ele></trkpt>
      <trkpt lat="46.539734" lon="10.433275"><ele>0</ele></trkpt>
      <trkpt lat="46.539730" lon="10.433249"><ele>0</ele></trkpt>
      <trkpt lat="46.539722" lon="10.433227"><ele>0</ele></trkpt>
      <trkpt lat="46.539703" lon="10.433209"><ele>0</ele></trkpt>
      <trkpt lat="46.539688" lon="10.433205"><ele>0</ele></trkpt>
      <trkpt lat="46.539673" lon="10.433210"><ele>0</ele></trkpt>
      <trkpt lat="46.539638" lon="10.433239"><ele>0</ele></trkpt>
      <trkpt lat="46.539574" lon="10.433331"><ele>0</ele></trkpt>
      <trkpt lat="46.539445" lon="10.433442"><ele>0</ele></trkpt>
      <trkpt lat="46.539289" lon="10.433553"><ele>0</ele></trkpt>
      <trkpt lat="46.539146" lon="10.433647"><ele>0</ele></trkpt>
      <trkpt lat="46.538995" lon="10.433723"><ele>0</ele></trkpt>
      <trkpt lat="46.538818" lon="10.433779"><ele>0</ele></trkpt>
      <trkpt lat="46.538411" lon="10.433849"><ele>0</ele></trkpt>
      <trkpt lat="46.538264" lon="10.433891"><ele>0</ele></trkpt>
      <trkpt lat="46.538130" lon="10.433944"><ele>0</ele></trkpt>
      <trkpt lat="46.538067" lon="10.433974"><ele>0</ele></trkpt>
      <trkpt lat="46.538029" lon="10.433963"><ele>0</ele></trkpt>
      <trkpt lat="46.537998" lon="10.433931"><ele>0</ele></trkpt>
      <trkpt lat="46.537989" lon="10.433888"><ele>0</ele></trkpt>
      <trkpt lat="46.537992" lon="10.433838"><ele>0</ele></trkpt>
      <trkpt lat="46.538013" lon="10.433799"><ele>0</ele></trkpt>
      <trkpt lat="46.538075" lon="10.433747"><ele>0</ele></trkpt>
      <trkpt lat="46.538227" lon="10.433600"><ele>0</ele></trkpt>
      <trkpt lat="46.538425" lon="10.433389"><ele>0</ele></trkpt>
      <trkpt lat="46.538810" lon="10.432951"><ele>0</ele></trkpt>
      <trkpt lat="46.539484" lon="10.432183"><ele>0</ele></trkpt>
      <trkpt lat="46.539612" lon="10.432071"><ele>0</ele></trkpt>
      <trkpt lat="46.539675" lon="10.432028"><ele>0</ele></trkpt>
      <trkpt lat="46.539747" lon="10.431983"><ele>0</ele></trkpt>
      <trkpt lat="46.539784" lon="10.431953"><ele>0</ele></trkpt>
      <trkpt lat="46.539800" lon="10.431934"><ele>0</ele></trkpt>
      <trkpt lat="46.539814" lon="10.431902"><ele>0</ele></trkpt>
      <trkpt lat="46.539816" lon="10.431866"><ele>0</ele></trkpt>
      <trkpt lat="46.539808" lon="10.431832"><ele>0</ele></trkpt>
      <trkpt lat="46.539791" lon="10.431804"><ele>0</ele></trkpt>
      <trkpt lat="46.539768" lon="10.431786"><ele>0</ele></trkpt>
      <trkpt lat="46.539736" lon="10.431786"><ele>0</ele></trkpt>
      <trkpt lat="46.539677" lon="10.431814"><ele>0</ele></trkpt>
      <trkpt lat="46.539609" lon="10.431849"><ele>0</ele></trkpt>
      <trkpt lat="46.538868" lon="10.432159"><ele>0</ele></trkpt>
      <trkpt lat="46.538744" lon="10.432216"><ele>0</ele></trkpt>
      <trkpt lat="46.538639" lon="10.432265"><ele>0</ele></trkpt>
      <trkpt lat="46.538529" lon="10.432338"><ele>0</ele></trkpt>
      <trkpt lat="46.538458" lon="10.432395"><ele>0</ele></trkpt>
      <trkpt lat="46.538435" lon="10.432402"><ele>0</ele></trkpt>
      <trkpt lat="46.538410" lon="10.432403"><ele>0</ele></trkpt>
      <trkpt lat="46.538379" lon="10.432391"><ele>0</ele></trkpt>
      <trkpt lat="46.538355" lon="10.432370"><ele>0</ele></trkpt>
      <trkpt lat="46.538342" lon="10.432334"><ele>0</ele></trkpt>
      <trkpt lat="46.538340" lon="10.432301"><ele>0</ele></trkpt>
      <trkpt lat="46.538346" lon="10.432273"><ele>0</ele></trkpt>
      <trkpt lat="46.538363" lon="10.432245"><ele>0</ele></trkpt>
      <trkpt lat="46.538384" lon="10.432220"><ele>0</ele></trkpt>
      <trkpt lat="46.538442" lon="10.432183"><ele>0</ele></trkpt>
      <trkpt lat="46.538605" lon="10.432102"><ele>0</ele></trkpt>
      <trkpt lat="46.538722" lon="10.432013"><ele>0</ele></trkpt>
      <trkpt lat="46.538888" lon="10.431863"><ele>0</ele></trkpt>
      <trkpt lat="46.539640" lon="10.431022"><ele>0</ele></trkpt>
      <trkpt lat="46.539826" lon="10.430817"><ele>0</ele></trkpt>
      <trkpt lat="46.539991" lon="10.430585"><ele>0</ele></trkpt>
      <trkpt lat="46.540231" lon="10.430102"><ele>0</ele></trkpt>
      <trkpt lat="46.540484" lon="10.429532"><ele>0</ele></trkpt>
      <trkpt lat="46.540682" lon="10.428887"><ele>0</ele></trkpt>
      <trkpt lat="46.540769" lon="10.428593"><ele>0</ele></trkpt>
      <trkpt lat="46.540825" lon="10.428352"><ele>0</ele></trkpt>
      <trkpt lat="46.540851" lon="10.428187"><ele>0</ele></trkpt>
      <trkpt lat="46.540992" lon="10.426898"><ele>0</ele></trkpt>
      <trkpt lat="46.541021" lon="10.426607"><ele>0</ele></trkpt>
      <trkpt lat="46.541049" lon="10.426331"><ele>0</ele></trkpt>
      <trkpt lat="46.541050" lon="10.426122"><ele>0</ele></trkpt>
      <trkpt lat="46.541030" lon="10.425888"><ele>0</ele></trkpt>
      <trkpt lat="46.540650" lon="10.421401"><ele>0</ele></trkpt>
      <trkpt lat="46.540350" lon="10.417935"><ele>0</ele></trkpt>
      <trkpt lat="46.540317" lon="10.417601"><ele>0</ele></trkpt>
      <trkpt lat="46.540285" lon="10.417252"><ele>0</ele></trkpt>
      <trkpt lat="46.540263" lon="10.417120"><ele>0</ele></trkpt>
      <trkpt lat="46.540240" lon="10.417002"><ele>0</ele></trkpt>
      <trkpt lat="46.540218" lon="10.416908"><ele>0</ele></trkpt>
      <trkpt lat="46.540198" lon="10.416845"><ele>0</ele></trkpt>
      <trkpt lat="46.540171" lon="10.416763"><ele>0</ele></trkpt>
      <trkpt lat="46.540136" lon="10.416662"><ele>0</ele></trkpt>
      <trkpt lat="46.540102" lon="10.416573"><ele>0</ele></trkpt>
      <trkpt lat="46.540067" lon="10.416496"><ele>0</ele></trkpt>
      <trkpt lat="46.540000" lon="10.416347"><ele>0</ele></trkpt>
      <trkpt lat="46.539917" lon="10.416205"><ele>0</ele></trkpt>
      <trkpt lat="46.539033" lon="10.414843"><ele>0</ele></trkpt>
      <trkpt lat="46.538149" lon="10.413473"><ele>0</ele></trkpt>
      <trkpt lat="46.537911" lon="10.413119"><ele>0</ele></trkpt>
      <trkpt lat="46.537870" lon="10.413086"><ele>0</ele></trkpt>
      <trkpt lat="46.537826" lon="10.413058"><ele>0</ele></trkpt>
      <trkpt lat="46.537757" lon="10.413023"><ele>0</ele></trkpt>
      <trkpt lat="46.537672" lon="10.413002"><ele>0</ele></trkpt>
      <trkpt lat="46.537594" lon="10.412996"><ele>0</ele></trkpt>
      <trkpt lat="46.537363" lon="10.412978"><ele>0</ele></trkpt>
      <trkpt lat="46.537153" lon="10.412957"><ele>0</ele></trkpt>
      <trkpt lat="46.536953" lon="10.412917"><ele>0</ele></trkpt>
      <trkpt lat="46.536803" lon="10.412838"><ele>0</ele></trkpt>
      <trkpt lat="46.536718" lon="10.412766"><ele>0</ele></trkpt>
      <trkpt lat="46.536638" lon="10.412686"><ele>0</ele></trkpt>
      <trkpt lat="46.536142" lon="10.412041"><ele>0</ele></trkpt>
      <trkpt lat="46.536096" lon="10.411977"><ele>0</ele></trkpt>
      <trkpt lat="46.536053" lon="10.411937"><ele>0</ele></trkpt>
      <trkpt lat="46.536009" lon="10.411910"><ele>0</ele></trkpt>
      <trkpt lat="46.535964" lon="10.411887"><ele>0</ele></trkpt>
      <trkpt lat="46.535903" lon="10.411884"><ele>0</ele></trkpt>
      <trkpt lat="46.535528" lon="10.411918"><ele>0</ele></trkpt>
      <trkpt lat="46.535244" lon="10.411934"><ele>0</ele></trkpt>
      <trkpt lat="46.535103" lon="10.411918"><ele>0</ele></trkpt>
      <trkpt lat="46.534995" lon="10.411900"><ele>0</ele></trkpt>
      <trkpt lat="46.534929" lon="10.411887"><ele>0</ele></trkpt>
      <trkpt lat="46.534847" lon="10.411866"><ele>0</ele></trkpt>
      <trkpt lat="46.534833" lon="10.411862"><ele>0</ele></trkpt>
      <trkpt lat="46.534820" lon="10.411857"><ele>0</ele></trkpt>
      <trkpt lat="46.534805" lon="10.411849"><ele>0</ele></trkpt>
      <trkpt lat="46.534793" lon="10.411843"><ele>0</ele></trkpt>
      <trkpt lat="46.534780" lon="10.411836"><ele>0</ele></trkpt>
      <trkpt lat="46.534701" lon="10.411788"><ele>0</ele></trkpt>
      <trkpt lat="46.534687" lon="10.411778"><ele>0</ele></trkpt>
      <trkpt lat="46.534674" lon="10.411767"><ele>0</ele></trkpt>
      <trkpt lat="46.534662" lon="10.411757"><ele>0</ele></trkpt>
      <trkpt lat="46.534651" lon="10.411744"><ele>0</ele></trkpt>
      <trkpt lat="46.534641" lon="10.411733"><ele>0</ele></trkpt>
      <trkpt lat="46.534631" lon="10.411719"><ele>0</ele></trkpt>
      <trkpt lat="46.534549" lon="10.411583"><ele>0</ele></trkpt>
      <trkpt lat="46.534460" lon="10.411431"><ele>0</ele></trkpt>
      <trkpt lat="46.534421" lon="10.411366"><ele>0</ele></trkpt>
      <trkpt lat="46.534296" lon="10.411156"><ele>0</ele></trkpt>
      <trkpt lat="46.534231" lon="10.411046"><ele>0</ele></trkpt>
      <trkpt lat="46.534037" lon="10.410715"><ele>0</ele></trkpt>
      <trkpt lat="46.533984" lon="10.410638"><ele>0</ele></trkpt>
      <trkpt lat="46.533940" lon="10.410597"><ele>0</ele></trkpt>
      <trkpt lat="46.533895" lon="10.410562"><ele>0</ele></trkpt>
      <trkpt lat="46.533820" lon="10.410518"><ele>0</ele></trkpt>
      <trkpt lat="46.533324" lon="10.410231"><ele>0</ele></trkpt>
      <trkpt lat="46.533052" lon="10.410072"><ele>0</ele></trkpt>
      <trkpt lat="46.532780" lon="10.409910"><ele>0</ele></trkpt>
      <trkpt lat="46.532242" lon="10.409593"><ele>0</ele></trkpt>
      <trkpt lat="46.532110" lon="10.409512"><ele>0</ele></trkpt>
      <trkpt lat="46.532033" lon="10.409468"><ele>0</ele></trkpt>
      <trkpt lat="46.531968" lon="10.409448"><ele>0</ele></trkpt>
      <trkpt lat="46.531690" lon="10.409413"><ele>0</ele></trkpt>
      <trkpt lat="46.531411" lon="10.409364"><ele>0</ele></trkpt>
      <trkpt lat="46.531034" lon="10.409319"><ele>0</ele></trkpt>
      <trkpt lat="46.530675" lon="10.409279"><ele>0</ele></trkpt>
      <trkpt lat="46.529958" lon="10.409202"><ele>0</ele></trkpt>
      <trkpt lat="46.529886" lon="10.409195"><ele>0</ele></trkpt>
      <trkpt lat="46.529808" lon="10.409201"><ele>0</ele></trkpt>
      <trkpt lat="46.529714" lon="10.409241"><ele>0</ele></trkpt>
      <trkpt lat="46.529358" lon="10.409401"><ele>0</ele></trkpt>
      <trkpt lat="46.529007" lon="10.409547"><ele>0</ele></trkpt>
      <trkpt lat="46.528877" lon="10.409579"><ele>0</ele></trkpt>
      <trkpt lat="46.528737" lon="10.409595"><ele>0</ele></trkpt>
      <trkpt lat="46.527936" lon="10.409460"><ele>0</ele></trkpt>
      <trkpt lat="46.527831" lon="10.409425"><ele>0</ele></trkpt>
      <trkpt lat="46.527732" lon="10.409360"><ele>0</ele></trkpt>
      <trkpt lat="46.527600" lon="10.409228"><ele>0</ele></trkpt>
      <trkpt lat="46.527469" lon="10.409086"><ele>0</ele></trkpt>
      <trkpt lat="46.527214" lon="10.408808"><ele>0</ele></trkpt>
      <trkpt lat="46.527113" lon="10.408705"><ele>0</ele></trkpt>
      <trkpt lat="46.527006" lon="10.408610"><ele>0</ele></trkpt>
      <trkpt lat="46.526952" lon="10.408568"><ele>0</ele></trkpt>
      <trkpt lat="46.526891" lon="10.408531"><ele>0</ele></trkpt>
      <trkpt lat="46.526802" lon="10.408498"><ele>0</ele></trkpt>
      <trkpt lat="46.526697" lon="10.408482"><ele>0</ele></trkpt>
      <trkpt lat="46.526576" lon="10.408489"><ele>0</ele></trkpt>
      <trkpt lat="46.526329" lon="10.408552"><ele>0</ele></trkpt>
      <trkpt lat="46.526089" lon="10.408611"><ele>0</ele></trkpt>
      <trkpt lat="46.525611" lon="10.408752"><ele>0</ele></trkpt>
      <trkpt lat="46.525120" lon="10.408885"><ele>0</ele></trkpt>
      <trkpt lat="46.524997" lon="10.408918"><ele>0</ele></trkpt>
      <trkpt lat="46.524691" lon="10.409008"><ele>0</ele></trkpt>
      <trkpt lat="46.524385" lon="10.409089"><ele>0</ele></trkpt>
      <trkpt lat="46.524324" lon="10.409103"><ele>0</ele></trkpt>
      <trkpt lat="46.524254" lon="10.409099"><ele>0</ele></trkpt>
      <trkpt lat="46.524185" lon="10.409067"><ele>0</ele></trkpt>
      <trkpt lat="46.523998" lon="10.408914"><ele>0</ele></trkpt>
      <trkpt lat="46.523876" lon="10.408825"><ele>0</ele></trkpt>
      <trkpt lat="46.523833" lon="10.408802"><ele>0</ele></trkpt>
      <trkpt lat="46.523799" lon="10.408786"><ele>0</ele></trkpt>
      <trkpt lat="46.523751" lon="10.408782"><ele>0</ele></trkpt>
      <trkpt lat="46.523687" lon="10.408791"><ele>0</ele></trkpt>
      <trkpt lat="46.523492" lon="10.408862"><ele>0</ele></trkpt>
      <trkpt lat="46.523390" lon="10.408921"><ele>0</ele></trkpt>
      <trkpt lat="46.523301" lon="10.409009"><ele>0</ele></trkpt>
      <trkpt lat="46.523126" lon="10.409248"><ele>0</ele></trkpt>
      <trkpt lat="46.522950" lon="10.409462"><ele>0</ele></trkpt>
      <trkpt lat="46.522892" lon="10.409525"><ele>0</ele></trkpt>
      <trkpt lat="46.522783" lon="10.409594"><ele>0</ele></trkpt>
      <trkpt lat="46.522735" lon="10.409618"><ele>0</ele></trkpt>
      <trkpt lat="46.522701" lon="10.409629"><ele>0</ele></trkpt>
      <trkpt lat="46.522636" lon="10.409627"><ele>0</ele></trkpt>
      <trkpt lat="46.522617" lon="10.409621"><ele>0</ele></trkpt>
      <trkpt lat="46.522587" lon="10.409596"><ele>0</ele></trkpt>
      <trkpt lat="46.522509" lon="10.409508"><ele>0</ele></trkpt>
      <trkpt lat="46.522415" lon="10.409382"><ele>0</ele></trkpt>
      <trkpt lat="46.522310" lon="10.409272"><ele>0</ele></trkpt>
      <trkpt lat="46.522254" lon="10.409238"><ele>0</ele></trkpt>
      <trkpt lat="46.522188" lon="10.409213"><ele>0</ele></trkpt>
      <trkpt lat="46.522066" lon="10.409187"><ele>0</ele></trkpt>
      <trkpt lat="46.521927" lon="10.409165"><ele>0</ele></trkpt>
      <trkpt lat="46.520725" lon="10.408961"><ele>0</ele></trkpt>
      <trkpt lat="46.520584" lon="10.408927"><ele>0</ele></trkpt>
      <trkpt lat="46.520340" lon="10.408816"><ele>0</ele></trkpt>
      <trkpt lat="46.520078" lon="10.408697"><ele>0</ele></trkpt>
      <trkpt lat="46.519923" lon="10.408643"><ele>0</ele></trkpt>
      <trkpt lat="46.519802" lon="10.408638"><ele>0</ele></trkpt>
      <trkpt lat="46.519704" lon="10.408656"><ele>0</ele></trkpt>
      <trkpt lat="46.519522" lon="10.408750"><ele>0</ele></trkpt>
      <trkpt lat="46.519496" lon="10.408768"><ele>0</ele></trkpt>
      <trkpt lat="46.519273" lon="10.408892"><ele>0</ele></trkpt>
      <trkpt lat="46.518766" lon="10.409067"><ele>0</ele></trkpt>
      <trkpt lat="46.518409" lon="10.409166"><ele>0</ele></trkpt>
      <trkpt lat="46.518045" lon="10.409256"><ele>0</ele></trkpt>
      <trkpt lat="46.517887" lon="10.409300"><ele>0</ele></trkpt>
      <trkpt lat="46.517851" lon="10.409311"><ele>0</ele></trkpt>
      <trkpt lat="46.517830" lon="10.409309"><ele>0</ele></trkpt>
      <trkpt lat="46.517804" lon="10.409301"><ele>0</ele></trkpt>
      <trkpt lat="46.517789" lon="10.409286"><ele>0</ele></trkpt>
      <trkpt lat="46.517773" lon="10.409258"><ele>0</ele></trkpt>
      <trkpt lat="46.517764" lon="10.409219"><ele>0</ele></trkpt>
      <trkpt lat="46.517767" lon="10.409183"><ele>0</ele></trkpt>
      <trkpt lat="46.517777" lon="10.409148"><ele>0</ele></trkpt>
      <trkpt lat="46.517797" lon="10.409125"><ele>0</ele></trkpt>
      <trkpt lat="46.517822" lon="10.409107"><ele>0</ele></trkpt>
      <trkpt lat="46.517857" lon="10.409093"><ele>0</ele></trkpt>
      <trkpt lat="46.517966" lon="10.409061"><ele>0</ele></trkpt>
      <trkpt lat="46.518272" lon="10.408949"><ele>0</ele></trkpt>
      <trkpt lat="46.518481" lon="10.408813"><ele>0</ele></trkpt>
      <trkpt lat="46.518628" lon="10.408673"><ele>0</ele></trkpt>
      <trkpt lat="46.518712" lon="10.408536"><ele>0</ele></trkpt>
      <trkpt lat="46.518776" lon="10.408373"><ele>0</ele></trkpt>
      <trkpt lat="46.518820" lon="10.408131"><ele>0</ele></trkpt>
      <trkpt lat="46.518837" lon="10.407939"><ele>0</ele></trkpt>
      <trkpt lat="46.518874" lon="10.407658"><ele>0</ele></trkpt>
      <trkpt lat="46.518889" lon="10.407570"><ele>0</ele></trkpt>
      <trkpt lat="46.518914" lon="10.407498"><ele>0</ele></trkpt>
      <trkpt lat="46.518945" lon="10.407439"><ele>0</ele></trkpt>
      <trkpt lat="46.519041" lon="10.407316"><ele>0</ele></trkpt>
      <trkpt lat="46.519059" lon="10.407288"><ele>0</ele></trkpt>
      <trkpt lat="46.519071" lon="10.407260"><ele>0</ele></trkpt>
      <trkpt lat="46.519082" lon="10.407221"><ele>0</ele></trkpt>
      <trkpt lat="46.519088" lon="10.407172"><ele>0</ele></trkpt>
      <trkpt lat="46.519084" lon="10.407128"><ele>0</ele></trkpt>
      <trkpt lat="46.519074" lon="10.407090"><ele>0</ele></trkpt>
      <trkpt lat="46.519055" lon="10.407058"><ele>0</ele></trkpt>
      <trkpt lat="46.519033" lon="10.407037"><ele>0</ele></trkpt>
      <trkpt lat="46.519014" lon="10.407029"><ele>0</ele></trkpt>
      <trkpt lat="46.518991" lon="10.407026"><ele>0</ele></trkpt>
      <trkpt lat="46.518966" lon="10.407033"><ele>0</ele></trkpt>
      <trkpt lat="46.518942" lon="10.407051"><ele>0</ele></trkpt>
      <trkpt lat="46.518799" lon="10.407182"><ele>0</ele></trkpt>
      <trkpt lat="46.518672" lon="10.407314"><ele>0</ele></trkpt>
      <trkpt lat="46.518341" lon="10.407612"><ele>0</ele></trkpt>
      <trkpt lat="46.518178" lon="10.407735"><ele>0</ele></trkpt>
      <trkpt lat="46.518076" lon="10.407790"><ele>0</ele></trkpt>
      <trkpt lat="46.517874" lon="10.407884"><ele>0</ele></trkpt>
      <trkpt lat="46.517782" lon="10.407956"><ele>0</ele></trkpt>
      <trkpt lat="46.517725" lon="10.408007"><ele>0</ele></trkpt>
      <trkpt lat="46.517644" lon="10.408165"><ele>0</ele></trkpt>
      <trkpt lat="46.517519" lon="10.408439"><ele>0</ele></trkpt>
      <trkpt lat="46.517447" lon="10.408567"><ele>0</ele></trkpt>
      <trkpt lat="46.517388" lon="10.408655"><ele>0</ele></trkpt>
      <trkpt lat="46.517318" lon="10.408726"><ele>0</ele></trkpt>
      <trkpt lat="46.517107" lon="10.408854"><ele>0</ele></trkpt>
      <trkpt lat="46.516999" lon="10.408901"><ele>0</ele></trkpt>
      <trkpt lat="46.516902" lon="10.408917"><ele>0</ele></trkpt>
      <trkpt lat="46.516722" lon="10.408951"><ele>0</ele></trkpt>
      <trkpt lat="46.516497" lon="10.408993"><ele>0</ele></trkpt>
      <trkpt lat="46.516213" lon="10.409071"><ele>0</ele></trkpt>
      <trkpt lat="46.516106" lon="10.409108"><ele>0</ele></trkpt>
      <trkpt lat="46.516053" lon="10.409123"><ele>0</ele></trkpt>
      <trkpt lat="46.516012" lon="10.409154"><ele>0</ele></trkpt>
      <trkpt lat="46.515976" lon="10.409192"><ele>0</ele></trkpt>
      <trkpt lat="46.515945" lon="10.409225"><ele>0</ele></trkpt>
      <trkpt lat="46.515916" lon="10.409258"><ele>0</ele></trkpt>
      <trkpt lat="46.515898" lon="10.409271"><ele>0</ele></trkpt>
      <trkpt lat="46.515873" lon="10.409280"><ele>0</ele></trkpt>
      <trkpt lat="46.515851" lon="10.409274"><ele>0</ele></trkpt>
      <trkpt lat="46.515827" lon="10.409254"><ele>0</ele></trkpt>
      <trkpt lat="46.515810" lon="10.409233"><ele>0</ele></trkpt>
      <trkpt lat="46.515806" lon="10.409198"><ele>0</ele></trkpt>
      <trkpt lat="46.515807" lon="10.409171"><ele>0</ele></trkpt>
      <trkpt lat="46.515814" lon="10.409144"><ele>0</ele></trkpt>
      <trkpt lat="46.515827" lon="10.409123"><ele>0</ele></trkpt>
      <trkpt lat="46.515848" lon="10.409105"><ele>0</ele></trkpt>
      <trkpt lat="46.515882" lon="10.409079"><ele>0</ele></trkpt>
      <trkpt lat="46.516569" lon="10.408606"><ele>0</ele></trkpt>
      <trkpt lat="46.516957" lon="10.408343"><ele>0</ele></trkpt>
      <trkpt lat="46.517032" lon="10.408279"><ele>0</ele></trkpt>
      <trkpt lat="46.517065" lon="10.408241"><ele>0</ele></trkpt>
      <trkpt lat="46.517093" lon="10.408194"><ele>0</ele></trkpt>
      <trkpt lat="46.517129" lon="10.408108"><ele>0</ele></trkpt>
      <trkpt lat="46.517161" lon="10.408009"><ele>0</ele></trkpt>
      <trkpt lat="46.517299" lon="10.407444"><ele>0</ele></trkpt>
      <trkpt lat="46.517423" lon="10.407098"><ele>0</ele></trkpt>
      <trkpt lat="46.517531" lon="10.406801"><ele>0</ele></trkpt>
      <trkpt lat="46.517618" lon="10.406603"><ele>0</ele></trkpt>
      <trkpt lat="46.517642" lon="10.406540"><ele>0</ele></trkpt>
      <trkpt lat="46.517647" lon="10.406503"><ele>0</ele></trkpt>
      <trkpt lat="46.517641" lon="10.406469"><ele>0</ele></trkpt>
      <trkpt lat="46.517622" lon="10.406438"><ele>0</ele></trkpt>
      <trkpt lat="46.517596" lon="10.406421"><ele>0</ele></trkpt>
      <trkpt lat="46.517570" lon="10.406424"><ele>0</ele></trkpt>
      <trkpt lat="46.517552" lon="10.406436"><ele>0</ele></trkpt>
      <trkpt lat="46.517542" lon="10.406456"><ele>0</ele></trkpt>
      <trkpt lat="46.517529" lon="10.406485"><ele>0</ele></trkpt>
      <trkpt lat="46.517507" lon="10.406556"><ele>0</ele></trkpt>
      <trkpt lat="46.517475" lon="10.406664"><ele>0</ele></trkpt>
      <trkpt lat="46.517410" lon="10.406827"><ele>0</ele></trkpt>
      <trkpt lat="46.517275" lon="10.407048"><ele>0</ele></trkpt>
      <trkpt lat="46.517122" lon="10.407289"><ele>0</ele></trkpt>
      <trkpt lat="46.516884" lon="10.407680"><ele>0</ele></trkpt>
      <trkpt lat="46.516801" lon="10.407743"><ele>0</ele></trkpt>
      <trkpt lat="46.516623" lon="10.407786"><ele>0</ele></trkpt>
      <trkpt lat="46.516299" lon="10.407850"><ele>0</ele></trkpt>
      <trkpt lat="46.515889" lon="10.407917"><ele>0</ele></trkpt>
      <trkpt lat="46.515780" lon="10.407953"><ele>0</ele></trkpt>
      <trkpt lat="46.515710" lon="10.407993"><ele>0</ele></trkpt>
      <trkpt lat="46.515637" lon="10.408052"><ele>0</ele></trkpt>
      <trkpt lat="46.515553" lon="10.408109"><ele>0</ele></trkpt>
      <trkpt lat="46.515524" lon="10.408128"><ele>0</ele></trkpt>
      <trkpt lat="46.515493" lon="10.408133"><ele>0</ele></trkpt>
      <trkpt lat="46.515466" lon="10.408116"><ele>0</ele></trkpt>
      <trkpt lat="46.515450" lon="10.408085"><ele>0</ele></trkpt>
      <trkpt lat="46.515446" lon="10.408058"><ele>0</ele></trkpt>
      <trkpt lat="46.515449" lon="10.408021"><ele>0</ele></trkpt>
      <trkpt lat="46.515469" lon="10.407989"><ele>0</ele></trkpt>
      <trkpt lat="46.515502" lon="10.407958"><ele>0</ele></trkpt>
      <trkpt lat="46.515569" lon="10.407910"><ele>0</ele></trkpt>
      <trkpt lat="46.515763" lon="10.407790"><ele>0</ele></trkpt>
      <trkpt lat="46.516160" lon="10.407521"><ele>0</ele></trkpt>
      <trkpt lat="46.516330" lon="10.407392"><ele>0</ele></trkpt>
      <trkpt lat="46.516475" lon="10.407256"><ele>0</ele></trkpt>
      <trkpt lat="46.516583" lon="10.407089"><ele>0</ele></trkpt>
      <trkpt lat="46.516759" lon="10.406756"><ele>0</ele></trkpt>
      <trkpt lat="46.516931" lon="10.406526"><ele>0</ele></trkpt>
      <trkpt lat="46.516955" lon="10.406497"><ele>0</ele></trkpt>
      <trkpt lat="46.516967" lon="10.406466"><ele>0</ele></trkpt>
      <trkpt lat="46.516966" lon="10.406433"><ele>0</ele></trkpt>
      <trkpt lat="46.516956" lon="10.406404"><ele>0</ele></trkpt>
      <trkpt lat="46.516941" lon="10.406384"><ele>0</ele></trkpt>
      <trkpt lat="46.516919" lon="10.406372"><ele>0</ele></trkpt>
      <trkpt lat="46.516894" lon="10.406374"><ele>0</ele></trkpt>
      <trkpt lat="46.516870" lon="10.406388"><ele>0</ele></trkpt>
      <trkpt lat="46.516724" lon="10.406586"><ele>0</ele></trkpt>
      <trkpt lat="46.516617" lon="10.406703"><ele>0</ele></trkpt>
      <trkpt lat="46.516384" lon="10.406888"><ele>0</ele></trkpt>
      <trkpt lat="46.516304" lon="10.406933"><ele>0</ele></trkpt>
      <trkpt lat="46.516227" lon="10.406958"><ele>0</ele></trkpt>
      <trkpt lat="46.516047" lon="10.406995"><ele>0</ele></trkpt>
      <trkpt lat="46.515614" lon="10.407085"><ele>0</ele></trkpt>
      <trkpt lat="46.515368" lon="10.407153"><ele>0</ele></trkpt>
      <trkpt lat="46.515092" lon="10.407255"><ele>0</ele></trkpt>
      <trkpt lat="46.515038" lon="10.407269"><ele>0</ele></trkpt>
      <trkpt lat="46.515007" lon="10.407252"><ele>0</ele></trkpt>
      <trkpt lat="46.514989" lon="10.407222"><ele>0</ele></trkpt>
      <trkpt lat="46.514982" lon="10.407177"><ele>0</ele></trkpt>
      <trkpt lat="46.514989" lon="10.407134"><ele>0</ele></trkpt>
      <trkpt lat="46.515009" lon="10.407101"><ele>0</ele></trkpt>
      <trkpt lat="46.515150" lon="10.407041"><ele>0</ele></trkpt>
      <trkpt lat="46.515327" lon="10.406930"><ele>0</ele></trkpt>
      <trkpt lat="46.515677" lon="10.406621"><ele>0</ele></trkpt>
      <trkpt lat="46.515965" lon="10.406372"><ele>0</ele></trkpt>
      <trkpt lat="46.516216" lon="10.406178"><ele>0</ele></trkpt>
      <trkpt lat="46.516285" lon="10.406138"><ele>0</ele></trkpt>
      <trkpt lat="46.516306" lon="10.406117"><ele>0</ele></trkpt>
      <trkpt lat="46.516318" lon="10.406095"><ele>0</ele></trkpt>
      <trkpt lat="46.516321" lon="10.406066"><ele>0</ele></trkpt>
      <trkpt lat="46.516317" lon="10.406033"><ele>0</ele></trkpt>
      <trkpt lat="46.516301" lon="10.405999"><ele>0</ele></trkpt>
      <trkpt lat="46.516280" lon="10.405984"><ele>0</ele></trkpt>
      <trkpt lat="46.516254" lon="10.405979"><ele>0</ele></trkpt>
      <trkpt lat="46.516226" lon="10.405992"><ele>0</ele></trkpt>
      <trkpt lat="46.516161" lon="10.406032"><ele>0</ele></trkpt>
      <trkpt lat="46.516019" lon="10.406105"><ele>0</ele></trkpt>
      <trkpt lat="46.515828" lon="10.406165"><ele>0</ele></trkpt>
      <trkpt lat="46.515428" lon="10.406239"><ele>0</ele></trkpt>
      <trkpt lat="46.515254" lon="10.406290"><ele>0</ele></trkpt>
      <trkpt lat="46.515223" lon="10.406288"><ele>0</ele></trkpt>
      <trkpt lat="46.515199" lon="10.406280"><ele>0</ele></trkpt>
      <trkpt lat="46.515179" lon="10.406253"><ele>0</ele></trkpt>
      <trkpt lat="46.515171" lon="10.406220"><ele>0</ele></trkpt>
      <trkpt lat="46.515169" lon="10.406189"><ele>0</ele></trkpt>
      <trkpt lat="46.515174" lon="10.406162"><ele>0</ele></trkpt>
      <trkpt lat="46.515188" lon="10.406131"><ele>0</ele></trkpt>
      <trkpt lat="46.515209" lon="10.406112"><ele>0</ele></trkpt>
      <trkpt lat="46.515563" lon="10.405929"><ele>0</ele></trkpt>
      <trkpt lat="46.515803" lon="10.405790"><ele>0</ele></trkpt>
      <trkpt lat="46.515831" lon="10.405754"><ele>0</ele></trkpt>
      <trkpt lat="46.515839" lon="10.405726"><ele>0</ele></trkpt>
      <trkpt lat="46.515839" lon="10.405694"><ele>0</ele></trkpt>
      <trkpt lat="46.515829" lon="10.405662"><ele>0</ele></trkpt>
      <trkpt lat="46.515810" lon="10.405633"><ele>0</ele></trkpt>
      <trkpt lat="46.515789" lon="10.405625"><ele>0</ele></trkpt>
      <trkpt lat="46.515717" lon="10.405625"><ele>0</ele></trkpt>
      <trkpt lat="46.515584" lon="10.405653"><ele>0</ele></trkpt>
      <trkpt lat="46.515402" lon="10.405682"><ele>0</ele></trkpt>
      <trkpt lat="46.515272" lon="10.405705"><ele>0</ele></trkpt>
      <trkpt lat="46.515140" lon="10.405700"><ele>0</ele></trkpt>
      <trkpt lat="46.515044" lon="10.405678"><ele>0</ele></trkpt>
      <trkpt lat="46.514962" lon="10.405624"><ele>0</ele></trkpt>
      <trkpt lat="46.514896" lon="10.405569"><ele>0</ele></trkpt>
      <trkpt lat="46.514838" lon="10.405480"><ele>0</ele></trkpt>
      <trkpt lat="46.514762" lon="10.405346"><ele>0</ele></trkpt>
      <trkpt lat="46.514481" lon="10.404838"><ele>0</ele></trkpt>
      <trkpt lat="46.514108" lon="10.404211"><ele>0</ele></trkpt>
      <trkpt lat="46.513897" lon="10.403842"><ele>0</ele></trkpt>
      <trkpt lat="46.513704" lon="10.403553"><ele>0</ele></trkpt>
      <trkpt lat="46.513554" lon="10.403424"><ele>0</ele></trkpt>
      <trkpt lat="46.513532" lon="10.403361"><ele>0</ele></trkpt>
      <trkpt lat="46.513538" lon="10.403293"><ele>0</ele></trkpt>
      <trkpt lat="46.513552" lon="10.403250"><ele>0</ele></trkpt>
      <trkpt lat="46.513578" lon="10.403228"><ele>0</ele></trkpt>
      <trkpt lat="46.513620" lon="10.403230"><ele>0</ele></trkpt>
      <trkpt lat="46.513661" lon="10.403266"><ele>0</ele></trkpt>
      <trkpt lat="46.513806" lon="10.403533"><ele>0</ele></trkpt>
      <trkpt lat="46.513939" lon="10.403755"><ele>0</ele></trkpt>
      <trkpt lat="46.514085" lon="10.403877"><ele>0</ele></trkpt>
      <trkpt lat="46.514195" lon="10.403939"><ele>0</ele></trkpt>
      <trkpt lat="46.514351" lon="10.404000"><ele>0</ele></trkpt>
      <trkpt lat="46.514507" lon="10.404078"><ele>0</ele></trkpt>
      <trkpt lat="46.514611" lon="10.404125"><ele>0</ele></trkpt>
      <trkpt lat="46.514637" lon="10.404132"><ele>0</ele></trkpt>
      <trkpt lat="46.514659" lon="10.404114"><ele>0</ele></trkpt>
      <trkpt lat="46.514675" lon="10.404089"><ele>0</ele></trkpt>
      <trkpt lat="46.514685" lon="10.404046"><ele>0</ele></trkpt>
      <trkpt lat="46.514688" lon="10.404010"><ele>0</ele></trkpt>
      <trkpt lat="46.514680" lon="10.403979"><ele>0</ele></trkpt>
      <trkpt lat="46.514667" lon="10.403949"><ele>0</ele></trkpt>
      <trkpt lat="46.514629" lon="10.403927"><ele>0</ele></trkpt>
      <trkpt lat="46.514560" lon="10.403903"><ele>0</ele></trkpt>
      <trkpt lat="46.514439" lon="10.403855"><ele>0</ele></trkpt>
      <trkpt lat="46.514332" lon="10.403782"><ele>0</ele></trkpt>
      <trkpt lat="46.514227" lon="10.403706"><ele>0</ele></trkpt>
      <trkpt lat="46.514162" lon="10.403635"><ele>0</ele></trkpt>
      <trkpt lat="46.514107" lon="10.403559"><ele>0</ele></trkpt>
      <trkpt lat="46.514042" lon="10.403449"><ele>0</ele></trkpt>
      <trkpt lat="46.513956" lon="10.403217"><ele>0</ele></trkpt>
      <trkpt lat="46.513831" lon="10.402922"><ele>0</ele></trkpt>
      <trkpt lat="46.513783" lon="10.402807"><ele>0</ele></trkpt>
      <trkpt lat="46.513701" lon="10.402705"><ele>0</ele></trkpt>
      <trkpt lat="46.513519" lon="10.402499"><ele>0</ele></trkpt>
      <trkpt lat="46.513279" lon="10.402241"><ele>0</ele></trkpt>
      <trkpt lat="46.513233" lon="10.402189"><ele>0</ele></trkpt>
      <trkpt lat="46.513210" lon="10.402150"><ele>0</ele></trkpt>
      <trkpt lat="46.513206" lon="10.402115"><ele>0</ele></trkpt>
      <trkpt lat="46.513209" lon="10.402078"><ele>0</ele></trkpt>
      <trkpt lat="46.513218" lon="10.402035"><ele>0</ele></trkpt>
      <trkpt lat="46.513233" lon="10.402005"><ele>0</ele></trkpt>
      <trkpt lat="46.513259" lon="10.401981"><ele>0</ele></trkpt>
      <trkpt lat="46.513286" lon="10.401981"><ele>0</ele></trkpt>
      <trkpt lat="46.513317" lon="10.402000"><ele>0</ele></trkpt>
      <trkpt lat="46.513359" lon="10.402056"><ele>0</ele></trkpt>
      <trkpt lat="46.513520" lon="10.402257"><ele>0</ele></trkpt>
      <trkpt lat="46.513766" lon="10.402484"><ele>0</ele></trkpt>
      <trkpt lat="46.513941" lon="10.402638"><ele>0</ele></trkpt>
      <trkpt lat="46.514141" lon="10.402772"><ele>0</ele></trkpt>
      <trkpt lat="46.514291" lon="10.402826"><ele>0</ele></trkpt>
      <trkpt lat="46.514358" lon="10.402838"><ele>0</ele></trkpt>
      <trkpt lat="46.514388" lon="10.402833"><ele>0</ele></trkpt>
      <trkpt lat="46.514411" lon="10.402825"><ele>0</ele></trkpt>
      <trkpt lat="46.514430" lon="10.402810"><ele>0</ele></trkpt>
      <trkpt lat="46.514447" lon="10.402788"><ele>0</ele></trkpt>
      <trkpt lat="46.514460" lon="10.402766"><ele>0</ele></trkpt>
      <trkpt lat="46.514470" lon="10.402743"><ele>0</ele></trkpt>
      <trkpt lat="46.514472" lon="10.402722"><ele>0</ele></trkpt>
      <trkpt lat="46.514471" lon="10.402705"><ele>0</ele></trkpt>
      <trkpt lat="46.514465" lon="10.402683"><ele>0</ele></trkpt>
      <trkpt lat="46.514456" lon="10.402669"><ele>0</ele></trkpt>
      <trkpt lat="46.514440" lon="10.402649"><ele>0</ele></trkpt>
      <trkpt lat="46.514409" lon="10.402611"><ele>0</ele></trkpt>
      <trkpt lat="46.514273" lon="10.402459"><ele>0</ele></trkpt>
      <trkpt lat="46.514125" lon="10.402277"><ele>0</ele></trkpt>
      <trkpt lat="46.513894" lon="10.401908"><ele>0</ele></trkpt>
      <trkpt lat="46.513644" lon="10.401612"><ele>0</ele></trkpt>
      <trkpt lat="46.513440" lon="10.401384"><ele>0</ele></trkpt>
      <trkpt lat="46.513314" lon="10.401183"><ele>0</ele></trkpt>
      <trkpt lat="46.513217" lon="10.400895"><ele>0</ele></trkpt>
      <trkpt lat="46.513095" lon="10.400404"><ele>0</ele></trkpt>
      <trkpt lat="46.513003" lon="10.400134"><ele>0</ele></trkpt>
      <trkpt lat="46.512818" lon="10.399683"><ele>0</ele></trkpt>
      <trkpt lat="46.512575" lon="10.399138"><ele>0</ele></trkpt>
      <trkpt lat="46.512368" lon="10.398714"><ele>0</ele></trkpt>
      <trkpt lat="46.512267" lon="10.398557"><ele>0</ele></trkpt>
      <trkpt lat="46.512138" lon="10.398431"><ele>0</ele></trkpt>
      <trkpt lat="46.511958" lon="10.398267"><ele>0</ele></trkpt>
      <trkpt lat="46.511820" lon="10.398089"><ele>0</ele></trkpt>
      <trkpt lat="46.511574" lon="10.397523"><ele>0</ele></trkpt>
      <trkpt lat="46.511568" lon="10.397506"><ele>0</ele></trkpt>
      <trkpt lat="46.511552" lon="10.397461"><ele>0</ele></trkpt>
      <trkpt lat="46.511527" lon="10.397393"><ele>0</ele></trkpt>
      <trkpt lat="46.511498" lon="10.397310"><ele>0</ele></trkpt>
      <trkpt lat="46.511465" lon="10.397219"><ele>0</ele></trkpt>
      <trkpt lat="46.511431" lon="10.397126"><ele>0</ele></trkpt>
      <trkpt lat="46.511398" lon="10.397037"><ele>0</ele></trkpt>
      <trkpt lat="46.511370" lon="10.396961"><ele>0</ele></trkpt>
      <trkpt lat="46.511347" lon="10.396903"><ele>0</ele></trkpt>
      <trkpt lat="46.511333" lon="10.396870"><ele>0</ele></trkpt>
      <trkpt lat="46.511318" lon="10.396848"><ele>0</ele></trkpt>
      <trkpt lat="46.511293" lon="10.396819"><ele>0</ele></trkpt>
      <trkpt lat="46.511259" lon="10.396785"><ele>0</ele></trkpt>
      <trkpt lat="46.511221" lon="10.396747"><ele>0</ele></trkpt>
      <trkpt lat="46.511180" lon="10.396708"><ele>0</ele></trkpt>
      <trkpt lat="46.511138" lon="10.396670"><ele>0</ele></trkpt>
      <trkpt lat="46.511099" lon="10.396636"><ele>0</ele></trkpt>
      <trkpt lat="46.511065" lon="10.396606"><ele>0</ele></trkpt>
      <trkpt lat="46.511039" lon="10.396583"><ele>0</ele></trkpt>
      <trkpt lat="46.511023" lon="10.396570"><ele>0</ele></trkpt>
      <trkpt lat="46.511008" lon="10.396556"><ele>0</ele></trkpt>
      <trkpt lat="46.510983" lon="10.396533"><ele>0</ele></trkpt>
      <trkpt lat="46.510952" lon="10.396500"><ele>0</ele></trkpt>
      <trkpt lat="46.510914" lon="10.396459"><ele>0</ele></trkpt>
      <trkpt lat="46.510874" lon="10.396412"><ele>0</ele></trkpt>
      <trkpt lat="46.510832" lon="10.396361"><ele>0</ele></trkpt>
      <trkpt lat="46.510792" lon="10.396305"><ele>0</ele></trkpt>
      <trkpt lat="46.510754" lon="10.396247"><ele>0</ele></trkpt>
      <trkpt lat="46.510721" lon="10.396189"><ele>0</ele></trkpt>
      <trkpt lat="46.510695" lon="10.396130"><ele>0</ele></trkpt>
      <trkpt lat="46.510674" lon="10.396075"><ele>0</ele></trkpt>
      <trkpt lat="46.510657" lon="10.396025"><ele>0</ele></trkpt>
      <trkpt lat="46.510643" lon="10.395977"><ele>0</ele></trkpt>
      <trkpt lat="46.510631" lon="10.395929"><ele>0</ele></trkpt>
      <trkpt lat="46.510622" lon="10.395881"><ele>0</ele></trkpt>
      <trkpt lat="46.510614" lon="10.395829"><ele>0</ele></trkpt>
      <trkpt lat="46.510609" lon="10.395772"><ele>0</ele></trkpt>
      <trkpt lat="46.510604" lon="10.395708"><ele>0</ele></trkpt>
      <trkpt lat="46.510601" lon="10.395635"><ele>0</ele></trkpt>
      <trkpt lat="46.510599" lon="10.395551"><ele>0</ele></trkpt>
      <trkpt lat="46.510596" lon="10.395473"><ele>0</ele></trkpt>
      <trkpt lat="46.510593" lon="10.395415"><ele>0</ele></trkpt>
      <trkpt lat="46.510590" lon="10.395372"><ele>0</ele></trkpt>
      <trkpt lat="46.510528" lon="10.394749"><ele>0</ele></trkpt>
      <trkpt lat="46.510512" lon="10.394641"><ele>0</ele></trkpt>
      <trkpt lat="46.510495" lon="10.394542"><ele>0</ele></trkpt>
      <trkpt lat="46.510478" lon="10.394453"><ele>0</ele></trkpt>
      <trkpt lat="46.510462" lon="10.394376"><ele>0</ele></trkpt>
      <trkpt lat="46.510447" lon="10.394313"><ele>0</ele></trkpt>
      <trkpt lat="46.510436" lon="10.394266"><ele>0</ele></trkpt>
      <trkpt lat="46.510425" lon="10.394226"><ele>0</ele></trkpt>
      <trkpt lat="46.510382" lon="10.394139"><ele>0</ele></trkpt>
      <trkpt lat="46.510265" lon="10.393906"><ele>0</ele></trkpt>
      <trkpt lat="46.510171" lon="10.393667"><ele>0</ele></trkpt>
      <trkpt lat="46.510086" lon="10.393318"><ele>0</ele></trkpt>
      <trkpt lat="46.509988" lon="10.392956"><ele>0</ele></trkpt>
      <trkpt lat="46.509859" lon="10.392637"><ele>0</ele></trkpt>
      <trkpt lat="46.509817" lon="10.392428"><ele>0</ele></trkpt>
      <trkpt lat="46.509805" lon="10.392164"><ele>0</ele></trkpt>
      <trkpt lat="46.509783" lon="10.392010"><ele>0</ele></trkpt>
      <trkpt lat="46.509736" lon="10.391861"><ele>0</ele></trkpt>
      <trkpt lat="46.509671" lon="10.391705"><ele>0</ele></trkpt>
      <trkpt lat="46.509335" lon="10.391038"><ele>0</ele></trkpt>
      <trkpt lat="46.509322" lon="10.390905"><ele>0</ele></trkpt>
      <trkpt lat="46.509560" lon="10.390125"><ele>0</ele></trkpt>
      <trkpt lat="46.509584" lon="10.390033"><ele>0</ele></trkpt>
      <trkpt lat="46.509596" lon="10.389932"><ele>0</ele></trkpt>
      <trkpt lat="46.509584" lon="10.389619"><ele>0</ele></trkpt>
      <trkpt lat="46.509595" lon="10.389198"><ele>0</ele></trkpt>
      <trkpt lat="46.509569" lon="10.388956"><ele>0</ele></trkpt>
      <trkpt lat="46.509536" lon="10.388712"><ele>0</ele></trkpt>
      <trkpt lat="46.509484" lon="10.388333"><ele>0</ele></trkpt>
      <trkpt lat="46.509390" lon="10.387704"><ele>0</ele></trkpt>
      <trkpt lat="46.509235" lon="10.387193"><ele>0</ele></trkpt>
      <trkpt lat="46.509205" lon="10.386976"><ele>0</ele></trkpt>
      <trkpt lat="46.509191" lon="10.386633"><ele>0</ele></trkpt>
      <trkpt lat="46.509164" lon="10.386305"><ele>0</ele></trkpt>
      <trkpt lat="46.509193" lon="10.385886"><ele>0</ele></trkpt>
      <trkpt lat="46.509251" lon="10.385562"><ele>0</ele></trkpt>
      <trkpt lat="46.509257" lon="10.385353"><ele>0</ele></trkpt>
      <trkpt lat="46.509246" lon="10.385076"><ele>0</ele></trkpt>
      <trkpt lat="46.509217" lon="10.384811"><ele>0</ele></trkpt>
      <trkpt lat="46.509174" lon="10.384578"><ele>0</ele></trkpt>
      <trkpt lat="46.509142" lon="10.384367"><ele>0</ele></trkpt>
      <trkpt lat="46.509143" lon="10.384124"><ele>0</ele></trkpt>
      <trkpt lat="46.509166" lon="10.383834"><ele>0</ele></trkpt>
      <trkpt lat="46.509177" lon="10.383284"><ele>0</ele></trkpt>
      <trkpt lat="46.509225" lon="10.382912"><ele>0</ele></trkpt>
      <trkpt lat="46.509345" lon="10.382523"><ele>0</ele></trkpt>
      <trkpt lat="46.509460" lon="10.382048"><ele>0</ele></trkpt>
      <trkpt lat="46.509529" lon="10.381144"><ele>0</ele></trkpt>
      <trkpt lat="46.509582" lon="10.380257"><ele>0</ele></trkpt>
      <trkpt lat="46.509609" lon="10.379922"><ele>0</ele></trkpt>
      <trkpt lat="46.509627" lon="10.379518"><ele>0</ele></trkpt>
      <trkpt lat="46.509671" lon="10.379253"><ele>0</ele></trkpt>
      <trkpt lat="46.509760" lon="10.379096"><ele>0</ele></trkpt>
      <trkpt lat="46.509886" lon="10.378971"><ele>0</ele></trkpt>
      <trkpt lat="46.509968" lon="10.378815"><ele>0</ele></trkpt>
      <trkpt lat="46.510038" lon="10.378610"><ele>0</ele></trkpt>
      <trkpt lat="46.510080" lon="10.378372"><ele>0</ele></trkpt>
      <trkpt lat="46.510064" lon="10.378125"><ele>0</ele></trkpt>
      <trkpt lat="46.510042" lon="10.377852"><ele>0</ele></trkpt>
      <trkpt lat="46.510034" lon="10.377556"><ele>0</ele></trkpt>
      <trkpt lat="46.509999" lon="10.377384"><ele>0</ele></trkpt>
      <trkpt lat="46.509991" lon="10.377271"><ele>0</ele></trkpt>
      <trkpt lat="46.510004" lon="10.377162"><ele>0</ele></trkpt>
      <trkpt lat="46.510023" lon="10.377041"><ele>0</ele></trkpt>
      <trkpt lat="46.510024" lon="10.376817"><ele>0</ele></trkpt>
      <trkpt lat="46.510003" lon="10.376652"><ele>0</ele></trkpt>
      <trkpt lat="46.509978" lon="10.376553"><ele>0</ele></trkpt>
      <trkpt lat="46.509935" lon="10.376408"><ele>0</ele></trkpt>
      <trkpt lat="46.509804" lon="10.376040"><ele>0</ele></trkpt>
      <trkpt lat="46.509758" lon="10.375900"><ele>0</ele></trkpt>
      <trkpt lat="46.509700" lon="10.375780"><ele>0</ele></trkpt>
      <trkpt lat="46.509664" lon="10.375726"><ele>0</ele></trkpt>
      <trkpt lat="46.509640" lon="10.375694"><ele>0</ele></trkpt>
      <trkpt lat="46.509612" lon="10.375661"><ele>0</ele></trkpt>
      <trkpt lat="46.509596" lon="10.375629"><ele>0</ele></trkpt>
      <trkpt lat="46.509583" lon="10.375599"><ele>0</ele></trkpt>
      <trkpt lat="46.509574" lon="10.375550"><ele>0</ele></trkpt>
      <trkpt lat="46.509574" lon="10.375505"><ele>0</ele></trkpt>
      <trkpt lat="46.509597" lon="10.375467"><ele>0</ele></trkpt>
      <trkpt lat="46.509635" lon="10.375453"><ele>0</ele></trkpt>
      <trkpt lat="46.509666" lon="10.375451"><ele>0</ele></trkpt>
      <trkpt lat="46.509692" lon="10.375476"><ele>0</ele></trkpt>
      <trkpt lat="46.509719" lon="10.375521"><ele>0</ele></trkpt>
      <trkpt lat="46.509819" lon="10.375763"><ele>0</ele></trkpt>
      <trkpt lat="46.509878" lon="10.375855"><ele>0</ele></trkpt>
      <trkpt lat="46.510032" lon="10.376072"><ele>0</ele></trkpt>
      <trkpt lat="46.510060" lon="10.376117"><ele>0</ele></trkpt>
      <trkpt lat="46.510082" lon="10.376178"><ele>0</ele></trkpt>
      <trkpt lat="46.510130" lon="10.376352"><ele>0</ele></trkpt>
      <trkpt lat="46.510186" lon="10.376581"><ele>0</ele></trkpt>
      <trkpt lat="46.510197" lon="10.376622"><ele>0</ele></trkpt>
      <trkpt lat="46.510213" lon="10.376653"><ele>0</ele></trkpt>
      <trkpt lat="46.510228" lon="10.376665"><ele>0</ele></trkpt>
      <trkpt lat="46.510241" lon="10.376672"><ele>0</ele></trkpt>
      <trkpt lat="46.510259" lon="10.376670"><ele>0</ele></trkpt>
      <trkpt lat="46.510273" lon="10.376656"><ele>0</ele></trkpt>
      <trkpt lat="46.510287" lon="10.376623"><ele>0</ele></trkpt>
      <trkpt lat="46.510281" lon="10.376573"><ele>0</ele></trkpt>
      <trkpt lat="46.510259" lon="10.376490"><ele>0</ele></trkpt>
      <trkpt lat="46.510229" lon="10.376373"><ele>0</ele></trkpt>
      <trkpt lat="46.510172" lon="10.376083"><ele>0</ele></trkpt>
      <trkpt lat="46.510155" lon="10.375969"><ele>0</ele></trkpt>
      <trkpt lat="46.510126" lon="10.375874"><ele>0</ele></trkpt>
      <trkpt lat="46.510069" lon="10.375749"><ele>0</ele></trkpt>
      <trkpt lat="46.510014" lon="10.375639"><ele>0</ele></trkpt>
      <trkpt lat="46.509972" lon="10.375585"><ele>0</ele></trkpt>
      <trkpt lat="46.509959" lon="10.375535"><ele>0</ele></trkpt>
      <trkpt lat="46.509960" lon="10.375495"><ele>0</ele></trkpt>
      <trkpt lat="46.509976" lon="10.375460"><ele>0</ele></trkpt>
      <trkpt lat="46.509997" lon="10.375439"><ele>0</ele></trkpt>
      <trkpt lat="46.510023" lon="10.375429"><ele>0</ele></trkpt>
      <trkpt lat="46.510050" lon="10.375444"><ele>0</ele></trkpt>
      <trkpt lat="46.510081" lon="10.375518"><ele>0</ele></trkpt>
      <trkpt lat="46.510175" lon="10.375711"><ele>0</ele></trkpt>
      <trkpt lat="46.510262" lon="10.375914"><ele>0</ele></trkpt>
      <trkpt lat="46.510305" lon="10.376025"><ele>0</ele></trkpt>
      <trkpt lat="46.510340" lon="10.376151"><ele>0</ele></trkpt>
      <trkpt lat="46.510397" lon="10.376401"><ele>0</ele></trkpt>
      <trkpt lat="46.510434" lon="10.376538"><ele>0</ele></trkpt>
      <trkpt lat="46.510452" lon="10.376571"><ele>0</ele></trkpt>
      <trkpt lat="46.510483" lon="10.376590"><ele>0</ele></trkpt>
      <trkpt lat="46.510502" lon="10.376589"><ele>0</ele></trkpt>
      <trkpt lat="46.510523" lon="10.376569"><ele>0</ele></trkpt>
      <trkpt lat="46.510536" lon="10.376543"><ele>0</ele></trkpt>
      <trkpt lat="46.510543" lon="10.376509"><ele>0</ele></trkpt>
      <trkpt lat="46.510541" lon="10.376471"><ele>0</ele></trkpt>
      <trkpt lat="46.510509" lon="10.376380"><ele>0</ele></trkpt>
      <trkpt lat="46.510492" lon="10.376320"><ele>0</ele></trkpt>
      <trkpt lat="46.510457" lon="10.376163"><ele>0</ele></trkpt>
      <trkpt lat="46.510420" lon="10.375828"><ele>0</ele></trkpt>
      <trkpt lat="46.510396" lon="10.375601"><ele>0</ele></trkpt>
      <trkpt lat="46.510374" lon="10.375490"><ele>0</ele></trkpt>
      <trkpt lat="46.510197" lon="10.375075"><ele>0</ele></trkpt>
      <trkpt lat="46.509892" lon="10.374467"><ele>0</ele></trkpt>
      <trkpt lat="46.509818" lon="10.374306"><ele>0</ele></trkpt>
      <trkpt lat="46.509765" lon="10.374130"><ele>0</ele></trkpt>
      <trkpt lat="46.509727" lon="10.373968"><ele>0</ele></trkpt>
      <trkpt lat="46.509703" lon="10.373817"><ele>0</ele></trkpt>
      <trkpt lat="46.509652" lon="10.373401"><ele>0</ele></trkpt>
      <trkpt lat="46.509642" lon="10.373302"><ele>0</ele></trkpt>
      <trkpt lat="46.509640" lon="10.373197"><ele>0</ele></trkpt>
      <trkpt lat="46.509650" lon="10.372778"><ele>0</ele></trkpt>
      <trkpt lat="46.509645" lon="10.372673"><ele>0</ele></trkpt>
      <trkpt lat="46.509638" lon="10.372591"><ele>0</ele></trkpt>
      <trkpt lat="46.509628" lon="10.372516"><ele>0</ele></trkpt>
      <trkpt lat="46.509618" lon="10.372470"><ele>0</ele></trkpt>
      <trkpt lat="46.509591" lon="10.372399"><ele>0</ele></trkpt>
      <trkpt lat="46.509448" lon="10.372185"><ele>0</ele></trkpt>
      <trkpt lat="46.509340" lon="10.372034"><ele>0</ele></trkpt>
      <trkpt lat="46.509306" lon="10.371984"><ele>0</ele></trkpt>
      <trkpt lat="46.509214" lon="10.371849"><ele>0</ele></trkpt>
      <trkpt lat="46.509065" lon="10.371613"><ele>0</ele></trkpt>
      <trkpt lat="46.508981" lon="10.371490"><ele>0</ele></trkpt>
      <trkpt lat="46.508928" lon="10.371426"><ele>0</ele></trkpt>
      <trkpt lat="46.508886" lon="10.371377"><ele>0</ele></trkpt>
      <trkpt lat="46.508801" lon="10.371314"><ele>0</ele></trkpt>
      <trkpt lat="46.508509" lon="10.371247"><ele>0</ele></trkpt>
      <trkpt lat="46.507976" lon="10.370982"><ele>0</ele></trkpt>
      <trkpt lat="46.507897" lon="10.370884"><ele>0</ele></trkpt>
      <trkpt lat="46.507836" lon="10.370774"><ele>0</ele></trkpt>
      <trkpt lat="46.507795" lon="10.370622"><ele>0</ele></trkpt>
      <trkpt lat="46.507774" lon="10.370468"><ele>0</ele></trkpt>
      <trkpt lat="46.507821" lon="10.370200"><ele>0</ele></trkpt>
      <trkpt lat="46.507873" lon="10.370087"><ele>0</ele></trkpt>
      <trkpt lat="46.507956" lon="10.369906"><ele>0</ele></trkpt>
      <trkpt lat="46.507972" lon="10.369828"><ele>0</ele></trkpt>
      <trkpt lat="46.507968" lon="10.369782"><ele>0</ele></trkpt>
      <trkpt lat="46.507956" lon="10.369741"><ele>0</ele></trkpt>
      <trkpt lat="46.507880" lon="10.369551"><ele>0</ele></trkpt>
      <trkpt lat="46.507855" lon="10.369456"><ele>0</ele></trkpt>
      <trkpt lat="46.507827" lon="10.369344"><ele>0</ele></trkpt>
      <trkpt lat="46.507756" lon="10.369076"><ele>0</ele></trkpt>
      <trkpt lat="46.507715" lon="10.368967"><ele>0</ele></trkpt>
      <trkpt lat="46.507614" lon="10.368742"><ele>0</ele></trkpt>
      <trkpt lat="46.507600" lon="10.368681"><ele>0</ele></trkpt>
      <trkpt lat="46.507590" lon="10.368601"><ele>0</ele></trkpt>
      <trkpt lat="46.507615" lon="10.367768"><ele>0</ele></trkpt>
      <trkpt lat="46.507617" lon="10.367680"><ele>0</ele></trkpt>
      <trkpt lat="46.507593" lon="10.367588"><ele>0</ele></trkpt>
      <trkpt lat="46.507549" lon="10.367500"><ele>0</ele></trkpt>
      <trkpt lat="46.506871" lon="10.366080"><ele>0</ele></trkpt>
      <trkpt lat="46.506700" lon="10.365829"><ele>0</ele></trkpt>
      <trkpt lat="46.506687" lon="10.365793"><ele>0</ele></trkpt>
      <trkpt lat="46.506682" lon="10.365770"><ele>0</ele></trkpt>
      <trkpt lat="46.506683" lon="10.365738"><ele>0</ele></trkpt>
      <trkpt lat="46.506686" lon="10.365719"><ele>0</ele></trkpt>
      <trkpt lat="46.506697" lon="10.365700"><ele>0</ele></trkpt>
      <trkpt lat="46.506711" lon="10.365685"><ele>0</ele></trkpt>
      <trkpt lat="46.506726" lon="10.365679"><ele>0</ele></trkpt>
      <trkpt lat="46.506740" lon="10.365680"><ele>0</ele></trkpt>
      <trkpt lat="46.506755" lon="10.365687"><ele>0</ele></trkpt>
      <trkpt lat="46.506776" lon="10.365706"><ele>0</ele></trkpt>
      <trkpt lat="46.507115" lon="10.366266"><ele>0</ele></trkpt>
      <trkpt lat="46.507474" lon="10.366680"><ele>0</ele></trkpt>
      <trkpt lat="46.507607" lon="10.366891"><ele>0</ele></trkpt>
      <trkpt lat="46.507623" lon="10.366915"><ele>0</ele></trkpt>
      <trkpt lat="46.507640" lon="10.366930"><ele>0</ele></trkpt>
      <trkpt lat="46.507656" lon="10.366940"><ele>0</ele></trkpt>
      <trkpt lat="46.507671" lon="10.366945"><ele>0</ele></trkpt>
      <trkpt lat="46.507688" lon="10.366945"><ele>0</ele></trkpt>
      <trkpt lat="46.507699" lon="10.366940"><ele>0</ele></trkpt>
      <trkpt lat="46.507713" lon="10.366926"><ele>0</ele></trkpt>
      <trkpt lat="46.507721" lon="10.366909"><ele>0</ele></trkpt>
      <trkpt lat="46.507726" lon="10.366894"><ele>0</ele></trkpt>
      <trkpt lat="46.507729" lon="10.366876"><ele>0</ele></trkpt>
      <trkpt lat="46.507730" lon="10.366857"><ele>0</ele></trkpt>
      <trkpt lat="46.507726" lon="10.366834"><ele>0</ele></trkpt>
      <trkpt lat="46.507721" lon="10.366814"><ele>0</ele></trkpt>
      <trkpt lat="46.507710" lon="10.366790"><ele>0</ele></trkpt>
      <trkpt lat="46.507694" lon="10.366767"><ele>0</ele></trkpt>
      <trkpt lat="46.507651" lon="10.366720"><ele>0</ele></trkpt>
      <trkpt lat="46.507590" lon="10.366659"><ele>0</ele></trkpt>
      <trkpt lat="46.507510" lon="10.366549"><ele>0</ele></trkpt>
      <trkpt lat="46.507219" lon="10.366064"><ele>0</ele></trkpt>
      <trkpt lat="46.506937" lon="10.365467"><ele>0</ele></trkpt>
      <trkpt lat="46.506817" lon="10.365239"><ele>0</ele></trkpt>
      <trkpt lat="46.506713" lon="10.365016"><ele>0</ele></trkpt>
      <trkpt lat="46.506678" lon="10.364944"><ele>0</ele></trkpt>
      <trkpt lat="46.506642" lon="10.364880"><ele>0</ele></trkpt>
      <trkpt lat="46.506557" lon="10.364761"><ele>0</ele></trkpt>
      <trkpt lat="46.506476" lon="10.364657"><ele>0</ele></trkpt>
      <trkpt lat="46.506415" lon="10.364565"><ele>0</ele></trkpt>
      <trkpt lat="46.506358" lon="10.364468"><ele>0</ele></trkpt>
      <trkpt lat="46.506309" lon="10.364355"><ele>0</ele></trkpt>
      <trkpt lat="46.506265" lon="10.364234"><ele>0</ele></trkpt>
      <trkpt lat="46.506223" lon="10.364101"><ele>0</ele></trkpt>
      <trkpt lat="46.506193" lon="10.364004"><ele>0</ele></trkpt>
      <trkpt lat="46.505768" lon="10.362778"><ele>0</ele></trkpt>
      <trkpt lat="46.505651" lon="10.362401"><ele>0</ele></trkpt>
      <trkpt lat="46.505548" lon="10.362122"><ele>0</ele></trkpt>
      <trkpt lat="46.505468" lon="10.361932"><ele>0</ele></trkpt>
      <trkpt lat="46.505381" lon="10.361750"><ele>0</ele></trkpt>
      <trkpt lat="46.505093" lon="10.361252"><ele>0</ele></trkpt>
      <trkpt lat="46.504726" lon="10.360580"><ele>0</ele></trkpt>
      <trkpt lat="46.504620" lon="10.360433"><ele>0</ele></trkpt>
      <trkpt lat="46.504511" lon="10.360294"><ele>0</ele></trkpt>
      <trkpt lat="46.504501" lon="10.360265"><ele>0</ele></trkpt>
      <trkpt lat="46.504495" lon="10.360237"><ele>0</ele></trkpt>
      <trkpt lat="46.504494" lon="10.360220"><ele>0</ele></trkpt>
      <trkpt lat="46.504496" lon="10.360198"><ele>0</ele></trkpt>
      <trkpt lat="46.504499" lon="10.360178"><ele>0</ele></trkpt>
      <trkpt lat="46.504506" lon="10.360164"><ele>0</ele></trkpt>
      <trkpt lat="46.504520" lon="10.360147"><ele>0</ele></trkpt>
      <trkpt lat="46.504532" lon="10.360139"><ele>0</ele></trkpt>
      <trkpt lat="46.504546" lon="10.360134"><ele>0</ele></trkpt>
      <trkpt lat="46.504560" lon="10.360133"><ele>0</ele></trkpt>
      <trkpt lat="46.504576" lon="10.360135"><ele>0</ele></trkpt>
      <trkpt lat="46.504589" lon="10.360144"><ele>0</ele></trkpt>
      <trkpt lat="46.504622" lon="10.360183"><ele>0</ele></trkpt>
      <trkpt lat="46.504738" lon="10.360329"><ele>0</ele></trkpt>
      <trkpt lat="46.505044" lon="10.360680"><ele>0</ele></trkpt>
      <trkpt lat="46.505203" lon="10.360853"><ele>0</ele></trkpt>
      <trkpt lat="46.505364" lon="10.361049"><ele>0</ele></trkpt>
      <trkpt lat="46.505514" lon="10.361264"><ele>0</ele></trkpt>
      <trkpt lat="46.505539" lon="10.361297"><ele>0</ele></trkpt>
      <trkpt lat="46.505552" lon="10.361307"><ele>0</ele></trkpt>
      <trkpt lat="46.505567" lon="10.361309"><ele>0</ele></trkpt>
      <trkpt lat="46.505583" lon="10.361306"><ele>0</ele></trkpt>
      <trkpt lat="46.505594" lon="10.361303"><ele>0</ele></trkpt>
      <trkpt lat="46.505604" lon="10.361295"><ele>0</ele></trkpt>
      <trkpt lat="46.505613" lon="10.361286"><ele>0</ele></trkpt>
      <trkpt lat="46.505621" lon="10.361271"><ele>0</ele></trkpt>
      <trkpt lat="46.505627" lon="10.361251"><ele>0</ele></trkpt>
      <trkpt lat="46.505629" lon="10.361233"><ele>0</ele></trkpt>
      <trkpt lat="46.505629" lon="10.361212"><ele>0</ele></trkpt>
      <trkpt lat="46.505626" lon="10.361191"><ele>0</ele></trkpt>
      <trkpt lat="46.505622" lon="10.361172"><ele>0</ele></trkpt>
      <trkpt lat="46.505596" lon="10.361125"><ele>0</ele></trkpt>
      <trkpt lat="46.505124" lon="10.360464"><ele>0</ele></trkpt>
      <trkpt lat="46.504868" lon="10.360106"><ele>0</ele></trkpt>
      <trkpt lat="46.504714" lon="10.359889"><ele>0</ele></trkpt>
      <trkpt lat="46.504430" lon="10.359362"><ele>0</ele></trkpt>
      <trkpt lat="46.504131" lon="10.358787"><ele>0</ele></trkpt>
      <trkpt lat="46.503332" lon="10.357187"><ele>0</ele></trkpt>
      <trkpt lat="46.503280" lon="10.357066"><ele>0</ele></trkpt>
      <trkpt lat="46.503260" lon="10.356955"><ele>0</ele></trkpt>
      <trkpt lat="46.503251" lon="10.356902"><ele>0</ele></trkpt>
      <trkpt lat="46.503233" lon="10.356716"><ele>0</ele></trkpt>
      <trkpt lat="46.503221" lon="10.356663"><ele>0</ele></trkpt>
      <trkpt lat="46.503201" lon="10.356610"><ele>0</ele></trkpt>
      <trkpt lat="46.503165" lon="10.356556"><ele>0</ele></trkpt>
      <trkpt lat="46.503102" lon="10.356494"><ele>0</ele></trkpt>
      <trkpt lat="46.503016" lon="10.356435"><ele>0</ele></trkpt>
      <trkpt lat="46.502917" lon="10.356392"><ele>0</ele></trkpt>
      <trkpt lat="46.502816" lon="10.356364"><ele>0</ele></trkpt>
      <trkpt lat="46.502689" lon="10.356337"><ele>0</ele></trkpt>
      <trkpt lat="46.502595" lon="10.356332"><ele>0</ele></trkpt>
      <trkpt lat="46.502553" lon="10.356338"><ele>0</ele></trkpt>
      <trkpt lat="46.502505" lon="10.356371"><ele>0</ele></trkpt>
      <trkpt lat="46.502403" lon="10.356445"><ele>0</ele></trkpt>
      <trkpt lat="46.502202" lon="10.356616"><ele>0</ele></trkpt>
      <trkpt lat="46.502106" lon="10.356678"><ele>0</ele></trkpt>
      <trkpt lat="46.501994" lon="10.356727"><ele>0</ele></trkpt>
      <trkpt lat="46.501866" lon="10.356765"><ele>0</ele></trkpt>
      <trkpt lat="46.501768" lon="10.356781"><ele>0</ele></trkpt>
      <trkpt lat="46.501661" lon="10.356790"><ele>0</ele></trkpt>
      <trkpt lat="46.501466" lon="10.356782"><ele>0</ele></trkpt>
      <trkpt lat="46.501299" lon="10.356767"><ele>0</ele></trkpt>
      <trkpt lat="46.501081" lon="10.356726"><ele>0</ele></trkpt>
      <trkpt lat="46.500877" lon="10.356675"><ele>0</ele></trkpt>
      <trkpt lat="46.500689" lon="10.356654"><ele>0</ele></trkpt>
      <trkpt lat="46.500457" lon="10.356669"><ele>0</ele></trkpt>
      <trkpt lat="46.500393" lon="10.356684"><ele>0</ele></trkpt>
      <trkpt lat="46.500235" lon="10.356735"><ele>0</ele></trkpt>
      <trkpt lat="46.500053" lon="10.356811"><ele>0</ele></trkpt>
      <trkpt lat="46.499929" lon="10.356865"><ele>0</ele></trkpt>
      <trkpt lat="46.499802" lon="10.356915"><ele>0</ele></trkpt>
      <trkpt lat="46.499735" lon="10.356954"><ele>0</ele></trkpt>
      <trkpt lat="46.499659" lon="10.357020"><ele>0</ele></trkpt>
      <trkpt lat="46.499424" lon="10.357266"><ele>0</ele></trkpt>
      <trkpt lat="46.499184" lon="10.357566"><ele>0</ele></trkpt>
      <trkpt lat="46.499120" lon="10.357623"><ele>0</ele></trkpt>
      <trkpt lat="46.499054" lon="10.357656"><ele>0</ele></trkpt>
      <trkpt lat="46.498958" lon="10.357680"><ele>0</ele></trkpt>
      <trkpt lat="46.498851" lon="10.357693"><ele>0</ele></trkpt>
      <trkpt lat="46.498697" lon="10.357708"><ele>0</ele></trkpt>
      <trkpt lat="46.498523" lon="10.357727"><ele>0</ele></trkpt>
      <trkpt lat="46.498188" lon="10.357764"><ele>0</ele></trkpt>
      <trkpt lat="46.497979" lon="10.357785"><ele>0</ele></trkpt>
      <trkpt lat="46.497778" lon="10.357805"><ele>0</ele></trkpt>
      <trkpt lat="46.497601" lon="10.357828"><ele>0</ele></trkpt>
      <trkpt lat="46.497448" lon="10.357838"><ele>0</ele></trkpt>
      <trkpt lat="46.497243" lon="10.357814"><ele>0</ele></trkpt>
      <trkpt lat="46.497101" lon="10.357784"><ele>0</ele></trkpt>
      <trkpt lat="46.496988" lon="10.357766"><ele>0</ele></trkpt>
      <trkpt lat="46.496909" lon="10.357776"><ele>0</ele></trkpt>
      <trkpt lat="46.496865" lon="10.357785"><ele>0</ele></trkpt>
      <trkpt lat="46.496799" lon="10.357823"><ele>0</ele></trkpt>
      <trkpt lat="46.496757" lon="10.357866"><ele>0</ele></trkpt>
      <trkpt lat="46.496702" lon="10.357955"><ele>0</ele></trkpt>
      <trkpt lat="46.496639" lon="10.358052"><ele>0</ele></trkpt>
      <trkpt lat="46.496609" lon="10.358084"><ele>0</ele></trkpt>
      <trkpt lat="46.496578" lon="10.358105"><ele>0</ele></trkpt>
      <trkpt lat="46.496510" lon="10.358126"><ele>0</ele></trkpt>
      <trkpt lat="46.496440" lon="10.358118"><ele>0</ele></trkpt>
      <trkpt lat="46.496301" lon="10.358077"><ele>0</ele></trkpt>
      <trkpt lat="46.496139" lon="10.358012"><ele>0</ele></trkpt>
      <trkpt lat="46.496084" lon="10.358008"><ele>0</ele></trkpt>
      <trkpt lat="46.496043" lon="10.358006"><ele>0</ele></trkpt>
      <trkpt lat="46.495997" lon="10.358020"><ele>0</ele></trkpt>
      <trkpt lat="46.495948" lon="10.358055"><ele>0</ele></trkpt>
      <trkpt lat="46.495886" lon="10.358122"><ele>0</ele></trkpt>
      <trkpt lat="46.495690" lon="10.358383"><ele>0</ele></trkpt>
      <trkpt lat="46.495583" lon="10.358514"><ele>0</ele></trkpt>
      <trkpt lat="46.495537" lon="10.358547"><ele>0</ele></trkpt>
      <trkpt lat="46.495472" lon="10.358595"><ele>0</ele></trkpt>
      <trkpt lat="46.495397" lon="10.358617"><ele>0</ele></trkpt>
      <trkpt lat="46.495287" lon="10.358620"><ele>0</ele></trkpt>
      <trkpt lat="46.495157" lon="10.358619"><ele>0</ele></trkpt>
      <trkpt lat="46.495093" lon="10.358650"><ele>0</ele></trkpt>
      <trkpt lat="46.495037" lon="10.358703"><ele>0</ele></trkpt>
      <trkpt lat="46.494911" lon="10.358839"><ele>0</ele></trkpt>
      <trkpt lat="46.494717" lon="10.359080"><ele>0</ele></trkpt>
      <trkpt lat="46.494571" lon="10.359264"><ele>0</ele></trkpt>
      <trkpt lat="46.494428" lon="10.359424"><ele>0</ele></trkpt>
      <trkpt lat="46.494235" lon="10.359602"><ele>0</ele></trkpt>
      <trkpt lat="46.493948" lon="10.359831"><ele>0</ele></trkpt>
      <trkpt lat="46.493923" lon="10.359851"><ele>0</ele></trkpt>
      <trkpt lat="46.493798" lon="10.359958"><ele>0</ele></trkpt>
      <trkpt lat="46.493647" lon="10.360064"><ele>0</ele></trkpt>
      <trkpt lat="46.493351" lon="10.360244"><ele>0</ele></trkpt>
      <trkpt lat="46.493248" lon="10.360335"><ele>0</ele></trkpt>
      <trkpt lat="46.493170" lon="10.360430"><ele>0</ele></trkpt>
      <trkpt lat="46.493126" lon="10.360524"><ele>0</ele></trkpt>
      <trkpt lat="46.493103" lon="10.360611"><ele>0</ele></trkpt>
      <trkpt lat="46.493100" lon="10.360724"><ele>0</ele></trkpt>
      <trkpt lat="46.493138" lon="10.360888"><ele>0</ele></trkpt>
      <trkpt lat="46.493173" lon="10.361033"><ele>0</ele></trkpt>
      <trkpt lat="46.493176" lon="10.361143"><ele>0</ele></trkpt>
      <trkpt lat="46.493164" lon="10.361257"><ele>0</ele></trkpt>
      <trkpt lat="46.493106" lon="10.361363"><ele>0</ele></trkpt>
      <trkpt lat="46.492896" lon="10.361698"><ele>0</ele></trkpt>
      <trkpt lat="46.492672" lon="10.362060"><ele>0</ele></trkpt>
      <trkpt lat="46.492514" lon="10.362295"><ele>0</ele></trkpt>
      <trkpt lat="46.492457" lon="10.362340"><ele>0</ele></trkpt>
      <trkpt lat="46.492393" lon="10.362356"><ele>0</ele></trkpt>
      <trkpt lat="46.492306" lon="10.362322"><ele>0</ele></trkpt>
      <trkpt lat="46.492224" lon="10.362275"><ele>0</ele></trkpt>
      <trkpt lat="46.492165" lon="10.362243"><ele>0</ele></trkpt>
      <trkpt lat="46.492083" lon="10.362241"><ele>0</ele></trkpt>
      <trkpt lat="46.492015" lon="10.362261"><ele>0</ele></trkpt>
      <trkpt lat="46.491954" lon="10.362302"><ele>0</ele></trkpt>
      <trkpt lat="46.491863" lon="10.362409"><ele>0</ele></trkpt>
      <trkpt lat="46.491800" lon="10.362512"><ele>0</ele></trkpt>
      <trkpt lat="46.491671" lon="10.362726"><ele>0</ele></trkpt>
      <trkpt lat="46.491545" lon="10.362904"><ele>0</ele></trkpt>
      <trkpt lat="46.491457" lon="10.363040"><ele>0</ele></trkpt>
      <trkpt lat="46.491217" lon="10.363407"><ele>0</ele></trkpt>
      <trkpt lat="46.491142" lon="10.363521"><ele>0</ele></trkpt>
      <trkpt lat="46.491097" lon="10.363590"><ele>0</ele></trkpt>
      <trkpt lat="46.491083" lon="10.363612"><ele>0</ele></trkpt>
      <trkpt lat="46.491045" lon="10.363670"><ele>0</ele></trkpt>
      <trkpt lat="46.491034" lon="10.363687"><ele>0</ele></trkpt>
      <trkpt lat="46.490872" lon="10.363918"><ele>0</ele></trkpt>
      <trkpt lat="46.490822" lon="10.363956"><ele>0</ele></trkpt>
      <trkpt lat="46.490768" lon="10.364013"><ele>0</ele></trkpt>
      <trkpt lat="46.490688" lon="10.364051"><ele>0</ele></trkpt>
      <trkpt lat="46.490537" lon="10.364118"><ele>0</ele></trkpt>
      <trkpt lat="46.490366" lon="10.364185"><ele>0</ele></trkpt>
      <trkpt lat="46.490253" lon="10.364229"><ele>0</ele></trkpt>
      <trkpt lat="46.490071" lon="10.364300"><ele>0</ele></trkpt>
      <trkpt lat="46.489911" lon="10.364350"><ele>0</ele></trkpt>
      <trkpt lat="46.489782" lon="10.364389"><ele>0</ele></trkpt>
      <trkpt lat="46.489649" lon="10.364413"><ele>0</ele></trkpt>
      <trkpt lat="46.489544" lon="10.364418"><ele>0</ele></trkpt>
      <trkpt lat="46.489383" lon="10.364441"><ele>0</ele></trkpt>
      <trkpt lat="46.489298" lon="10.364457"><ele>0</ele></trkpt>
      <trkpt lat="46.489197" lon="10.364503"><ele>0</ele></trkpt>
      <trkpt lat="46.488835" lon="10.364674"><ele>0</ele></trkpt>
      <trkpt lat="46.488733" lon="10.364698"><ele>0</ele></trkpt>
      <trkpt lat="46.488660" lon="10.364716"><ele>0</ele></trkpt>
      <trkpt lat="46.488576" lon="10.364714"><ele>0</ele></trkpt>
      <trkpt lat="46.488446" lon="10.364706"><ele>0</ele></trkpt>
      <trkpt lat="46.488149" lon="10.364692"><ele>0</ele></trkpt>
      <trkpt lat="46.488066" lon="10.364708"><ele>0</ele></trkpt>
      <trkpt lat="46.487936" lon="10.364770"><ele>0</ele></trkpt>
      <trkpt lat="46.487510" lon="10.365039"><ele>0</ele></trkpt>
      <trkpt lat="46.487386" lon="10.365116"><ele>0</ele></trkpt>
      <trkpt lat="46.487237" lon="10.365210"><ele>0</ele></trkpt>
      <trkpt lat="46.486999" lon="10.365394"><ele>0</ele></trkpt>
      <trkpt lat="46.486819" lon="10.365552"><ele>0</ele></trkpt>
      <trkpt lat="46.486638" lon="10.365721"><ele>0</ele></trkpt>
      <trkpt lat="46.486270" lon="10.366046"><ele>0</ele></trkpt>
      <trkpt lat="46.486015" lon="10.366275"><ele>0</ele></trkpt>
      <trkpt lat="46.485952" lon="10.366308"><ele>0</ele></trkpt>
      <trkpt lat="46.485895" lon="10.366317"><ele>0</ele></trkpt>
      <trkpt lat="46.485843" lon="10.366312"><ele>0</ele></trkpt>
      <trkpt lat="46.485794" lon="10.366293"><ele>0</ele></trkpt>
      <trkpt lat="46.485742" lon="10.366259"><ele>0</ele></trkpt>
      <trkpt lat="46.485542" lon="10.366088"><ele>0</ele></trkpt>
      <trkpt lat="46.485252" lon="10.365848"><ele>0</ele></trkpt>
      <trkpt lat="46.485198" lon="10.365826"><ele>0</ele></trkpt>
      <trkpt lat="46.485153" lon="10.365812"><ele>0</ele></trkpt>
      <trkpt lat="46.485127" lon="10.365804"><ele>0</ele></trkpt>
      <trkpt lat="46.484912" lon="10.365739"><ele>0</ele></trkpt>
      <trkpt lat="46.484622" lon="10.365653"><ele>0</ele></trkpt>
      <trkpt lat="46.484509" lon="10.365621"><ele>0</ele></trkpt>
      <trkpt lat="46.484381" lon="10.365595"><ele>0</ele></trkpt>
      <trkpt lat="46.484319" lon="10.365596"><ele>0</ele></trkpt>
      <trkpt lat="46.484242" lon="10.365610"><ele>0</ele></trkpt>
      <trkpt lat="46.484150" lon="10.365658"><ele>0</ele></trkpt>
      <trkpt lat="46.484082" lon="10.365728"><ele>0</ele></trkpt>
      <trkpt lat="46.484022" lon="10.365812"><ele>0</ele></trkpt>
      <trkpt lat="46.483922" lon="10.366038"><ele>0</ele></trkpt>
      <trkpt lat="46.483847" lon="10.366214"><ele>0</ele></trkpt>
      <trkpt lat="46.483781" lon="10.366355"><ele>0</ele></trkpt>
      <trkpt lat="46.483714" lon="10.366459"><ele>0</ele></trkpt>
      <trkpt lat="46.483633" lon="10.366534"><ele>0</ele></trkpt>
      <trkpt lat="46.483536" lon="10.366590"><ele>0</ele></trkpt>
      <trkpt lat="46.483353" lon="10.366683"><ele>0</ele></trkpt>
      <trkpt lat="46.483089" lon="10.366813"><ele>0</ele></trkpt>
      <trkpt lat="46.482977" lon="10.366889"><ele>0</ele></trkpt>
      <trkpt lat="46.482874" lon="10.366973"><ele>0</ele></trkpt>
      <trkpt lat="46.482695" lon="10.367129"><ele>0</ele></trkpt>
      <trkpt lat="46.482616" lon="10.367209"><ele>0</ele></trkpt>
      <trkpt lat="46.482541" lon="10.367302"><ele>0</ele></trkpt>
      <trkpt lat="46.482451" lon="10.367481"><ele>0</ele></trkpt>
      <trkpt lat="46.482417" lon="10.367579"><ele>0</ele></trkpt>
      <trkpt lat="46.482324" lon="10.367845"><ele>0</ele></trkpt>
      <trkpt lat="46.482228" lon="10.367975"><ele>0</ele></trkpt>
      <trkpt lat="46.482134" lon="10.368056"><ele>0</ele></trkpt>
      <trkpt lat="46.482052" lon="10.368131"><ele>0</ele></trkpt>
      <trkpt lat="46.481934" lon="10.368217"><ele>0</ele></trkpt>
      <trkpt lat="46.481732" lon="10.368356"><ele>0</ele></trkpt>
      <trkpt lat="46.481608" lon="10.368433"><ele>0</ele></trkpt>
      <trkpt lat="46.481499" lon="10.368472"><ele>0</ele></trkpt>
      <trkpt lat="46.481430" lon="10.368468"><ele>0</ele></trkpt>
      <trkpt lat="46.481352" lon="10.368454"><ele>0</ele></trkpt>
      <trkpt lat="46.481205" lon="10.368419"><ele>0</ele></trkpt>
      <trkpt lat="46.480880" lon="10.368341"><ele>0</ele></trkpt>
      <trkpt lat="46.480693" lon="10.368338"><ele>0</ele></trkpt>
      <trkpt lat="46.480422" lon="10.368419"><ele>0</ele></trkpt>
      <trkpt lat="46.480267" lon="10.368414"><ele>0</ele></trkpt>
      <trkpt lat="46.480095" lon="10.368396"><ele>0</ele></trkpt>
      <trkpt lat="46.480029" lon="10.368387"><ele>0</ele></trkpt>
      <trkpt lat="46.479959" lon="10.368392"><ele>0</ele></trkpt>
      <trkpt lat="46.479878" lon="10.368418"><ele>0</ele></trkpt>
      <trkpt lat="46.479753" lon="10.368509"><ele>0</ele></trkpt>
      <trkpt lat="46.479635" lon="10.368613"><ele>0</ele></trkpt>
      <trkpt lat="46.479548" lon="10.368692"><ele>0</ele></trkpt>
      <trkpt lat="46.479280" lon="10.368894"><ele>0</ele></trkpt>
      <trkpt lat="46.478923" lon="10.369146"><ele>0</ele></trkpt>
      <trkpt lat="46.478571" lon="10.369410"><ele>0</ele></trkpt>
      <trkpt lat="46.478425" lon="10.369518"><ele>0</ele></trkpt>
      <trkpt lat="46.478342" lon="10.369550"><ele>0</ele></trkpt>
      <trkpt lat="46.478259" lon="10.369567"><ele>0</ele></trkpt>
      <trkpt lat="46.478158" lon="10.369563"><ele>0</ele></trkpt>
      <trkpt lat="46.478067" lon="10.369526"><ele>0</ele></trkpt>
      <trkpt lat="46.477989" lon="10.369463"><ele>0</ele></trkpt>
      <trkpt lat="46.477924" lon="10.369367"><ele>0</ele></trkpt>
      <trkpt lat="46.477868" lon="10.369256"><ele>0</ele></trkpt>
      <trkpt lat="46.477774" lon="10.369072"><ele>0</ele></trkpt>
      <trkpt lat="46.477739" lon="10.369007"><ele>0</ele></trkpt>
      <trkpt lat="46.477682" lon="10.368967"><ele>0</ele></trkpt>
      <trkpt lat="46.477520" lon="10.368899"><ele>0</ele></trkpt>
      <trkpt lat="46.477164" lon="10.368788"><ele>0</ele></trkpt>
      <trkpt lat="46.477118" lon="10.368775"><ele>0</ele></trkpt>
      <trkpt lat="46.476752" lon="10.368673"><ele>0</ele></trkpt>
      <trkpt lat="46.476594" lon="10.368644"><ele>0</ele></trkpt>
      <trkpt lat="46.476416" lon="10.368625"><ele>0</ele></trkpt>
      <trkpt lat="46.476373" lon="10.368601"><ele>0</ele></trkpt>
      <trkpt lat="46.476347" lon="10.368576"><ele>0</ele></trkpt>
      <trkpt lat="46.476326" lon="10.368551"><ele>0</ele></trkpt>
      <trkpt lat="46.476320" lon="10.368504"><ele>0</ele></trkpt>
      <trkpt lat="46.476326" lon="10.368463"><ele>0</ele></trkpt>
      <trkpt lat="46.476343" lon="10.368415"><ele>0</ele></trkpt>
      <trkpt lat="46.476363" lon="10.368380"><ele>0</ele></trkpt>
      <trkpt lat="46.476415" lon="10.368338"><ele>0</ele></trkpt>
      <trkpt lat="46.476737" lon="10.368107"><ele>0</ele></trkpt>
      <trkpt lat="46.477152" lon="10.367811"><ele>0</ele></trkpt>
      <trkpt lat="46.477438" lon="10.367678"><ele>0</ele></trkpt>
      <trkpt lat="46.477632" lon="10.367620"><ele>0</ele></trkpt>
      <trkpt lat="46.477669" lon="10.367576"><ele>0</ele></trkpt>
      <trkpt lat="46.477694" lon="10.367500"><ele>0</ele></trkpt>
      <trkpt lat="46.477682" lon="10.367432"><ele>0</ele></trkpt>
      <trkpt lat="46.477651" lon="10.367387"><ele>0</ele></trkpt>
      <trkpt lat="46.477608" lon="10.367354"><ele>0</ele></trkpt>
      <trkpt lat="46.477533" lon="10.367335"><ele>0</ele></trkpt>
      <trkpt lat="46.474867" lon="10.366904"><ele>0</ele></trkpt>
      <trkpt lat="46.474429" lon="10.366903"><ele>0</ele></trkpt>
      <trkpt lat="46.474047" lon="10.367003"><ele>0</ele></trkpt>
      <trkpt lat="46.473905" lon="10.367064"><ele>0</ele></trkpt>
      <trkpt lat="46.473789" lon="10.367115"><ele>0</ele></trkpt>
      <trkpt lat="46.473760" lon="10.367128"><ele>0</ele></trkpt>
      <trkpt lat="46.473613" lon="10.367218"><ele>0</ele></trkpt>
      <trkpt lat="46.473469" lon="10.367319"><ele>0</ele></trkpt>
      <trkpt lat="46.473288" lon="10.367468"><ele>0</ele></trkpt>
      <trkpt lat="46.473110" lon="10.367643"><ele>0</ele></trkpt>
      <trkpt lat="46.472706" lon="10.368060"><ele>0</ele></trkpt>
      <trkpt lat="46.472651" lon="10.368118"><ele>0</ele></trkpt>
      <trkpt lat="46.472544" lon="10.368175"><ele>0</ele></trkpt>
      <trkpt lat="46.472461" lon="10.368177"><ele>0</ele></trkpt>
      <trkpt lat="46.472405" lon="10.368135"><ele>0</ele></trkpt>
      <trkpt lat="46.472353" lon="10.368053"><ele>0</ele></trkpt>
      <trkpt lat="46.472331" lon="10.367959"><ele>0</ele></trkpt>
      <trkpt lat="46.472331" lon="10.367864"><ele>0</ele></trkpt>
      <trkpt lat="46.472411" lon="10.367636"><ele>0</ele></trkpt>
      <trkpt lat="46.472920" lon="10.366307"><ele>0</ele></trkpt>
      <trkpt lat="46.472947" lon="10.366216"><ele>0</ele></trkpt>
      <trkpt lat="46.472956" lon="10.366125"><ele>0</ele></trkpt>
      <trkpt lat="46.472933" lon="10.366005"><ele>0</ele></trkpt>
      <trkpt lat="46.472902" lon="10.365937"><ele>0</ele></trkpt>
      <trkpt lat="46.472837" lon="10.365880"><ele>0</ele></trkpt>
      <trkpt lat="46.472762" lon="10.365865"><ele>0</ele></trkpt>
      <trkpt lat="46.472684" lon="10.365888"><ele>0</ele></trkpt>
      <trkpt lat="46.472641" lon="10.365912"><ele>0</ele></trkpt>
      <trkpt lat="46.471738" lon="10.366359"><ele>0</ele></trkpt>
      <trkpt lat="46.471483" lon="10.366509"><ele>0</ele></trkpt>
      <trkpt lat="46.471402" lon="10.366561"><ele>0</ele></trkpt>
      <trkpt lat="46.471314" lon="10.366643"><ele>0</ele></trkpt>
      <trkpt lat="46.471177" lon="10.366833"><ele>0</ele></trkpt>
      <trkpt lat="46.471047" lon="10.367015"><ele>0</ele></trkpt>
      <trkpt lat="46.470682" lon="10.367519"><ele>0</ele></trkpt>
      <trkpt lat="46.470256" lon="10.368113"><ele>0</ele></trkpt>
      <trkpt lat="46.470108" lon="10.368321"><ele>0</ele></trkpt>
      <trkpt lat="46.469785" lon="10.368786"><ele>0</ele></trkpt>
      <trkpt lat="46.469698" lon="10.368949"><ele>0</ele></trkpt>
      <trkpt lat="46.469647" lon="10.369149"><ele>0</ele></trkpt>
      <trkpt lat="46.469611" lon="10.369560"><ele>0</ele></trkpt>
      <trkpt lat="46.469598" lon="10.369712"><ele>0</ele></trkpt>
      <trkpt lat="46.469596" lon="10.369734"><ele>0</ele></trkpt>
      <trkpt lat="46.469591" lon="10.369807"><ele>0</ele></trkpt>
      <trkpt lat="46.469565" lon="10.370153"><ele>0</ele></trkpt>
      <trkpt lat="46.469522" lon="10.370403"><ele>0</ele></trkpt>
      <trkpt lat="46.469464" lon="10.370644"><ele>0</ele></trkpt>
      <trkpt lat="46.469401" lon="10.370828"><ele>0</ele></trkpt>
      <trkpt lat="46.469326" lon="10.370994"><ele>0</ele></trkpt>
      <trkpt lat="46.469240" lon="10.371140"><ele>0</ele></trkpt>
      <trkpt lat="46.469167" lon="10.371261"><ele>0</ele></trkpt>
      <trkpt lat="46.469042" lon="10.371391"><ele>0</ele></trkpt>
      <trkpt lat="46.469000" lon="10.371432"><ele>0</ele></trkpt>
      <trkpt lat="46.468806" lon="10.371623"><ele>0</ele></trkpt>
      <trkpt lat="46.468696" lon="10.371727"><ele>0</ele></trkpt>
      <trkpt lat="46.468616" lon="10.371777"><ele>0</ele></trkpt>
      <trkpt lat="46.468548" lon="10.371798"><ele>0</ele></trkpt>
      <trkpt lat="46.468506" lon="10.371484"><ele>0</ele></trkpt>
      <trkpt lat="46.468463" lon="10.371314"><ele>0</ele></trkpt>
    </trkseg>
  </trk>
</gpx>